ticker,title,summary,link,published
HD,"Walmart, Target, and Home Depot Figured Out a Really Aggressive Way to Avoid Taxes. Is It Brilliant or Totally Unfair?","Major retailers like Walmart, Target, and Home Depot are aggressively reducing their local property tax bills through a method called ""dark store theory."" This strategy involves assessing corporate properties based on their vacant value, shifting the tax burden to residents and smaller businesses. This approach has led to significant tax savings for corporations but substantial revenue loss for local governments.",https://www.inc.com/bill-murphy-jr/walmart-target-home-depot-figured-out-a-really-aggressive-way-to-avoid-taxes-is-it-brilliant-or-totally-unfair.html,1546907502
HD,JB Hunt acquires ‘big and bulky’ last-mile provider,"J.B. Hunt has acquired Cory 1st Choice Home Delivery for $100 million to expand its final mile delivery capabilities for ""big and bulky"" products, especially furniture. This strategic investment aims to address the growing demand in e-commerce for oversized items and mitigate issues like damaged deliveries. The acquisition includes 14 warehouses and leverages over 1,000 independent contractors to perform more than 2 million annual deliveries.",https://www.supplychaindive.com/news/JB-Hunt-bulky-oversized-delivery-logistics-acquisition/545849/,1547167276
HD,The top 100 retailers and Canada’s top 10 retailers,"This report from the Centre for the Study of Commercial Activity (CSCA) details the top 100 retail conglomerates in Canada for fiscal 2017, ranked by estimated annual retail sales. It highlights the significant concentration of retail buying power among a small number of large organizations, with the top three conglomerates accounting for 28% of total non-automotive retail sales. The article also discusses notable rank changes due to mergers, acquisitions, and performance shifts, and examines the market control dynamics between Canadian and U.S. retailers.",https://www.retailcouncil.org/the-top-100-retailers-and-canadas-top-10-retailers-2019/,1547424382
HD,Customer Engagement Company LivePerson to Expand Israeli Operations,"LivePerson Inc., a Nasdaq and Tel Aviv-listed customer engagement company, is expanding its Israeli branch. The company plans to hire 50 additional employees, adding to its current 350 Israeli staff, with a focus on leveraging Israel's cybersecurity and machine learning expertise. LivePerson develops cloud-based systems for customer interaction across various platforms.","https://www.calcalistech.com/ctech/articles/0,7340,L-3755615,00.html",1549290420
HD,Home Depot inks major lease in Hines' new business park,"The Home Depot Inc. (NYSE: HD) has signed a 20-year lease for a 770,640-square-foot warehouse in Hines' Grand National Business Park. This move follows previous reports that the company was seeking additional industrial space in the Houston area.",https://www.bizjournals.com/houston/news/2019/02/15/home-depot-inks-major-lease-in-hines-new-business.html,1550221080
HD,Walmart on a roll,"Walmart is experiencing strong growth, marked by a $1.7 million remodeling project at its Pueblo superstore and impressive holiday sales nationwide. The company reported its strongest holiday quarter in years, with a 4.2% jump in same-store sales and a 43% increase in e-commerce sales, signaling its growing competitiveness against online giants like Amazon. Walmart's success is attributed to a robust economy, strategic investments in store upgrades and employee wages, and an expanding online presence.",https://www.chieftain.com/story/business/2019/02/19/walmart-on-roll/5915994007/,1550540476
HD,"Walmart flexes in the fourth quarter, beats all expectations","Walmart significantly exceeded Wall Street's expectations for its fiscal fourth quarter profits and sales, driven by strong e-commerce growth and robust performance across various product categories. This positive report defied a gloomy December government retail sales report, indicating that Walmart's strategic investments in online services and grocery pickup are widening its competitive advantage. The company's strong results suggest that consumers are benefiting from a stronger economy, enabling Walmart to attract a broader demographic and pose a more serious threat to Amazon in the online retail space.",https://www.poconorecord.com/story/news/2019/02/19/walmart-flexes-in-fourth-quarter/5921847007/,1550540477
HD,"strolling The Home Depot Canada to hire 5,500 new associates","The Home Depot Canada announced plans to hire over 5,500 new associates across the country for its upcoming spring season. To streamline the application process, the company is introducing a new ""Text-To-Apply"" feature, allowing candidates to apply via text message. This hiring drive aims to staff various roles including sales associates, cashiers, and garden centre associates, with attractive benefits and career growth opportunities highlighted.",https://www.newswire.ca/news-releases/the-home-depot-canada-to-hire-5-500-new-associates-849704021.html,1550559600
HD,Home Depot backs $37M investment in Atlanta-based delivery service,"The Home Depot has backed a $37 million Series C funding round for Roadie, an Atlanta-based delivery service. Roadie's founder and CEO, Marc Gorlin, announced the significant investment. This highlights increasing interest in same-day, next-day local delivery services.",https://www.bizjournals.com/atlanta/news/2019/02/25/home-depot-backs-37m-investment-atlanta-based.html,1551054701
HD,"Home Depot posts record 2018 sales, profits, expects more in 2019, 2020","Home Depot reported record sales and profits for fiscal year 2018, with sales reaching $108.2 billion, a 7.2 percent increase from 2017. The company is optimistic about future growth, forecasting total sales between $115 billion and $120 billion for fiscal year 2020. This indicates a strong financial performance and a positive outlook for the coming years.",https://www.bizjournals.com/atlanta/news/2019/02/26/home-depot-posts-record-2018-sales-profits-expects.html,1551141101
HD,Lowe’s Posts Solid 4Q Results as Rival Home Depot Stumbles,"Lowe's reported solid fourth-quarter results, with revenue largely in line with estimates and a 1.7% same-store sales gain. CEO Marvin Ellison highlighted a strong 5.8% surge in U.S. comparable sales in January, surpassing rival Home Depot's performance for the month. Despite weather-related headwinds, the company reiterated its full-year sales forecast, indicating investor confidence in Ellison's strategic decisions.",https://www.ttnews.com/articles/lowes-posts-solid-4q-results-rival-home-depot-stumbles,1551265200
HD,"It's A Bright New Day in Residential Solar with The Home Depot, Sunrun and Vivint Solar","The Home Depot announced an expansion to its residential solar program, partnering with Sunrun Inc. and introducing Vivint Solar. This collaboration aims to make clean, renewable energy more accessible and affordable to households across the United States. Sunrun will expand its presence to nearly 700 Home Depot stores in 15 states, while Vivint Solar will deploy representatives to stores in eight states, allowing customers easy access to solar solutions.",https://corporate.homedepot.com/news/sustainability/its-bright-new-day-residential-solar-home-depot-sunrun-and-vivint-solar,1551313901
HD,Longtime Dollar General exec to retire,"Bob Ravener, Dollar General's top human resources executive, is set to retire in late May after nearly 11 years with the company. He joined Dollar General after holding senior HR roles at Starbucks and The Home Depot, and during his tenure, the company added over 60,000 net new jobs and saw significant increases in internal promotions and employee satisfaction. CEO Todd Vasos credited Ravener's strategy and vision for supporting the company's growth and success.",https://www.nashvillepost.com/longtime-dollar-general-exec-to-retire/article_03dfe9d6-daef-5563-854d-21ea9902bc6e.html,1553645507
HD,Home Depot CFO Carol Tomé to retire at the end of August,"Home Depot announced that its CFO, Carol Tomé, will retire on August 31 after 24 years with the company. Richard McPhail, the current senior vice president of finance control and administration, will succeed her. CEO Craig Menear credited Tomé with significant shareholder value creation and expressed excitement for McPhail's promotion.",https://www.cnbc.com/2019/04/30/home-depots-cfo-to-retire.html,1556642460
HD,General Counsel Awards: Teresa Roseborough works to extend Home Depot's value system,"Teresa Roseborough, Vice President, General Counsel, and Corporate Secretary of The Home Depot, is highlighted for her work in extending the company's value system. Roseborough reflects on how the historic Brown v. Board of Education decision influenced her perspective. This article is part of the General Counsel Awards feature.",https://www.bizjournals.com/atlanta/news/2019/05/10/general-counsel-awards-teresa-roseborough-works-to.html,1557448302
HD,Focus On Leadership: Paul De Cock plans to bring fresh energy to Mohawk’s flooring business - Feb 2019,"Paul De Cock, the new president of Mohawk Flooring North America, discusses his background and plans for the company in an interview. He outlines his strategy to realign business units, grow the resilient flooring segment, and enhance the customer experience for both retailers and consumers. De Cock also reflects on his Flemish heritage's influence on leadership and the ongoing changes in consumer product selection.",https://www.floordaily.net/floorfocus/focus-on-leadership-paul-de-cock-plans-to-bring-fresh-energy-to-mohawks-flooring-business-feb-2019,1557708721
HD,"World's largest tool maker bringing major manufacturing plant, 500 jobs to DFW","The world's largest tool manufacturer, which recently announced a 1.2 million-square-foot distribution center at AllianceTexas, has revealed plans for a new manufacturing plant in the DFW area. This new facility is expected to create 500 jobs. This represents another significant investment by the company in the Dallas-Fort Worth region.",https://www.bizjournals.com/dallas/news/2019/05/15/stanley-black-decker-alliancetexas-manufacturing.html,1557883586
HD,Big Retailers’ Sales Lag as They Gird for Tariffs,"Sales at several major retailers, including Kohl's, J.C. Penney, and Nordstrom, declined in the latest quarter, while Home Depot's comparable-store sales increased less than expected. This slowdown in the retail sector is occurring as companies prepare for the potential impact of higher tariffs on merchandise imported from China. The industry is also undergoing a significant shift towards e-commerce.",https://www.wsj.com/articles/sales-fall-at-kohls-and-j-c-penney-11558443281?gaa_at=eafs&gaa_n=AWEtsqcGyRhL2agYCNSxCmd3iyEhiI8vpI-uAkJ6Q9xDC5yNOkdPGeuVirTn&gaa_ts=6907fe7d&gaa_sig=m8FdEXcrqRMwtV3C-jcPNS-h_phKvuHnu2SfaEmDt3haq3SIy0871GK0am3EGfy9ORV_TSJwIu6OlZVjCbd-4A%3D%3D,1558399573
HD,"Home Depot revenue up, same-store sales growth slows","Home Depot reported its slowest same-store sales growth in at least three years, missing Wall Street estimates due to poor weather in February and a steep fall in lumber prices. Despite this, net income and net sales surpassed analyst expectations.",https://www.foxbusiness.com/financials/home-depot-earnings-revenue-same-store-sales,1558421820
HD,Red-Letter Day for Target,"Target Corporation reported surprisingly strong first-quarter sales growth, with overall sales up 5.1 percent to $17.4 billion and comparable store sales increasing by 4.8 percent. The company's digital sales saw a 42 percent rise, driven significantly by same-day fulfillment services, and its operating income and net income also showed healthy growth. Analysts view Target's strategic investments in pricing, merchandising, store remodeling, and digital services as key to its success and position it as a retail ""survivor"" comparable to industry leaders.",https://tcbmag.com/red-letter-day-for-target/,1558488416
HD,Home Depot sees opportunity in tool rental,"Home Depot Inc. is seeing significant growth in its tool rental business, particularly among professional customers. Despite this improvement, the company believes there is still substantial opportunity for further expansion by continuing to invest in and enhance its tool rental experience. Analysts also project a potential $800 million impact from lumber deflation.",https://www.marketwatch.com/story/home-depot-sees-opportunity-in-tool-rental-2019-05-22?gaa_at=eafs&gaa_n=AWEtsqeELEHS8fMBVBNWFBgIfc12wbh9b-1ya9l9SkP460LdhqfpWcshnKEq&gaa_ts=6907fb0c&gaa_sig=vK1y8qQShgNNhnFfuVdQwLCrkI1mG4r4GkdxmY0oiBHw4mQSHUeHVUkvmSEOjJJ0o_z79Gn5PGOIyWiBlbX-5g%3D%3D,1558952520
HD,Supreme Court Decides Home Depot v. Jackson,"The Supreme Court ruled in Home Depot U.S.A., Inc. v. Jackson that a third-party counterclaim defendant cannot remove a case to federal court under either the general federal removal statute or the Class Action Fairness Act. The decision clarifies that ""defendant or defendants"" in removal statutes refers specifically to defendants of the original complaint. This affirmation of lower court decisions restricts the ability of third-party counterclaim defendants to move cases to federal jurisdiction.",https://www.faegredrinker.com/en/insights/publications/2019/5/supreme-court-decides-home-depot-v-jackson,1559003501
HD,Here's how much Home Depot will pay its new CFO,"The Home Depot Inc. announced that Richard McPhail, senior vice president of finance control and a 14-year company veteran, will become its new executive vice president and chief financial officer. He will succeed Carol Tomé, who is set to retire at the end of August. The article was published by the Atlanta Business Chronicle.",https://www.bizjournals.com/atlanta/news/2019/05/29/heres-how-much-home-depot-will-pay-its-new-cfo.html,1559089901
HD,Home Depot wants to build $67 million distribution hub in Florida,"Home Depot plans to construct a $67 million distribution hub in Plant City, Florida, as part of a larger initiative to expand its supply chain across the nation. This development is integrated into the home improvement retailer's broader strategy to enhance its national distribution network. The article highlights Home Depot's focus on strengthening its supply chain.",https://www.bizjournals.com/atlanta/news/2019/05/30/home-depot-wants-to-build-67-million-distribution.html,1559176302
HD,Home Depot wants to build $67 million distribution hub in Plant City,"Home Depot plans to construct a $67 million distribution center in Plant City, Florida, expanding its supply chain network. This move is part of the home improvement retailer's broader initiative to bolster its distribution capabilities nationwide.",https://www.bizjournals.com/tampabay/news/2019/05/30/home-depot-wants-to-build-67-million-distribution.html,1559230440
HD,Update: New Home Depot CFO joins list of top Atlanta home sales for Q1 2019,"The article reports on some of the top home sales in Atlanta for Q1 2019, highlighting properties that sold for prices ranging from $2.5 million to over $4 million. Notably, the new Home Depot CFO is among those who purchased one of these high-value homes. The piece also mentions other significant real estate transactions in the Atlanta area.",https://www.bizjournals.com/atlanta/news/2019/05/31/check-out-some-of-the-top-atlanta-home-sales-of-q1.html,1559262702
HD,"Home Depot, Walmart Sued Over ‘Instant’ Tent Canopies","Major retailers including Home Depot and Walmart are facing a patent infringement lawsuit over collasible ""instant"" tent canopies. Caravan Canopy Int’l Inc. filed the lawsuit, alleging infringement of U.S. Patent No. 5,944,040 by these companies for manufacturing, distributing, and selling such tents. The lawsuit was filed in the U.S. District Court for the Central District of California.",https://news.bloomberglaw.com/ip-law/home-depot-walmart-sued-over-instant-tent-canopies,1559586660
HD,A Couple Walked Into Home Depot. What Happened Next Wasn't the Sort of Customer Service They'd Expected,"A couple visited Home Depot seeking materials to build a walker for their two-year-old son, Logan, who has hypotonia. Rather than just selling them materials, the staff at the Cedartown, Georgia store built the walker for them free of charge, exemplifying extraordinary customer service and generosity. This act highlights a rare instance of genuine human kindness and going above and beyond expectations in a world often perceived as lacking such gestures.",https://www.inc.com/chris-matyszczyk/a-couple-walked-into-home-depot-what-happened-next-wasnt-sort-of-customer-service-theyd-expected.html,1560040301
HD,Home Depot Inc. v. Jackson: The Supreme Court Deals Class Action Plaintiffs a Major Victory,"The Supreme Court ruled in Home Depot Inc. v. Jackson that third-party counterclaim defendants cannot remove their cases to federal court, marking a significant victory for class action plaintiffs and consumers. This decision allows class action causes of action brought as counterclaims to potentially remain in state court, a preference for plaintiffs but a challenge for defendants who typically prefer federal jurisdiction. Justice Thomas sided with the more liberal wing of the Court in this 5-4 decision, emphasizing statutory interpretation over traditional ideological divisions.",https://www.lowenstein.com/news-insights/publications/client-alerts/home-depot-inc-v-jackson-the-supreme-court-deals-class-action-plaintiffs-a-major-victory-litigation,1560126701
HD,Plant City approves Home Depot deal for distribution hub,"Plant City has approved a deal for Home Depot to build a nearly 800,000-square-foot distribution hub. This new facility is expected to create up to 345 jobs within the region. This development follows Home Depot's proposal to construct a $67 million distribution hub in Plant City.",https://www.bizjournals.com/tampabay/news/2019/06/11/plant-city-approves-home-depot-deal-for.html,1560213102
HD,Home Depot (HD) Dividend Stock Analysis,"This article analyzes Home Depot (HD) as a dividend growth stock, highlighting its consistent dividend increases and strong earnings growth over the past decade. It discusses the company's business model, competitive advantages, future growth opportunities, and financial metrics like payout ratio and valuation compared to its competitor Lowe's (LOW). The analysis suggests that while dividend growth may slow during recessions, HD remains a solid long-term investment.",https://www.dividendgrowthinvestor.com/2019/06/home-depot-hd-dividend-stock-analysis.html,1560394800
HD,Nelson Peltz May Want To Flush Plumbing Company Out Of Brexit Britain,"Activist fund Trian Partners, led by Nelson Peltz, has acquired a 6% stake in Ferguson Plc, a British plumbing products company, days after disappointing results. While Ferguson has already undertaken many reforms, Peltz may push for the company to move its listing out of London to secure a better valuation, as over 90% of its revenue comes from the U.S. and its stock appears to be undervalued due to its UK association.",https://dealbreaker.com/2019/06/trian-ferguson-plc,1560471684
HD,Home Depot CEO: You just can't offset 40% deflation (video),Home Depot CEO Craig Menear discussed the challenge of 40% lumber deflation attributing it to wet weather and stating it cannot be offset. He also indicated the company is exploring ways to mitigate Chinese tariffs. This comes as Home Depot reached $100.9 billion in sales in 2017 and aims for $120 billion by 2020.,https://www.bizjournals.com/atlanta/news/2019/06/26/home-depot-ceo-you-just-can-t-offset-40-deflation.html,1561561140
HD,"Tractor Supply Co. opening in Middletown, and you can bring your pig","Tractor Supply Co. is opening a new 30,000-square-foot store in Middletown, New Jersey, catering to those living a ""rural lifestyle"" and offering products for animals, home gardeners, and DIY enthusiasts. The store is pet-friendly, allowing customers to bring various animals, including pigs, goats, and mini-pigs, mirroring their policy of welcoming all pets in other locations. The official grand opening is scheduled for July 20 with a storewide discount, and the company is praised by local officials and the Chamber of Commerce for its community involvement.",https://www.app.com/story/money/business/main-street/whats-going-there/2019/07/11/tractor-supply-co-opening-middletown/1695927001/,1562808702
HD,Perimeter Solutions Launches PHOS-CHEK® WILDFIRE HOME DEFENSE,"Perimeter Solutions has launched PHOS-CHEK® WILDFIRE HOME DEFENSE, providing homeowners with professional-grade wildfire protection previously used by services like CalFire. The product, a phosphate salt-based concentrate, makes wood non-flammable and can protect properties for months, significantly increasing chances of avoiding destruction from wildfires. It will be available in select Home Depot and Tractor Supply Company stores and online.",https://www.prnewswire.com/news-releases/perimeter-solutions-launches-phos-chek-wildfire-home-defense-300886568.html,1563356040
HD,How to protect yourself after the Capital One data breach,"Following the Capital One data breach impacting over 100 million people, security experts advise assuming personal data has been compromised. The article details critical steps consumers should take, including freezing credit, signing up for credit monitoring, and changing passwords, to protect against identity theft. The breach is compared in severity to the 2017 Equifax breach, highlighting the need for vigilance.",https://www.nbcnews.com/business/consumer/how-protect-yourself-after-capital-one-data-breach-n1036076,1564481760
HD,"Real Estate Notebook: Atlantic Station tower sells for $177M, Cousins buys out Terminus","This article provides a rundown of top real estate news in Atlanta, highlighting the $177 million sale of the Atlantic Station tower, also known as 171 17th Street or the Wells Fargo tower. It also notes that Cousins has bought out Terminus. Related articles cover Home Depot's search for fulfillment center sites, the sale of Buckhead's Salesforce Tower for $205 million, and potential housing transformation in west Atlanta.",https://www.bizjournals.com/atlanta/news/2019/08/02/real-estate-notebookatlantic-station-tower-sells.html,1564704412
HD,Perth Amboy Welcomes Home Depot,"The City of Perth Amboy is welcoming Home Depot U.S.A., Inc. as it establishes a new warehousing facility in the city as part of the Elm Street Logistics Center project. This development, led by Duke Realty, involves a $100 million investment, remediation of 92 acres, and is expected to create 400-600 jobs and new public amenities, including waterfront access and recreational areas. Home Depot's investment aligns with its $1.2 billion supply-chain overhaul to enhance delivery services.",https://njbmagazine.com/njb-news-now/perth-amboy-welcomes-home-depot/,1564705902
HD,I Worked at Capital One. Hacks Like This Are Most Dangerous for Low-Income People.,"The Capital One data breach, which compromised the data of 100 million Americans, poses a particular risk to the 80,000 applicants for secured credit cards due to the exposure of bank account information. The author, a former Capital One employee, highlights that secured card customers are often low-income and more vulnerable to the financial shock of checking account fraud, unlike credit card or identity theft which typically results in less direct financial loss. The article also questions whether secured cards, despite being touted as credit-building tools, are truly beneficial for low-credit score consumers given the high interest rates and minimal credit score improvement.",https://talkpoverty.org/2019/08/08/capital-one-breach-low-income/index.html,1565222536
HD,Metro Phoenix's west side to land 300 new distribution jobs by end of next year,"Chino, California-based Quetico is establishing a distribution center in Goodyear, Arizona, which is expected to create 300 new jobs by the end of 2020. The company purchased nearly 40 acres near the Phoenix Goodyear Airport, citing the location's connectivity and competitive business costs. This addition continues a trend of job growth in Goodyear, following announcements from Nike, Chewy Inc., UPS Inc., Ball Corp., and Microsoft.",https://www.azcentral.com/story/news/local/southwest-valley/2019/08/19/300-new-jobs-quetico-goodyear-end-2020/2035977001/,1566258707
HD,Home Depot says suppliers are moving manufacturing out of China to avoid tariffs,"Home Depot's executives stated that their suppliers are actively moving manufacturing out of China to mitigate the impact of rising tariffs. This strategic shift to countries like Taiwan, Vietnam, and Thailand is expected to reduce the tariffs' cost impact on U.S. sales from an projected 2% ($2 billion) to about 1%. The company, which had already lowered its sales outlook for the year, is closely monitoring how these tariffs will affect consumer demand and product pricing.",https://www.cnbc.com/2019/08/20/home-depot-says-suppliers-are-moving-manufacturing-out-of-china.html,1566303180
HD,Tom Lydon on Varney & Co: Hot Online Retail ETFs,"ETF Trends CEO Tom Lydon appeared on Fox Business Network's ""Varney & Co."" to discuss online retail ETFs, highlighting the decline of big-box retailers and the rise of online sales. He introduced ETFs like ProShares Decline of the Retail Store ETF (EMTY) and ProShares Online Retail ETF (ONLN), as well as ProShares Long Online/Short Stores ETF (CLIX) for a combined strategy. The article also touches on mixed Q2 earnings for Home Depot and Kohl's, despite the general downturn in traditional retail.",https://www.etftrends.com/core-equity-channel/tom-lydon-varney-co-hot-online-retail-etfs/,1566325712
HD,Home Depot will feel the impact of lumber price deflation and Lowe’s improvement,"Home Depot Inc. is facing sales pressure due to two main factors: a decline in lumber prices and improved performance from competitor Lowe’s Cos. Inc. The company has acknowledged that falling lumber prices since last year will negatively impact its sales figures. Despite a sales shortfall, Home Depot shares still rose.",https://www.marketwatch.com/story/home-depot-will-feel-the-impact-of-lumber-price-deflation-and-lowes-improvement-2019-08-20?gaa_at=eafs&gaa_n=AWEtsqeAhhvU3gQbaIjX2fd796-gbebAcGpaZYdxGbXlX8b6xi5gX5mhR_KZ&gaa_ts=6907fea7&gaa_sig=AZcwbQ7fPMeLysz2p3koLsOWMGJLgu4ABE_85ERUAYvVg-CdDdXZnuVE_imEXaIfZIZNhiel8omSdzglMg7X0A%3D%3D,1566370620
HD,"Target, Like Walmart, Proves Main Engine of Economy Is Humming","Despite recession fears, major discount retailers like Walmart and Target significantly beat Q2 sales expectations and raised full-year profit guidance, indicating a robust U.S. consumer economy. This performance, coupled with strong results from home improvement retailers, suggests a positive outlook for the upcoming holiday season. The retailers' success is attributed to strong fundamentals like price, assortment, and convenience, alongside strategic investments in online options and store remodels.",https://www.ttnews.com/articles/target-walmart-proves-main-engine-economy-humming,1566381600
HD,Home-improvement stocks mixed as hurricane expected to both help and hurt,"Shares of home-improvement retailers were mixed on Friday as analysts assessed the potential impact of Hurricane Dorian. While an initial sales boost is expected from Floridians preparing for the storm, concerns exist that this may not translate into higher profits for retailers. Hurricane Dorian, a Category 3 storm, was anticipated to significantly threaten Florida and the Northwestern Bahamas.",https://www.marketwatch.com/story/home-improvement-stocks-mixed-as-hurricane-expected-to-both-help-and-hurt-2019-08-30?gaa_at=eafs&gaa_n=AWEtsqdM6ZBp9YGSGC_WREUtUM1KcB5A34y7egeY9Oj5RYIQemuNcYgt987M&gaa_ts=6907fb13&gaa_sig=e8ud0O2PEIuaD5h0vRdsE1uJqzg-ytP6-kK4UYjTULssOtOCfnjafYng37ouMgzPK7qQUmybB9j89Vu8Zggrvg%3D%3D,1567332840
HD,In Depth: Engineered wood products,"The article discusses the current state and future prospects of engineered wood products (EWP) in the construction industry. Despite a projected flat to slightly down year for EWP sales due to slowing housing starts, manufacturers see opportunities for market share growth by highlighting benefits like consistency, flexibility, and sustainability. The piece emphasizes how EWP addresses challenges such as labor shortages and evolving building codes, making it an increasingly attractive option for builders and remodelers.",https://lbmjournal.com/in-depth-engineered-wood-products-2/,1568245922
HD,Exclusive: Home Depot sizes up commercial space in Central Florida,"Home Depot is looking to secure new commercial space east of Orlando, Florida. This move is part of the company's broader $11 billion investment across the U.S. This expansion indicates Home Depot's focus on enhancing its operational footprint in Central Florida.",https://www.bizjournals.com/orlando/news/2019/09/25/exclusive-home-depot-sizes-up-commercial-space-in.html,1569371501
HD,"Homebuilders could be heading toward a bigger breakout, trader says","Homebuilder stocks like D.R. Horton, Lennar, and KB Home have seen significant surges this year, with the XHB homebuilder ETF also posting strong gains. Technical analyst Mark Newton believes the rally is sustainable, citing constructive patterns and moderate RSI levels that suggest further upside. Gina Sanchez added that the rally is tied to the Federal Reserve's actions, noting recent improvements in housing starts after a period of softening.",https://www.cnbc.com/2019/09/26/homebuilders-could-be-heading-toward-a-bigger-breakout-trader-says.html,1569498660
HD,Lowe’s CEO Ellison remodels the home-improvement giant,"Marvin Ellison, CEO of Lowe's Cos., has been implementing significant changes since July 2018, including overhauling the executive team, changing store operations, and initiating a major technology push with a new 2,000-employee office in Charlotte. Ellison discusses the challenges and successes of his first year, focusing on improving retail fundamentals, addressing profit margin issues due to wholesale prices, and leveraging technology to compete more effectively with rivals like Home Depot and e-commerce companies. He emphasizes Lowe's commitment to its in-store experience due to the nature of home improvement products.",https://businessnc.com/lowes-ceo-ellison-remodels-the-home-improvement-giant/,1569890801
HD,Green path in pesticides,"Christopher Stidd, a Sarasota native, founded EcoClear Products, which now boasts over $20 million in annual sales with its poison-free pesticides like RatX. The company is set to introduce six new products in 3,000 Walmart stores and has secured a deal with Tractor Supply, significantly boosting its sales. Stidd's journey from struggle to success is marked by innovative product development and a commitment to employee welfare, while continuing to explore new markets like hemp-based pet products.",https://www.heraldtribune.com/story/business/briefs/2019/10/07/ecoclear-ringling-college-innovation-award-from-economic-development-corporation-sarasota-county/2590500007/,1570406490
HD,"Bullish bias persists, S&P 500 nails the breakout point","The article reports on the persistent bullish bias in the market with the S&P 500 reaching a breakout point. U.S. stocks showed gains early Thursday, influenced by news of a tentative Brexit agreement. The major U.S. benchmarks are performing well technically, extending a mid-month rally.",https://www.marketwatch.com/story/bullish-bias-persists-sp-500-nails-the-breakout-point-2019-10-17?gaa_at=eafs&gaa_n=AWEtsqderIvVzG4uzO8NcBa-I0TPEU-UbDgXLYNBF4wEnctaJDF1PvEPe7pm&gaa_ts=6907f9d7&gaa_sig=MIRGsd13z3NGARmXQeko8sJmGcptYQysE8nE2-W-e2p7ba1Gjkl4EGrov9YFKQuxaqc8eojD6pL0dPliDMhy3A%3D%3D,1571312640
HD,Honing In On HOMZ For REIT Upside,"The Hoya Capital Housing ETF (HOMZ) offers diversified exposure across the entire US housing sector, making it a unique offering among real estate ETFs. Since its April debut, HOMZ has surged over 16%, driven by its focus on the residential real estate ecosystem, including home improvement companies and homebuilders. The ETF tracks the Hoya Capital Housing 100 Index, which is composed of 100 companies representing the US Housing Industry and weighted by their contribution to US GDP.",https://www.etftrends.com/alternatives-content-hub/honing-in-on-homz-for-reit-upside/,1571439102
HD,Genuine Parts Appoints former HD Supply Facilities Maintenance Head as Chief Transformation Officer,"Genuine Parts Company (GPC) has appointed William Stengel, formerly of HD Supply, as its new Executive Vice President and Chief Transformation Officer. In this role, Stengel will oversee GPC's short- and long-term transformation initiatives, including strategic growth, operating efficiency, and cost savings across the organization. He brings over a decade of executive experience from HD Supply to his new position.",https://www.inddist.com/staffing-changes/news/21102373/genuine-parts-appoints-former-hd-supply-facilities-maintenance-head-as-chief-transformation-officer,1574123248
HD,"Home Depot cuts 2019 forecast after sales miss, shares drop","Home Depot's shares dropped after the company announced it was cutting its 2019 sales forecast due to investments taking longer to pay off than anticipated. Despite beating earnings expectations, sales and same-store sales growth fell short of analyst estimates. The company attributed the miss to internal issues related to IT and supply chain improvements, rather than broader economic headwinds.",https://www.cnbc.com/2019/11/19/home-depot-earnings-q3-2019.html,1574142900
HD,Home Depot shares sink after sales miss but there’s reason to be optimistic,"Home Depot shares dropped after the company reported sales that missed expectations, despite earnings per share meeting forecasts. Raymond James analysts maintain an optimistic outlook for the home improvement giant. One analyst suggests that a stronger Lowe's could be impacting Home Depot's performance.",https://www.marketwatch.com/story/home-depot-shares-sink-after-sales-miss-but-theres-reason-to-be-optimistic-2019-11-19?gaa_at=eafs&gaa_n=AWEtsqfciyWPJ7zSJN0S_mQyr-JcfDoF5RAqJdBH2PwUpN6yMaL45CVPx6xc&gaa_ts=6907fb0f&gaa_sig=z5s6grhZ5-EU72M6v0lfNSLUHWUMebbbsjJwDHd55JOLcRUpTk_i-nr7n08ydNbfpbw1qbrmPlgLq9ojX_jcRQ%3D%3D,1574236080
HD,Class Action Claims Recall for Self-Starting Whirlpool Glass Cooktops Is Inadequate,"A class action lawsuit has been filed against Whirlpool Corporation, KitchenAid, Inc., and Jenn-Air Corp., alleging that their electric glass cooktops can turn on by themselves, posing a serious fire hazard. The lawsuit claims that Whirlpool's voluntary recall of these cooktops in August 2019 was inadequate, failing to sufficiently notify consumers of the substantial safety risk and to provide timely replacements. The plaintiff argues that Whirlpool prioritized its stock value over consumer safety, leaving many users unaware of the defect and at risk.",https://www.classaction.org/blog/class-action-claims-recall-for-self-starting-whirlpool-glass-cooktops-is-inadequate,1574300219
HD,How Home Depot Is Leveraging the Pro Customer Opportunity,"Home Depot is focusing on ""pro customers"" as a key growth driver, expecting to increase its top line to $101 billion over the next three years. These professional customers, despite being a small percentage of the customer base, account for a significant portion of the retailer's sales. The company is implementing various strategies, including specialized merchandise and services, to cater to this valuable segment.",https://marketrealist.com/2016/02/home-depots-leveraging-pro-customer-opportunity/,1574407020
HD,How Home Depot Drives Membership Loyalty With Pro Customers,"Home Depot's strategy to drive loyalty among its pro customers involves focusing on installation services, which also generates product demand, and leveraging its Pro Xtra loyalty program. This program offers benefits like purchase tracking and rewards, leading to significantly higher spending from enrolled members. Additionally, Home Depot provides credit financing options with extended benefits for pro customers, showcasing its commitment to this valuable segment.",https://marketrealist.com/2016/02/home-depot-drives-membership-loyalty-pro-customers/,1574407020
HD,Verizon calls up Carol Tomé to its board of directors,"Carol Tomé, formerly CFO of The Home Depot Inc., will join Verizon's board of directors on January 1, 2020. This marks her second major board appointment since retiring from Home Depot on August 31. Tomé's appointment follows her extensive career and previous board engagement with Sovos Brands.",https://www.bizjournals.com/atlanta/news/2019/12/05/verizon-calls-up-carol-tom-to-its-board-of.html,1575505902
HD,Tractor Supply Company Announces CEO Succession Plan,"Tractor Supply Company announced that Hal Lawton, formerly President of Macy's, will succeed Greg Sandfort as President, Chief Executive Officer, and Board member, effective January 13, 2020. Sandfort, who is retiring, will remain with the company for a transition period. The Board expressed confidence that Lawton's omnichannel experience and past results make him the right leader for Tractor Supply's future growth.",https://www.lumberbluebook.com/2019/12/05/tractor-supply-company-announces-ceo-succession-plan/,1575509502
HD,Former eBay Exec Named CEO of Tractor Supply Company,"Hal Lawton, former Senior Vice President of eBay North America and President of Macy's, has been named CEO of Tractor Supply Company, effective January 13, 2020. Lawton is credited with a strong track record of driving innovative growth strategies and building Home Depot's internet business to nearly $2 billion in sales. His compensation history shows substantial packages from eBay and Macy's, with his Tractor Supply compensation yet to be disclosed.",https://www.ecommercebytes.com/2019/12/05/former-ebay-exec-named-ceo-of-tractor-supply-company/,1575509503
HD,Carol B. Tomé Elected to Verizon Board of Directors,"Verizon Communications Inc. announced the election of Carol B. Tomé, former Chief Financial Officer and Executive Vice President - Corporate Services of The Home Depot, Inc., to its Board of Directors, effective January 1, 2020. Tomé brings significant financial and strategic planning expertise from her 24-year career at Home Depot and her prior board directorships. Her addition will increase Verizon's board membership to 11.",https://www.globenewswire.com/news-release/2019/12/05/1957011/0/en/Carol-B-Tom%C3%A9-Elected-to-Verizon-Board-of-Directors.html,1575554340
HD,Verizon names Carol Tomé to its board of directors,"Verizon has announced that Carol Tomé will join its board of directors on January 1, 2020. This marks Tomé's second major board appointment since her retirement from The Home Depot Inc. on August 31. The article also lists related board appointments at other companies.",https://www.bizjournals.com/bizwomen/news/latest-news/2019/12/verizon-names-carol-tom-to-its-board-of-directors.html,1575592302
HD,He tried to fix Macy’s. Now he is the new Tractor Supply CEO,"Hal Lawton, who served as president of Macy's, is leaving the struggling department store chain to become the CEO of Tractor Supply. Lawton previously worked at eBay and Home Depot. Tractor Supply's stock rose on the news, while Macy's stock also saw a slight increase, though the company has faced significant challenges with declining sales and profits.",https://www.cnn.com/2019/12/05/investing/macys-tractor-supply-hal-lawton,1575619920
HD,Home Depot says investments in revamp of online operation will drag on 2020 margins,"Home Depot forecasts 2020 sales below Wall Street expectations due to significant investments in its ""One Home Depot"" online overhaul program. These investments, peaking in 2020 at $3.9 billion, are expected to pressure operating margins. The company also anticipates lower comparable and total sales growth than analysts predicted, acknowledging ambitious timelines for realizing benefits.",https://www.theglobeandmail.com/business/international-business/us-business/article-home-depot-forecasts-tepid-sales-growth-in-2020-shares-slip/,1576024302
HD,Throwback Thursday: A Depot Diner,"This ""Throwback Thursday"" article from HBSDealer revisits a 1993 National Home Center News photo detailing the opening of Home Depot's ""Depot Diner."" The 1,200-square-foot fast-food restaurant was attached to a Home Depot warehouse home center in Woodstock, Ga., and though the concept involved partnerships with major food brands, it ultimately did not succeed. The article is sponsored by Schaffer Associates.",https://hbsdealer.com/throwback-thursday/throwback-thursday-a-depot-diner,1576024302
HD,"Home Depot to bring its design center concept to Rockville, the only location outside of California","Home Depot is bringing its design center concept to Rockville, Maryland, marking its first location outside of California. Federal Realty has filed a permit to convert a former Golf Galaxy into the new Home Depot Design Center. The facility will be two stories and roughly 36,000 square feet.",https://www.bizjournals.com/washington/news/2019/12/13/home-depot-to-bring-its-design-center-concept-to.html,1576250040
HD,"Who is Tractor Supply Co, and Why Did Hal Lawton Go There?","This article discusses Hal Lawton's move from Macy's to become CEO of Tractor Supply Co. (TSC), highlighting TSC's significant but often overlooked presence in modern retail. It explores TSC's business model, financial performance, and the potential reasons for Lawton's appointment, particularly his digital and technological expertise, suggesting a focus on boosting TSC's e-commerce efforts while maintaining its strong physical store connections.",https://therobinreport.com/who-is-tractor-supply-co-and-why-did-hal-lawton-go-there/,1576632702
HD,ATL Deal Book: Home Depot adds space beside 6500-employee HQ,"Home Depot recently completed a deal to acquire more space next to its headquarters in Atlanta. The expansion comes as the company's headquarters is home to 6,500 employees. The new space is located in the six-story Paces Summit building, directly across from their existing HQ.",https://www.bizjournals.com/atlanta/news/2019/12/19/atl-deal-book-home-depot-adds-space-beside-6-500.html,1576715502
HD,Intel expands paid leave benefits,"Intel is significantly enhancing its paid leave benefits, expanding leave for new parents to 12 weeks, providing up to eight weeks for family care, and increasing bereavement leave to two weeks. The company is also introducing a new parent reintegration program allowing part-time work with full-time pay for up to four weeks, alongside a breast milk shipping benefit for traveling mothers. These changes aim to support employee well-being and aid in talent attraction and retention.",https://hrexecutive.com/intel-expands-paid-leave-benefits/,1577407004
HD,"Lowe's is looking to hire 53,000 people this spring","Lowe's announced plans to hire at least 53,000 workers for the busy spring season in 2020, a decrease from its 2019 goal of 65,000. These jobs include part-time and full-time roles, with hiring events scheduled across its 1,700 U.S. stores. In 2019, about 50% of seasonal hires transitioned to permanent positions, highlighting potential long-term opportunities within the company amidst a tight labor market.",https://www.cnbc.com/2020/01/02/lowes-is-looking-to-hire-53000-people-for-spring-2020-fewer-than-2019.html,1577977440
HD,Aramark Names Thomas Ondrof as Chief Financial Officer,"Aramark has announced the appointment of Thomas Ondrof as its new Chief Financial Officer, effective January 27, 2020. Ondrof brings extensive financial and operational leadership experience from various global companies, including Performance Food Group and MSC Industrial Direct. He will report to President and CEO John Zillmer, who praised Ondrof's strategic contributions during a previous tenure at Aramark.",https://www.aramark.com/newsroom/news/2020/tom-ondrof-cfo,1578174396
HD,Billionaire Ken Langone And Group of Investors Partners With La Tortillería and Abasto Media,"Billionaire Ken Langone and a group of prominent investors have formed a strategic alliance with La Tortillería, a leading Hispanic food distributor, and its sister company Abasto Media. This partnership is expected to accelerate the business growth of both companies, particularly in the Hispanic food market. The investors, including co-founder of Home Depot Ken Langone and former PepsiCo North America CEO Al Carey, expressed confidence in the Calhoun brothers' management and the significant growth potential within the Hispanic market.",https://abasto.com/en/press-releases/ken-langone-group-of-investors-partnership-la-tortilleria-and-abasto-media/,1578439892
HD,Court revives 52-year-old Home Depot manager’s constructive discharge claim,"A 52-year-old Home Depot manager's age bias lawsuit has been revived by the 9th U.S. Circuit Court of Appeals, alleging she was ""compelled to resign"" due to intolerable employment conditions. Janet Wheeler, who had a history of excellent performance reviews, experienced a sudden string of disciplinary notices and felt targeted due to her age and higher salary. The case highlights the prevalence of ageism in the workplace and the legal efforts to combat it.",https://www.hrdive.com/news/court-revives-52-year-old-home-depot-managers-constructive-discharge-claim/569772/,1578522437
HD,Austin-based Wikibuy is Booming Since its Acquisition by Capital One,"Austin-based Wikibuy has experienced significant growth and success since its acquisition by Capital One in November 2018. The company has expanded its employee base and user count, evolving from a comparison-shopping engine to include features like automatic coupon application and cash-back rebates. Wikibuy continues to operate from Austin, contributing to the city's booming e-commerce sector.",https://www.siliconhillsnews.com/2020/01/17/austin-based-wikibuy-is-booming-since-its-acquisition-by-capital-one/,1579298507
HD,"Grainger, Fastenal Lead Industrial Distributors on Fortune’s 'Most Admired' Companies","Grainger and Fastenal were recognized among Fortune's 'World’s Most Admired Companies' for 2020, leading the diversified wholesalers industry. Grainger ranked first in the diversified wholesalers industry for the seventh consecutive year, while Fastenal placed third. Several other industrial, electrical, and general manufacturers relevant to the industrial supplies space were also included on the prestigious list.",https://www.inddist.com/awards/news/21111787/grainger-fastenal-lead-industrial-distributors-on-fortunes-most-admired-companies,1579731386
HD,Black & Decker agrees to buy major Boeing supplier for $1.5 billion,"Stanley Black & Decker has agreed to acquire Consolidated Aerospace Manufacturing (CAM), a key supplier to Boeing, for over $1.5 billion. A significant portion of the purchase price, around $200 million, is contingent on the FAA re-authorizing the 737 MAX to return to service, highlighting the broader impact of the MAX grounding on the supply chain. This acquisition is part of Stanley Black & Decker's strategy to expand beyond tools and strengthen its engineered fastening and infrastructure business.",https://www.axios.com/2020/01/30/black-decker-consolidated-airspace-manufacturing-boeing,1580426515
HD,"The Home Depot Canada to hire 5,500 new associates","The Home Depot Canada is hiring over 5,500 new associates across the country for its busy spring season, offering full-time, part-time, and seasonal positions. The company emphasizes a values-based hiring approach, seeking individuals who align with its core values, and provides extensive training and competitive benefits. A significant number of their store managers began as hourly associates, highlighting opportunities for career growth within the company.",https://www.newswire.ca/news-releases/the-home-depot-canada-to-hire-5-500-new-associates-817160052.html,1582012800
HD,"The Home Depot Canada to Hire for 5,500 Job Openings","The Home Depot Canada is hiring over 5,500 new associates across the country for full-time, part-time, and seasonal positions to prepare for its busy spring season. The company offers over one million hours of innovative training and competitive benefits. Over 75% of store managers started as hourly associates, highlighting opportunities for career growth.",https://www.todocanada.ca/the-home-depot-canada-to-hire-for-5500-job-openings/,1582064838
HD,Universal Forest Products Inc (UFPI) Q4 2019 Earnings Call Transcript,"Universal Forest Products (UFPI) reported strong financial results for Q4 and full-year 2019, with records in unit sales, EBITDA, and EPS. The company highlighted growth in retail and construction markets, increased Deckorators product sales, and a new organizational structure aimed at achieving $10 billion in sales. Management also discussed capital allocation, M&A opportunities, and the positive impact of new product development, while addressing questions on lumber markets and business strategy.",https://www.fool.com/earnings/call-transcripts/2020/02/20/universal-forest-products-inc-ufpi-q4-2019-earning.aspx,1582203600
HD,Gerber directed more than $11M in giving to Atlanta from Home Depot Foundation,Shannon Gerber of The Home Depot Foundation directed over $11 million in charitable giving to benefit the city of Atlanta. Gerber was recognized as a Top Practitioner honoree in the Atlanta Business Chronicle's inaugural Leaders in Corporate Citizenship Awards for her significant contributions.,https://www.bizjournals.com/atlanta/news/2020/02/21/gerber-directed-more-than-11m-in-giving-to-atlanta.html,1582324038
HD,Home Depot’s same-store sales surge in final quarter of 2019,"Home Depot reported better-than-expected financial results for the fourth quarter of 2019, driven by strong comparable-store sales and a 10% increase in its quarterly dividend. The company's earnings and revenue surpassed analyst forecasts, with U.S. comparable sales rising by 5.3%. This performance suggests underlying consumer confidence and a positive housing market trend.",https://www.sandiegouniontribune.com/business/nation/story/2020-02-25/home-depots-same-store-sales-surge-in-final-quarter-of-2019/,1582640820
HD,The Home Depot Announces Fourth Quarter and Fiscal 2019 Results; Reiterates Fiscal 2020 Business Outlook; Increases Quarterly Dividend by 10 Percent,"The Home Depot reported strong fourth quarter and fiscal year 2019 results, with comparable sales increasing by 5.2% and 3.5% respectively. The company also announced a 10% increase in its quarterly dividend to $1.50 per share and provided a positive business outlook for fiscal 2020, including projected sales growth of 3.5% to 4.0%.",https://ir.homedepot.com/news-releases/2020/02-25-2020-105936546,1582669636
HD,Home Depot’s big-ticket items are a hit with shoppers and analysts,"Home Depot's sales of big-ticket items, specifically those over $1,000, saw double-digit growth in the latest quarter, contributing positively to their fourth-quarter results. This performance, driven by items like appliances and vinyl plank flooring, led several analysts to increase their price targets for the company's stock. The robust sales in this segment represent approximately 20% of Home Depot's U.S. sales.",https://www.marketwatch.com/story/home-depots-big-ticket-items-are-a-hit-with-shoppers-and-analysts-2020-02-26?gaa_at=eafs&gaa_n=AWEtsqd9VhVkbl42KMSKGb_pqNuTm7BPCboqbvkU0zFi1NjxIZTx13KS4L8Z&gaa_ts=6907dde4&gaa_sig=Y--LZwnHpYUEmtbWfA-0QMaw0RRv4qbNzgj_xfjVUmHM8-Rhc-yX_BO8WxJSiDjGQ2e_AZykKU1NVlOlJsnW8A%3D%3D,1582789500
HD,UPS picks former Home Depot exec as its next CEO,"Former Home Depot executive Carol Tomé will become the next CEO of UPS, succeeding David Abney. Her appointment makes her one of the country's highest-profile female chief executives. Tomé expressed her intent to build on Abney's success and leverage UPS's culture and values.",https://www.bizjournals.com/atlanta/news/2020/03/12/ups-picks-former-home-depot-exec-as-its-next-ceo.html,1584052037
HD,Here's how much UPS will pay new CEO Carol Tomé,"UPS announced on March 12 that Carol Tomé, former CFO of The Home Depot Inc., will become its new CEO in June 2020. She will succeed David Abney, who will retire after 46 years with the company. The article focuses on her new compensation package.",https://www.bizjournals.com/atlanta/news/2020/03/15/heres-how-much-ups-will-pay-new-ceo-carol-tom.html,1584315105
HD,Thousands of Target employees work over 50 hours a week. Why don’t they get overtime?,"Target Corporation is facing multiple class-action lawsuits from ""executive team leaders"" who claim they are misclassified as exempt employees and are due overtime pay for working over 50 hours a week. These workers argue their duties are largely non-managerial, similar to hourly employees, despite Target's classification. The lawsuits highlight a common retail strategy of using salaried assistant managers to avoid overtime costs, and if successful, could cost Target tens of millions of dollars.",https://wisconsinexaminer.com/2020/03/17/thousands-of-target-employees-work-over-50-hours-a-week-why-dont-they-get-overtime/,1584425280
HD,The Home Depot Canada Temporarily Adjusts Store Hours and Extends Paid Time Off in Response to COVID-19,"The Home Depot Canada is temporarily adjusting store hours, closing daily at 6 p.m. starting March 21st, to allow for restocking and cleaning in response to COVID-19. The company is also extending paid time off for hourly associates, providing an additional 80 hours for full-time and 40 hours for part-time employees, valid until the end of the year. These measures aim to support employees and continue serving customers for essential home improvement needs.",https://www.newswire.ca/news-releases/the-home-depot-canada-temporarily-adjusts-store-hours-and-extends-paid-time-off-in-response-to-covid-19-855096600.html,1584525240
HD,COVID-19: Home Depot Canada Reduces Store Hours,"The Home Depot Canada announced it is temporarily reducing store hours in response to COVID-19, effective March 21, 2020, with stores closing daily at 6 p.m. This change allows for restocking, cleaning, and appropriate staffing, while also limiting the number of customers inside at one time. The company will also provide paid sick or personal time for associates self-quarantining due to direct COVID-19 exposure.",https://www.todocanada.ca/covid-19-home-depot-canada-reduces-store-hours/,1584570438
HD,Wood Flooring Market to Reach a Valuation of ~ Us$ 123 Bn by 2027,"The global wood flooring market is projected to reach approximately US$123 billion by 2027, growing at a CAGR of about 6% from its 2018 valuation of US$73.4 billion. This growth is primarily driven by the residential sector, especially in Europe, although the market faces challenges from substitutes like luxury vinyl plank, wood-look tiles, laminate, bamboo, and cork flooring. Key players in the market include Mohawk Industries, Shaw Industries Group, Tarkett Group, Kähärs Holding AB (publ), and Armstrong Flooring, Inc.",https://www.themanufacturer.com/press-releases/wood-flooring-market-to-reach-a-valuation-of-us-123-bn-by-2027/,1585090033
HD,"Here's how much Equifax paid CEO Mark Begor, other execs in 2019",This article details the compensation of Equifax CEO Mark Begor and other executives for 2019. It highlights that Equifax CEO Mark Begor was Georgia's highest-paid public company CEO in 2018 based on his compensation. The report was published by the Atlanta Business Chronicle.,https://www.bizjournals.com/atlanta/news/2020/03/30/heres-how-much-equifax-paid-ceo-mark-begor-other.html,1585606284
HD,"Costco, Home Depot limiting number of customers in store","Costco and Home Depot are implementing new policies to limit the number of customers in their stores to help prevent the spread of the coronavirus. Costco will allow only two people per membership card, adjust closing times, and change gas station operating hours. Home Depot will also limit customer numbers, eliminate major spring promotions, adjust closing times for cleaning, and provide thermometers to associates for health checks.",https://wset.com/news/coronavirus/costco-home-depot-limiting-number-of-customers-in-store-04-01-2020,1585737000
HD,"Costco, Home Depot to limit number of shoppers in stores","Major retailers Costco Wholesale Corp. and Home Depot are implementing new policies to limit the number of shoppers in their stores to promote social distancing. Costco will allow no more than two people per membership card and has special hours for seniors, while Home Depot will close earlier for cleaning and restocking, and is eliminating major spring promotions to reduce store traffic. Both companies are also prioritizing essential supply shipments and donating personal protective equipment.",https://siouxfalls.business/costco-home-depot-to-limit-number-of-shoppers-in-stores/,1585778516
HD,Home Depot makes more changes at stores due to COVID-19,"Home Depot has implemented new benefits for its employees in response to the COVID-19 pandemic, including additional paid time off for both full-time and part-time hourly workers. This action comes as Georgia reports a significant number of confirmed cases, hospitalizations, and deaths due to the virus.",https://www.bizjournals.com/atlanta/news/2020/04/01/home-depot-makes-more-changes-at-stores-due-to.html,1585780037
HD,"Home Depot Halts Sales of N95 Masks Amid Shortage, Company Says (Published 2020)","Home Depot has halted sales of N95 masks at all of its North American stores and redirected them to healthcare providers and emergency responders due to the coronavirus pandemic. Other retailers like Lowe's and Target have also taken similar actions, while 3M, a mask manufacturer, has expressed concern over retailers continuing to sell protective gear. The move aims to address the critical shortage of personal protective equipment for frontline workers.",https://www.nytimes.com/2020/04/01/business/n95-face-masks-home-depot-virus.html,1585780037
HD,Home Depot Stores in Ontario Open Only For Curbside Pick-Up,"Effective April 5th, Home Depot stores in Ontario will close to in-store customers, transitioning to curbside pick-up only for essential items following a provincial government order. This closure was initially for a minimum of 14 days, though an update notes that hardware stores were permitted to reopen from May 9th. Stores in other provinces will remain open with adjusted hours, while Quebec stores will be closed every Sunday in April.",https://www.todocanada.ca/home-depot-stores-in-ontario-open-only-for-curbside-pickup/,1586039238
HD,These Cozy & Chic Zoom Home Backgrounds Are Like Virtual Makeovers For Your Space,"This article provides a list of 35 cozy and chic Zoom home backgrounds for virtual makeovers. It explains how to set up virtual backgrounds on Zoom and suggests various themed backdrops from different home interior companies, allowing users to virtually transform their space for video calls.",https://www.elitedaily.com/news/best-zoom-backgrounds-home-virtual,1586129818
HD,Colgate-Palmolive partners with World Health Organization to make millions of soap bars,"Colgate-Palmolive is partnering with the World Health Organization to produce and donate 25 million soap bars to agencies in the U.S. to combat the spread of COVID-19. The company is also donating $20 million in health and hygiene products to local nonprofits and launching a matching gift campaign for its employees. This initiative is part of the #SafeHands effort, with Colgate utilizing five manufacturing plants for soap production.",https://www.usatoday.com/story/money/2020/04/08/colgate-palmolive-partners-who-make-millions-soap-bars/2970522001/,1586383269
HD,"Deal Dash: Charlotte, Atlanta developers tee up apartments; Home Depot lands in Antioch","This ""Deal Dash"" article from the Nashville Business Journal reports on significant commercial real estate activity in the region. It highlights Charlotte and Atlanta developers planning new apartment projects and Home Depot (NYSE: HD) establishing a presence in Antioch.",https://www.bizjournals.com/nashville/news/2020/04/24/deal-dash-charlotte-atlanta-developers-tee-up.html,1587767238
HD,"Home Depot expanding paid time off, doubling overtime pay","The Home Depot Inc. has expanded paid time off for hourly workers, provided additional paid time off for high-risk employees, and offered weekly bonuses and double overtime pay to support its employees during the coronavirus pandemic. These actions resulted in a pre-tax expense of approximately US $850 million for the company. The initiatives focused on ensuring the safety and well-being of associates and customers while providing essential products.",https://www.benefitscanada.com/news/bencan/home-depot-expanding-paid-time-off-doubling-overtime-pay/,1589846400
HD,Home Depot hit with $850M coronavirus-related charge,"Home Depot reported an 11 percent slide in first-quarter profit due to an $850 million pre-tax charge related to coronavirus safety measures and enhanced employee benefits. Despite these costs, the home-improvement retailer saw a 7.1 percent increase in revenue and 6.4 percent growth in comparable store sales, driven by an 11 percent jump in the average sales ticket. The company withdrew its 2020 outlook due to pandemic uncertainty but its shares had outperformed the S&P 500 year-to-date.",https://www.foxbusiness.com/markets/home-depot-coronavirus-earnings-q1-2020,1589869920
HD,Lowe's same-store sales surge 11.2% as coronavirus restrictions spark home improvement spending,"Lowe's reported a significant 11.2% surge in same-store sales for Q1 2020, beating analyst expectations, as coronavirus restrictions led Americans to invest more in home improvement projects. Despite the strong performance, the company warned that sales growth might moderate later in the year and withdrew its full-year 2020 guidance due to economic uncertainty. Lowe's benefited from being deemed essential, keeping stores open, and experienced an 80% increase in online sales.",https://www.cnbc.com/2020/05/20/lowes-low-earnings-q1-2020.html,1589954820
HD,Lowe’s and Home Depot get a boost as customers stay-at-home,"Lowe's and Home Depot saw significant sales jumps in their first quarters due to customers tackling home projects during stay-at-home orders, with digital investments playing a key role. While consumer sales surged, professional contractor sales lagged due to pandemic-related restrictions. The article also discusses potential future headwinds and opportunities for these retailers.",https://retailwire.com/discussion/lowes-and-home-depot-get-a-boost-as-customers-stay-at-home/,1590532036
HD,Home Depot appoints corporate controller to new C-suite role,"Home Depot has appointed Stephen Gibbs, its corporate controller, to a new C-suite role, formalizing his function as the company's principal accounting officer. This change comes amidst other news related to Home Depot's performance and operational adjustments during the COVID-19 pandemic.",https://www.bizjournals.com/atlanta/news/2020/05/28/home-depot-inc-names-stephen-gibbs-to-c-suite.html,1590704837
HD,Se disparan las ventas de piscinas inflables: el nuevo símbolo de estatus en Instagram,"The COVID-19 pandemic and lockdown measures have led to an unexpected surge in the popularity of inflatable pools, transforming them into a new status symbol on Instagram. These pools, originally for children, are now being resold at exorbitant prices on platforms like eBay, far exceeding their retail value from stores such as Walmart. This trend reflects people's desire for a relaxing summer experience at home amidst the pandemic, even leading to increased searches for homes with pools.",https://es-us.finanzas.yahoo.com/noticias/piscinas-inflables-estatus-instagram-152242416.html,1590795373
HD,Home Depot’s Interconnected Retail Strategy is Helping Sales Surge,"Home Depot's omnichannel strategy, which CEO Craig Menear calls its ""interconnected retail strategy,"" has been crucial in driving sales growth, including a 21.4% increase in fiscal 2019. This approach emphasizes the digital world as the starting point for customer shopping experiences, even for in-store pickups, and extends to meeting the needs of B2B pro customers through significant investments in its digital business and a dedicated B2B portal. Home Depot's success highlights the importance of digital business transformation in adapting to changing market conditions.",https://www.bu.edu/dbi/2020/05/31/home-depots-interconnected-retail-strategy-is-helping-sales-surge/,1590964036
HD,"Home Depot fined $22K for mishandling lead, arsenic-contaminated soil in Worcester","The Massachusetts Department of Environmental Protection has fined Home Depot $22,000 for failing to report lead and arsenic-contaminated soil during a 2017 excavation in Worcester. Home Depot disposed of 280 cubic yards of the contaminated soil before notifying the state in June 2018, despite regulations requiring immediate reporting. The soil was excavated for the installation of fuel cells at their Gold Star Blvd. location.",https://wbjournal.com/article/home-depot-fined-22k-for-mishandling-lead-arsenic-contaminated-soil-in-worcester/,1591396037
HD,"Ulta reviews 1,254 stores for closures","Ulta Beauty Inc. is conducting a ""clean sheet"" review of its 1,254 stores, exploring closures, moves, or remodels due to pressures facing retailers, including the coronavirus pandemic. The company's CFO, Scott Settersten, stated Ulta could close additional stores but also aims to capitalize on the retail downturn to negotiate better lease terms or relocate. Despite a projected slower pace of new store openings and a significant dip in Q1 net sales, analysts believe Ulta is still poised to gain market share, especially with its appeal across various price points and its growing digital presence.",https://www.foxbusiness.com/lifestyle/ulta-reviews-1254-stores-for-closures,1591803600
HD,"Booking.com can trademark its name, US Supreme Court rules","The US Supreme Court has ruled that Booking.com can trademark its name, overturning a federal agency's decision that it was too generic. The court found, in an 8-1 decision, that consumers understand ""Booking.com"" refers to a specific company, not a general online hotel reservation service. This ruling could influence trademark protection for other "".com"" companies.",https://www.aljazeera.com/economy/2020/6/30/booking-com-can-trademark-its-name-us-supreme-court-rules,1593553888
HD,Home Depot changes rope sales practice after nooses are found in store,"Home Depot has altered its rope sales policy, opting to sell pre-cut lengths instead of rope from large spools, following multiple incidents of nooses being found in its stores. The company stated this is a precautionary measure to prevent the creation of hate symbols, acknowledging the noose as a threatening symbol of racism. This change was prompted by recent customer reports and follows similar occurrences in previous years, coinciding with broader national conversations about systemic racism.",https://www.cnn.com/2020/07/02/business/home-depot-nooses-rope,1593709200
HD,Home Depot changes rope sales after nooses found,"Home Depot announced changes to its rope sales practices after nooses were found in one of its North Carolina stores. The company, appalled by these incidents, will now sell rope in pre-cut lengths instead of from large spools to address the use of nooses as symbols of racism and hatred. This decision comes amidst ongoing conversations about systemic racism.",https://wpde.com/news/local/home-depot-changes-rope-sales-after-nooses-found,1593942840
HD,"Home Depot, Norcold, SiriusXM Checks In The Mail","Top Class Actions readers are reportedly receiving settlement checks from several class action lawsuits. Payments include up to $2,441.84 from a Home Depot TCPA settlement, $113.69 from a Norcold RV refrigerator settlement, and $38.45 from a SiriusXM TCPA settlement. The article details the nature of each lawsuit and how consumers qualified for payments.",https://topclassactions.com/lawsuit-settlements/class-action-settlement-checks-mailed/home-depot-norcold-siriusxm-checks-in-the-mail/,1594679238
HD,The Home Depot to Require Face Masks in All U.S. Stores,"The Home Depot announced that face masks will be required for all shoppers in U.S. stores starting July 22, 2020, with exceptions for small children and those with medical conditions. This measure expands on existing local requirements and associates' mask use, aiming to protect customers and staff during the COVID-19 pandemic. The company will provide masks and remind customers through signage and announcements, while also offering alternative shopping options like curbside pickup and home delivery.",https://ir.homedepot.com/news-releases/2020/07-17-2020-183752620,1594970948
HD,Home Depot leans on efficiency analysis for sustainable transport plan,"Home Depot is focusing on efficiency analysis to achieve its sustainable transport goals, aiming to reduce Scope 1 and 2 emissions by 40% by 2030 and 50% by 2035. The company optimizes truck loading, utilizes technology for route optimization, and considers taking over tasks from suppliers for greater efficiency. While the retailer has not yet set a target for Scope 3 emissions, it is exploring electrification for its internal fleet, particularly box trucks, as a future path to significantly lower emissions.",https://www.supplychaindive.com/news/Home-depot-sustainability-transport-electric-analytics/582202/,1595489348
HD,The Home Depot Announces Renewable Energy Goal and Pledges to Eliminate EPS Foam and PVC Film from Private Brands by 2023 in Annual Responsibility Report,"The Home Depot has released its 2020 Responsibility Report, outlining significant sustainability progress and new goals. Key commitments include plans to source 335 megawatts of renewable energy by 2025 and eliminate EPS foam and PVC film from private brand packaging by 2023. The report also highlights efforts in diversity and inclusion, associate support during COVID-19, and community strengthening through The Home Depot Foundation.",https://www.prnewswire.com/news-releases/the-home-depot-announces-renewable-energy-goal-and-pledges-to-eliminate-eps-foam-and-pvc-film-from-private-brands-by-2023-in-annual-responsibility-report-301098457.html,1595489348
HD,"Home Depot drops Ego power equipment brand, which lands deal with Lowe's","Home Depot has decided to cease carrying the Ego brand of cordless outdoor power equipment as part of a ""reset"" of its inventory. Following this decision, Ego, developed by Chervon, has secured a new deal with Lowe's. This move indicates a significant shift in retail partnerships for the power equipment brand.",https://www.bizjournals.com/atlanta/news/2020/07/21/home-depot-drops-ego-equipment.html,1595500560
HD,"99,000 artificial Christmas trees sold at Home Depot recalled due to burn hazard risk","Approximately 99,000 artificial Christmas trees sold at Home Depot have been recalled due to fire and burn hazards. The recall involves Home Accents Holiday Artificial Christmas Trees with a foot-pedal controller that can overheat, leading to 509 reports of overheating and one burn injury. Consumers are advised to stop using the affected trees, which include specific 7.5 ft. and 9 ft. models from 2019, and contact Willis Electric for resolution.",https://fox17.com/news/nation-world/99000-artificial-christmas-trees-sold-at-home-depot-recalled-due-to-burn-hazard-risk,1595507700
HD,Recall announced for artificial Christmas trees sold at Home Depot,"A recall has been issued for nearly 100,000 pre-lit Home Accents Holiday artificial Christmas trees sold at Home Depot last year. The article states there is ""a problem"" with the trees, leading to the recall notice.",https://www.wral.com/recall-announced-for-artificial-christmas-trees-sold-at-home-depot/19204002/,1595575748
HD,"Walmart, CVS, Lowe’s among the retailers that will start requiring face coverings on Monday","Walmart, CVS Health Corp., and Lowe's Cos. are implementing new nationwide face covering requirements for customers starting Monday. Walmart has also created a new role, ""health ambassador,"" to help enforce this new rule in its U.S. stores and Sam's Club warehouses. The National Retail Federation encourages all retailers to adopt similar face mask requirements.",https://www.marketwatch.com/story/walmart-best-buy-now-require-customers-to-wear-face-coverings-at-its-stores-2020-07-15?gaa_at=eafs&gaa_n=AWEtsqcygMazSsrxR5V8DuOhHPObQo96A9wl14wb_vc08oIbRFq3Y0SfU7fu&gaa_ts=6907d907&gaa_sig=pxKaXitJlZDM8xkGtBODXUXethG5pGf3uCE_MJgjs78IKR75d9KWrqi7OBeEqEV5lkZV096fgwu95w256A-iwA%3D%3D,1595679720
HD,BJ’s Wholesale Club Appoints Chief Digital Officer,"BJ’s Wholesale Club announced the appointment of Monica Schwartz as senior vice president, chief digital officer, effective August 3, 2020. Schwartz, previously from Home Depot, will be responsible for the company’s digital business and will report directly to BJ's President and CEO, Lee Delaney. Her role will focus on scaling and enhancing BJ's digital offerings and capabilities, building on the company's recent progress in this area.",https://sgbonline.com/bjs-wholesale-club-appoints-chief-digital-officer/,1595886684
HD,BJ’s Wholesale Club names chief digital officer,BJ's Wholesale Club has appointed Monica Schwartz as its new senior vice president and chief digital officer. Schwartz previously held a position at Home Depot before joining BJ's.,https://www.bizjournals.com/bizwomen/news/latest-news/2020/07/bj-s-wholesale-club-names-chief-digital-officer.html,1595973084
HD,Regency Centers Evolving and Adapting With CEO Lisa Palmer,"Lisa Palmer discusses her journey to becoming CEO of Regency Centers and how the company has grown and adapted over her 24-year tenure. She highlights the importance of the company's culture, community involvement, and strategic advantages, while also touching on her personal experiences with sports and mentorship. Palmer outlines Regency's future goals amidst a rapidly changing retail real estate industry and the company's response to the pandemic and calls for racial justice.",https://www.reit.com/news/reit-magazine/july-august-2020/regency-centers-evolving-and-adapting-ceo-lisa-palmer,1595977867
HD,Marvin Ellison,"Marvin Ellison has been the president and CEO of Lowe’s Companies, Inc., since July 2018, bringing over 30 years of leadership in retail, including experience at J.C. Penney Co. and Home Depot Inc. He holds degrees from The University of Memphis and Emory University and serves on several boards, including FedEx Corporation. Ellison is also recognized for his civic leadership and commitment to mentoring minority youth.",https://blackprwire.com/profiler/marvin-ellison,1596094148
HD,"How Arthur Blank, Bernie Marcus co-founded Home Depot after being fired","Arthur Blank and Bernie Marcus were fired from Handy Dan Home Improvement in 1978, leading them to co-found Home Depot. Their vision for Home Depot, focused on low prices and well-trained employees, eventually led to its significant success despite initial struggles. Today, Home Depot is a massive retailer, and both Blank and Marcus are billionaires.",https://www.foxbusiness.com/money/arthur-blank-bernie-marcus-home-depot-winning-formula,1596361200
HD,"Trump fires Tennessee Valley Authority chair, cites hiring of foreign workers","President Donald Trump announced the firing of Tennessee Valley Authority (TVA) chair, Skip Thompson, and another board member, citing the authority's practice of hiring foreign workers under H1-B visas. Trump also threatened to remove other board members and mandated that the new CEO's salary should not exceed $500,000, significantly less than the previous CEO's $8 million. The decision followed a TV ad criticizing the TVA for replacing American workers with foreign contractors, a move that Senator Lamar Alexander disputes, stating the TVA operates without taxpayer money and has competitive rates.",https://www.pbs.org/newshour/politics/trump-fires-tennessee-valley-authority-chair-cites-hiring-of-foreign-workers,1596467160
HD,Home Depot adds 3 warehouses as DIY demand grows,"Home Depot is expanding its distribution network by adding three new warehouses in the Atlanta area to meet the soaring demand for DIY projects. This expansion is part of a larger $1.2 billion investment announced in 2017 to enhance its supply chain capabilities, including same- and next-day delivery options. The pandemic has accelerated the company's omnichannel strategy, pushing it to adapt quickly with services like curbside pickup and leveraging increased consumer interest in home improvement projects.",https://www.supplychaindive.com/news/home-depot-fulfillment-distribution-warehouses-diy/582857/,1596522516
HD,The Home Depot Opening Three New Distribution Centers in Georgia,"The Home Depot announced it will open three new distribution centers in Georgia over the next 18 months to meet growing demand for flexible delivery and pick-up options for Pro and DIY customers. This expansion is expected to create approximately 1,000 new jobs in the greater Atlanta area. These centers include a large facility in Locust Grove for fast store replenishment, a flatbed delivery center in Stonecrest for bulk orders, and an order fulfillment operation in East Point for institutional business customers.",https://ir.homedepot.com/news-releases/2020/08-04-2020-130504365,1596522516
HD,"Home Depot to open new distribution center in Locust Grove, hiring 600 associates.","Home Depot is opening a new 657,600 square foot distribution center in Locust Grove, Georgia, located at 3150 Highway 42 South. This facility is the first of three planned for the metro Atlanta area and is expected to create 600 new jobs, increasing Home Depot's total employment in Henry County to over 1,600 associates. The new center is part of a larger development in Gardner Logistics Park, and the city is implementing transportation improvements, including new traffic signals and road upgrades, to support the increased activity.",https://henryga.news/2020/08/04/home-depot-to-open-new-distribution-center-in-locust-grove-hiring-600-associates/,1596522516
HD,"Home Depot opening 3 new Georgia distribution centers, with 1,000 jobs","The Home Depot is opening three new distribution centers in Georgia, creating 1,000 jobs. This expansion contributes to the over 5,000 new jobs the company has generated in Georgia over the past five years through various distribution and office openings. The largest new facility is a 657,600-square-foot distribution center located in Locust Grove.",https://www.bizjournals.com/atlanta/news/2020/08/04/home-depot-opening-3-new-georgia-distribution-cent.html,1596534900
HD,Home Depot adds three DCs in Atlanta area,"Home Depot plans to open three new distribution centers in the Atlanta metropolitan area over the next 18 months to expand its fulfillment and delivery capabilities. These facilities will serve both professional contractors and the growing do-it-yourself (DIY) customer base, a segment that has seen a significant boost due to the COVID-19 pandemic. The expansion includes centers specializing in store replenishment, flatbed deliveries, and same/next-day deliveries for institutional clients.",https://www.freightwaves.com/news/home-depot-adds-three-dcs-in-atlanta-area,1596580036
HD,Fertitta-backed blank check firm to take Hillman public in $2.64 billion deal,"Hillman Group Inc, backed by private equity, is set to go public through a merger with billionaire Tilman Fertitta’s blank-check firm, Landcadia Holdings III Inc, in a deal valued at $2.64 billion. The transaction will be partly financed by $500 million cash from Landcadia's IPO and a $375 million investment from Columbia Threadneedle Investments and Wells Capital Management. The deal is expected to close in Q2 2021, with Hillman listing on Nasdaq under the ticker “HLMN”.",https://pe-insights.com/fertitta-backed-blank-check-firm-to-take-hillman-public-in-2-64-billion-deal/,1597099020
HD,The Home Depot Donates a Half Million Kids Workshop Kits to Nonprofits; Offers Live-Stream and Digital Workshops,"The Home Depot has donated over 500,000 Kids Workshop kits to more than 100 nonprofit organizations and schools nationwide while in-store classes are paused. The company is actively introducing virtual DIY project content for children and has launched live-streaming ""Homeowner 101"" workshops for adults led by expert associates. These initiatives aim to continue engagement with DIY activities for both kids and adults, with new content being added regularly.",https://ir.homedepot.com/news-releases/2020/08-11-2020-130027774,1597127317
HD,Home Depot and Lowe’s are in a race against time and each other,"Home Depot and Lowe's are both investing significantly in their supply chains to speed up delivery and pickup of online orders for both professional and DIY customers. Home Depot plans to open three new distribution centers in Georgia as part of a $1.2 billion investment, aiming for same- and next-day delivery capabilities for 90% of the U.S. population. Lowe's is opening a second direct fulfillment center in California and plans to expand with 50 cross dock delivery terminals, seven bulk distribution centers, and four e-commerce fulfillment centers to achieve two-day delivery for almost 100% of its customers, as part of a $1.7 billion supply chain upgrade.",https://retailwire.com/discussion/home-depot-and-lowes-are-in-a-race-against-time-and-each-other/,1597386516
HD,"Chewy Founder Ryan Cohen, Who Sold His Company For $3 Billion, Shares His Best Advice","Ryan Cohen, founder of Chewy, shares his entrepreneurial journey, including overcoming 100 investor rejections and successfully building Chewy into a multi-billion dollar online pet retailer. He emphasizes customer obsession, strategic risk-taking, and the timeless advice from his father to prioritize customer happiness over immediate profit.",https://www.forbes.com/sites/zackfriedman/2020/08/16/entrepreneur-chewy-founder-ryan-cohen-shares-his-best-advice/,1597567200
HD,Home Depot Doubles Comp. Sale Growth Rate in Q2 Due to Remodeling Amid COVID,"Home Depot saw its comparable sales double in Q2 2020 due to a surge in home remodeling projects during the COVID-19 pandemic, despite canceling typical spring sales events. The company adapted its business model, moving away from usual growth indicators like GDP and housing data, as customers used stimulus checks and saved money from other activities to fund home improvements. This unexpected boost highlights a shift in consumer behavior and retail dynamics during the pandemic, benefiting major home improvement retailers while other sectors struggled.",https://www.floordaily.net/floorfocus/remodeling-amid-covid-benefits-home-depot-says-wsj,1597645716
HD,QuinStreet acquires home improvement company Modernize,"QuinStreet, a performance marketing company, has acquired Modernize, an Austin, TX-based home improvement company, for $67.5 million in cash and notes. Modernize connects homeowners with home service providers and has a network of over 1,000 contractors. This acquisition is expected to add $50-60 million to QuinStreet's FY2021 revenue and is projected to be immediately accretive to the company's EBITDA.",https://coverager.com/quinstreet-acquires-home-improvement-company-modernize/,1597646893
HD,Home Depot sees sales boost as Americans take up do-it-yourself projects during pandemic,"Home Depot experienced a significant sales boost during the initial phase of the COVID-19 pandemic as Americans, confined to their homes, focused on do-it-yourself projects. Foot traffic to stores surged by approximately 35% above 2019 levels since April, and comparable sales rose by 6.4% in the fiscal first quarter, more than doubling the previous year's growth. Despite an anticipated downturn, the company adapted its business model to meet the unexpected demand, though some stagnation was expected as summer ended and unemployment benefits ceased.",https://www.foxbusiness.com/lifestyle/home-depot-boost-coronavirus-diy-projects,1597648860
HD,The Home Depot Announces Second Quarter Results; Declares Quarterly Dividend of $1.50 Per Share,"The Home Depot reported strong second-quarter fiscal 2020 results, with sales increasing 23.4% to $38.1 billion and net earnings rising to $4.3 billion. The company also declared a quarterly cash dividend of $1.50 per share. These results underscore the effectiveness of their ""One Home Depot"" investment strategy and their ability to adapt to current market demands, including significant investments in associate benefits.",https://ir.homedepot.com/news-releases/2020/08-18-2020-110014886,1597732116
HD,Home Depot and Walmart Are Stay-at-Home Winners,"The article highlights Home Depot and Walmart as beneficiaries of the COVID-19 pandemic, with both companies reporting strong quarterly results. This success is attributed to people spending more time at home and consequently increasing their spending on home-related purchases.",https://www.barrons.com/articles/home-depot-and-walmart-are-stay-at-home-winners-51597752244?gaa_at=eafs&gaa_n=AWEtsqcloa03n5o_RlwE9Q8usoTyYt-aJjSjtl66UAPUS6y1B1ZXo3Dsbtzb&gaa_ts=699bf714&gaa_sig=5IUTHw-iykJ37dT-Pv2JztPaFiPregq_qFyz5t59SwRE7OCD_1rnGPwa_pKKvwuIrtzKRNOfmEpEyXlzypWxpw%3D%3D,1597732116
HD,America goes online to resupply and sales at Walmart.com boom,"Walmart's online sales nearly doubled in the second quarter as Americans relied on online shopping during the pandemic, and U.S. in-store sales also jumped 9.3%. Despite strong performance and exceeding Wall Street expectations, the company faced increased COVID-19 related costs and investor concern over the cessation of government stimulus packages. This raises questions about sustained consumer activity in the absence of further economic relief.",https://www.nxsmediawire.com/news/america-goes-online-to-resupply-and-sales-at-walmart-com-boom/amp/,1597734123
HD,Pandemic-inspired home reno boom pushes B.C. lumber to record highs,"B.C. lumber prices have soared to record highs due to producers cutting production too deeply at the start of the COVID-19 pandemic, coupled with a strong U.S. housing market and unprecedented home renovation boom. This created a significant supply-and-demand imbalance, with lumber inventories running very low and order files stretching into the fall. While the high prices offer temporary financial relief, they do not resolve underlying issues like shrinking timber supplies and labor shortages in the B.C. forestry sector.",https://www.princegeorgecitizen.com/local-news/pandemic-inspired-home-reno-boom-pushes-bc-lumber-to-record-highs-3741135,1597745160
HD,"Assurant Acquires Fixt Onsite Mobile Device, Smartphone, Tablet Repair Company","Assurant ($AIZ) has acquired Fixt, an on-demand mobile device support and repair services provider for smartphones and tablet computers. Financial terms were not disclosed for this M&A deal. Fixt's platform allows consumers to schedule local, onsite repairs and manages logistics for employee devices, with a network of over 1,500 repair technicians.",https://www.channele2e.com/news/assurant-acquires-fixt-onsite-mobile-device-smartphone-tablet-repair-company,1597786907
HD,"Lowe’s targets pros, DIY market with new tool-rental program","Lowe's is launching a new tool-rental program, starting with its first location in South End, to attract both professional contractors and DIY customers. The company expects these tool rental stores to expand nationwide within the next few years. This initiative aims to meet customer demand and broaden its service offerings to a wider market.",https://www.bizjournals.com/charlotte/news/2020/08/19/lowes-targets-pros-diy-market-with-tool-rentals.html,1597818997
HD,Big-Box Retailers’ Profits Surge as Pandemic Marches On (Published 2020),"Walmart, Target, and other big-box retailers experienced a significant surge in profits during the COVID-19 pandemic, driven by their one-stop shopping convenience and e-commerce growth. Target reported its greatest quarterly sales increase in company history, while Walmart doubled its e-commerce sales and Home Depot saw sales rise over 23 percent. This success stands in contrast to many other retail sectors that faced bankruptcies during the same period.",https://www.nytimes.com/2020/08/19/business/coronavirus-walmart-target-home-depot.html,1597876038
HD,"Target expands same-day pickup to 1,500 stores, as curbside drives sales for them, Walmart and others","Target is expanding its same-day pickup service, including fresh and frozen grocery items, to 1,500 stores, following a 730% growth in its Drive Up curbside pickup service in Q2 2020. This expansion reflects a broader trend among retailers like Walmart, Best Buy, and Macy's, where curbside and online shopping have surged due to the coronavirus pandemic. The convenience of these services is driving significant sales growth, with Target's digital sales increasing by 195% and Walmart's by 97% in the second quarter.",https://www.usatoday.com/story/money/2020/08/19/target-earnings-curbside-pickup-online-shopping-growth-coronavirus/3393586001/,1597879581
HD,"Supplier Spotlight: BlueFletch, Coded for Success","BlueFletch, an Atlanta-based software and mobile application services provider, has been a key partner for The Home Depot since 2011. During the early stages of the COVID-19 pandemic in 2020, BlueFletch rapidly developed two critical mobile apps within two weeks. These apps enabled The Home Depot to implement curbside pickup and efficiently count in-store customers, demonstrating BlueFletch's agility and problem-solving capabilities in a time of crisis.",https://corporate.homedepot.com/news/supplier/supplier-spotlight-bluefletch-coded-success,1597904916
HD,"Lowe’s targets professionals, and its main competitor Home Depot, with new services","Lowe's is reportedly gaining market share, particularly among professionals, a group traditionally favoring Home Depot. The company announced strong second-quarter results, beating expectations for profit and sales, and reported a significant U.S. same-store sales growth of 35.1%. This growth is attributed to new services targeting professionals and increased consumer spending on home improvement during the COVID-19 pandemic.",https://www.marketwatch.com/story/lowes-targets-professionals-and-its-main-competitor-home-depot-with-new-services-2020-08-20?gaa_at=eafs&gaa_n=AWEtsqewvG2irzCzpH2y8m6i5DziFMSh7InR61GugcjFTTaKHfoMhl4DrrV7&gaa_ts=6907dde7&gaa_sig=I5hu5Rlsv2OidahJXUxSIR75sZGFOMqFLJbPnBHzPWJU-ON7Qm1BiObcP_N83wf6oKVI7ljqRb3W6CJKNPtT_w%3D%3D,1598085720
HD,Home Decor Sales Are Booming at Target and HomeGoods Amid the Pandemic,"Home decor and improvement sales have surged during the pandemic as people adapt their homes for remote work, schooling, and fitness. Retailers like Target and TJX Companies (HomeGoods, TJ Maxx) reported significant year-over-year growth in home-related categories, alongside traditional home improvement stores like Lowe's and Home Depot. This trend is expected to continue as more people work from home, indicating a lasting shift in consumer spending habits.",https://www.businessinsider.com/home-decor-sales-are-booming-target-homegoods-amid-the-pandemic-2020-8,1598165809
HD,This Retail ETF Strategy Is Crushing it this Year,"The article highlights the success of the ProShares Long Online/Short Stores ETF (CLIX), which has achieved an over 87% year-to-date gain by capitalizing on both the growth of e-commerce and the decline of brick-and-mortar retail. The strategy benefits from increased online sales and widespread store closures and bankruptcies among traditional retailers. Recent data indicate a significant surge in e-commerce sales, underscoring the fund's continued potential.",https://www.etftrends.com/alternatives-content-hub/this-retail-etf-strategy-is-crushing-it-this-year/,1598251025
HD,The Home Depot Mobilizes to Support Communities Facing Hurricane Laura,"The Home Depot is activating its virtual Hurricane Command Center to support communities in Texas and Louisiana bracing for Hurricane Laura, coordinating the movement of over 230 trucks with emergency supplies. The Home Depot Foundation is also working with non-profit partners to provide immediate assistance and is ready to process grants for associates affected by the storm through The Homer Fund.",https://ir.homedepot.com/news-releases/2020/08-25-2020-215944260,1598336917
HD,"Atlanta developer closes on land, secures $44M construction loan for Home Depot's new Hillsborough warehouse","An Atlanta developer has successfully closed on the land and secured a $44 million construction loan for Home Depot's new warehouse in Hillsborough County, Florida. This development signifies the progress of Home Depot's Gibsonton warehouse project, with the same developer also constructing a warehouse for Amazon in Temple Terrace.",https://www.bizjournals.com/tampabay/news/2020/08/27/home-depot-warehouse-hillsborough-moving-forward.html,1598567237
HD,"Is Headline CPI Inflation ""Fake News""?","The article discusses the Federal Reserve's adjusted monetary policy to allow inflation to average 2 percent over time, suggesting interest rates will remain near zero. It questions the accuracy of the official Consumer Price Index (CPI) by comparing it to alternative inflation data from ShadowStats, which indicates a much higher inflation rate. The author suggests that gold could be a good hedge against inflation, noting that institutional investors are beginning to add gold to their portfolios.",https://www.usfunds.com/resource/is-headline-cpi-inflation-fake-news/,1598855260
HD,Apple stock drop makes history with $179B loss,"Apple experienced the largest single-day market cap drop for a U.S. listed company, losing over $179.92 billion (8%) in value on Thursday. This significant decline followed a period where Apple had recently become the first U.S. company to reach a $2 trillion valuation. Despite the drop, its market cap remains at the $2 trillion level, and analysts largely maintain a ""strong buy"" rating as the company prepares to release a 5G iPhone.",https://www.foxbusiness.com/markets/apples-stock-drop-makes-history,1599160020
HD,Supplier Spotlight: D-Unique Tools Builds Business into Global Supplier,"D-Unique Tools, founded by Mike Hunter in 1991, grew from a small local supplier to a global business thanks to a partnership with The Home Depot and the innovative Universal Square tool. Led by Mike and his daughter Nanette, the company overcame early challenges and leveraged The Home Depot's Supplier Diversity Program to expand its reach to over 2,000 stores across North America and the UK. The family-owned business continues to thrive, with Nanette as president and her father as chairman, offering a product line of about 20 unique items.",https://corporate.homedepot.com/news/supplier/supplier-spotlight-d-unique-tools-builds-business-global-supplier,1599197279
HD,"Grand Rounds Secures $175 Million Investment, Led by The Carlyle Group, to Accelerate Clinical Navigation and Virtual Primary Care","Grand Rounds, a leader in healthcare quality and clinical navigation, announced a $175 million investment led by The Carlyle Group. The funding will be used to accelerate clinical navigation and virtual primary care accessibility, helping the company scale to meet the growing needs of its six million members across 130+ employers. This investment underscores the expanding role of digital health and healthcare navigation in improving patient outcomes and reducing costs.",https://www.prnewswire.com/news-releases/grand-rounds-secures-175-million-investment-led-by-the-carlyle-group-to-accelerate-clinical-navigation-and-virtual-primary-care-301126433.html,1599628340
HD,Grand Rounds lands $175M cash infusion backed by The Carlyle Group,"Grand Rounds, a personal healthcare assistant company, has secured a $175 million funding round led by The Carlyle Group, bringing its total funding to $270 million and valuing the company at $1.34 billion. The company plans to use the new funds to accelerate clinical navigation and virtual primary care initiatives, having seen rapid growth and increased service usage by 55% over the past year, especially during the COVID-19 pandemic. Grand Rounds uses data and algorithms to connect over 6 million workers from companies like Walmart and Home Depot with healthcare providers and services.",https://www.fiercehealthcare.com/tech/grand-rounds-lands-175m-cash-infusion-backed-by-carlyle-group,1599648120
HD,The Home Depot Expands Livestream Workshop Offerings with Hurricane & Storm Preparedness Class Starting September 14,"The Home Depot is launching a new Hurricane & Storm Preparedness Livestream Workshop starting September 14, in response to a predicted record-high hurricane season. These free digital workshops will provide essential tips and resources for families to prepare their homes for hurricanes, tornadoes, and floods. The initiative also highlights Home Depot's broader commitment to disaster relief and community support through The Home Depot Foundation.",https://ir.homedepot.com/news-releases/2020/09-10-2020-130219796,1599715679
HD,Home Depot expands Black Friday deals to limit store crowding amid pandemic,"Home Depot announced it is expanding its Black Friday deals to start in early November and run through December to avoid store crowding during the COVID-19 pandemic. The retailer aims to reduce the ""frenzied one-day shopping"" experience by offering extended sales both in-store and online, along with free shipping on over 1 million items. All Home Depot stores will also be closed on Thanksgiving Day.",https://whnt.com/news/home-depot-expands-black-friday-deals-to-limit-store-crowding-amid-pandemic/,1599723360
HD,Home Depot building first new Greater Washington store in more than a decade,"The Home Depot is constructing its first new store in the Greater Washington area in over a decade. This new store is located in Haymarket and is part of a larger, long-planned shopping center.",https://www.bizjournals.com/washington/news/2020/09/11/home-depot-building-in-haymarket.html,1599863236
HD,Home Depot Changing Up Black Friday Due to Current Situations,"Home Depot announced changes to its Black Friday strategy for the upcoming holiday season, primarily to help control the spread of COVID-19. Instead of a single day of sales, the retailer will offer Black Friday prices throughout November and December, both in-store and online. This aims to reduce crowds and provide a less stressful shopping experience.",https://www.sciotopost.com/home-depot-changing-black-friday-due-current-situations/,1599974879
HD,Home Depot could become marquee tenant at I-49 Industrial Center,"Home Depot may become the main tenant at the I-49 Industrial Center in south Kansas City, occupying a 297,600-square-foot distribution facility. This move is projected to create at least 48 new jobs for the area. The potential facility is referred to as ""Project Rhino.""",https://www.bizjournals.com/kansascity/news/2020/09/14/home-depot-project-rhino-i49-industrial-center.html,1600061279
HD,"J&J Snack Foods names Walmart, Coca Cola, Home Depot veteran Ken Plunk as CFO","J&J Snack Foods Corp. has appointed Ken Plunk as senior vice president and CFO, effective September 21, 2020. Plunk brings extensive corporate and operational finance experience from leadership roles at Walmart, Home Depot, and Coca-Cola, having previously overseen financial planning and analysis for Walmart's international portfolio. He also served as CFO for Walmart China and held senior finance positions for Sam's Club and U.S. finance.",https://www.vendingtimes.com/news/jj-snack-foods-names-walmart-veteran-ken-plunk-as-cfo/,1600727825
HD,Home Depot Is Selling A 12-Foot Skeleton Just In Time For Spooky Season And People Are Obsessed,"Home Depot's 12-foot skeleton is a highly sought-after Halloween decoration, captivating customers despite its massive size and assembly challenges. The article highlights the social media frenzy around this $300 item, with many declaring it a must-have for the 2020 spooky season. Although currently sold out, its popularity underscores a collective desire for lighthearted fun during a challenging year.",https://www.buzzfeed.com/shelbyheinrich/12-foot-skeleton-home-depot,1601011679
HD,"About 3,500 US Companies Sue Over Trump-Imposed Chinese Tariffs","Around 3,500 U.S. companies, including major firms like Tesla, Ford, and Target, have filed lawsuits against the Trump administration for imposing tariffs on over $300 billion in Chinese goods. These lawsuits allege that the administration failed to impose tariffs within the required 12-month period and did not comply with administrative procedures, challenging the ""unbounded and unlimited trade war"" with China. This legal action comes after the World Trade Organization found the U.S. breached global trading rules with its tariffs against China.",https://www.voanews.com/a/economy-business_about-3500-us-companies-sue-over-trump-imposed-chinese-tariffs/6196379.html,1601061240
HD,"Made in America: Amid tariffs and coronavirus, domestically produced flooring may gain preference. - April 2020","This article discusses how tariffs on Chinese imports and the potential impact of the coronavirus on the supply chain may lead to increased preference for domestically produced flooring in the U.S. It highlights the growth in U.S. manufacturing across various flooring categories including carpet, resilient, ceramic, hardwood, laminate, and rugs, identifying key domestic players and their market shares. The article suggests that these external pressures could encourage a ""Made in America"" trend in the flooring industry.",https://www.floordaily.net/floorfocus/made-in-america-amid-tariffs-and-coronavirus-domestically-produced-flooring-may-gain-prefer,1601246834
HD,Roundup Class Action Lawsuit Claims Home Depot Failed to Warn,"A proposed Roundup class action lawsuit against Home Depot, filed by plaintiff James Weeks, alleges the retailer failed to warn consumers about the herbicide's cancer-causing chemicals under California's Proposition 65. The U.S. District Court judge allowed an amended complaint to clarify these claims, denying Home Depot's argument that federal law preempts the state law action regarding ""point-of-sale"" warnings. The lawsuit claims Home Depot knew of the risks associated with Roundup but continued to sell it without adequate warnings on shelves, despite the active ingredient glyphosate being linked to various cancers and listed as a carcinogen under Proposition 65.",https://topclassactions.com/lawsuit-settlements/medical-problems/cancer-medical-problems/roundup-class-action-lawsuit-claims-home-depot-failed-to-warn/,1601270879
HD,Home Depot’s loyalty update gets mobile-first treatment,"Home Depot has updated its Pro Xtra loyalty program, integrating it with a mobile app to offer home-improvement professionals easier ways to earn and redeem points. The app provides a ""mobile-first"" experience, allowing users to track purchases and savings via a virtual ID barcode, and includes gamified features to encourage repeat business. This move reflects Home Depot's broader strategy of leveraging technology to enhance customer engagement and capitalize on strong sales growth seen during the pandemic.",https://www.marketingdive.com/news/home-depots-loyalty-update-gets-mobile-first-treatment/586193/,1601526351
HD,The Home Depot Names Ted Decker President and Chief Operating Officer; Announces Additional Senior Leadership Promotions,"The Home Depot announced that Edward ""Ted"" P. Decker has been named president and chief operating officer, effective October 5, 2020. This promotion is part of several senior leadership changes aimed at strengthening the company's strategic leadership and operational efficiency. Other key promotions include Ann-Marie Campbell to EVP of U.S. stores and international operations, Jeff Kinnaird to EVP of merchandising, Michael Rowe to president of The Home Depot Canada, and Richard McPhail to additionally oversee corporate strategy.",https://ir.homedepot.com/news-releases/2020/10-02-2020-133032438,1601612751
HD,The Home Depot announces five senior leadership promotions - Atlanta Business Chronicle,"The Home Depot has announced five senior leadership promotions, with Edward “Ted” P. Decker appointed as president and COO, effective October 5. CEO Craig Menear stated that these promotions aim to strengthen leadership and operational efficiency, allowing him to focus on the company's long-term growth and strategic positioning.",https://www.bizjournals.com/atlanta/news/2020/10/02/home-depot-announces.html,1601677637
HD,Berkshire Crossing Shopping Center sold to subsidiary of Michigan-based real estate investment trust,"The Berkshire Crossing Shopping Center in Pittsfield was sold for $16.8 million to Agree Stores LLC, a subsidiary of Michigan-based Agree Realty Corp. The 14.9-acre property, which houses 16 stores including Walmart and Home Depot, was acquired from Brixmor Property Group. Agree Realty, founded in 1971, specializes in acquiring and developing properties leased to industry-leading retail tenants, owning 936 properties in 46 states as of June 30.",https://www.berkshireeagle.com/archives/berkshire-crossing-shopping-center-sold-to-subsidiary-of-michigan-based-real-estate-investment-trust/article_cb7b086a-189d-5b6a-a2db-6731f9f79463.html,1601847679
HD,Shaking Up Aging in Place,"The Home Depot has launched a new ""Independent Living"" program in partnership with National Seating & Mobility (NSM) to cater to the growing senior market wishing to age in place. The program offers in-home consultations and installation services for accessibility modifications like ramps, stairlifts, and grab bars, initially rolling out in select New Jersey and Missouri stores. This initiative aims to address the significant demand for home modifications as a large percentage of the aging population prefers to remain in their current homes.",https://www.homecaremag.com/october-2020/home-depot-aging-in-place,1601871951
HD,Industrial Distribution's 2020 Big 50 List,"Industrial Distribution's 2020 Big 50 List ranks industrial distributors based on their 2019 sales figures, acknowledging the unprecedented challenges faced by the industry due to the pandemic. The article provides a concise reference list of the top 50 companies, along with methodology and additional resources such as video countdowns and editor contacts. It highlights the mixed scenarios distributors encountered, from record sales in 2019 to pandemic-induced setbacks and ongoing initiatives to gain market share.",https://www.inddist.com/big-50/article/21196314/industrial-distributions-2020-big-50-list,1602020506
HD,The Home Depot Announces 2020 Innovation Award Winners,"The Home Depot announced its 2020 Innovation Award winners, recognizing top product innovations in various categories. The Overall Winner, the Frigidaire Air Fry Range, and First Runner Up, the Masterbuilt Gravity-Fed Grill/Smoker, highlighted breakthroughs in cooking technology. The company also honored several other finalists and presented additional supplier awards for environmental impact, interconnected customer experience, marketing innovation, and supplier diversity.",https://ir.homedepot.com/news-releases/2020/10-07-2020-210116611,1602109636
HD,"Business Is Good If You’re a Builder, but Will It Last?","The COVID-19 pandemic has unexpectedly fueled a booming business for new-home builders as Americans seek more comfortable and spacious living arrangements. However, this momentum faces challenges from supply chain disruptions, soaring lumber prices, and persistent labor shortages. The article explores how builders are adapting to these issues and future uncertainties while highlighting the shift in housing demand towards suburbs and the increased reliance on virtual operations in the home-buying process.",https://builderonline.com/builder-100/business-is-good-if-youre-a-builder-but-will-it-last_o,1602113195
HD,ETF of the Week: iShares U.S. Home Construction ETF (ITB),"This article discusses the iShares U.S. Home Construction ETF (ITB), highlighting its performance and the factors driving the homebuilding sector's resilience during the COVID-19 pandemic. It notes that the ETF offers exposure to U.S. homebuilding and related industries, featuring strong returns compared to the S&P 500. The piece attributes this growth to a shift in living preferences and low-interest rates, creating a strong market for homebuilders.",https://etfdb.com/equity-etf-content-hub/etf-of-week-ishares-u-s-home-construction-itb/,1602130175
HD,Best Work-Life Balance 2020,"Comparably has released its lists for the Top 100 highest-rated companies for Work-Life Balance in 2020, based on anonymous employee feedback. The lists are divided into Large Companies (over 500 employees) and Small/Mid-Size Companies (500 employees or fewer). The methodology involved sentiment ratings from employees over a 12-month period, with specific criteria for company inclusion based on employee participation.",https://www.comparably.com/news/best-work-life-balance-2020/,1602132203
HD,The Home Depot Expands Pro Xtra Loyalty Program,"The Home Depot has expanded its Pro Xtra loyalty program, introducing new benefits and rewards for its Pro customers. Members can now earn rewards for in-store purchases and redeem perks like Tool Rental Perks and Pro Xtra Dollars via the Home Depot mobile app. The program's new mobile-first design, informed by customer feedback, aims to offer a more personalized experience, helping Pros save time and money.",https://www.cleanlink.com/news/article/The-Home-Depot-Expands-Pro-Xtra-Loyalty-Program--26170,1602217551
HD,"The Most Important Question You Can Ask Your Employees, According to Home Depot's Co-Founder","Arthur Blank, co-founder of Home Depot, emphasizes the importance of a strong corporate culture in his new book, ""Good Company."" He shares insights from his career, including experiences at Home Depot and his subsequent ventures, highlighting the impact of values-driven leadership and employee empowerment. Blank suggests that the ultimate measure of a company's culture is whether employees believe the organization is ""worthy of your life.""",https://www.inc.com/bill-saporito/arthur-blank-home-depot-corporate-culture-good-company.html,1602541637
HD,"Motel 6, Home Depot Fire Dallas Ad Agency Over Founder's Racially Insensitive Remarks","Motel 6 and The Home Depot severed ties with their long-time ad agency, Dallas-based The Richards Group, after the agency's founder, Stan Richards, made racially insensitive comments during an internal meeting. Richards admitted to saying ""It's too Black"" when reviewing a proposed multicultural campaign for Motel 6. Both companies cited their zero-tolerance policies for discrimination and quickly terminated their contracts, with Cracker Barrel also withdrawing consideration of The Richards Group for their advertising business.",https://www.nbcdfw.com/news/business/motel-6-home-depot-fire-dallas-ad-agency-over-founders-racially-insensitive-remarks/2460623/,1602649551
HD,"The Home Depot Rental Opens New Rental Centers, Operations Facilities","The Home Depot Rental has announced the opening of 10 new rental centers and rental operations facilities, expanding its services for both customers and professional contractors. These new locations and facilities aim to enhance the rental experience, provide a wider assortment of large equipment, and improve fleet management efficiency. The company is strategically mapping these new centers to meet growing market demands and plans for further expansion.",https://www.forconstructionpros.com/rental/press-release/21198320/the-home-depot-the-home-depot-rental-opens-new-rental-centers-operations-facilities,1602649551
HD,"Port KC could issue bonds for Home Depot facility, Platform Ventures spec soon","Port KC is considering authorizing $70 million in bonds to fund 664,200 square feet of new industrial construction at the I-49 Industrial Center. This includes a possible 297,600-square-foot rail-served distribution center for The Home Depot Inc. and a speculative project by Platform Ventures. The Home Depot facility is currently undergoing due diligence.",https://www.bizjournals.com/kansascity/news/2020/10/14/port-kc-platform-ventures-home-depot-spec-building.html,1602649551
HD,"Home Depot, Motel 6 Drop Richards Group Ad Agency Over Founder's Racist Remark","Home Depot and Motel 6 have severed ties with advertising agency Richards Group following reports that its founder, Stan Richards, made a racist comment about a proposed ad campaign. Richards allegedly stated that a Motel 6 ad was ""too Black"" and would not resonate with the chain's ""significant White supremacist constituents"" during an internal agency meeting. The incident has led to a number of consumer companies cutting their relationships with the agency.",https://www.bloomberg.com/news/articles/2020-10-14/home-depot-motel-6-drop-ad-agency-over-founder-s-racist-remarks,1602696000
HD,Motel 6 and Home Depot Drop Ad Agency After Its Founder Calls Ad ‘Too Black’ (Published 2020),"Motel 6, Home Depot, and Keurig Dr Pepper have terminated their relationships with The Richards Group advertising agency. This decision followed reports that the agency's 87-year-old founder, Stan Richards, made racist remarks, describing a proposed Motel 6 ad as ""too Black"" and referencing ""white supremacist constituents"" during an internal meeting. The companies cited outrage and immediately began seeking new advertising partners.",https://www.nytimes.com/2020/10/14/business/media/richards-group-motel-6.html,1602714437
HD,"Friend Tire enters Florida market, leases industrial space","Friend Tire Company, a subsidiary of Yokohama Rubber, has expanded into the Florida market by leasing a 46,020-square-foot industrial space in Four Corners Business Park in Davenport. The new facility will serve as a regional distribution center for the wholesale tire company, aiming to enhance its supply chain in the Southeast. Colliers International facilitated the lease transaction, highlighting the strategic location with excellent access to major interstates and key markets like Orlando and Tampa.",https://patch.com/florida/lakeland/friend-tire-enters-florida-market-leases-industrial-space,1603198260
HD,Sam's Club expands autonomous floor-sweeping robots to all U.S. stores,"Sam's Club is expanding its partnership with Brain Corp to deploy autonomous floor-scrubbing robots to all its U.S. stores, totaling around 600 locations. This initiative builds on Walmart's earlier collaboration with Brain Corp and also includes an expanded shelf analytics pilot with cleaning company Tennant to improve pricing accuracy and product availability. The move highlights a growing trend of robotics in big box retail to enhance efficiency and promote contactless environments.",https://venturebeat.com/technology/sams-club-expands-autonomous-floor-sweeping-robots-to-all-u-s-stores,1603256078
HD,WD-40 CEO reveals 3 of the craziest ways his lubricating spray has been used,"WD-40's CEO, Garry Ridge, highlights some unconventional uses for the company's famous lubricating spray, including deterring squirrels from bird feeders and freeing a burglar from an air conditioning duct. The article also notes the company's strong sales growth during the COVID-19 pandemic, attributed to increased home renovation activities. WD-40's fourth fiscal quarter saw a 5% increase in sales year-over-year, with significant surges in the Americas and EMEA regions.",https://finance.yahoo.com/news/wd-40-ceo-reveals-3-of-the-craziest-ways-his-lubricating-spray-has-been-used-211508674.html,1603323387
HD,The Home Depot Expands At-Home Learning Resources for Kids with Virtual Field Trips,"The Home Depot has expanded its educational resources for children by launching a new ""Virtual Field Trips"" video series, providing behind-the-scenes tours from suppliers. This initiative aims to support families and teachers with free, interactive online educational projects, building on its existing Science Fair Central platform and monthly kids' workshops. The program kicks off with features on Bonnie Plants and Back to the Roots, offering engaging content and accompanying DIY projects.",https://ir.homedepot.com/news-releases/2020/10-22-2020-130302474,1603340751
HD,Home Depot Won a Lot of Customers During the Pandemic. The Trick Is Keeping Them.,"Home Depot unexpectedly saw a surge in customer traffic to both its online and physical stores during the pandemic, despite initially preparing for a drop. This increase was driven by people spending stay-at-home savings and stimulus checks on home-improvement projects. As a result, the company reported its strongest quarterly sales growth in nearly 20 years, with May-to-July revenue up 23% to $38.1 billion compared to the previous year.",https://www.wsj.com/business/retail/home-depot-won-a-lot-of-customers-during-the-pandemic-the-trick-is-keeping-them-11603533601?gaa_at=eafs&gaa_n=AWEtsqcErRXk4E36ix865oO6QbwUT2VxPMJI2GY-3kl-hcLc-9ZPASPSIxr_&gaa_ts=6907dde4&gaa_sig=kMaqMaA-FyBi5TFbR5qb6YbT1ZkVFWcyaPXSSLKKVcSxnD69_lOlaBD-7lZvLXRvL-fymbl1B7vY0WCM4rN-Fg%3D%3D,1603578436
HD,STREETWISE: Home Depot thrives during the pandemic,"Home Depot has successfully navigated the COVID-19 pandemic by leveraging its ""One Home Depot"" strategy, focusing on omnichannel capabilities and an interconnected shopping experience. The company has seen significant growth in sales and earnings, partly due to strategic investments in its online platform and in-store technologies like automated lockers and digital price labels. These initiatives, coupled with its ability to negotiate low prices with suppliers, have allowed Home Depot to thrive despite challenges faced by other retailers.",https://www.heraldtribune.com/story/business/2020/10/25/streetwise-home-depot-thrives-during-pandemic/6006651002/,1603607880
HD,Home Depot won a lot of customers during the pandemic. The trick is keeping them.,"Home Depot saw a significant surge in sales during the COVID-19 pandemic as customers invested in home improvement projects. The company credits its robust digital technology and cloud infrastructure for handling the increased demand, enabling services like curbside pickup and efficient online order fulfillment. Home Depot is focused on retaining these new customers by continuing to invest in diverse shopping capabilities and supporting both novice and experienced DIYers.",https://www.foxbusiness.com/retail/home-depot-won-a-lot-of-customers-during-the-pandemic-the-trick-is-keeping-them,1603618140
HD,20 Minutes With: Home Depot Co-Founder Arthur Blank,"Home Depot co-founder Arthur Blank discusses his philosophy of ""good capitalism,"" emphasizing balancing profitability with social responsibility. He shares insights on personalizing large companies, addressing societal cynicism towards corporations, and navigating public health concerns in his diverse businesses. Blank also comments on Black Lives Matter protests in the NFL and the importance of supporting social activism.",https://www.barrons.com/articles/20-minutes-with-home-depot-co-founder-arthur-blank-01603738659?gaa_at=eafs&gaa_n=AWEtsqcpQTWXpx1DTvHzc_nFFFQEMh1pxW6kPHIHnWZGKoqvMxHNyHKsO-X3&gaa_ts=699bda4e&gaa_sig=nlUNjK7SP1vHdNXc-EXzDNg-rvyNDgwk6Oik5j8rOHaEsTHjYfbXPVG4ttaMcQ-xArlYg230kfqOSsjeJEFV8A%3D%3D,1603679151
HD,Home Depot debuts virtual field trips for kids,"Home Depot has launched a new series of ""Virtual Field Trips"" catering to children, expanding its existing DIY workshop initiatives. These digital tours, featuring the retailer's suppliers, aim to educate kids on how products reach store shelves. This effort, in collaboration with Discovery Education, also plans to introduce more online resources and projects to the Science Fair Central platform in Spring 2021, aligning with the growing need for remote learning and entertainment during the COVID-19 pandemic.",https://www.retaildive.com/news/home-depot-debuts-virtual-field-trips-for-kids/587637/,1603686351
HD,Home Depot Canada exposes private customer data following systems error,"Home Depot Canada has experienced a data leak where customer information, including names, email addresses, order numbers, and the last four digits of payment cards, was accidentally sent to other customers due to a systems error. While the company stated only a ""very small number of customers"" were affected, some individuals reported receiving hundreds of unsolicited emails. Security experts warn that this leaked data could be leveraged by malicious actors for sophisticated phishing attacks, urging Home Depot to guide customers on how to identify and avoid such scams.",https://siliconangle.com/2020/11/01/home-depot-canada-exposes-private-customer-data-following-systems-error/,1604201190
HD,Lowe’s Is Said to Be in Talks to Acquire HD Supply,"Lowe's Cos. (LOW) is reportedly in preliminary discussions to acquire building products distributor HD Supply Holdings Inc. (HDS). While discussions have occurred with advisers, no final decision has been made, and Lowe's does not currently plan to proceed with a deal despite recent approaches. HD Supply was previously owned by Lowe's competitor, Home Depot.",https://www.bloomberg.com/news/articles/2020-11-09/lowe-s-is-said-to-be-in-talks-to-acquire-hd-supply,1604956740
HD,Owner of Vans and The North Face buys Supreme for $2.1 billion in big streetwear bet,"VF Corp, owner of Vans and The North Face, acquired streetwear brand Supreme for $2.1 billion in a strategic move to bolster its presence in the booming streetwear market. This acquisition aims to grow Supreme's revenue from $500 million to over $1 billion within a few years, leveraging VF Corp's expertise in rehabilitating brands and Supreme's strong direct-to-consumer sales model and rapid product release cycle. The deal, which saw VF Corp shares rise 14%, maintains Supreme's independent management and creative control.",https://fortune.com/2020/11/09/supreme-vf-corp-vans-the-north-face-acquisition/,1604964732
HD,Newmark Completes Sale of Off-Market Home Depot-Occupied Property for $34 Million,"Newmark successfully brokered the sale of an off-market retail property in Paterson, New Jersey, occupied by Home Depot, for $34 million. The 120,000-square-foot building sits on 10 acres and features a long-term ground lease. This transaction highlights the strong demand for properties with investment-grade tenants and long-term triple-net leases, especially for essential businesses during the pandemic.",https://www.nmrk.com/insights/press-releases/newmark-completes-sale-of-off-market-home-depot-occupied-property-for-34-million,1605175200
HD,Here are the businesses closing their doors on Thanksgiving,"Many major retailers and businesses are opting to close their doors on Thanksgiving this year, a shift from previous years. This decision allows their employees and customers to spend time with family, with some companies also citing safety concerns due to the coronavirus pandemic. As a result, Black Friday sales are largely expected to begin online or in stores on Friday morning, bringing back a more traditional start to the holiday shopping season.",https://www.nxsmediawire.com/news/here-are-the-businesses-closing-their-doors-on-thanksgiving/amp/,1605236839
HD,Building Material Consolidation Kicks Into High Gear,"The building material sector is experiencing a significant surge in M&A activity, particularly driven by private equity investments, following a slowdown earlier in the year due to COVID-19. Numerous high-profile deals involving major distributors like US LBM, Foundation Building Materials, HD Supply, and PrimeSource have been announced, indicating a ""fever pitch"" in consolidation. This increased activity suggests a substantial shake-up in the market, despite ongoing challenges in commercial construction and potential shifts in the residential sector.",https://www.mdm.com/article/featured/featured-blog/building-material-consolidation-kicks-into-high-gear/,1605496198
HD,$8B deal as Home Depot reunites with HD Supply,"Home Depot is set to acquire its former subsidiary, HD Supply, in an $8 billion deal. This acquisition will bolster Home Depot's presence in the contractor and professional markets, which have seen significant growth during the pandemic. HD Supply specializes in maintenance, repair, and operations products for the multifamily and hospitality sectors.",https://www.newsnationnow.com/business/8b-deal-as-home-depot-reunites-with-hd-supply/,1605497190
HD,Reuniting: Home Depot Buying HD Supply in $8B Deal,"The Home Depot is reacquiring HD Supply for approximately $8 billion, 13 years after divesting the industrial products distributor. This deal positions Home Depot to expand its presence in the fragmented $55 billion Maintenance, Repair, and Operations (MRO) marketplace, building on its existing MRO business and recent acquisition of Interline Brands. The transaction is expected to close in Home Depot's fiscal fourth quarter, by January 31, 2021.",https://www.inddist.com/mergers-acquisitions/news/21203147/reuniting-home-depot-buying-hd-supply-in-8b-deal,1605497191
HD,Home Depot reunites with HD Supply,"The Home Depot is reacquiring HD Supply Holdings, Inc. in an $8 billion deal, thirteen years after selling it off. This acquisition aims to strengthen Home Depot's position in the maintenance, repair, and operations (MRO) market, complementing its existing MRO business with HD Supply's product offerings and distribution network. The transaction is expected to close in Home Depot's fourth quarter.",https://hbsdealer.com/home-depot-reunites-hd-supply,1605497191
HD,"HD Supply Holdings, Inc. Announces Agreement to be Acquired by The Home Depot, Inc.","HD Supply Holdings, Inc. announced its definitive agreement to be acquired by The Home Depot, Inc. for $56 per share in cash. The all-cash tender offer has been unanimously approved by the Boards of Directors of both companies and is expected to close during The Home Depot's fiscal fourth quarter, ending January 31, 2021. This acquisition aims to benefit customers, associates, and shareholders, strengthening the living space maintenance professional segment.",https://www.globenewswire.com/news-release/2020/11/16/2127280/0/en/HD-Supply-Holdings-Inc-Announces-Agreement-to-be-Acquired-by-The-Home-Depot-Inc.html,1605513720
HD,Home Depot Reunites With HD Supply in Deal Catering to Pros,"Home Depot Inc. has agreed to acquire building products distributor HD Supply Holdings Inc. for approximately $8.7 billion, reuniting the companies over a decade after their split. This acquisition aims to strengthen Home Depot's position in the professional contractor market, which has seen increased demand during the pandemic. The deal is expected to contribute to Home Depot's earnings and was announced shortly after rival Lowe's Cos. was also reported to be in preliminary talks with HD Supply.",https://www.ttnews.com/articles/home-depot-reunites-hd-supply-deal-catering-pros,1605532500
HD,Home Depot to buy back HD Supply in $8 bln deal,"Home Depot announced its acquisition of HD Supply Holdings Inc. for approximately $8 billion, aiming to regain control over the industrial materials wholesaler it spun off over a decade ago. The deal, offering $56 per share, seeks to expand Home Depot's reach into building utility and maintenance products, with the company expecting the acquisition to be accretive to earnings in 2021.",https://www.reuters.com/business/home-depot-buy-back-hd-supply-8-bln-deal-2020-11-16/,1605538980
HD,Home Depot Bets $9 Billion on Life After Covid-19,"Home Depot's decision to acquire HD Supply for $8.7 billion is seen as a strong indicator of confidence in a post-pandemic economic recovery, particularly for industries like hospitality. HD Supply, which Home Depot previously owned, generates a significant portion of its revenue from supplying maintenance products to hotels and resorts, an industry heavily impacted by the pandemic. This acquisition represents a strategic bet by Home Depot on future growth as the world emerges from the Covid-19 crisis.",https://www.bloomberg.com/opinion/articles/2020-11-16/home-depot-takeover-of-hd-supply-is-9-billion-bet-on-post-covid-future,1605547740
HD,"The Home Depot Announces Agreement to Acquire HD Supply Holdings, Inc.","The Home Depot announced its agreement to acquire HD Supply Holdings, Inc. for approximately $8 billion in cash. This acquisition aims to accelerate sales growth by positioning The Home Depot as a premier provider in the MRO marketplace, serving multifamily and hospitality end markets. The transaction is expected to be accretive to earnings per share in fiscal 2021 and is anticipated to close during The Home Depot's fiscal fourth quarter, which ends January 31, 2021.",https://ir.homedepot.com/news-releases/2020/11-16-2020-130214974,1605565635
HD,Home Depot (HD) Buying HD Supply (HDS) In $8 Billion Deal,"Home Depot (HD) announced it is reacquiring HD Supply Holdings Inc (HDS) in an $8 billion deal, paying $56 per share. HD Supply, a national distributor of maintenance, repair, and operations (MRO) products, was spun out of Home Depot over a decade ago. The acquisition is expected to close in Q4 of Home Depot’s fiscal year and will be funded through cash on hand and debt, with projections for the deal to be accretive to earnings in fiscal 2021.",https://pulse2.com/home-depot-buying-hd-supply/,1605565636
HD,Home Depot to Acquire HD Supply Holdings for $8.7 Billion,"The Home Depot Inc. is acquiring HD Supply Holdings Inc. for $8.7 billion, or $56 per share, returning HD Supply to its former owner. This all-cash tender offer is expected to close in Home Depot's fiscal fourth quarter, pending regulatory approval. Both companies' boards have approved the deal, which Home Depot anticipates will accelerate sales growth in the highly fragmented $55 billion MRO market.",https://www.mdm.com/news/operations/mergers-acquisitions/home-depot-to-acquire-hd-supply-holdings-for-8-7-billion/,1605565637
HD,Home Depot to acquire HD Supply for about $8 billion,"The Home Depot announced an agreement to acquire HD Supply Holdings, Inc. for approximately $8 billion, purchasing all outstanding shares for $56 per share. This acquisition is expected to make Home Depot a leader in the MRO market, accelerating sales growth by better serving customers in the fragmented $55 billion marketplace. The sale is subject to regulatory approvals and is expected to be completed by January 1, 2021, funded by cash on hand and debt.",https://cobbcountycourier.com/2020/11/home-depot-to-acquire-hd-supply-for-about-8-billion/,1605565637
HD,"The Home Depot Announces Third Quarter Results; Plans to Invest Approximately $1 Billion in Annualized Permanent Compensation Enhancements for Frontline, Hourly Associates","The Home Depot reported strong third-quarter 2020 results, with sales increasing by 23.2% to $33.5 billion and net earnings rising to $3.4 billion. The company announced plans to invest approximately $1 billion in annualized permanent compensation enhancements for frontline, hourly associates, transitioning from temporary COVID-19 related bonuses. This investment reflects continued outsized demand for home improvement projects and the company's commitment to its associates.",https://ir.homedepot.com/news-releases/2020/11-17-2020-110129081,1605583590
HD,Home Depot boosts staff pay by $1 bln after uninterrupted sales surge,"Home Depot announced it will spend an additional $1 billion annually on employee wages, transitioning some pandemic-era benefits to permanent pay increases for frontline hourly staff. This move follows a sustained surge in demand for home improvement products due to the COVID-19 pandemic and a strengthening housing market, even as the company's stock experienced a slight dip despite beating quarterly sales and profit estimates.",https://www.reuters.com/business/home-depot-boosts-staff-pay-by-1-bln-after-uninterrupted-sales-surge-2020-11-17/,1605635880
HD,Home Depot Plans Workforce Investment as Pandemic Brings Another Strong Quarter,"Home Depot reported strong sales growth in its latest quarter, driven by increased home-improvement projects during the pandemic. The company's revenue exceeded expectations, reaching $33.54 billion, with same-store sales growing 24% year-over-year. In response to its strong performance, Home Depot also announced a permanent increase in compensation for its front-line workers, a program estimated to cost around $1 billion annually.",https://www.wsj.com/business/retail/home-depot-posts-3q-profit-as-sales-rise-11605612820?gaa_at=eafs&gaa_n=AWEtsqdx_oTcdnovuT22FkLteno-In7Vx_ycGSPvo-DQblhRrWa8eXzOdwxD&gaa_ts=6907dde7&gaa_sig=zQBBAVDmLqsCofXDCP6cUvaj0EC1W2uFNyD9KyDUGMz_xry3w74lNERN8qu0-7PI8KF4XVtRwLPekGnB4V-8fA%3D%3D,1605652036
HD,A COVID Shadow Gives Black Friday Retail New Meaning,"This article discusses the unique challenges and opportunities for retail during Black Friday 2020 due to the COVID-19 pandemic. It suggests that while the virus casts a shadow, there's potential for revenue boosts, particularly highlighted by the Direxion Daily Retail Bull 3X ETF (RETL B+). The article also touches upon the ""K-shaped"" recovery and the resilience of U.S. consumers, noting strong spending in certain sectors like home goods.",https://etfdb.com/leveraged-inverse-channel/covid-shadow-gives-black-friday-retail-new-meaning/,1605654672
HD,Home Depot seeks MRO dominance with HD Supply acquisition,"The Home Depot announced its acquisition of HD Supply Holdings Inc., a distributor of MRO products, for approximately $8 billion. This strategic move aims to accelerate Home Depot's sales growth by enhancing its MRO business and expanding its reach in the fragmented $55-billion marketplace. The acquisition is expected to benefit customers, associates, and shareholders of both companies, strengthening Home Depot's position in the MRO sector.",https://www.ebmag.com/home-depot-seeks-mro-dominance-with-hd-supply-acquisition/,1605738437
HD,Home Depot Founder Arthur Blank Talks Big New Gifts and His Philanthropic Legacy,"Arthur Blank, co-founder of Home Depot and a signatory of the Giving Pledge, discusses his recent significant philanthropic contributions, including $200 million to Children's Healthcare of Atlanta and $20 million to the University of Texas at Austin for stuttering research. He shares how his personal experiences, family values, and new memoir, ""Good Company,"" have shaped his approach to giving, emphasizing investing in children and leveling the playing field for all. His family foundation, which includes his children, continues to support various causes, ensuring his philanthropic legacy will endure.",https://www.insidephilanthropy.com/home/2020-11-19-home-depot-founder-arthur-blank-talks-big-new-gifts-and-his-philanthropic-legacy,1605824838
HD,College student fired from Sherwin-Williams after his paint-mixing TikTok videos go viral,"A college student, Tony Piloseno, was fired from Sherwin-Williams after his paint-mixing TikTok videos went viral, accumulating over 1.4 million followers. Despite his efforts to propose his TikTok presence as a marketing strategy to the company, he was terminated in July for ""gross misconduct,"" including using company property and embarrassing the company, following a customer complaint about experimental paint mixing. Piloseno maintained he purchased the paint used for videos made outside of customer orders, though he admitted to filming some early videos during work hours.",https://www.pennlive.com/life/2020/11/college-student-fired-from-sherwin-williams-after-his-paint-mixing-tiktok-videos-go-viral.html,1606221600
HD,Home Depot reaches $17.5 mln settlement over 2014 data breach,"Home Depot has agreed to a $17.5 million settlement with 46 U.S. states and Washington, D.C., concerning a 2014 data breach that exposed payment card data of 40 million customers. The retailer, which had previously incurred $198 million in pre-tax expenses and settled other related litigation, did not admit liability but committed to security upgrades and hiring a chief information security officer. The breach occurred when hackers used a vendor's credentials to access the company's network and deploy custom malware.",https://www.reuters.com/business/home-depot-reaches-175-mln-settlement-over-2014-data-breach-2020-11-24/,1606246140
HD,Attorney General Becerra Announces $17.5 Million Settlement Against Home Depot Over Credit Card Data Breach,"California Attorney General Xavier Becerra announced a $17.5 million multistate settlement with The Home Depot, Inc. regarding a 2014 data breach that compromised approximately 40 million customer payment cards. California will receive over $1.8 million from the settlement, which also mandates significant security improvements for Home Depot to prevent future breaches. This settlement reinforces the Attorney General's commitment to holding companies accountable for protecting consumer information, following similar actions against Anthem, Equifax, and Target.",https://oag.ca.gov/news/press-releases/attorney-general-becerra-announces-175-million-settlement-against-home-depot,1606256836
HD,Home Depot Agrees to Pay $17.5 Million in Multistate Settlement Following 2014 Data Breach,"Home Depot has agreed to pay $17.5 million in a multistate settlement after its 2014 data breach compromised 56 million payment card numbers. The settlement, divided among 46 states and D.C., also mandates that the company implement comprehensive data security practices, including appointing a chief information security officer, providing security training, and enhancing safeguards like encryption and penetration testing. This follows a previous settlement in 2017 with financial institutions affected by the breach.",https://www.hunton.com/privacy-and-information-security-law/home-depot-agrees-to-pay-17-5-million-in-multistate-settlement-following-2014-data-breach,1606343236
HD,"Harley Goes Solar With Over 8,000 Panels Atop Pilgrim Road Plant","Harley-Davidson has installed nearly 8,400 solar panels at its Pilgrim Road Powertrain Operations facility in partnership with WEC Energy Group. This solar farm will generate 2.25 megawatts of power, enough to supply around 400 homes, with the energy being funneled into the grid by We Energies. This initiative is part of Harley-Davidson's commitment to green energy under Jochen Zeits' leadership, although the direct implications for electric motorcycle production like the LiveWire remain uncertain.",https://www.rideapart.com/news/456639/harley-installs-8000-solar-panels/,1606389000
HD,Is Black Friday canceled this year? How COVID is changing Black Friday 2020,"COVID-19 has significantly altered Black Friday 2020, leading many major retailers like Walmart and Target to close on Thanksgiving Day. Retailers are also spreading out deals over several weeks or months to reduce crowds and encouraging online shopping. Additionally, mask requirements are in place, and some stores are enhancing free delivery options.",https://www.cbsnews.com/news/is-black-friday-2020-canceled-covid-changes/,1606465860
HD,Home Depot Deal Raises Buildings Materials M&A to Record Height,The acquisition of HD Supply Holdings Inc. by Home Depot Inc. for $8.7 billion has pushed North American building materials mergers and acquisitions to a record high of $15.2 billion. This surge in M&A activity is attributed to increased home remodeling during the Covid-19 pandemic and stay-at-home orders. The current deals have surpassed the previous record set in 2007.,https://www.bloomberg.com/news/articles/2020-11-30/home-depot-deal-raises-buildings-materials-m-a-to-record-height,1606730400
HD,DICK’S Sporting Goods and Rite Aid Join Coalition to Combat Sale of Fraudulent Goods,"DICK'S Sporting Goods, Rite Aid, HP Inc., and OpSec Security have joined the Buy Safe America Coalition to combat the sale of fraudulent goods, urging Congress to pass the INFORM Consumers Act. This act would require online marketplaces to verify seller information, aiming to protect consumers and employees from organized retail crime and counterfeit products, especially with the surge in online holiday shopping.",https://losspreventionmedia.com/dicks-sporting-goods-and-rite-aid-join-coalition/,1606875846
HD,The Home Depot to Open Two New Distribution Centers in Newark Area,"The Home Depot announced plans to open two new distribution centers in Perth Amboy, New Jersey, over the next 12 months, creating over 400 new jobs in the tri-state area. This expansion is part of a $1.2 billion investment in its supply chain network to improve flexible customer delivery options for both DIY and Pro customers. The new facilities will enhance same-day and next-day delivery capabilities for bulk, oversized, and appliance orders.",https://ir.homedepot.com/news-releases/2020/12-02-2020-130316336,1606876390
HD,"3 out of 4 Americans Built Up Their Home Improvement Skills in 2020, CRAFTSMAN® Built@Home Survey Finds","A new CRAFTSMAN survey found that 78% of Americans honed their home improvement skills during the COVID-19 pandemic, with most wishing for more renovation know-how. The survey detailed top projects, the increase in power tool usage, and a shift towards more advanced renovations in 2021. CRAFTSMAN is also donating $500,000 to Rebuilding Together and Feeding America to support communities impacted by COVID-19.",https://www.prnewswire.com/news-releases/3-out-of-4-americans-built-up-their-home-improvement-skills-in-2020-craftsman-builthome-survey-finds-301183479.html,1606877758
HD,Data Breaches Can Cost $$ – Plus Ongoing Obligations (ask Home Depot): Lessons and Takeaways,"This article details the costly settlement Home Depot reached with 46 states and D.C. following its 2014 data breach, which exposed 40 million customer payment cards. Beyond a $17.5 million monetary payment, the settlement mandates extensive security overhauls and ongoing oversight, in addition to over $180 million already paid in litigation. The piece highlights a valuable list of specific information security requirements that businesses can learn from to protect sensitive data and avoid similar penalties.",https://www.mintz.com/insights-center/viewpoints/2826/2020-12-02-data-breaches-can-cost-plus-ongoing-obligations-ask-home,1606948036
HD,"Kroger, other retailers see 'eye-popping profits' as workers reap little benefit","A new report by the Brookings Institution reveals that supermarket chains and other food retailers saw their profits soar by an average of 39% in the first half of the year due to the pandemic, with Kroger's profits jumping 90%. Despite these ""eye-popping profits,"" front-line workers largely reaped little benefit, as many retailers quickly ended ""hero pay"" and replaced it with less generous bonuses. The report highlights inequalities between worker compensation and company financial performance, prompting unions to press for the reinstatement of hazard pay amidst rising COVID-19 cases.",https://www.freep.com/story/news/local/michigan/2020/12/04/kroger-walmart-amazon-profits-covid-19-pandemic/6458910002/,1607121715
HD,Large retailers’ pandemic earnings continue to soar long after hazard pay ends,"During the COVID-19 pandemic, large retailers have experienced soaring profits and stock prices, while compensation for their low-wage front-line workers has not seen a proportional increase. Many essential businesses initially offered hazard pay, but most discontinued it by June, even as the pandemic worsened. This disparity is exemplified by ongoing contract disputes between Kroger's Houston division and its union, UFCW Local 455, over reinstating hazard pay and changes to health care and pension plans, despite the company's significant profit growth.",https://kinder.rice.edu/urbanedge/large-retailers-pandemic-earnings-continue-soar-long-after-hazard-pay-ends,1607308719
HD,Home Depot Credit Card — Financing With No Interest For a Certain Period,"The Home Depot credit card offers consumers financing options with no interest for certain periods, depending on purchase amounts. There are two types of consumer cards: the Home Depot Consumer Credit Card and the Home Depot Project Loan Card, neither of which has an annual fee. While store cards don't offer cash-back rewards, Home Depot frequently provides promotional discounts and allows extended return periods for cardholders.",https://marketrealist.com/p/is-home-depot-credit-card-worth-it/,1608041460
HD,Home Depot to pay $20M fine for lead paint violations,"Home Depot has agreed to pay a $20.75 million settlement for lead paint violations across the country, marking the highest civil penalty under the Toxic Substances Control Act. The settlement, reached with the U.S. Environmental Protection Agency and the Justice Department, addresses issues where the company's subcontractors failed to adhere to lead paint regulations in homes built before 1978. Home Depot will also make system-wide changes to ensure contractors are EPA-certified and follow lead-safe practices.",https://www.foxbusiness.com/industrials/home-depot-fine-lead-paint-violations,1608211620
HD,Home Depot to Pay $21 Million Penalty for Alleged Lead-Safety Violations,"Home Depot Inc. has agreed to pay a $20.75 million penalty in a settlement with U.S. regulators for alleged lead safety violations. The Environmental Protection Agency investigated five customer complaints and found that Home Depot sent uncertified firms to conduct renovations that required certified firms, and that subcontracted firms in some cases failed to follow lead-safe work practices or maintain proper records.",https://www.wsj.com/articles/home-depot-to-pay-21-million-penalty-for-alleged-lead-safety-violations-11608247337?gaa_at=eafs&gaa_n=AWEtsqe3yf-dWevbLXRLf-zGeiKq7yj0PVe987yjegYnNE7is21g6yYFToPA&gaa_ts=6907dde7&gaa_sig=a1rA9ZykpXLLtbgpGsOYddezDFd-z03wNJCqg0WR_QsYRAa2qkfAXr0kIQbOhLkGQIpLbp66SdgbTekAPkDsSw%3D%3D,1608244036
HD,Home Depot in trouble after Black Lives Matter dispute with worker,"The National Labor Relations Board (NLRB) has ruled that a Minnesota Home Depot store violated federal law by telling an employee to remove a ""BLM"" marking from their work apron and constructively discharging them when they refused. The NLRB found that the employee's refusal was ""protected concerted activity"" under the National Labor Relations Act (NLRA) and ordered Home Depot to offer reinstatement and back pay. A dissent argued that the BLM display was not directly related to workplace discrimination.",https://www.hrmorning.com/news/black-lives-matter-home-depot/,1608589637
HD,The Home Depot Completes Acquisition of HD Supply,"The Home Depot has completed its acquisition of HD Supply Holdings, Inc. for approximately $8 billion, as announced on November 16, 2020. This strategic move aims to enhance Home Depot's services for MRO customers and position it as a premier provider in the $55 billion MRO marketplace. HD Supply, a national distributor of maintenance, repair, and operations products, will become a wholly-owned subsidiary of The Home Depot.",https://corporate.homedepot.com/news/company/home-depot-completes-acquisition-hd-supply,1608777189
HD,The Home Depot Completes Acquisition of HD Supply,"The Home Depot has completed its acquisition of HD Supply Holdings, Inc. for approximately $8 billion, aiming to enhance its position in the maintenance, repair, and operations (MRO) marketplace. This acquisition is expected to better serve existing and new MRO customers by combining HD Supply's robust product offering and distribution network with The Home Depot's MRO business. The tender offer resulted in approximately 82.9% of HD Supply's outstanding shares being validly tendered.",https://www.prnewswire.com/news-releases/the-home-depot-completes-acquisition-of-hd-supply-301198405.html,1608804000
HD,Atlanta-Based The Home Depot Acquires Key Competitor for $8 Billion,"The Home Depot has finalized its acquisition of HD Supply Holdings, Inc. for approximately $8 billion, a deal first announced in mid-November. This acquisition aims to enhance Home Depot's ability to serve MRO customers by integrating HD Supply's distribution network and MRO product offerings. The transaction is expected to be accretive to Home Depot's earnings in fiscal year 2021.",https://whatnow.com/atlanta/retail/atlanta-based-the-home-depot-acquires-hd-supply-key-competitor-for-8-billion/,1608823440
HD,"More Than 190,000 Ceiling Fans Are Recalled After Blades Detach (Published 2020)","More than 190,000 Hampton Bay 54-inch Mara Indoor/Outdoor ceiling fans, sold through Home Depot, have been recalled because their blades can detach while spinning. The Consumer Product Safety Commission reported 47 incidents of detached blades, with two instances of blades hitting people and four reports of property damage. King of Fans, the distributor, attributed the issue to an ""isolated manufacturing defect"" and is offering free replacements to affected consumers.",https://www.nytimes.com/2020/12/27/business/fans-recalled-home-depot.html,1609036390
HD,"Home Depot recalls nearly 200K ceiling fans after reports of blades detaching, injuring people","Home Depot is recalling almost 200,000 ""Hampton Bay 54 in. Mara Indoor/Outdoor"" ceiling fans after receiving 47 reports of blades detaching, with two incidents causing injuries and four leading to property damage. The recall was issued in conjunction with King of Fans, Inc. due to a manufacturing defect. Buyers are advised to stop using the fans and contact King of Fans for a free replacement.",https://www.fox29.com/news/home-depot-recalls-nearly-200k-ceiling-fans-after-reports-of-blades-detaching-injuring-people,1609146360
HD,Ceiling fans sold at Home Depot recalled over blades that can fly off,"Home Depot has recalled Hampton Bay 54-inch Mara Indoor/Outdoor ceiling fans due to blades detaching, posing an injury risk. Approximately 182,000 units were sold between April and October for about $150. There have been 47 reports of blade detachments, including two minor injuries and four property damage incidents.",https://www.1011now.com/2020/12/28/ceiling-fans-sold-at-home-depot-recalled-over-blades-that-can-fly-off/,1609157340
HD,Ceiling fans sold at Home Depot recalled after blades detach,"Over 190,000 Hampton Bay 54-inch Mara Indoor/Outdoor ceiling fans sold exclusively at Home Depot have been recalled due to blades detaching during use, causing injuries and property damage. The recall was voluntarily initiated by King of Fans in cooperation with the CPSC after 47 reports of blade detachment. Consumers are advised to immediately stop using the fans and contact King of Fans for a free replacement if they observe any blade movement issues.",https://www.nbcnews.com/news/us-news/ceiling-fans-sold-home-depot-recalled-after-blades-detach-n1252425,1609160220
HD,Ceiling Fans Sold at Home Depot Recalled After Blades Fly Off,"Home Depot has recalled over 190,000 Hampton Bay Mara ceiling fans after reports of blades detaching, causing injuries and property damage. The U.S. Consumer Product Safety Commission received 47 reports of blades falling off. Owners are advised to stop using the fans immediately and inspect them, with King of Fans offering free replacements for faulty units.",https://www.nbcdfw.com/news/local/recall-alert/ceiling-fans-sold-at-home-depot-recalled-after-blades-fly-off/2514730/,1609163940
HD,Hampton Bay ceiling fans sold at Home Depot recalled,"King of Fans has recalled over 190,000 Hampton Bay 54-inch Mara indoor/outdoor ceiling fans sold at Home Depot due to blades detaching during use, causing injuries and property damage. The malfunction is attributed to a manufacturing defect in the fan blade's locking clip assembly. Consumers are advised to stop using the fans, inspect them, and contact King of Fans for a free replacement if issues are found.",https://www.foxbusiness.com/lifestyle/190000-ceiling-fans-sold-at-home-depot-recalled,1609169460
HD,Atlanta-area Home Depot distribution center bought for $97M,"Monmouth Real Estate Investment Corp. acquired a 657,518-square-foot Home Depot distribution center in Locust Grove, Ga., for $97 million. This purchase highlights ongoing investment in logistics and e-commerce infrastructure.",https://www.bizjournals.com/atlanta/news/2020/12/28/home-depot-distribution-center-bought-for-97m.html,1609194437
HD,The Home Depot Completes Acquisition of HD Supply,"The Home Depot has finalized its acquisition of HD Supply Holdings Inc. for $8 billion, bringing the distribution arm back into the company after selling it in 2007. This move is expected to enhance service for both existing and new MRO customers. Home Depot's chairman and CEO, Craig Menear, expressed enthusiasm for the value this acquisition will bring to associates, customers, and shareholders.",https://www.mdm.com/news/operations/mergers-acquisitions/the-home-depot-completes-acquisition-of-hd-supply/,1609209189
HD,Ceiling fans sold at Home Depot recalled because blades may spin off,"More than 190,000 Hampton Bay 54-inch Mara Indoor/Outdoor ceiling fans sold at Home Depot are being recalled due to the risk of blades detaching during use, potentially causing injury or property damage. King of Fans, the distributor, has received 47 reports of blades detaching, with some causing minor injuries and property damage. Consumers are advised to stop using the fans immediately, check for defects, and contact King of Fans for a free replacement if issues are found.",https://www.cbsnews.com/news/home-depot-fan-recall-blades-spin-off/,1609228680
HD,Corpus Christi: 23-Acre Retail Development Planned in Calallen,"A Dallas developer, Identity Capital LLC, is planning a 23.4-acre retail development named Nemec Towne Center in Calallen, Corpus Christi. The project, located north of County Road 52 and with frontage on Interstate 69, will proceed in five phases and include privately owned streets. The Nemec family, local landowners, is also involved, and the development is expected to attract various retail chains.",https://www.virtualbx.com/construction-preview/corpus-christi-23-acre-retail-development-planned-in-calallen/,1609896171
HD,5 stories that will dominate home retail in the year ahead,"The article discusses five major events in 2020 that are predicted to profoundly impact home furnishings retail in 2021 and beyond. These include the rise of RH, increased focus on decor from Home Depot and Lowe's, market share gains by Walmart and Target, Wayfair's profitability, and the beginning of a turnaround for Bed Bath & Beyond. The author emphasizes that the pandemic accelerated changes in the retail landscape and more shifts are expected.",https://businessofhome.com/articles/5-key-retailing-shifts-in-2020-that-will-shape-the-year-to-come,1609983699
HD,Grand Opening,"The Home Depot opened a new 118,000-square-foot store in Maspeth, Queens, on January 7, 2021, driven by area growth and customer base expansion. This new location features an optimized checkout, specialty showroom, and new storage for Buy Online, Pickup In-Store orders, reflecting a multi-year investment by the company to enhance customer experience. The store currently employs 245 associates, with expectations for future growth.",https://www.qgazette.com/articles/grand-opening/,1610502099
HD,CarMax plans to bring two used-car dealerships to Long Island,"CarMax, the largest used-car retailer in the country, is expanding its presence to Long Island with two new dealerships in East Meadow and Smithtown. These locations will serve the New York City area, marking CarMax's entry into the downstate market after years of strategic expansion. The move is well-timed given increased demand for used cars due to economic uncertainty during the COVID-19 pandemic and a shift in new car production.",https://www.newsday.com/business/carmax-used-car-retailer-seller-y36902,1610570236
HD,"Big-box brands like Home Depot, Target driving Manhattan retail leasing, CBRE report says",A new report by CBRE indicates that big-box brands such as Home Depot and Target are significantly contributing to retail leasing activity in Manhattan. The article highlights a rendering of a new Home Depot store planned for East 61st Street and mentions reviewing the top Q4 retail leases in Manhattan as per the CBRE report.,https://www.bizjournals.com/newyork/news/2021/01/15/cbre-manhattan-retail-leasing-report-q4-2020.html,1610674899
HD,Investors Push Home Depot and Omnicom to Steer Ads From Misinformation (Published 2021),"Shareholders in Home Depot and Omnicom have filed resolutions urging the companies to investigate whether their advertising spending contributes to the spread of hate speech and misinformation. Coordinated by Open MIC, the resolutions highlight concerns that ad dollars inadvertently finance harmful online content. This comes in the wake of the U.S. Capitol siege, which was fueled by debunked conspiracy theories about election fraud spread through online platforms.",https://www.nytimes.com/2021/01/18/business/media/investors-push-home-depot-and-omnicom-to-steer-ads-from-misinformation.html,1611003405
HD,"You Can Buy a Tiny House at Home Depot for Less than $13,000","Home Depot sells Tuff Shed Tiny Houses for under $13,000, presenting an affordable housing alternative, especially in expensive areas like New Jersey. The author, while intrigued by the tiny house movement from shows like ""Tiny House Hunters,"" acknowledges the challenge of downsizing but sees the financial benefits.",https://wpst.com/you-can-buy-a-tiny-house-at-home-depot-for-less-than-13000/,1611106899
HD,Home Depot pays nearly $36M for prime site in Tysons,"The Home Depot has acquired a prime piece of property in Tysons, Virginia, for nearly $36 million. The retailer has not yet disclosed its plans for the newly acquired site. This purchase follows news of Home Depot building its first new store in the D.C. area in over a decade.",https://www.bizjournals.com/washington/news/2021/01/22/home-depot-buys-prime-land-in-tysons.html,1611347240
HD,40% off during Home Depot’s bath event of the year,"Home Depot's ""biggest bath event of the year"" offers up to 40% off select bath products and free shipping on vanities, running through January 31. The article highlights several vanity and faucet deals, such as the Merryfield bath vanity, Rubicon bathroom faucet, and Pegasus medicine cabinet, to help consumers upgrade their bathrooms during quarantine. These deals aim to refresh home spaces after prolonged periods spent indoors.",https://mashable.com/article/home-depot-biggest-bath-event-of-the-year,1611711699
HD,Agency Brief: Leo Burnett and BBDO are finalists in Home Depot creative review,Leo Burnett and BBDO have been named as finalists in the creative review for Home Depot's advertising account. This development indicates a competitive process for the retail giant's marketing efforts. The final decision will determine which agency secures the significant creative mandate.,https://adage.com/article/agency-brief/agency-brief-leo-burnett-and-bbdo-are-finalists-home-depot-creative-review/2309686/,1611936480
HD,Glimmers of hope for Daytona's ISB corridor even as retailers flock to city's LPGA area,"Despite a major retail exodus from Daytona's International Speedway Boulevard (ISB) corridor to the fast-growing LPGA area, a handful of new businesses are opening on ISB, offering a glimmer of hope. Many national chains have relocated to the LPGA area's newer shopping centers due to available land and higher traffic counts, while some ISB closures are attributed to chains' financial struggles or poor store performance. However, landlords investing in property improvements and the area's strong foundation of hospitals, universities, and the Speedway suggest ISB can still thrive, particularly by focusing on entertainment and dining, and attracting local businesses.",https://www.news-journalonline.com/story/business/real-estate/2021/01/31/hopeful-signs-daytonas-isb-corridor-amid-retail-rush-lpga-area/4243446001/,1612058428
HD,The Home Depot and Allstate Launch New Best-in-Class Extended Protection Plan,"The Home Depot has partnered with Allstate to introduce a new extended protection plan, offering expanded benefits and faster repair services for customers. This plan covers major appliances, outdoor power equipment, home electronics, and other products, featuring a speed of service guarantee, shorter appointment windows, advanced troubleshooting, and an industry-leading ""No Lemon"" policy for replacements. The collaboration aims to instill confidence in purchases by providing efficient and reliable support for product issues.",https://corporate.homedepot.com/news/company/home-depot-and-allstate-launch-new-best-class-extended-protection-plan,1612139462
HD,"The Home Depot Bringing 1,500 New Jobs to Dallas-Fort Worth Metro with New Distribution Center","The Home Depot has opened a new 1.5 million square-foot distribution center in Dallas, dedicated to fulfilling online and in-store orders, including large appliance delivery and installation. This facility is part of a $1.2 billion investment to expand its national distribution network and is expected to create 1,500 new jobs in the Dallas-Fort Worth area, increasing the company's regional supply chain footprint to 4.5 million square feet. The investment aims to enhance the customer shopping experience by offering same-day and next-day delivery to 90% of the U.S. population.",https://ir.homedepot.com/news-releases/2021/02-02-2021-130448083,1612226989
HD,"Home Depot's DFW campus now expected to employ 1,500 people, company says","Home Depot's distribution campus in West Dallas is now projected to create 1,500 new jobs by the end of 2021, an increase from the originally anticipated 800 jobs. This expansion highlights significant job growth in the Dallas-Fort Worth area. The article was published by the Dallas Business Journal.",https://www.bizjournals.com/dallas/news/2021/02/02/home-depot.html,1612226989
HD,Global Garden and Lawn Tools Market is Expected to Reach $ 2.91 Billion by 2024 - Latest Market Research Report by Technavio,"The global garden and lawn tools market is projected to grow by USD 2.91 billion during 2020-2024, driven by the increasing adoption of smart gardening technologies and product innovations. North America is expected to contribute 53% of this growth, with the US being a key market. COVID-19 is anticipated to have a negative impact on the market in the short term, but vendors are continually launching new products and focusing on advanced features like automation in lawnmowers.",https://www.businesswire.com/news/home/20210202005703/en/Global-Garden-and-Lawn-Tools-Market-is-Expected-to-Reach-%24-2.91-Billion-by-2024---Latest-Market-Research-Report-by-Technavio,1612297928
HD,The Home Depot opens multi-channel fulfillment center in Dallas,"The Home Depot has opened a 1.5 million square-foot multi-channel fulfillment center in Dallas, part of a larger $1.2 billion investment to expand its nationwide distribution and delivery network. This new facility aims to improve online and in-store pickup orders, enabling same- and next-day delivery to 90% of the U.S. population. It features advanced automation, sustainability initiatives, and is expected to create 1,500 new jobs in the Dallas-Fort Worth area.",https://www.dcvelocity.com/articles/49449-the-home-depot-opens-multi-channel-fulfillment-center-in-dallas,1612384040
HD,Home Depot opens automated Dallas fulfillment center with hydrogen-powered forklifts,"Home Depot has opened a new 1.5 million-square-foot fulfillment center in Dallas, part of its $1.2 billion supply chain investment, featuring hydrogen-powered forklifts for zero-emission operations. The facility will handle store and online orders, large appliance delivery, and is a key hub for achieving same-day and next-day delivery for 90% of the U.S. population. This development reflects Home Depot's focus on automation, sustainability, and omnichannel capabilities, following increased online demand during the pandemic.",https://www.supplychaindive.com/news/home-depot-automated-dallas-fulfillment-center-hydrogen-forklift/594501/,1612399789
HD,Global Furniture Market to Grow by $ 113.61 Billion During 2020-2024 | APAC to Emerge as Key Growing Region | Technavio,"The global furniture market is projected to grow by $113.61 billion at a CAGR of almost 4% between 2020 and 2024, driven primarily by increasing residential/commercial construction. The APAC region is expected to be a key growth area, contributing 47% of the overall market expansion due to urbanization and rising disposable incomes. Home furniture dominated the market in 2019, supported by government initiatives and demand for multifunctional items, with key players including Ashley Furniture Industries Inc., Inter IKEA Holding BV, and Steelcase Inc.",https://www.businesswire.com/news/home/20210204006197/en/Global-Furniture-Market-to-Grow-by-%24-113.61-Billion-During-2020-2024-APAC-to-Emerge-as-Key-Growing-Region-Technavio,1612470456
HD,Agree Realty Sees Accelerated Growth by Investing in Top-Tier Net Lease Retail Assets,"Agree Realty has achieved accelerated growth by focusing on acquiring and developing net-leased properties with industry-leading retail tenants, resulting in a highly resilient portfolio, even during the COVID-19 pandemic. The company recorded record investment activity in 2020 and is strategically expanding its ground lease portfolio and partnering with top retailers. Analysts project continued strong FFO growth due to Agree Realty's robust balance sheet, cost of capital, and strategic execution.",https://www.reit.com/news/reit-magazine/january-february-2021/agree-realty-sees-accelerated-growth-investing-top-tier-net-lease-retail-assets,1612985188
HD,Home Depot: State-of-the-Art E-Commerce Distribution Center Developed on an Aggressive Schedule,"Home Depot partnered with Prologis to develop a state-of-the-art, over 1 million square foot e-commerce distribution center in Atlanta to support its rapidly growing online business. The project was completed on an aggressive 12-month timeline, which was critical for Home Depot to quickly meet increasing customer demands for online shopping. This facility is Home Depot's first ground-up e-commerce center designed exclusively for conveyable goods.",https://www.prologis.com/insights-news/success-stories/home-depot-state-art-e-commerce-distribution-center-developed,1613004589
HD,The Home Depot to Donate $1 Million to Support Campus Improvements at Historically Black Colleges and Universities,"The Home Depot announced a $1 million grant program through its annual Retool Your School initiative to support campus improvements at Historically Black Colleges and Universities (HBCUs). This commitment doubles the previous year's funding, providing grants ranging from $20,000 to $75,000 to 30 schools. Voting for favorite HBCUs for these grants is open to students, alumni, and advocates until March 15, 2021.",https://ir.homedepot.com/news-releases/2021/02-16-2021-130725316,1613436589
HD,Supplier Spotlight: Diversant,"This article highlights Diversant, the largest African American-owned IT staffing firm in the U.S. and a preferred partner for The Home Depot. Founded by Gene Waddy out of necessity, Diversant has grown significantly, partly due to its strong relationship with The Home Depot and its commitment to diversity and community involvement, including programs for military veterans. The company operates as a certified Minority Owned Business Enterprise (MBE) and focuses on recruiting a diverse and agile workforce.",https://corporate.homedepot.com/news/supplier/supplier-spotlight-diversant,1613522989
HD,"Serial shoplifters arrested after Home Depot theft in Selma, police say","Two serial shoplifters, Mia Delarosa and Brittany Zaragosa, were arrested in Selma after stealing from Home Depot. Delarosa, previously banned from the store for past thefts, entered the store while Zaragosa waited in a car. After a brief pursuit, both were apprehended and found with stolen items from Home Depot and other nearby stores, facing multiple charges.",https://kmph.com/news/local/serial-shoplifters-arrested-after-home-depot-theft-in-selma,1613566140
HD,Toro Recalls Power Max Snowthrowers Due to Amputation Hazard,"Toro has recalled approximately 6,700 Power Max snowthrowers in the U.S. and Canada due to an amputation hazard. The recall follows five reports where the auger failed to disengage when the control lever was released, although no injuries have been reported. Consumers are advised to stop using the affected snowthrowers and contact a Toro dealer for a free repair.",https://www.cbsnews.com/texas/news/toro-recalls-power-max-snowthrowers-due-to-amputation-hazard/,1613697209
HD,Toro Snow Blower Recall Issued Due to Amputation Risk,"Toro has issued a recall for approximately 6,700 of its Power Max 826 OHAE Snowthrowers due to a defect where the auger blades can continue spinning after the control lever is released, posing an amputation risk. While no injuries have been reported, the U.S. Consumer Product Safety Commission (CPSC) advises owners to immediately stop using the recalled snow blowers and contact Toro for a free repair. The recalled units were sold at The Home Depot and Ace Hardware stores between November 2020 and January 2021.",https://www.aboutlawsuits.com/toro-snow-blower-recall-2-181022/,1613697244
HD,Toro recalls snowblowers due to amputation hazard,"Toro is recalling more than 7,400 snowblowers in the U.S. and Canada due to an amputation hazard. The recall involves 2021 Toro Power Max 826 OHAE Snowthrowers where the auger may fail to disengage, allowing it to spin at full speed continuously. No injuries have been reported, but consumers are urged to stop using the product and contact Toro for a free repair.",https://www.cbsnews.com/news/toro-snowblower-recall-amputation-hazard/,1613730000
HD,Toro Recalls Power Max Snowthrowers Due to Amputation Hazard,"Toro has issued a recall for over 6,700 Model Year 2021 Power Max 826 OHAE Snowthrowers (Model Number 37802) sold in the U.S. and Canada. The recall is due to a potential amputation hazard, as the snowthrowers were sold with a problem that needs repair. Consumers who purchased these units between November 2020 and January 2021 for approximately $1,200 are advised to check Toro's website for serial numbers and product safety information.",https://www.sciotopost.com/toro-recalls-power-max-snowthrowers-due-to-amputation-hazard/,1613783609
HD,The Home Depot Announces Fourth Quarter and Fiscal 2020 Results; Increases Quarterly Dividend by 10 Percent,"The Home Depot reported strong fourth quarter and fiscal 2020 results, with sales reaching $32.3 billion and $132.1 billion respectively, driven by significant comparable sales growth. The company's board of directors approved a 10% increase in its quarterly dividend to $1.65 per share. Due to ongoing uncertainty related to the COVID-19 pandemic, Home Depot is not providing formal guidance for fiscal 2021, but expects flat to slightly positive comparable sales growth if the demand environment persists.",https://ir.homedepot.com/news-releases/2021/02-23-2021-110106097,1614041389
HD,Home Depot casts doubt on further room for improvement after blow-out 2020,"Home Depot's shares fell 5% despite beating fourth-quarter sales estimates, as the company expressed uncertainty about maintaining its pandemic-driven sales growth into 2021. Due to the unpredictable nature of the pandemic, vaccine distribution, and fiscal policy, Home Depot's CFO stated they are limited in forecasting demand for the year, suggesting ""flat to slightly positive comparable sales growth"" if current trends continue. This cautious outlook, including flat operating margins, disappointed analysts and may raise expectations for rival Lowe's.",https://www.reuters.com/business/home-depot-casts-doubt-further-room-improvement-after-blow-out-2020-2021-02-23/,1614078600
HD,"After 2020 Boom, Home Depot Says Sales May Be Flat This Year","Home Depot Inc. experienced a significant stock drop despite strong demand, as investors are concerned about difficult comparisons and narrowing profitability due to higher costs in 2021. The company reported a 25% rise in U.S. same-store sales for the quarter ended Jan. 31, surpassing estimates, but anticipates ""flat to slightly positive"" revenue by that measure for 2021 as it laps the previous year's gains.",https://www.bloomberg.com/news/articles/2021-02-23/home-depot-keeps-benefiting-from-brisk-home-improvement-sales,1614079200
HD,"Prices lurch higher as Home Depot, other importers battle surging cargo, commodity costs","Home Depot and other major U.S. retailers are facing escalating costs for goods and transportation, worsened by tariffs, as they cope with surging consumer demand during the COVID-19 pandemic. These companies are passing on increased expenses to consumers for items like appliances and furniture, with cargo costs from Asia to the U.S. rising significantly, creating bottlenecks that are expected to last for several months. Additionally, companies like Peloton, Spectrum Brands, Kia Motors, and La-Z-Boy are grappling with production issues, including parts shortages and increased shipping expenses, leading to higher prices and operational challenges.",https://www.reuters.com/article/business/prices-lurch-higher-as-home-depot-other-importers-battle-surging-cargo-commodi-idUSKBN2AN2D0/,1614097380
HD,"Home Depot, Macy’s Expect Pandemic Trends to Continue, for Now","Home Depot and Macy's executives expect pandemic-fueled shopping trends to persist into 2021, driving demand for home improvements and home goods. While Home Depot saw a 20% revenue increase due to increased home spending, Macy's experienced a nearly 30% sales tumble as consumers reduced apparel purchases. Both retailers acknowledge that consumer spending could shift in the latter half of the year as vaccine rollouts progress.",https://www.wsj.com/business/retail/home-depot-posts-strong-sales-growth-as-pandemic-continues-to-fuel-demand-11614081166?gaa_at=eafs&gaa_n=AWEtsqd-0G0P5497x32I7Hw9pbEBRaUUJfwH2qoi-_1oZJ0zEkavtiJC_cSX&gaa_ts=6907c1a0&gaa_sig=CUDunESVo_GEMniitA8LzqSRAV1W50tWyUXxYlCv5dND1q4Uf-GBKsrjD4QptnuvUQSXETl2eRdS14H9sPalSA%3D%3D,1614112039
HD,Home Depot turning to Tweel to solve downtime issues in rental business,"Home Depot is retrofitting its rental zero-turn mowers with non-pneumatic Michelin X Tweel Turf tires to reduce service calls and customer complaints related to tire issues, which previously accounted for over 40% of downtime. This conversion has eliminated tire-related service calls, downtime, and negative customer experiences for the retrofitted mowers, saving hundreds of labor hours and tens of thousands of dollars in parts costs. The success of this trial has prompted a full-scale conversion and further collaboration between Home Depot and Michelin to explore additional product opportunities.",https://www.tirebusiness.com/news/home-depot-turning-tweel-solve-downtime-issues-rental-business,1614689520
HD,Home Depot turning to Tweel to solve downtime issues in rental business,"Home Depot's rental business is adopting Michelin X Tweel Turf tires to reduce equipment downtime. The report, published by Tire Business Staff, indicates this initiative is aimed at improving efficiency in their rental operations.",https://www.tirebusiness.com/news/home-depot-turning-tweel-solve-downtime-issues-rental-business/,1614729525
HD,Toro recalls snow blowers due to amputation risk,"Toro has recalled approximately 6,700 Power Max 826 OHAE 252cc Two-Stage Electric Start Gas Snow Blowers due to an amputation hazard, as the auger may not disengage when the control lever is released. There have been five reported incidents of this malfunction. Consumers are advised to stop using the snow blowers and return them to an authorized Toro dealer for repair.",https://www.lawcommentary.com/articles/toro-recalls-snow-blowers-due-to-amputation-risk,1614817440
HD,"Leadership Advice for CEOs and Entry Level Professionals from Hal Lawton ‘96, President & CEO of Tractor Supply Co.","Hal Lawton, President and CEO of Tractor Supply Company, shared leadership advice for CEOs and entry-level professionals during the Wells Fargo Executive Leadership Series. He emphasized servant leadership, prioritizing emotional and decency quotients, applying mentor lessons, considering boss leadership styles in job searches, and developing work-life harmony. Lawton, an NC State alumnus, highlighted key insights from his extensive career, including roles at Macy's, eBay, and Home Depot.",https://poole.ncsu.edu/thought-leadership/article/leadership-advice-for-ceos-and-entry-level-professionals-from-hal-lawton-96-president-and-ceo-of-tractor-supply-company/,1614979615
HD,Carol Tomé on becoming CEO of UPS: ‘This was my calling’,"Carol Tomé reflects on her unexpected journey to becoming CEO of UPS, making her the first woman and first outsider to lead the company. She discusses breaking barriers, her initiatives to change UPS's business model and culture, and her focus on employee development and diversity, drawing parallels to her experience at Home Depot. Tomé also shares her personal motivation and future goals for UPS, including sustainability and philanthropic efforts.",https://saportareport.com/carol-tome-on-becoming-ceo-of-ups-this-was-my-calling/columnists/maria_saporta/,1615235100
HD,"The Home Depot Pasadena Store Is Opening March 11, 2021","The new Home Depot Pasadena store, located at 2881 East Walnut Street, is set to open on March 11, 2021. This 113,500 square foot store is part of The Home Depot, Inc.'s $11 billion investment in its stores, featuring customer enhancements like flexible checkout, a specialty showroom, and improved storage for Buy Online Pickup In Store orders. The store will employ 275-300 associates and operate from 6:00 am to 9:00 pm Monday-Saturday and 7:00 am to 8:00 pm on Sundays.",https://www.coloradoboulevard.net/home-depot-pasadena-store-opening-march-11/,1615235240
HD,"Gap Inc. Bets on Yeezy, Loyalty Programs and New Categories in 2021","Gap Inc. is focusing on a ""startup mindset"" for 2021, emphasizing aggressive marketing, loyalty programs, and expansion into new apparel categories across its brands like Gap, Banana Republic, Old Navy, and Athleta. Key initiatives include a unified loyalty program, significant digital growth, the highly anticipated Yeezy collaboration, and inclusive sizing expansions. The company also plans strategic store closures for Gap and Banana Republic while opening new Athleta and Old Navy locations.",https://sourcingjournal.com/denim/denim-brands/gap-yeezy-kanye-west-loyalty-athleta-old-navy-plus-size-266345/,1615247796
HD,The Home Depot Expands Environmentally Friendly Outdoor Power Lineup,"The Home Depot is expanding its lineup of cordless outdoor power equipment, featuring brands like Ryobi, DeWalt, Makita, and Milwaukee. These new battery-operated tools offer the convenience and environmental benefits of cordless technology with performance comparable to gas equipment, including longer runtimes and interchangeable batteries across various tools. The initiative aims to provide customers with easier-to-use, eco-friendly, and powerful options for their outdoor projects.",https://ir.homedepot.com/news-releases/2021/03-09-2021-130423819,1615334325
HD,4 Key Steps to Profitable Store-Based Fulfillment,"A report by Incisiv, commissioned by Manhattan Associates Inc., reveals that while ecommerce surged due to the pandemic, order fulfillment from stores has significantly reduced profit margins for retailers. The article outlines four key steps for retailers to make store-based fulfillment more profitable: addressing inefficiencies, equipping associates with digital tools, streamlining returns, and improving in-store inventory accuracy. These steps are crucial for retailers to adapt to the evolving landscape and meet customer expectations in a post-pandemic world.",https://www.retailtouchpoints.com/features/news-briefs/4-key-steps-to-profitable-store-based-fulfillment,1615463340
HD,"Furniture retailers face ‘unprecedented’ delays but business is booming, Corridor stores say","Furniture retailers in the Corridor are experiencing ""unprecedented"" delays in their supply chains due to high demand, manufacturing disruptions from COVID-19, and material shortages caused by weather events. Despite these challenges, business is booming, with increased sales driven by work-from-home trends and a renewed focus on home improvement. Local businesses are adapting by stocking more items, adding suppliers, and offering ""quick ship"" options while appreciating increased local support from customers.",https://www.thegazette.com/business/furniture-retailers-face-unprecedented-delays-but-business-is-booming-corridor-stores-say/,1615507534
HD,"Home Depot hiring more than 2,600 positions in Chicago area","Home Depot is looking to hire over 2,600 new employees for positions across the Chicago area. These roles include both part-time and full-time in-store positions focusing on customer service, online order fulfillment, and merchandising. Additionally, the company is seeking over 1,500 associates for its distribution centers nationwide to help with store replenishment and order shipping.",https://wgntv.com/news/chicago-news/home-depot-hiring-more-than-2600-positions-in-chicago-area/,1615845960
HD,Home Depot hiring more than 2.6K jobs in Chicago area,"The Home Depot is seeking to fill over 2,600 positions in the Chicago area. These roles include full-time and part-time opportunities in customer service, online order fulfillment, overnight freight handling, and merchandising. Interested individuals can find more information and apply online through careers.homedepot.com/hiring.",https://abc7chicago.com/post/home-depot-jobs-careers-apply-online/10420571/,1615852725
HD,Old Golf Courses Are Being Turned Into E-Commerce Warehouses,"Driven by a surge in online shopping and the need for more e-commerce fulfillment centers, developers are acquiring old golf courses and converting them into warehouses. This trend is fueled by the overbuilding of golf courses in the early 2000s and a subsequent decline in their popularity, making these large undeveloped tracts of land ideal for logistics conversion.",https://www.bloomberg.com/news/articles/2021-03-24/developers-turn-old-golf-courses-into-amazon-amzn-e-commerce-warehouses,1616576400
HD,"As Home Improvement Surges, Capitalize with the RTH ETF","The article discusses how the surge in home improvement spending in 2020, driven by social distancing, presents an opportunity for investors through the VanEck Vectors Retail ETF (RTH). RTH, with a significant holding in Home Depot, offers exposure to leading retail companies benefiting from this trend. Future predictions suggest continued, albeit moderating, growth in home repair spending, further supporting RTH's investment potential.",https://www.etftrends.com/tactical-allocation-content-hub/home-improvement-surges-capitalize-with-rth/,1616598676
HD,Supplier Spotlight: Brinly-Hardy's Fifth Generation CEO Talks Partnerships & Horse-Drawn Plows,"The article features Jane Hardy, the fifth-generation CEO of Brinly-Hardy Co., a family-owned business established in 1839 that has evolved from making horse-drawn plows to modern lawn and garden equipment. Hardy discusses the company's nearly 200-year history, its innovative spirit, and its long-standing partnership with The Home Depot, which started almost from the retailer's inception. She highlights Brinly-Hardy's commitment to making better products and innovating through collaborations with The Home Depot's merchants.",https://corporate.homedepot.com/news/supplier/supplier-spotlight-brinly-hardys-fifth-generation-ceo-talks-partnerships-horse-drawn,1616617639
HD,"As Home Improvement Surges, Capitalize with the RTH ETF","The article highlights how the surge in home improvement spending in 2020, driven by social distancing, presents an opportunity for investors through the VanEck Vectors Retail ETF (RTH). RTH, with a significant allocation to Home Depot, serves as an indirect play on this booming sub-sector, which saw product sales spike by 8.7%. Future spending on home repair is also predicted to continue, further benefiting retailers like Lowe's, Ace Hardware, and Home Depot.",https://www.etftrends.com/tactical-allocation-channel/home-improvement-surges-capitalize-with-rth/,1616620275
HD,"The Home Depot Partners with Habitat for Humanity to Help Communities ""Bring On Spring""","The Home Depot announced a partnership with Habitat for Humanity International to support spring DIY projects and neighborhood revitalization across the U.S., providing over $200,000 in products. This initiative builds on their decade-long collaboration, with a significant focus on helping veterans, including the first project at a Female Veterans Village in Florida. The program aims to encourage community involvement in home improvement after a challenging year.",https://ir.homedepot.com/news-releases/2021/03-25-2021-120410656,1616716725
HD,"Home Depot Rental Opens New Operations Facilities in Houston, Nashville","The Home Depot Rental has opened new rental operations facilities (ROFs) in Houston and Nashville, adding to existing locations in New Orleans and Los Angeles. These facilities aim to streamline the supply chain and delivery of larger equipment to jobsites, expanding Home Depot Rental's capacity to serve Pro customers with a broader assortment of heavy equipment. The company plans further expansion with new ROF locations expected in Atlanta and Dallas later this year, alongside additional rental centers nationwide.",https://www.forconstructionpros.com/rental/press-release/21342856/the-home-depot-rental-home-depot-rental-opens-new-operations-facilities-in-houston-nashville,1616716725
HD,"Home Depot, Lowe’s build on supply chain foundations to make quick work of omnichannel","Home Depot and Lowe's rapidly adapted their supply chain strategies during the pandemic by leveraging prior investments in technology and fulfillment networks. Both retailers quickly implemented curbside pickup, optimized their store-based fulfillment, and refined their market delivery systems for bulky items. This agility allowed them to meet surging online demand and maintain strong sales growth, demonstrating the critical role of supply chain visibility and adaptability in an omnichannel retail environment.",https://www.supplychaindive.com/news/home-depot-lowes-supply-chain-visibility-omnichannel-fulfillment/597428/,1617062325
HD,Celebrating the Wins,"Tanya Hairston-Whitner '95 and Katie Lampley '96, two Bentley alums, initially met in 1992 and forged a lifelong friendship rooted in their shared West Indian heritage and commitment to diversity, equity, and inclusion (DEI). Both have significantly contributed to Bentley University's DEI efforts, with Hairston-Whitner serving on the Board of Trustees and chairing its new DEI committee, and Lampley becoming the first Chief Diversity and Inclusion Officer. They emphasize the importance of continuous effort, leading by example, and bravery in fostering inclusive environments.",https://www.bentley.edu/news/celebrating-wins,1617062325
HD,U.S. Supreme Court weighs TransUnion bid to nix 'terrorist list' lawsuit,"The U.S. Supreme Court is considering narrowing a class-action lawsuit against TransUnion, where thousands sought damages after being incorrectly flagged as matching names on a government list of suspected terrorists and drug traffickers. The credit reporting company is appealing a lower court's ruling which upheld a $40 million jury verdict. Justices questioned whether all class members suffered a ""concrete injury,"" a requirement for such lawsuits, particularly for those whose information was not publicly disclosed.",https://www.reuters.com/article/business/us-supreme-court-weighs-transunion-bid-to-nix-terrorist-list-lawsuit-idUSKBN2BM2OR/,1617126420
HD,Chipotle Names Matt Carey and Mauricio Gutierrez to its Board of Directors,"Chipotle Mexican Grill announced the appointment of Matt Carey and Mauricio Gutierrez to its board of directors, expanding the board to 11 members, with 10 being independent. Carey, an expert in IT and cybersecurity, will join the Audit and Risk Committee, while Gutierrez, with executive and transformational leadership experience, will serve on the Compensation Committee. These appointments aim to bring diverse perspectives and expertise to support Chipotle's strategic objectives.",https://ir.chipotle.com/2021-03-30-Chipotle-Names-Matt-Carey-and-Mauricio-Gutierrez-to-its-Board-of-Directors,1617134252
HD,Chipotle names Matt Carey and Mauricio Gutierrez to its board,"Chipotle Mexican Grill has appointed Matt Carey, CTO of Home Depot, and Mauricio Gutierrez, CEO of NRG Energy, to its board of directors. These additions bring diverse experience in technology, cybersecurity, and executive leadership to Chipotle's 11-member board, aiding the company in achieving its strategic objectives. Carey will serve on the audit and risk committee, while Gutierrez will join the compensation committee.",https://restaurantbusinessonline.com/leadership/chipotle-names-matt-carey-mauricio-gutierrez-its-board,1617149390
HD,Syracuse man arrested for creating fake barcodes at Home Depot; stealing thousands,"A 37-year-old Syracuse man, Jeffrey G. Gordon, was arrested for allegedly stealing thousands of dollars from Home Depot stores by using fake barcodes to pay lower prices at self-checkout. Police state Gordon orchestrated this scheme 28 times between November 2020 and February 2021 across multiple Home Depot locations in New York, accumulating approximately $10,000 in theft. He faces multiple charges including Grand Larceny and Petit Larceny and has been released on an appearance ticket.",https://cnycentral.com/news/local/syracuse-man-arrested-for-creating-fake-barcodes-at-home-depot-stealing-thousands,1617635820
HD,Pay for Home Depot's top five executives jumps 43% for 2020,"The combined compensation for Home Depot's top five executives rose by 43% in 2020, totaling $35 million. This increase follows a nearly 20% revenue growth for the company in the same year, along with promotions for several key executives.",https://www.bizjournals.com/atlanta/news/2021/04/05/home-depot-top-executives-big-pay-increases-2020.html,1617654440
HD,Today In Retail: PriceSmart’s Revenues Increase 3.4 Pct; Handy Collaborates With Gotham Properties,"PriceSmart reported a 3.4 percent increase in total revenues for the second quarter of fiscal 2021, and Handy partnered with Gotham Properties to offer home services to tenants. Additionally, Levi Strauss plans to open new stores and expects a 25 percent rise in first-half sales, while UPS is acquiring electric vertical takeoff aircraft to enhance delivery efficiency and reduce emissions.",https://www.pymnts.com/news/retail/2021/today-in-retail-pricesmarts-revenues-increase-3-4-pct/,1618002177
HD,"QVC complex in West Hempfield sold for $15M; future tenant could create up to 1,000 jobs","A New York-based real estate investment firm, Saadia Group, has purchased the QVC distribution center in West Hempfield for $15.5 million. Saadia Group is negotiating a lease with an unidentified tenant expected to create 300 to 1,000 jobs, largely replacing the 1,100 jobs lost due to QVC's wind-down. The tenant is slated to begin operations by the end of the year in the 765,000-square-foot complex.",https://lancasteronline.com/business/local_business/qvc-complex-in-west-hempfield-sold-for-15m-future-tenant-could-create-up-to-1/article_4148c742-9977-11eb-8a5c-77de8ff23484.html,1618088781
HD,Sarasota's Earth's Ally brings organic products to home gardeners,"Earth's Ally, a Sarasota-based company founded in 2018, offers organic gardening products for home gardeners, initially sourcing solutions used by large organic farms. The company, led by CEO Scott Allshouse, has developed its own nontoxic weed killer and other plant care products, emphasizing safety for pollinators, pets, and children. Earth's Ally recently secured a nationwide distribution deal with Lowe's and aims to combat the misconception that natural products are ineffective.",https://www.heraldtribune.com/story/business/2021/04/12/sarasotas-earths-ally-brings-organic-products-home-gardeners/4799016001/,1618268392
HD,The Home Depot Opens Three New Florida Distribution Centers,"The Home Depot announced the opening of three new distribution centers in Florida, located in West Palm Beach, Miami, and Fort Myers. These facilities aim to provide faster delivery options to customers in South Florida, with plans for two more Miami distribution centers to open in 2022. The expansion is expected to create over 150 new jobs and is part of the company's broader $1.2 billion investment in its supply chain network.",https://ir.homedepot.com/news-releases/2021/04-15-2021-133154719,1618528234
HD,Wilberforce University to receive Home Depot school improvement grant,"Wilberforce University has been awarded a $20,000 ""Retool Your School"" grant from The Home Depot for campus improvements and student learning enhancements. This year, the program is distributing over $1 million to 30 Historically Black Colleges and Universities (HBCU). Students at Wilberforce will advise the school administration on the specific projects that will benefit from the grant.",https://dayton247now.com/news/local/wilberforce-university-to-receive-home-depot-school-grant,1618528235
HD,The Home Depot Announces Winners of Retool Your School Historically Black Colleges and Universities Grant Program,"The Home Depot announced the winners of its 12th annual Retool Your School program, awarding $1 million across 30 Historically Black Colleges and Universities (HBCUs) for campus improvement projects. Tougaloo College received the Campaign of the Year award along with its cluster prize, totaling $120,000. Since 2009, the program has provided over $4 million in funding to 87% of the nation's HBCUs.",https://ir.homedepot.com/news-releases/2021/04-15-2021-130524075,1618528235
HD,The Home Depot names BBDO its new agency of record,"The Home Depot has appointed BBDO as its new agency of record. This decision comes after a strong performance year for Home Depot, with sales increasing by 20% in 2020. The article highlights other creative and marketing industry news, including AI's role in recent campaigns.",https://adage.com/article/cmo-strategy/home-depot-names-bbdo-its-new-agency-record/2329121/,1618572660
HD,Amazon plans furniture assembly service to catch Wayfair,"Amazon.com Inc. is testing a new premium service offering immediate furniture and appliance assembly upon delivery, aiming to better compete with rivals like Wayfair, Best Buy, Home Depot, and Lowe’s. This service, anticipated to launch in Virginia and two other markets, would involve drivers assembling items, removing packaging, and handling immediate returns for dissatisfied customers. The initiative seeks to make delivery of large items more convenient and efficient, building on the increased online sales of furniture and housewares observed during the pandemic, although Amazon has struggled to match Wayfair's dominance in the online home-goods market.",https://www.detroitnews.com/story/business/2021/04/16/amazon-plans-furniture-assembly-service-catch-wayfair/7252330002/,1618601752
HD,"Expansion of Home Depot on 19400 SW 106 Avenue in South Miami Heights, Florida","Home Depot USA Inc. is planning a significant expansion at its South Miami Heights, Florida location, adding a 17,250 square foot building and a 3,000 square foot lumber canopy. The project will also increase parking density, with a meeting scheduled for April 29, 2021, to discuss development specifics. The store, adjacent to the Ronald Reagan Turnpike, will remain open during the expansion.",https://floridayimby.com/2021/04/expansion-of-home-depot-on-19400-sw-106-avenue-in-south-miami-heights-florida.html,1618863360
HD,Your Outdoor Oasis Is One Afternoon Project Away: OLYMPIC Stains by PPG Selects Light Oak as Its First-Ever 2021 Stain Color of the Year,"OLYMPIC Stains by PPG has named Light Oak as its first-ever 2021 Stain Color of the Year, responding to the increased interest in DIY home improvement and outdoor living driven by the pandemic. Light Oak is a soft, semi-transparent tan stain designed to add a refined Scandinavian-inspired look to outdoor spaces, allowing the wood's natural characteristics to show through. This versatile color is ideal for decks, patios, pergolas, fencing, and siding, helping homeowners create relaxing outdoor oases.",https://www.businesswire.com/news/home/20210419005521/en/Your-Outdoor-Oasis-Is-One-Afternoon-Project-Away-OLYMPIC-Stains-by-PPG-Selects-Light-Oak-as-Its-First-Ever-2021-Stain-Color-of-the-Year,1618866163
HD,Top Trends Driving Propane Cylinder Sales,"The propane cylinder market is experiencing strong demand driven by increased outdoor living investments, generator use during power outages, and industrial applications favoring propane for efficiency and environmental benefits. Despite steel shortages and price increases, both new and refurbished cylinder sales are robust, with a growing interest in lighter composite cylinders. Companies are adapting to these trends by emphasizing planning, innovative products, and efficient delivery processes.",https://bpnews.com/feature-articles/top-trends-driving-propane-cylinder-sales,1618867980
HD,Georgia religious leaders call for boycott of Home Depot over silence on voting laws,"A group of prominent Georgia clergy members is calling for a nationwide boycott of Home Depot. They criticize the company for its silence on the state's new voting restrictions and its refusal to meet with activists, contrasting its stance with other Georgia-based companies like Delta and Coca-Cola. The religious leaders are urging Home Depot to speak out against the new voting laws and meet with them to discuss changes.",https://www.nbcnews.com/politics/elections/georgia-religious-leaders-call-boycott-home-depot-over-silence-voting-n1264674,1618930560
HD,Home Depot to face boycott over Georgia voting curbs,"Religious leaders in Georgia are calling for a boycott of Home Depot due to the company's silence on the state's new voting restrictions. Activists argue that the new laws make it harder for Black people and other racial minorities to vote, and Home Depot has not joined other corporations in opposing the measures. Home Depot stated its belief that ""all elections should be accessible, fair and secure and support broad voter participation.""",https://finance.yahoo.com/news/home-depot-face-boycott-over-130559792.html,1618950439
HD,Church leaders call for Home Depot boycott over Georgia voting curbs,"Black religious leaders in Georgia are calling for a boycott of Home Depot, accusing the company of not taking a strong stance against the state's new restrictive voting law. While other Georgia-based corporations like Delta and Coca-Cola have engaged with activists and opposed the law, Home Depot has stated it supports accessible, fair, and secure elections but has not denounced the legislation. The leaders warn that the boycott will escalate if Home Depot does not forcefully speak out against the law.",https://www.reuters.com/world/us/home-depot-face-boycott-over-georgia-voting-curbs-2021-04-20/,1618960234
HD,Georgia Faith Leaders Urge Boycott of Home Depot Over Voting Law (Published 2021),"A coalition of Black faith leaders in Georgia, representing over 1,000 churches, has called for a boycott of Home Depot. They argue that the company failed to oppose the state's new voting law, which they believe limits voting access. This boycott is seen as a ""warning shot"" to other states considering similar voting restrictions and aims to apply economic pressure on corporations to take a stand on voting rights.",https://www.nytimes.com/2021/04/20/us/politics/georgia-home-depot-boycott.html,1618960234
HD,These 3 dividend ETFs are a retiree's best friend,"This article recommends three dividend ETFs — SPDR S&P Dividend ETF, Vanguard High Dividend Yield ETF, and Schwab U.S. Dividend Equity ETF — as excellent options for retirees seeking a steady stream of passive income. It highlights the importance of diversification in retirement investing and details the characteristics, holdings, and expense ratios of each ETF, emphasizing their potential to provide income that keeps pace with inflation while managing risk. The author advises investors to look beyond just the yield and focus on the sustainability of dividends.",https://www.foxbusiness.com/personal-finance/these-3-dividend-etfs-are-a-retirees-best-friend,1618984620
HD,Turning Home Depot Sheds Into Tiny Houses: Everything You Need to Know,"Home Depot has partnered with Tuff Shed to offer customizable sheds that can be transformed into tiny homes. While these sheds provide a base structure with various customization options like specific colors, roof styles, and materials, they lack essential features like foundations, electricity, and plumbing. Converting a Tuff Shed into a livable tiny home requires significant additional work, research, and financial investment beyond the initial purchase price, but offers a path to a more sustainable lifestyle.",https://www.greenmatters.com/p/home-depot-tiny-house,1619179860
HD,The Home Depot Announces New and Enhanced Disaster Preparedness Resources,"The Home Depot has introduced new and enhanced resources for disaster preparedness, coinciding with National Hurricane Preparedness Week and National Wildfire Preparedness Month in May. These resources include a new Weather Center Hub with supply checklists and government agency information, free online workshops for hurricane and wildfire preparedness, and step-by-step guides and videos. The Home Depot Foundation also continues its commitment to disaster response and long-term recovery efforts, having dedicated $4.1 million to disaster relief in 2021.",https://www.prnewswire.com/news-releases/the-home-depot-announces-new-and-enhanced-disaster-preparedness-resources-847832640.html,1619737834
HD,Police arrest man accused of using counterfeit bills at local Home Depot stores,"Police in Boardman, Ohio, arrested Marcus Shelton of New York City for attempting to use counterfeit bills at a Home Depot. Shelton and another suspect had allegedly been using fake money at several Home Depot stores in the area for months, including purchasing about $400 worth of power tools with counterfeit hundred-dollar bills earlier that day in Salem. Shelton faces charges of theft by deception and counterfeiting, and the investigation involves Boardman police, Home Depot loss prevention, and the U.S. Secret Service.",https://www.wkbn.com/news/local-news/police-arrest-man-accused-of-using-counterfeit-bills-at-local-home-depot-stores/,1619737835
HD,Tractor Supply board picks Macy’s exec to be next CEO,"Tractor Supply has appointed Hal Lawton, formerly president of Macy's, as its new president and CEO, effective January 13. He will succeed Greg Sandfort, who will transition out of the role and advise Lawton until August. Lawton's background includes leadership positions at eBay and Home Depot, bringing extensive omnichannel retail experience to Tractor Supply.",https://www.nashvillepost.com/tractor-supply-board-picks-macy-s-exec-to-be-next-ceo/article_0db66c11-b6fe-51b4-9964-797a4394fc6f.html,1619739263
HD,"Supplier Spotlight: Klein Tools, Powering America's Tradespeople Since 1857","The article highlights Klein Tools, a family-owned business founded in 1857 by Mathias Klein, emphasizing its enduring commitment to quality and craftsmanship, which has made its tools a standard for tradespeople. It details Klein Tools' exclusive partnership with The Home Depot formed in 2009, which significantly boosted both companies' market presence and sales. The partnership has led to multiple Supplier Partner of the Year awards for Klein Tools and includes sponsorship of the SkillsUSA National Signing Day.",https://corporate.homedepot.com/news/supplier/supplier-spotlight-klein-tools-powering-americas-tradespeople-1857,1619814439
HD,Home Depot Regional Distribution Center being built at Conroe’s remediated superfund site,"A 600,000-square-foot Home Depot Regional Distribution Center is under construction at a remediated superfund site in Conroe, Texas, formerly the Conroe Cresoting Co. This project, despite the site's history of environmental contamination, is reactivating a rail spur and enabling a long-awaited road extension project. While the company name was initially withheld due to a nondisclosure agreement, city officials confirmed it would be a Home Depot facility, scheduled for completion in July and opening in the fall.",https://communityimpact.com/houston/conroe-montgomery/development/2021/05/03/home-depot-regional-distribution-center-being-built-at-conroes-remediated-superfund-site/,1620080517
HD,"The Home Depot Foundation Grants $30,000 in Scholarships to SkillsUSA Students","The Home Depot Foundation has granted $30,000 in scholarships to six SkillsUSA students entering the skilled trades, as part of its Path to Pro program. This initiative supported SkillsUSA's National Signing Day 2021 by recognizing high school and college students pursuing careers in building and construction. The Home Depot Foundation continues to advance its trades training program, which has exposed over 15,000 individuals to the skilled trades and certified more than 5,000 participants.",https://ir.homedepot.com/news-releases/2021/05-04-2021-123105589,1620166917
HD,"With car rentals impossible to find, travelers are resorting to U-Hauls for their vacation","Due to soaring car rental prices and limited availability, travelers are turning to unconventional solutions like U-Haul vans and Home Depot trucks for their transportation needs. This trend, dubbed ""carmageddon,"" highlights the struggle many face in securing affordable vehicles for their trips. The article shares several anecdotes and offers tips for finding alternative transportation, including using car-sharing services like Turo or extending rental bookings.",https://thepointsguy.com/news/car-rental-shortage-uhaul/,1620254758
HD,Home Depot vs. Lowe’s — should you buy either stock now?,"This article compares the performance of Home Depot Inc. and Lowe's Cos. Inc., especially concerning their sales growth during the coronavirus pandemic. It notes that while Lowe's has grown more quickly, Home Depot boasts better margins and a history of dividend increases. The article aims to provide investors with insights into which home-improvement retailer might be a better investment.",https://www.marketwatch.com/story/home-depot-vs-lowes-should-you-buy-either-stock-now-11620312081?gaa_at=eafs&gaa_n=AWEtsqc8cDmWZ_lcdwybXH1C-lBpSKBVpU5nvlg9NTMB9ZdGLlxyL5R9xn2C&gaa_ts=6907c1a6&gaa_sig=mE7sBnfm9ySfBHEoUvKSMXuqZZ1COsV3R38t9hnwTxVrvPjqaQyFEi0y3JT9SqgH9-0iPJ4NXJvE_2Rs9QJVoA%3D%3D,1620297660
HD,Corporate Counsel Awards: Salmon Laguerre a true rising star,"The article announces that Salmon Laguerre, corporate counsel for The Home Depot Inc., has been named the Rising Star in the 2021 Corporate Counsel Awards. These awards are presented by Atlanta Business Chronicle in partnership with the Association of Corporate Counsel Georgia Chapter.",https://www.bizjournals.com/atlanta/news/2021/05/07/corporate-counsel-awards-rising-star.html,1620419240
HD,Home Depot hiring for nearly 700 positions at Maine stores,"Home Depot is looking to fill almost 700 positions across its stores in the metro Portland-Auburn area of Maine. The company is hiring for full-time and part-time roles in customer service, online order fulfillment, freight unpacking, and merchandising. Interested individuals can apply online or by texting ""JOBS"" to 52270.",https://wgme.com/news/local/home-depot-hiringfor-nearly-700-positions-at-maine-stores,1620771717
HD,American Woodmark Shines in Product Innovation,"American Woodmark, one of the world's largest cabinet makers, boasts a long history of innovation, stemming from its origins in 1951 as ""Formed Laminates"" and its partnership with The Home Depot since 1980. The company was recognized for its Sedgewood Bath Vanities and lauded by Women on Boards for its diverse board of directors, illustrating its commitment to both product innovation and diversity.",https://corporate.homedepot.com/news/supplier/american-woodmark-shines-product-innovation,1620771718
HD,Home Depot,"The Home Depot implemented IBM Blockchain technology to improve communication and resolution of transaction disputes with its vendors. This technology provides real-time visibility into the supply chain, enabling faster identification and resolution of discrepancies, fostering stronger relationships, and increasing overall efficiency. The initiative has significantly reduced the time and manual intervention previously required to address vendor disputes.",https://www.ibm.com/case-studies/the-home-depot,1620937638
HD,Home Depot charged four times more for some lumber products this year,"Home Depot significantly increased prices for some lumber products, with inflation from skyrocketing lumber prices impacting its fiscal first-quarter results. Over a third of the increase in the average customer ticket was due to commodity inflation, as the company passed higher costs onto consumers amid ""unprecedented demand"" for home improvement projects.",https://www.marketwatch.com/story/home-depot-charged-four-times-more-for-some-lumber-products-this-year-11621357695?gaa_at=eafs&gaa_n=AWEtsqe8nNUr8KUL8puk82av4xeaebc6wJdjzy7KSI5WvH0hIJQJDgkMD2xX&gaa_ts=6907c1a6&gaa_sig=Dw-Ce4fClGS3J9wNa5s1luQd5Vh_TgmHf0YkuMU23aS_7Z2zsBXjwpnWa4gvCs3TNcS_5Vxwra8qCy5fA49V1A%3D%3D,1621343280
HD,Home Depot removes face mask requirement for vaccinated shoppers,"Home Depot has updated its mask policy, removing the requirement for vaccinated shoppers. This decision by Atlanta's largest public company follows new guidance from the CDC. The company had initially implemented its mask policy in July 2020 to mitigate the spread of Covid-19.",https://www.bizjournals.com/atlanta/news/2021/05/17/home-depot-updates-its-mask-policy.html,1621376517
HD,Quarterly Earnings 2021,"The Home Depot's investor relations page provides access to quarterly earnings reports for 2021 and other years. Users can find press releases, 10Q/10K filings, webcast transcripts, and supplemental materials for each quarter. The page also offers email alerts for financial information and contact details for investor relations.",https://ir.homedepot.com/financial-reports/quarterly-earnings/2021,1621376517
HD,"Big retailers like Walmart, Macy’s see shoppers back in stores","Major retailers like Walmart, Macy's, and Home Depot are reporting increased in-store shopping and exceeding sales estimates as COVID-19 restrictions ease across the U.S. Government stimulus checks and higher vaccination rates are contributing to a return to pre-pandemic consumer behaviors, with foot traffic significantly up at these stores. This trend suggests a strong recovery for brick-and-mortar retail as consumers resume activities outside their homes.",https://www.reuters.com/business/retail-consumer/big-retailers-like-walmart-macys-see-shoppers-back-stores-2021-05-18/,1621376940
HD,Home Depot outpaces Lowe’s in Q1,"In Q1, Home Depot significantly outperformed Lowe's, with net sales increasing 32.7% to $37.5 billion compared to Lowe's 24.1% rise to $24.4 billion. Home Depot saw robust demand from both DIY and Pro customers, with all its top 40 markets achieving double-digit comps growth. While Lowe's also reported double-digit gains, its growth showed signs of slowing, and it lost market share to its larger competitor.",https://www.retaildive.com/news/home-depot-outpaces-lowes-in-q1/600455/,1621462917
HD,Masks optional: Kroger stores lift mask requirement for vaccinated customers,"Kroger announced it is lifting its mask mandate for vaccinated customers and most vaccinated associates starting May 20, aligning with CDC guidance. Non-vaccinated individuals and pharmacy/clinic employees will still be required to wear masks. Other major retailers like Walmart, Target, Home Depot, and Aldi are also making masks optional for vaccinated customers, while some, like Jungle Jim's and Whole Foods, continue to require them.",https://www.wlwt.com/article/masks-optional-kroger-stores-to-lift-mask-requirement-for-vaccinated-customers/36476431,1621503480
HD,The Home Depot to Present at RBC Global Consumer & Retail Virtual Conference,"The Home Depot announced that its president & chief operating officer, Ted Decker, and executive vice president of merchandising, Jeff Kinnaird, will present at the RBC Global Consumer & Retail Virtual Conference on June 2, 2021, at 10:00 a.m. ET. The presentation will be webcast live and archived on the company's investor relations website. The company also provided an overview of its operations, fiscal 2020 sales and earnings, and stock exchange information.",https://ir.homedepot.com/news-releases/2021/05-20-2021-133121214,1621549317
HD,The Home Depot Declares First Quarter Dividend of $1.65 and Announces $20 Billion Share Repurchase Authorization,"The Home Depot announced that its board of directors declared a first-quarter cash dividend of $1.65 per share, payable on June 17, 2021, to shareholders of record on June 3, 2021. This marks the 137th consecutive quarter the company has paid a cash dividend. Additionally, the board authorized a new $20 billion share repurchase program, replacing the previous authorization.",https://ir.homedepot.com/news-releases/2021/05-20-2021-210606992,1621549317
HD,The Home Depot Foundation Expands Trades Training Initiatives with Path to Pro Scholarship Program,"The Home Depot Foundation has launched the Path to Pro scholarship program, committing $250,000 in financial assistance to high school seniors and graduates pursuing building construction trades. This initiative aims to address the growing labor shortage in the construction industry and support the training of future skilled tradespeople. The scholarships will be administered by the SkillPointe Foundation, further expanding The Home Depot Foundation's existing $50 million investment in trades training.",https://ir.homedepot.com/news-releases/2021/05-20-21-trades-training,1621549317
HD,Home Depot’s ‘One Supply Chain’ is taking shape with massive 2021 growth,"Home Depot reported strong Q1 2021 results, with continued high demand for home improvement from both DIY and Pro customers. The company's ""One Supply Chain"" initiative, a $1.2 billion investment, is progressing well, expanding its logistical facilities like Flatbed Delivery Centers, Market Delivery Operations, and Market Delivery Centers to enhance delivery speed and cater to broader product categories. Home Depot's strategy of investing in both physical and digital supply chains and its omnichannel fulfillment, particularly high store fulfillment for online orders, is proving successful in meeting customer demand for bulky items.",https://www.freightwaves.com/news/home-depots-one-supply-chain-is-taking-shape-with-massive-2021-growth,1621808517
HD,Declining future lumber prices are an early indicator of inflation,"This article discusses how declining future lumber prices may signal an early moderation of inflation, which saw prices increase over 410% from January 2020 to May 2021. The increase in lumber prices added a significant cost to new homes and is partially blamed for reduced housing starts. The author also touches on rising labor costs and the hope that inflation will abate within the next 24 months.",https://www.bradenton.com/news/business/biz-columns-blogs/article251585383.html,1621839600
HD,"Home Depot Wiretapped Shoppers, Class Action Lawsuit Claims","A class action lawsuit alleges that Home Depot uses Quantum Metric session replay tools to secretly monitor and record customer activity on its website, homedepot.com, violating Florida's Security of Communications Act. The lawsuit claims these tools record clicks, mouse movements, and information input, leaving users vulnerable to data leaks. Plaintiff Michael Fridman is seeking damages and a jury trial for anyone in Florida whose screen session was recorded without consent.",https://topclassactions.com/lawsuit-settlements/privacy/home-depot-wiretapped-shoppers-class-action-lawsuit-claims/,1621888040
HD,Police: Theft ring involving officer targeted Home Depot stores,"A Las Vegas police officer, Samuelito Quijano, and five others were arrested in connection with a retail theft ring primarily targeting Home Depot stores. The ring allegedly accumulated thousands of dollars in thefts from at least 28 stores since March. Police recovered stolen or fraudulently purchased property after serving search warrants, and several co-defendants confessed to their involvement.",https://www.reviewjournal.com/crime/police-theft-ring-involving-officer-targeted-home-depot-stores-2361754/,1621894917
HD,Luxury Goods Sales Projected to Recover to 2019 Levels This Year,"A new report from Bain & Company projects global luxury goods sales to fully recover to 2019 levels this year, with a 30% probability of exceeding $340 billion. This optimistic forecast is driven by strong economic rebounds in China and the United States, propelled by swift vaccine distribution and increased disposable income. The article highlights the U.S. Global Investors' Global Luxury Goods Fund (USLUX) as an attractive way to capitalize on this recovery, benefiting from the spending habits of affluent consumers, particularly in Asia.",https://www.usfunds.com/resource/luxury-goods-sales-projected-to-recover-to-2019-levels-this-year/,1622146949
HD,Announcing the 2021 Adobe Experience Maker Awards Finalists,"Adobe has announced the finalists for its 2021 Experience Maker Awards, recognizing customers who have innovated using Adobe Experience Cloud solutions amid challenging times. The awards also include the Lion Awards for Workfront customers, celebrating advancements in work management. Finalists in 12 global categories and several regional ""Experience Maker"" categories were selected from a record number of submissions, and winners will be announced at virtual galas in June.",https://blog.adobe.com/en/publish/2021/05/28/announcing-the-2021-adobe-experience-maker-awards-finalists,1622239367
HD,Alberta sets sights on expanding forest products harvest as high prices drive returns,"Alberta is looking to significantly increase its forest product harvest as record-high lumber prices boost provincial revenues. This expansion includes allocating new harvesting rights to First Nations, such as the Bigstone Cree Nation, and other forestry companies. While the increase in timber dues and levies is benefiting the province's treasury, the initiative faces criticism regarding environmental impact and Indigenous consultation.",https://www.cbc.ca/news/canada/edmonton/alberta-forest-harvest-1.6046098,1622373180
HD,Target is reopening fitting rooms after keeping them closed more than a year amid COVID-19,"Target has started reopening its fitting rooms across all stores, with most expected to be operational by Tuesday after being closed for over a year due to the coronavirus pandemic. This decision follows updated CDC guidelines on masks for vaccinated individuals and comes as other retailers, like Kohl's, also reopen their dressing rooms to improve the shopping experience. Target assures customers that frequent disinfection and cleaning protocols will remain in place, with a small number of fitting rooms potentially still used for vaccinations.",https://www.usatoday.com/story/money/shopping/2021/05/31/target-fitting-rooms-open-2021/5277817001/,1622496140
HD,Carpentersville shopping center sells for $3.95 million,"Hanley Investment Group Real Estate Advisors facilitated the sale of a 100%-occupied, 11,035-square-foot multi-tenant retail property in Carpentersville, Illinois, for $3.95 million. The property, shadow-anchored by a Home Depot, attracted 13 offers and was purchased by a San Diego-based investor. Tenants include Panda Express, ATI Physical Therapy, Game Stop, and T-Mobile, with most leases extending beyond 2025.",https://rejournals.com/carpentersville-shopping-center-sells-for-3-95-million/,1622582242
HD,"The Home Depot Foundation and Home Builders Institute Partner with 100 Black Men of America, Inc. to Provide Skilled Trades Training Opportunities for Youth in Underserved Communities","The Home Depot Foundation and Home Builders Institute are partnering with 100 Black Men of America, Inc. to launch a skilled trades training program for Black youth in underserved communities. This initiative aims to address the underrepresentation of Black individuals in skilled labor industries by offering skill-building workshops, internships, and industry-recognized certifications. The Foundation is also supporting the Russell Innovation Center for Entrepreneurs with construction aid for an outdoor creativity space.",https://ir.homedepot.com/news-releases/2021/6-2-21-bmoa-partnership,1622665639
HD,The Home Depot Foundation Partners With 100 Black Men of America Inc. to Provide Skilled Trades Training for Underserved Youth,"The Home Depot Foundation, in partnership with Home Builders Institute (HBI) and 100 Black Men of America Inc., is launching a new program to provide skilled trades training to underserved Black youth. The initiative aims to increase opportunities in the trades through workshops, internships, and certifications, with pilot programs starting in Atlanta, Philadelphia, and San Francisco. Additionally, The Home Depot Foundation introduced a $250,000 Path to Pro scholarship program, reinforcing its commitment to investing $50 million in training the next generation of skilled tradespeople.",https://www.blackenterprise.com/the-home-depot-foundation-partners-with-100-black-men-of-america-inc-to-provide-skilled-trades-training-for-underserved-youth/,1622842227
HD,"CMS Energy sells EnerBank USA to fund renewables, grid reliability","CMS Energy is selling EnerBank USA, a non-core business, to Regions Bank for $960 million to fund investments in renewable energy and grid reliability in Michigan. The sale provides capital for Consumers Energy's Clean Energy Plan and infrastructure projects, avoiding rate increases for customers. The deal is expected to close in Q4 and will not impact CMS's long-term adjusted earnings-per-share growth guidance.",https://www.detroitnews.com/story/business/2021/06/08/cms-energy-sells-enerbank-usa-regions-bank/7606104002/,1623182257
HD,The Home Depot Foundation Partners with Girl Scouts of the USA to Launch Skilled Trades Training Program for Young Women,"The Home Depot Foundation announced a new strategic partnership with Girl Scouts of the USA to launch a skilled trades training program for young women. This pilot program, starting in Fall 2021 in Atlanta, Denver, and Houston, will offer hands-on experience in carpentry and other building construction trades, led by female industry professionals. The initiative aims to address the underrepresentation of women in the construction industry and includes scholarship opportunities for high school senior Girl Scouts through the Foundation's Path to Pro program.",https://ir.homedepot.com/news-releases/2021/6-8-21-gsusa,1623184039
HD,Home Depot and Lowe's have 30% share of a home improvement market that's heading toward $1 trillion,"Home Depot and Lowe's together hold approximately 30% of the U.S. home improvement market, which is projected to grow significantly towards $1 trillion. Despite their market dominance, the industry remains fragmented. Analysts suggest that increased home improvement spending, spurred by factors like COVID-19, is likely to continue.",https://www.marketwatch.com/story/home-depot-and-lowes-have-30-share-of-a-home-improvement-market-thats-heading-toward-1-trillion-11623254029?gaa_at=eafs&gaa_n=AWEtsqems6Yvm7RR1-9GDo0vQSXGcCphMYJ59akuchnacqi7acEH942_9xSj&gaa_ts=6907c1a6&gaa_sig=usm4l7335J7Ci2Q6UJMbEiib_2rnXv5wBFzTLbjS2lHqV3oZZIuBth5Pvom1UU2tG_JpoN8VzkKcHQHxhcKmCw%3D%3D,1623239580
HD,"Sam's Club getting into home improvement business, competing with Home Depot, Lowe's","Sam's Club is entering the home improvement market with a new service called ""Sam’s Club Home Install Experts by Service Finance,"" aiming to compete with giants like Home Depot and Lowe's. The service will connect members with local contractors for various renovation projects and offer additional discounts and financing options. This move capitalizes on the booming home improvement market, which saw significant growth in 2020.",https://www.foxbusiness.com/lifestyle/sams-clubs-home-improvement-lowes-home-depot,1623341760
HD,HR Excellence Awards: Home Depot CEO Craig Menear: 'As a team we're trying to win together',"Home Depot CEO Craig Menear emphasized that the company's long-term focus on its people was instrumental in its success during a challenging year for brick-and-mortar retailers. The home improvement giant managed to move an additional $22 billion worth of product through its network in 2020, attributing this achievement to its people-first approach. This strategy highlights the importance of human resources in navigating difficult economic landscapes and achieving business goals.",https://www.bizjournals.com/atlanta/news/2021/06/10/home-depot-ceo-craig-menear-people-focused-ceo.html,1623356840
HD,Home Depot charters in own box ship,"Home Depot has chartered its own containership to mitigate severe shipping delays affecting its supply chain. This measure is part of broader efforts by the company to cope with global disruptions, which have also included using air freight for high-value items. The retail giant, a major importer, faces challenges similar to other businesses due to port congestion, labor shortages, and increased demand.",https://www.marinelog.com/news/home-depot-charters-in-own-box-ship/,1623706227
HD,"Only 4.8% of designers are Black. Herman Miller, Adobe, and Gap unveil a plan to change that","A new collective called the Diversity in Design (DID) Collaborative, launched by nearly two dozen companies including Herman Miller, Adobe, and Gap, aims to increase Black representation in the design profession. The collaborative plans to promote design in high schools, work with historically Black colleges to develop design curricula, and host a design fair to offer mentorship and internships. This initiative seeks to address systemic inequalities by investing in the talent pipeline for Black designers, moving beyond superficial efforts to create tangible change through specific programs and transparent metrics.",https://www.fastcompany.com/90646834/only-4-8-of-designers-are-black-herman-miller-adobe-and-gap-unveil-a-plan-to-change-that,1623785187
HD,"Home Depot secures its first-ever ship, as global supply chain crisis deepens","Home Depot has secured its first dedicated ship to address the deepening global supply chain crisis, making it one of the largest importers in the U.S. This new shipping capability will be ""100% dedicated to Home Depot"" starting in July, aiming to ensure smoother operations amidst logistical challenges. The move highlights the company's proactive steps to manage its supply chain and maintain product availability.",https://www.bizjournals.com/atlanta/news/2021/06/16/home-depot-atlanta-ship.html,1623875240
HD,Genuine Parts Company Announces Technology And Digital Leader,"Genuine Parts Company (GPC) announced that Naveen Krishna has joined the company as Executive Vice President and Chief Information & Digital Officer. In this role, Mr. Krishna will lead the strategy for all technology and digital initiatives, aligning them with GPC's strategic roadmap. He brings over 25 years of technology experience from various retail and consumer products industries, including Macy's and The Home Depot.",https://www.prnewswire.com/news-releases/genuine-parts-company-announces-technology-and-digital-leader-301316714.html,1624292400
HD,"Twenty years of Reflexis, illustrated by three major retailer rollouts","This article celebrates twenty years of Reflexis, a cloud-based workforce and task management solutions vendor now part of Zebra Technologies, by detailing its long-standing partnerships with three major retailers: Staples, AutoZone, and Vera Bradley. It highlights how Reflexis's technology has helped these companies streamline operations, improve workforce management, and adapt to evolving retail demands, from task management to real-time scheduling and inventory solutions. The piece underscores the significant ROI and operational efficiencies achieved through these implementations.",https://chainstoreage.com/twenty-years-reflexis-illustrated-three-major-retailer-rollouts,1624396359
HD,The Home Depot Foundation Increases Investment to More than $100 Million in Support of Veterans Experiencing Homelessness,"The Home Depot Foundation announced an additional $6.4 million investment to combat veteran homelessness, bringing its total contribution to over $100 million since 2011. These grants will impact nearly 4,000 veterans and provide over 600 housing units across the U.S. The Foundation aims to reverse the rise in veteran homelessness, collaborating with partners like Community Solutions and U.S.VETS to offer transitional and permanent supportive housing, and has pledged to invest $500 million in veteran causes by 2025.",https://ir.homedepot.com/news-releases/2021/06-22-2021-veteran-support,1624397428
HD,"Weyerhaeuser's Devin Stockfish on the Housing Boom, Inflation and Climate Change","Devin Stockfish, CEO of Weyerhaeuser, discusses the surge in lumber prices driven by the housing boom and underbuilding in the U.S., along with the impact of inflation and labor shortages on the industry. He also details Weyerhaeuser's strategic positioning in the emerging carbon sequestration market, highlighting forests' role in climate change mitigation and the potential for a ""natural climate solutions business."" The interview covers the company's international reach, particularly with Douglas Fir exports to Japan, and its involvement in renewable energy projects like wind and solar farms on its extensive land holdings.",https://time.com/6074527/weyerhaeuser-devin-stockfish-housing-boom-inflation-climate-change/,1624399228
HD,The Home Depot Launches Online Rental Reservations; Opens New Rental Locations,"The Home Depot has launched new ""Rent Online, Pick-up In Store"" technology at its 1,300 rental locations to enhance the customer experience. This allows Pro and DIY customers to reserve equipment online up to 30 days in advance, saving time and trips to the store. Additionally, The Home Depot has expanded its equipment rental network by opening eight new Rental Centers since January across North America.",https://ir.homedepot.com/news-releases/2021/06-23-2021-130016632,1624483827
HD,"The Home Depot Launches Online Rental Reservations, Opens New Rental Locations","The Home Depot has introduced a new ""Rent Online, Pick-up In Store"" reservation system for its 1,300 rental locations across North America, allowing customers to reserve equipment up to 30 days in advance. This initiative aims to save time for both Pro and DIY customers by enabling them to check availability and reserve tools online. Additionally, the company has opened eight new Rental Centers since January to expand its service offerings.",https://www.forconstructionpros.com/rental/press-release/21521309/the-home-depot-the-home-depot-launches-online-rental-reservations-opens-new-rental-locations,1624483827
HD,"VIDEO: Fire burns Home Depot roof in Hamilton, NJ","A fire broke out on the roof of a Home Depot in Hamilton, NJ, on Wednesday morning, initially sending thick black smoke into the air. Firefighters quickly managed to control the blaze, which occurred at the store on Route 130 and involved solar panels on the roof. The cause of the fire was not immediately detailed, as Hamilton police did not respond to requests for information.",https://nj1015.com/home-depot-hamilton-nj/,1624483828
HD,Latest U.S. and Canadian Housing Starts in 10 Graphs,"This article analyzes the latest housing starts data for the U.S. and Canada through May 2021, highlighting new home building booms in both countries driven by low mortgage rates and pandemic-related lifestyle changes. It presents 10 graphs to illustrate trends, noting Canada's more outstanding growth in starts and differences in single-family versus multi-family construction between the two nations, alongside regional insights and future outlooks.",https://canada.constructconnect.com/canadata/forecaster/economic/2021/06/latest-u-s-and-canadian-housing-starts-in-10-graphs,1624485592
HD,"Amazon has spent billions to get within a 1-hour delivery distance of many U.S. customers, but Walmart and Target are still winning that race","Despite Amazon investing $35 billion in 2020 to build out its delivery infrastructure, Walmart and Target, with their extensive network of brick-and-mortar stores, remain closer to more U.S. customers for swift delivery. This suggests that the physical presence of traditional retailers still provides a competitive edge in rapid fulfillment, even against Amazon's substantial e-commerce investments.",https://www.marketwatch.com/story/amazon-has-spent-billions-to-get-within-a-1-hour-delivery-distance-of-many-u-s-customers-but-walmart-and-target-are-still-winning-that-race-11624565328?gaa_at=eafs&gaa_n=AWEtsqfeF3-pWEYWtjpBrUh5Y5mO1FF2HOT4VeDsOmA7md2-jJ-j1bFf6glt&gaa_ts=699b744b&gaa_sig=ciDaq4-kkZ1YYHO_khpZX591Lv1aO-LtWxXiSFujpICg2B2p2UiWulYtybIQodtsaMvZ7z9ibU_v_tpv3MKqMg%3D%3D,1624550880
HD,These stores will be open on the Fourth of July,"This article lists various retail and grocery stores that will be open or closed on the Fourth of July, along with their operating hours. It serves as a guide for shoppers and those running errands during the holiday. The information is relevant for anyone planning activities that involve shopping on Independence Day.",https://abc13.com/post/stores-open-on-fourth-of-july-store-hours-4h-costco-closed-4-heb/10840250/,1625001082
HD,We Love These Air-Powered Half-Inch Drive Impact Wrenches,"This article highlights the enduring power and utility of air-powered half-inch drive impact wrenches, despite the rise of cordless electric tools. It recommends several top models from brands like Ingersoll Rand, Aircat, and Campbell Hausfeld, detailing their key features such as torque, weight, and suggested use cases. The article emphasizes that pneumatic impact wrenches remain superior for raw nut-busting torque, making them essential tools for professional and serious DIY mechanics.",https://www.autoweek.com/gear/g36877136/top-air-powered-12-inch-drive-impact-wrenches/,1625088816
HD,Third Conviction Concludes StaMedia Fraud Saga,"The StaMedia fraud saga has concluded with the third and final conviction, sending three Texas con men to prison for defrauding investors of millions. Richard Gregory Tilford received 40 years, Bobby Guess received 12 years, and former pastor Timothy Lloyd Booth, who stole $23 million primarily from elderly individuals, was sentenced to 68 years. The scam involved false claims of advertising contracts with AT&T and The Home Depot, promising high returns that never materialized.",https://ministrywatch.com/third-conviction-concludes-stamedia-fraud-saga/,1625090067
HD,"Home Depot, Lowe's amp up focus on home pros, as consumers swap DIY projects for parties, travel","Home Depot and Lowe's are shifting their growth strategy to focus on home professionals, as consumers are increasingly opting for travel and social activities over DIY projects post-pandemic. Both retailers are investing in services, supply chain improvements, and loyalty programs to attract and retain professional contractors, who represent a significant and growing revenue stream. While Home Depot historically has a larger pro business, Lowe's is aggressively expanding its share in this lucrative market.",https://www.cnbc.com/2021/07/06/home-depot-lowes-turn-focus-to-home-professionals-to-propel-growth-.html,1625603878
HD,Mistakes Everyone Makes When Shopping At Home Depot,"This article highlights common mistakes shoppers make at Home Depot and provides tips to save money and improve the shopping experience. It covers strategies such as renting tools instead of buying, checking for rebates, utilizing ""oops"" paint, monitoring daily deals, leveraging the Low Price Guarantee, understanding price tag hacks, using coupons, keeping receipts, joining the Garden Club, shopping holiday sales, securing free shipping, and signing up for the Pro Xtra loyalty program.",https://www.housedigest.com/456567/mistakes-everyone-makes-when-shopping-at-home-depot/,1625757120
HD,European pension managers go big for indoor ag as Equilibrium closes $1.1bn CEA fund,"Equilibrium Capital has successfully closed its second indoor agriculture fund, Controlled Environment Foods Fund II (CEFF II), at over $1 billion, significantly exceeding its $500 million target. The fund attracted substantial investment from institutional investors, primarily European pension funds like Sweden's AP4 and two large UK pension managers, highlighting a growing demand for sustainable real assets in agriculture. CEFF II will focus on investing in high-tech greenhouses, vertical farms, and other controlled environment agriculture facilities across North America, with specific interest in crops like tomatoes, peppers, cucumbers, leafy greens, and berries.",https://agfundernews.com/equilibrium-european-pension-funds-go-big-for-indoor-ag-as-closes-1-1bn-controlled-environment-agriculture-fund,1625775792
HD,Preparing for Disaster Season with Canter Power Systems,"Canter Power Systems, established in 1948, is the largest residential generator installer in the U.S. and a trusted service provider for The Home Depot. The company specializes in handling high demand for generators during disaster seasons, scaling inventory and services to meet needs, and successfully adapted to virtual sales during the COVID-19 pandemic. Canter Power provides personalized customer service with factory-certified technicians and 24/7 technical support, offering a seamless experience for homeowners seeking automatic standby generators.",https://corporate.homedepot.com/news/supplier/preparing-disaster-season-canter-power-systems,1625776679
HD,"Developers, major retailers keep betting on the Southside for logistics","Major retailers and developers continue to invest in Atlanta's Southside for logistics due to its strategic location. Companies like Home Depot, Kroger, and Cummins Inc. benefit from its proximity to the airport, rail, and interstate highway system for national distribution. The area is experiencing significant development activity and demand for distribution centers.",https://www.bizjournals.com/atlanta/news/2021/07/16/retailers-and-developers-eye-southside-logistics.html,1626467879
HD,"""At Home"" Store Coming to Washington Township's The Dump Location (Leasing Company Site).","A new ""At Home"" home decor store is confirmed to be coming to the former The Dump location on Route 42 in Washington Township, according to the website of leasing company Urban Edge Properties. This move signifies a significant retail development for the area, as At Home stores are massive, typically 90,000-120,000 square feet, and are expected to draw shoppers from a wide distance. The existing The Dump store will eventually vacate the premises to make way for the new establishment.",https://42freeway.com/news/at-home-store-coming-to-washington-townships-the-dump-location-leasing-company-site/,1626642205
HD,"10,000 new homes planned in Reunion community northwest of Fort Worth","A new massive residential community called Reunion is planned northwest of Fort Worth, targeting 10,000 single-family homes at buildout, making it one of North Texas's largest. The project is expected to add significantly to the region's housing landscape.",https://www.bizjournals.com/dallas/news/2021/07/20/reunion-pmb-capital-fort-worth-pincoff.html,1626814059
HD,The Home Depot and Google Cloud Expand Partnership to Enhance the Interconnected Shopping Experience,"The Home Depot and Google Cloud have extended their multi-year partnership to enhance the retailer's digital transformation and improve customer shopping experiences in physical and digital environments. Building on Google Cloud's expertise since 2015, The Home Depot leverages AI, ML, and data analytics for features like ""Rent Online, Pick Up In Store,"" predictive inventory management, and voice search. The collaboration aims to provide scalability and personalized experiences for customers and associates.",https://www.prnewswire.com/news-releases/the-home-depot-and-google-cloud-expand-partnership-to-enhance-the-interconnected-shopping-experience-301338380.html,1626885000
HD,Home Depot plans to foil shoplifters with power tools that won't work if they're stolen,"Home Depot is implementing a new anti-theft measure for power tools that renders them non-functional unless properly activated at the register via Bluetooth. This initiative targets organized retail crime, which costs retailers significantly, without negatively impacting legitimate customers with excessive physical deterrents like locked cases. The company plans to roll out this technology across its 1,988 US stores after successful testing.",https://www.businessinsider.com/home-depot-fights-shoplifters-special-power-tools-2021-7,1626974953
HD,Websites back up after brief global outage linked to Akamai,"Many websites experienced a global outage for about an hour due to a glitch in Akamai Technologies Inc.'s systems, specifically a bug in its domain name system (DNS) service triggered during a software update. Akamai quickly implemented a fix by rolling back the update, confirming the disruption was not a cyberattack. This incident marked the second significant disruption linked to Akamai in approximately a month, affecting major sites including Delta Air Lines, Costco, American Express, and Home Depot.",https://www.reuters.com/technology/websites-airlines-banks-tech-companies-down-widespread-outage-2021-07-22/,1626978540
HD,Home Depot Extends Google Cloud Deal,"Home Depot Inc. has announced it is extending its multiyear cloud-services deal with Google Cloud. This decision comes after a period of explosive online sales during the pandemic, with the home-improvement chain attributing the cloud's capabilities to helping it respond quickly to changing market trends. The partnership aims to expand the digital tools that supported rocketing demand from DIY customers and professional contractors.",https://www.wsj.com/articles/home-depot-extends-google-cloud-deal-11626957000?gaa_at=eafs&gaa_n=AWEtsqcWEw5yicCgVT_kvmZw0JI99bK5nrlT487wrKHPbZAqnaowpYQJxFwY&gaa_ts=699b6ca8&gaa_sig=5RfP6wMqzY5ntSaeedRxeWs8gw8ZRFgYAu328jd6rNCrjSOX337bLkeu9yEY3FqHPBlMfmV4Ov71vUlOzQlaVQ%3D%3D,1626986278
HD,"Amazon, Airbnb, UPS among major firms to face brief outage; Akamai says issues fixed | World News","Major companies including Amazon, Airbnb, and UPS experienced a brief service outage due to a disruption from Akamai Technologies, a web content delivery provider. Akamai quickly implemented a fix, and services rapidly resumed normal operations. The disruption also affected Indian companies like Zomato and Paytm.",https://www.hindustantimes.com/world-news/amazon-airbnb-ups-among-major-firms-to-face-brief-outage-akamai-fixes-issues-101626978256740.html,1627071527
HD,Home Depot uses Bluetooth to prevent stolen items from working and combat organized retail crime,"Home Depot is implementing Bluetooth technology in select stores to combat organized retail crime. This system will activate purchased power tools at the point of sale, rendering stolen items inoperable. This initiative aims to deter theft and resale of stolen merchandise.",https://www.marketwatch.com/story/home-depot-deploys-bluetooth-to-combat-organized-retail-crime-by-preventing-stolen-items-from-working-11627410440?gaa_at=eafs&gaa_n=AWEtsqcWFPqJAy-pm2W1jbuYAgNGDJ4UgzYaFzuhhEQbBMVJxnV2SrP78nhR&gaa_ts=6907c1a9&gaa_sig=_wc51F_pBa8Zkur7dBn_KD4hDKEDzoGu4c91ZkbnZ5XU6MP8L9QOZteEWCD-YCWoldkNxRzFAKLUQU5XShDPIg%3D%3D,1627396020
HD,"The Home Depot Reduced Carbon Emissions by More Than 127,000 Metric Tons in 2020; Commits to 100 Percent Renewable Electricity for Facilities by 2030","The Home Depot reduced its Scope 1 and 2 carbon emissions by over 127,000 metric tons in 2020, achieving a 22 percent reduction in carbon intensity. The company has set a new goal to achieve 100 percent renewable electricity for its facilities by 2030 and has partnered with the Science Based Targets initiative (SBTi) to establish further emissions reduction targets. These commitments were detailed in their 2021 ESG Report, which also highlighted their social and governance initiatives.",https://ir.homedepot.com/news-releases/2021/07-27-2021-120226119,1627418278
HD,"Traeger, Weber battle it out in barbecue IPO mini-boom as consumers spend billions on outdoor cooking","The pandemic-driven surge in at-home grilling has led to a mini-boom in barbecue company IPOs, with Traeger and Weber leading the charge. Traeger priced its IPO at $18, valuing it at $2 billion, while rival Weber is also planning to go public with an expected valuation between $4 billion and $6 billion. Other companies like BBQGuys are also entering the public market, capitalizing on consumers spending billions on outdoor cooking equipment.",https://www.cnbc.com/2021/07/29/traeger-weber-battle-it-out-in-barbecue-grill-ipo-mini-boom-.html,1627553220
HD,Berlin Raceway ready to celebrate big contest victory with the community,"Berlin Raceway in Marne, Michigan, is hosting a celebration night to commemorate its win of the Advance Auto Parts 'Advance My Track' challenge, which awarded them $50,000. The event will feature a pre-race concert, a full night of racing, and fireworks. The prize money will be used to refurbish the concession stand and turn two-deck, as well as establish a non-profit to bring disadvantaged children to the racetrack.",https://www.fox17online.com/sports/berlin-raceway-ready-to-celebrate-big-contest-victory-with-the-community,1627676231
HD,A breakdown of US value ETFs,"This article analyzes five US value ETFs, highlighting that only three of them outperformed Vanguard's S&P 500 ETF despite 2021 being anticipated as a strong year for value factor resurgence. It details the methodologies, holdings, and performance of each ETF (iShares Edge MSCI USA Value Factor UCITS ETF, Ossiam Shiller Barclays Cape US Sector Value UCITS ETF, UBS ETF Factor MSCI USA Value UCITS ETF, UBS ETF Factor MSCI USA Prime Value UCITS ETF, and SPDR MSCI USA Value Weighted UCITS ETF) and discusses the importance of index design and Total Expense Ratios (TERs) in their relative performance.",https://www.etfstream.com/articles/a-breakdown-of-us-value-etfs,1627934823
HD,"Coronavirus: Starbucks, McDonald’s, Home Depot to require workers wear masks inside all locations","Starbucks, McDonald’s, and Home Depot are reinstating indoor mask mandates for their employees due to the surge in COVID-19 infections caused by the delta variant. McDonald's and Target will specifically enforce these measures in high-risk transmission areas as identified by the CDC. These policy changes align with the CDC's updated recommendations urging vaccinated individuals to resume wearing masks indoors in certain settings.",https://www.fox23.com/news/trending/coronavirus-starbucks-mcdonald-s-home-depot-to-require-workers-wear-masks-inside-all-locations/article_0d32ac17-68d1-5414-89e4-fcb8d6c77d9b.html,1628022440
HD,Coca-Cola latest to delay Atlanta office returns; Invesco sets mandate,"Coca-Cola has delayed the return of its employees to its Atlanta headquarters until mid-October at the earliest due to the surge of the COVID-19 delta variant. Atlanta-based Invesco has also set a vaccine mandate for nearly 1,000 U.S. employees, requiring proof of vaccination for office returns. Other major local companies have been adjusting their return-to-office plans amid the ongoing pandemic.",https://www.ajc.com/news/business/coca-cola-latest-to-delay-atlanta-office-returns-invesco-sets-mandate/2UQX2ZK26ZCDNGRDY5NLYML26U/,1628538745
HD,The Home Depot Creates Nearly 500 New Jobs in Baltimore with New Distribution Centers,"The Home Depot has opened three new distribution centers in Baltimore, creating nearly 500 new full- and part-time jobs. These facilities, part of a $1.2 billion investment in its supply chain, will enhance delivery options for customers in the region, including same-day and next-day delivery goals. The expansion aims to improve the shopping experience for both Pro and DIY customers by offering faster access to a broader range of products.",https://ir.homedepot.com/news-releases/2021/08-10-2021-130106598,1628624821
HD,"The C.T. and Octavia Vivian Museum and Archives, Inc. and The Home Depot Foundation Partner to Launch Curriculum Focused on the Life and Teachings of Dr. C.T. Vivian","The C.T. and Octavia Vivian Museum and Archives, Inc. and The Home Depot Foundation have partnered to introduce a new 16-week collegiate curriculum focused on the life and teachings of civil rights leader Dr. C.T. Vivian. The course, ""It’s In The Action,"" will be offered at several universities this fall, including Emory University and Morehouse College, providing students with a comprehensive study of Vivian's advocacy for equality through nonviolent strategies. This initiative aligns with The Home Depot Foundation's commitment to social equity through education and workforce development.",https://corporate.homedepot.com/news/foundation-and-community/ct-and-octavia-vivian-museum-and-archives-inc-and-home-depot,1628713639
HD,"Home Depot punished staff for BLM activism, U.S. labor board alleges","The U.S. labor board has filed a complaint alleging that Home Depot punished staff for Black Lives Matter activism, including forcing out a worker who wore a ""BLM"" apron. The complaint states that Home Depot selectively enforced its dress code and threatened employees to prevent protests against racial harassment. Home Depot denies the allegations, stating that the labor board ""misrepresents the relevant facts"" and that the company does not tolerate workplace harassment.",https://www.latimes.com/business/story/2021-08-16/home-depot-punished-staff-for-blm-activism,1629133380
HD,"Sherwin-Williams Co. stock rises Monday, outperforms market","Sherwin-Williams Co. stock (SHW) rose 0.69% on Monday, outperforming the broader market indices like the S&P 500 and Dow Jones Industrial Average. The company also reached a new 52-week high, surpassing its previous peak from August 13th. While some competitors also saw gains, Sherwin-Williams' trading volume was slightly below its 50-day average.",https://www.marketwatch.com/data-news/sherwin-williams-co-stock-rises-monday-outperforms-market-01629148879-bc17815a6805?gaa_at=eafs&gaa_n=AWEtsqfZWcpWsXausspQgg-DMZarDpWDa_Ik-b1K2sBLr-G1u5OlCxMp9Has&gaa_ts=6907cd5d&gaa_sig=QuvzovQa5ijeLS9_u5T525p57F_By1FPbXu3HO3U5JwCSnCUoyKcnf1_DJQJZ-VnrEOfpV3FhMKxkHpFag1Bsw%3D%3D,1629134460
HD,Home improvement boom’s next phase favors Home Depot,"Wall Street's predictions of a fizzling pandemic-fueled home improvement boom have not materialized, with growth potentially entering a new phase. Home Depot is expected to benefit more in this next phase, as the ""pro"" business, where Home Depot has a larger share, is now recovering and outpacing DIY sales, which historically favored Lowe's. The article highlights both the continued growth drivers, such as surging home prices leading to bigger renovations, and potential headwinds including travel rebounds and consumer confidence dips.",https://www.detroitnews.com/story/business/2021/08/16/home-improvement-booms-next-phase-favors-home-depot/8149152002/,1629145639
HD,Ulta Beauty at Target Opens First 52 Doors,"Ulta Beauty at Target has opened its first 52 doors, out of an anticipated 100 this year, launching shops-in-shop featuring over 50 prestige beauty brands like MAC Cosmetics and Clinique. The partnership aims to provide Target customers with a curated selection of prestige beauty products and drive Ulta customers to its full-line stores or website. This collaboration follows other store-in-store concepts and leverages the loyalty programs of both retailers.",https://wwd.com/beauty-industry-news/beauty-features/feature/ulta-beauty-target-opens-first-52-doors-1234899562/,1629158460
HD,"The Home Depot, Inc. Announces Rise In Q2 Profit, Beats estimates","The Home Depot, Inc. (HD) reported a significant increase in its second-quarter profit, with earnings rising to $4.81 billion, or $4.53 per share, surpassing analyst expectations of $4.43 per share. The company's revenue also saw an 8.1% increase, reaching $41.12 billion for the quarter. These results indicate strong financial performance for Home Depot in Q2.",https://www.rttnews.com/amp/3219242/the-home-depot-inc-announces-rise-in-q2-profit-beats-estimates.aspx,1629180120
HD,The Home Depot Announces Second Quarter 2021 Results,"The Home Depot reported strong second-quarter 2021 results, with sales reaching $41.1 billion, an 8.1% increase from the previous year, marking the first time quarterly sales exceeded $40 billion. Comparable sales rose by 4.5% overall and 3.4% in the U.S., while net earnings increased by 12.7% to $4.8 billion, or $4.53 per diluted share. The company credited these achievements to the dedication of its associates and robust customer service.",https://corporate.homedepot.com/news/earnings/home-depot-announces-second-quarter-2021-results,1629229620
HD,"Home Depot Sales Climb, but Remodeling Frenzy May Be Cooling","Home Depot reported a surge in sales for the three months ended August 1st, exceeding analyst expectations and surpassing $40 billion for the first time quarterly. However, same-store sales growth slowed compared to previous periods, and customer traffic decreased, indicating a potential cooling of the pandemic-driven home remodeling boom. The company's shares fell, and no full-year forecast was provided.",https://www.ttnews.com/articles/home-depot-sales-climb-remodeling-frenzy-may-be-cooling,1629229620
HD,Procter & Gamble has a brand problem,"A survey by Fortune and Civis Analytics reveals that Procter & Gamble has a significant generational favorability gap, with only 36% of 18–34 year olds having a favorable view compared to 87% of those over 65. This gap is largely attributed to younger Americans not having heard of P&G, despite the company's efforts in environmental sustainability and its massive advertising budget for individual brands like Tide and Crest. While P&G has the largest net favorability gap, its overall net favorability score remains high at +50 points.",https://fortune.com/2021/08/17/procter-and-gamble-brand-recognition-survey-p-and-g/,1629234133
HD,Walmart Merchants Charter Ships to Get Inventory to US Stores,"Walmart is chartering its own ships to transport merchandise to its U.S. stores in an effort to manage ongoing supply chain challenges and inventory levels. The retail giant, like many others, has been impacted by port delays and import surges but believes these proactive steps will position them well for the busy third and fourth quarters. This strategy mirrors actions taken by other large retailers like Home Depot, while smaller businesses continue to struggle with shipping capacity.",https://maritime-executive.com/article/walmart-merchants-charter-ships-to-get-inventory-to-us-stores,1629384720
HD,The Home Depot Declares Second Quarter Dividend of $1.65,"The Home Depot announced that its board of directors declared a second quarter cash dividend of $1.65 per share. The dividend is payable on September 16, 2021, to shareholders of record on September 2, 2021. This marks the 138th consecutive quarter the company has paid a cash dividend.",https://ir.homedepot.com/news-releases/2021/08-19-2021-210216945,1629402420
HD,Big retailers book pricey private cargo ships in holiday scramble,"Major retailers like Walmart, Home Depot, and Ikea are chartering private cargo ships and buying their own containers to bypass supply chain disruptions ahead of the holiday season. These unprecedented and costly measures are being taken to ensure shelves remain stocked amid surging consumer demand and port congestion. This strategy gives larger retailers a competitive advantage over smaller businesses facing inventory shortages.",https://www.nbcnews.com/business/consumer/big-retailers-book-pricey-private-cargo-ships-holiday-scramble-n1277321,1629465240
HD,Home Depot Robocall Class Action Settlement,"Home Depot and Atlantic Water and Air agreed to a $4.35 million settlement to resolve a class action lawsuit over unwanted robocalls. The settlement benefits consumers who received automated calls between October 16, 2013, and June 1, 2015, with estimated payouts of $110 per Class Member, capped at $5,000. The lawsuit alleged violations of the Telephone Consumer Protection Act (TCPA) after consumers' information, obtained from free water tests, was used for unsolicited sales calls.",https://topclassactions.com/lawsuit-settlements/closed-settlements/home-depot-robocall-class-action-settlement/,1629491240
HD,The Home Depot to open Northwest Jacksonville delivery center,"The Home Depot plans to open a new market delivery operations (MDO) center in Northwest Jacksonville, located in the Perimeter West Industrial Park. This facility, which is a strategic investment in their supply chain network, aims to offer same-day and next-day delivery to 90% of the United States. The city is currently reviewing a permit application for FCL Builders Inc. to build out the 66,990-square-foot space, with a projected construction cost of $1.67 million.",https://www.jaxdailyrecord.com/news/2021/aug/23/the-home-depot-to-open-northwest-jacksonville-delivery-center/,1629748020
HD,News Taiwan’s TSMC to charter boxship to deliver semiconductor components to US,"Taiwan Semiconductor Manufacturing Co (TSMC) is reportedly in discussions with Wan Hai to charter a containership to transport components for its new Phoenix, Arizona plant from Kaohsiung to the US. This decision follows similar actions by Home Depot and Walmart, with unconfirmed reports suggesting TSMC's chairman has approved chartering an entire vessel for an estimated cost of at least $107 million. The Phoenix plant is expected to begin producing 5-nanometer chips in 2024, as TSMC invests $100 billion over three years to expand its semiconductor fabrication capacity.",https://theloadstar.com/taiwans-tsmc-to-charters-boxship-to-deliver-semiconductor-components-to-us/,1629749519
HD,Home Depot improves inventory depth with focus on high-velocity SKUs,"Home Depot is enhancing its inventory by focusing on high-demand products and chartering its own ships to navigate supply chain disruptions. This strategy, prioritizing ""highest velocity SKUs"" like electrical and plumbing fixtures, has led to a 24% increase in customer transactions over $1,000, despite an overall 6% drop in transactions. The company's efforts, including working closely with suppliers to narrow product focus, resulted in a 26% year-over-year inventory value increase and an 8% net sales increase in Q2.",https://www.supplychaindive.com/news/home-depot-charter-ship-sku-inventory-sales-in-stock/605195/,1629834420
HD,TSMC May Charter its Own Boxship to Transport Chip-Making Equipment,"Taiwan Semiconductor Manufacturing Co. (TSMC) is reportedly considering chartering its own container ship to transport manufacturing equipment to its new facility in Phoenix, Arizona. This strategic move aims to significantly reduce the high costs associated with conventional containerized freight given current market rates. The first plant, costing $12 billion, is expected to begin mass production in 2024, with the first batch of containers anticipated to depart in October.",https://maritime-executive.com/article/tsmc-may-charter-its-own-boxship-to-transport-chip-making-equipment,1629838080
HD,The Home Depot to Present at Goldman Sachs 28th Annual Global Retailing Virtual Conference,"The Home Depot announced that its chairman and CEO, Craig Menear, and president & COO, Ted Decker, would present at the Goldman Sachs 28th Annual Global Retailing Virtual Conference. The presentation was scheduled for September 10, 2021, and was to be webcast live. The company also provided an overview of its operations, noting its status as the world's largest home improvement retailer.",https://ir.homedepot.com/news-releases/2021/08-27-2021-130114802,1630093621
HD,Home Depot launches Path to Pro program in Houston area to help people find skilled trade jobs,"Home Depot has launched a ""Path to Pro"" program in Houston to help people find skilled trade jobs in fields like HVAC, carpentry, electrical, and plumbing. The free online program, which takes about 10 hours to complete, connects graduates with employers. Additionally, the Houston Gulf Coast Building and Construction Trades Council offers an apprenticeship readiness program for those interested in union-supported construction careers.",https://abc13.com/post/home-depot-jobs-houston-area-hiring/10997144/,1630695408
HD,REAL ESTATE BRIEFS: Home sales booming this year in North River Ranch,"Home sales in North River Ranch, a master-planned community by Neal Land & Neighborhoods, have significantly exceeded expectations in the first half of 2021. The community sold 234 homes, over 42% above its goal, with an average sale price of $369,000, which is nearly $40,000 less than other Manatee County neighborhoods. Additional homesites are planned for the Brightwood neighborhood, with prices ranging from the $300,000s to over $800,000.",https://www.heraldtribune.com/story/business/2021/09/04/home-sales-high-north-river-ranch-parrish/5644711001/,1630743120
HD,Looking for work? The Home Depot supply-chain offers positions in Luzerne County,"The Home Depot is actively hiring for over 300 part-time and full-time supply chain positions across three facilities in Pittston, Luzerne County, Pennsylvania. These warehouse associate roles involve fulfilling online orders and replenishing store inventory, offering competitive pay, consistent schedules, and opportunities for career advancement. Interested job seekers can apply online or by texting ""WAREHOUSE"" to 52270 for more information.",https://fox56.com/news/local/looking-for-work-the-home-depot-offering-positions-in-luzerne-county,1631014080
HD,Lowe's says inventory in better position in months amid supply-chain snafu,"Lowe's has proactively brought holiday products into its stores and warehouses earlier than planned, anticipating supply chain disruptions. Despite broader industry challenges with inventory due to COVID-19-led factory closures and port congestion, Lowe's Chief Financial Officer David Denton stated the company's inventory position and supply chain are in a better state compared to several months ago. Lowe's has also placed larger orders for high-demand items to ensure product availability during the crucial holiday season.",https://www.reuters.com/business/retail-consumer/lowes-says-inventory-better-position-months-amid-supply-chain-snafu-2021-09-09/,1631204640
HD,"Bargains coming to Del Rio, Ollie's Celebrates Grand Opening this coming week","Ollie's Bargain Outlet is celebrating the grand opening of its newest store in Del Rio, Texas, on September 15th, offering brand name closeouts at up to 70% off. This marks their 21st store in Texas and is expected to create 50-60 new jobs for the local community. Ollie's is known for its wide selection of discounted merchandise across various categories.",https://www.epnewsleader.com/post/bargains-coming-to-del-rio-ollie-s-celebrates-grand-opening-this-week,1631307404
HD,Lawsuit: Home Depot doesn’t give workers enough breaks,"A class-action lawsuit filed in Snohomish County Superior Court alleges that Home Depot stores in Washington state fail to provide their hourly employees with legally required meal and rest breaks. The suit, which could involve at least 10,000 workers across 45 locations, claims chronic understaffing prevents employees from taking mandated breaks. While some employees support the claims of missed breaks, others have stated they rarely, if ever, missed them.",https://www.heraldnet.com/business/lawsuit-home-depot-doesnt-give-workers-enough-breaks/,1631473008
HD,Ross Dress For Less to move into other half of former Hen House at Merriam Town Center,"Ross Dress for Less is set to occupy half of the former Hen House Market space at Merriam Town Center, sharing the renovated building with Bob’s Discount Furniture. The discount department store's arrival is welcomed by city officials, who anticipate the store could be complete within 45 to 60 days, though an official opening date has not been set. The move resolves a long-standing vacancy since the Hen House closed in 2018, bringing a nationally recognized retailer to the shopping center.",https://johnsoncountypost.com/2021/09/13/ross-dress-for-less-merriam-town-center-132137/,1631558541
HD,Mike Amend | Canada | English,"This article provides a biography of Mike Amend, Chief Enterprise Technology Officer at Ford. It details his role in leading Ford's Enterprise Technology Organization, including Information Technology and Global Data Insight and Analytics, and his focus on leveraging data, software, and technology for growth. The article also highlights his previous experience at Lowe's, JCPenney, The Home Depot, Dell Technologies, BEA Systems, and Sprint, and his board directorships at Canada Life and Ford Motor Credit Company.",https://media.ford.com/content/fordmedia/fna/ca/en/people/mike-amend.html,1631559095
HD,"Ford hires former Lowe's, Home Depot executive as chief digital and information officer","Ford Motor Co. has appointed Mike Amend, formerly of Lowe's Companies Inc., as its new chief digital and information officer to lead the company's technology and software platforms. This strategic hire aligns with CEO Jim Farley's vision to transform Ford through electrification and advanced technologies, leveraging Amend's experience in e-commerce and digital growth from his previous roles at Lowe's, JCPenney, and Home Depot. Amend will work alongside Hau Thai-Tang and recent hire Doug Field to drive Ford's technological initiatives and develop new software solutions.",https://www.detroitnews.com/story/business/autos/ford/2021/09/13/ford-hires-ex-lowes-official-chief-digital-and-information-officer/8315975002/,1631559408
HD,Kroger Joins Buy Safe America Coalition,"Kroger has joined the Buy Safe America Coalition, a group dedicated to combating organized retail crime and protecting consumers from counterfeit and stolen goods. This move reinforces Kroger's commitment to fighting the billions of dollars lost annually to such crimes, often facilitated by online marketplaces with minimal seller verification. The grocer supports the INFORM Consumers Act and has its own dedicated crime unit, having initiated over 2,000 organized retail crime cases.",https://progressivegrocer.com/kroger-joins-buy-safe-america-coalition,1631905327
HD,"Home Depot Inc. stock falls Monday, still outperforms market","Shares of Home Depot Inc. (HD) fell 1.33% on Monday to $331.21, despite a broader market decline where the S&P 500 and Dow Jones Industrial Average also fell. The stock closed $14.48 short of its 52-week high and demonstrated a mixed performance compared to competitors like Lowe's Cos. and Kingfisher PLC ADR. Trading volume for Home Depot exceeded its 50-day average.",https://www.marketwatch.com/story/home-depot-inc-stock-falls-monday-still-outperforms-market-01632171500-d063e0cbf4d1?gaa_at=eafs&gaa_n=AWEtsqeRB6BjLE9KXD14JCiCpqCY8fRSFyGUw26_M7u4UYCFY3V3n9iVEvpc&gaa_ts=699b54f2&gaa_sig=y0wDEjvoMTdnywhNEOZe9vs0YhGUc-0CS4ikw6HoDEeWUR-HUoVR6Ls4Kdh4cJK0tLxZqTpqffzJ-Hbi1QQhGg%3D%3D,1632157080
HD,Target to expand Pr. George's distribution center into what may be region's largest,"Target plans to expand its former Safeway warehouse campus in Upper Marlboro, Prince George's County, potentially making it the largest distribution center in the region. The retail giant acquired the campus in December.",https://www.bizjournals.com/washington/news/2021/09/20/target-prince-georges-warehouse.html,1632172940
HD,"For Home Depot, tackling capacity crunch key in pandemic strategy","During the pandemic, Home Depot faced significant supply chain capacity challenges due to a 20% increase in volume. To address this, the retailer charted its own ships and utilized freight visibility tools to strategically manage container entry points. UPS also experienced unexpected demand surges, leading them to optimize existing capacity, automate facilities, and expedite hiring to mitigate daily package volume shortfalls.",https://www.supplychaindive.com/news/home-depot-ups-cscmp-capacity-charter/606910/,1632337008
HD,How Back to the Roots is Helping Children Garden and Grow,"Back to the Roots, founded by Alejandro Vélez and Nikhil Arora, creates indoor gardening kits with a mission to enable the next generation to grow food regardless of space constraints or gardening experience. The company, which became a diverse supplier for The Home Depot in 2012, donates grow kits to underfunded schools through its #GrowOneGiveOne program, providing hands-on products and STEM curriculum. This initiative aims to integrate gardening, nutrition, and food education into children's learning.",https://corporate.homedepot.com/news/supplier/how-back-roots-helping-children-garden-and-grow,1632337008
HD,"Retail’s new fad? Charter ships to ensure sales, even if it’s costly.","Amid soaring container ship charter rates and limited capacity, retailers like Home Depot, Ikea, Walmart, and Dollar Tree are chartering their own ships to secure product deliveries for the holidays and beyond. This costly measure is seen as necessary to avoid even greater losses from unsold goods due to shipping delays. Experts suggest this trend will continue due to depleted inventories and persistent demand.",https://www.supplychaindive.com/news/charter-ship-peak-season-capacity-ocean-ports/606575/,1632341208
HD,"Home Depot expanding operations across SC, including in North Charleston","Home Depot announced plans to expand its operations across South Carolina, creating nearly 100 new jobs. This expansion aims to enhance distribution capabilities to meet growing demand and provide faster delivery to customers in the region. The new positions will be located in North Charleston, Greenville, Jasper, and Lexington Counties.",https://www.counton2.com/news/local-news/charleston-county-news/home-depot-expanding-operations-across-sc-including-in-north-charleston/,1632368460
HD,SICO Paint by PPG Unveils 2022 Colour of the Year: Cool Current,"SICO Paint by PPG has announced Cool Current (6199-42), a sophisticated grey-green, as its 2022 Colour of the Year, reflecting Canadians' desire for authenticity, nature, and meaningful human interaction after a year of lockdowns. This choice signifies a shift in consumer preferences towards more saturated hues and away from neutral palettes, influenced by post-pandemic optimism and a return to more defined living spaces. PPG's annual Global Colour Forecasting Workshop determined this trend, seeing inspiration from historical design eras and emphasizing resilience, connection, and nature.",https://www.businesswire.com/news/home/20210923005800/en/SICO-Paint-by-PPG-Unveils-2022-Colour-of-the-Year-Cool-Current,1632430964
HD,"Jamaican Ann-Marie Campbell Started as a Cashier at Home Depot and is now Executive VP Overseeing Over 2,000 Stores","Ann-Marie Campbell, born in Kingston, Jamaica, began her career at Home Depot as a cashier in 1985 and has since risen to the position of Executive VP, overseeing 2,200 stores and international operations for Canada and Mexico. She is recognized for her leadership, appearing on Fortune's Most Powerful Women in Business list, and actively contributes to her community through various board memberships and the Ann-Marie Campbell Scholarship at Georgia State University. Her journey highlights her determination and impact in a male-dominated industry.",https://jamaicans.com/jamaican-ann-marie-campbell-started-as-a-cashier-at-home-depot-and-is-now-executive-vp-overseeing-over-2000-stores/,1632509808
HD,The Home Depot Canada Foundation launches TradeWorx to help youth experiencing homelessness establish careers in skilled trades,"The Home Depot Canada Foundation has launched TradeWorx, a new initiative with an initial $1 million commitment to help youth experiencing homelessness build careers in skilled trades. The program will provide training and social support to one hundred Canadian youth, addressing both youth homelessness and the high demand for skilled labor in the construction industry. This builds on the Foundation's previous investments of over $42 million in combating youth homelessness since 2009.",https://www.newswire.ca/news-releases/the-home-depot-canada-foundation-launches-tradeworx-to-help-youth-experiencing-homelessness-establish-careers-in-skilled-trades-826592073.html,1632726000
HD,Sources: Dick's Sporting Goods scouting for satellite office in the city,"Dick's Sporting Goods, headquartered in Coraopolis, is reportedly seeking a satellite office in Pittsburgh. Sources indicate the company has hired a local firm for the search, with the Terminal in the Strip District potentially being a top contender. This move suggests an expansion of the retailer's corporate presence within the city.",https://www.bizjournals.com/pittsburgh/news/2021/09/27/dicks-sporting-goods-scouting-for-office-in-city.html,1632768495
HD,The Home Depot Commits $10 Million to Venture Capital Funds Focused on Diversity and Innovation,"The Home Depot announced a $10 million investment in venture capital funds focused on promoting diversity, technology, and entrepreneurship. These investments include Base10 Partners Advancement Initiative, L'ATTITUDE VENTURES, and Plexo Capital, aiming to support minority-owned companies, HBCUs, and diverse founders. This initiative is part of The Home Depot's broader commitment to social equity, building on previous investments and programs.",https://ir.homedepot.com/news-releases/2021/09-28-2021-130552904,1632855408
HD,Do it Best names Vendors of the Year at fall market,"Do it Best announced its Vendors of the Year at its annual fall market in Indianapolis. Awards were given for overall sales growth, supply chain excellence, outstanding products and services, and lumber and building materials excellence, along with specific departmental awards. Stanley Black & Decker, Global Harvest Foods, Scotts Miracle-Gro Company, and Metal Sales were among the top honorees.",https://www.lbmjournal.com/industry-news/news/15781983/do-it-best-names-vendors-of-the-year-at-fall-market,1632856741
HD,Pharr to Get One of Five Tractor Supply Stores Breaking Ground Soon,"Tractor Supply Company plans to open five new stores in Texas, including one in Pharr, with construction starting in early 2022. Other stores will break ground in Lucas, Midland, Borger, and Stephenville, with estimated costs ranging from $2.1 million to $3 million per location. Oxford Architecture and HBC Interests LLC are among the firms involved in the design and development of these new retail outlets.",https://www.virtualbx.com/construction-preview/pharr-to-get-one-of-five-tractor-supply-stores-breaking-ground-soon/,1632864416
HD,13 Really Cool Tiles We Found at The Home Depot,"This article highlights 13 unique and stylish tile options available at Home Depot, suitable for kitchen and bathroom makeovers. It showcases various designs, from mosaic and patterned to bold colors and geometric shapes, demonstrating how tiles can enhance any space without requiring a splurge. The selections aim to inspire creativity beyond standard subway tiles, offering diverse aesthetic choices for different interior styles.",https://www.domino.com/content/best-tiles-at-home-depot/,1632941808
HD,"Ring and The Home Depot Announce Ring Jobsite Security, A New Way to Secure Job Sites","Ring and The Home Depot have partnered to launch Ring Jobsite Security, an exclusive offering designed to protect construction sites. This system leverages the new Ring Alarm Pro, providing professional monitoring, cellular connectivity, and battery backup, making Ring's home security products adaptable for job site needs. It offers customizable solutions with various Ring devices, aiming to provide affordable security that was previously only accessible to large-scale builders.",https://www.businesswire.com/news/home/20210929005159/en/Ring-and-The-Home-Depot-Announce-Ring-Jobsite-Security-A-New-Way-to-Secure-Job-Sites,1632941808
HD,Home Depot’s insanely popular 12-foot skeleton—key marketing stats and facts,"This article discusses the marketing phenomenon surrounding Home Depot's immensely popular 12-foot skeleton decoration. It highlights the significant attention and engagement generated by this product, making it a key case study in effective seasonal retail marketing. The piece provides an overview of its impact and popularity just as the Halloween season begins.",https://adage.com/article/marketing-news-strategy/home-depots-12-foot-skeleton-marketing-stats-and-facts/2370096/,1633100880
HD,The Home Depot’s 2021 Innovation Awards,"The Home Depot announced its 2021 Innovation Awards, with the Milwaukee M18 FUEL Cordless Framing Nailer taking the top honor. Hubspace smart home technology by Afero and Pergo Defense+ waterproof, antimicrobial flooring by Mohawk Industries were recognized as the first and second runners-up, respectively. The awards celebrate suppliers providing innovative and exclusive products that make home improvement easier, safer, and more enjoyable for customers.",https://www.hbsdealer.com/home-depots-2021-innovation-awards,1633121208
HD,"Home Depot, Loadsmart take aim at empty flatbed miles","Home Depot and Loadsmart have partnered to launch Flatbed Messenger, a marketplace designed to reduce empty miles for flatbed truck carriers. The platform utilizes algorithms to match available trucks and backhaul capacity with shipper loads, aiming to decrease deadheads for carriers and improve overall efficiency in the fragmented flatbed industry. This initiative also seeks to address sustainability concerns by optimizing routes and lowering emissions, aligning with growing pressure for greener logistics.",https://www.truckingdive.com/news/home-depot-loadsmart-flatbed-messenger-truck-capacity/607549/,1633370727
HD,"Walmart, Target, Home Depot and other large retailers are chartering ships to bypass supply chain problems. Will the strategy save Christmas?","Large retailers like Walmart, Target, and Home Depot are chartering their own ships to mitigate severe supply chain disruptions caused by the COVID-19 pandemic. This strategy is an attempt to ensure they have enough inventory for the crucial holiday shopping season, bypassing bottlenecks at ports and other transportation challenges. Retailers are facing unprecedented logistic issues, highlighting the lengths they must go to maintain their supply lines.",https://www.marketwatch.com/story/walmart-target-home-depot-and-other-large-retailers-are-chartering-ships-to-bypass-supply-chain-problems-will-the-strategy-save-christmas-11633455167?gaa_at=eafs&gaa_n=AWEtsqcvyZtmi3wAIsVT3xM9bAZ4Ace6j27v6RLka4ta-D5Nr2WYZ6Mt19r5&gaa_ts=699b46c4&gaa_sig=QlzE217W6bbArLf4MBVmezIhdDiLszIdEf7qM1--SYyykGeXP3hLgjV0-vZItggKZsM4IC8cKXg4w43TqVCsKQ%3D%3D,1633440720
HD,The Home Depot Announces 2021 Innovation Award Winners,"The Home Depot announced its 2021 Innovation Award winners, recognizing suppliers who developed innovative products that enhance DIY and Pro projects. The Milwaukee M18 FUEL Cordless Framing Nailer won the overall award, with Hubspace and Pergo Defense+ taking first and second runner-up honors. The company also honored suppliers for environmental, interconnected, marketing, and diversity innovations.",https://corporate.homedepot.com/news/products/home-depot-announces-2021-innovation-award-winners,1633465639
HD,Developers Diversified PR returns to local retail market to operate 9 shopping centers,"Developers Diversified PR has re-entered the Puerto Rico retail market after a 15-year absence, acquiring nine shopping centers formerly owned by Retail Value Inc. Developer Scott Wolstein, who previously founded the original Developers Diversified Realty, will oversee the portfolio with the aim of restoring its performance to pre-Hurricane María levels. The company believes there are ""tailwinds"" in the market, including the influx of wealthy Americans and potential manufacturing shifts to the hemisphere, despite significant economic challenges.",https://newsismybusiness.com/developers-diversified-pr-returns-to-local-retail-market-to-operate-9-shopping-centers/,1633468582
HD,Walmart lands Home Depot as its first fast-delivery customer,"Walmart has secured Home Depot as the first major client for its new GoLocal fast delivery service. This partnership will focus on same-day and next-day delivery of smaller items for Home Depot, starting in select states before expanding. The collaboration highlights a growing trend of retailers working together, even competitors, to enhance e-commerce and delivery capabilities.",https://fortune.com/2021/10/06/home-depot-hires-walmart-to-help-with-same-day-deliveries/,1633517700
HD,Home Depot teams up with Walmart’s GoLocal for speedy delivery service,Home Depot has partnered with Walmart's GoLocal service to offer same-day and next-day delivery to its customers. This collaboration aims to help Home Depot achieve its goal of providing fast delivery to 90% of the U.S. and highlights a growing trend of rival companies partnering on fulfillment services.,https://www.marketwatch.com/story/home-depot-teams-up-with-walmarts-golocal-for-speedy-delivery-service-11633536148?gaa_at=eafs&gaa_n=AWEtsqcqcJ_9u9PvmpRZfjZpB0sE1zdl4boWng8T7zXh3zOTpdXWO2B9TVEI&gaa_ts=699b48e8&gaa_sig=zdqeLFnnkDz70nVTgVJNHh2eNiZ38vyXR9GWlPG3l8pnBPWifIVSIbfbJ2LDkztwB7Ueayag4wUvZFpVVMgZlw%3D%3D,1633521720
HD,Home Depot Partners With Walmart for Local Deliveries,"The Home Depot has partnered with Walmart to expand its same-day and next-day delivery services across the U.S. through Walmart GoLocal. This collaboration makes Home Depot the first retail client for Walmart GoLocal, which launched in August. The initiative aims to enhance delivery options for a wide range of products, capitalizing on Home Depot's significant digital sales growth in the past year.",https://www.arkansasbusiness.com/article/home-depot-partners-with-walmart-for-local-deliveries/,1633534200
HD,Ordering a power tool from Home Depot? Walmart may be the one delivering it to you,"Walmart has launched a new service called GoLocal, which will deliver goods from other businesses' websites to customers, with Home Depot being the first customer. This initiative allows Walmart to expand beyond its core retail business and leverage its logistics network for same-day or next-day deliveries, particularly in underserved markets. By partnering with businesses like Home Depot, Walmart aims to lower delivery costs and increase work for its Spark platform drivers, despite facing stiff competition in the last-mile delivery sector.",https://whdh.com/news/ordering-a-power-tool-from-home-depot-walmart-may-be-the-one-delivering-it-to-you/,1633543527
HD,Idaho Falls OfficeMax to close,"The OfficeMax store on Northgate Mile in Idaho Falls is scheduled to close permanently on November 13, 2021, reflecting broader retail trends and shifts in the city's commercial landscape. This closure is part of ODP Corporation's strategy to reduce its retail footprint and spin off its retail operations. The area around the store, once a bustling retail hub, has seen significant changes as businesses moved to other parts of Idaho Falls and into commercial/light industrial uses.",https://idahobusinessreview.com/2021/10/06/idaho-falls-office-max-to-close/,1633544290
HD,The Home Depot Teams Up with Walmart GoLocal to Enhance Local Delivery Capabilities,"The Home Depot is partnering with Walmart GoLocal to expand its same-day and next-day delivery capabilities for home improvement customers across the U.S. This collaboration makes The Home Depot the first retail client for Walmart's new white-label delivery service, aiming to offer fast and reliable delivery to 90 percent of the U.S. population. The service will initially roll out in select markets with plans for national expansion by year-end, covering a variety of products from tools to paint.",https://ir.homedepot.com/news-releases/2021/10-06-2021-110017278,1633552038
HD,"Coca-Cola thinks ‘outside the box,’ books bulk vessels to ship supplies","Coca-Cola is utilizing bulk vessels to transport materials, a non-traditional approach to navigate limited vessel space and keep production lines running globally. This strategy, adopted by other retailers facing supply chain congestion, involves carrying over 60,000 tons of material to non-congested ports to avoid delays and high demurrage fees. While individual company actions may not shift market dynamics, this move highlights the significant impact and overstretched state of current logistics.",https://www.supplychaindive.com/news/coca-colas-supply-chain-strategy-outside-the-box/607702/,1633552640
HD,Lowe’s taps Mike Shady to lead online business as it eyes continued growth,Lowe's has appointed Mike Shady to lead its online business as Senior Vice President. Shady aims to boost online traffic and support the company's omnichannel strategy amidst strong competition. This move comes as the home-improvement retailer plans for continued growth in its digital operations.,https://www.bizjournals.com/charlotte/news/2021/10/06/lowes-taps-mike-shady.html,1633552932
HD,1099C Language in Collection Letters: Third Circuit District Court Grants Defendants’ Motion for Summary Judgment in FDCPA Case,"A Third Circuit district court granted summary judgment to defendants in an FDCPA case concerning 1099C language in collection letters. The court ruled that including language about potential IRS reporting for debt settlements of $600 or more is not false, deceptive, or misleading if there is a possibility that such reporting would be required. This decision reinforces that such language is permissible when the debt amount allows for potential IRS reporting, even under the ""least sophisticated debtor"" standard.",https://www.consumerfinancialserviceslawmonitor.com/2021/10/1099c-language-in-collection-letters-third-circuit-district-court-grants-defendants-motion-for-summary-judgment-in-fdcpa-case/,1633629927
HD,Home Depot delivery center approved for Northwest Jacksonville,"The city of Jacksonville has approved a permit for FCL Builders LLC to construct a $1.67 million Home Depot delivery center in the Perimeter West Industrial Park. This 66,990-square-foot facility is part of Home Depot's strategy to expand its supply chain network for same-day/next-day delivery services. The center will be located at 4345 Perimeter Industrial Parkway, with nearly 90,000 square feet remaining available for lease in the same building.",https://www.jaxdailyrecord.com/news/2021/oct/08/home-depot-delivery-center-approved-for-northwest-jacksonville/,1633682640
HD,Home Depot Inc. stock underperforms Friday when compared to competitors,"Home Depot Inc. (HD) stock declined by 0.93% on Friday, closing at $334.34, in a generally poor trading session for the stock market. This underperformance was observed relative to its competitors, with Lowe's Cos. (LOW) also falling but Kingfisher PLC ADR (KGFHY) rising. The stock's fall ended a three-day winning streak and it closed below its 52-week high.",https://www.marketwatch.com/story/home-depot-inc-stock-underperforms-friday-when-compared-to-competitors-01633726688-f9fc6b68c3e5?gaa_at=eafs&gaa_n=AWEtsqf0BvVzcfka5oyIYaFQDVGTrLQ4rkZHw6FgbjnkbiFzU0h0ponhDodL&gaa_ts=699b48e9&gaa_sig=iU6X79CUDDSlDa8YDoQkiPFjjxHQ4u-__nDBC1BuqApeWtFaVtlwgHFehOBqgXgYS45JRpPNgaD3mXAB_taZag%3D%3D,1633712280
HD,"Greenville’s Everett Sports Marketing serves exclusive client list, delivers huge results","Everett Sports Marketing (ESM), founded by Dan Everett, has grown from a side-gig into one of the nation's premier NFL player marketing firms, based in Greenville. The company specializes in securing significant endorsement deals for a selective list of NFL athletes, including Jalen Hurts and Nick Chubb. ESM attributes its success to maintaining a small client roster with a robust staff, enabling them to deliver personalized service and record-breaking marketing arrangements.",https://upstatebusinessjournal.com/business-news/fgreenvilles-everett-sports-marketing-serves-exclusive-client-list-delivers-huge-results/,1634234035
HD,Merriam city council candidates on the issues: The future of Merriam Town Center,"Merriam city council candidates discuss the future of the Merriam Town Center, which has seen major tenants leave, including the city's only grocery store. Candidates provided diverse opinions on potential redevelopment into a mixed-use area with housing and green space, addressing concerns about blight, economic incentives, and creating a vibrant draw for residents. The discussion highlights differing views on the timing and necessity of a comprehensive redevelopment versus more immediate, cost-effective revitalization strategies.",https://johnsoncountypost.com/2021/10/19/merriam-city-council-candidates-town-center-134565/,1634665808
HD,Ken’s Krew: Championing Ability and Enabling Success,"Ken's Krew, supported by Home Depot co-founder Ken Langone, provides job placement, training, and support for individuals with neurodevelopmental disabilities. The Home Depot has partnered with Ken’s Krew since 1997, employing 450 Krew members across 162 stores with significantly higher retention rates than the industry standard. The program tailors training and offers ongoing support, fostering personal and professional growth for its members.",https://corporate.homedepot.com/news/diversity-equity-inclusion/kens-krew-championing-ability-and-enabling-success,1634753127
HD,LaserShip taps top Home Depot supply chain executive as CEO,"Regional parcel delivery carrier LaserShip has named Mark Holifield, the architect of Home Depot's modern-day supply chain operation, as its new CEO, effective November 8th. Holifield's appointment signals a serious effort by LaserShip's owner, American Securities LLC, to build a national delivery network, especially following reports of LaserShip's acquisition of OnTrac. His extensive experience in supply chain and e-commerce logistics from Home Depot is expected to be crucial as the parcel sector faces an unprecedented holiday delivery season and aims for national expansion.",https://www.freightwaves.com/news/lasership-taps-top-home-depot-supply-chain-executive-as-ceo,1634934439
HD,Long-time Home Depot exec Mark Holifield leaving to be delivery firm's CEO,"Mark Holifield, a veteran executive at Home Depot, is departing the company to become the CEO of a delivery firm. Holifield joined Home Depot in 2006 and was instrumental in transforming the home improvement giant's supply chain. This move marks a significant leadership change for Home Depot's logistics operations.",https://www.bizjournals.com/atlanta/news/2021/10/22/home-depot-mark-holifield-resignation.html,1634934440
HD,Amazon Bulks Up Shipping Capacity to Battle Holiday Season Snarls,"Amazon announced it has doubled its container processing capacity and secured more shipping storage from ocean freight carriers to mitigate supply chain issues ahead of the holiday shopping season. The company also plans to hire 150,000 seasonal workers and has increased its ports of entry by 50%. This move comes as other major retailers like Walmart and Target are also chartering ships to cope with pandemic-driven supply chain disruptions.",https://gcaptain.com/amazon-bulks-up-shipping-capacity-to-battle-holiday-season-snarls/,1635186620
HD,West Fraser To Acquire Georgia Pacific OSB Mill In South Carolina,"West Fraser Timber Co. Ltd. is set to acquire Georgia Pacific's oriented strand board (OSB) mill near Allendale, S.C., for approximately $280 million. The company plans to invest an additional $70 million to upgrade and optimize the facility, which has been idle since late 2019, expecting it to employ about 135 people and become one of its lowest-cost OSB mills. This acquisition leverages West Fraser's expertise in restarting idled mills and aims to enhance its OSB portfolio in the U.S. South, allowing for greater flexibility to meet customer demand.",https://www.woodbusiness.ca/west-fraser-to-acquire-georgia-pacific-osb-mill-in-south-carolina/,1635273233
HD,Semiconductor shortage has Philip Morris shifting sales strategy for its heated-tobacco devices,"Philip Morris International is re-prioritizing its sales strategy for heated tobacco products, focusing on existing users due to device component constraints caused by the global semiconductor shortage. This shift is limiting product availability and forcing missed sales in certain markets, as demand for its IQOS device continues to grow but supply cannot keep up. The company aims for smoke-free products to comprise the majority of its sales by 2025, but achieving this goal will require an increase in semiconductor chip supply for device manufacturing.",https://www.supplychaindive.com/news/philip-morris-international-iqos-tobacco-semiconductor-chip-shortage/608756/,1635282152
HD,"Tasty! When is Chipotle Opening In Forked River, NJ?","The article discusses the upcoming opening of a Chipotle restaurant in the Home Depot Plaza in Lacey Township (Forked River), NJ, which has been highly anticipated by locals. The author expresses excitement for the new establishment, highlighting Chipotle's menu and its commitment to real ingredients and sustainable practices. Despite a nearby Taco Bell, the author believes Chipotle will be a success in the area, which has also seen recent additions like Starbucks.",https://wobm.com/tasty-when-is-chipotle-opening-in-forked-river/,1635443597
HD,Mike Amend,"Mike Amend is the Chief Enterprise Technology Officer at Ford, reporting to Jim Farley. In this role, he leads Ford's Enterprise Technology Organization, focusing on data, software, and technology to drive growth and value. Amend previously held significant roles at Lowe's, JCPenney, and The Home Depot, where he was instrumental in growing their online businesses.",https://media.ford.com/content/fordmedia/img/im/en/people/mike-amend.html,1635616783
HD,"Monmouth REIT shareholder revolt leads to $4B sale, $600M better than before","Monmouth Real Estate Investment Corp. has agreed to be acquired by Industrial Logistics Properties Trust for $4 billion after shareholders rejected an earlier, lower bid from Sam Zell's Equity Commonwealth. The all-cash deal, valued at $21 per share, is approximately $600 million higher than the previous offer and has been welcomed by activist investor Blackwells Capital. This acquisition will significantly expand Industrial Logistics Property Trust's mainland portfolio, building on Monmouth REIT's success in industrial properties.",https://www.app.com/story/money/business/main-street/2021/11/08/monmouth-real-estate-investment-shareholder-revolt-leads-4-b-sale/6301627001/,1636403500
HD,"From groundskeeper to CEO, Matt Missad leads UFP Industries on a profitable hunt for growth","Matt Missad, CEO of UFP Industries, has led the company on an aggressive M&A strategy, completing 31 acquisitions in the past five years. UFP Industries, a wood products manufacturer with global operations, prioritizes M&A over organic growth and has developed an effective in-house M&A team. The company's diversification and unique approach to acquisitions have helped it navigate challenging markets, including the volatile lumber industry during the COVID-19 pandemic.",https://www.crainsgrandrapids.com/news/manufacturing/from-groundskeeper-to-ceo-matt-missad-leads-ufp-industries-on-a-profitable-hunt-for-growth/,1636406859
HD,"Sunbelt Investment Buys 205,000-Square-Foot Home Depot Superstore in Metro Los Angeles","Sunbelt Investment Holdings has acquired a 205,000-square-foot Home Depot Superstore in Anaheim Hills, California. This flagship store, located on 18 acres near Interstate 91, is the largest Home Depot on the West Coast and the second largest in the nation. The purchase price was not disclosed.",https://shoppingcenterbusiness.com/sunbelt-investment-buys-205000-square-foot-home-depot-superstore-in-metro-los-angeles/,1636477964
HD,Largest Home Depot on West Coast sells for $53 million,"Sunbelt Investment Holdings has acquired the Home Depot Superstore in Anaheim Hills, California, for $53 million. This particular Home Depot is noted as the largest on the West Coast and the second largest nationwide. With this purchase, Sunbelt Investment Holdings now owns a total of four Home Depot locations.",https://www.bizjournals.com/losangeles/news/2021/11/09/home-depot-anaheim-hills-sold.html,1636489640
HD,Robots check inventory at Busy Beaver store,"Busy Beaver Building Centers has launched a pilot program with Badger Technologies to deploy autonomous robots for inventory management at its Irwin, Pennsylvania store. These robots will monitor on-shelf product availability and verify prices for over 30,000 SKUs, freeing up associates to assist customers and improving efficiency. The initiative aims to enhance customer service and combat revenue loss due to inventory and pricing inaccuracies, building on other technology deployments by Busy Beaver.",https://lbmjournal.com/robots-check-inventory-at-busy-beaver-store/,1636576588
HD,"Fire erupts at Home Depot in Park City, chemicals a concern","A fire broke out at a Home Depot holding facility in Park City, Utah, prompting a response from fire crews who had concerns about chemicals on site. The blaze was quickly contained to the facility, and luckily, no injuries or major traffic disruptions were reported. Authorities are currently investigating the cause of the fire while cleanup efforts are underway.",https://kutv.com/news/local/fire-erupts-at-home-depot-in-park-city-chemicals-a-concern,1636996363
HD,Fire at Home Depot in Park City under investigation,"A fire broke out on the roof of a Home Depot in Park City, Utah, early Monday morning. Flames were visible around 4:30 a.m. and were extinguished by 6:30 a.m. The cause of the fire is currently under investigation, and no injuries were reported.",https://www.fox13now.com/news/local-news/fire-at-home-depot-in-park-city-under-investigation,1636996364
HD,Home Depot Sales Gain Shows Americans Keep Fixing Up Houses,"Home Depot Inc. reported stronger-than-expected third-quarter results, with comparable-store sales increasing by 6.1%, significantly surpassing analyst estimates. This performance indicates sustained consumer spending on home improvement, driven by the strong U.S. housing market and the company's ability to navigate supply chain issues and inflation by passing costs to consumers. While sales transactions were down, a higher average ticket size, likely due to increased professional spending, contributed to the revenue gain.",https://www.ttnews.com/articles/home-depot-sales-gain-shows-americans-keep-fixing-houses,1637059500
HD,"Home Depot sales increase, signaling company could avoid effects of supply chain issues","Home Depot reported better-than-expected earnings for its latest quarter, with comparable store sales increasing by 6.1% from July to October. The company's total sales reached $36.82 billion, up 9.8% year over year, demonstrating its ability to navigate supply-chain challenges by chartering its own container ships. Despite a slowdown in growth compared to earlier in the pandemic, strengthened by consumer spending on home improvements and stimulus checks, Home Depot's profits rose significantly, surpassing Wall Street analyst forecasts.",https://www.foxbusiness.com/markets/home-depot-sales-increase-supply-chain,1637082763
HD,Walmart says it's ready for holidays — but hasn't yet seen huge wave of early shoppers,"Walmart CFO Brett Biggs stated that while the company is prepared for the holiday season with increased inventory, it has not yet observed a significant surge of early holiday shoppers, unlike competitors Amazon and Target who began promotions in October. Walmart strategically delayed its major holiday sales until November, focusing on strong grocery sales in Q3. Analysts believe Walmart's robust inventory and large store footprint position it well to navigate supply chain issues and meet customer demand during the holiday shopping period.",https://www.cnbc.com/2021/11/16/walmart-says-its-ready-for-holidays-but-hasnt-seen-huge-wave-of-shoppers.html,1637084501
HD,"Home Depot Sales Rise, Continuing Pandemic Streak","Home Depot reported better-than-expected quarterly results, with sales rising 9.8% year over year, demonstrating continued strong consumer demand for home-improvement products. The retailer has managed to improve profits despite supply-chain disruptions and rising input prices, showcasing resilience in challenging economic conditions. This performance indicates that some retailers are successfully navigating the current supply-chain issues impacting the economy.",https://www.wsj.com/business/retail/home-depot-sales-rise-continuing-pandemic-streak-11637064232?gaa_at=eafs&gaa_n=AWEtsqcNEHNGBCloenZVc-ZMHWAVILVMQZa2GSSJuea-tDu274mC7YYB3hJw&gaa_ts=6907c1a0&gaa_sig=vKsl07i1TbRCwebGFl_uZyhQviffyUdMXhEMYs_zKX-UpOeYMtRsvIAmVoeiV0dL-rtjtmNPCBsjYraKhrHqxA%3D%3D,1637094439
HD,"Target CEO Brian Cornell’s Net Worth, Family, and Political Beliefs","This article details the net worth, family life, and political beliefs of Target's Chairman and CEO, Brian Cornell. It highlights his professional career, including his turnaround efforts at Target, and mentions his estimated net worth of $80 million and his 2020 compensation of $19.8 million. The piece also touches on his liberal views and his advocacy for diversity and inclusion, particularly after George Floyd's murder.",https://marketrealist.com/p/brian-cornell-net-worth/,1637144340
HD,"Thanksgiving, Black Friday store hours: What's open, closed in Twin Cities","This article provides a list of store hours for Thanksgiving Day and Black Friday in the Twin Cities, detailing which retailers will be open or closed. Due to the ongoing pandemic, many retailers have adjusted their hours, and the list includes specific opening and closing times for various stores on both days. The information is compiled to help shoppers plan their trips during the holiday season.",https://www.thenewsstar.com/story/news/2021/11/17/heres-whats-open-and-closed-thanksgiving-black-friday-hours/8593080002/,1637170685
HD,The Home Depot to Hold Virtual Career Day with Hundreds of Corporate and Technology Positions Available,"The Home Depot is hosting its first-ever virtual Corporate Career Day on Tuesday, Nov. 30, from 1 to 4:30 p.m. ET, to fill hundreds of corporate and technology positions. The event will offer jobseekers insights into various open roles, discussions with leaders on topics like retail technology and company culture, and networking opportunities with hiring teams. The Home Depot aims to highlight its long-lasting career potential, competitive culture, and comprehensive benefits package.",https://ir.homedepot.com/news-releases/2021/11-18-2021-130050928,1637255563
HD,The Home Depot Declares Third Quarter Dividend of $1.65,"The Home Depot announced that its board of directors declared a third-quarter cash dividend of $1.65 per share. This dividend is payable on December 16, 2021, to shareholders of record as of December 2, 2021, marking the company's 139th consecutive quarterly cash dividend payment. The Home Depot operates 2,317 retail stores globally and reported sales of $132.1 billion and earnings of $12.9 billion in fiscal 2020.",https://ir.homedepot.com/news-releases/2021/11-18-2021-210221868,1637255563
HD,"Best Buy shares tumble on theft, supply constraints","Best Buy's shares dropped significantly after the company reported a decline in gross profit margin for the fiscal third quarter, attributing it to organized theft and increased promotions. The consumer electronics chain also provided a subdued sales forecast for the crucial holiday fourth quarter, citing ongoing supply constraints. Despite beating Wall Street's overall third-quarter estimates, the issues of rising retail crime, especially in areas like San Francisco, and a slowdown in computing sales negatively impacted investor confidence.",https://komonews.com/news/nation-world/best-buy-shares-tumble-on-theft-supply-constraints,1637671320
HD,Four Arrests in Beverly Hills May Be Related to Lakewood Home Depot Theft,"Four individuals were arrested in Beverly Hills, suspected of being involved in a ""flash mob"" theft of over $400 in merchandise from a Home Depot in Lakewood. The police are investigating to confirm the suspects' involvement and explore links to other recent smash-and-grab robberies across Los Angeles County. This incident is part of a growing trend of retail crimes in the region, particularly leading up to the holiday shopping season.",https://www.nbclosangeles.com/news/local/four-arrested-in-relation-to-lakewood-home-depot-theft/2767706/,1638016320
HD,Get 25% off appliances during The Home Depot’s Black Friday sale of 2021,"The Home Depot's Black Friday 2021 sale offers up to 25% off appliances and savings up to $750, running until December 1st. The article highlights 20 specific deals across refrigerators, ranges, wall ovens, and microwaves, featuring brands like Samsung, LG, Frigidaire, and more. This sale presents an opportunity for customers to upgrade their home appliances at a discount.",https://nypost.com/article/best-home-depot-black-friday-deals-sales-2021/,1638095880
HD,"The Home Depot Canada Foundation kick starts The Orange Door Project fundraising campaign on Giving Tuesday with more than $400,000 donation","The Home Depot Canada Foundation launched its annual Orange Door Project holiday fundraising campaign on Giving Tuesday with a donation of over $400,000. Customer donations will support 124 Canadian charities focused on preventing and ending youth homelessness, with 100% of proceeds staying in local communities. The campaign runs until December 19th and highlights the urgent need to address youth homelessness exacerbated by the pandemic.",https://www.newswire.ca/news-releases/the-home-depot-canada-foundation-kick-starts-the-orange-door-project-fundraising-campaign-on-giving-tuesday-with-more-than-400-000-donation-883949067.html,1638255600
HD,Stores Like Home Depot and Best Buy Bolster Security After ‘Flash Mob’ Robberies,"Retailers like Home Depot and Best Buy are increasing security measures due to a surge in ""flash mob"" robberies, particularly during the holiday shopping season. These incidents, involving large groups stealing merchandise, have seen a significant increase in intensity and organization during the pandemic. Law enforcement and retailers are collaborating to combat these organized crime activities across the country.",https://www.wsj.com/business/retail/stores-like-home-depot-and-best-buy-bolster-security-after-flash-mob-robberies-11638542590?gaa_at=eafs&gaa_n=AWEtsqeZE4wNRzonHmMw0WX-bayg-DpwUbymQrh860t6MKoL1o2mTqtxPeNg&gaa_ts=6907c1b5&gaa_sig=41GTr9Dcf3MvGVeaNXUDJASoytvLVLw9rxR-BK3RtEIWnyvGqct0REj0ZrVVbLlQwG75Gg6_wo2U1Q0kXsckcw%3D%3D,1638563241
HD,"Burlington Stores, Five Below accelerate growth plans despite supply chain issues",Burlington Stores and Five Below are accelerating their growth plans despite ongoing global supply chain issues. Both retailers have reported strong sales and demonstrated an ability to effectively manage the challenges posed by supply chain disruptions. This indicates their resilience and strategic planning in a challenging economic environment.,https://www.bizjournals.com/philadelphia/news/2021/12/07/five-below-burlington-stores-to-grow.html,1638908197
HD,3 arrested in Tigard in multi-state Home Depot theft ring,"Police in Tigard, Oregon, arrested three men suspected of being part of a multi-state retail theft ring targeting Home Depot stores. The men, Toni Rivera, Fredi Rivera, and Efrain Martin Jr., are believed to have stolen approximately $100,000 worth of goods, including electrical wire and tools, from stores in California, Oregon, and Washington. They were charged with aggravated theft and felon in possession of a weapon after being found with three guns, suspected narcotics, and about $40,000 in stolen property.",https://www.koin.com/news/crime/home-depot-theft-ring-arrested-with-40k-of-property-guns/,1639139880
HD,"3 arrested in Beaverton, accused in string of Home Depot thefts","Three people have been arrested in Beaverton, accused of being part of an organized retail theft ring targeting Home Depot stores along the West Coast. The suspects are believed to be responsible for approximately $100,000 in losses in California and additional thefts in Washington. During the arrest, police recovered three guns, suspected narcotics, and an estimated $40,000 in stolen property, with all three facing charges of aggravated theft and felon in possession of a weapon.",https://katu.com/news/local/3-arrested-in-beaverton-accused-in-string-of-home-depot-thefts,1639146360
HD,"Walgreens, CVS, Home Depot among 20 major companies urging Congress to take action on illegal retail sales online","Twenty major companies, including Walgreens, CVS, and Home Depot, are urging Congress to pass the bipartisan Inform Consumers Act to combat rising retail theft. This bill aims to require online sellers to provide basic business information, making it harder for criminals to sell stolen goods. The companies believe this measure will deter organized retail crime by targeting the large syndicates profiting from stolen merchandise.",https://abc7news.com/post/retail-theft-walgreens-cvs-home-depot/11318989/,1639153205
HD,The Home Depot Foundation Commits Up to $1 Million to Communities Devastated by Tornado Outbreak,"The Home Depot Foundation is committing up to $1 million to support immediate disaster relief and long-term recovery efforts in communities affected by the recent tornado outbreak in the central United States. This new grant brings the Foundation's 2021 disaster commitment to over $7 million. The Home Depot and its Foundation are working with nonprofit partners and volunteers to distribute essential supplies, provide shelter, and offer financial support to impacted associates.",https://ir.homedepot.com/news-releases/2021/12-14-2021-central%20us%20tornado%20release,1639498806
HD,Western Auto Museum is a step back in time,"The newly established Western Auto Museum in Georgetown, Delaware, showcases the lifelong collection of Maurice Sanger, a former Western Auto store owner. The museum, located at the Nutter Marvel Carriage Museum, offers a nostalgic look at the retail chain which provided auto supplies, hardware, and various household goods before the rise of modern superstores. It features thousands of items, including rare Western Flyer merchandise, vintage auto parts, toys, and historical documents.",https://www.capegazette.com/article/western-auto-museum-step-back-time/232178,1639670273
HD,Brixton Capital Divests of Rainbow Plaza Shopping Center in Las Vegas for $63.7 Million,"Brixton Capital has sold the Rainbow Plaza shopping center in Las Vegas for $63.7 million to an undisclosed buyer. The 259,980-square-foot center, anchored by Albertsons and other major retailers, was 94 percent occupied at the time of sale. Rob Ippolito of Newmark represented Brixton Capital in the transaction.",https://shoppingcenterbusiness.com/brixton-capital-divests-of-rainbow-plaza-shopping-center-in-las-vegas-for-63-7-million/,1639672133
HD,"Sebastian Home Depot Donates $1,000 to Team Success Enterprises to Help Family","The Home Depot in Sebastian donated $1,000 to Team Success Enterprises to assist a local family who unexpectedly lost their father. The funds will be used to buy Christmas gifts for the family's two children, with any remaining money going to other families in need in the north county area. The initiative was prompted by the Sebastian Police Department's C.O.P.E. unit after they learned of the family's financial struggles.",https://www.sebastiandaily.com/community/sebastian-home-depot-donates-1000-to-team-success-enterprises-to-help-family-32033/,1639844406
HD,Four traders weigh in on the homebuilder weakness after week of sell-offs,"The homebuilder sector experienced its worst week since October 2020, despite strong underlying housing data. While some analysts are concerned about short-term pullbacks due to technical indicators and potential Fed interest rate hikes, others remain optimistic, citing strong housing demand, low inventory, and millennial homeownership trends as counteracting factors. Traders suggest careful investment, with some favoring specific builders like Toll Brothers and major players such as Home Depot and Lowe's.",https://www.cnbc.com/2021/12/19/homebuilders-close-out-worst-week-since-january-traders-weigh-in.html,1639908000
HD,"Former Home Depot CEO says inflation presenting a pricing, cost issue never experienced by companies","Former Home Depot and Chrysler CEO Bob Nardelli stated that current inflation presents an unprecedented pricing and cost issue for companies, making 2022 look ""tough."" He noted that businesses are forced to pass higher costs onto consumers due to surging prices for groceries, cars, and gasoline, with the consumer price index rising 6.8% in November. Nardelli also highlighted that a shortage of workers is contributing to increased labor costs, further exacerbating the challenges for both large and small companies.",https://www.foxbusiness.com/media/former-home-depot-ceo-says-inflation-presenting-a-pricing-cost-issue-never-experienced-by-companies,1640103606
HD,2 arrested for allegedly stealing over $24K from Utah Home Depots,"Two men, Luis Vargas-Alfaro and Felipe Elgueta-Gasca, were arrested in Lindon, Utah, for allegedly stealing over $24,000 worth of products from multiple Home Depot locations across the state. They were caught attempting to steal electrical wire and other items from a Lindon store and admitted to police that they traveled from California to sell the stolen merchandise. Both suspects were booked into Utah County Jail facing potential charges of theft and pattern of unlawful activity.",https://kutv.com/news/local/2-arrested-for-allegedly-stealing-over-24k-from-utah-home-depots,1640243160
HD,Home Depot class action over retirement mismanagement dismissed,"A federal judge dismissed a class action lawsuit against Home Depot, which alleged that the company mismanaged employees' retirement savings through poor investments. The judge ruled there was no evidence that Home Depot's actions caused losses, also rejecting a recusal bid due to his prior role with the U.S. Chamber of Commerce. The U.S. Chamber of Commerce had supported Home Depot, arguing the claims were based on an overly expansive view of ERISA.",https://topclassactions.com/lawsuit-settlements/money/401k/chamber-of-commerce-supports-home-depot-against-allegations-retailer-mismanaged-employees-retirement-savings/,1640636840
HD,The Home Depot Expands Everyday Military Discount Benefit for All Veterans,"The Home Depot has expanded its military discount program to include all U.S. veterans, active service members, and their spouses, offering a 10 percent discount on in-store and online purchases after app registration. This initiative reinforces the company's commitment to the military community, building on The Home Depot Foundation's significant investments in veteran causes and housing improvements. The Home Depot also maintains its strong support for veterans and military spouses within its workforce, having been recognized as a Military Friendly® company for 19 consecutive years.",https://ir.homedepot.com/news-releases/2021/12-28-2021-130107362,1640708405
HD,In Depth: The Building Envelope,"This article discusses the critical role of building envelope products in construction, highlighting their essential function in protecting structures from the elements. It delves into the current market trends, including sustained growth despite supply chain challenges, and emphasizes the importance of product availability, performance, and innovation. The piece also addresses how material and labor shortages are impacting the industry and stresses the need for strong communication and strategic planning between LBM dealers and manufacturers to navigate these issues successfully.",https://www.lbmjournal.com/features/in-depth/news/15782314/in-depth-the-building-envelope,1640881624
HD,Nasdaq Dorsey Wright Year End Review and What to Watch for in 2022,"Nasdaq Dorsey Wright's Head of Research and Senior Portfolio Manager review 2021 market trends and offer insights for 2022, focusing on technical analysis, relative strength investing, and the firm's point and figure methodology. They discuss seasonal market patterns, the S&P 500's uptrend, and the Dynamic Asset Level Investing (DALI) model for asset and sector allocation. The article also examines the influence of the U.S. dollar and the fixed income market outlook.",https://www.nasdaq.com/articles/nasdaq-dorsey-wright-year-end-review-and-what-to-watch-for-in-2022,1641206940
HD,The Home Depot Introduces New and Enhanced Credit Options for Pro Customers,"The Home Depot has introduced new and enhanced credit options for Pro Customers, including The Pro Xtra Credit Card and updates to its Commercial Account Card. Powered by Citi Retail Services, these options offer features like linking to the Pro Xtra loyalty program for faster perks, extended return periods, and online account management. The initiative aims to help Pro Customers save time and money while streamlining their shopping and billing processes.",https://ir.homedepot.com/news-releases/2022/01-11-2022-130344772,1641914785
HD,Home Depot (HD) to Boost Pro Experience With New Credit Scheme,"Home Depot is launching a new credit scheme, The Pro Xtra Credit Card, to enhance the experience for its Pro customers. This initiative, powered by Citi Retail Services, aims to save Pro customers time and money by offering perks like faster earnings on loyalty points and a $100 credit for new card registrations. The move reinforces Home Depot's focus on its growing Pro segment, which has been a key driver of sales growth and overall company performance.",https://finance.yahoo.com/news/home-depot-hd-boost-pro-164904618.html,1642006144
HD,How retailers can meet consumers’ growing demand for sustainability and hybrid shopping experiences,"A new global study from IBM IBV and NRF reveals that consumer preferences have shifted significantly, with a growing demand for hybrid shopping experiences and sustainability. Retailers must adapt by offering personalized experiences, transparent supply chains, and agile operations, leveraging technologies like AI and hybrid cloud. While consumers express a willingness to pay more for sustainable products, there's still a gap between their intentions and actual purchasing behavior, which can be addressed through greater transparency.",https://newsroom.ibm.com/How-retailers-can-meet-consumers-growing-demand-for-sustainability-and-hybrid-shopping-experiences,1642093586
HD,The Home Depot signs on for warehouse at Charlotte industrial project,"The Home Depot is developing a new 403,000-square-foot, rail-served warehouse in southwest Charlotte. The facility will be built on a nearly 80-acre site on Sam Neely Road, acquired by The Keith Corp. last year for industrial development.",https://www.bizjournals.com/charlotte/news/2022/01/20/the-home-depot-westinghouse-the-keith-corp.html,1642697796
HD,New projects light the spark of redevelopment in long-neglected area of Pinellas County,"Two new development projects featuring national retailers Sprouts Farmers Market, At Home, and Catapult Adventure Parks are set to revitalize a long-neglected area of Pinellas County along 66th Street N. These developments mark a significant redevelopment effort, bringing new commercial and entertainment options to the community.",https://www.bizjournals.com/tampabay/news/2022/01/21/new-projects-headed-to-66th-st-n-in-pinellas.html,1642780042
HD,Multiple Home Depot thieves nabbed amid wave of organized retail crime,"Several thieves targeting Home Depot stores have been arrested amidst a rising tide of organized retail crime. One former pawn shop owner admitted to selling over $3.2 million in stolen goods from major retailers, including Home Depot, between 2017 and 2019. In response to these incidents, Home Depot is increasing security investments and implementing new technologies like product activation to combat theft, which costs retailers an average of $719,548 per $1 billion in sales.",https://www.foxbusiness.com/lifestyle/home-depot-retail-thief-arrested-police-uncover-18k-tool,1642780860
HD,"Home Depot names new CEO, Craig Menear to remain chairman","Home Depot announced that Ted Decker will become its new chief executive and president, effective March 1. Decker will also join the company's board of directors. Current CEO and Chairman Craig Menear will transition to remain as chairman of the board. Home Depot's shares rose 2% in extended trading after the announcement.",http://www.marketwatch.com/story/home-depot-names-new-ceo-craig-menear-to-remain-chairman-2022-01-27?gaa_at=eafs&gaa_n=AWEtsqflRrOxjXQSvfDnh7vjuA98m4dRXEaMxoJeyV6-6R9Inf7t13HtooHx&gaa_ts=6907907a&gaa_sig=6LUr4sWGhvwaekQK9Pnf6N8in6aByEmZ6t77z7m7Rr2kNgdsBzn-IM_N7ahoyzruG_7DmAmG4jOdRS20_Yrkqw%3D%3D,1643303220
HD,"Home Depot names Ted Decker CEO, Craig Menear to remain chairman",The Home Depot Inc. has appointed Ted Decker as its new CEO. Craig Menear will continue to serve as chairman. This leadership change comes as Home Depot is experiencing a surge in business due to increased homebuilding and renovations.,https://www.bizjournals.com/atlanta/news/2022/01/27/home-depot-placeholder-headline.html,1643307780
HD,Home Depot picks veteran Ted Decker as new CEO,"Home Depot has appointed Edward ""Ted"" Decker, a 22-year company veteran, as its new Chief Executive Officer and President, succeeding Craig Menear. Decker, who previously served as Chief Operating Officer, will assume the role on March 1. The change comes amidst a surge in demand for home improvement projects.",https://www.cnn.com/2022/01/27/business/home-depot-ceo-ted-decker,1643307840
HD,Home Depot picks veteran Ted Decker as new CEO,"Home Depot Inc. has appointed Edward ""Ted"" Decker as its new chief executive officer and president, effective March 1, 2022. Decker, a 22-year company veteran and former chief operating officer, will replace Craig Menear, who will remain as chairman. The company has recently experienced increased demand from contractors for home improvement projects previously delayed due to the COVID-19 crisis.",https://www.reuters.com/business/home-depot-names-new-ceo-2022-01-27/,1643323140
HD,Home Depot names longtime executive as new CEO,"The Home Depot has appointed Edward ""Ted"" Decker, its chief operating officer since October 2020, as its new President and CEO, effective March 1. Current Chairman and CEO Craig Menear will remain the company's board chairman. Decker, 58, joined Home Depot in 2000 and has held various roles in finance, business development, and merchandising, with Menear expressing confidence in his leadership to guide the company's future growth.",https://www.foxbusiness.com/business-leaders/home-depot-names-longtime-executive-as-new-ceo,1643324220
HD,Home Depot Appoints Company Veteran as CEO,"The Home Depot has appointed Edward “Ted” Decker as its new CEO and President, effective March 1, 2022. Decker, a 22-year veteran of the company, previously served as President and COO. Current CEO Craig Menear will transition to Chair of the Board.",https://www.retailtouchpoints.com/topics/market-news/home-depot-appoints-company-veteran-as-ceo,1643366580
HD,Home Depot names Ted Decker CEO,"The Home Depot has appointed Ted Decker as its new CEO, effective March 1, succeeding Craig Menear who will remain chairman of the board. Decker, currently the retailer's chief operating officer, has been with Home Depot since 2000 and held various leadership roles. Analysts expect a seamless transition as Decker was integral to the company's ""One Home Depot"" strategy, which has seen strong sales growth.",https://www.retaildive.com/news/home-depot-names-ted-decker-ceo/617955/,1643383585
HD,2022 Industry Pulse Report,"The 2022 Window + Door Industry Pulse survey reveals that the market is strong and business is booming, despite persistent supply chain and labor challenges. Key concerns include staffing, material availability, and lead times, while increased sales and a strong housing market present opportunities. Companies are prioritizing investments in operational efficiency, employee recruitment, and retention, and expect sales to continue growing.",https://www.windowanddoor.com/article/2022-industry-pulse-report,1643643514
HD,Sam’s Club rolls out inventory-checking robots chainwide,"Sam's Club is deploying robotic inventory-analysis equipment, powered by Brain Corp software, to all nearly 600 U.S. locations. This technology, mounted on existing autonomous floor-cleaning machines, scans shelves for pricing accuracy, stock levels, and item placement, providing real-time inventory reports to store managers. The move aims to improve efficiency and free up associates for member interaction, aligning with retailers' increasing use of automation to address labor challenges.",https://www.grocerydive.com/news/sams-club-rolls-out-inventory-checking-robots-chainwide/618019/,1643644306
HD,"Home Depot’s Menear to Transition to Chairman, Realized Nearly $200 Million","The Home Depot, Inc. announced that CEO Craig A. Menear will transition to Chairman of the Board effective March 1, 2022. Mr. Menear realized nearly $200 million in total compensation between 2014 and 2020. Edward P. Decker, the current President and COO, will assume the CEO role on the same date.",https://www.equilar.com/blogs/536-home-depot-ceo-transition.html,1643648196
HD,Walmart Makes a Move to Challenge Home Depot and Lowe's,"Walmart is partnering with Angi to offer home improvement services online and in-store, directly challenging competitors like Home Depot and Lowe's. This collaboration allows Walmart customers to access a wide range of professional services, backed by Angi's network of over 250,000 professionals and a ""Happiness Guarantee."" The move aims to expand Walmart's service offerings and attract a new customer base, mirroring similar services provided by its rivals in the home improvement sector.",https://www.thestreet.com/investing/walmart-partners-with-angi-seeks-to-rival-home-depot-and-lowes,1643652900
HD,Home Depot launches training program to support construction industry,"Home Depot has launched a free job-training program called ""Path to Pro"" to address the significant labor shortage in the construction industry. The program offers self-paced training focused on basic construction skills, job site safety, and soft skills, aiming to connect qualified candidates with potential employers through its ""Path to Pro network."" This initiative seeks to rebuild interest in construction careers and fill the labor gap with entry-level workers.",https://fox28savannah.com/news/local/home-depot-launches-training-program-to-support-construction-industry,1643670720
HD,Home Depot Plans to Boost Spring Hiring 25% With Quicker Job Offers,"Home Depot Inc. announced plans to increase its spring season hiring by 25% despite a tight labor market for retailers. To achieve this, the company has expedited its application process, aiming to make job offers within a day of receiving an application, a significant reduction from the previous five-day waiting period.",https://www.bloomberg.com/news/articles/2022-02-01/home-depot-to-boost-spring-hiring-25-with-quicker-job-offers,1643720400
HD,"Home Depot stepping up spring hiring to 100,000 workers","Home Depot announced plans to hire over 100,000 workers for the upcoming spring selling season, an increase from its typical 80,000 hires. This move aims to meet the anticipated peak demand for home-improvement products during this period, especially as consumers continue to invest in their homes following the COVID-19 pandemic. The company is seeking both full-time and part-time employees across various roles and will host a virtual career day.",https://www.reuters.com/business/retail-consumer/home-depot-stepping-up-spring-hiring-100000-workers-2022-02-01/,1643720940
HD,Home Depot plans to hire over 100K workers ahead of spring season,"Home Depot announced plans to hire over 100,000 workers for the upcoming spring season, exceeding its usual 80,000 hires for the period. The roles will span customer services, sales, store support, freight, merchandising, and warehouse associates across stores and warehouses. The retailer has introduced a new hiring process allowing applicants to receive job offers within one day and will host a virtual hiring event on February 16 to connect jobseekers with opportunities and provide information on career growth.",https://www.retaildive.com/news/home-depot-plans-to-hire-over-100k-workers-ahead-of-spring-season/618102/,1643726113
HD,"The Home Depot is Hiring More Than 100,000 Associates","The Home Depot is hiring over 100,000 new associates for its busy spring season, with various flexible, full-time, and part-time positions available across its stores and warehouses nationwide. The company will host a Virtual Spring Career Day on February 16, 2022, to connect jobseekers with leaders, discuss growth opportunities, and highlight benefits and upskilling programs. The Home Depot emphasizes its commitment to investing in its associates through bonuses, career development, and extensive benefits.",https://ir.homedepot.com/news-releases/2022/02-01-2022-130122941,1643726113
HD,Labor shortage has Home Depot pushing 'accelerated hiring process',"Home Depot has launched an ""accelerated hiring process"" to combat ongoing labor shortages, aiming to offer jobs within a day to prospective applicants. The company plans to hire over 100,000 associates for various positions ahead of its busy spring season, emphasizing competitive benefits and a 401(k) savings plan. This initiative comes as over 4 million Americans quit their jobs in December and job openings remain elevated.",https://www.foxbusiness.com/economy/home-depot-hiring-labor-shortage,1643731440
HD,Home Depot Names New CEO,"The Home Depot has named Edward ""Ted"" Decker as its new CEO and president, effective March 1, 2022. Decker, who has been with the company for 22 years and previously served as president and chief operating officer, will also join the company's board of directors. Current Chairman and CEO Craig Menear will continue as chair of the board.",https://www.mdm.com/news/strategy-research/leadership/home-depot-names-new-ceo/,1643734597
HD,Crunched for Workers? It’s Time to Consider Rapid Hiring,"During a labor shortage, companies like Home Depot are adopting rapid hiring strategies to fill numerous open roles quickly, aiming to onboard 100,000 new employees with job offers made within a day. This approach often involves leveraging AI-powered tools that streamline the application process, allowing businesses to schedule interviews and extend offers rapidly. While technology plays a key role, businesses also utilize virtual career events to support their hiring pushes.",https://www.inc.com/rebecca-deczynski/rapid-hiring-labor-shortage-home-depot-artificial-intelligence.html,1643993797
HD,"Home Depot Worker Swapped $387,500 in Fake Bills for Real Ones, Officials Say (Published 2022)","A Home Depot vault associate, Adrian Jean Pineda, was charged by the U.S. Secret Service for allegedly swapping $387,500 in fake ""PLAYMONEY"" prop bills for genuine currency over four years in a Tempe, Arizona store. The scheme was uncovered when Wells Fargo Bank identified the counterfeit bills in store deposits, leading Home Depot to contact the Secret Service in December. Pineda reportedly admitted to the scheme when confronted by a store manager.",https://www.nytimes.com/2022/02/06/us/home-depot-counterfeit-money.html,1644158113
HD,Ashby: Costco in talks for new store in Natomas off I-5,"Costco Wholesale Corp. is reportedly planning a new store in Natomas, California, according to a Sacramento City Councilmember. The article, by Ben van der Meer, details the development without providing further specifics on the timeline or location beyond ""off I-5"". This news follows previous related reports concerning Costco's logistics and other store developments in the wider Sacramento area.",https://www.bizjournals.com/sacramento/news/2022/02/10/costco-in-talks-for-new-store-in-natomas-off-i-5.html,1644493500
HD,Selling out: What retail leaders need to know before striking a deal with private equity,"The article discusses the risks associated with private equity buyouts in the retail sector, highlighting that over 40% of such acquisitions have historically led to bankruptcy. It uses Kohl's recent consideration of bids and the case of Jones Group (Nine West) to illustrate how leveraged buyouts, often financed with significant debt, can lead to financial distress, disinvestment, and ultimately, insolvency for the acquired companies. The author stresses the importance for retail leaders to conduct thorough due diligence regarding solvency before entering private equity deals.",https://www.retaildive.com/news/selling-out-what-retail-leaders-need-to-know-before-striking-a-deal-with-p/618685/,1644934507
HD,Home Depot's 48 hour return policy leads to dishwasher debacle in Cheektowaga,"A woman in Cheektowaga purchased a new dishwasher from Home Depot, but it never worked correctly, collecting water and not drying dishes. After attempts to fix it through the warranty and initial difficulties with Home Depot's customer service, the issue was brought to ""7 Problem Solvers."" As a result, Home Depot contacted the customer to offer a full refund for the defective appliance.",https://www.wkbw.com/7problemsolvers/home-depots-48-hour-return-policy-leads-to-dishwasher-debacle-in-cheektowaga,1645108513
HD,The Untold Truth Of Home Depot,"This article delves into various lesser-known aspects of Home Depot's history and operations, covering its consistent profitability despite market fluctuations, its unexpected viral presence on social media, past controversies including destroying hurricane relief supplies and a wrongful termination, and its founders' origins. It also highlights the company's commitment to community through its foundation's trade training programs and its unique history of employing Olympic athletes, alongside some unusual items it sells.",https://www.housedigest.com/772124/the-untold-truth-of-home-depot/,1645112940
HD,Yeti is leaving Lowe’s to focus on DTC and key wholesale accounts,"Yeti has ended its two-year partnership with Lowe's to prioritize direct-to-consumer (DTC) sales and key wholesale accounts, citing supply chain disruptions and an ""optimization"" strategy. This move aligns with Yeti's expanding DTC sales, which now account for 60% of its revenue, and its focus on strengthening relationships with core wholesale partners like Dick's, Bass Pro, and REI. Many industry commentators suggest this decision was a strategic move to improve margins and control brand perception, given Yeti's premium positioning.",https://retailwire.com/discussion/yeti-is-leaving-lowes-to-focus-on-dtc-and-key-wholesale-accounts/,1645211832
HD,"Inside the $644 billion business of reselling returned items, from electronics to bizarre finds","The liquidation market, which resells returned goods, has grown into a $644 billion industry due to the increasing volume of returns, particularly from online shopping. This sector offers a solution for retailers facing significant costs and environmental impact from returns, with companies like Liquidity Services and B-Stock Solutions specializing in reselling everything from electronics to unusual items. The boom in liquidation is also fueled by growing consumer demand for sustainable and secondhand goods, leading to the rise of direct-to-consumer liquidation stores and refurbished item marketplaces.",https://www.cnbc.com/2022/02/19/liquidation-services-resell-returned-items-a-644-billion-business.html,1645261200
HD,"Cooling home improvement demand may pressure Home Depot, Lowe's 2022 sales","Home Depot Inc and Lowe's Cos Inc are expected to forecast a slowdown in 2022 sales due to a cooling U.S. housing market, rising inflation, and easing COVID-11 fears. This comes after two years of robust pandemic-driven demand, with analysts projecting modest sales growth for both companies this fiscal year. Investors will also be watching the impact of cost inflation and supply-chain issues on profit margins.",https://www.reuters.com/business/retail-consumer/cooling-home-improvement-demand-may-pressure-home-depot-lowes-2022-sales-2022-02-18/,1645506000
HD,Home Depot sales reach record $150 billion but shares tumble as high inflation and lower demand expected to take a toll,"Home Depot reported record sales of $150 billion in 2021, yet its stock fell sharply by nearly 9% on Tuesday, dragging down other home improvement stocks. While the company beat quarterly profit and sales expectations and raised its dividend, investor concerns about high inflation and an anticipated decline in demand post-pandemic are weighing on the shares.",https://www.marketwatch.com/story/home-depot-sales-reach-record-150-billion-but-shares-tumble-as-high-inflation-and-lower-demand-expected-to-take-a-toll-11645559865?gaa_at=eafs&gaa_n=AWEtsqeh47XyVEG-zKXJy8lqWrxnoVjTsc47AW1lRUw7UbujlEYplipmbet9&gaa_ts=699b17a2&gaa_sig=ytvZVW6s3_Pw8G6LZCYV5WDR1Ii8nMSml7EXStlIKtsQhI4MBTtK6a5jCq3S9xlmyqorq5d9aqWe-dzC3UTFWA%3D%3D,1645541820
HD,Home Depot's margin warning casts shadow on solid quarter,"Home Depot's shares tumbled after the company warned that gross profit margins would remain under pressure through the year due to aggressive spending on supply-chain issues. Despite exceeding fourth-quarter sales and earnings estimates, the outlook for flat operating margins in 2022 and potential cooling of home improvement sales concerned investors. The company is incurring costs by chartering its own cargo ships and using air freight to mitigate supply chain disruptions.",https://www.reuters.com/business/retail-consumer/home-depot-beats-quarterly-same-store-sales-estimates-2022-02-22/,1645548360
HD,The Home Depot Announces Fourth Quarter and Fiscal 2021 Results; Increases Quarterly Dividend by 15 Percent; Provides Fiscal 2022 Guidance,"The Home Depot announced strong financial results for the fourth quarter and fiscal year 2021, with significant increases in sales and net earnings. The company also declared a 15 percent increase in its quarterly dividend and provided fiscal 2022 guidance, anticipating slightly positive sales growth and low single-digit diluted earnings-per-share growth. These results highlight a record year for The Home Depot, exceeding $150 billion in sales.",https://ir.homedepot.com/news-releases/2022/02-22-2022-110220476,1645548995
HD,Tractor Supply Co. stock underperforms Tuesday when compared to competitors,"Tractor Supply Co. (TSCO) stock declined by 6.45% on Tuesday, closing at $200.36, amidst a broad market downturn. This performance saw the company underperform compared to major market indexes like the S&P 500 and Dow Jones Industrial Average, and also in relation to some of its competitors such as Amazon.com Inc. (AMZN), Home Depot Inc. (HD), and Lowe's Cos. (LOW). The stock closed significantly below its 52-week high, with trading volume exceeding its 50-day average.",https://www.marketwatch.com/story/tractor-supply-co-stock-underperforms-tuesday-when-compared-to-competitors-01645568685-b2295c354d96?gaa_at=eafs&gaa_n=AWEtsqcbtZe7IAL0rxFxRxveZj48y3CFNSmCsQU7i_OnZHmtY4_luU4jiAxI&gaa_ts=699b1d2b&gaa_sig=Q5qx11eZZjrAMhlDEYE8HdedWY9bb6XkF1ABrnh8Aa2g5eOiST4K5k9sNwyg9GL7HOUCMPPuFeyjD9ikV3LaJw%3D%3D,1645550640
HD,Home Depot on South Columbus Boulevard in South Philadelphia catches fire,"A fire broke out at a Home Depot store in South Philadelphia on South Columbus Boulevard. Firefighters responded around 1 a.m. and brought the blaze, primarily located in the outdoor garden center, under control in 15 minutes. No injuries were reported, and the cause of the fire is currently unknown.",https://6abc.com/post/home-depot-fire-south-philadelphia-columbus-boulevard-philly/11591867/,1645626913
HD,"Home Depot, Lowe’s sales lap pandemic highs","Home Depot and Lowe's both reported strong sales gains in the fourth quarter, outperforming pandemic highs, as consumers invested in their homes during the holidays. Home Depot's net sales increased 10.7% to $35.7 billion, while Lowe's saw a 5% increase to $21.3 billion. Analysts note Home Depot's focus on professional customers helped it gain market share against Lowe's, despite both retailers exhibiting significant growth.",https://www.retaildive.com/news/home-depot-lowes-sales-lap-pandemic-highs/619290/,1645626913
HD,Lowe's optimistic on home improvement demand despite rising interest rates,"Lowe's raised its full-year sales and profit forecasts, expressing optimism about continued home improvement demand in the United States, even as mortgage rates increase. The company believes that the ongoing trend of millennials purchasing suburban homes and extended remote work policies will sustain strong demand for home upgrade projects. This outlook comes despite a recent rise in 30-year fixed mortgage rates above 4% for the first time since 2019.",https://www.reuters.com/business/retail-consumer/home-improvement-chain-lowes-raises-annual-sales-forecast-2022-02-23/,1645641060
HD,The Home Depot Names Paula Santilli and Caryn Seidman-Becker to its Board of Directors,"The Home Depot announced the appointment of Paula Santilli, CEO of PepsiCo Latin America, and Caryn Seidman-Becker, chair and CEO of CLEAR, to its board of directors, effective March 1, 2022. These additions will bring the total number of directors to 14. Both new board members bring extensive experience in retail, technology, international operations, and financial management.",https://ir.homedepot.com/news-releases/2022/02-24-2022-210215594,1645713313
HD,Big Box Retailers Target Professional Business,"Lowe's and Home Depot, traditionally focusing on DIY consumers, are now strategically targeting professional contractors through specialized programs. Lowe's launched its MVPs Rewards and Partnership Program offering loyalty benefits and business resources, while Home Depot reacquired HD Supply Holdings Inc. to better serve professionals. This shift is driven by a consumer trend away from DIY projects and a growing demand for professional home improvement services, particularly in energy-efficient upgrades.",https://www.achrnews.com/articles/146266-big-box-retailers-target-professional-business,1646401291
HD,"Turn your patio into a spa with up to $1,750 off hot tubs and saunas at Home Depot","The Home Depot is offering significant discounts, up to $1,750 off, on hot tubs and saunas, allowing customers to transform their backyards into spa-like retreats. The sale includes various models of Lifesmart jacuzzis with features like ozone water care and LED lights, as well as Maxxus infrared saunas equipped with Bluetooth sound systems and chromotherapy. The article encourages readers to take advantage of these deals to enhance their home relaxation options.",https://www.sfgate.com/shopping/article/hot-tub-jacuzzi-sale-home-depot-16986555.php,1646746891
HD,The Home Depot Adds Workshops for Pros to Roster of Livestreams,"The Home Depot is launching a new series of free virtual workshops tailored for Pro contractors to help them manage and grow their businesses. These interactive livestreams, held every other month, will cover topics such as business cash flow management, social media for business, and industry trends. The initiative expands on Home Depot's existing workshop programs for DIYers and complements its Pro Xtra loyalty program.",https://ir.homedepot.com/news-releases/2022/03-08-2022-130406033,1646746891
HD,Business Licenses – March 2022,"This article lists new business licenses issued in the Tri-Cities area for March 2022, categorized by city: Kennewick, Prosser, and West Richland. Each entry includes the business name, and in most cases, an address. The licenses cover a wide array of industries from construction and landscaping to retail, healthcare, and consulting services.",https://www.tricitiesbusinessnews.com/articles/3726,1647018387
HD,Fire Breaks Out At Home Depot In Riverhead,"A fire broke out at the Home Depot in Riverhead, NY, on Monday, March 21, 2022. The fire reportedly started with chairs outside the building and spread to the exterior, causing visible damage. Authorities are investigating, but the fire appears to be non-criminal, and no injuries were reported.",https://patch.com/new-york/riverhead/fire-breaks-out-home-depot-riverhead,1647868740
HD,Best Composite Decking From Consumer Reports’ Tests,"Consumer Reports evaluated composite decking from various manufacturers like Azek, Fiberon, TimberTech, and Trex. The article highlights that composite decking offers advantages over wood, such as lower maintenance, and the price gap with natural wood has narrowed. CR's tests focused on durability, stain resistance, slip resistance, and the effects of extreme climates, finding that while most composite options resist stains well, some perform poorly in terms of slip, flexing, and sag resistance.",https://www.yahoo.com/news/best-composite-decking-consumer-reports-060036096.html,1648130885
HD,Dillard’s Said to be in Talks for Plaza Nordstrom Site,"Dillard's is reportedly in negotiations to take over the previously planned Nordstrom site at the Country Club Plaza in Kansas City, following two years of stalled progress on the Nordstrom development. While Nordstrom's proposed opening has been delayed multiple times, industry sources believe a Fall 2023 completion is unrealistic. Dillard's, which caters to a middle and upper-middle-class market and has financially outperformed rivals during the pandemic, would fill a department store vacancy that has existed since 2014.",https://flatlandkc.org/news-issues/dillards-said-to-be-in-talks-for-plaza-nordstrom-site/,1649076058
HD,The Home Depot Canada Foundation surpasses $50 million in support of youth experiencing homelessness,"The Home Depot Canada Foundation has exceeded its goal, investing over $50 million since 2013 to combat youth homelessness in Canada. This milestone was achieved through community giving campaigns, including The Orange Door Project, and additional grants to charity partners. Despite this success, the Foundation highlights the ongoing need for action as youth still represent a significant portion of Canada's homeless population and plans to announce the next phase of its investment.",https://www.newswire.ca/news-releases/the-home-depot-canada-foundation-surpasses-50-million-in-support-of-youth-experiencing-homelessness-849430295.html,1649314800
HD,Experts Details: Lillian Currens,"This page provides details about Lillian Currens, the deputy editor at Schaeffer's Investment Research. It highlights her professional background, experience in writing and editing digital content, and her role in managing Schaeffer's social media. The article also lists several of her published articles discussing stock analyses for companies like Netflix, Vertex Pharmaceuticals, Nvidia, and Home Depot.",https://www.moneyshow.com/expert/401f585b68af42debdb220ffe22de8a1/lillian-currens/,1649337369
HD,Home Depot Faces Class Action Alleging Failure to Pay Wages for Off the Clock Work,"A class-action lawsuit filed in California alleges that Home Depot failed to pay employees for all hours worked and denied appropriate meal and rest breaks. The suit claims Home Depot's policy of rounding down clock-in/out times and requiring employees to remain on premises after clocking out results in unpaid wages, violating California Labor Code. The plaintiffs seek compensation for unpaid minimum wage and overtime hours.",https://www.bamlawca.com/california-labor-laws/home-depot-faces-class-action-alleging-failure-to-pay-wages-for-off-the-clock-work,1649436996
HD,"Customers, Nearby Residents Speak Out Following Massive San Jose Home Depot Fire","Customers and residents in South San Jose describe their harrowing experiences during and after a massive Home Depot fire. The fire started in the lumber section, prompting a chaotic evacuation and raising questions about the store's fire suppression systems. While the fire department believes sprinklers mostly worked, the intense heat may have overwhelmed some, and investigators are still determining the exact cause.",https://www.nbcbayarea.com/news/local/customers-nearby-residents-speak-out-following-massive-san-jose-home-depot-fire/2860124/,1649594998
HD,Northern California Home Depot store destroyed in fire,"A five-alarm fire destroyed a Home Depot store in South San Jose, California, over the weekend, prompting a shelter-in-place order for nearby residents due to unhealthy air. The blaze, which reportedly started in the lumber section and fed on flammable materials, took approximately six hours to contain, with no injuries reported. Authorities are investigating the cause, and the incident occurred on the same day as another fire at the Port of Benicia.",https://www.fox13now.com/news/national-news/northern-california-home-depot-store-destroyed-in-fire,1649594998
HD,Home Depot fire: San Jose crews continue to put out hot spots after massive weekend blaze destroys building,"Crews in San Jose are still working to extinguish flare-ups from a massive weekend fire that obliterated a Home Depot store. The blaze, which caused extensive damage to the building and merchandise, forced the evacuation of a neighboring veterinary hospital and pet campus. Nearby residents expressed devastation and gratitude towards the fire department for saving their homes from the intense inferno.",https://abc7news.com/post/san-jose-home-depot-fire-residents-return-after-evacuate-firefighters/11737505/,1649681398
HD,Pets at neighboring business Wagly rushed to safety during San Jose Home Depot fire,"During a five-alarm fire that destroyed a Home Depot in San Jose, pets at the neighboring Wagly veterinary hospital and pet campus were safely evacuated. Owners expressed relief and gratitude for the quick actions of the staff and first responders who ensured all animals were rescued, though some owners faced challenges in reuniting with their pets. The Wagly facility remains temporarily closed due to damage from the fire.",https://abc7news.com/post/wagly-blossom-hill-fire-home-depot-san-jose-pets/11739442/,1649681398
HD,The Home Depot Foundation Teams Up With Operation Blessing to Prepare for Disaster Season,"The Home Depot Foundation is partnering with Operation Blessing to assemble nearly 800 disaster relief kits in anticipation of the upcoming disaster season. These kits, containing essential supplies, were put together by Team Depot volunteers and delivered to Operation Blessing's warehouse in Texas for quick deployment following severe weather events. This collaboration is part of the Foundation's ongoing commitment to disaster relief and recovery, and also contributes to their National Volunteer Month efforts.",https://corporate.homedepot.com/news/foundation-and-community/home-depot-foundation-teams-operation-blessing-prepare-disaster,1649767798
HD,Feds on the ground at San Jose Home Depot to assist in fire investigation,"The Bureau of Alcohol, Tobacco, Firearms and Explosives (ATF) National Response Team is assisting the San Jose Fire Department in investigating the massive blaze that destroyed a Home Depot. Witnesses reported no immediate fire alarms or active sprinklers, raising questions about the store's safety systems. Despite the lack of alarms, employees are being credited for effectively evacuating all customers, with no injuries reported.",https://abc7news.com/post/blossom-hill-fire-atf-home-depot-san-jose/11746524/,1649940598
HD,Home Depot or housing? Residents push back on proposal for giant Rockridge lot,"Residents and community groups in Rockridge are largely opposing a preliminary proposal to build a Home Depot with a large parking structure on a 15-acre vacant lot at Broadway and Pleasant Valley Avenue. Many had hoped for housing or independent shops instead, raising concerns about corporate ""big-box"" development, increased car traffic, and the potential impact on local hardware stores. The property's master lease, held by Terramar Retail Centers, reportedly prohibits residential development, despite community and city council interest in a mixed-use approach.",https://oaklandside.org/2022/04/15/home-depot-or-housing-residents-push-back-on-proposal-for-giant-rockridge-lot/,1650024240
HD,Suspect Identified in Massive Arson Fire at San Jose Home Depot,"Authorities have identified Dyllin Jaycruz Gogue, 27, as the suspect in a massive five-alarm arson fire that destroyed a San Jose Home Depot store earlier this month. Gogue was arrested and charged with felony aggravated arson and other crimes after allegedly setting the fire and attempting to steal merchandise. The incident also involved a shelter-in-place order and the evacuation of over 60 pets, with investigators looking into the cause and origin of the blaze, including the store's fire alarm and sprinkler system history.",https://www.nbcbayarea.com/news/local/san-jose-home-depot-fire-arrest/2866887/,1650286198
HD,Police ID Home Depot fire suspect,"Police have identified Dyllin Jaycruz Gogue, 27, as the suspect in connection with the April 9 Home Depot fire in San Jose. Gogue was charged with aggravated arson, grand theft, and petty theft, as he is accused of stealing from the burning store and later from an East Bay Macy’s. The fire, which destroyed the 11,000 square-foot building and caused $14 million in inventory losses, was determined to be arson, and Gogue is believed to be solely responsible.",https://www.kron4.com/news/bay-area/police-announce-identity-of-home-depot-fire-suspect/,1650366480
HD,The Home Depot Names Matt Carey EVP of Customer Experience; Fahim Siddiqui Named EVP and Chief Information Officer,"The Home Depot announced two key executive appointments: Matt Carey has been named EVP of Customer Experience, a newly created role focusing on enhancing seamless customer interactions across all platforms. Concurrently, Fahim Siddiqui has been appointed EVP and Chief Information Officer, responsible for the company's technology strategy and infrastructure. These appointments aim to further Home Depot's commitment to customer-centric technology innovation and an interconnected shopping experience.",https://ir.homedepot.com/news-releases/2022/04-19-2022-221522661,1650372598
HD,"San Jose Home Depot Fire: Neighbor's $5,000 backyard renovation for home daycare destroyed","A San Jose neighbor, Sherrie Butts, had her recently renovated $5,000 backyard, intended for her home daycare, destroyed by the massive Home Depot fire. While grateful her home is still standing and that the fire occurred on a Saturday when children weren't present, she and others in the neighborhood are traumatized by the event. The suspect, Dyllin Jaycruz Gogue, has been charged with aggravated arson and theft, facing a potential 14 years to life in prison, as the fire was reportedly set as a diversion for stealing tools.",https://abc7news.com/post/san-jose-home-depot-fire-daycare-destroyed/11774797/,1650458998
HD,Home Depot looking to fill more than 300 positions in Columbus,"Home Depot is looking to hire more than 300 individuals for part-time and full-time positions in Columbus to prepare for the busy spring season. The company is offering an accelerated hiring process that can result in a job offer within a day of applying. Available positions include customer service/sales, store support, freight, merchandising, and warehouse associates.",https://abc6onyourside.com/news/local/gallery/home-depot-looking-to-fill-more-than-300-full-part-time-positions-in-columbus,1650471240
HD,Análisis Técnico de Acciones y CEDEARs,"This technical analysis report for April 21, 2022, identifies buying opportunities for Home Depot (NYSE: HD) and Grupo Financiero Galicia (BCBA: GGAL) based on their technical chart patterns and indicators. It also provides an in-depth analysis of the S&P Merval index in both pesos and CCL dollars, as well as the SPY ETF, highlighting key resistance, support levels, and market trends. The report offers investment recommendations for aggressive profiles, detailing price targets and stop-loss levels for featured stocks.",https://www.invertironline.com/posts/rt-20042022,1650473207
HD,Behind the Scenes at the John Deere Horicon Works Factory,"Wayne Southall, a factory manager at John Deere's Horicon Works, discusses the company's journey in the riding lawn equipment market, including successes, challenges, and lessons learned over his 20-year career. The article highlights product development, such as the airless Tweel tire, the missteps with the SpinSteer mower, and how the company adapted to changes like the mass market entry and the COVID-19 pandemic's impact on supply chains. Southall emphasizes John Deere's continuous efforts to innovate and maintain flexibility in manufacturing.",https://www.agriculture.com/machinery/all-around-the-farm/behind-the-scenes-at-the-john-deere-horicon-works-factory,1650544860
HD,Home Depot names company vet to CIO role,"Home Depot has announced the appointment of Matt Carey as the new executive vice president of customer experience and Fahim Siddiqui as the new executive vice president and chief information officer. Carey will lead strategies to enhance customer experience in stores and digital channels, while Siddiqui will manage digital strategy, infrastructure, and software development. Both promotions highlight Home Depot's focus on internal talent and technology to improve customer interaction and differentiate itself in the home improvement market.",https://www.retaildive.com/news/home-depot-names-company-vet-to-cio-role/622447/,1650545398
HD,"Tractor Supply Makes the Case for Investing in BIPOC, LGBTQ and Women Farmers","Tractor Supply Co. is increasing its focus on ESG initiatives, including reducing its carbon footprint and boosting diversity. Through its foundation, it partners with the American Farmland Trust to support small farmers, particularly women, BIPOC, and LGBTQ individuals, providing grants and aiming to improve their viability and resilience in the face of various challenges. This initiative addresses the struggles faced by these farmers, such as declining farm numbers, low-profit margins, and historical inequities.",https://triplepundit.com/2022/tractor-supply-makes-case-investing-bipoc-lgbtq-and-women-farmers/,1650999425
HD,The Home Depot Awards 30 HBCUs Retool Your School Campus Improvement Grants,"The Home Depot is investing an additional $1 million in its Retool Your School program, providing grants to 30 Historically Black Colleges and Universities (HBCUs) for campus improvements. This marks the 13th year of the program, which has supported almost 70 percent of the nation's HBCUs with over 180 grants totaling more than $5 million since its launch in 2009. Alabama State University was awarded Campaign of the Year, alongside grants for the 30 winning institutions.",https://ir.homedepot.com/news-releases/2022/04-27-2022-130255533,1651063798
HD,"RBC, CIBC to lend Elon Musk $1.5 billion for Twitter takeover","Royal Bank of Canada (RBC) and Canadian Imperial Bank of Commerce (CIBC) have pledged a combined $1.5 billion to help finance Elon Musk's $56-billion bid to acquire Twitter. This contribution is part of a larger $32.5 billion financing package from 12 banks, with RBC providing $956.5 million and CIBC contributing $510 million. The article also touches on other recent financing deals, including increased investment by The Home Depot Canada Foundation for youth homelessness, funding for QuadFi to offer personal loans to underserved groups, and Mavrck's acquisition of Later.",https://www.canadianlawyermag.com/practice-areas/crossborder/rbc-cibc-to-lend-elon-musk-15-billion-for-twitter-takeover/366233,1651235916
HD,Home Depot Canada Foundation Increases Investment To $125 Million In Support Of Youth Experiencing Homelessness,"The Home Depot Canada Foundation is increasing its investment to combat youth homelessness to $125 million by 2030, exceeding its initial $50 million pledge. This renewed commitment will focus on expanding stable housing, providing community support, and increasing youth employment readiness through various grants and strategic partnerships. The funding will emphasize an equity framework, significantly supporting organizations that assist underrepresented youth, and will also boost the TradeWorx program to provide skilled trades training.",https://muskoka411.com/home-depot-canada-foundation-increases-investment-to-125-million-in-support-of-youth-experiencing-homelessness/,1651397460
HD,The Home Depot Announces $150 Million Venture Capital Fund to Fuel Innovation in Retail and Home Improvement,"The Home Depot has launched Home Depot Ventures, a $150 million venture capital fund aimed at investing in early-stage companies to foster innovation in retail and home improvement. The fund will support technologies that enhance customer experience, improve associate efficiency, and drive operational excellence, building on the company's history of successful startup investments like Afero and Loadsmart. These investments are intended to create a seamless interconnected shopping experience and strengthen Home Depot's market position.",https://ir.homedepot.com/news-releases/2022/05-03-2022-130203656,1651596995
HD,This Company’s Earnings Have Bad News for Home Depot and Lowe’s Stock,"Emerson Electric reported better-than-expected earnings, but its results contained a warning for investors in Home Depot and Lowe's. The industrial company's performance, coupled with higher prices, suggests potential negative impacts on retail demand for home improvement stores. This could imply a challenging outlook for Home Depot and Lowe's stock.",https://www.barrons.com/articles/emerson-electric-home-depot-lowes-stock-price-earnings-51651703247?gaa_at=eafs&gaa_n=AWEtsqc0Q8RL6PUyPzweFQS8Vkxw5sUvg6t8qusJU2XapO13iheXvIUT13Fb&gaa_ts=699af193&gaa_sig=N5i4LwtMx9U7YNAh8DQkjbxIAZm_hGEq9JNN4TE-voTCmYQM22y73F384DwdRhmDY4g3HnIsTVnawybAvpAJRQ%3D%3D,1651751568
HD,Home Depot Kids Workshops Return to Stores,"The Home Depot is bringing back its in-store Kids Workshops starting May 7, 2022, after shifting to virtual offerings in 2020 due to safety concerns. These workshops will occur on the first Saturday of each month, featuring seasonal-themed DIY projects like a Picket Fence Planter, and aim to foster creativity and learning in children. Participants will receive an apron, a collectible pin, and a certificate, continuing a 25-year tradition of community engagement.",https://ir.homedepot.com/news-releases/2022/05-05-2022-130101416,1651751914
HD,Home Depot creates a $150M venture capital fund,"The Home Depot has launched Home Depot Ventures, a $150 million venture capital fund to invest in early-stage companies focused on enhancing customer experience and home improvement. The fund aims to support businesses that cater to both professional and homeowner customers, assist associates, and optimize operations through technology and data science. This initiative aligns with Home Depot's broader digital strategy, including recent leadership appointments focused on improving customer experience and digital infrastructure.",https://www.retaildive.com/news/home-depot-creates-a-150m-venture-capital-fund/623249/,1651751914
HD,Neo Financial Announces $185 Million Series C Raise at a Unicorn Valuation,"Neo Financial, a Canadian fintech company, announced a $185 million Series C fundraising round, valuing the company at over $1 billion. This brings their total funding to $299 million. The company has grown to over 1 million customers since its 2019 inception and plans to use the new funding to expand its product offerings, including a mortgage product, and strengthen its presence across Canada.",https://www.businesswire.com/news/home/20220505005451/en/Neo-Financial-Announces-%24185-Million-Series-C-Raise-at-a-Unicorn-Valuation,1651751948
HD,"Urban Edge grows food, wellness offerings with new leases at Bergen Town Center","Urban Edge Properties is enhancing its Bergen Town Center property in Paramus with new leases for diverse tenants, including Kohl's, Chick’n Cone, Ani Ramen, V/O Med Spa, and Pandora Jewelry. These additions, alongside ongoing renovations to improve walkability and light, aim to provide a high-quality retail experience. Hackensack Meridian Health is also establishing an 80,000-square-foot medical office facility at the center.",https://re-nj.com/urban-edge-grows-food-wellness-offerings-with-new-leases-at-bergen-town-center/,1651777073
HD,"New TA Express franchise opens today off I-45 in Fairfield, Texas","TravelCenters of America Inc. has opened a new franchised TA Express travel center in Fairfield, Texas, located off Interstate 45, exit 198. The 17,000-square-foot facility offers various amenities for professional drivers and motorists, including dining options, truck parking, fueling positions, showers, and laundry facilities. This opening expands TA's nationwide network to 276 sites, strategically serving a key route between Dallas and Houston.",https://www.truckersnews.com/news/article/15291744/new-ta-express-franchise-opens-today-off-i45-in-fairfield-texas,1651839739
HD,Duke Realty Rejects Nearly $24 Billion Buyout Offer From Prologis,"Duke Realty Corp. has rejected a nearly $24 billion buyout offer from warehousing giant Prologis Inc., deeming the unsolicited proposal insufficient. Prologis made its all-stock offer public after more than five months of private overtures. The acquisition would have significantly expanded Prologis's industrial real estate footprint, which already includes over 1 billion square feet used by major e-commerce companies.",https://www.wsj.com/business/deals/duke-realty-rejects-nearly-24-billion-buyout-offer-from-prologis-11652282895?gaa_at=eafs&gaa_n=AWEtsqcTjB9mjskALp2vTLpoFq7CALHe-cTtktZRUMab2U9v_dIeF6zWz7AR&gaa_ts=6907a0d8&gaa_sig=QdsFPCbWw_tCwE9_3zVGgYEwY03zccAU7fJP0FOlS9k4MK0h9UeKkyGTSQFNMvnjlY1veWtLa8ZBvH8k5InXvg%3D%3D,1652292435
HD,Home Depot busts woman for half-dozen thefts at 4 Palm Beach County store locations,"A woman identified as Maria Matias was arrested after Home Depot loss prevention officers and the Palm Beach County Sheriff's Office linked her to six separate thefts across four different store locations in Palm Beach County. The incidents, documented through video surveillance and fraudulent returns/purchases, involved Matias illicitly obtaining various items including door kits, ceiling fans, and seasonal decorations, often by using fake receipts or manipulating returns. Matias faces multiple charges including organized fraud and retail theft, and was released on bail after spending time in jail.",https://cbs12.com/news/local/home-depot-busts-woman-for-half-dozen-thefts-at-4-palm-beach-county-store-locations,1652356714
HD,"Home Depot's Stock Is Down, but It's Not Cheap","Despite a significant drop from its December high, Home Depot's stock is still considered pricey by Morningstar analysts, trading at a premium to its fair value estimate. The retailer faces pressure from inflation, rising interest rates, and a shift in consumer spending toward travel, making its outlook challenging for 2022. Alternative home improvement stocks like Lowe's, Restoration Hardware, and Williams-Sonoma offer more compelling valuations.",https://www.morningstar.com/stocks/home-depots-stock-is-down-its-not-cheap,1652374595
HD,Home Depot Sees Record First-Quarter Sales. The Stock Is Rising.,"Home Depot reported record first-quarter sales, exceeding expectations. This positive financial performance led to an increase in the company's stock value. The article highlights the strong sales figures for the quarter.",https://www.barrons.com/articles/home-depot-stock-price-earnings-51652736051?gaa_at=eafs&gaa_n=AWEtsqf81AuxdGOjq0Hvfi4dVaxlfiiI0ft8QbmgQG5tgXPTBin0DU5IkGu2&gaa_ts=699af2eb&gaa_sig=NdyMtNJz1VtIn3qjtTQqP5Y-Jf4h1JYFyHHaN9dyKZ5Cnz6ic_W5luqqmu2Orsu9vgdXKsXYVL_QJJqoRxJkEw%3D%3D,1652788714
HD,Home Depot raises profit forecast as demand holds for building materials,"Home Depot Inc increased its full-year profit forecast due to higher prices and sustained demand for building materials, also reporting a surprise jump in quarterly same-store sales. Despite a slowdown in DIY sales post-pandemic, demand from home-improvement professionals remains strong. The company expects comparable sales to increase about three percent in fiscal 2022, beating analyst expectations.",https://globalnews.ca/news/8841571/home-depot-earnings/,1652788714
HD,Home Depot (HD) Q1 results beat estimates; stock gains,"Home Depot (HD) reported higher-than-expected earnings and revenues for the first quarter of 2022, leading to a rise in the company's stock. Net income increased to $4.23 billion, or $4.09 per share, on revenues of $38.9 billion, both exceeding analyst estimates. CEO Ted Decker attributed the strong performance to associates navigating a challenging environment despite slow start to spring.",https://news.alphastreet.com/home-depot-hd-q1-results-beat-estimates-stock-gains/,1652788714
HD,Home Depot raises annual profit forecast as demand holds up,"Home Depot Inc increased its full-year profit forecast and reported a surprise increase in quarterly same-store sales, driven by higher prices and steady demand for tools and building materials, particularly from home-improvement professionals. The company's shares rose 4% following the announcement, as it expects comparable sales to increase about 3% in fiscal 2022. This positive outlook helps allay concerns about easing consumer spending, with earnings per share also beating estimates.",https://www.reuters.com/business/retail-consumer/home-depot-raises-annual-sales-forecast-steady-demand-2022-05-17/,1652789940
HD,"Walmart: Profits dragged down by inflation, supply chain woes","Walmart reported stronger sales in its fiscal first quarter but saw its profits decline due to surging inflation, particularly in food and fuel, and higher costs from global supply chain disruptions. The company subsequently cut its full-year earnings forecast, leading to an over 8 percent drop in shares. CEO Doug McMillon noted that inflation created more pressure on margin mix and operating costs than anticipated, despite overall sales holding up as shoppers shifted to lower-priced items and private brands.",https://www.aljazeera.com/economy/2022/5/17/walmart-profits-dragged-down-by-inflation-supply-chain-woes,1652790465
HD,"After decades of producing chemicals, Westlake makes a material shift","Westlake Corp., a Houston-based chemical and materials manufacturer, has undergone a significant transformation, shedding the word ""chemical"" from its name to reflect its expansion into material manufacturing. Following a series of nearly $4 billion in acquisitions since 2020, the company is now earning record profits, with revenue increasing by over 70 percent in the first quarter of 2022. CEO Albert Chao discusses the company's growth strategy, its move closer to consumer products in the housing and construction sectors, and its commitment to sustainability and emission reduction.",https://www.houstonchronicle.com/business/energy/article/After-decades-of-producing-chemicals-Westlake-17179288.php,1652797740
HD,Home Depot raises full-year forecasts as demand stays firm,"Home Depot Inc. raised its annual profit and sales forecasts, easing concerns about demand despite surging inflation. The company's first-quarter comparable sales increased, driven by professional home-improvement demand and higher sales in certain categories, indicating favorable underlying housing metrics. This forecast raise was seen as ""unexpected"" by some analysts given the volatile economic environment.",https://www.reuters.com/business/retail-consumer/home-depot-raises-full-year-forecasts-demand-stays-firm-2022-05-17/,1652800440
HD,"After heightened demand during the pandemic, growth at Home Depot and Lowe's begins to normalize","Following two years of elevated sales during the pandemic, growth in the home improvement sector is normalizing. Home Depot reported increased net sales and operating income for Q1, outperforming Lowe's, largely due to strong performance from its Pro customers. Lowe's experienced a slight decline in sales and comps, attributed to a cooler spring and its larger DIY customer base, prompting expectations of more subdued growth for the retailer.",https://www.retaildive.com/news/after-heightened-demand-during-the-pandemic-growth-at-home-depot-and-lowe/623996/,1652875114
HD,Dramatic shift in sales mix leaves Target overloaded with inventory,"Target is grappling with an oversupply of inventory, particularly in large home goods categories like kitchen appliances and outdoor furniture, due to an unexpected shift in consumer spending habits. Following the end of federal stimulus payouts, shoppers moved away from major home makeovers and are now prioritizing smaller decor items, essentials, and experiences. To address this, Target plans to cut prices and right-size its assortments, anticipating global supply chain issues to persist until early 2023.",https://www.hometextilestoday.com/retailers/dramatic-shift-in-sales-mix-leaves-target-overloaded-with-inventory/,1652876583
HD,Target earnings fall short as supply chain struggles persist,"Target Corp. reported a significant miss on Q1 2022 earnings, with net profit more than halving despite strong comparable sales growth. The shortfall was attributed to higher-than-expected freight and transportation costs, excess inventory, and a dramatic shift in consumer spending away from discretionary goods. This mirrors similar struggles faced by competitor Walmart, highlighting the ongoing challenges for big box retailers amid supply chain disruptions and changing consumer habits.",https://www.freightwaves.com/news/target-earnings-fall-short-as-supply-chain-struggles-persist,1652900168
HD,Lowes vs Home Depot – Which Store is Better?,"This article compares Lowe's and Home Depot across various aspects like company size, customer service, power tool brands, and building materials, aiming to determine which store is ""better."" While acknowledging that both are strong contenders in the home improvement market, the authors provide insights based on their experience and polling, concluding that the preference often comes down to specific needs, brand loyalty, and the quality of local store employees. The comparison highlights their respective strengths and offers guidance for both Pros and DIYers.",https://www.protoolreviews.com/lowes-vs-home-depot-which-better/,1653307114
HD,Our Ultimate Stock-Pickers' Top 10 High-Conviction Purchases,"The article highlights the top 10 high-conviction purchases by Morningstar's Ultimate Stock-Pickers, focusing on significant additions to portfolios. Despite market volatility and inflation in early 2022, managers found value across various sectors, with Sherwin-Williams, T-Mobile, and Home Depot being particularly notable. Many of these high-conviction and new-money purchases received positive economic moat ratings from Morningstar analysts.",https://www.morningstar.com/stocks/our-ultimate-stock-pickers-top-10-high-conviction-purchases-4,1653411348
HD,Sherwin-Williams Co. stock underperforms Tuesday when compared to competitors,"Shares of Sherwin-Williams Co. (SHW) dropped 3.01% on Tuesday, closing at $268.04, underperforming the broader market and its competitors. This decline ended a three-day winning streak for the company, which is currently $86.11 below its 52-week high. Competitors like Home Depot Inc., PPG Industries Inc., and Masco Corp. also saw declines but generally fell less than Sherwin-Williams.",https://www.marketwatch.com/story/sherwin-williams-co-stock-underperforms-tuesday-when-compared-to-competitors-01654032013-8d4502d01892?gaa_at=eafs&gaa_n=AWEtsqdDXa68twAhQkEzEX58Ib3eJCCp56JoZdoJEMqV0TwuajDqfVEZREWA&gaa_ts=699af4bb&gaa_sig=DHpBQlS9_6JkKPzbJtxLR-iv0HDzjuFanqXXSEt_rCuJJdgwYr8x3RiUKWKpFIjXS2KRA37tSgOM17IzjYW0Xw%3D%3D,1654017600
HD,Suspect in San Jose Home Depot Fire Appears in Court,"Dillyn Jaycruz Gogue, accused of intentionally setting a Home Depot store on fire in San Jose on April 9, appeared in court to face numerous charges including arson. His public defender indicated a conflict in representing him, likely due to other alleged crimes like thefts on the same day. Gogue is expected back in court on June 29 to determine if an alternate defender's office can take the case.",https://www.nbcbayarea.com/news/local/south-bay/suspect-in-san-jose-home-depot-fire-appears-in-court/2907796/,1654081730
HD,Walmart is using its thousands of stores to battle Amazon for e-commerce market share,"Walmart is leveraging its extensive network of nearly 4,700 stores across the U.S. as ""shoppable fulfillment centers"" to boost its e-commerce market share and compete with Amazon. The retailer is transforming its physical locations into hubs for drone deliveries, automated online grocery order fulfillment, and direct-to-fridge drop-offs, aiming to provide faster and more efficient service. This strategy also involves wooing third-party sellers by offering fulfillment services from its stores and expanding its delivery and membership programs like GoLocal and Walmart+.",https://www.cnbc.com/2022/06/02/walmart-bets-its-stores-will-give-it-an-edge-in-amazon-e-commerce-duel.html,1654169863
HD,"Home Improvement Market Size & Share | North America, Europe, & APAC Industry Forecasts 2027: Graphical Research","The global home improvement market is projected to grow significantly through 2027, driven by homeowners seeking to enhance comfort, style, and value, particularly influenced by the COVID-19 pandemic's impact on living spaces. Key trends include the rise of DIY projects in APAC, increasing renovations across the region, and a surge in DIFM projects and exterior replacements in North America. Europe is also seeing momentum in property and kitchen upgrades due to an aging housing stock and demand for smart home technologies.",https://www.globenewswire.com/news-release/2022/06/06/2456553/0/en/Home-Improvement-Market-Size-Share-North-America-Europe-APAC-Industry-Forecasts-2027-Graphical-Research.html,1654498800
HD,Beyond the distribution center,"The article discusses how evolving customer demands and e-commerce growth are pushing retailers to rethink traditional distribution center models. It introduces three new fulfillment horizons: within the store, around the store, and in the neighborhood (Q-commerce), detailing how retailers are using existing assets, strategic partnerships, and rapid delivery services to meet modern customer expectations for speed and agility. The authors urge retailers to act quickly, invest in future-proof models, and foster cross-functional and external partnerships to stay competitive.",https://www.mckinsey.com/industries/retail/our-insights/beyond-the-distribution-center,1654512707
HD,"Home Depot Upgrades 2.3K Retail Edge Locations Using SUSE Rancher, K3s","Home Depot has transitioned its 2,300+ retail locations to a new architecture leveraging SUSE's Rancher and K3s technology. This shift aims to automate the maintenance of containerized applications at edge locations, eliminating the manual effort previously required. The K3s, a lightweight Kubernetes version, combined with Rancher's management capabilities, enables efficient deployment; updates of operating systems and Kubernetes layers; and management of thousands of remote clusters with limited IT resources.",https://www.datacenterknowledge.com/data-center-site-selection/home-depot-upgrades-2-300-retail-edge-locations-using-suse-rancher-k3s,1654600130
HD,The Home Depot Foundation Invests to Build and Improve More than 800 Housing Units for Veterans Facing Homelessness,"The Home Depot Foundation has granted an additional $8 million to nonprofit partners to combat veteran homelessness, bringing its total investment in veteran causes to over $110 million. This funding will support the construction and renovation of more than 800 housing units, short-term residential programs, and supportive services for veterans. The Foundation is partnering with organizations like the National Coalition of Homeless Veterans, Volunteers of America, and Community Solutions to provide affordable housing and assistance across the nation.",https://corporate.homedepot.com/news/foundation-and-community/home-depot-foundation-invests-build-and-improve-more-800-housing,1654600130
HD,Hold the Presses: H-E-B Grocery Store Not Yet Coming to Fort Worth at Parkside at Alliance Town Center,"News that H-E-B would anchor the Parkside at Alliance Town Center in Fort Worth was prematurely announced. While Hillwood initially indicated an H-E-B as the anchor, public relations officials later clarified that the grocery store has not yet agreed to build there. However, four other dining and retail concepts — Torchy’s Tacos, CAVA, Black Rifle Coffee Company, and Dash Nail Spa — are confirmed and under construction, with planned openings for early 2023.",https://fwtx.com/news/h-e-b-grocery-store-coming-to-fort-worth-at-parkside-at-alli/,1654686780
HD,Home Depot Wins Suit Prohibiting Employees From Wearing BLM Logos,"A judge has ruled in favor of Home Depot, prohibiting its employees from wearing Black Lives Matter apparel while on the job. The administrative law judge stated that the BLM message does not meet the requirements for legal protection as it primarily addresses the unjustified killings of Black individuals and acts as a political umbrella for social concerns. This decision follows a complaint by the US National Labor Relations Board against Home Depot for allegedly interfering with employees' rights by banning BLM messaging on aprons.",https://www.essence.com/news/home-depot-blm-lawsuit/,1655118530
HD,8 Money-Saving Secrets Home Depot Employees Want You to Know,"This article reveals eight money-saving secrets when shopping at Home Depot, directly from employee insights. Key tips include returning dead plants within a year, renting expensive tools instead of buying, and utilizing free DIY workshops. Additionally, shoppers can find deeply discounted cull lumber and ""mistake paint,"" check online for coupons, time purchases during major sales, and benefit from their 110% price match guarantee.",https://www.rd.com/list/home-depot-savings/,1655204931
HD,"Home Depot, Costco and 3 More Retail Stocks to Buy","The article identifies five retail stocks poised for success despite recent declines in retail sales. It highlights companies like Home Depot, Costco, AutoZone, Academy Sports + Outdoors, and Dollar General, explaining why each is a promising investment opportunity in the current economic climate.",https://www.barrons.com/visual-stories/home-depot-costco-autozone-retail-stocks-buy-01655302585?gaa_at=eafs&gaa_n=AWEtsqfMCCO_TCO5FxGdpJi6RkQ6YbDobEjkU3ouzpRCO6p2ljnrkZkzKRm0&gaa_ts=699ae30c&gaa_sig=O_5Wet-Vy5lVcR6BBdvFzW9dIfL8Jjg_aLvxNwn1DUspZaRfRe_qYYGnAVQDiCuNIRp41v2HelaHjAXOfDREjg%3D%3D,1655290254
HD,"How Home Depot’s Pro Xtra Program Alone Helped Me Save $1,400 This Year","The author details how Home Depot's Pro Xtra program helped him save $1,400 this year through perks, coupons, and special offers, highlighting that individuals don't need to be licensed contractors or business owners to sign up. The article also suggests exploring similar discount programs at other retailers and leveraging small business status for additional savings. It emphasizes asking for volume discounts and considering licensing for industry-specific benefits.",https://www.inc.com/jeff-haden/makehow-home-depots-pro-xtra-program-alone-helped-me-save-1400-this-year.html,1655312195
HD,$210M loan secured for Inland Empire industrial development,"JLL Capital Markets has arranged a $210 million construction loan for the first phase of Ontario Ranch Business Park, a 1.68-million-square-foot industrial development in California's Inland Empire. The project, a joint venture between Real Estate Development Associates, LLC and Clarion Partners, LLC, will include seven buildings, with its largest preleased to The Home Depot. The Inland Empire industrial market is experiencing extremely low vacancy rates, indicating strong demand.",https://www.jll.com/en-us/newsroom/loan-secured-for-inland-empire-industrial-development,1655831799
HD,The Home Depot Adopts HPE GreenLake for Aruba Networking and Aruba ESP to Drive Enhanced Customer and Associate Experiences,"The Home Depot has selected Aruba ESP delivered via HPE GreenLake for Aruba networking to enhance customer and associate experiences across its U.S. stores. This partnership aims to provide a solid network foundation with speed, scale, and flexibility, supporting interconnected capabilities and streamlining IT management. The technology investment will enable features like in-store navigation and easy product look-up for associates, improving the overall retail experience.",https://www.businesswire.com/news/home/20220627005218/en/The-Home-Depot-Adopts-HPE-GreenLake-for-Aruba-Networking-and-Aruba-ESP-to-Drive-Enhanced-Customer-and-Associate-Experiences,1656349024
HD,Home Depot Refreshes Tech To Boost Customer Service,"Home Depot is partnering with Aruba, a Hewlett Packard Enterprise company, to enhance in-store connectivity and improve customer and employee experiences. They are implementing Aruba ESP via HPE GreenLake for Aruba networking, and Zebra Technologies’ handheld devices, to provide a seamless omnichannel retail experience. This technology refresh aims to streamline IT management, proactively monitor network health, and enable features like in-store navigation and image search, ultimately making home improvement projects easier for customers.",https://www.homepagenews.com/retail-articles/home-depot-refreshes-tech-to-boost-customer-service/,1656435425
HD,The 13 Best Grill Brands,"This article identifies and reviews 13 top grill brands, highlighting what makes each manufacturer stand out in the market. It discusses various types of grills, including charcoal, gas, pellet, and griddles, outlining their price ranges, top products, and unique features. The selection criteria prioritize durability, performance, versatility, and availability across different retailers, catering to diverse user needs and budgets.",https://www.bobvila.com/articles/best-grill-brands/,1656586619
HD,New externship program gives law students taste of in-house legal work with businesses,"Mercer Law School is launching a new Corporate Counsel Externship Program this fall to provide students with hands-on experience in in-house legal work. Led by former Tractor Supply general counsel Ben Parrish, the program addresses the growing demand for in-house legal professionals and will partner students with companies like Home Depot and Aflac. Students will gain practical skills in areas such as contract drafting, compliance, and negotiation, preparing them for diverse legal career paths.",https://den.mercer.edu/new-externship-program-gives-law-students-taste-of-in-house-legal-work-with-businesses/,1656588817
HD,Lowe's Cos. stock underperforms Thursday when compared to competitors,"On Thursday, Lowe's Cos. stock experienced a decline of 0.81%, closing at $174.67, amidst a broader market downturn. This performance meant Lowe's underperformed its competitors, such as Home Depot Inc. and Kingfisher PLC ADR, which saw gains. The stock closed significantly below its 52-week high, and its trading volume was higher than its 50-day average.",https://www.marketwatch.com/story/lowe-s-cos-stock-underperforms-thursday-when-compared-to-competitors-01656623109-24972b813812?gaa_at=eafs&gaa_n=AWEtsqfubKabIAbIuqIPONZvnHcNC8TUpJB1xS1TgWTqazPQ2qaxK2QhVkKf&gaa_ts=699ae8f0&gaa_sig=8knLRHFC5gygzzfglB88k1WwRxNHZteHnIwBOqlwAmKHcafdQ_2p4kjttWV7lcSWwB54uFYhHSwVE0s1ynYMtA%3D%3D,1656608700
HD,A new ETF investing in disaster relief launches in time for hurricane season,"A new exchange-traded fund (ETF) called Procure Disaster Recovery Strategy ETF (ticker: FEMA) has launched, focusing on companies involved in disaster recovery and risk reduction. The ETF's creation was inspired by Hurricane Katrina and invests in a diversified basket of companies across various sectors, including those that provide communications tech, risk assessment, engineering, and cloud computing services. Since its launch on June 1, the FEMA ETF is down about 11%.",https://www.cnbc.com/2022/06/30/disaster-relief-etf-launches-in-time-for-hurricane-season-.html,1656615142
HD,Fire breaks out in Home Depot in Williston,"A fire broke out in the Williston Home Depot on Thursday afternoon after a stove caught fire in the receiving area, igniting nearby boxes. An employee extinguished the initial blaze before firefighters arrived, who then ventilated moderate smoke from the rear of the store. The fire was deemed accidental, and no injuries were reported.",https://www.mychamplainvalley.com/news/local-news/fire-breaks-out-in-home-depot-in-williston/,1656670455
HD,The Homer Fund: Supporting Associates in Need with the Annual Orange at Heart Campaign,"The Homer Fund, The Home Depot's employee assistance program, aids associates facing hardship through grants. Funded by both associates and the company, it's celebrated by the annual Orange at Heart campaign, ensuring every dollar donated directly helps fellow employees. Since its inception in 1999, the fund has distributed nearly $233 million to over 165,000 associates, including support during the COVID-19 pandemic.",https://corporate.homedepot.com/news/foundation-and-community/homer-fund-supporting-associates-need-annual-orange-heart-campaign,1657016055
HD,"Evernote, Home Depot outsource network management","Evernote and Home Depot have outsourced their network management to vendors like Meter and Aruba, respectively. This strategy allows their in-house IT staff to focus on business-critical projects rather than the daily tasks of network maintenance. Both companies found that a subscription-based ""network as a service"" (NaaS) model was more cost-effective and agile for adapting to changing business needs.",https://www.techtarget.com/searchnetworking/news/252522373/Evernote-Home-Depot-outsource-network-management,1657102455
HD,"Pace is attracting new people and businesses, while trying to maintain the same ol' charm","Pace, Florida, is experiencing significant economic and population growth, transforming from a bedroom community to a commercially vibrant suburb. While residents appreciate the increased availability of goods and services, concerns are rising about traffic congestion and the proliferation of chain stores. Local officials and residents are looking for infrastructure improvements and more diverse entertainment options to manage this rapid development while retaining the area's community feel.",https://www.pnj.com/story/news/local/pace/2022/07/06/pace-santa-rosa-county-florida-seeing-economic-and-population-growth/7770190001/,1657104059
HD,Celebrating 30 Years of Business and Partnership with American Carpet South,"American Carpet South (ACS), The Home Depot’s largest carpet provider, is celebrating 30 years in business. Joe Santagata, CEO, invested his college fund to partner with his father, Bob, and expand their flooring services, eventually becoming CEO in 2007. ACS has been recognized as National Flooring Service Provider of the Year by The Home Depot and attributes its success to strategic partnerships and a focus on customer service.",https://corporate.homedepot.com/news/partnerships/celebrating-30-years-business-and-partnership-american-carpet-south,1657188855
HD,"Home Depot taps Aruba platform to power customer, associate experiences","The Home Depot is expanding its partnership with Aruba by deploying Aruba ESP and HPE GreenLake for Aruba networking across its U.S. stores. This initiative aims to enhance both customer and associate experiences by providing a robust, flexible, and fast network. The upgrade supports interconnected capabilities like in-store navigation and image search for customers, and empowers associates with handheld devices for efficient inventory management.",https://www.retailcustomerexperience.com/news/home-depot-taps-aruba-platform-to-power-customer-associate-experiences/,1657275255
HD,Bath & Body Works changes return policy,"Bath & Body Works is updating its return policy, effective September 14, to limit non-receipted returns or exchanges to $250 within a 90-day period at select U.S. stores. The company will use an electronic system for tracking these returns, requiring customers to show a government-issued ID. While maintaining a 100% satisfaction guarantee, the updated policy will no longer accept products showing excessive wear and tear.",https://www.retaildive.com/news/bath-body-works-return-policy-changes/626927/,1657533316
HD,Two single-tenant North Carolina retail properties sell for $23.93M,"JLL Capital Markets announced the $23.93 million sale of two single-tenant retail properties in Durham, North Carolina: a 120,000-square-foot Home Depot and a 148,663-square-foot Costco. Armada Hoffler Properties sold the properties to a New York-based buyer at a blended 4.0 percent cap rate. Both retailers operate under long-term absolute NNN ground leases in a high-visibility location near Duke University.",https://www.jll.com/en-us/newsroom/two-north-carolina-retail-properties-sell,1657728386
HD,Home Depot’s 12-foot $300 skeleton is back in stock for Halloween,"Home Depot has brought back its popular 12-foot skeleton, ""Skelly,"" along with other Halloween decor, for the spooky season. The $300 skeleton, which features animated LCD eyes, first went viral and sold out in 2020. The Halloween items launched online and will be available in brick-and-mortar stores from late August to early September.",https://www.foxbusiness.com/lifestyle/home-depot-12-foot-skeleton-stock-halloween,1657877820
HD,This family moved into a Home Depot shed after going into debt ⁠— then made a huge profit selling it,"A Georgia couple, Nick and Meghan Lucido, got out of significant debt by moving into an 860-square-foot Home Depot shed. After paying off $82,000 in nine months, they sold the shed for $312,000, making a substantial profit. This allowed them to build their dream farmhouse and achieve financial freedom.",https://nypost.com/2022/07/15/this-man-moved-into-a-home-depot-shed-after-being-in-debt/,1657880055
HD,Make Your Halloween Set-Up Haunted AF With A 15-Foot Phantom & 12-Foot Flying Witch,"Home Depot's Halloween 2022 decorations are back in stock, featuring the 12-foot skeleton, Skelly, and a new 15-foot phantom. This article highlights some of the Halloween items available to help enthusiasts create a spooky setup.",https://www.elitedaily.com/lifestyle/home-depot-halloween-decorations-2022-15-foot-phantom-12-foot-witch,1657966455
HD,The Home Depot signs on for major distribution operation at new Childress Klein Steele Creek development,"The Home Depot is set to occupy a large industrial facility of over 603,000 square feet at The Concourse, Childress Klein's mixed-use development in the Steele Creek area of Charlotte. This marks another significant industrial presence for the home improvement retailer in the Charlotte region. Sources indicate this is a major distribution operation.",https://www.bizjournals.com/charlotte/news/2022/07/19/the-home-depot-childress-klein-industrial-building.html,1658225655
HD,"Jose ""Pepe"" Rodriguez | President – Mexico","This article profiles Jose ""Pepe"" Rodriguez, the President of The Home Depot Mexico. It details his responsibilities, which include overseeing sales, operations, online platforms, and over 18,000 associates across 140 stores. The profile also highlights his career trajectory, from joining Home Depot in 2001 as a financial analyst to his various leadership roles in finance and operations both in Mexico and the U.S.",https://corporate.homedepot.com/bio/jose-pepe-rodriguez-president-mexico,1658312055
HD,"The Home Depot Announces Latest Carbon Emission Reductions, New Supplier Diversity Spending Goal and Progress on Community Investments in 2022 ESG Report","The Home Depot announced significant progress in its 2022 ESG Report, detailing a reduction of approximately 172,000 metric tons in combined Scope 1 and 2 carbon emissions in 2021 and a 50 percent cut in U.S. store electricity usage since 2010. The company also set a new goal to spend $5 billion annually with diverse suppliers by 2025 and highlighted over $400 million contributed to veterans' causes by The Home Depot Foundation since 2011. These achievements underscore the company's commitment to its environmental, social, and governance pillars.",https://ir.homedepot.com/news-releases/2022/07-28-2022-130228237,1659003255
HD,Home Depot’s giant 12-foot skeletons are already back but sold out quickly,"Home Depot's highly popular 12-foot giant skeletons, including a new Inferno Pumpkin version, have quickly sold out again this year for Halloween. These decorations, which have gained significant social media attention, often require customers to pay exorbitant resale prices if they miss the initial sale. Home Depot recommends signing up for notifications to be alerted when they are back in stock.",https://www.sfgate.com/shopping/article/Home-Depot-giant-12-foot-skeleton-back-2022-17335129.php,1659003255
HD,HOME DEPOT TAKES A WIN: Home Depot Barely Dodges TCPA Class Action Suit in Georgia,"Home Depot successfully had a TCPA class action suit dismissed with prejudice, despite failing to compel arbitration. The plaintiff, Melissa Carson, alleged Home Depot sent unwanted text messages after an unsubscribe request, but the court found she did not plausibly allege Home Depot itself sent the messages or assert an alternate theory of liability against the company. The court rejected Home Depot's attempt to enforce an arbitration clause through equitable estoppel, but ultimately dismissed the case because Carson's claims were not directly against Home Depot.",https://natlawreview.com/article/home-depot-takes-win-home-depot-barely-dodges-tcpa-class-action-suit-georgia,1659027397
HD,"Thieves steal zero-turn mower, trailer from Tractor Supply Co., sheriff says","Thieves reportedly stole a zero-turn mower, a trailer, and a grill from a Tractor Supply Co. in Denver early Friday morning, as stated by the sheriff. The incident, valued at $8,500, was caught on video surveillance, showing the culprits fleeing in a pickup truck. Authorities were alerted by an alarm company after a break-in was reported.",https://www.yahoo.com/news/thieves-steal-zero-turn-mower-192735823.html,1659122820
HD,"DeWALT recall announced for 1.4M miter saws due to injury, laceration hazards","DeWALT has recalled over 1.4 million 12-inch Sliding Compound Miter Saws in the U.S. and Canada due to a safety hazard. The saws' rear safety guard can break or detach, posing injury and laceration risks from projectiles or direct blade contact. The company has received 571 reports of guard failure, including nine laceration injuries, and advises consumers to stop using the saws immediately and contact DeWALT for a free repair kit or service center repair.",https://topclassactions.com/lawsuit-settlements/consumer-products/recalls/dewalt-recall-announced-for-1-4m-miter-saws-due-to-injury-laceration-hazards/,1659605993
HD,Burberry appoints ex-Tesco CFO as Non-Executive Director,"Burberry Group has appointed Alan Stewart, former Chief Financial Officer of Tesco PLC, as its new Non-Executive Director, effective September 1, 2022. He will also become a member of Burberry's Audit and Nomination committees and is expected to replace Matthew Key as Audit Committee Chair. Stewart brings extensive experience from his previous roles at major public companies like Tesco, Marks & Spencer PLC, and WH Smith PLC.",https://www.theindustry.fashion/burberry-appoints-ex-tesco-cfo-as-non-executive-director/,1659690128
HD,"A The Home Depot Joins Billion Dollar Roundtable, Continues to Expand Supplier Diversity Programs","The Home Depot has joined the Billion Dollar Roundtable Inc. (BDR), a nonprofit recognizing corporations that spend over $1 billion annually with minority and woman-owned suppliers. In fiscal year 2021, the company spent $3.3 billion with diverse suppliers, demonstrating its commitment to expanding its supplier diversity program to foster growth, reflect customer diversity, and strengthen communities. This move aims to leverage innovative and unique products and perspectives from diverse businesses, ultimately meeting customer needs and increasing shareholder value.",https://corporate.homedepot.com/newsroom/billion-dollar-roundtable,1660236995
HD,The Home Depot unifies customer experiences with Adobe,"The Home Depot has successfully unified its online and in-store customer experiences using Adobe products, leading to a 62% increase in personalized campaigns and a 14% rise in net sales year over year. The company leverages Adobe Real-Time Customer Data Platform and Adobe Experience Platform to create unified customer profiles, enabling highly relevant messaging and inspiration for customers' home improvement projects. This data-driven approach, along with innovative tools like a mobile app for in-store navigation and AI-powered product search, allows The Home Depot to cater to diverse customer journeys, from project-based customers to item buyers and contractors.",https://business.adobe.com/customer-success-stories/the-home-depot-case-study.html,1660295563
HD,News | Home Depot Plugs Into Duke Realty's Most Energy Efficient Warehouse to Date,"Home Depot has leased a 529,000-square-foot energy-efficient warehouse in Irwindale, California, developed by Duke Realty. This ""smart"" industrial building, the most energy-efficient to date for Duke Realty, features advanced technologies expected to save significant electricity and reduce its carbon footprint. The lease represents one of the largest industrial deals in Los Angeles County, highlighting the growing demand for sustainable commercial properties.",https://www.costar.com/article/2085639961/home-depot-plugs-into-duke-realtys-most-energy-efficient-warehouse-to-date,1660604280
HD,"Victoria Town Center to open Boot Barn, Burlington Coat Factory","Victoria Town Center, a new shopping development in Victoria, Texas, has announced Boot Barn and Burlington Coat Factory as its first two tenants. Boot Barn is expected to open by the end of the year, with Burlington Coat Factory following early next year. The city anticipates the $31 million private investment will generate significant property and sales tax revenue, with the developer needing to meet a $54.4 million sales revenue target by 2027.",https://www.crossroadstoday.com/news/local-news/victoria-town-center-to-open-boot-barn-burlington-coat-factory/article_2b8f4b17-08eb-5946-b782-999f0a7de71a.html,1660640204
HD,The Home Depot Announces Second Quarter Results; Reaffirms Fiscal 2022 Guidance,"The Home Depot announced record-breaking second-quarter results for fiscal 2022, reporting sales of $43.8 billion and net earnings of $5.2 billion. The company reaffirmed its fiscal 2022 guidance, expecting total sales growth and comparable sales growth of approximately 3.0 percent. This strong performance reflects continued high demand for home improvement projects.",https://ir.homedepot.com/news-releases/2022/08-16-2022-110048363,1660641163
HD,'Our customer is in a really good place': Demand for home renovations fuels record Home Depot profits,"Home Depot is experiencing record profits due to strong demand for home renovation projects, despite rising interest rates and recession concerns. The company’s business performance indicates a robust homeowner appetite for renovations. This trend is notable given the broader cooling in the Atlanta housing market.",https://www.bizjournals.com/atlanta/news/2022/08/16/home-depot-sales-renovations-construction.html,1660641163
HD,Home Depot Stock Surges as Profit and Sales Top Forecasts,"Home Depot reported stronger-than-expected second-quarter earnings of $5.05 per share and reaffirmed its 2022 financial guidance. This positive performance, which included a 5.8% rise in same-store sales, led to a surge in the company's stock.",https://www.barrons.com/articles/home-depot-earnings-stock-price-51660579593?gaa_at=eafs&gaa_n=AWEtsqezl8-uhuNoJ4UB4LLSMqvlrekL0QpPR8NmfSIQtezP_HpihHy19asb&gaa_ts=699acc0e&gaa_sig=Vy8J8MPZabJpadJwMTj9Mc_Km9Q32ddqr9A1BY7JC-nw4Vtq6pFCmBxyQ5d_cBWVZs_5PzGlDpE5ZNyl_y-xXA%3D%3D,1660641163
HD,"Introducing Vining Ivy: GLIDDEN Paint by PPG’s ‘bluish, greenish’ 2023 Color of the Year","PPG announced Vining Ivy (PPG1148-6) as the joint 2023 Color of the Year for both its Glidden and PPG paint brands. This versatile ""bluish-greenish"" teal is described as energizing yet grounding, suitable for diverse design aesthetics and spaces. The color is available in various PPG products, including Glidden Diamond paint and Speedhide Pro-EV Zero interior latex paint.",https://www.businesswire.com/news/home/20220816005392/en/Introducing-Vining-Ivy-GLIDDEN-Paint-by-PPGs-bluish-greenish-2023-Color-of-the-Year,1660673756
HD,Home Depot pushes ahead of Lowe’s as it leans on pro customers,"Home Depot reported record quarterly sales and earnings, driven by its strong performance with pro customers, which helped offset a shortened spring selling season that negatively impacted DIY sales. In contrast, competitor Lowe’s experienced lower-than-expected sales, primarily due to its heavier reliance on DIY customers, whose spending has moderated. While both companies reaffirmed their annual outlooks, Home Depot's focus on pro customers appears to be a key differentiator in a challenging economic environment.",https://www.retaildive.com/news/home-depot-record-sales-lowes-second-quarter-pro-customers/629904/,1660727563
HD,The Home Depot Names Ted Decker Chair of the Board,"The Home Depot announced that its Board of Directors has elected CEO and President Edward ""Ted"" Decker as chair of the board, effective October 1, 2022. Decker, a 22-year veteran of the company, will succeed Craig Menear, who is retiring. Greg Brenneman, the board's lead director, praised both Decker's passion for customers and associates and Menear's visionary leadership.",https://ir.homedepot.com/news-releases/2022/08-18-2022-210622377,1660813963
HD,The Home Depot Declares Second Quarter Dividend of $1.90 and Announces $15 Billion Share Repurchase Authorization,"The Home Depot announced that its board of directors declared a second quarter cash dividend of $1.90 per share, payable on September 15, 2022. The company also authorized a new $15 billion share repurchase program, replacing its previous authorization. This marks the 142nd consecutive quarter the company has paid a cash dividend.",https://ir.homedepot.com/news-releases/2022/08-18-2022-220039606,1660813963
HD,The Home Depot proposes a third St. Johns County store,"The Home Depot plans to open its third St. Johns County store in the World Commerce Center, near the intersection of I-95 and International Golf Parkway. This proposed 136,014-square-foot facility includes a garden center, tool rental, and seasonal sales area. The move comes as Lowe's Home Centers also proposes a second location in northern St. Johns County, intensifying competition in the region's home improvement market.",https://www.jaxdailyrecord.com/news/2022/aug/18/the-home-depot-proposes-a-third-st-johns-county-store/,1660819320
HD,Tractor Supply Co. plows into Clayton for grand opening,"Tractor Supply Co. celebrated its grand opening and ribbon-cutting in Clayton on July 29, 2022, in partnership with Forward Rabun and the Rabun County Chamber of Commerce. The new store, located at 1563 Highway 441 South, features a greenhouse and a dog/pet washing station. The grand opening was extended with events including an adoption day with Rabun County Paws 4 Life and local vendors on August 6.",https://www.theclaytontribune.com/local-news/tractor-supply-co-plows-clayton-grand-opening,1661420563
HD,Home Depot finally coming to this Lehigh County shopping center,"After more than a decade, Home Depot is set to open a 136,058-square-foot store in the Macungie Crossings shopping center in Lower Macungie Township, Lehigh County. The township board of commissioners approved the development, which includes design customizations and plans for shared parking with future retailers, aiming for a summer 2023 opening. This project is part of a larger vision to create a walkable, village-like atmosphere at Macungie Crossings.",https://www.lehighvalleylive.com/allentown/2022/08/home-depot-finally-coming-to-this-lehigh-county-shopping-center.html,1661499000
HD,Home Depot Strengthens Store Networks to Support Hardware Refresh,"Home Depot is upgrading its in-store network infrastructure to support the rollout of 125,000 new multi-function hdPhones to its store associates. This network refresh, utilizing Aruba ESP via HPE GreenLake, aims to enhance interconnected retail experiences for both customers and employees. The initiative addresses challenges posed by store environments and expands coverage to outdoor areas for services like curbside pickup, following extensive testing to ensure seamless operation at scale.",https://www.retailtouchpoints.com/features/retail-success-stories/home-depot-strengthens-store-networks-to-support-hardware-refresh,1661760600
HD,"With Spoken, two retail newbies are exposing white labeling across furniture retailers","Spoken, founded by Dane Hurtubise and Geoff Abraham, is a new website that helps consumers identify white-labeled furniture products sold under different brand names and prices by various retailers. The platform ""codebreaks"" popular retailers, revealing that identical items can often be found much cheaper elsewhere. Spoken has gained significant traction through viral social media moments, attracting over 100,000 monthly users by empowering consumers with transparent pricing information.",https://www.retailbrew.com/stories/2022/08/29/with-spoken-two-retail-newbies-are-exposing-white-labeling-across-furniture-retailers,1661766253
HD,Home Depot forecasts more record growth after home equity surge,"Despite potential economic challenges like a recession and decreasing home prices, Home Depot is projected to achieve another sales record. The company's optimistic forecast is linked to a surge in home equity, which has historically fueled demand for home renovations. This indicates a continued strong performance in the home improvement sector.",https://www.bizjournals.com/atlanta/news/2022/09/01/home-depot-atlanta-home-equity.html,1662051396
HD,"UNIFI, Maker Of REPREVE®, Elects Frank Blake To The Board Of Directors","Unifi Inc., the maker of REPREVE® and a leader in recycled and synthetic yarns, announced the election of Frank Blake to its board of directors, effective September 5, 2022. Blake brings extensive leadership experience from companies like The Home Depot, Delta Air Lines, and General Electric, and his expertise is expected to support UNIFI's growth trajectory, especially in sustainable practices. He expressed enthusiasm for joining a company at the forefront of sustainability, which he believes positions UNIFI as a market leader.",https://www.textileworld.com/textile-world/fiber-world/2022/09/unifi-makers-of-repreve-elects-frank-blake-to-the-board-of-directors/,1662059141
HD,"Home Depot Labor Day sale 2022: Deals on tools, appliances, more","The Home Depot has launched its Labor Day Savings Event, offering deals on various home improvement items, tools, and appliances. The article highlights 12 top deals, including discounts on a Rigid Wet/Dry Shop Vacuum, Samsung refrigerators and dishwashers, and a Ryobi Electric Lawn Mower. Shoppers can find savings on both investment-worthy appliances and practical household goods.",https://nypost.com/article/best-home-depot-labor-day-sales-deals-2022/,1662106417
HD,Home Depot Co-Founder Bernard Marcus Traded Pharmacy for Hardware,"The article details the career of Bernard ""Bernie"" Marcus, co-founder of The Home Depot, highlighting his journey from pharmacist to home improvement retail magnate. It covers his estimated net worth, the circumstances leading to the creation of Home Depot with Arthur Blank, and the company's growth into a global leader. Additionally, it touches on his retirement and philanthropic pledges, as well as political contributions.",https://marketrealist.com/net-worth/home-depot-founder-bernie-marcus-net-worth/,1662537960
HD,Disney Advertising Hits the Road for 2022-23 College Football Season with Strong Slate of College GameDay Built by The Home Depot Sponsors,"Disney Advertising has secured nine sponsors for College GameDay Built by The Home Depot for the 2022-23 college football season, including returning brands like The Home Depot, Aflac, and AT&T, plus new additions DoorDash and Old Dominion Freight Line. These sponsors will integrate into the show through various activations, segments, and creative campaigns, leveraging College GameDay's high viewership. This strong lineup underscores the program's appeal to brands looking to connect with passionate college football fans.",https://espnpressroom.com/us/press-releases/2022/09/disney-adverting-hits-the-road-for-2022-23-college-football-season-with-strong-slate-of-college-gameday-built-by-the-home-depot-sponsors/,1662539276
HD,Winter is coming! Winterize your home now,"This article provides practical tips for homeowners and renters to winterize their homes and save on heating bills. It suggests actions like regularly changing air filters, using window sealing kits, improving insulation, and no-cost methods such as utilizing sunlight and setting thermostats efficiently. Additionally, it highlights resources like Xcel Energy's efficiency programs and state assistance for heating bills.",https://www.denver7.com/news/local-news/xcel-energy-start-winterizing-your-home,1662626802
HD,"Home Depot, other employers appeal Blue Cross Blue Shield antitrust settlement",Home Depot and two other employers are appealing a recent $2.67 billion settlement pertaining to alleged anticompetitive behavior by Blue Cross Blue Shield insurers. This action could delay the distribution of funds and the broader implementation of the settlement terms. The appealing parties did not provide specific reasons for their appeals.,https://www.statnews.com/2022/09/09/home-depot-other-employers-appeal-blue-cross-blue-shield-antitrust-settlement/,1662742596
HD,The Home Depot names a new CMO,"The Home Depot has appointed Molly Battin, previously from Delta, as its new Chief Marketing Officer (CMO). This announcement was made on September 14, 2022. The article highlights other trending news in marketing including AI in advertising and recent agency selections.",https://adage.com/article/marketing-news-strategy/home-depot-names-deltas-molly-battin-cmo/2429081/,1663177260
HD,"The Home Depot Expands Reporting on Diversity, Equity and Inclusion and Deforestation Efforts","The Home Depot announced it will publish racial equity and deforestation assessments in response to shareholder proposals from its 2022 annual meeting. These assessments, to be conducted by a third-party firm, will expand on existing ESG reporting and aim to benchmark the company's diversity, equity, and inclusion (DEI) and responsible forestry programs. The reports are expected to be released by the end of its fiscal 2023 year.",https://ir.homedepot.com/news-releases/2022/09-15-2022-130146469,1663229616
HD,Comings and goings: HomeGoods store to open; catering firm moves to a new home,"A new HomeGoods store is set to open in Hagerstown, Md., creating approximately 65 jobs and making a $10,000 donation to Children in Need Washington County. Additionally, Leiters' Fine Catering has relocated its operations to downtown Hagerstown, celebrating with an open house and aiming to be part of the city's recent development efforts. The catering company's move utilizes space at the University System of Maryland at Hagerstown.",https://www.publicopiniononline.com/story/news/local/2022/09/19/homegoods-to-open-in-hagerstown-caterer-moves-to-new-location/69496920007/,1663563600
HD,Where Will Home Depot Stock Be In 5 Years? (NYSE:HD),"This article discusses the future prospects of Home Depot (HD) stock over the next five years, despite current challenges such as rising mortgage rates impacting the housing market. The author highlights the company's resilience, reaffirmed guidance, and aggressive cash returns to shareholders through dividends and buybacks. At a forward earnings multiple of 16.6x, the stock is considered compelling at its current price.",https://seekingalpha.com/article/4541927-home-depot-stock-in-5-years,1663663500
HD,Our Guide to Shopping The Home Depot's Annual Black Friday Sale,"This guide highlights The Home Depot's Black Friday Sale, emphasizing significant discounts on appliances, furniture, and home decor. It advises shoppers to prepare for holiday season savings on popular items like Samsung refrigerators, LG dishwashers, and various home furnishings. The article also suggests utilizing the ""Special Buy of the Day"" and the Home Depot Product Locator app for optimal shopping.",https://www.housebeautiful.com/shopping/best-stores/a29713987/home-depot-black-friday/,1663854360
HD,Home Depot Workers Want To Form The Chain’s First Store Union,"Workers at a Home Depot store in Northeast Philadelphia have filed a petition to unionize, aiming to form the chain's first store union. This effort is being led by five-year veteran Vince Quiles, who collected over 100 signed union cards, inspired by recent successful unionization campaigns at other major retailers like Starbucks and Amazon. The movement highlights a broader trend of increased labor organizing activity in the U.S.",https://www.huffpost.com/entry/home-depot-workers-union-philadelphia_n_632e0ddde4b0695c1d822143,1663952460
HD,Tractor Supply Co. stock outperforms market despite losses on the day,"Tractor Supply Co. (TSCO) stock fell 1.50% to $185.59 on a day when the broader market, including the S&P 500 and Dow Jones Industrial Average, experienced sharper declines. Despite its own losses and being down for the fourth consecutive day, TSCO outperformed the overall market. The stock closed significantly below its 52-week high but showed mixed performance compared to competitors like Amazon, Home Depot, and Lowe's.",https://www.marketwatch.com/story/tractor-supply-co-stock-outperforms-market-despite-losses-on-the-day-01663968370-9e306f8be526?gaa_at=eafs&gaa_n=AWEtsqcDl837ReDw0Zlf_uAfXXn7J8TyRb71mbFi1-pDfwEYMb30l8e9GrEL&gaa_ts=699ac4da&gaa_sig=wKNElb8vi0ak1HQrKYZ2CP4KOeb3eWGryoa1jtHDfm9iYbwznO-IUNZl2Pe3VlAZqQn0ij1IGV3OVXBrbI4qGw%3D%3D,1663953960
HD,Home Depot Tells Shoppers “Don’t Wait Till the Last Minute” to Do This,"A Home Depot manager is urging shoppers, especially in hurricane-prone areas, to purchase essential storm supplies well in advance of a storm or hurricane season's peak. Due to ongoing inventory challenges and the impending Hurricane Ian, many crucial items like extension cords, tarps, flashlights, and generators can quickly sell out, leaving last-minute shoppers unprepared. The manager advises checking hurricane checklists and ensuring all necessary hardware and functioning batteries are acquired early.",https://bestlifeonline.com/home-depot-storm-supplies-warning-news/,1664180017
HD,"Best Buy, Home Depot Lock Up Goods to Fight Theft","Best Buy and Home Depot are locking up more merchandise to combat high rates of theft, which remain elevated above pre-pandemic levels. Stores are using methods like replacing products with QR codes or signs indicating items are in secured locations, requiring shoppers to seek assistance from staff. This strategy aims to deter theft without alienating customers or investors.",https://www.wsj.com/business/retail/best-buy-home-depot-lock-up-goods-to-fight-theft-11664277331?gaa_at=eafs&gaa_n=AWEtsqeXedYzQ2PO0ji8Eub4M8Ygs-y0na0AFqt0rQ-zFbijT2x9__MAr-rS&gaa_ts=699ab9f0&gaa_sig=M7pNT6CLJmCAH8ISFDbuoWdfSMAR0L7a3sb2ZJXS6WcMfNrdRpwbv8Usizr2r8F1c98qrkiMSydRld3mhlu-Ww%3D%3D,1664265328
HD,ADDING MULTIMEDIA GLIDDEN paint by PPG marks launch of surface temperature-limiting floor coatings with must-see ‘Puppy Pool Party’ video,"PPG's Glidden paint brand has launched a new line of floor and concrete coatings featuring Cool Surface Technology, designed to limit surface temperatures by up to 20%. To celebrate, Glidden released a ""Puppy Pool Party"" video showcasing the benefits for both people and pets on surfaces like patios and pool decks. The new products, including Glidden Porch & Floor, Glidden Porch & Floor Anti-Skid, and Glidden Solid Concrete Stain, are available at HomeDepot.com and select Home Depot locations.",https://www.businesswire.com/news/home/20220926005093/en/ADDING-MULTIMEDIA-GLIDDEN-paint-by-PPG-marks-launch-of-surface-temperature-limiting-floor-coatings-with-must-see-Puppy-Pool-Party-video,1664267466
HD,PHOTOS: Hurricane Ian overturns trees outside Home Depot in Delray Beach,"Hurricane Ian's weather bands caused significant damage even on Florida's east coast, with strong winds uprooting and overturning trees outside a Home Depot in Delray Beach. The area also experienced power outages and was under a Tornado Watch, highlighting the widespread impact of the storm.",https://cbs12.com/news/local/hurricane-ian-overturn-tree-home-depot-delray-beach-florida-damage-storm-winds,1664345940
HD,Forward momentum for Roche and Wave in latest news about huntingtin-lowering trials,"Roche announced plans for a new clinical trial, GENERATION-HD2, for its huntingtin-lowering drug tominersen, specifically targeting younger people in earlier stages of Huntington's disease. Simultaneously, Wave Life Sciences released early data from its SELECT-HD trial showing that its selective ASO drug, WVE-003, successfully lowered mutant huntingtin levels while preserving normal huntingtin, though some participants showed unexpected increases in neurofilament. Both advancements offer cautious optimism for the Huntington's disease community, despite previous setbacks and the unproven long-term efficacy of huntingtin-lowering.",https://en.hdbuzz.net/335/,1664565408
HD,the judge ruled in Home Depot’s favor,"A judge has ruled in favor of Home Depot in an ERISA lawsuit. The article, reported by Paul Mulholland, details this legal outcome. Further specifics of the case are not provided.",https://www.plansponsor.com/judge-rules-home-depots-favor-erisa-suit/pizarrovhomedepotsummaryjudgement/,1664781467
HD,Judge Rules in Home Depot’s Favor in ERISA Suit,"A federal judge has ruled in favor of The Home Depot in an ERISA class action lawsuit. Plaintiffs alleged the company offered imprudent retirement plan investment options and charged excessive fees. Despite findings that Home Depot did not closely monitor investment options, the judge determined the plaintiffs did not prove a legally actionable financial loss.",https://www.plansponsor.com/judge-rules-home-depots-favor-erisa-suit/,1664816196
HD,How Skelly the 12-foot Home Depot skeleton became a breakout Halloween hit,"Home Depot's 12-foot skeleton decoration, affectionately known as Skelly, has become a massive Halloween hit since its debut in 2020. Despite its large size, customers eagerly buy it, with some even facing a ""skeleton black market."" The article explores the cultural phenomenon behind Skelly and how Home Depot has expanded its line of oversized holiday decorations due to its popularity.",https://www.mercurynews.com/2022/10/05/how-skelly-the-12-foot-home-depot-skeleton-become-a-breakout-halloween-hit/,1664961120
HD,Management Team,"This article details the executive management team of Plug Power Inc., including their roles, career histories, and significant achievements. It highlights the leadership's contributions to the company's growth, strategic direction in the hydrogen economy, and operational successes across various departments.",https://www.ir.plugpower.com/governance-/management-team/default.aspx,1664993240
HD,Home Depot denies donating over $1 million to Herschel Walker's campaign,"Home Depot has denied claims that it contributed over $1 million to Herschel Walker's U.S. Senate campaign. The company clarified that the contribution in question came from its co-founder, Bernie Marcus, who left the company more than two decades ago. This denial comes amid a contentious Georgia Senate race, where fundraising figures show Walker trailing his opponent, Raphael Warnock.",https://www.axios.com/2022/10/08/home-depot-herschel-walker-georgia-donation,1665213468
HD,"Hurricane Ian leaves scenes of recovery, despair on Florida coast","Days after Hurricane Ian struck Florida, the recovery effort shows stark contrasts between those who quickly regain normalcy and those facing prolonged despair. While some areas see businesses reopen and residents return to their homes, others are left homeless, struggling with basic necessities, highlighting the varying impacts based on location, income, and structural integrity. The article details instances of rapid recovery alongside stories of families in shelters and residents whose lives have been completely upended.",https://thenationaldesk.com/news/americas-news-now/hurricane-ian-leaves-scenes-of-recovery-despair-on-florida-coast-storm-damage-flooding-destruction-medical-relief-services-category-4-devastation-3rd-deadliest-storm-us-mainland-this-century,1665314700
HD,Kidde smoke alarm protection events at The Home Depot,"The Home Depot and Kidde are collaborating to raise fire safety awareness through events in October, coinciding with Fire Prevention Week and the cooler months when home fires are more common. For every Kidde alarm purchased at The Home Depot through November 2022, a $1 contribution will be made towards donating alarms to communities in need. The article highlights key Kidde products available, including smoke alarms, fire extinguishers, and combination smoke and carbon monoxide detectors, emphasizing their role in protecting homes from fires and CO leaks.",https://mashable.com/ad/article/fire-safety-events-at-the-home-depot-until-oct-31,1665386268
HD,Home Depot Philadelphia Store to Vote on Unionizing in First for Chain,"Employees at a Home Depot store in Philadelphia are scheduled to vote on November 2 and 5 on whether to unionize, marking a potential first for the company's US stores. The election will be supervised by the National Labor Relations Board and held in person on company premises. This vote could establish the first unionized Home Depot location in the United States.",https://www.bloomberg.com/news/articles/2022-10-12/home-depot-philadelphia-store-to-vote-on-union-in-first-for-chain,1665587940
HD,Smoke detector sale: Chicago Home Depot stores selling 99-cent smoke alarms this weekend,"The Chicago Fire Department and Home Depot are offering smoke detectors for 99 cents this weekend at 11 Home Depot stores in Chicago. This initiative is part of National Fire Prevention Week, encouraging residents to replace old or expired smoke alarms. This is the fourth consecutive year for this partnership.",https://abc7chicago.com/post/smoke-detector-home-depot-sale-99-cent-detectors/12329888/,1665818268
HD,The Home Depot launches jobseeker portal,"The Home Depot has expanded its Path to Pro professional skills initiative by launching a new jobseeker portal, PathtoPro.com. This platform connects skilled tradespeople with hiring professionals in the construction and home improvement industries, allowing jobseekers to create profiles, upload resumes, and showcase their work. The initiative aims to address the skilled labor shortage by providing training, networking opportunities, and information on trade professions.",https://chainstoreage.com/home-depot-launches-jobseeker-portal,1666077467
HD,"The Home Depot Launches the Path to Pro Network, Unique Jobseeker Platform Focused on the Skilled Trades","The Home Depot has launched the Path to Pro Network, a new jobseeker marketplace designed to connect skilled tradespeople with hiring professionals in the construction and home improvement industries. This platform helps address the growing skilled labor shortage by allowing jobseekers to create profiles, upload resumes, and showcase their work, including skill badges for certified training or veteran status. The initiative is part of Home Depot's broader Path to Pro program, which also offers a free training program for those interested in skilled trades.",https://ir.homedepot.com/news-releases/2022/10-18-2022-130331740,1666077467
HD,Broe Real Estate Group Signs Micron Technology as Lead Tenant at MAX Technology Center,"Broe Real Estate Group (BREG) has announced that Micron Technology, Inc. will be the lead tenant at its 25-acre MAX Technology Center in Longmont, Colorado. This deal, along with new partnerships with Home Depot, Lineage Logistics, AON, and Charles Schwab, contributes to a record-breaking year for BREG, exceeding 1.5 million square feet in leases. The company highlights Colorado's strong market and talent pool as key attractors for these major corporations.",https://milehighcre.com/broe-real-estate-group-signs-micron-technology-as-lead-tenant-at-max-technology-center/,1666596313
HD,Home Depot Inc. stock outperforms market on strong trading day,"Shares of Home Depot Inc. (HD) increased by 2.47% to $290.26 on Tuesday, outperforming the broader market which also saw gains in the S&P 500 and Dow Jones Industrial Average. This marks the stock's third consecutive day of gains, although it remained short of its 52-week high. Despite its strong performance, Home Depot Inc. underperformed compared to some competitors like Lowe's Cos. (LOW) and Kingfisher PLC ADR (KGFHY).",https://www.marketwatch.com/data-news/home-depot-inc-stock-outperforms-market-on-strong-trading-day-01666731506-170f327298ff?gaa_at=eafs&gaa_n=AWEtsqck33HyZmyWxZN9F3N_DHbRN5dT8mIOvwfVNoQUapdHT1-nvD9v3Sz9&gaa_ts=69079082&gaa_sig=fjKk3Z5n6r_o5E9Iu9rGFDMIGcweu-0RN8E6rFX8lGxOuTn8Tku_srLaMGpOU8nNUQReWzm7h1tKlnEJEokDfg%3D%3D,1666717080
HD,Still the Biggest Skeleton in the Game? (Published 2022),"This article details the enduring popularity and fervent demand for Home Depot's 12-foot Halloween skeleton, affectionately known as ""Skelly,"" since its introduction in 2020. It highlights the efforts of dedicated shoppers, like Nicole and Jared Kebea, who go to great lengths to acquire the $299 decoration, which has become an iconic symbol of Halloween. The piece explores the phenomenon of ""Skelly hunts"" and the continued hype surrounding the massive decorative skeleton.",https://www.nytimes.com/2022/10/28/style/home-depot-12-foot-skeleton.html,1666941467
HD,Home Depot Shoppers Can't Get Enough of This Product: “You Won’t Be Disappointed”,"Home Depot shoppers are raving about the new 9.5-foot ""Animated Immortal Werewolf Halloween Animatronic,"" which is being sold at a 50 percent discount for $199. This animatronic features motion sensors, light-up eyes, and the ability to howl and snarl, becoming a highly anticipated successor to the popular 12-foot ""Skelly."" Despite some assembly issues reported by a few customers, the majority of reviews are positive, with many considering it an even better decoration than the store's previous popular Halloween items.",https://bestlifeonline.com/home-depot-werewolf-news/,1666941468
HD,Plug Power adding jobs locally to deliver green hydro energy worldwide by 2028,"Plug Power's Henrietta gigafactory is now at full production, creating new jobs to support the company's goal of supplying 1,000 tons of green hydrogen daily worldwide by 2028. The facility, which manufactures fuel cell stacks and electrolyzers, also serves as a model for future global expansion. Despite supply chain challenges impacting 2022 revenue projections, Plug Power remains committed to its growth in New York and its mission to build the green hydrogen economy.",https://rbj.net/2022/10/28/plug-power-adding-jobs-locally-to-deliver-green-hydro-energy-worldwide-by-2028/,1666942458
HD,"Popular, tech-infused furniture brand to open store in this bustling Columbia shopping area","Lovesac, a furniture brand known for its ""Sac"" chairs and adaptable ""Sactional"" couches with tech features, is opening a new store at 201 Harbison Blvd. in Columbia, South Carolina. The new showroom will be located in the busy Harbison Crossing shopping center, a popular retail district near the Columbiana Centre mall and other major stores. Lovesac currently operates a kiosk inside the Columbiana Centre.",https://www.thestate.com/news/local/article267982417.html,1666959960
HD,Lighting People: On the Move | October 2022,"This article lists recent career changes and promotions within the lighting industry for October 2022. It highlights new roles at companies like HLB Lighting Design, Acuity Brands, and Ecosense, as well as movements to positions at Chroma Lighting Group and Nicor Lighting. The information is compiled from company announcements and social media, with a note to verify official titles and employment status.",https://inside.lighting/news/22-10/lighting-people-move-october-2022,1667199523
HD,The Home Depot Showcases the Power of Home Décor and Design Through Vacation Rental Property Makeover with Vrbo and Design Influencers,"The Home Depot partnered with Vrbo and design influencers to revitalize a vacation rental property in the Berkshires, showcasing how décor and furnishing upgrades can elevate a space and improve return on investment for owners. The makeover highlights current design trends like timeless décor, balanced color palettes using Behr's ""Blank Canvas,"" and functional yet cozy living spaces. The project emphasizes how easily attainable home updates from The Home Depot can enhance guest experiences and property value.",https://ir.homedepot.com/news-releases/2022/10-31-2022-120050488,1667200307
HD,"Live, laugh, LifeEyes™️: How the 12-foot Home Depot skeleton became a perennial hit","The 12-foot Home Depot skeleton, despite debuting during the pandemic, has achieved perennial hit status, fostering a passionate community and even inspiring merchandise and a short film. Its enormous size, interactive ""LifeEyes,"" and scarcity contribute to its cult following, with fans forming Facebook groups to share tips, modifications, and stories. The skeleton's success has also led to other giant Halloween decorations from Home Depot and copycats from rival stores, proving its enduring appeal beyond a fleeting trend.",https://mashable.com/article/12-foot-home-depot-skeleton,1667200668
HD,What Fortune 500 Companies Said After Jan. 6 vs. What They Did,"A ProPublica investigation reveals that many Fortune 500 companies publicly pledged to suspend donations to politicians who voted against certifying the 2020 election after January 6th, 2021, but have since resumed contributions. The article highlights that at least 228 of the Fortune 500, with political action committees, have collectively given over $13 million to these 147 Republicans. This financial support occurred despite companies initially condemning their actions and stating their commitment to democracy.",https://www.propublica.org/article/companies-funding-election-deniers-after-january-6,1667283537
HD,Mid-America brokers sale of Home Depot property in Detroit market,"Mid-America Real Estate Corporation's Investment Sales Group recently brokered the sale of a single-tenant triple net property leased to The Home Depot in Dearborn, Michigan. The 111,805-square-foot property is located within the Fairlane North Shopping Center and was sold by a private investment company to a private investor. Ben Wineman, Tony Schmitt, and Daniel Stern of Mid-America Real Estate served as exclusive brokers for the seller.",https://rejournals.com/mid-america-brokers-sale-of-home-depot-property-in-detroit-market/,1667283666
HD,"P&G, Colgate, Church & Dwight Named EPA 2022 Safer Choice Partners of the Year","The US Environmental Protection Agency (EPA) announced P&G, Colgate, and Church & Dwight, among others, as 2022 Safer Choice Partner of the Year award winners. This recognition highlights companies that voluntarily participate in the Safer Choice program, investing in research and reformulation to ensure their products meet stringent safety and environmental criteria. The program evaluates ingredients, product performance, packaging, pH, and VOCs to identify products safer for human health and the environment.",https://www.happi.com/breaking-news/pg-colgate-church-dwight-named-epa-2022-safer-choice-partners-of-the-year/,1667369245
HD,California Court of Appeal Reverses Summary Judgment in Time-Rounding Case Involving Electronic Timekeeping System,"The California Sixth Appellate District Court recently reversed a summary judgment in *Camp v. Home Depot*, ruling against an employer that rounded employee work-time to the nearest quarter-hour despite using an electronic system that recorded time to the minute. The court's decision, limited to the specific facts, emphasized that employees must be paid for all work performed, inviting the California Supreme Court to address the validity of time-rounding standards given modern timekeeping technology. Employers are advised to consult legal counsel regarding their rounding policies, especially if using electronic timekeeping systems, as conflicting decisions exist at the appellate level.",https://www.dwt.com/blogs/employment-labor-and-benefits/2022/11/california-appeal-rounding-electronic-timekeeping,1667456466
HD,Floor & Decor executives say home equity continue to boost sales even as market slows,"Floor & Decor Holdings Inc. is experiencing continued sales growth due to home improvement projects fueled by rising homeowner equity. Executives anticipate that major home renovation demand will persist, driven by this surge in home equity. The article highlights that despite a slowing market, home equity remains a significant factor in boosting the company's performance.",https://www.bizjournals.com/atlanta/news/2022/11/04/floor-decor-sales-home-renovations-equity.html,1667542617
HD,Philadelphia Home Depot workers reject first storewide union in vote,"Workers at a Philadelphia Home Depot store voted against forming the first store-wide labor union for the company. The National Labor Relations Board reported the vote as 165 to 51 against unionization among the store's 274 employees. This outcome represents a setback for the broader movement to unionize at major U.S. companies, despite recent successes at Starbucks and Chipotle locations.",https://www.foxbusiness.com/economy/philadelphia-home-depot-workers-reject-first-storewide-union-vote,1667715666
HD,North Carolina supermarket sells to 1031 investor,"JLL Capital Markets has closed the sale of the Harris Teeter ground lease at New Bern Marketplace to a Northeast-based 1031 purchaser. The 99,839-square-foot supermarket in New Bern, North Carolina, is a high-performing store, attracting significant annual visits. The sale highlights strong demand for core, credit, and long-term NNN assets.",https://www.jll.com/en-us/newsroom/north-carolina-supermarket-sells-to-investor,1667803292
HD,Home Depot workers try to file class action claiming lost wages,"A putative class action lawsuit has been filed against Home Depot U.S.A, Inc. by employees claiming lost wages due to the company's quarter-hour rounding policy in its electronic timekeeping system. While one plaintiff, Adriana Correa, did not lose wages, another, Delmer Camp, allegedly lost 470 minutes of work time. The California Court of Appeal reversed a summary judgment in Home Depot's favor regarding Camp's claim, stating there was a triable issue of material fact.",https://www.hcamag.com/us/specialization/employment-law/home-depot-workers-try-to-file-class-action-claiming-lost-wages/426657,1667840195
HD,Home Depot workers vote against unionizing U.S. store,"Workers at a Home Depot store in Philadelphia, Pennsylvania, voted against forming a union. This decision comes amidst a broader trend of unionization efforts at other major U.S. companies like Starbucks and Amazon. Home Depot Workers United, the independent union, had raised concerns about wages, staffing, and training.",https://www.reuters.com/business/sustainable-business/home-depot-workers-vote-against-unionizing-us-store-2022-11-06/,1667857440
HD,"What D.R. Horton’s Miss, RedfinNow’s Demise Say About Housing Stocks","The article discusses the recent struggles in the housing market, highlighted by D.R. Horton's missed earnings and Redfin's decision to shut down its home-flipping business, RedfinNow. It suggests that while the housing market is experiencing pain, not all housing-related stocks are affected equally.",https://www.barrons.com/articles/dr-horton-stock-earnings-redfin-now-51668019863?gaa_at=eafs&gaa_n=AWEtsqdmUBXUnOxTNP9sHPLdC2PfRywIZ-psbTaseYbGnGBBkU005BijMbvb&gaa_ts=699aa192&gaa_sig=HXuCH3IRi0k85QSNiiI7CeTji5A5vxPfs90GM8pSnu2uNhVdzh4_sa5P2WBJn5p1ao3meaw9rfbtJ8B1P53WMw%3D%3D,1667974291
HD,Nexgrill named Vendor Partner of the Year by The Home Depot,"Nexgrill, a leading designer and manufacturer of outdoor living products, has been named The Home Depot's ""Vendor Partner of the Year for Indoor Garden."" This recognition highlights Nexgrill's top-selling grills and griddles, including the number-one sales item at the 2022 grill event and the fastest-growing Daytona gas griddle line. The company was also recognized for developing the first outdoor smart gas grill with an air fryer, the Neevo Smart Grills, in collaboration with The Home Depot.",https://www.businesswire.com/news/home/20221110005433/en/Nexgrill-named-Vendor-Partner-of-the-Year-by-The-Home-Depot,1668061265
HD,‘It makes consumers more likely to trust you’: DTC home brands are increasingly vying for trade professionals,"DTC home brands are increasingly focusing on trade professionals like interior designers and architects to ensure a more stable revenue stream and build trust with consumers, especially as consumer trends shift. Brands like Parachute and Lovesac have launched or expanded trade programs offering benefits such as discounts and exclusive products, with some seeing significant growth in sales from this segment. Experts emphasize that these professionals buy more frequently, have larger basket sizes, and act as influential marketers, despite having high product standards.",https://www.modernretail.co/marketing/it-makes-consumers-more-likely-to-trust-you-dtc-home-brands-are-increasingly-vying-for-trade-professionals/,1668061718
HD,Home Depot® Honors Jeffrey Court with Prestigious Partner of the Year Award,"Jeffrey Court Inc., a leader in decorative tile and stone, has been awarded the 2022 Merchandising Partner of the Year by The Home Depot. This recognition highlights Jeffrey Court's strong partnership, dedication to innovative product design, and ability to maintain stock levels even with a 100% import business model during supply chain challenges. The award celebrates their consistent high level of service and significant contributions to Home Depot's tile marketplace offerings.",https://www.businesswire.com/news/home/20221110005065/en/Home-Depot-Honors-Jeffrey-Court-with-Prestigious-Partner-of-the-Year-Award,1668099397
HD,Tractor Supply planning to move from the east side to the west side of Batavia,"Tractor Supply is planning to relocate its Batavia store from East Main Street Road to a new, larger building on Lewiston Road, occupying 5.08 acres of a 52-acre commercial development. The Genesee County Planning Board recommended approval with modifications, and the project will be reviewed by the Town of Batavia Planning Board. This move will create a vacancy on the east side, but a broker expects new tenants for existing empty buildings.",https://www.thebatavian.com/howard-b-owens/tractor-supply-planning-to-move-from-the-east-side-to-the-west-side-of-batavia/621495,1668149292
HD,"Home Depot, Lowe's to see higher sales as owners remodel amid rising rates","Home Depot and Lowe's are expected to report increased sales in Q3 as rising interest rates encourage homeowners to renovate rather than move. Analysts believe these home improvement chains will benefit from this trend, alongside professional contractors' backlogs, despite general declines in discretionary spending. Both companies saw substantial growth during the pandemic and are anticipated to maintain strong performance as consumers continue to invest in their existing properties.",https://www.reuters.com/markets/us/home-depot-lowes-see-higher-sales-owners-remodel-amid-rising-rates-2022-11-14/,1668441780
HD,"Home Depot gives 'mixed signals' with quarterly beat, dim holiday view","Home Depot reported a quarterly beat on sales and profit, driven by higher prices despite a drop in customer transactions, but maintained its annual forecasts, signaling a weak holiday season. The company noted that customers are focused on renovating existing homes amidst a housing market slowdown and rising mortgage rates, with the fourth quarter expected to be the weakest for comparable sales. Despite a cautious outlook that implies a full-year profit range below market consensus, analysts are not overly concerned, believing the approach could prove conservative.",https://www.reuters.com/markets/us/home-depot-beats-sales-estimates-steady-demand-2022-11-15/,1668527640
HD,"Spurred by renovation business, Home Depot plans new concept store in Atlanta",Home Depot is planning a new concept store in Atlanta specifically designed to cater to professional contractor customers. This move is spurred by the booming renovation business. A rendering shows the proposed Home Depot PRO store would be located on Sidney Marcus Boulevard in Atlanta.,https://www.bizjournals.com/atlanta/news/2022/11/15/home-depot-pro-store-contractors.html,1668531395
HD,"Home Depot customers are spending more, but that's mainly due to inflation","Home Depot reported increased sales and better-than-expected earnings, yet customer transactions fell due to inflation. While customers are spending more per visit, concerns remain regarding the housing market slowdown and a ""challenging and dynamic environment."" Executives are cautiously optimistic, noting mixed signals in consumer spending habits.",https://www.wrex.com/news/home-depot-customers-are-spending-more-but-thats-mainly-due-to-inflation/article_ea75e3eb-b065-504b-97ca-606aec04b605.html,1668531396
HD,3 Home Improvement Stocks to Buy Now and 2 to Ignore,"With inflation cooling and new incentives from the Inflation Reduction Act boosting demand for home improvement projects, the global home improvement market is projected for significant growth. This article identifies The Home Depot, Inc. (HD), The Sherwin-Williams Company (SHW), and Acuity Brands, Inc. (AYI) as strong buy candidates due to solid financials and market positions, while advising investors to avoid GrowGeneration Corp. (GRWG) and Bed Bath & Beyond Inc. (BBBY) due to their weak financial performance and bleak outlooks.",https://www.tradingview.com/news/stocknews:2ba97f285:0-3-home-improvement-stocks-to-buy-now-and-2-to-ignore/,1668578554
HD,Target exec says retail theft has hurt company's gross profit margin,"Target CFO Michael Fiddelke announced that retail theft, referred to as ""shrink,"" has significantly impacted the company's gross profit margin, reducing it by $400 million year-to-date and projected to hit over $600 million for the full year. This issue, an industry-wide problem often driven by criminal networks, has also led CEO Brian Cornell to state that Target is investing in technology and training to deter theft. The company's third-quarter revenue increased, but net earnings narrowed by 52%, compounded by a dismal holiday sales forecast due to high inflation affecting consumer spending.",https://www.foxbusiness.com/retail/target-exec-says-retail-theft-hurt-companys-gross-profit-margin,1668581223
HD,Violations of labor law lead to Home Depot Workers Union loss in Philly,"A unionization vote for the independent Home Depot Workers Union in northeast Philadelphia failed, with the union attributing the loss to rampant company labor law-breaking. The union plans to file additional charges with the NLRB, potentially seeking a rerun of the election due to alleged illegal quizzing and spying on workers by Home Depot management. This event highlights growing worker dissatisfaction in retail and warehousing over low pay and poor working conditions.",https://www.peoplesworld.org/article/violations-of-labor-law-lead-to-home-depot-workers-union-loss-in-philly/,1668593520
HD,ETF of the Week: iShares U.S. Home Construction ETF (ITB),"This article discusses the iShares U.S. Home Construction ETF (ITB), highlighted as the ""ETF of the Week."" Despite current market fears about rising mortgage rates and inflation impacting home construction, the ITB has shown resilience, trading above its 200-day moving average and experiencing a 13% performance bump. Experts suggest this could indicate a potential market shift if inflation peaks and interest rates stabilize or decrease, benefiting the high demand for home construction.",https://www.etftrends.com/etf-of-the-week-ishares-u-s-home-construction-etf-itb-2/,1668729116
HD,ETF of the Week: Amplify CWP Enhanced Dividend Income ETF (DIVO),"This article highlights the Amplify CWP Enhanced Dividend Income ETF (DIVO) as the ETF of the Week, discussed by VettaFi's Tom Lydon. DIVO aims to provide monthly dividend income and potential capital appreciation through a strategy of investing in dividend-growing companies and strategically writing covered calls. It offers investors a defensive play with healthy income potential, especially relevant in volatile markets, and targets a gross annual income of 2-3% from dividends and 2-4% from option premiums.",https://www.etftrends.com/etf-of-the-week-amplify-cwp-enhanced-dividend-income-etf-divo/,1669221099
HD,Black Friday 2022: From Target and Walmart to Best Buy and Apple - deals for holiday shopping,"This article provides a comprehensive guide to Black Friday 2022 deals from numerous major retailers including Target, Walmart, Amazon, Best Buy, and Apple, covering various categories such as tech, home goods, clothing, and cosmetics. It highlights specific offers and sale dates for each retailer. The piece also includes expert tips on how to effectively navigate Black Friday sales to ensure shoppers get the best value for their money.",https://abc7ny.com/post/black-friday-2022-deals-walmart-sales-best-buy-ad/12456437/,1669356195
HD,"Family- and Veteran-Owned Supplier Black Diamond Coatings, Inc. Partners with The Home Depot on High-Quality Home Improvement Products","Black Diamond Coatings, Inc., a family- and veteran-owned concrete and masonry sealer manufacturer, has partnered with The Home Depot to offer its high-quality, environmentally friendly, water-based sealers online. Founded by David Warren, a former Marine and paver restoration business owner, the company emphasizes quality products and customer support. Black Diamond Coatings and The Home Depot both share values of community giving, with former offering military and veteran discounts and supporting organizations like the American Cancer Society.",https://corporate.homedepot.com/news/supplier/family-and-veteran-owned-supplier-black-diamond-coatings-inc-partners-home-depot-high,1669913795
HD,REAL ESTATE | Stocking shelves underway for five Below as store prepares to open,"Shelves are being stocked at the new five Below store in West Bend, WI, located at 11745 S. Main Street, in preparation for its opening. This follows the recent openings of HomeGoods and Sierra on November 19th. The new five Below is anticipated to have a soft opening next week, officially opening at 10 a.m. on December 9, 2022.",https://www.washingtoncountyinsider.com/real-estate-signs-for-new-five-2/,1669958207
HD,82-year-old worker assaulted at Home Depot in Hillsborough dies,"An 82-year-old Home Depot worker in Hillsborough, North Carolina, who was assaulted during a robbery in October, has died. Police are still searching for the suspect, who was seen on surveillance video pushing the employee while stealing a pressure washer and other equipment. Authorities are seeking a white 4-door Hyundai Sonata with obscured temporary tags and urge anyone with information to contact Investigator Jones.",https://abc11.com/post/hillsborough-82-year-old-man-home-depot-worker-assalted/12520239/,1670044922
HD,Home Depot says it continues to fight crime 'on all fronts' after elderly worker dies,"Home Depot reported outrage over the death of an 83-year-old worker who died after being shoved during a theft in October. The company states it is fighting retail crime on ""all fronts"" through investments in security and technology, as well as legislative partnerships. Organized retail crime saw a 26.5% increase in 2021.",https://www.foxbusiness.com/lifestyle/home-depot-continues-fight-crime-all-fronts-after-elderly-worker-dies,1670334660
HD,Drivers oust Teamsters at Home Depot subsidiary in California,"Drivers at Home Depot's HD Supply Facilities Maintenance subsidiary in San Jose, California, overwhelmingly voted to decertify the Teamsters Local 853 union despite having a contract in place. Workers cited a ""horrible"" contract heavily favoring the company and alleged retaliatory actions against pro-union drivers as reasons for the decertification. The union acknowledged past failures in contract negotiations and filed unfair labor practice charges against HD Supply, claiming anti-union tactics were used against new hires.",https://www.freightwaves.com/news/drivers-oust-teamsters-at-home-depot-subsidiary-in-california,1670345796
HD,E Ink expects more growth next year,"E Ink Holdings Inc (元太科技), the sole global e-paper display supplier, anticipates continued business growth next year, driven mainly by the increasing adoption of electronic shelf labels (ESLs) by large US retailers like Walmart, Best Buy, and Amazon. Despite potential recession risks, the company expects its ESL segment to achieve its fastest growth, following strong performance this year where ESLs became its primary revenue source. E Ink also identifies e-notes and electronic labels for packing boxes, particularly in Europe due to new reuse regulations, as future growth engines.",https://www.taipeitimes.com/News/biz/archives/2022/12/09/2003790372,1670562202
HD,New ShopRite supermarket opening in Huntington,"A new 65,000-square-foot ShopRite supermarket, owned and operated by the Greenfield family, is set to open on December 11th in Huntington Commons. This new store occupies part of the space previously held by a Kmart and is part of major renovations at the shopping center by Urban Edge Properties. Huntington Commons will also see new businesses like GOLFTEC, CycleBar, and iStretchPlus.",https://www.litimes.org/2022/12/09/new-shoprite-supermarket-opening-in-huntington/,1670565139
HD,New Jacksonville Tractor Supply Company store to open this week,"A new Tractor Supply Company store is scheduled to open in Jacksonville this week. The store will feature a garden center and a pet wash. This opening is part of a broader retail movement in the area, as other stores like Old Navy are also expanding.",https://www.bizjournals.com/jacksonville/news/2022/12/13/new-jacksonville-tractor-supply-company.html,1670910696
HD,California Wage and Hour Issues for Employers to Watch in 2023: Is My Time-Rounding System Still Compliant? (US),"A recent California Court of Appeal decision, Camp v. Home Depot USA, Inc., questioned the compliance of employer time-rounding systems, especially when precise timekeeping technology is available. The court reversed a lower court's ruling in favor of Home Depot, stating that employers able to capture exact work times must pay for all time worked, urging caution for California employers using time-rounding. A petition for review has been filed with the California Supreme Court, indicating potential further developments in 2023.",https://www.employmentlawworldview.com/california-wage-and-hour-issues-for-employers-to-watch-in-2023-is-my-time-rounding-system-still-compliant-us/,1670995322
HD,Global Power Tool Market is Expected to Reach $43B by 2030 – IndexBox,"The global power tool market, valued at $32.2 billion in 2022, is projected to reach $42.7 billion by 2030, driven by increasing demand from construction, automotive, and DIY projects. Key players like Stanley Black & Decker and Robert Bosch dominate a fragmented market, with sales primarily through indirect channels and online retail gaining importance. The market faces challenges such as rising raw material costs and competition from low-cost manufacturers, alongside opportunities in cordless tools and industrialization.",https://www.globenewswire.com/news-release/2022/12/16/2575319/0/en/Global-Power-Tool-Market-is-Expected-to-Reach-43B-by-2030-IndexBox.html,1671170400
HD,"HD Supply to close Cobb County office, move jobs to other states","HD Supply, a subsidiary of Home Depot, is closing one of its offices in Cobb County, Georgia, and relocating 57 jobs out of the state. This move involves shifting some positions to other states.",https://www.bizjournals.com/atlanta/news/2022/12/16/hd-supply-jobs-moving-georgia-florida-texas.html,1671209796
HD,Home Depot opens four new stores in Mexico,"Home Depot has opened four new stores in Mexico, bringing its total number of locations in the country to 133. The new stores are situated in Monterrey, Gómez Palacio, Guadalajara, and Apodaca. President Jose “Pepe” Rodriguez announced plans to accelerate their expansion, aiming for 150 stores in Mexico within the next five years.",https://www.diyinternational.com/content/news/2022/12/20/home-depot-opens-four-new-stores-in-mexico.html,1671555397
HD,Stephanie Linnartz to Step Down from Marriott International,"Stephanie Linnartz, a 25-year Marriott veteran and the company's President, announced she will be stepping down on February 24, 2023. She has been appointed President and Chief Executive Officer of Under Armour. Marriott CEO Anthony Capuano expressed mixed emotions but wished her well, highlighting her significant contributions to Marriott, including the integration of Starwood and the growth of the Marriott Bonvoy loyalty program.",https://www.citybiz.co/article/362696/stephanie-linnartz-to-step-down-from-marriott-international/,1671600711
HD,Under Armour Announces Stephanie Linnartz as President and CEO,"Under Armour announced the appointment of Stephanie Linnartz, formerly president of Marriott International, as its new President, CEO, and a member of its Board of Directors, effective February 27, 2023. Kevin Plank, Under Armour's Executive Chair, highlighted Linnartz's extensive experience in brand strategy, omnichannel execution, and driving consumer loyalty from her 25-year career at Marriott. Colin Browne, who served as interim President and CEO, will resume his role as Chief Operating Officer.",https://about.underarmour.com/en/stories/2022/12/under-armour-announces-stephanie-linnartz-as-president-and-ceo.html,1671649062
HD,5 Warnings to Shoppers From Ex-Dick’s Sporting Goods Employees,"Former Dick's Sporting Goods employees share five warnings for shoppers. These include anticipating chaotic back stockrooms, pressure to sign up for credit cards and the Scorecard rewards program, a surprisingly lenient return policy for some items, and vigilance against email scams. Understanding these points can help customers navigate their shopping experience more effectively.",https://bestlifeonline.com/warnings-from-ex-dicks-sporting-goods-employees-news/,1672117903
HD,Home Depot will be there to fix up your virtual house in the metaverse,"The Home Depot is exploring a venture into the metaverse, aiming to capitalize on the potential for virtual home renovation projects. This move comes as the company has seen significant sales growth from physical home renovations in recent years. The article suggests that virtual renovations could provide a similar boost to Home Depot's business.",https://www.bizjournals.com/atlanta/news/2022/12/27/home-depot-metaverse-nfts.html,1672118522
HD,"Walmart, Home Depot and Gap Execs Honored by NRF Foundation","The NRF Foundation has announced its ""People Shaping Retail’s Future 2023"" honorees, recognizing five retail executives for their contributions to communities and the industry. Among those honored are leaders from Walmart, Home Depot, Gap Inc., Ministry of Supply, and Steve Madden. These individuals will be celebrated at an event in New York City during NRF 2023: Retail’s Big Show.",https://www.retailtouchpoints.com/topics/market-news/walmart-home-depot-and-gap-execs-honored-by-nrf-foundation,1672128000
HD,Home Depot launching new distribution center in Rosemount,"The Home Depot is opening a new 417,000-square-foot distribution center in Rosemount, creating more than 100 new jobs. The company is hiring for positions to operate lift equipment and prepare orders for delivery at the new facility.",https://www.bizjournals.com/twincities/news/2022/12/27/home-depot-distribution-center-rosemount.html,1672221000
HD,Home Depot to launch new distribution center in Minnesota,"Home Depot is opening a new 417,000-square-foot distribution center in Rosemount, Minnesota. The Atlanta-based company plans to hire over 100 people for this new facility.",https://www.bizjournals.com/atlanta/news/2022/12/28/home-depot-distribution-center-rosemount.html,1672246595
HD,Thieves caught on camera stealing power tools from Home Depot,"Detectives are searching for three men who stole approximately $2,800 worth of power tools from a Home Depot in North Lauderdale, Florida. Surveillance video captured the men loading about 10 power drills into a shopping cart and calmly walking out of the store without paying. They then placed the items into a dark-colored four-door vehicle occupied by a fourth person, last seen leaving the plaza.",https://cbs12.com/news/local/north-lauderdale-thieves-caught-on-camera-stealing-power-tools-from-home-depot-december-29-2022,1672351920
HD,Home Depot Executive Adolfo Villagomez to Be New CEO of Progress Residential,"Adolfo Villagomez, an executive from Home Depot Inc., has been appointed as the new Chief Executive Officer of Progress Residential, a single-family rental arm of Pretium Partners. Mr. Villagomez, 49, will succeed Chaz Mueller, who retired last year after serving as CEO since 2018. Progress Residential is a major rental-home manager in the country.",https://www.wsj.com/real-estate/home-depot-executive-adolfo-villagomez-to-be-new-ceo-of-progress-residential-11652796653?gaa_at=eafs&gaa_n=AWEtsqcpj_97i800-oRrf48YW8EGqibU7OpUsKBk7SLtsbWb5TBdIpPVpWL-&gaa_ts=6907906b&gaa_sig=yZAJXhnAQJwovm2fmtqHZywlQdhccCGebi5HgENYO0AyfUTMNdHFDEjTS6OjayhydF9TcLnDIVXuk9NNeOQRfw%3D%3D,1672531199
HD,Former Haemonetics headquarters in Braintree leased,"Integra LifeSciences Holding Corp. has leased 100,000 square feet at the former Haemonetics Corp. headquarters in Braintree for manufacturing regenerative tissue technologies, relocating from South Boston. The article also provides updates on various other business news, including Walmart's rare profit loss, rising gasoline prices, and investor behavior in a volatile stock market.",https://www.bostonglobe.com/2022/05/17/business/former-haemonetics-headquarters-braintree-leased/,1672531199
HD,You’re Hired! No Interview Required in Tight Labor Market,"Amid a persistent worker shortage, some companies are streamlining their hiring processes by eliminating traditional job interviews, especially for hourly and temporary positions. United Parcel Service, Home Depot, and Gap Inc. are among the employers adopting this strategy to quickly fill critical roles in a tight labor market. This shift reflects an urgent need to staff up without the lengthy process traditionally associated with hiring.",https://www.wsj.com/articles/youre-hired-no-interview-required-in-tight-labor-market-11670633115?gaa_at=eafs&gaa_n=AWEtsqcyypCK19FX-MzHp4_wevV9AorpUe1rDD_rVOAr2zrBtCzDtk09gTso&gaa_ts=69079082&gaa_sig=0MLvp4NoBiAowRzInu75QLbIvvH5-zNkhIfchV8m-Wn_6Uc1tkn5vvSsdCi32wvZAoUk1y5NYt0Jiulw7FoNBQ%3D%3D,1672531199
HD,"Consumers Pay More for Less, Boosting Walmart and Home Depot","Walmart Inc. (WMT) and Home Depot Inc. (HD) reported stronger quarterly revenues and profits, attributed to rising prices and consumers adjusting their spending habits due to inflation. Despite customers paying more for fewer products, investor confidence surged, leading to increases in both companies' stock prices and contributing to the broader stock market's rise. This indicates that major retailers are benefiting from current economic conditions as shoppers consolidate purchases.",https://www.wsj.com/business/retail/walmart-revenue-profit-rise-as-higher-prices-lift-business-11660650279?gaa_at=eafs&gaa_n=AWEtsqclwPMo_ZQU7OetvR0qkkoeSlYKSn0cQcm_juujtyjjcJZds9odVtrd&gaa_ts=69079082&gaa_sig=O1tbZ2iUPCpQmu9jMlBMiMh9nAn8MtLIWIrS1Ks7WwCMFR4EaLngTEg1PJdJ0w-Wgw6Yv4jwUgdywbui9rRK-Q%3D%3D,1672531199
HD,"Analysis: Home Depot, Lowe’s Face Challenges as Housing Market Cools","Home Depot Inc. and Lowe’s Cos. are expected to face significant challenges as the booming home improvement market, fueled by the pandemic, collides with a cooling housing market and rising interest rates. Analysts predict that these economic headwinds could lead to a slowdown or even a decline in sales for both retail giants. The companies had previously benefited from a surge in renovation projects by consumers over the past few years.",https://www.wsj.com/articles/home-depot-lowes-face-challenges-as-housing-market-cools-11669389217?gaa_at=eafs&gaa_n=AWEtsqf0u5foOv8zn8J7Hd8Odg6XuffRUjHWKwu4nrp7Av7s9AX8x6oPwcWC&gaa_ts=69079075&gaa_sig=J_lJlyGXJGMkc2pmO8k-w_5Xv6thMDNW8lZ4nKQjy_FvTsK15WY9vyg-QMwOMet7594jzQ-gkgyI8DAYvw2_3A%3D%3D,1672531199
HD,Tractor Supply Co. stock underperforms Wednesday when compared to competitors,"Tractor Supply Co. (TSCO) stock fell 0.76% on Wednesday, closing at $221.49, despite a generally positive trading session for the broader market. The company's stock underperformed against competitors like Home Depot Inc., Lowe's Cos., and AutoZone Inc., all of which saw gains. This marked the third consecutive day of losses for Tractor Supply Co.",https://www.marketwatch.com/story/tractor-supply-co-stock-underperforms-wednesday-when-compared-to-competitors-01672871273-f63cd7eb4029?gaa_at=eafs&gaa_n=AWEtsqcikpBZ8YKnw0a9V9GoGbn8cG2Px4n8JdCry82qtXQmSGy2RUnSL5aK&gaa_ts=699a8396&gaa_sig=cInHuiUcEC3VbmElP0VSoZ8bQff9zSCc3gNZfdRkNJOoRrsTfqZWMZFawuhOVJvdB6b6gnaWJwN7-4S9ZdDT5Q%3D%3D,1672853220
HD,The Home Depot Adds New Enhancements to Pro Xtra Loyalty Program,"The Home Depot has expanded its Pro Xtra loyalty program to include new membership tiers (Member, Elite, and VIP) and improved benefits for professional contractors and builders. These enhancements offer specialized perks, business tools, exclusive sales, and personalized support, aiming to remove friction for Pros who account for approximately half of the company's sales. The program, which launched in 2012, continues to evolve to better support the growing needs of its Pro customers.",https://ir.homedepot.com/news-releases/2023/01-05-2023-130234264,1672892539
HD,Family Succession Story: Longtime business operations prove that some things never change - Aug/Sept 2022,"This article details the succession stories of three multi-generational flooring businesses—Myers Carpet, Howard’s Rug Co., and Airbase Carpet & Tile Mart—highlighting how they have adapted and thrived over decades. It emphasizes the importance of finding a niche, cultivating relationships, and remaining flexible to navigate industry changes and competition. The businesses demonstrate that while market dynamics evolve, core principles of family ownership and customer focus remain crucial for long-term success.",https://www.floordaily.net/floorfocus/family-succession-story-longtime-business-operations-prove-that-some-things-never-change-a,1673152373
HD,The Home Depot Launches New In-Store Application to Help Associates Provide Better Customer Experience,"The Home Depot has launched a new in-store application called ""Sidekick"" to enhance customer experience by helping associates prioritize tasks more effectively. Powered by machine learning, Sidekick guides associates on restocking and product location, leveraging cloud-enabled algorithms and machine vision. This app is an addition to their hdPhones and is being rolled out to all U.S. stores following a successful initial deployment.",https://ir.homedepot.com/news-releases/2023/01-12-2023-130328698,1673497339
HD,Home Depot will now pay its hourly employees to the minute,"Home Depot is changing its payroll policy for hourly employees to pay them to the nearest minute based on exact time punches, effective January 16, 2023. This change moves away from the common industry practice of ""time clock rounding"" where total shift time was rounded to the nearest 15 minutes. The decision follows legal challenges and evolving workplace practices, with the Department of Labor allowing rounding only if it doesn't favor the employer.",https://hbsdealer.com/home-depot-will-now-pay-its-hourly-employees-minute,1673756539
HD,Sonos One Gen 2 and One SL – the backbone of the Sonos sound system (AV review),"This review highlights the Sonos One Gen 2 and One SL speakers as the foundational components of any Sonos sound system, excelling as stereo pairs or rear speakers for soundbars. It details their sound quality, features like voice assistant support and Trueplay, and connectivity caveats. The article concludes that despite being a tad expensive, they offer quality, performance, and flexibility within the Sonos ecosystem.",https://cybershack.com.au/reviews/sonos-one-gen-2-and-one-sl-the-backbone-of-the-sonos-system-sound-review/,1673883682
HD,Home Depot co-founder warns the 'woke generation' is ignoring the economy's 'bottom line',"Home Depot co-founder Bernie Marcus criticized the ""woke generation"" of leaders for allegedly ignoring the economy's ""bottom line"" and focusing on issues like climate control at events such as the World Economic Forum, rather than prioritizing shareholders and employees. Marcus also expressed concern about a perceived lack of work ethic among some individuals, attributing it to entitlement and government assistance, and warned that small businesses are struggling due to inflation and difficulties in finding workers. He argued that current leaders are pushing a ""socialistic society"" that discourages work and negatively impacts the economy.",https://www.foxbusiness.com/economy/home-depot-co-founder-warns-woke-generation-ignoring-economys-bottom-line,1674102139
HD,"Lowe's Cos. stock falls Thursday, underperforms market","Lowe's Companies (LOW) stock experienced a 3.06% decline on Thursday, closing at $202.13. This performance lagged behind the broader market, with both the S&P 500 and Dow Jones Industrial Average also seeing losses. The stock has now fallen for three consecutive days and its trading volume surpassed its 50-day average.",https://www.marketwatch.com/story/lowe-s-cos-stock-falls-thursday-underperforms-market-01674166039-2383151dc341?gaa_at=eafs&gaa_n=AWEtsqfD0_WEKUrSFxYPORwBMgcNWNxjb7FtO7KhBLYSv3HuZRR1RIB7PFLo&gaa_ts=699a8a07&gaa_sig=oDOwM05VICMWdl36W5VWLCwgOLE9Wmr62930_-YsmGFwv3B2sj_OQfY4kx9BawPFQ-fmxfCFTsz4ugZ2GRAvAA%3D%3D,1674148020
HD,"For $837 worth of Home Depot merch, man faces murder charge, life in prison","A man has been arrested and charged with first-degree murder and robbery after an 82-year-old Home Depot employee, Gary Rasor, died weeks after being pushed to the concrete floor during a shoplifting incident. The suspect, Terry McAnthony McMillian Jr., stole pressure washers valued at $837 and faces a possible life sentence without parole. Rasor, beloved by customers, suffered severe injuries and his family stated his health deteriorated rapidly after seeing surveillance footage of the assault.",https://www.wral.com/story/man-charged-with-first-degree-murder-weeks-after-death-of-82-year-old-home-depot-employee/20687339/,1674534139
HD,"Lowe's Cos. stock falls Thursday, underperforms market","Lowe's Cos. (LOW) stock fell 2.09% on Thursday, closing at $201.81, despite a positive trading session for the broader market with the S&P 500 and Dow Jones Industrial Average both rising. The stock underperformed competitors like Amazon.com Inc. (AMZN) but fared better than Home Depot Inc. (HD) and Walmart Inc. (WMT), which also saw slight declines. This marked the second consecutive day of losses for Lowe's, with its trading volume exceeding its 50-day average.",https://www.marketwatch.com/story/lowe-s-cos-stock-falls-thursday-underperforms-market-01674770827-60b358d90465?gaa_at=eafs&gaa_n=AWEtsqdTU6v_HIImo0z_uEThgrldlfwgwhL8AWkupfBMgLaXIZfHWsa6_W-3&gaa_ts=699a8a07&gaa_sig=aq7RomjELUk6cU0O0dOTKdnK_jIg9i65h2HAinx5byj_ZoHcJeF7i6IlyLjAQpKtIDfaC8LZ6SHbEpIJLR-4PQ%3D%3D,1674709620
HD,Home Depot Canada found sharing customer personal data with Meta - privacy regulator,"Canada's privacy regulator found that Home Depot's Canadian arm shared customer e-receipt details, including encoded email addresses and purchase information, with Meta Platforms Inc without customer knowledge or consent. The practice occurred through Meta's offline conversions program. Home Depot Canada ceased sharing this data in October 2022, following recommendations from the Office of the Privacy Commissioner of Canada, until it can ensure valid consent.",https://www.reuters.com/business/retail-consumer/home-depot-canada-found-sharing-customer-personal-data-with-meta-privacy-2023-01-26/,1674769380
HD,"Home Depot didn't get customer consent before sharing data with Facebook's owner, privacy watchdog finds","Canada's privacy watchdog found that Home Depot shared customer data from electronic receipts with Meta (Facebook and Instagram) without customer knowledge or consent since 2018. The information, potentially sensitive, was used for targeted advertising and user profiling, not just to gauge ad effectiveness. Home Depot stopped the practice in October 2022 and has agreed to implement recommendations for better consent measures, despite initially citing ""consent fatigue"" as a reason for not notifying customers.",https://www.cbc.ca/news/politics/home-depot-privacy-commissioner-meta-1.6726668,1674793339
HD,Home Depot launches in-house app to prioritize employee tasks,"Home Depot has introduced a new in-house mobile app called ""Sidekick"" to enhance employee productivity and experience. The app utilizes machine learning and computer vision to help associates prioritize tasks and identify out-of-stock items, rolling out to all U.S. stores after being live in 600 locations. This initiative builds on previous technology investments, like the hdPhone, emphasizing efficiency in IT spending.",https://www.retaildive.com/news/home-depot-sidekick-app/641040/,1674793339
HD,Stanley Black & Decker stock rises on Q4 earnings beat,"Stanley Black & Decker (SWK) saw its stock rise after beating Q4 earnings expectations, despite a 5% drop in organic sales for its tools and outdoor segment due to lower consumer demand for DIY products. The company announced a new $1 billion cost-cutting program, which analysts noted as a recurring theme for the efficient company. The market reacted positively to the cost-cutting initiatives, even as sales figures indicated weakness in the housing and DIY markets.",https://finance.yahoo.com/video/stanley-black-decker-stock-rises-150415522.html,1675309805
HD,The Home Depot and Ecolab Launch Ecolab® Scientific Clean,"The Home Depot has partnered with Ecolab, a global leader in hygiene and infection prevention, to launch Ecolab Scientific Clean, a new line of retail cleaning products. This collaboration marks Ecolab's first entry into the retail market, making their professional-grade cleaning solutions available to both Pro and DIY customers at The Home Depot stores and online. The product range includes degreasers, pressure wash concentrates, bathroom cleaners, and floor cleaners, bringing Ecolab's 100 years of expertise directly to consumers.",https://www.prnewswire.com/news-releases/the-home-depot-and-ecolab-launch-ecolab-scientific-clean-301736451.html,1675324800
HD,"Hoka: The Chunky, Ugly Sneaker Craze","Hoka, known for its super-thick soled sneakers, has become the fastest-growing running brand globally, with sales exceeding $1 billion in 2022. The brand's success is attributed to its comfort, functional benefits for runners, and its appeal across various demographics, including celebrities, hikers, and older individuals. Hoka has embraced an anti-fashion, ""ugly shoe"" aesthetic, setting it apart from competitors and contributing to its widespread popularity.",https://www.newsmax.com/finance/streettalk/hoka-running-shoes-sneakers-marathon/2023/02/02/id/1107050/,1675343940
HD,The Home Depot and Ecolab Launch Ecolab® Scientific Clean,"The Home Depot has partnered with Ecolab Inc. to launch ""Ecolab Scientific Clean,"" a new line of cleaning products for retail. This marks the first time Ecolab's commercial-grade solutions are available to both Pro and DIY customers in stores and online at The Home Depot, offering products like degreasers, pressure wash concentrates, bathroom cleaners, and floor cleaners. The collaboration makes Ecolab's 100 years of expertise accessible for residential use.",https://ir.homedepot.com/news-releases/2023/02-02-2023-130349405,1675348248
HD,"State Street Consumer Discretionary Select Sector SPDR ETF (XLY) Stock Price, Holdings, Dividend Yield","This article provides a detailed overview of the Consumer Discretionary Select Sector SPDR Fund (XLY), including its stock price, key statistics, top holdings, and dividend information. It highlights XLY's portfolio value, turnover rate, and its largest positions in companies like Amazon, Tesla, and Home Depot, based on its latest N-PORT filing. The report also includes historical performance data, fundamental charts, and recent trading actions within the ETF's portfolio.",https://www.gurufocus.com/etf/XLY/summary,1675544964
HD,Big players flex their offers at IBS,"Major retailers and distributors like 84 Lumber, Builders FirstSource, Lowe’s, and Floor & Decor showcased their offerings at the 2023 International Builders’ Show (IBS). Companies emphasized services for professional customers, with Lowe's collaborating on a new paint with Sherwin-Williams, 84 Lumber highlighting its expansion, and Builders FirstSource focusing on digital tools like myBLDR.com. Floor & Decor also noted its strong catering to both small and large pro builders.",https://hbsdealer.com/big-players-flex-their-offers-ibs,1675655237
HD,BlackRock Increases Position in Home Depot (HD),"BlackRock has increased its ownership in Home Depot (HD) to 76.26 million shares, representing 7.5% of the company, up from 6.70% previously. The article also notes an average one-year price target of $348.39 for Home Depot, indicating a 5.81% upside, and provides details on institutional holdings, Home Depot's dividend, and its background.",https://www.nasdaq.com/articles/blackrock-increases-position-in-home-depot-hd,1675736040
HD,The Home Depot Foundation Celebrates Black History Month with New Grants for Atlanta-Based Nonprofit Partners,"The Home Depot Foundation is celebrating Black History Month by awarding $185,000 in grants to three Atlanta-based Black-led and Black-benefitting nonprofit organizations. The grants will support student scholarships, memorialize a civic engagement leader, and fund scholarships for Black entrepreneurs, reinforcing the Foundation's commitment to social equity and community development.",https://corporate.homedepot.com/news/foundation-and-community/home-depot-foundation-celebrates-black-history-month-nonprofit-grants,1675740281
HD,4.9 Million Fabuloso Bottles Recalled for Bacteria Risk (Published 2023),"Colgate-Palmolive has recalled approximately 4.9 million bottles of Fabuloso cleaning products due to a bacteria risk. The recall affects products sold between December and January, as an inadequate amount of preservative during manufacturing may have allowed bacteria like Pseudomonas aeruginosa to grow. While generally not harmful to healthy individuals, this bacteria can cause serious infections in those with weakened immune systems or underlying health conditions.",https://www.nytimes.com/2023/02/08/science/fabuloso-recall-bacteria.html,1675825970
HD,What happened to In-N-Out coming to Lubbock? Company responds,"In-N-Out Burger has confirmed it has no immediate plans to expand to Lubbock, Texas, despite past hopes for a location in the city. The company's strategy focuses on slow and controlled growth within existing operating markets. This means Lubbock fans will continue to travel approximately 300 miles to the Dallas-Fort Worth area for the nearest In-N-Out.",https://www.lubbockonline.com/story/business/2023/02/08/in-n-out-burger-is-not-coming-to-lubbock-for-now/69877408007/,1675827094
HD,Don’t use these cleaners: Millions of bottles recalled because of bacteria,"Colgate-Palmolive has recalled almost 5 million bottles of Fabuloso multipurpose cleaner due to concerns about bacterial contamination, specifically Pseudomonas species bacteria. The recall was initiated because a preservative was not added at intended levels during manufacturing, posing a risk of serious infection to individuals with weakened immune systems or underlying health conditions. Consumers are advised to stop using the recalled products immediately and contact Colgate-Palmolive for a refund or replacement.",https://www.pennlive.com/life/2023/02/dont-use-these-cleaners-millions-of-bottles-recalled-because-of-bacteria.html,1675852560
HD,Fabuloso recall: Colgate-Palmolive recalls 4.9M cleaners over bacteria risk,"Colgate-Palmolive has recalled 4.9 million bottles of its Fabuloso Multi-Purpose Cleaner due to a risk of bacteria exposure, specifically Pseudomonas species bacteria. The recall affects certain scents and bottle sizes sold nationwide since December 2022. Consumers are advised to stop using the product and contact Colgate-Palmolive for a refund or replacement.",https://www.fox13seattle.com/news/colgate-palmolive-recalls-4-9m-cleaners-over-bacteria-risk,1675854420
HD,Colgate-Palmolive recalls 4.9 million bottles of Fabuloso,"Colgate-Palmolive has recalled approximately 4.9 million bottles of Fabuloso Multi-Purpose Cleaners due to a risk of exposure to Pseudomonas species bacteria. The recall affects products sold between December 2022 and January 2023 at various retailers, posing a serious infection risk for individuals with weakened immune systems. Consumers are advised to immediately stop using the recalled products, take a picture of the UPC and lot code, and contact Colgate-Palmolive for a full refund or replacement.",https://www.kwtx.com/2023/02/08/colgate-palmolive-recalls-49-million-bottles-fabuloso/,1675859580
HD,4.9 million Fabuloso cleaning products recalled due to bacteria risk,"Colgate-Palmolive Company has recalled approximately 4.9 million units of Fabuloso Multi-Purpose Cleaner products in the U.S. and 56,000 in Canada due to a risk of bacteria contamination, specifically Pseudomonas species bacteria. The recall, impacting products produced between December 14, 2022, and January 23, 2023, is due to inadequate preservative levels during manufacturing. Consumers are advised to stop using the recalled products, which were sold at major retailers, and contact the company for a refund or replacement.",https://abcnews.go.com/GMA/Living/49-million-fabuloso-cleaners-recalled-due-bacteria/story?id=96984199,1675873980
HD,Update from DLCA: Fabuloso Cleaning Liquids Recalled Over Bacteria Threat,"Colgate-Palmolive has issued a voluntary recall for 4.9 million bottles of Fabuloso multi-purpose cleaning liquids due to potential bacterial contamination, specifically Pseudomonas aeruginosa and Pseudomonas fluorescens. The Department of Licensing and Consumer Affairs (DLCA) has instructed all retailers in the U.S. Virgin Islands to remove affected products from shelves. Consumers who purchased recalled items from Home Depot can return them for a refund, and others can submit an online form and dispose of the product for a refund.",https://stthomassource.com/content/2023/02/10/dlca-fabuloso-cleaning-liquids-recalled-over-bacteria-threat/,1675998770
HD,Colgate-Palmolive Recalls Fabuloso Multi-Purpose Cleaners Due to Bacteria Contamination,"Colgate-Palmolive has issued a recall for approximately 4.9 million units of Fabuloso Multi-Purpose Cleaners in the US and 56,000 in Canada due to potential contamination with Pseudomonas species bacteria. While individuals with healthy immune systems are typically unaffected, those with weakened immune systems, external medical devices, or underlying lung conditions face a risk of serious infection. The contaminated products were sold nationwide from December 2022 to January 2023, and consumers can find more information and specific lot codes on the Fabuloso recall website.",https://www.happi.com/breaking-news/colgate-palmolive-recalls-fabuloso-multi-purpose-cleaners-for-bacteria/,1675998770
HD,What to Watch for in Home Depot’s Q4 Earnings,"Home Depot investors should prepare for potential challenges in their Q4 earnings due to economic pressures in the housing market and shifting consumer spending habits. The home improvement retailer saw significant growth in 2020 and 2021, but now faces headwinds from rising interest rates and declining home sales. Analysts predict slow revenue growth and a decrease in net income for the fourth quarter.",https://www.morningstar.com/stocks/what-watch-home-depots-q4-earnings,1676517881
HD,Banking Plank: Lumber Mill Stands Firm,"West Fraser's Riegelwood lumber mill stands out through its operational robustness and commitment to workforce development, despite market fluctuations. General Manager D.J. Russell Jr. and Superintendent Lyle Kindig emphasize the mill's strategic focus on being a low-cost producer and investing in its employees. The Riegelwood facility has seen advancements in technology, transitioning from manual grading to AI-optimized production, while maintaining its core manual labor needs and strong local sourcing.",https://www.wilmingtonbiz.com/more_news/2023/02/17/banking_plank_lumber_mill_stands_firm/24139,1676604462
HD,Home Depot's starting pay rises to $15 an hour,"Home Depot is increasing its starting pay for employees to $15 an hour, part of a $1 billion investment in raises across its U.S. and Canadian stores. This move comes as major retailers boost wages in a competitive job market with low unemployment. Despite the wage increase, Home Depot reported mixed fourth-quarter earnings and a tepid outlook due to inflation and a cooling housing market.",https://www.cbsnews.com/news/home-depot-starting-pay-15-hour/,1676949881
HD,"The Home Depot Announces Fourth Quarter and Fiscal 2022 Results; Plans to Invest Approximately $1 Billion in Annualized Compensation for Frontline, Hourly Associates; Increases Quarterly Dividend by 10 Percent; Provides Fiscal 2023 Guidance","The Home Depot reported its fourth quarter and fiscal 2022 results, with fiscal 2022 sales increasing by 4.1% to $157.4 billion. The company announced plans to invest approximately $1 billion in annualized compensation for its frontline, hourly associates and increased its quarterly dividend by 10% to $2.09 per share. For fiscal 2023, Home Depot expects sales growth and comparable sales growth to be approximately flat.",https://ir.homedepot.com/news-releases/2023/02-21-2023-110144992,1676949881
HD,Home Depot Beats Earnings Expectations. Why the Stock Is Falling.,"Home Depot exceeded fourth-quarter earnings expectations but fell short on revenue and provided a disappointing outlook for fiscal 2023. Despite raising its dividend, the home-improvement retailer's shares are declining due to the weak guidance. The article highlights that a strong fourth quarter was overshadowed by the company's cautious future forecast.",https://www.barrons.com/articles/home-depot-earnings-stock-price-3aee0f51?gaa_at=eafs&gaa_n=AWEtsqdYNJjz7OTIt5JVv-PumX_IWkgc3dGlNIsvz8HtY-iToJWlD46wmaGV&gaa_ts=699a7a7b&gaa_sig=MgfKDHsZWs6UYm_LeYaqre0wJckgW7I16od3weW_kBZNUoXx0jeviScUN7j0s3hujK_JG9h8aazKSKVtGhN7xA%3D%3D,1676949881
HD,Home Depot puts $1B toward higher wages as labor market stays tight,"Home Depot announced a $1 billion investment in annualized compensation for frontline, hourly associates, starting in the first quarter. This move comes as the retailer reported a Q4 net sales increase of 0.3% to $35.8 billion, with flat company-wide comparable sales due to lower lumber prices. While facing a tight labor market and moderating housing sector, CEO Ted Decker expressed confidence in the company's ability to take market share, partly through improved employee and customer experiences stemming from the wage hike and overhauled store management.",https://www.retaildive.com/news/home-depot-1b-higher-wages-labor-market-stays-tight/643147/,1676949881
HD,"Home Depot flags profit hit from slowing demand, rising wages in 2023","Home Depot warned of an expected decline in annual profit for 2023, missing Street expectations, due to slowing demand for home improvement goods and increased labor costs. The company plans to spend an additional $1 billion on annual wages for its hourly workers while facing inflation that is reducing consumer spending on remodeling projects. This outlook caused Home Depot's shares to tumble, reflecting a broader trend of cautious forecasts from major retailers like Walmart amid a challenging economic environment.",https://www.reuters.com/business/retail-consumer/home-depot-shares-slide-weak-sales-annual-profit-forecast-2023-02-21/,1676952420
HD,Target plans to boost next-day delivery service with more sortation centers,Target Corp. is expanding its next-day delivery capabilities through Shipt by building more than half a dozen new sortation centers. These new facilities will add to the nine sortation centers Target currently operates across the U.S. This initiative aims to enhance the speed and efficiency of Target's delivery service for customers.,https://www.bizjournals.com/twincities/news/2023/02/22/target-sortation-center-plans-by-2027.html,1677037880
HD,Walmart and Home Depot are spending heaps of cash on pay raises because they can't afford to lose workers,"Walmart and Home Depot are significantly increasing worker wages to combat high turnover and a tight labor market in retail. Home Depot is investing $1 billion to raise hourly wages to at least $15, while Walmart is raising its minimum wage to $14 per hour. These moves are a strategy to retain and attract employees, as retail workers are quitting at higher rates and job openings remain abundant.",https://www.businessinsider.com/walmart-home-depot-spend-major-cash-on-worker-wages-2023-2,1677060000
HD,"THE HOME DEPOT COUNTS DOWN TO SPRING WITH DAILY DEALS, EXPERT TIPS AND NEW INTERACTIVE WORKSHOPS","The Home Depot has launched its ""Countdown to Spring,"" offering daily deals, a dedicated online hub, and new interactive workshops to help customers with their spring projects. The initiative includes online-only ""Special Buys of the Day,"" a ""Countdown to Spring Hub"" featuring product categories and inspiration, and both virtual interactive workshops for adults and free in-person Kids Workshops. These efforts aim to support customers with everything from gardening to home improvement as the spring season begins.",https://ir.homedepot.com/news-releases/2023/02-23-2023-130150589,1677122681
HD,The dirty truth about your fake wood floors,"The article discusses the hidden dangers of ""luxury"" vinyl plank flooring, which is often made from PVC and is the most common type of flooring in the U.S. It highlights the toxicity of PVC production, its environmental impact during manufacturing and disposal, and potential health risks from additives, despite the material's popularity due to its low cost and appearance. The author suggests that consumers and designers should opt for safer alternatives like linoleum or porcelain.",https://www.linkedin.com/pulse/dirty-truth-your-fake-wood-floors-fast-company?trk=pulse-article,1677381876
HD,Target warns of dull 2023 profit as heavy discounts sap margins,"Target (TGT.N) predicted subdued profit growth for 2023 due to increased discounting efforts aimed at attracting shoppers who are reducing discretionary spending amidst high inflation. Despite beating market expectations for sales and profit in the holiday quarter through these discounts, the strategy is expected to weigh on gross margins in the coming year. The retailer also announced a pause on share buybacks until cash flow improves, while still planning significant investments in store remodels and same-day fulfillment.",https://www.reuters.com/business/retail-consumer/target-fends-off-holiday-gloom-with-discounts-warns-2023-earnings-2023-02-28/,1677557880
HD,XLY Top Holdings List & Exposure (Consumer Discretionary Select Sector SPDR Fund),"This article details the top holdings and exposure breakdown for the Consumer Discretionary Select Sector SPDR Fund (XLY). It lists the top 25 stock holdings by weight, including Amazon.com and Tesla, which together comprise a significant portion of the fund. The report also outlines XLY's major geographic, currency, sector, industry, and sub-industry exposures.",https://www.marketbeat.com/stocks/NYSEARCA/XLY/holdings/,1677585131
HD,Is Time Rounding Over for California Employers? The California Supreme Court Will Weigh In,"The California Supreme Court is set to rule on the legality of neutral time-rounding practices for calculating employee wages in the case of Camp v. Home Depot, USA. This decision could significantly impact California employers who currently use such policies for payroll. Employers are advised to consult legal counsel and prepare for potential changes, as a ruling against time rounding could apply retroactively and necessitate immediate adjustments to timekeeping methods.",https://www.theemployerreport.com/2023/03/is-time-rounding-over-for-california-employers-the-california-supreme-court-will-weigh-in/,1677638052
HD,These 4 retailers will move into the former Wisconsin Rapids Shopko. Here's what they'll offer.,"Four new retailers, Big Lots, Marshalls, Harbor Freight, and Five Below, are set to occupy the former Shopko building in Wisconsin Rapids, with construction beginning in early spring 2023 and openings planned for late 2023 and early 2024. These businesses aim to fill gaps in community needs by offering a variety of goods and services previously unavailable in the area. The developer, Cool Investment LLC, emphasized creating a lasting retail hub and committed to the project before securing all tenants.",https://www.wisconsinrapidstribune.com/story/money/2023/03/01/these-4-retailers-will-move-into-the-former-wisconsin-rapids-shopko/69958868007/,1677671220
HD,California Supreme Court to Address Rounding of Employee Time,"The California Supreme Court has agreed to review the Court of Appeal's decision in *Camp v. Home Depot U.S.A., Inc.*, which departed from prior precedent regarding the rounding of employee time. The case addresses whether employers with precise timekeeping systems must compensate employees for all actual time worked, even if a neutral rounding policy is in place. Employers are advised to exercise caution with rounding policies during this review period, especially if their systems capture exact work times.",https://natlawreview.com/article/california-supreme-court-to-address-rounding-employee-time,1677724452
HD,Home Depot Distribution Center coming to Warren,"Home Depot plans to build a new, state-of-the-art distribution center in Warren, Michigan, at the former GM Warren Transmission Plant property. This project, supported by a $480,000 Michigan Business Development Program grant, is expected to create 80 jobs and generate $6.1 million in capital investment. It is part of a larger redevelopment aimed at bringing economic growth and jobs to the area.",https://www.candgnews.com/news/home-depot-distribution-center-coming-to-warren-1799,1677810852
HD,Home Depot takes Kids Workshops to the metaverse on Roblox,"Home Depot has launched a Virtual Kids Workshop experience within Roblox's Redcliff City, mirroring its popular in-person workshops. This initiative aims to engage young gamers, introduce them to the brand, and drive traffic to physical stores through unique codes for virtual items distributed during real-life workshops. This move expands Home Depot's digital presence, following other brands leveraging Roblox to reach Gen Alpha and Gen Z consumers, and comes as the retailer seeks new ways to engage customers amidst flat consumer spending forecasts.",https://www.marketingdive.com/news/home-depot-roblox-kids-workshop-generation-alpha/644068/,1677810852
HD,The Home Depot built a store in Roblox and is hosting virtual Kids Workshops there,"The Home Depot has created a virtual store within the Roblox platform. In this virtual space, the company is hosting its popular Kids Workshops, bringing its community activities to a digital audience. This initiative allows The Home Depot to engage with younger consumers in an interactive online environment.",https://adage.com/creativity/work/home-depot-built-store-roblox-and-hosting-virtual-kids-workshops-there/2477786/,1678084260
HD,Home Depot is hiring more than 150 people across Indianapolis,"Home Depot is looking to hire more than 150 full-time and part-time employees across its Indianapolis locations. The company offers various benefits, including tuition reimbursement, performance-based cash bonuses, paid family leave, and a 401(k) savings plan. Applicants may receive a job offer within one day of applying, either in-person or online.",https://www.wrtv.com/news/hiring-hoosiers/home-depot-is-hiring-more-than-150-people-across-indianapolis,1678329252
HD,Supplier Profile: Exclusive Home Depot Partner RYOBI on Leading the Cordless Power Lawn and Garden Industry to a More Sustainable Future,"RYOBI, an exclusive partner of The Home Depot, has been a leader in the cordless power lawn and garden industry for nearly 30 years, focusing on sustainable practices. The company's Innovation Center in South Carolina produces over 430,000 units of battery-powered outdoor power equipment annually, aiming to reduce carbon footprint, lower noise pollution, and eliminate gas-powered equipment. RYOBI is expanding its facility in South Carolina to produce the majority of its walk-behind mowers there, demonstrating its commitment to innovation and sustainability.",https://corporate.homedepot.com/news/supplier/ryobi-supplier-feature,1678934052
HD,Inside the never-ending softwood lumber trade war between Canada and the U.S.,"The article details the ongoing softwood lumber trade war between Canada and the U.S., which dates back to the 1980s. It highlights how Canadian lumber companies have strategically established significant sawmill capacity within the U.S. to bypass tariffs and access faster-growing timber supplies, especially in the U.S. South. The dispute stems from differing views on public versus private forest ownership and stumpage fees, with Canadian producers having paid over $8-billion in duties since 2017 despite international rulings often favoring Canada.",https://www.theglobeandmail.com/business/article-softwood-lumber-trade-us-canada/,1679108515
HD,The U.S. Duopoly of Home Improvement: The Home Depot vs Lowe’s,"This article analyzes the duopoly of the U.S. home improvement market, comparing the two dominant players: The Home Depot and Lowe's. It details their business models, market share, financial performance, and strategies, highlighting Home Depot's larger market share and focus on professional customers versus Lowe's' reliance on DIY customers. The comparison also touches on their ability to manage inflation, operational efficiency, and vulnerability to economic downturns.",https://fifthperson.com/home-depot-lowes/,1679970852
HD,The 7 Best Plumbing Supply Stocks To Buy Now,"This article identifies the seven best plumbing supply stocks to consider for investment, highlighting companies like Ferguson PLC, The Home Depot Inc, and W.W. Grainger. It details each company's market position, financial performance, and dividend information, while also discussing why plumbing supply stocks are generally considered a good and stable investment due to constant demand, aging infrastructure, and new construction.",https://www.thestockdork.com/plumbing-supply-stocks/,1680014158
HD,"W.W. Grainger Inc. stock rises Tuesday, outperforms market","W.W. Grainger Inc. (GWW) stock rose 0.62% to $675.84 on Tuesday, outperforming the broader market which saw the S&P 500 and Dow Jones Industrial Average decline. This marked the second consecutive day of gains for the stock, placing it $33.37 short of its 52-week high. The company also outperformed competitors like Amazon.com Inc., Home Depot Inc., and Lowe's Cos.",https://www.marketwatch.com/data-news/w-w-grainger-inc-stock-rises-tuesday-outperforms-market-49854ef2-db9892332d43?gaa_at=eafs&gaa_n=AWEtsqeBeRpZjFWBchJaj4LWSJYNSKo2IwusQwd861Dg1NRWwpTNgq-mv1C7&gaa_ts=699a6e8c&gaa_sig=4Nq2OKgeVx31tvEFdrNf-1O9EyATNBomkR5AQBCo_oKQ0cRuPWUrIf-1HsywqLM_ptx6_hC1H-PwqqMwJoy92g%3D%3D,1680022680
HD,City Known for Agriculture Gets Long-Awaited First Sprouts Farmers Market,"Stockton, California, a major agricultural hub, has finally welcomed its first Sprouts Farmers Market, located in the Sherwood Place mall. This 26,800-square-foot lease earned a 2023 CoStar Impact Award for its role in revitalizing the long-struggling mall. Brixton Capital's redevelopment plans for the property included Sprouts as a prominent tenant, aiming to better serve the community's grocery needs.",https://www.costar.com/article/1223286306/city-known-for-agriculture-gets-long-awaited-first-sprouts-farmers-market,1680231243
HD,Fabuloso recall 2023: Full list of products that have been recalled,"Colgate-Palmolive issued a voluntary recall in February 2023 for millions of bottles of Fabuloso multi-purpose cleaners in the US and Canada due to potential bacterial contamination. The recall affects specific scents and sizes of products manufactured between December 14, 2022, and January 23, 2023, which may contain Pseudomonas bacteria due to insufficient preservative levels. Customers are advised to stop using and dispose of recalled products and can claim a refund, though no infections have been reported to date.",https://www.goodto.com/family/family-news/fabuloso-recall,1681176592
HD,The Home Depot Announces Grants for 36 HBCUs at 2023 Retool Your School Awards Celebration,"The Home Depot awarded over $2 million in grants to 36 Historically Black Colleges and Universities (HBCUs) through its 2023 Retool Your School program. This year, the program expanded to include needs-based grants for initiatives like Innovation Lounge renovations and scholarships, in addition to the campus improvement grants. The program has invested over $9.25 million in HBCUs since its inception in 2009.",https://ir.homedepot.com/news-releases/2023/04-12-2023-130236294,1681263727
HD,Nordstrom Rack coming to Jacksonville Beach,"Nordstrom Inc. announced it will open a new 30,000-square-foot Nordstrom Rack store in Jacksonville Beach in spring 2024. The store will be located in the South Beach Regional shopping center, taking over the former Stein Mart space. This addition will mark Nordstrom's 18th Nordstrom Rack store in Florida, alongside six full-line stores.",https://www.jaxdailyrecord.com/news/2023/apr/13/nordstrom-rack-coming-to-jacksonville-beach/,1681351208
HD,Fastenal Sales Up 9% in First Three Months of 2023,"Fastenal reported a 9% increase in sales to $1.86 billion in the first three months of 2023, exceeding Wall Street projections. The company's gross profit, operating income, and net earnings also saw significant increases. Fastenal attributed its strong performance to broad pricing actions, robust demand in industrial capital goods, and the expansion of its ""Digital Footprint"" operations.",https://www.inddist.com/earnings/news/22820591/fastenal-sales-up-9-in-first-three-months-of-2023,1681396557
HD,How an American Logging Giant Bills Itself as a Climate Hero,"Weyerhaeuser, one of the world's largest timber companies, is promoting its logging activities as sustainable and a solution to climate change, despite plans to increase lumber production. The company is investing in carbon offsets from its vast forest holdings, claiming that replanting trees and using wood for products stores carbon. However, critics argue that the math is ""fuzzy,"" as regrowing forests take decades to reach full sequestration strength and logging can lead to continued carbon emissions.",https://gizmodo.com/weyerhaeuser-logging-carbon-offsets-forests-1850349057,1681783889
HD,"Pleasanton Home Depot employee Blake Mohs identified as victim shot, killed during shoplifting confrontation","Blake Mohs, a 26-year-old Home Depot loss prevention employee, was shot and killed while confronting a shoplifting suspect in Pleasanton, California. He was engaged to be married in the summer. Two suspects have been arrested and face charges including murder and child endangerment.",https://abc7news.com/post/pleasanton-shooting-home-depot-blake-mohs-police-update/13154796/,1681868527
HD,Home Depot dog bite case should have been comp exclusive: State high court,"The Pennsylvania Supreme Court has ruled that a Home Depot dog bite case, where an employee was injured by a customer's dog, should fall under the exclusive jurisdiction of workers' compensation. This decision reverses lower court rulings that allowed the employee to pursue a negligence lawsuit against Home Depot, asserting that the workers' compensation law provides immunity to employers in such third-party actions. The court found that the case did not meet the criteria for exceptions to the workers' compensation exclusivity rule.",https://www.businessinsurance.com/home-depot-dog-bite-case-should-have-been-comp-exclusive-state-high-court-ok/,1681954927
HD,Stanley Black & Decker recalls about 2.2 million sledgehammers due to injury risk,"Stanley Black & Decker has issued a recall for approximately 2.2 million DeWALT, Stanley FATMAX, and Craftsman Fiberglass Sledgehammers due to a risk of the hammer heads detaching unexpectedly. This defect has led to 192 reported incidents, including two resulting in face and head injuries. Consumers are advised to stop using the recalled sledgehammers and contact Stanley Black & Decker for a refund.",https://abc30.com/post/stanley-black--decker-sledgehammer-recall-product/13162031/,1681956327
HD,Home Depot to open new location in Katy’s Cane Island,"The bustling Cane Island area of Katy, Texas, is set to welcome a new Home Depot store. The Katy City Council approved an economic development agreement with Home Depot USA Inc. for the new location. This development follows the city's annexation of a 24-acre plot of land to facilitate the project, which Mayor Dusty Thiele highlighted as an example of smart economic development for Katy.",https://www.houstonchronicle.com/neighborhood/katy/article/new-katy-home-depot-opening-cane-island-houston-17911377.php,1682041327
HD,Bed Bath & Beyond Files for Bankruptcy With Plan to Shut Stores,"Bed Bath & Beyond Inc. has filed for Chapter 11 bankruptcy in New Jersey, planning to liquidate its 360 Bed Bath & Beyond stores and 120 Buy Buy Baby shops. The company is actively seeking a buyer for its assets, with the possibility of halting store closures if a successful sale occurs. This move puts thousands of jobs at risk as the retailer struggled to adapt to evolving consumer behaviors.",https://www.bloomberg.com/news/articles/2023-04-23/retailer-bed-bath-beyond-files-for-chapter-11-in-new-jersey,1682242140
HD,"After Dog Bite at Work, Exclusivity Leashes Home Depot Employees Tort Claims","The Pennsylvania Supreme Court ruled that a Home Depot employee bitten by a customer's dog at work could not sue the company beyond workers' compensation benefits due to the state's exclusivity provision. The court found that the injury was inextricably linked to the workplace incident, even though the employee argued Home Depot's negligence prevented a third-party suit against the dog owner. This decision upholds the principle that workers' compensation is generally the sole remedy for workplace injuries in Pennsylvania.",https://www.workerscompensation.com/daily-headlines/after-dog-bite-at-work-exclusivity-leashes-home-depot-employees-tort-claims/,1682294400
HD,Long Island retail center anchored by ShopRite and Home Depot sold,"JLL Capital Markets facilitated the sale of Riverhead Centre in Riverhead, New York. This retail center is prominently anchored by major tenants ShopRite and Home Depot. The transaction highlights investment activity in the retail real estate sector.",https://www.jll.com/en-us/newsroom/long-island-retail-center-sold,1682300768
HD,"Tractor Supply Is the Home Improvement Stock to Buy Now, Analyst Says","An analyst suggests buying Tractor Supply stock, arguing it's a better home improvement play than Home Depot or Lowe's, despite a tough year for the sector. While first-quarter earnings for home improvement retailers might not be strong, the outlook for later in the year could improve.",https://www.barrons.com/articles/home-depot-lowes-tractor-supply-stock-1ddb25b9?gaa_at=eafs&gaa_n=AWEtsqdERxPig22od41Ssu_MzSptk8u9xD_U0ZpEzZqfZ9yZ74q8NsC7Owkq&gaa_ts=699a5c1d&gaa_sig=oDO7NXCmMP4IeLNW4kICvgTysLwmAHxkENfryqjUiM8W-yzjhal1sy7nGx6PHfyMKbaCr5RBgHDJJwoO2hgzLg%3D%3D,1683249308
HD,The Home Depot Announces First Quarter Fiscal 2023 Results; Updates Fiscal 2023 Guidance,"The Home Depot reported first-quarter fiscal 2023 sales of $37.3 billion, a 4.2% decrease from the prior year, with comparable sales declining 4.5%. Net earnings were $3.9 billion, or $3.82 per diluted share. The company updated its fiscal 2023 guidance, expecting sales and comparable sales to decline between 2% and 5%, citing lumber deflation, unfavorable weather, and softening demand.",https://ir.homedepot.com/news-releases/2023/05-16-2023-110108461,1684198260
HD,Home Depot Earnings Take a Hit as Company Sticks with ‘Woke’,"The National Legal and Policy Center (NLPC) presented a proposal at Home Depot's annual shareholder meeting to require an independent board chair, coinciding with a 4.2% drop in the company's Q1 revenue. NLPC attributes Home Depot's lagging performance compared to Lowe's and recent financial hits to its continued emphasis on ESG priorities. The organization warns that ""woke agenda politics"" could negatively impact Home Depot's business, citing examples like Disney and Anheuser-Busch.",https://nlpc.org/featured-news/home-depot-earnings-take-a-hit-as-company-sticks-with-woke/,1684371060
HD,The Home Depot Partners with Army & Air Force Exchange Service to Offer Tax-Free Major Appliances,"The Home Depot is partnering with the Army & Air Force Exchange Service (Exchange) to provide tax-free major appliances to eligible military shoppers. This program allows active-duty service members, their dependents, retirees, DoD civilians, and honorably discharged veterans to purchase appliances online through ShopMyExchange.com and in up to 60 planned Home Depot appliance showrooms at various military bases. The initiative reflects The Home Depot's commitment to supporting military families, with 100% of Exchange earnings benefiting military communities.",https://www.prnewswire.com/news-releases/the-home-depot-partners-with-army--air-force-exchange-service-to-offer-tax-free-major-appliances-301827770.html,1684396800
HD,"Lowe's stock bounces back, as U.S. same-store sales beat rival Home Depot for first time in more than 2 years","Lowe's Companies Inc. saw its stock reverse to a gain after reporting fiscal first-quarter profit that exceeded expectations. Despite same-store sales missing forecasts, they surpassed those of rival Home Depot Inc. for the first time in over two years. Although Lowe's lowered its full-year guidance for earnings and revenue, the revised outlook still aligned with Wall Street's projections.",https://www.marketwatch.com/story/lowes-stock-falls-after-earnings-beat-expectations-but-full-year-guidance-was-cut-amid-soft-demand-for-discretionary-items-8053c6e8?gaa_at=eafs&gaa_n=AWEtsqcNZIsqNdR-0SaqQSWoneWxZ6lUHTjcml7bjrPi2BTmC0kBauAUCvin&gaa_ts=699a5677&gaa_sig=Qh8h4Ou730MN-M1Tqs-oFltSaDWxUkX1wjk9fH3kcxr9B4GQQZrNnLQcnVpK2T4XuJeBG5k6HDz638hf3ppOqA%3D%3D,1684822500
HD,Costco earnings miss estimates as shoppers curb discretionary spending,"Costco Wholesale Corp (COST) missed quarterly earnings estimates as consumers reduced non-essential spending due to inflation and economic uncertainties. The retailer experienced a drop in demand for high-margin products like home furnishings and electronics, despite a rise in membership revenue. This trend also impacted other major retailers such as Target and Home Depot.",https://ca.finance.yahoo.com/news/costco-misses-revenue-estimates-shoppers-202203460.html,1684972800
HD,Costco earnings miss estimates as shoppers curb discretionary spending,"Costco Wholesale Corp missed quarterly earnings estimates as shoppers reduced discretionary spending due to high inflation and economic uncertainty. The warehouse retailer, like others, saw a decline in demand for high-margin non-essential items, leading to lower-than-expected profits and revenue. Despite this, membership revenue, which accounts for most of Costco's gross margin, increased.",https://www.reuters.com/business/retail-consumer/costco-misses-revenue-estimates-shoppers-curb-non-essential-spending-2023-05-25/,1685007360
HD,The Home Depot to Host 2023 Investor and Analyst Conference on June 13,"The Home Depot announced it will host its 2023 Investor and Analyst Conference on Tuesday, June 13, at 9 a.m. ET. A webcast of the event will be available on the company's investor relations website, with a replay accessible approximately two hours after the event concludes. The company also provided details on its store count and market performance.",https://ir.homedepot.com/news-releases/2023/05-30-2023-130237943,1685407860
HD,"Gary Rasor | Son of Hillsborough Home Depot worker killed wants crackdown on theft, he tells 'Nightline'","The son of Gary Rasor, a Home Depot employee who died after confronting a shoplifter, is calling for a crackdown on organized retail crime. Rasor, 83, was fatally injured while trying to stop someone stealing pressure washers. His son, Jeff Rasor, told ""Nightline"" that there need to be severe consequences for such crimes, emphasizing that no merchandise is worth a human life.",https://abc11.com/post/home-depot-worker-killed-gary-rasor-jeff-organized-retail-theft/13330726/,1685577606
HD,Home Depot Files Opening Brief in California Supreme Court Case Set to Determine Validity of Time Clock Rounding,"Home Depot has filed its opening brief in a California Supreme Court case challenging a Sixth District Court of Appeal ruling that found the company's total time rounding for non-exempt employees unlawful. The appellate court's decision in Camp v. Home Depot U.S.A., Inc. ignored prior precedent, asserting that employers must pay for all exact time worked if they can capture it. Critical to the appeal, the California Employment Law Council and the Employers Group have enlisted Sheppard Mullin to draft an amicus brief arguing for the continued validity of time rounding practices for employers in California.",https://natlawreview.com/article/home-depot-files-opening-brief-california-supreme-court-case-set-to-determine,1686009605
HD,"The Home Depot now sells surprisingly stylish build-it-yourself tiny homes – for under $50,000","The Home Depot is now selling surprisingly stylish build-it-yourself tiny homes for under $50,000. These pre-fabricated, one-bedroom homes range from $4,000 to $40,000 and can serve as an addition or a primary residence, offering a compact and accessible housing solution. While the initial price is attractive, buyers need to factor in additional costs for essential features like doors, windows, and electrical/plumbing systems.",https://www.homesandgardens.com/news/the-home-depot-tiny-homes,1686268805
HD,The Home Depot Provides Update on Strategic Objectives; Reaffirms Fiscal 2023 Guidance; Establishes Market Stability Outlook,"The Home Depot held its 2023 Investor and Analyst Conference to discuss strategic objectives, reaffirming its fiscal 2023 guidance, which projects a sales and comparable sales decline of 2% to 5%. The company also established a ""Market Stability Base Case"" outlook, anticipating low-single-digit overall market growth and 3% to 4% annual sales growth once the home improvement market stabilizes. CEO Ted Decker highlighted the company's strong competitive advantages and significant growth opportunities within the fragmented home improvement market.",https://ir.homedepot.com/news-releases/2023/06-13-2023-110013613,1686614405
HD,Big Changes Inside New York Home Depot Stores,"Home Depot stores in New York, including the Wappingers Falls location, are increasingly locking up various items like power tools and copper wire. This change is a response to high rates of shoplifting, making it necessary for customers to request employee assistance to handle or purchase these products. The new policy aims to deter theft, but it also means that shopping at Home Depot now takes longer for items that are under lock and key.",https://hudsonvalleycountry.com/changes-at-new-york-home-depot-stores/,1687132805
HD,Glen Carbon panel approves Dick's Sporting Goods concept plan,"A Glen Carbon building and development committee approved the concept plan for Dick's Sporting Goods at the Orchard Town Center (OTC). This marks the first step toward bringing the store to Glen Carbon, with the company slated to occupy over 6.5 acres of the development. The approval also provided updates on the two-phase development, traffic improvements, remaining outlots, and plans for a greenspace with a stage and amphitheater.",https://www.theintelligencer.com/news/article/glen-carbon-panel-approves-dick-s-sporting-goods-18174997.php,1687996350
HD,P&G’s Vanished Forest Degradation Commitment,"Procter & Gamble (P&G) has removed its commitment to prohibit forest degradation from its latest forest sourcing policy, despite previous investor pressure. This move suggests a backtracking on responsible sourcing claims, leaving P&G as a continued driver of degradation in Canada's boreal forests, which has significant climate and biodiversity impacts. The NRDC highlights that P&G's previous claims were misleading and calls for a genuine commitment to eliminate forest degradation.",https://www.nrdc.org/bio/shelley-vinyard/pgs-vanished-forest-degradation-commitment,1688052306
HD,"First Trust Exchange-Traded Fund III - First Trust Morningstar Dividend Leaders Index Fund (FDL) News, Articles, Events & Latest Updates","This article provides recent news and updates for the First Trust Morningstar Dividend Leaders Index Fund (FDL). It highlights several financial articles discussing FDL and other dividend ETFs outperforming the S&P 500, offering current income, and gaining investor interest amid market volatility and sector rotations. The feed includes news from Zacks and Stocktwits discussing various dividend-focused investment strategies and company-specific financial reports impacting dividend stocks.",https://stocktwits.com/symbol/FDL/news,1688410365
HD,The Home Depot launches $500M cost-savings plan,"The Home Depot is implementing a $500 million cost-savings plan expected to be completed in fiscal year 2024. This initiative involves reducing excess supply chain holding capacity that was expanded due to increased demand during 2020 and 2021. The company is also optimizing its downstream supply chain through forecasting, labor management, and technology, while continuing to leverage past investments in supply chain infrastructure.",https://www.retaildive.com/news/home-depot-launches-500m-cost-savings-plan-supply-chain/654464/,1688598787
HD,Home Depot adds automatic fee and customers need to watch out where they shopped,"Home Depot has introduced a 15% restocking fee on returned or canceled special orders, a policy that can lead to substantial charges due to the often high cost of these customized items. This policy differs from their standard no-fee return for most purchases. Other retailers like Levi's, Urban Outfitters, and Kohl's also have return fees, with some offering ways to avoid them such as in-store returns or membership programs.",https://www.the-sun.com/money/8547590/home-depot-automatic-surcharge-customers-watch-out/,1688723940
HD,Home Depot Wages Settlement,"Home Depot employees are seeking preliminary approval for a $72.5 million settlement in a California wage and hour class-action lawsuit. The lawsuit, brought under California's Private Attorneys General Act, alleges that Home Depot failed to pay employees for off-the-clock work, including time spent locked in stores after shifts, and for tasks like putting on aprons, impacting over 272,000 workers since March 2012. The settlement aims to resolve these allegations, with Home Depot denying wrongdoing but settling to avoid the costs of litigation.",https://www.lawyersandsettlements.com/legal-news/california_labor_law/home-depot-wages-settlement-23749.html,1688736600
HD,Riot leverages Texas power strategy to fund operations as BTC balance increases,"Riot Platforms reported producing 460 Bitcoin in June 2023, a 40% decrease from May, but successfully leveraged its power strategy in Texas to generate $10 million in revenue, equivalent to an additional 361 BTC. This strategy, which involves participating in ERCOT's ancillary services and the Four Coincident Peak program, allowed Riot to avoid solely relying on Bitcoin sales for funding operations during a heatwave. The company also announced plans to significantly boost its hash rate with an order for 33,280 new MicroBT miners.",https://cryptoslate.com/riot-leverages-texas-power-strategy-to-fund-operations-as-btc-balance-increases/,1688772581
HD,Rabina completes $13.5M refinance of Home Depot warehouse in Auburn,"New York real estate investment company Rabina has secured a $13.5 million refinancing for its 210,000-square-foot distribution center in Auburn, Massachusetts. The property at 26 Millbury St. is fully leased by an affiliate of The Home Depot. The refinancing, arranged by Kelleher & Sadowsky Associates with Rockland Trust, was sought due to existing debt maturity and current interest rate volatility.",https://wbjournal.com/article/rabina-completes-135m-refinance-of-home-depot-warehouse-in-auburn/,1689635587
HD,Top Women: Meet the Class of 2023,"HBSDealer has announced the ""Class of 2023"" for its annual Top Women in Hardware & Building Supply event, recognizing leaders and rising stars in the industry. The honorees, selected from a record number of nominations, will be celebrated at a live event in Chicago on November 15-16. The initiative aims to promote the role of women and amplify their contributions to the hardware and building supply sector.",https://hbsdealer.com/top-women-meet-class-2023,1690325841
HD,Beating the benchmark? How AI-driven ETFs stack up,"The article discusses the performance of AI-driven ETFs and whether they offer an information advantage in stock selection compared to traditional benchmarks. It highlights examples like the QRAFT AI-Enhanced U.S. Large Cap Momentum ETF (AMOM) and the AI Powered Equity ETF (AIEQ), noting AMOM's outperformance against a momentum benchmark while AIEQ trails the S&P 500. The piece also explores the potential benefits of AI in portfolio management, such as a lack of emotion and more frequent rebalancing.",https://www.cnbc.com/2023/08/02/beating-the-benchmark-how-ai-driven-etfs-stack-up.html,1690975020
HD,"Ahead of Earnings, Is Home Depot Stock a Buy, a Sell, or Fairly Valued?","Ahead of its second-quarter earnings report on August 15, Morningstar assesses Home Depot (HD) stock as overvalued with a 2-star rating and a fair value estimate of $259. The analysis highlights concerns about slowing top-line momentum and discretionary spending, while also noting the company's wide economic moat due to its brand intangible asset and cost advantage. Investors are advised to watch for trends in consumer spending, pro backlog, and potential trade-downs in upcoming earnings.",https://www.morningstar.com/stocks/ahead-earnings-is-home-depot-stock-buy-sell-or-fairly-valued-2,1691533527
HD,$72.5M Settlement in California Home Depot Wage & Hour Class Action,"Home Depot has agreed to a $72.5 million settlement in a California wage and hour class action lawsuit. The lawsuit, filed by Utne in 2016, alleged the company violated labor laws by underpaying over 272,000 employees. The settlement aims to resolve claims ranging from unpaid ""off the clock"" work for closing shifts and shift preparation to lost pay due to the company's rounding policy for hours worked.",https://www.bamlawca.com/california-labor-laws/725m-settlement-in-california-home-depot-wage-amp-hour-class-action,1691792726
HD,"Markets News, Aug. 15, 2023: Dow Drops More Than 350 Points on U.S. Banking Concerns, Weakening Chinese Economy","U.S. stocks, including the Dow, S&P 500, and Nasdaq, fell due to concerns over the creditworthiness of U.S. banks, a potential downgrade by Fitch Ratings, and a weakening Chinese economy. The Chinese central bank cut a key interest rate, while the U.K. saw record wage growth. Individual stock movers included Amgen and Home Depot rising, while JPMorgan Chase, American Express, Goldman Sachs, Dow Inc., Caterpillar, 3M, Chevron, and Walt Disney Co. declined.",https://www.investopedia.com/dow-jones-today-08152023-7643476,1692116700
HD,O’Reilly Auto Parts opens new store in Caguas,"O’Reilly Auto Parts has opened its third store in Puerto Rico, located in Caguas, expanding its presence which includes two other stores and a distribution center. The new 15,000-square-foot store at Las Catalinas Mall will offer sale prices from August 16-29, with a grand opening celebration on August 19. This expansion represents a significant investment by the company in Puerto Rico, creating jobs and ensuring quick parts delivery from its Bayamón distribution center.",https://newsismybusiness.com/oreilly-auto-parts-opens-new-store-in-caguas/,1692139037
HD,A Class Action Lawsuit Against Amazon & Wayfair Was Approved In Quebec & You Could Be Owed Money,"A class action lawsuit against Amazon, Wayfair, and Home Depot has been approved in Quebec, potentially entitling consumers who purchased extended warranties between 2019 and 2023 to compensation. The lawsuit alleges that these companies violated Quebec's Consumer Protection Act by not adequately informing customers about existing warranties. While Home Depot has already reached a settlement, Amazon and Wayfair's cases are still pending, with affected customers in Quebec eligible for reimbursement and punitive damages.",https://www.mtlblog.com/a-class-action-lawsuit-against-amazon-wayfair-was-approved-in-quebec-you-could-be-owed-money,1692266580
HD,Walmart and Target executives speak out on retail crime,"Executives from Walmart and Target are raising concerns about the persistent issue of retail crime and organized retail theft, which continues to impact company profits and employee safety. Both CEOs, Doug McMillon of Walmart and Brian Cornell of Target, highlighted the financial strain (""shrink"") caused by these thefts, with Target expecting a half-billion-dollar hit to profits. They emphasized the need for action, particularly at the local jurisdictional level, to combat this growing problem.",https://www.foxbusiness.com/lifestyle/walmart-target-executives-speak-out-retail-crine,1692290280
HD,Introducing Limitless: GLIDDEN Paint by PPG’s ‘Anything but Yellow’ 2024 Color of the Year,"PPG's Glidden paint brand has announced ""Limitless"" (PPG1091-3) as its 2024 Color of the Year. This warm honey beige hue is described as a versatile neutral, suitable for various design styles and applications in both residential and commercial spaces. Glidden color experts state that this modern neutral signals the end of cool grays, embracing a new era of warmer tones.",https://www.businesswire.com/news/home/20230822207280/en/Introducing-Limitless-GLIDDEN-Paint-by-PPGs-Anything-but-Yellow-2024-Color-of-the-Year,1692717949
HD,Advance Auto Names New CEO Shane O’Kelly,"Advance Auto Parts Inc. has appointed Shane O’Kelly, formerly of Home Depot Inc.’s HD Supply unit, as its new CEO, effective September 11, following a quarter where profits missed estimates and the company lowered its outlook. The company also initiated a strategic review of its business as it grapples with inflation and a significant drop in its stock value this year. O’Kelly replaces Tom Greco, who will remain as an adviser for an unspecified period.",https://www.ttnews.com/articles/advance-auto-ceo-okelly,1692783420
HD,Advance Auto Parts Announces Executive Leadership Changes,"Advance Auto Parts has announced key executive leadership changes, appointing Shane O’Kelly as the new president and CEO, effective September 11, 2023. O’Kelly, former CEO of HD Supply and PetroChoice, succeeds Tom Greco, who is retiring. Additionally, Tony Iskander has been named interim chief financial officer following Jeff Shepherd's departure, with a search initiated for a permanent CFO.",https://www.aftermarketnews.com/advance-auto-parts-announces-executive-leadership-changes/,1692828345
HD,Boise Cascade agrees to purchase door and millwork company,"Boise Cascade has announced its agreement to acquire Brockway-Smith Co. (BROSCO), a wholesale distributor specializing in doors and millwork, for $172 million. This acquisition will expand Boise Cascade's millwork business with BROSCO's two distribution centers and extensive product offerings. The transaction is expected to finalize in early Q4 2023, pending customary closing conditions and antitrust approval.",https://www.woodworkingnetwork.com/news/woodworking-industry-news/boise-cascade-agrees-purchase-door-and-millwork-company,1692867540
HD,Advance Auto Parts falls out of the S&P 500 and names new CEO,"Advance Auto Parts is undergoing significant leadership changes and an operational review following a sharp drop in its stock price and removal from the S&P 500. Shane O'Kelly will replace Tom Greco as CEO, and CFO Jeffrey Shepherd is also departing. The company, facing supply shortages and wage inflation, aims for profitable growth within a year, while analysts note competitors have not experienced similar issues.",https://www.axios.com/local/raleigh/2023/08/24/advance-auto-parts-names-new-ceo-amid-struggles,1692914745
HD,Home Depot SWOT Analysis (2026),"This article provides a comprehensive SWOT analysis of Home Depot, examining its strengths such as helpful staff, online shopping, and strong brand, alongside weaknesses like inadequate store layout and high prices. It also explores opportunities in the home renovation market and smart technology, and threats including intense competition and economic fluctuations. The analysis concludes that strategic planning and customer-centric approaches are crucial for Home Depot to maintain its market leadership.",https://businessmodelanalyst.com/home-depot-swot-analysis/,1693002327
HD,"Dollar Tree Threatens to ""Discontinue"" Products Over Theft Concerns","Dollar Tree is considering drastic measures, including discontinuing products, to combat rising retail theft that has impacted its recent profits. The company's CFO attributed a decline in financial results to ""unfavorable shrink trends"" and other factors. CEO Rick Dreiling announced new anti-theft strategies, potentially leading to fewer items on shelves or products being removed from inventory entirely.",https://bestlifeonline.com/dollar-tree-discontinue-products-retail-theft-news/,1693267200
HD,"Shoppers Are Abandoning Dick’s Sporting Goods, Data Shows—Here’s Why","Dick's Sporting Goods recently reported a 23 percent drop in profits and failed to meet Wall Street expectations for its second fiscal quarter, despite an overall increase in sales driven by the back-to-school season. Factors contributing to this decline include macroeconomic uncertainties such as the upcoming student loan payment resumptions, a decrease in outdoor gear sales, and a significant impact from ""shrink"" (theft, damage, and cashier error). The company has reduced its global workforce by less than 1 percent, primarily in customer support, and expects flat to 2 percent sales growth for 2023.",https://bestlifeonline.com/dicks-sporting-goods-profits-news/,1693603681
HD,"The Top Fifty, revisited","This article revisits the HBSDealer Top 150 Industry Leaderboard, focusing on observations beyond just sales figures for the top fifty companies. It highlights key strategic moves, financial performances, and leadership changes for major players like Home Depot, Lowe's, and Builders FirstSource, as well as significant developments for companies ranging from 11th to 50th on the list.",https://hbsdealer.com/top-fifty-revisited,1693958400
HD,The Home Depot Introduces Decor Days to Offer Big Style Savings for Holiday Prep,"The Home Depot is launching its first-ever ""Decor Days"" event from October 5-9, 2023, offering significant savings on home decor, furniture, and other related products. This event aims to help customers prepare their homes for the holiday season with stylish updates and DIY projects at competitive prices. Exclusive discounts of up to 60% will be available on national and proprietary brands through HomeDepot.com/decor.",https://corporate.homedepot.com/news/products/home-depot-introduces-decor-days-offer-big-style-savings-holiday-prep,1694036196
HD,"Residential demand for lawn equipment plummets, leading to rare Toro quarterly loss","Toro experienced a rare quarterly loss due to plummeting residential and professional lawn equipment demand, attributed to dry weather, economic uncertainty, and pandemic-era purchases. To address this, the company announced a new retail partnership with Lowe's for next spring. Despite stronger performance in other business segments, Toro's stock dropped, and the company reduced its sales and earnings guidance for the remainder of the year.",https://www.startribune.com/residential-demand-for-lawn-equipment-plummets-leading-to-rare-toro-quarterly-loss-lowes-partnership/600302711,1694124071
HD,Homesense building-out at Riverplace Shopping Center,"Homesense, an off-price home decor retailer owned by TJX Companies, is building out its new store at Riverplace Shopping Center in Mandarin, Jacksonville. The city issued a permit for the $2.14 million remodel of the former Stein Mart store. Homesense is actively hiring for various positions at the new 36,076-square-foot location, which will offer a wide array of home goods at discounted prices.",https://www.jaxdailyrecord.com/news/2023/sep/14/homesense-building-out-at-riverplace-shopping-center/,1694687460
HD,Home Depot Slammed Over Botched Appliance Delivery,"A Massachusetts man is accusing Home Depot of a botched appliance delivery after paying for premium ""white glove"" service for over $10,000 worth of appliances. The man claims the appliances were left on his front lawn, leading to mold growth and damage, despite his efforts to facilitate easy access. Home Depot has since apologized, acknowledging a miscommunication regarding shipping options for the specific brand purchased, and is working to replace the damaged units.",https://bestlifeonline.com/home-depot-appliance-delivery-botched-news/,1694727396
HD,"The Zacks Analyst Blog Highlights Walmart, The Home Depot and Costco Wholesale","The Zacks Analyst Blog highlights Walmart, Home Depot, and Costco Wholesale as top blue-chip retail stocks for stable, long-term investment. These companies are praised for their financial resilience, consistent growth, and ability to weather economic downturns, making them dependable choices for investors. Each company's strategic initiatives, market capitalization, earnings expectations, and dividend payouts are detailed to showcase their strong investment potential.",https://247wallst.com/investing/2023/09/15/the-zacks-analyst-blog-highlights-walmart-the-home-depot-and-costco-wholesale/,1694760900
HD,"Lowe's Cos. stock falls Friday, underperforms market","Lowe's Cos. (LOW) stock fell by 4.70% on Friday, closing at $220.02, underperforming the broader market as both the S&P 500 Index and Dow Jones Industrial Average also declined. The stock closed $17.19 below its 52-week high reached on July 27th.",https://www.marketwatch.com/data-news/lowe-s-cos-stock-falls-friday-underperforms-market-c0be9c2f-a4a2965f3fe8?gaa_at=eafs&gaa_n=AWEtsqez4Spr8wiJSyC6Ek9lnNfMxL5qv6nut21_irP4VVvMN72T5kz5eLeD&gaa_ts=699a2a95&gaa_sig=28_aRYaY8gk9k6enmxhbj2-4WklDNeKkgDvNlN5665XtxFsVZTW_gWhxg-M1BgOJM_fS3qJx9qnbgx348g6y3g%3D%3D,1694795940
HD,The Home Depot Announces 2023 Innovation Award Winners,"The Home Depot announced the winners of its 2023 Innovation Awards, recognizing products that enhance efficiency for both Pros and DIYers. Leviton's Decora Edge™ was named the overall winner for its safer and more efficient light switch and outlet installations. Other top honors went to Ecolab Scientific Clean Line for bringing professional-grade cleaning solutions to homes and Glidden Cool Touch Exterior Floor Paint for its temperature-reducing technology.",https://corporate.homedepot.com/news/supplier/home-depot-announces-2023-innovation-award-winners,1695245796
HD,"Home Depot is selling a tiny home for $6,000 - customers say it's 'very sturdy'","Home Depot is selling a Colonial Williamsburg DIY shed kit that can be converted into a tiny home for just over $6,000. Customers praise its sturdiness and ease of assembly. The kit measures 8 by 12 feet, includes a floor, and features fungal decay and termite-resistant paneling with a 50-year rot-resistant warranty.",https://www.the-sun.com/money/9144570/home-depot-tiny-house-affordable-shed-conversion/,1695589200
HD,"Target announces nine store closures, cites 'organized retail crime'","Target announced it would close nine stores in major cities across the U.S., explicitly blaming retail theft and organized retail crime for the decision. The closures, representing less than 1% of Target's total stores, will affect locations in New York City, Seattle, San Francisco, Oakland, and Portland. This move comes after Target's CEO previously noted a worsening trend in retail theft affecting safety, product availability, and business performance.",https://www.usatoday.com/story/money/2023/09/26/target-store-closures-blame-retail-theft/70973950007/,1695765597
HD,"PPG receives top honors for product innovation, DE&I at The Home Depot’s 2023 Innovation Awards","PPG has been recognized with two top honors at The Home Depot’s 2023 Innovation Awards: a second runner-up Innovation Award for its GLIDDEN® floor paint and concrete stain featuring COOL SURFACE TECHNOLOGY™ and the first-time Supplier Diversity Tier II Partner of the Year award. These accolades highlight PPG's commitment to delivering innovative products that simplify projects for both professionals and DIY customers, as well as its dedication to advancing diversity, equity, and inclusion within its business practices and supply chain. The Cool Surface Technology formulation limits surface temperatures by up to 20 percent, while the diversity award recognizes PPG's consistent performance in supporting diverse suppliers.",https://www.businesswire.com/news/home/20230928842746/en/PPG-receives-top-honors-for-product-innovation-DEI-at-The-Home-Depots-2023-Innovation-Awards,1695914749
HD,Home Depot Tracked a Crime Ring and Found an Unusual Suspect,"Home Depot and Florida law enforcement busted an organized retail crime ring led by Robert Dell, a pastor who ran a drug recovery program. Dell allegedly instructed individuals in his program to steal tools from Home Depot stores, which he then resold online for profit. The operation, which involved $3 million in stolen goods sold since 2016, resulted in Dell and four others being arrested and charged with racketeering and dealing in stolen property.",https://www.wsj.com/business/retail/home-depot-tracked-a-crime-ring-and-found-an-unusual-suspect-ed31f6e8?gaa_at=eafs&gaa_n=AWEtsqeZI6Zg60EFYkD_UF8DcncyFpm6cCirJ81uRWl9dyzva7sci-umpkSi&gaa_ts=699a1d35&gaa_sig=U0d-SCXDv_QtrViIE11yc7xiRaJbG2_r3YeT7q_JIHclbzDM-Z7rEasnhjXUcb0AdsFtq4dNQQq9FPkiP3Y7-g%3D%3D,1696711607
HD,Tractor Supply’s Unsung Apparel Edge,"Tractor Supply Co. is actively expanding its apparel business, which already accounts for $1.2 billion to $1.3 billion in annual sales. The retailer is focusing on workwear and Western-inspired fashion, utilizing social media, brand partnerships, and shops-in-shop to attract a younger, more suburban customer base. Despite solid financial performance, the potential of its apparel segment is often underrated compared to other business strategies.",https://wwd.com/business-news/retail/tractor-supply-fashion-apparel-cowgirl-carhartt-wrangler-1235847029/,1697490604
HD,Greener Pastures for the Housing Market,"The U.S. housing market is projected to recover, driven by eased pressures from high interest rates, prices, and supply shortages, with new-home construction expected to rise 2% in 2024. This recovery presents significant opportunities for sustainable investing, particularly in green home construction and renovation, bolstered by environmentally conscious consumers, government incentives, and decreasing costs of clean technologies. Equity strategists anticipate growth in sustainable housing as demand for eco-friendly building practices aligns with the broader market's resurgence.",https://www.morganstanley.com/ideas/green-building-materials-sustainable-housing-recovery,1697748931
HD,Papa Johns Appoints John Garratt And Stephen Gibbs To The Board,"Papa John's International, Inc. (PZZA) has appointed John Garratt, former President and CFO of Dollar General, and Stephen Gibbs, former Chief Accounting Officer and Corporate Controller at The Home Depot, to its Board of Directors. These appointments expand the board to 10 directors, with eight being independent. Both individuals bring extensive financial leadership and corporate strategy experience to help guide Papa Johns' growth plans.",https://www.citybiz.co/article/481992/papa-johns-appoints-john-garratt-and-stephen-gibbs-to-the-board/,1698181327
HD,Dallas-Based Spirit Realty Capital Acquired in $9.3 Billion Deal,"Dallas-based Spirit Realty Capital is being acquired by San Diego-based Realty Income Corporation in an all-stock transaction valued at $9.3 billion. This merger will create a combined company with an enterprise value of approximately $63 billion, enhancing Realty Income's size, scale, and diversification. Spirit shareholders will receive 0.762 newly-issued Realty Income common shares for each Spirit common share they own, resulting in them owning approximately 13% of the combined company.",https://dallasinnovates.com/dallas-based-spirit-realty-capital-acquired-in-9-3-billion-deal/,1698679205
HD,"Homesense Opens New Store in Jacksonville, FL","Homesense, part of the TJX family of brands, is opening a new store in Jacksonville, FL on November 2nd at the Riverplace Shopping Center. The store offers a wide range of home furnishings, decor, and seasonal items at discounted prices, with new merchandise regularly arriving. To celebrate the opening, Homesense will donate $10,000 to Habitat for Humanity of Jacksonville.",https://www.citybiz.co/article/484427/homesense-opens-new-store-in-jacksonville-fl/,1698786560
HD,"Why Home Depot is evolving its media strategy, starting with branded content","Home Depot is changing its media strategy by focusing on branded content, beginning with a shoppable CTV series on Vizio for the holiday season. The series, titled ‘Merry & Bright,’ stars Jordin Sparks and aims to engage early holiday shoppers. This move signifies Home Depot's evolving approach to reaching consumers through diverse media channels.",https://adage.com/article/marketing-news-strategy/home-depot-media-strategy-includes-vizio-holiday-branded-content/2526231/,1698829200
HD,Home Depot co-founder: My customers are 'getting killed' by Biden’s inflation,"Home Depot co-founder Bernie Marcus criticized President Biden's economic policies, stating that inflation is severely impacting American consumers and Home Depot customers. He highlighted that despite a decline from its peak, inflation remains nearly double the Federal Reserve's target, causing hardship for middle-class Americans struggling with the rising costs of necessities. Marcus also mentioned the Federal Reserve's decision to keep interest rates unchanged while leaving open the possibility of further hikes to combat persistent inflation.",https://www.foxbusiness.com/markets/home-depot-co-founder-my-customers-getting-killed-bidens-inflation,1699300552
HD,"Days before investor call, Kohl's board chair announces he's not seeking re-election in 2024","Kohl's board chair Peter Boneparth is stepping down in May 2024 after 15 years, with Michael Bender appointed as his successor. This announcement comes days before the company's quarterly investor call, following past proxy fights and a CEO change. Additionally, Adolfo Villagomez has been appointed as a new independent director, bringing e-commerce and marketing expertise.",https://www.jsonline.com/story/money/business/2023/11/08/kohls-corp-announces-president-of-board-to-retire-in-2024/71508290007/,1699473675
HD,"Target earnings up, food sales slip","Target Corporation reported a 36% increase in net earnings for the third quarter ending October 28, despite a 4.2% drop in revenue. The company's CEO, Brian C. Cornell, attributed the earnings growth to lower freight costs, efficient inventory management, and operational efficiencies, which helped offset a decline in discretionary spending. While overall sales decreased, Target's food and beverage category saw only a slight dip, with seasonal snacks performing well, and the company plans to offer holiday deals on turkeys and side dishes.",https://www.foodbusinessnews.net/articles/25052-target-earnings-up-food-sales-slip,1700165937
HD,"Best Pellet Grill Black Friday & Cyber Monday Deals (2023): Weber, Traeger, Pit Boss & More Savings Highlighted by Retail Egg","Retail Egg has compiled a list of the best Black Friday and Cyber Monday 2023 deals on pellet grills from various brands, including Weber, Traeger, Pit Boss, Z Grills, and Camp Chef. Shoppers can find significant savings, with discounts reaching up to $450 on some models. The article directs consumers to retailer websites like ZGrills.com, Walmart.com, Traeger.com, Weber.com, BBQGuys.com, PitBoss-Grills.com, GrillaGrills.com, and TractorSupply.com to access these deals.",https://www.businesswire.com/news/home/20231123100398/en/Best-Pellet-Grill-Black-Friday-Cyber-Monday-Deals-2023-Weber-Traeger-Pit-Boss-More-Savings-Highlighted-by-Retail-Egg,1700855071
HD,The electric revolution is coming for your lawn mower,"California is set to ban the sale of new gasoline-powered lawn mowers and other landscaping tools starting in 2024, aiming to reduce emissions from small off-road engines that pollute more than all cars in the state combined. This move highlights a broader push towards electric technologies in daily life, impacting manufacturers and consumers alike. While electric alternatives offer environmental benefits, challenges such as higher upfront costs and performance concerns are debated.",https://www.detroitnews.com/story/life/home-garden/2023/11/26/electric-lawnmore-battery-technology-yard-work/71713358007/,1701116287
HD,"Final Thoughts From Charlie Munger on Apple, Warren Buffett, and the Big Costco Error","This article compiles insights from Charlie Munger's final interviews, focusing on his investment philosophy, partnership with Warren Buffett, and specific investments. It covers his views on Apple, the ""big Costco error"" by Buffett, and Munger's perspectives on retailing, China, and company valuations. The article highlights how Munger influenced Buffett's investment strategy and his own unique approach to identifying valuable companies.",https://www.morningstar.com/stocks/final-thoughts-charlie-munger-apple-warren-buffett-big-costco-error,1701216000
HD,Home Depot highlights trade labor gap in new campaign,"Home Depot has launched a new campaign to address the significant labor gap in the construction industry. The company, which has a substantial business catering to construction professionals, is drawing attention to this issue. The article briefly mentions other related marketing news, including AI in campaigns and weekly marketing winners and losers.",https://adage.com/article/marketing-news-strategy/home-depot-highlights-trade-labor-gap-new-campaign/2531871/,1701424800
HD,"Costco, Home Depot and Floor & Decor: Diverging Outcomes From a Similar Model","This article analyzes the business models and operational efficiencies of Costco, Home Depot, and Floor & Decor, highlighting their diverging outcomes despite similar approaches. Costco excels in efficiency, profitability, and customer loyalty through its volume-driven strategy and superior inventory turnover and cash conversion cycles. While Home Depot shows strong profitability and ROI, and Floor & Decor faces challenges in inventory and cash conversion.",https://finance.yahoo.com/news/costco-home-depot-floor-decor-180712751.html,1701457414
HD,She conceived of Pottery Barn Kids. Now Williams Sonoma’s CEO is expanding another new business—furnishing hotels and stadiums,"Laura Alber, CEO of Williams Sonoma, is recognized as the longest-serving female CEO in the Fortune 500, having led the company for 13 years after starting as a senior buyer in 1995. Despite various market challenges like the retail apocalypse and housing slowdown, Williams Sonoma's stock has outperformed the market under her leadership. Alber is now focusing on new growth opportunities, including expanding the company's B2B business to furnish hotels and stadiums, international expansion, and integrating AI into home design services.",https://finance.yahoo.com/news/she-conceived-pottery-barn-kids-141423559.html,1701459148
HD,8 Retail Stocks Whose Price and Fundamentals Don’t Line Up,"This article discusses eight retail stocks where the market price does not align with the underlying financial fundamentals, particularly following a significant stock market rally. It suggests that some recent gains in these stocks might be less stable than others.",https://www.barrons.com/articles/retail-stocks-walmart-target-tjx-lululemon-aec1f9cd?gaa_at=eafs&gaa_n=AWEtsqfBekQ2roiFCmrdIPivn86K-0rTW9bgOg4y2AOecUplJL8egN9NXJdo&gaa_ts=69446279&gaa_sig=mieC-2qq2JJ-Yz_Ft2OBGQiGDk7iLd0Blm4fcvZhhOPqBhmCWWhb7c-EESsmQTVeNHB4xzRNGp2Qk5rAqJCdJQ%3D%3D,1701806960
HD,Traeger Pellet Grills Recalls Flat Top Propane Grills Due to Fire Hazard,"Traeger Pellet Grills has issued a recall for approximately 37,000 Flatrock Flat Top Propane Grills due to a fire hazard. The recall is prompted by incorrectly labeled burner control knobs, which can lead to the grill being unintentionally left on. Consumers are advised to immediately stop using the grills and contact Traeger for a free repair kit if their knobs are incorrectly labeled.",https://www.cpsc.gov/Recalls/2024/Traeger-Pellet-Grills-Recalls-Flat-Top-Propane-Grills-Due-to-Fire-Hazard,1702512000
HD,"Is Trending Stock Lowe's Companies, Inc. (LOW) a Buy Now?","The article discusses whether Lowe's Companies, Inc. (LOW) is a good investment, highlighting its recent stock performance and valuation metrics. It notes that Lowe's has been trending on Zacks.com and provides details about its price, earnings estimates, and P/E ratio compared to the industry average. The analysis suggests that while Lowe's has seen recent gains, its valuation compared to peers and industry trends are key considerations for potential investors.",https://www.msn.com/en-us/money/topstocks/is-trending-stock-lowe-s-companies-inc-low-a-buy-now/ar-AA1PN0JJ,1702996800
HD,Project Car Diaries: My Engine-Cleaning Techniques for Sensitive Old Cars,"Andrew P. Collins details his preferred methods for cleaning car engines, especially for sensitive older vehicles, focusing on safety and thoroughness. He emphasizes using WD-40 Specialist Degreaser & Cleaner EZ-Pods for their versatility and cost-effectiveness, advocating for careful application with rags, cotton swabs, and spray bottles rather than high-pressure washing. The article also provides a list of recommended tools and highlights the importance of regular engine bay cleaning for maintenance and early leak detection.",https://www.thedrive.com/guides-and-gear/project-car-diaries-my-engine-cleaning-techniques-for-sensitive-old-cars,1703077200
HD,What stores are open on New Year's Day 2024? Here's what shoppers need to know,"This article provides a list of stores that will be open on New Year's Eve and New Year's Day 2024, including their operating hours. Shoppers can find information for various retailers like Target, Walmart, CVS, and more, though it advises checking with local stores for exact times as some hours may vary. The list covers a range of shopping needs, from holiday gift returns to after-Christmas sales.",https://abc13.com/post/stores-opened-new-years-eve-day-whats-open-on-store-hours/9154888/,1703097982
HD,New retail center with major anchors on tap for Manor,"A 95-acre mixed-use development is coming to Manor, northeast of Austin, featuring 16 retail lots anchored by H-E-B and potentially Home Depot, along with 600 multifamily units. This new retail center aims to provide high-profile shopping and dining options for the growing population in the east Austin suburb. Developers are currently seeking additional tenants to join the major anchor stores.",https://www.bizjournals.com/austin/news/2023/12/26/heb-home-depot-opening-in-manor-tx.html,1703617415
HD,Advance Auto Parts Announces Executive Leadership Changes,"Advance Auto Parts (NYSE: AAP) has appointed Shane O’Kelly as its new President and Chief Executive Officer, effective September 11, 2023, succeeding Tom Greco. O'Kelly will also join the company's board of directors. Additionally, Tony Iskander has been named interim Chief Financial Officer, effective August 18, 2023, following Jeff Shepherd's departure.",https://www.businesswire.com/news/home/20230822500765/en/Advance-Auto-Parts-Announces-Executive-Leadership-Changes,1704067199
HD,GLIDDEN MAX FLEX™ Spray Paint by PPG brings fresh look and colors to shelves,"PPG has announced six new contemporary colors and an updated label for its GLIDDEN MAX FLEX™ spray paint and primer lineup. This award-winning* product features a lacquer-based, no-drip formula with a five-minute dry time, designed for flawless finishes on various surfaces. The new colors, informed by consumer surveys, expand options for both interior/exterior and exterior fabric applications, available exclusively at select Home Depot locations and online.",https://www.businesswire.com/news/home/20230620096691/en/GLIDDEN-MAX-FLEX-Spray-Paint-by-PPG-brings-fresh-look-and-colors-to-shelves,1704067199
HD,20 Leading Global Trade Management Systems Providers in 2023,"This article identifies and profiles 20 leading Global Trade Management Systems (GTMS) providers in 2023. It explains what GTMS are and highlights key features, services, and company backgrounds for each provider, showcasing their role in assisting businesses with international trade compliance and supply chain efficiency.",https://www.inboundlogistics.com/articles/global-trade-management-companies/,1704067199
HD,Advance Auto Parts Finance Chief Exits Amid Leadership Shakeup,"Advance Auto Parts CFO Jeff Shepherd has departed the company, effective August 18th, amidst a leadership shakeup. Tony Iskander has been appointed interim CFO, and the company is actively seeking a permanent replacement. This change follows the appointment of Shane O’Kelly as the new CEO, who plans to conduct an operational and strategic review of the business.",https://www.wsj.com/articles/advance-auto-parts-finance-chief-exits-amid-leadership-shakeup-4d9d9969?gaa_at=eafs&gaa_n=AWEtsqdaTTfqYgcVpDkMkJS2SwxBurVP2-vTOUTL1bT_DZFi1_7ESP-b3Dr_&gaa_ts=69076710&gaa_sig=VkeBB_B5vJ1eVxIofYVyX-OOTW5gImz0ZN1eeFr2WnRtNnk6w0wWdte0lVP9ICGrSh6FOHqwylKZ1Tg-CPhiKQ%3D%3D,1704067199
HD,Orion Energy Systems Receives NASDAQ Warning,"Orion Energy Systems, Inc. received a NASDAQ warning for failing to meet the minimum bid price requirement of $1.00 per share. The company has a 180-day grace period to regain compliance and is focusing on increasing revenue and maintaining cost control, despite past struggles with a major Home Depot contract. A reverse stock split remains a potential option for compliance, as seen with Energy Focus in a similar situation.",https://inside.lighting/news/24-01/orion-energy-systems-receives-nasdaq-warning,1704153600
HD,Home Depot’s Hubspace ecosystem just keeps getting bigger,"Home Depot's Hubspace smart home ecosystem has significantly expanded since its 2021 launch, now featuring 150 products. At CES, the retailer announced five new additions: a home security system, a thermostat, a hose timer, a bathroom fan, and a smart chest freezer. The cloud-based Hubspace system connects devices via Wi-Fi and can be controlled with Alexa or Google Assistant.",https://www.techhive.com/article/2193550/home-depots-hubspace-ecosystem-just-keeps-getting-bigger.html,1704737463
HD,"Buy Home Depot’s stock because the housing market is bottoming, analyst says","Wedbush has upgraded Home Depot's stock to outperform, citing expectations that the housing market fundamentals will bottom out this year. Analyst Seth Basham increased his price target for the stock to $380 from $330. Home Depot's stock tends to perform well when interest rates decline.",https://www.marketwatch.com/story/buy-home-depots-stock-because-the-housing-market-is-bottoming-analyst-says-732d5268?gaa_at=eafs&gaa_n=AWEtsqftk5SE-Z-F6dJRU4bRdQHnvsyEtLZ1Ha-cVgvIZKYmgo6U8eLej-ew&gaa_ts=6907559d&gaa_sig=gYAIl62RuF6wdMa57q6ePRVOZ-IxMq7MOXfgqj-Vhayad69gPgQTWdaZ5rP5ngyEa9qeehFrA4eXUjvA9Padfw%3D%3D,1704876660
HD,2024 Outlook for the Stock Market and Economy,"Morningstar specialists discuss their 2024 outlook for the stock market and economy, anticipating a return to company-specific fundamentals, a slowdown in economic growth, and the Federal Reserve cutting interest rates. They identify undervalued sectors like small-cap, value, communication services, real estate, energy, and basic materials, while cautioning that large-cap and some growth stocks are overvalued. The economists expect inflation to hit the Fed's 2% target by Q2 2024, prompting aggressive rate cuts, and project a ""soft landing"" for the economy.",https://www.morningstar.com/markets/2024-outlook-stock-market-economy,1705536000
HD,(PDF) Report on The Home Depot,"This report provides a comprehensive financial analysis of The Home Depot, covering its performance in fiscal year 2023 and projections to 2030. It highlights stronger-than-expected Q4 2023 earnings, a dividend increase, and strategic initiatives in digital innovation and supply chain modernization. The analysis includes a SWOT, Porter's Five Forces, and comparative financial review against Lowe's and Fastenal, underscoring Home Depot's market leadership and financial stability.",https://www.researchgate.net/publication/381401585_Report_on_The_Home_Depot,1705795200
HD,Plug Power Completes First Customer Fill of Liquid Green Hydrogen at its Georgia Plant,"Plug Power has successfully completed the first customer fill of liquid green hydrogen produced at its Woodbine, Georgia plant, with the hydrogen being transported to sites for Walmart, Amazon, and Home Depot. This milestone follows the official commencement of operations at the plant, which houses the largest proton exchange membrane (PEM) electrolyzer deployment in the U.S. The Georgia plant can produce up to 15 tons per day of liquid green hydrogen, demonstrating a significant step towards a cost-effective green hydrogen economy.",https://www.ir.plugpower.com/press-releases/news-details/2024/Plug-Power-Completes-First-Customer-Fill-of-Liquid-Green-Hydrogen-at-its-Georgia-Plant/default.aspx,1706745600
HD,"Bank of America, Lowe’s make Fortune’s ‘World’s Most Admired’ list","Bank of America and Lowe’s Companies, both based in the Charlotte area, have been recognized on Fortune’s 26th annual list of the ""World’s Most Admired Companies."" Bank of America ranks 42nd overall and is the top company in the megabanks industry, while Lowe's is 47th overall and ties for 6th in the specialty retailers industry. Seven major corporations from the Charlotte area made the prestigious list.",https://www.yahoo.com/news/bank-america-lowe-fortune-world-111611332.html,1706786160
HD,JS Global Lifestyle’s profits evaporate with China homecoming,"JS Global Lifestyle's profit declined by 37% in 2023, largely due to the spinoff of its U.S.-based SharkNinja unit and increasing competition in its primary China market. The spinoff, which occurred in June last year, aimed to separate the company's foreign assets from its core Chinese operations, a growing trend among Chinese firms. This strategic shift has left JS Global heavily reliant on the Chinese market and facing challenges from a slowing economy and costs associated with expanding its brands in other Asian markets.",https://thebambooworks.com/js-global-lifestyles-profits-evaporate-with-china-homecoming/,1706895262
HD,"Urban Edge leases 27,000 sq. ft. to Lidl for new store at Totowa power center","Urban Edge Properties has leased over 27,000 square feet at its Totowa Commons complex to Lidl for a new grocery store. This will be Lidl's second location in Passaic County, joining other retailers like The Home Depot and Staples at the strategically located power center. The new store aims to increase traffic and provide a value grocer option for residents in surrounding towns.",https://re-nj.com/urban-edge-leases-27000-sq-ft-to-lidl-for-new-store-at-totowa-power-center/,1707240922
HD,DLN: Large-Cap Monthly Dividend Payer Not So Hot,"The WisdomTree US LargeCap Dividend ETF (DLN) is rated a ""Hold"" due to its lower dividend yield and growth rate compared to other dividend-paying ETFs. While DLN offers monthly income and is well-diversified across approximately 300 companies, its current concentration in technology and large-cap focus present a limitation given the potential for future small-cap growth. The article suggests that while large-cap growth has dominated, changing market dynamics could favor value and small-cap opportunities.",https://seekingalpha.com/article/4669203-dln-large-cap-monthly-dividend-payer-not-so-hot,1707497562
HD,The Home Depot Announces Fourth Quarter and Fiscal 2023 Results; Increases Quarterly Dividend by 7.7%; Provides Fiscal 2024 Guidance,"The Home Depot reported its fourth-quarter and fiscal year 2023 financial results, noting a ""year of moderation"" after three years of significant growth. Despite a decrease in sales and diluted earnings per share for both periods compared to the previous year, the company increased its quarterly dividend by 7.7% to $2.25 per share. Home Depot also provided fiscal 2024 guidance, projecting total sales growth of approximately 1.0% (including an extra 53rd week) and a comparable sales decline of about 1.0% for the 52-week period.",https://ir.homedepot.com/news-releases/2024/02-20-2024-110037286,1708448979
HD,Price-conscious shoppers lift Walmart earnings as it preps $2.3 billion Vizio deal,"Walmart reported robust fourth-quarter results, driven by inflation-squeezed shoppers seeking value, performing better than rivals in a broad slowdown of discretionary spending. The company also announced a $2.3 billion acquisition of smart-TV maker Vizio, aiming to bolster its advertising business, Walmart Connect, and enhance its presence in consumers' homes. This strategic move aligns with Walmart's plan to diversify its profit streams, with a greater focus on advertising and online marketplace businesses in the coming years.",https://www.reuters.com/business/retail-consumer/walmart-expects-annual-sales-above-estimates-acquire-vizio-23-billion-2024-02-20/,1708453020
HD,Home Depot Is Ordered to Reinstate Worker Who Quit Over ‘BLM’ Logo (Published 2024),"The National Labor Relations Board has ordered Home Depot to reinstate a worker who quit after refusing to remove ""BLM"" from their apron. The NLRB ruled that Home Depot violated federal law by telling the worker to remove the slogan, as the worker's support for Black Lives Matter was considered protected ""concerted activity"" under the National Labor Relations Act, especially given prior protests about racial discrimination at the store. This decision highlights the protection of civil rights expression in the workplace.",https://www.nytimes.com/2024/02/21/business/home-depot-blm-nlrb-ruling.html,1708535379
HD,"Home Depot ban on worker's Black Lives Matter apron was illegal, US agency rules","A federal labor board ruled that Home Depot illegally banned a worker from wearing a ""BLM"" apron, linking it to protected activity due to previous racial discrimination complaints at the store. The ruling orders reinstatement and back pay for the worker, Antonio Morales, who quit after being told not to return with the apron. This decision comes as the labor board is also considering similar cases against Whole Foods and Kroger regarding Black Lives Matter apparel.",https://www.reuters.com/business/retail-consumer/home-depot-ban-workers-black-lives-matter-apron-was-illegal-us-agency-rules-2024-02-21/,1708553220
HD,Ruling Says Home Depot Illegally Fired Worker Who Drew ‘BLM’ on Work Apron,"The National Labor Relations Board (NLRB) ruled that Home Depot unlawfully fired an employee for displaying ""BLM"" (Black Lives Matter) on his work apron. The board determined that the worker's action was protected under federal labor law as it was a form of protest against alleged racial discrimination within the store. This decision affirms the right of employees to engage in ""concerted activities"" to improve working conditions, including protesting racial discrimination.",https://www.inc.com/associated-press/ruling-says-home-depot-illegally-fired-worker-who-drew-blm-on-work-apron.html,1708621780
HD,10 Kitchen Trends To Avoid In 2024: Experts Weigh In,"This article identifies ten kitchen trends that design experts recommend avoiding in 2024 to ensure a timeless and functional space. Trends like modern farmhouse design, gas stovetops, over-the-range microwaves, all-white kitchens, and open shelving are discussed, with experts offering practical alternatives. The goal is to help homeowners make design choices that will remain stylish and avoid quickly outdated fads.",https://www.redfin.com/blog/kitchen-trends-to-avoid/,1708968570
HD,The 15 Best Paint Brands,"This article reviews the 15 best paint brands for updating interior or exterior spaces, offering a comprehensive guide for homeowners. It covers a range of brands from well-established companies like Sherwin-Williams and Benjamin Moore to newer, eco-friendly options like Clare and Ecos Paints, highlighting their price ranges, popular products, and key features. The piece also includes a FAQ section addressing common questions about professional paint choices, the value of more expensive paints, and budgeting for paint projects.",https://www.bobvila.com/articles/best-paint-brands/,1709024100
HD,BLDR vs. HD: Which Stock Is the Better Value Option?,"This article compares Builders FirstSource (BLDR) and Home Depot (HD) to determine which is the better value stock. Utilizing Zacks' Style Scores and Rank methodology, it highlights BLDR's stronger Zacks Rank and more attractive valuation metrics, such as P/E, PEG, and P/B ratios, suggesting it is currently the superior option for value investors.",https://finance.yahoo.com/news/bldr-vs-hd-stock-better-164006151.html,1709052006
HD,NLRB Rules Home Depot Can’t Control Uniform Messages,"The National Labor Relations Board (NLRB) has ruled that Home Depot violated an employee's rights by prohibiting them from displaying ""Black Lives Matter"" on their uniform. The NLRB determined that such an action falls under ""concerted activity,"" which protects both union and non-union employees' rights to discuss working conditions. This decision clarifies that employees can engage in discussions about various working conditions, not just salary, under the National Labor Relations Act.",https://www.inc.com/suzanne-lucas/nlrb-protects-home-depot-employee-with-blm-uniform.html,1709053779
HD,AI is coming to the backyard barbecue,"The outdoor cooking industry, with sales of $6.8 billion in 2022, is embracing AI and smart technology to expand its market and appeal to a new audience. Manufacturers like Middleby Corp., Weber, and innovative startups such as Seergrills are introducing AI-powered features to simplify grilling, maintain optimal temperatures, and automate cooking processes. This shift aims to make outdoor cooking more convenient while balancing the desire for a traditional grilling experience, with projections indicating the barbecue grill market could double to $12.8 billion by 2032.",https://fortune.com/2024/02/28/smart-strategies-roi-ai-investing/,1709114400
HD,Home Depot project developers seek environmental approval,"Developers are moving forward with plans for a new Home Depot store on Spokane's South Hill, with Lars Andersen & Associates Inc. filing for environmental approval. The project involves demolishing a former 101,500-square-foot Shopko building to construct a 134,000-square-foot Home Depot with a garden center, vehicle/tool rentals, and over 450 parking stalls. Construction could start by summer and the store may open by summer 2025.",https://www.spokanejournal.com/articles/15783-home-depot,1709226579
HD,Costco Wholesale misses revenue estimates on weak discretionary spending,"Costco Wholesale missed Wall Street's quarterly sales estimates due to weak demand for higher-margin goods, causing its shares to fall. While discretionary spending was down, demand for consumables and groceries remained strong, and e-commerce sales surged, partly driven by precious metals. Despite the revenue miss, the company's profit per share exceeded estimates.",https://www.reuters.com/business/retail-consumer/costco-wholesale-misses-quarterly-revenue-estimates-2024-03-07/,1709902140
HD,Home Depot in new partnership to enhance retail media network,"The Home Depot is partnering with Pentaleap Inc. to upgrade its Orange Apron Media retail media network, aiming to improve the shopping experience and return on ad spend for suppliers. This collaboration leverages Pentaleap's Fluid Relevancy Engine to more effectively target ads to customers, enhancing both customer satisfaction and advertiser experience. Home Depot initiated its retail media network in 2018, upgrading it to Orange Apron Media in March 2024, and it is now the largest home improvement offering of its kind.",https://chainstoreage.com/home-depot-new-partnership-enhance-retail-media-network,1709942400
HD,Home Depot to Open 4 New Distribution Centers in Appeal to Pro Customers,"The Home Depot is opening four new distribution centers, each 500,000 square feet, across North America to better serve contractors and home-building professionals. This strategic move aims to cater to larger orders involving materials like lumber and shingles, directly delivering to job sites. The initiative reflects Home Depot's focus on professional customers, who spend more consistently than DIY homeowners.",https://www.supplychainbrain.com/articles/39268-home-depot-to-open-4-new-distribution-centers-in-appeal-to-pro-customers,1710374400
HD,Home Depot to open San Antonio-area distribution center,"Home Depot Inc. is building a 400,000-square-foot distribution center in Elmendorf, a San Antonio suburb, to bolster its service to professional builders and contractors. This new center is part of a larger plan to open four such facilities across North America, targeting a hiring of 75 to 100 employees for the San Antonio location. The objective is to provide professional-grade customers with tailored products and dedicated sales support as part of Home Depot's ""pro ecosystem.""",https://www.ksat.com/news/local/2024/03/18/home-depot-to-open-san-antonio-area-distribution-center/,1710736740
HD,"Global Garden Hand Tools Market Report 2024-2029, Featuring Key Vendors Fiskars Group, Griffon Corporation, Husqvarna, The AMES Companies and Stanley Black & Decker","The global garden hand tools market is projected to grow from USD 18.65 billion in 2023 to USD 23.68 billion by 2029, driven by increasing trends like vertical gardening, DIY culture, and native gardening. Key market players include Fiskars Group, Griffon Corporation, Husqvarna, Stanley Black & Decker, and The AMES Companies. The report segments the market by material, product type, end-user, and distribution channel, identifying metal tools and digging tools as dominant segments, with APAC leading geographically.",https://www.globenewswire.com/de/news-release/2024/03/25/2851411/28124/en/Global-Garden-Hand-Tools-Market-Report-2024-2029-Featuring-Key-Vendors-Fiskars-Group-Griffon-Corporation-Husqvarna-The-AMES-Companies-and-Stanley-Black-Decker.html?utm_placement=www.youtube.com&utm_content=410785473589&utm_campaign=cm_gs_p_kw_eu_ne_abs&utm_medium=cpc&utm_term=+programming++children&utm_source=google&utm_adgroup=teaching_kids_to_code_bmm%2F,1711343280
HD,"IHA: New Format, New Products Fueled Strong Exhibitor, Retailer Participation at Inspired Home Show 2024","The Inspired Home Show 2024, hosted by the International Housewares Association (IHA), successfully concluded its new three-day, two-hall format at Chicago's McCormick Place. The event attracted nearly 30,000 home and housewares professionals from over 120 countries and featured 1,648 exhibitors, drawing strong participation from major U.S. and international retailers. Attendees and exhibitors lauded the updated format and the quality of engagements, underscoring the show's importance for networking, discovering new products, and discussing industry trends.",https://www.homepagenews.com/trade-shows/iha-new-format-new-products-fueled-strong-exhibitor-retailer-participation-at-inspired-home-show-2024/,1711557749
HD,Home Depot to Purchase SRS Distribution in $18 Billion Deal,"Home Depot announced plans to acquire SRS Distribution, one of the ""Big 3"" roofing suppliers, in a deal valued at $18.25 billion, including debt. This acquisition marks Home Depot's largest investment in the 'pro' market, expanding its total potential market by approximately $50 billion to nearly $1 trillion. SRS will remain an independent entity and continue its growth journey with the additional resources from Home Depot.",https://www.roofingcontractor.com/articles/99289-home-depot-to-purchase-srs-distribution-in-18-billion-deal,1711584000
HD,"The Home Depot Announces Agreement to Acquire SRS Distribution, a Leading Specialty Trade Distributor Across Multiple Verticals; Expands Offering and Capabilities for Pro Customers; Increases Total Addressable Pro Market by Approximately $50 Billion","The Home Depot announced its definitive agreement to acquire SRS Distribution Inc. for approximately $18.25 billion. This acquisition will expand Home Depot's offering for professional customers, accelerate its growth with residential professionals, and increase its total addressable pro market by an estimated $50 billion to approximately $1 trillion. The transaction, funded by cash on hand and debt, is expected to close by the end of fiscal 2024 and be accretive to cash EPS in the first year post-closing.",https://ir.homedepot.com/news-releases/2024/03-28-2024-100102814,1711584000
HD,Home Depot acquires building-products provider SRS in its biggest-ever deal,"Home Depot has announced its largest acquisition to date, purchasing SRS Distribution Inc., a building-products provider, for approximately $18.25 billion including debt. This deal aims to expand Home Depot's market reach by serving professional customers like landscapers, roofers, and pool contractors through SRS's extensive network. The acquisition is projected to increase Home Depot’s total addressable market by $50 billion, bringing it to about $1 trillion.",https://www.marketwatch.com/story/home-depot-acquires-specialty-trade-distributor-srs-for-18-25-billion-8d4f2ca8?gaa_at=eafs&gaa_n=AWEtsqfJe5RJyn92il1x4tuNxzbP_tk-4ao2LL6r9P-T8eOZtAMqtzYajFdy&gaa_ts=690755aa&gaa_sig=HaGRZTOyrjlFkJU-Tsq7C6ZDLK3Xhfl_Q3XlZW3d5S8q7ZB3NXPCwMgKm_1UUxGZWvVQLNKtHAhkCpoBRcSGHQ%3D%3D,1711608720
HD,Home Depot seals biggest-ever deal by buying building-products provider SRS for $18.25 billion,"Home Depot has announced its largest acquisition to date, agreeing to purchase building-products provider SRS Distribution Inc. for approximately $18.25 billion, including debt. This deal aims to expand Home Depot's reach into professional customer segments like landscapers, roofers, and pool contractors, boosting its total addressable market by $50 billion to about $1 trillion. SRS operates a vast network of 760 branches across 47 states, supported by over 4,000 trucks.",https://www.marketwatch.com/story/home-depot-acquires-specialty-trade-distributor-srs-for-18-25-billion-8d4f2ca8?gaa_at=eafs&gaa_n=AWEtsqfAd-OL85RPkWplZh13xF964h0HF6XxGVxzJuhcxambahPZymBtUslQ&gaa_ts=6999dbc8&gaa_sig=w923G4ofkjLA_I5JWFCI7T9UfMU6ubYbprTXfhxJqO4cboY3xbLgJJMmy1J0gkEkKyuwqS2s-rRSVjU3vHwHBw%3D%3D,1711608720
HD,The Home Depot plans to buy McKinney-based SRS Distribution Inc. for $18.25B,"The Home Depot announced an agreement to acquire McKinney-based SRS Distribution Inc. for $18.25 billion. This acquisition will expand Home Depot's offerings to residential pro customers, particularly in landscaping, pool, and roofing materials, and is expected to add $50 billion to its overall revenue opportunities. The deal is anticipated to finalize by the end of fiscal year 2024.",https://www.cbsnews.com/texas/news/the-home-depot-srs-distribution-acquisition-mckinney/,1711609920
HD,Home Depot bulks up Pro-business with $18.25B deal for building products supplier SRS,"Home Depot announced an $18.25 billion deal to acquire SRS Distribution, a building materials supplier, marking its largest acquisition to date. This move aims to expand Home Depot's professional customer base and address tepid demand in the DIY segment due to sticky inflation. The acquisition is expected to increase Home Depot's total potential market by about $50 billion to roughly $1 trillion.",https://www.foxbusiness.com/markets/home-depot-bulks-up-pro-business-18-25-billion-deal-building-products-supplier-srs,1711619040
HD,HOME DEPOT ACQUIRING SRS DISTRIBUTION,"Home Depot is set to acquire SRS Distribution, a 760-unit roofing distributor, for $18.25 billion. This strategic acquisition aims to expand Home Depot's market into professional trades, combining online, retail, and wholesale capabilities. The deal is expected to close by the end of fiscal 2024, pending regulatory approvals, and will see SRS Distribution operate as an independent business unit within Home Depot.",https://www.building-products.com/home-depot-acquiring-srs-distribution/,1711623240
HD,Home Depot to Buy Pro Supplier SRS for About $18.25 Billion,"Home Depot Inc. announced its largest-ever acquisition, agreeing to buy SRS Distribution Inc. for approximately $18.25 billion. This strategic move aims to expand Home Depot's reach into professional contractor markets, including roofing, pool, and landscaping, which SRS Distribution serves. The deal, expected to close by early 2025, is part of Home Depot's effort to drive growth beyond its traditional DIY customer base, entering new markets with a total value of $50 billion.",https://www.bloomberg.com/news/articles/2024-03-28/home-depot-to-buy-roof-supply-firm-srs-for-about-18-25-billion,1711623600
HD,Home Depot bulks up Pro-business with $18.25 bln deal for building products supplier SRS,"Home Depot announced its largest acquisition to date, buying building materials supplier SRS Distribution for $18.25 billion. This strategic move aims to broaden Home Depot's professional customer base and leverage SRS's extensive network to better serve contractors, addressing a slowdown in its DIY segment due to tepid demand for home remodeling projects. The deal is expected to enhance Home Depot's logistics and delivery capabilities for Pro-customers.",https://www.reuters.com/markets/deals/home-depot-buy-srs-distribution-1825-bln-deal-2024-03-28/,1711640340
HD,Home Depot Eyes $12.5 Billion Debt Package to Fund SRS Merger,"Home Depot plans to take on $12.5 billion in debt to help finance its $18.25 billion acquisition of building-products distributor SRS Distribution Inc. The company intends to use cash on hand, commercial paper, and unsecured notes for the funding, while aiming to maintain its investment-grade rating. This move contributes to a trend of M&A-related high-grade bond deals boosting record sales in 2024.",https://www.bloomberg.com/news/articles/2024-03-28/home-depot-eyes-12-5-billion-debt-package-to-fund-srs-merger,1711640580
HD,"Weil, Latham Aid Home Depot’s Plan to Buy SRS for $18.25 Billion","Weil, Gotshal & Manges advised Home Depot Inc. on its $18.25 billion acquisition of building materials supplier SRS Distribution Inc. Latham & Watkins represented SRS Distribution Inc. This significant acquisition is part of Home Depot's strategy to expand its professional services business.",https://news.bloomberglaw.com/business-and-practice/weil-latham-aid-home-depots-plan-to-buy-srs-for-18-25-billion,1711642054
HD,News | Home Depot To Add Almost 800 Locations With $18.25 Billion Purchase of Building Supplier,"Home Depot announced the acquisition of SRS Distribution for $18.25 billion, significantly expanding its footprint with almost 800 new locations. This strategic move is aimed at bolstering sales to professional contractors and construction firms, a market Home Depot has been increasingly targeting as DIY revenue declines. SRS will operate as an independent business unit, retaining its management team, and is expected to increase Home Depot's total addressable market by approximately $50 billion.",https://www.costar.com/article/1745192938/home-depot-to-add-almost-800-locations-with-1825-billion-purchase-of-building-supplier,1711658640
HD,Home Depot’s Purchase of SRS Distribution Poses Limited Threat to Smaller DIY Retailers,"Home Depot's $18.25 billion acquisition of SRS Distribution is primarily aimed at expanding its business with professional contractors and builders, rather than competing directly with smaller DIY retailers. The move is a strategic response to a slowdown in consumer DIY spending and increased competition from rivals like Lowe's for professional clients. While the acquisition may not significantly impact small hardware stores, Home Depot itself faces challenges from a general spending slowdown and high mortgage rates affecting the housing market.",https://www.inc.com/bruce-crumley/home-depots-purchase-of-srs-distribution-poses-limited-threat-to-smaller-diy-retailers.html,1711670400
HD,Home Depot revamps retail media network,"Home Depot has rebranded its retail media network as Orange Apron Media, timing the launch with the prime season for digital media spending. The upgraded network, formerly Retail Media+, aims to enhance customer experience and provide innovative advertising solutions for brand partners. Orange Apron Media will integrate retail media offerings into advertisers' digital strategies through owned and offsite channels, along with in-store digital screen testing.",https://chainstoreage.com/home-depot-revamps-retail-media-network,1711670400
HD,ProShares S&P 500 High Income ETF (ISPY) Dividend Yield 2026 & History $ISPY,"The ProShares S&P 500 High Income ETF (ISPY) currently offers an 8.33% annual dividend yield, translating to $3.80 per share. The most recent dividend payment was $0.1783 per share on March 7, 2025, with an ex-dividend date of March 3, 2025. This article provides historical dividend payment information, yield performance, and comparisons with other NYSEARCA companies.",https://www.marketbeat.com/stocks/NYSEARCA/ISPY/dividend/,1711835547
HD,Roofing Industry Reacts to Home Depot - SRS Distribution Deal,"The roofing industry is reacting to Home Depot's acquisition of SRS Distribution for $18.25 billion, a move seen as Home Depot's continued effort to expand into the pro contractor market. Industry experts and contractors offer mixed opinions, with some seeing it as a beneficial expansion while others question the impact on product quality and independent distributors. Independent distributors view this as an opportunity to reinforce their focus on customer care and tailored solutions.",https://www.roofingcontractor.com/articles/99301-roofing-industry-reacts-to-home-depot-acquisition-of-srs-distribution,1712070071
HD,VanEck Retail ETF: The Landscape May Turn (NASDAQ:RTH),"The VanEck Retail ETF (RTH), which invests in 25 prominent retailers, has outperformed its benchmark over the last six months. However, the author raises concerns that this outperformance may not continue, citing potential issues which could affect its trajectory and suggesting the risk-reward profile is not currently ideal.",https://seekingalpha.com/article/4681867-rth-etf-risk-reward-not-too-ideal,1712109060
HD,Home Depot to Invest MX$2.8 Billion in Mexico Expansion,"Home Depot plans to invest MX$2.86 billion in Mexico during 2024, continuing its 22 consecutive years of growth in the country. This investment will support opening 12 new stores, expanding its product catalog with over 5,000 new items in furniture and decoration, and a tenfold increase in pet products. The company also aims to launch a new AI-powered mobile application and enhance its in-store experience with self-checkout counters.",https://mexicobusiness.news/ecommerce/news/home-depot-invest-mx28-billion-mexico-expansion,1712141160
HD,"United States Residential Cabinet Focused Insights Report 2024: A $51.48 Billion Market by 2029 with Arclinea, American Woodmark, Cabinetworks Group, MasterBrand, and PORCELANOSA Dominating","The U.S. Residential Cabinet Market is projected to grow to $51.48 billion by 2029, up from $37.50 billion in 2023, exhibiting a CAGR of 5.42%. Key drivers include growth in residential construction and renovation projects, with the home office cabinet segment showing significant growth due to remote work demand. Major players like MasterBrand and American Woodmark dominate the market, while safety features, such as IKEA's new anti-tip mechanism, are becoming increasingly important for consumers.",https://finance.yahoo.com/news/united-states-residential-cabinet-focused-133300239.html,1712761879
HD,Home Depot vs. Lowe’s—home improvement rivalry heats up as shoppers pull back,"The rivalry between home improvement giants Home Depot and Lowe's is intensifying as both companies compete for the same customer base amidst a period of reduced consumer spending. The article, however, does not provide details on how the rivalry is heating up or specific strategies being employed by either company.",https://adage.com/article/marketing-news-strategy/home-depot-vs-lowes-home-improvement-rivalry-heats/2553126/,1713157200
HD,Everything we know about Chase’s retail media network,"Chase has launched Chase Media Solutions, a new retail media network that allows advertisers to target Chase customers based on their transaction histories. This initiative expands upon Chase Offers, a cash-back program previously managed by a third party, and will now involve Chase directly handling targeting. The company aims to provide more personalized offers to its 63 million digital users, capitalizing on the booming retail media industry.",https://www.marketingbrew.com/stories/2024/04/16/chase-retail-media-network-chase-media-solutions,1713278006
HD,The Home Depot is Enhancing CX thanks to Google Cloud,"The Home Depot is leveraging Google Cloud's AI capabilities, including machine learning, computer vision, and generative AI, to improve customer experience and optimize its operations. Their long-standing partnership, which began in 2015, has led to enhancements like the Sidekick mobile app for associates, improved online search experiences, and scalable infrastructure to handle demand surges. The collaboration aims to deepen insights into customer preferences and maintain The Home Depot's leadership in AI-powered cloud innovation within the retail sector.",https://supplychaindigital.com/technology/home-depot-google-cloud-partnership,1713538872
HD,Circularity in Practice: How The Home Depot is Turning Waste into Opportunity,"The Home Depot is actively implementing circular economy practices by transforming waste materials into useful products. This initiative involves recycling various materials like plastic pots into hanging baskets, plastic wrap into deck boards, and EPS foam into insulation. The company emphasizes the environmental benefits and customer appeal of reducing waste and conserving natural resources throughout a product's lifecycle.",https://corporate.homedepot.com/news/sustainability/circularity-practice-how-home-depot-turning-waste-opportunity,1713798072
HD,"New stores, comps drive Tractor Supply’s Q1 sales to $3.4B","Tractor Supply Co. reported Q1 net sales of $3.39 billion, a 3% increase from the previous year, driven by new store openings and comparable sales growth. The company is maintaining its full-year financial guidance and plans to open additional Tractor Supply and Petsense stores, along with a new distribution center. Despite a shift in consumer spending from goods to services, analysts are confident in Tractor Supply's long-term outlook due to its focus on essentials and strategic growth initiatives.",https://www.retaildive.com/news/new-stores-comps-drive-tractor-supply-sales/714284/,1714003200
HD,Masonite approves big deal,"Masonite International Corporation shareholders have overwhelmingly approved its proposed acquisition by Owens Corning. Shareholders will receive $133.00 per share in cash, and the transaction is expected to close in mid-2024, pending regulatory approvals. This deal aims to enhance Masonite's position in the door industry through its ""Doors That Do More"" strategy.",https://hbsdealer.com/masonite-approves-big-deal,1714058232
HD,"Nearly 400,000 Honda Lawn Mowers and Pressure Washer Engines Recalled Due to Injury Risk","American Honda Motor has expanded a recall to nearly 400,000 lawn mowers and pressure washer engines due to a potential injury hazard. The recall, involving Honda HRN216 series lawn mowers, Honda HRX217K6 lawn mowers, and Honda GCV170/200 G5B pressure washer engines, stems from improperly manufactured camshafts that can cause the starter rope to retract suddenly. Over 2,900 additional incidents and 38 minor injuries have been reported since the initial recall announcement in September 2023.",https://www.consumerreports.org/home-garden/home-product-recalls/honda-mowers-pressure-washer-engines-recall-for-injury-risk-a6991372236/,1714657973
HD,The Home Depot Announces First Quarter Fiscal 2024 Results; Reaffirms Fiscal 2024 Guidance,"The Home Depot announced its first-quarter fiscal 2024 results, reporting sales of $36.4 billion, a 2.3% decrease from the previous year, and net earnings of $3.6 billion. The company reaffirmed its fiscal 2024 guidance, including approximately 1.0% total sales growth (including a 53rd week) and a roughly 1.0% decline in comparable sales for the 52-week period. These figures do not include the impact of the pending acquisition of SRS Distribution Inc.",https://ir.homedepot.com/news-releases/2024/05-14-2024-110058012,1715644800
HD,Home Depot sales slide as housing market weakens,"Home Depot's sales have declined for the sixth consecutive quarter, with same-store sales falling 2.8% due to a weak housing market and reduced demand for large discretionary projects. Transactions over $1,000, like kitchen and bathroom remodels, were down 6.5%, as consumers face financial constraints and high interest rates. The company is, however, strengthening its focus on professional builders and contractors, exemplified by its recent acquisition of SRS Distribution.",https://www.ocregister.com/2024/05/15/home-depot-posts-a-sixth-sales-drop-amid-housing-market-woes/,1715768460
HD,How supply chains used FLOW after the Baltimore bridge collapse,"The Department of Transportation's Freight Logistics Optimization Works (FLOW) program was tested following the Baltimore bridge collapse, providing critical insights to its members. Companies like C.H. Robinson, ITS Logistics, and Home Depot utilized FLOW's data-sharing capabilities to monitor disruptions, re-route shipments, and assess asset availability. While still developing and not encompassing all ports, FLOW proved useful in offering forward-looking data and coordinating responses during the crisis.",https://www.supplychaindive.com/news/flow-baltimore-bridge-collapse-response-supply-chains-home-depot-ch-robinson-its-logistics/715992/,1715780324
HD,Some consumers are punting big purchases like pools and mattresses,"Consumers are delaying big purchases like furniture, pools, and mattresses due to high interest rates and persistent inflation. This trend indicates a broader slowdown in consumer spending, which could signal to the Federal Reserve that its interest rate hikes are having the desired effect on the economy. However, the impact is uneven, with lower-income consumers struggling more, while higher-end goods still see steady demand.",https://www.cnbc.com/2024/05/18/some-consumers-are-punting-big-purchases-like-pools-and-mattresses.html,1716041303
HD,Why Schwab U.S. Dividend Equity ETF Is One of the Best Dividend Funds Available,"The Schwab U.S. Dividend Equity ETF (SCHD) is highlighted for its sensible, transparent, and risk-conscious approach, aiming for better long-term risk-adjusted returns than the Russell 1000 Value Index. The fund's strategy focuses on 100 dividend-paying stocks with strong financial health, offering downside protection and strong exposure to the quality factor. Despite a challenging 2023, its overall performance since inception demonstrates strong risk-adjusted and absolute returns within the large-value category.",https://www.morningstar.com/funds/why-schwab-us-dividend-equity-etf-is-one-best-dividend-funds-available,1716163200
HD,"After Earnings, Is Home Depot Stock a Buy, a Sell, or Fairly Valued?","Morningstar's analysis suggests Home Depot's stock is overvalued at $265 per share following its fiscal first-quarter earnings, despite sales being in line with expectations, noting a 2.8% drop in comparable store sales. The company maintains a wide economic moat due to its brand and cost advantage, a strong financial position, and a medium uncertainty rating. Home Depot is expected to return substantial capital to shareholders, although economic headwinds like weak consumer spending and higher interest rates pose risks to future growth.",https://www.morningstar.com/markets/after-earnings-is-home-depot-stock-buy-sell-or-fairly-valued,1716336000
HD,The Home Depot partners to expand same-day delivery options,"The Home Depot is partnering with Instacart to offer same-day delivery for a wide range of home improvement items from nearly 2,000 stores across the U.S. This expands their e-commerce capabilities, including Instacart's Big & Bulky solution for larger items. The move aims to provide customers with increased flexibility and convenience, complementing their existing partnership with Walmart's GoLocal delivery service.",https://chainstoreage.com/home-depot-partners-expand-same-day-delivery-options,1716336000
HD,Home Depot’s Memorial Day Hours Are Great News for DIYers,"Home Depot stores will be open for their regular operating hours on Memorial Day 2024,",https://www.yahoo.com/lifestyle/home-depot-memorial-day-hours-133000861.html,1716557400
HD,Procure Disaster Recovery Strategy ETF (NASDAQ:FIXT) Up 35% Since Launch,"The Procure Disaster Recovery Strategy ETF (FIXT) has seen a 35.02% increase in its net asset value since its launch two years ago, as of April 30, 2024. FIXT invests in companies involved in recovering from natural disasters, a market segment experiencing increasing economic losses globally. ProcureAM, the issuer, also reduced FIXT's management fee on Earth Day to encourage investment in disaster prevention and recovery.",https://markets.financialcontent.com/whittierdailynews/article/accwirecq-2024-6-3-procure-disaster-recovery-strategy-etf-nasdaqfixt-up-35-since-launch,1717384500
HD,Virginia Gateway shopping center in Gainesville sells for $215M,"Federal Realty Investment Trust has acquired the Virginia Gateway shopping center in Gainesville for $215 million. The 110-acre development, approximately 95% occupied, includes major retailers like Giant Food and HomeGoods. This acquisition aligns with Federal Realty's strategy for dominant, irreplaceable regional shopping centers with affluent trade areas.",https://www.fauquiernow.com/news/business/virginia-gateway-shopping-center-in-gainesville-sells-for-215m/article_db31c196-22be-11ef-ba70-8754415e7408.html,1717459200
HD,"Federal Realty Acquires 665,000-Square-Foot Virginia Gateway Retail Center in Gainesville, Virginia for $215 Million","Federal Realty Investment Trust has acquired Virginia Gateway, a 665,000-square-foot retail center in Gainesville, Virginia, for $215 million. The property, situated on 110 acres, was 95 percent occupied at the time of sale and includes major tenants such as Giant Food, HomeGoods, Ulta Beauty, Total Wine & More, and Hobby Lobby.",https://shoppingcenterbusiness.com/federal-realty-acquires-665000-square-foot-virginia-gateway-retail-center-in-gainesville-virginia-for-215-million/,1717459200
HD,Federal Realty Acquires Northern Virginia Retail Center for $215M,"Federal Realty Investment Trust has acquired Virginia Gateway, a 665,000-square-foot retail center in Gainesville, VA, for $215 million. The property boasts a 95% occupancy rate and is strategically located at the intersection of Route 29 and I-66. This acquisition expands Federal Realty's Northern Virginia portfolio to 3.6 million square feet, solidifying its presence in the region.",https://www.connectcre.com/stories/federal-realty-acquires-northern-virginia-retail-center-for-215m/,1717505786
HD,Back in Black: Orion Returns to Profitability as Sales Recover,"Orion Energy Systems, Inc. reported a net income of $1.6 million for fiscal Q4 2024, ending a streak of unprofitable quarters and marking a significant turnaround. The company achieved a 17.1% increase in total revenue for the fiscal year, driven by growth in LED lighting, EV charging, and maintenance services, and projects continued growth for FY 2025 through strategic diversification and expanding market presence.",https://inside.lighting/news/24-06/back-black-orion-returns-profitability-sales-recover,1717632000
HD,"The Toro Company Q1: Answers The Shorts, But Still Not Cheap (NYSE:TTC)","Toro stock, after dropping due to short report concerns about inventory buildup, rebounded following Q2 earnings. The company appears to be effectively managing dealer channel inventory destocking and a Home Depot phase-out without significant sales impact. Despite addressing short-seller worries, the stock is considered a Hold around $90 due to anticipated slower growth and margin pressure.",https://seekingalpha.com/article/4697963-the-toro-company-stock-q1-answers-the-shorts-but-still-not-cheap-downgrade-hold,1717736580
HD,Lowe’s names new chief marketing officer who will lead retail media efforts,"Lowe's has promoted Jennifer Wilson to Chief Marketing Officer, a role in which she will oversee the company's retail media network, One Roof Media Network, and lead strategic marketing initiatives. Her appointment, effective June 10, comes as Lowe's expands its retail media capabilities, including a beta partnership with Google for off-site retail media solutions. Wilson's extensive background in marketing and merchandising at Lowe's and other agencies positions her to drive customer engagement and business results.",https://www.digitalcommerce360.com/2024/06/11/lowes-new-chief-marketing-officer-retail-media-network/,1718064000
HD,Kimberly-Clark Is on a Roll with New Forest Policy and Goals,"Kimberly-Clark, maker of Kleenex and Scott tissue products, has announced a new Forests, Land, and Agriculture Policy and a goal to eliminate natural forest fiber from its entire product line. This move sets a higher standard in the industry, aiming to reduce forest degradation, particularly in critical northern forests, and includes commitments to Indigenous communities' rights. The policy puts pressure on competitors like Procter & Gamble and aligns with increasing global regulatory scrutiny on deforestation and forest degradation.",https://www.nrdc.org/bio/shelley-vinyard/kimberly-clark-roll-new-forest-policy-and-goals,1718236800
HD,The Home Depot Announces Expiration of Hart-Scott-Rodino Act Waiting Period,"The Home Depot announced the expiration of the Hart-Scott-Rodino (HSR) Act waiting period for its acquisition of SRS Distribution Inc. This satisfies a key condition for the transaction, which is now expected to close around June 18, 2024, subject to customary closing conditions. The company also included a comprehensive forward-looking statements disclaimer detailing potential risks.",https://ir.homedepot.com/news-releases/2024/06-14-2024-130050288,1718323200
HD,Resideo Completes Acquisition of Snap One,"Resideo Technologies, Inc. announced the completion of its acquisition of Snap One for approximately $1.4 billion. This acquisition is expected to expand Resideo's presence in smart living products and distribution, enhance its growth and margin profile, and be accretive to non-GAAP Adjusted EPS in the first full year of ownership. Following the closing, Nate Sleeper and John Stroup of Clayton, Dubilier & Rice LLC joined Resideo's Board of Directors.",https://www.prnewswire.com/news-releases/resideo-completes-acquisition-of-snap-one-302173096.html,1718360280
HD,Weil Advises The Home Depot in its $18.25B Acquisition of SRS,"Weil, Gotshal & Manges LLP advised The Home Depot on its acquisition of SRS Distribution Inc. for approximately $18.25 billion. The transaction involves Home Depot acquiring SRS, a leading residential specialty trade distribution company serving professional roofers, landscapers, and pool contractors. A large Weil team, including partners Michael J. Aiello and Eoghan Keenan, handled various aspects of the deal.",https://www.weil.com/articles/weil-advises-the-home-depot-in-its-18-point-25b-acquisition-of-srs,1718668800
HD,The Home Depot Completes Acquisition of SRS Distribution,"The Home Depot has completed its acquisition of SRS Distribution for approximately $18.25 billion, a move that is expected to increase its total addressable market by approximately $50 billion to $1 trillion. This acquisition enhances The Home Depot's capabilities in serving professional residential customers and establishes it as a leading specialty trade distributor across multiple verticals. Ted Decker, CEO of The Home Depot, stated that SRS is an excellent fit, complementary and additive to their growth, thanks to its strong vision and customer service.",https://www.lumberbluebook.com/2024/06/18/the-home-depot-completes-acquisition-of-srs-distribution/,1718668800
HD,The Home Depot Completes Acquisition of SRS Distribution,"The Home Depot has finalized its acquisition of SRS Distribution, Inc. for approximately $18.25 billion, as announced on March 28, 2024. This acquisition significantly expands The Home Depot's addressable market and strengthens its position in serving residential professional customers across various specialty trade verticals, including roofing, landscaping, and pool contracting. The integration of SRS is expected to accelerate Home Depot's growth in this segment and enhance its service offerings.",https://www.prnewswire.com/news-releases/the-home-depot-completes-acquisition-of-srs-distribution-302175601.html,1718706600
HD,Home Depot Buys SRS Distribution As DIY Giants Turn To Pro Market,"Home Depot has acquired SRS Distribution Inc. for approximately $18.25 billion, aiming to expand its reach in the professional contractor market, which it estimates will increase its total addressable market to $1 trillion. This acquisition is part of a strategy to better serve residential professional customers for complex projects, especially as DIY sales have softened. The move reflects a broader trend among DIY giants to focus on pro markets to bolster growth.",https://www.forbes.com/sites/markfaithfull/2024/06/19/home-depot-buys-srs-distribution-as-diy-giants-turn-to-pro-market/,1718776800
HD,"Home Depot (HD) Buys SRS Distribution, Reaches $1 Trillion TAM","Home Depot (HD) has finalized its acquisition of SRS Distribution for $18.25 billion, expanding its total addressable market to $1 trillion. This acquisition is expected to boost Home Depot's Pro business by offering more fulfillment and service options to residential professional customers. The company continues to invest in strategic initiatives, including its ""One Home Depot"" plan, to enhance its interconnected retail strategy and Pro capabilities.",https://finance.yahoo.com/news/home-depot-hd-buys-srs-124300339.html,1718801961
HD,Shares of swimming-pool makers slide after warning about weakening demand,"Pool Corp. issued a profit warning for 2024, citing weak demand for new pools, causing shares of swimming-pool makers to decline. The company projects new-pool construction activity to fall 15% to 20% and remodel activity to decrease by as much as 15%. This grim outlook from an industry leader indicates a slowdown in consumer spending on swimming pools and related equipment.",https://www.marketwatch.com/story/people-arent-spending-on-swimming-pools-right-now-an-industry-leading-company-warns-42de813f?gaa_at=eafs&gaa_n=AWEtsqdXZaWf-UocD1tckfNiJm32Sw9KaXsmQqogrJDghAJrj9TbM3nyjKcf&gaa_ts=6907627b&gaa_sig=oiVxI3FX8UUqsQiENzUSa77VkJAj1PbLwnlO_lE5rQdpK101w02htxnD0ZFk9ZKuoGgxsuRn4xvocDX3cW7sSw%3D%3D,1719317820
HD,Home Depot and Lowe’s Target the Pros,"Home Depot and Lowe's are increasingly focusing on professional builders and contractors, a segment that accounts for a significant portion of their revenue, despite individual consumers driving the majority of sales. This shift comes as the general home improvement market slows down due to high mortgage rates and changing consumer spending habits post-pandemic. Both companies are implementing strategies, including acquisitions and specialized services, to capture a larger share of the pro market, which collectively represents nearly $100 billion in annual sales for the two giants.",https://therobinreport.com/home-depot-and-lowes-target-the-pros/,1719320361
HD,EXCLUSIVE: Home Depot builds retail media network around DIY needs,"The Home Depot has developed its retail media network, Orange Apron Media, to better connect brands with its unique DIY customer base. Launched in 2018 and upgraded in March 2024, the network helps suppliers like Scotts target residential and professional customers at crucial points in their buying journeys. Home Depot plans to expand its focus to multicultural and pro audiences, leveraging its brand trust for greater impact.",https://chainstoreage.com/exclusive-home-depot-builds-retail-media-network-around-diy-needs,1719446400
HD,How A Broken Furnace Led To An Innovative New Power Solution,"Entrepreneurs Pierre Delforge and Jane Melia, both Ph.D. Cambridge University engineers, founded Harvest Thermal after their home furnace broke in 2018. Their company developed the Smart Thermal Battery, which combines heat pump technology with thermal energy storage to reduce home emissions, lower heating bills, and provide superior comfort. Harvest Thermal's system has gained recognition and awards, securing nearly $11 million in funding, and is expanding its reach in new construction, home retrofits, and multi-family housing.",https://www.housingwire.com/articles/how-a-domestic-problem-led-to-an-innovative-new-power-solution/,1719493436
HD,Tractor Supply Co. Just Made a Bold Change to Drop DEI at the End of Pride Month,"Tractor Supply Co. announced it would be eliminating its DEI department at the end of Pride Month, a decision influenced by a conservative activist campaign. This move follows similar quiet cutbacks in DEI funding by other major companies, despite general public support for DEI initiatives, highlighting a correlation between DEI support and political affiliation. The article suggests that for companies with a conservative customer base, pulling back on DEI might be a smarter business move to avoid controversy.",https://www.inc.com/suzanne-lucas/tractor-supply-bold-change-drop-dei-pride-month.html,1719532800
HD,4 Reasons to Buy Home Depot Stock Like There's No Tomorrow,"This article argues for investing in Home Depot stock, highlighting four key reasons. It emphasizes Home Depot's market dominance and vast network, its reliable dividend history despite occasional growth pauses, the current 14% discount from its recent high making it a good buying opportunity, and the anticipated recovery in the homebuilding market which will benefit the company.",https://www.fool.com/investing/2024/07/01/4-reasons-to-buy-home-depot-stock-like-theres-no/,1719828420
HD,Beloved retail chain with 400 locations to close down store after 24 years - and enters 'final phase' sales up to 70%,"A Bassett Furniture franchisee in Redmond, Washington, is closing its store after 24 years, offering final sales with discounts up to 70% on rugs and up to 65% on other furniture. The liquidation sale began in April, with the last day for shoppers being July 7, 2024. This closure follows Bassett Furniture Industries, Inc. reporting an operating loss, though no new corporately owned stores are planned for 2024.",https://www.the-sun.com/money/11777853/basset-furniture-closure-redmond-washington-sale/,1719834120
HD,Home Depot fined $1.6M for allegedly selling environmentally harmful refrigerant in Washington,"The Home Depot has been fined $1.6 million by the Washington State Department of Ecology for allegedly selling banned products containing environmentally harmful hydrofluorocarbons (HFCs). Despite repeated attempts by the Department of Ecology to ensure compliance between 2001 and 2003, Home Depot continued to sell an automotive HFC refrigerant called R-134a through its website in Washington, with 1,058 units sold during that period. The company has 30 days to appeal the penalty.",https://www.koin.com/news/environment/home-depot-washington-fined-environmentally-harmful-refrigerant/,1719834960
HD,Report: North American furniture market to experience significant growth,"A report by Allied Market Research predicts significant growth in the North American furniture market, with its value projected to reach over $400 billion by 2030. The residential segment, driven by increased consumer spending, urbanization, and work-from-home trends, is expected to maintain the largest market share. The commercial segment is also forecast to grow rapidly due to companies investing in comfortable office environments, though raw material price increases pose a potential challenge.",https://www.woodworkingnetwork.com/news/woodworking-industry-news/report-north-american-furniture-market-experience-significant-growth,1720438920
HD,Macy’s hires new CIO from within,"Macy's Inc. is promoting Keith Credendino to Chief Information Officer, effective August 4, 2024. He will replace Laura Miller, who is retiring. Credendino has been with Macy's for over two years, having previously held positions at Inspire Brands, The Home Depot, and other companies. His promotion comes at a turbulent time for Macy's, which is facing a takeover bid, board changes, and plans to close 150 locations.",https://www.retaildive.com/news/macys-cio-replacement-technology-marketplace/720955/,1720613268
HD,Home Depot to settle fine for violating California consumer protection law,"Home Depot has agreed to a $750,000 settlement for violating California consumer protection laws related to gift card redemption. The lawsuit alleged the company did not allow customers to redeem gift cards with balances under $10 for cash, as required by state law. As part of the settlement, Home Depot will implement changes to its systems, provide notices about the law, and train employees on proper gift card redemption procedures.",https://ktla.com/news/california/home-depot-to-settle-fine-for-violating-california-consumer-protection-law/,1720613268
HD,Home Depot overcharges customers for rentals class action claims,A new class action lawsuit alleges that Home Depot systematically overcharged customers using its tool rental service by charging excessive late fees and inflated Damage Protection costs. The lawsuit claims Home Depot's practices violate consumer laws and breach its own rental contracts from two distinct periods: 2015-2019 and 2022-present. E&G Enterprise Inc. is seeking to represent all impacted Home Depot customers nationwide to recover damages and legal costs.,https://topclassactions.com/lawsuit-settlements/money/fees/home-depot-overcharges-customers-for-rentals-class-action-claims/,1721088000
HD,VCR: Consumer Discretionary Sector Dashboard For July (NYSEARCA:VCR),"This monthly article series provides a dashboard with aggregate subsector metrics in the Consumer Discretionary sector, highlighting that consumer services are the most attractive subsector based on value and quality scores. It also points out that the auto and components industry is below its baseline for both scores. The article suggests Vanguard Consumer Discretionary Index Fund ETF Shares (VCR) as an alternative to XLY and identifies nine stocks that were cheaper than their peers in July 2024.",https://seekingalpha.com/article/4704392-vcr-consumer-discretionary-sector-dashboard-for-july,1721203200
HD,Conn's HomePlus stores closing nationwide after company filed bankruptcy,"Conn's HomePlus, a home goods retailer, is closing several stores after filing for Chapter 11 bankruptcy on July 23. This move follows three consecutive years of fiscal losses and an over 80 percent drop in shares in 2023. The company, founded over 130 years ago, has listed 174 stores for closure, including six in Tennessee and two in Mississippi, and is holding a going-out-of-business sale.",https://www.localmemphis.com/article/news/local/conns-homeplus-stores-closing-after-filed-bankruptcy/522-1af9a7df-704f-48e3-aacb-b73620261f14,1722256380
HD,Dollar Tree selling $1.25 dinner essential - 94% cheaper than Williams-Sonoma,"Dollar Tree is selling Royal Norfolk Stoneware Dinner Plates for $1.25, which are a dupe for Williams-Sonoma's Le Creuset Vancouver Dinner Plates that cost $20 each. This makes the Dollar Tree plates 94% cheaper. Shoppers are praising the quality of these budget-friendly plates and Dollar Tree is also noted for its other popular dupes, including beauty products from Five Below.",https://www.the-sun.com/money/12083504/dollar-tree-dupe-dinner-essential-plates-williams-sonoma/,1722526415
HD,"Going Into Earnings, Is Home Depot Stock a Buy, a Sell, or Fairly Valued?","Ahead of its Q2 earnings report, Morningstar assesses Home Depot stock as overvalued with a 1-star rating despite increasing its fair value estimate to $270 after incorporating the SRS acquisition. The article details what to watch for in the Q2 earnings, the impact of the SRS acquisition on financial outlook, and Home Depot's competitive advantages, financial strength, and risk profile. Morningstar rates Home Depot with a wide economic moat and a low uncertainty rating.",https://www.morningstar.com/stocks/going-into-earnings-is-home-depot-stock-buy-sell-or-fairly-valued-3,1722816000
HD,Appellate Court Backs Home Depot in 401(k) Excessive Fee Suit,"A federal appellate court has affirmed a lower court's decision in a 401(k) excessive fee lawsuit against Home Depot, ruling that plaintiffs bear the burden of proving that plan losses were caused by imprudent fiduciary actions. The Eleventh Circuit Court concluded that Home Depot's investment decisions were objectively prudent and that the plaintiffs failed to demonstrate loss causation. This decision highlights a split among federal circuits regarding the burden of proof in ERISA excessive fee cases.",https://www.napa-net.org/news/2024/8/appellate-court-backs-home-depot-401k-excessive-fee-suit/,1722816000
HD,11th Circuit Sides With Home Depot in 401(k) Excessive Fee Lawsuit,"The 11th Circuit Court of Appeals affirmed a lower court's decision in a 401(k) excessive fee lawsuit against The Home Depot Inc. The ruling places the burden of proof on workers to show how the company's conduct caused them to suffer losses, diverging from rulings in several other circuits. The case, Pizarro et al. v. The Home Depot Inc. et al., involved allegations that Home Depot offered imprudent investment options with higher fees than similar plans.",https://www.plansponsor.com/11th-circuit-sides-with-home-depot-in-401k-excessive-fee-lawsuit/,1722902400
HD,"Michaels bolsters same-day delivery with DoorDash, Uber Eats","Michaels is expanding its same-day delivery services by partnering with DoorDash and Uber Eats, making crafting supplies and home decor available from over 1,200 stores nationwide. This move aims to enhance omnichannel experience, convenience, and reach new audiences, mirroring a broader trend of retailers using on-demand delivery platforms beyond restaurant services. Other businesses like Home Depot and Lowe's have also ramped up their same-day delivery offerings.",https://www.supplychaindive.com/news/michaels-doordash-uber-same-day-delivery/723564/,1722988800
HD,11th Circuit Appeals Court Rules With Home Depot on 401(k) Fee Suit,"The U.S. 11th Circuit Court of Appeals sided with Home Depot in an excessive 401(k) fee lawsuit, affirming a lower court's decision that the plaintiffs failed to prove Home Depot's conduct caused their losses. This ruling highlights a circuit split, as other appellate courts and the Department of Labor place the burden of proof on fiduciaries once a breach and loss are established. The court reiterated that plaintiffs must demonstrate that a hypothetical prudent fiduciary would not have made the same investment choices, concluding that Home Depot's decisions were ""objectively prudent.""",https://www.planadviser.com/11th-circuit-appeals-court-rules-home-depot-401k-fee-suit/,1723028691
HD,Investors - Governance - Board of Directors - Person Details,"This page introduces Keith Credendino as the Chief Information Officer of Macy's, Inc., a role he assumed in August 2024. It details his responsibilities, which include overseeing information technology applications, infrastructure, and operations that support Macy's' data-first modernization strategy. The article also highlights his previous experience at Macy's as Senior Vice President, Technology Product Development, Customer Experience, and prior roles at Inspire Brands, The Home Depot, InterContinental Hotels Group, and Cox Enterprises, emphasizing his expertise in large-scale e-commerce, loyalty systems, and cloud-native infrastructure.",https://www.macysinc.com/investors/governance/board-of-directors/person-details/default.aspx?ItemId=d3cbed6a-0ca3-497a-b98a-42a816c56e03,1723201916
HD,Home Depot reports another quarter of soft earnings as potential rate cut comes into view,"Home Depot reported soft earnings for the seventh consecutive quarter, with revenue of $43.18 billion and adjusted EPS of $4.67, missing revenue expectations. The decline is attributed to high interest rates and cautious consumer spending on major home improvement projects. The company anticipates a turnaround with potential interest rate cuts, with fiscal 2024 guidance updated to expect total sales to increase by 2.5% to 3.5%, while comparable sales are projected to decline between 3% and 4%.",https://finance.yahoo.com/news/home-depot-reports-another-quarter-of-soft-earnings-as-potential-rate-cut-comes-into-view-121626752.html,1723507200
HD,The Home Depot Announces Second Quarter Fiscal 2024 Results; Updates Fiscal 2024 Guidance,"The Home Depot reported second-quarter fiscal 2024 sales of $43.2 billion, a 0.6% increase from the prior year, though comparable sales deceased 3.3%. The company updated its fiscal 2024 guidance, including SRS Distribution Inc. acquisition, projecting total sales to increase between 2.5% and 3.5% and comparable sales to decline between 3% and 4%. The CEO noted consumer demand pressure due to higher interest rates and macroeconomic uncertainty.",https://ir.homedepot.com/news-releases/2024/08-13-2024-110126639,1723507200
HD,Home Depot’s stock bounces as home improvement demand may have just bottomed,"Shares of Home Depot Inc. bounced on Tuesday despite the company reporting worse-than-forecast fiscal second-quarter comparable sales and a cut in its full-year profit outlook. The rebound was driven by an implication that lower interest rates could stimulate interest in large home improvement projects, leading the company to raise its total sales growth guidance. This suggests that the demand for home improvement services might be nearing a bottom, potentially driven by anticipated monetary policy shifts.",https://www.marketwatch.com/story/home-depots-stock-drops-as-earnings-beat-but-comparable-sales-missed-and-the-outlook-was-cut-fff23db7?gaa_at=eafs&gaa_n=AWEtsqdBgZSLtFJvhthjp14WF1Yps3BSsRFtTHGGLUOIk0ey3Ayrz8aTjuIM&gaa_ts=690755a2&gaa_sig=O-T_pjvbG5HQMD9bwAPtgN08IirEKXlWCQs4oyxDLj7T351F8kudFBft1kYPQk9xcpmu2mj2k-7DMY5Vycw3yA%3D%3D,1723529400
HD,"Stocks of Lowe's, Behr paint seller Masco get a boost after Home Depot earnings","Shares of home improvement companies, including Lowe's and Masco, saw a boost after Home Depot's earnings report and favorable inflation data. While Home Depot missed sales expectations due to high interest rates impacting demand for larger projects, optimism grew that demand would improve once the Federal Reserve starts lowering rates. This led to stock gains across the sector, including paint sellers and building material suppliers.",https://www.marketwatch.com/livecoverage/stock-market-today-dow-futures-rise-as-traders-await-ppi-inflation-data/card/stocks-of-lowe-s-behr-paint-seller-masco-get-a-boost-after-home-depot-earnings-KDopUYH5nbwRaNfw4zlo?gaa_at=eafs&gaa_n=AWEtsqcCD395yFKk3zKtKXjIVS7Jf7dPuEG1fCT6gjG0TCAaJNK2bInDPSMf&gaa_ts=69075ef0&gaa_sig=tfc2NewEIPsuJpLUdBOVQHMEYuB5KWl5OWam6Z_f0gP7zjU4wnLgXYr2qTBBJPZfaV75DQBhvVHoVldO2bXwxg%3D%3D,1723569600
HD,Qualified Remodeler's ‘TOP 500’ Residential Remodelers Offers Insights on $500 billion R&R Market,"Qualified Remodeler has released its 46th annual TOP 500 list, highlighting that the largest residential remodelers generated $21.7 billion in sales from 2.1 million jobs, an increase from $19.9 billion the previous year. This growth occurred despite challenging market conditions, with specialty home improvement firms showing the fastest expansion. The article also announces the upcoming TOP 500 LIVE conference in October.",https://www.businesswire.com/news/home/20240816083837/en/Qualified-Remodelers-TOP-500-Residential-Remodelers-Offers-Insights-on-%24500-billion-RR-Market,1723807107
HD,Walmart Overtakes PepsiCo on Top 100 Private Carriers List,"Walmart Inc. has become the largest private motor carrier in North America, reaching No. 1 on Transport Topics' Top 100 Private Carriers list for the first time since 2002. This move unseats longtime leader PepsiCo Inc., driven by Walmart's expansion of its fleet to 12,663 power units and investments in its driver training programs. The updated list also highlights significant changes due to mergers and acquisitions, introducing several new companies to the Top 100 rankings.",https://www.ttnews.com/articles/private-100-walmart-pepsico,1723824000
HD,"Conn’s Closures Leave Behind A Swath Of Empty Retail, Industrial Space In Texas","Conn’s Inc.'s Chapter 11 bankruptcy filing will result in 174 Conn’s HomePlus stores and 380 Badcock Home Furniture stores closing, leaving millions of square feet of retail and industrial space empty across Texas. The closures are expected to have a significant impact on Texas's commercial real estate market, particularly given Conn's large existing footprint in the state, including 83 locations and nearly 4M SF of industrial space. Despite the potential for landlords to re-tenant spaces and raise rents due to strong market fundamentals, the large floor plates of Conn's stores and the possibility of a ""domino effect"" on smaller tenants could present challenges.",https://www.bisnow.com/houston/news/retail/conns-closures-to-leave-behind-a-swath-of-empty-retail-industrial-space-in-texas-125449,1724064856
HD,Lowe’s Cuts Full-Year Guidance Amid Soft Housing Market,"Lowe's has lowered its full-year guidance due to a softened housing market, leading to reduced consumer spending on home renovations and DIY projects. The retailer now anticipates comparable sales to fall by 3.5% to 4%, a steeper decline than its previous forecast, and expects lighter adjusted earnings. Despite this, Lowe's reports making progress with professional customers.",https://www.bloomberg.com/news/articles/2024-08-20/lowe-s-cuts-full-year-guidance-amid-soft-housing-market,1724148300
HD,New: Roofing Material Market to Increase 57% by 2034,"A new report by Future Market Insights forecasts the global roofing material market to reach over $231 billion by 2034, growing at a CAGR of 4.6%. The U.S. domestic market is expected to hit $29 billion in the same period. This growth is attributed to increasing global construction, rising demand for energy-efficient solutions, and technological advancements in materials.",https://www.roofingcontractor.com/articles/99810-new-roofing-material-market-to-increase-57-by-2034,1724324093
HD,Unlock Homebuilder Gains: ITB vs. XHB—Which ETF Is Your Golden Ticket to Housing Market Success ?,"This article provides a detailed comparison of two homebuilder ETFs, ITB and XHB, to help investors decide which is better suited for their portfolios. It analyzes their fund composition, performance, expense ratios, and risk profiles, highlighting ITB's concentrated exposure to home builders and XHB's diversified approach. The piece aims to guide investors in aligning their ETF choice with their investment goals and risk tolerance in the dynamic U.S. housing market.",https://www.tradingnews.com/news/itb-vs-xhb-unpacking-the-better-homebuilder-etf-for-your-portfolio,1724426672
HD,Hertz adds former Home Depot CEO and ex-GM general counsel to its board,"Hertz Global Holdings has appointed Frank Blake, former CEO of The Home Depot, and Lucy Clark Dougherty, former GM deputy general counsel, to its board of directors. These additions aim to strengthen the board with their extensive experience in business, government, law, and driving business transformation. Their diverse backgrounds are expected to help steer the company toward future success.",https://www.autoremarketing.com/ar/wholesale/hertz-adds-former-home-depot-ceo-and-ex-gm-general-counsel-to-its-board/,1724769840
HD,Home Depot Sued Over Use of Plan Forfeitures,"Home Depot Inc. is facing a lawsuit from a former employee alleging misuse of 401(k) plan forfeitures. The complaint, filed in U.S. District Court for the Northern District of Georgia, claims the company breached ERISA duties by using forfeited funds to reduce employer contributions instead of covering administrative expenses. This case follows similar lawsuits against other major employers regarding 401(k) forfeiture practices.",https://www.plansponsor.com/home-depot-sued-over-use-of-plan-forfeitures/,1724976000
HD,The Home Depot Inc (HD): Is It a Buy? – Acquirer’s Multiple Stock Screener Analysis,"This article analyzes The Home Depot Inc (HD) using The Acquirer's Multiple stock screener, highlighting its position as the world's largest home improvement retailer. It details the company's operational footprint, recent strategic acquisitions, and key financial metrics that suggest it may be undervalued. The analysis points to the stock's 14.32% increase over the past year and provides several financial indicators supporting its potential as a 'buy'.",https://acquirersmultiple.com/2024/08/the-home-depot-inc-hd-is-it-a-buy-acquirers-multiple-stock-screener-analysis/,1725015891
HD,Mandarin Kmart building cleared for demolition for new Home Depot,"The former Kmart building at 9600 San Jose Blvd in Mandarin, which has been closed since 2016, is approved for demolition. Home Depot plans to build a new 132,975-square-foot store, including a large garden center, on the 11.64-acre site. The Jacksonville City Council rezoned the property for this purpose in May, and the demolition permit was issued on September 6, 2024.",https://www.jaxdailyrecord.com/news/2024/sep/09/mandarin-kmart-building-cleared-for-demolition-for-new-home-depot/,1725876587
HD,Wood Products Market Opportunities and Strategies to 2033:,"The global wood products market is projected to grow from $788.45 billion in 2023 to $1.58 trillion by 2033, driven by increasing focus on home renovation, infrastructure development, demand for energy-efficient buildings, and rapid urbanization. The report highlights key segments like finished wood products and the offline distribution channel as major growth areas, with Asia-Pacific dominating the market and the Middle East and Africa showing the fastest growth. Strategies for companies include focusing on sustainable materials, AI integration, automation, and strategic acquisitions to capitalize on market opportunities.",https://www.globenewswire.com/news-release/2024/09/23/2951256/28124/en/Wood-Products-Market-Opportunities-and-Strategies-to-2033-Global-Wood-Products-Market-Set-to-Surpass-1-58-Trillion-by-2033.html,1727075460
HD,Home Depot places huge Valley warehouse on sublease market,"The Home Depot Inc. has put its 1.3-million-square-foot warehouse in Goodyear, Arizona, on the sublease market. This move comes after the company rapidly expanded its industrial footprint to meet increased demand during the COVID-19 pandemic. Home Depot had signed a 10-year lease for the facility in late 2021.",https://www.abc15.com/news/business/home-depot-places-huge-valley-warehouse-on-sublease-market,1727258987
HD,New Report Finds Shoppers Value In-store Shopping,"A new report by Ryder System reveals that despite the flourishing e-commerce market, consumers are increasingly valuing in-store shopping experiences. The study found that 61% of shoppers enjoy the in-store experience, a significant increase from last year, and many use their mobile devices while shopping in physical stores for price comparisons and product information. Additionally, 55% of consumers now prefer to return online purchases in-store, often leading to additional purchases during their visit.",https://wwd.com/business-news/business-features/shoppers-prefer-in-store-shopping-ryder-system-1236640692/,1727260147
HD,Big problems for big furniture store chain with 14 NJ locations,"Bob's Discount Furniture is facing significant online problems, including a network disruption that began on Thursday and escalated by Friday. Although their physical stores remain open for business, customers expecting deliveries are advised to check emails for updates, as the company cannot provide real-time information or adjustments. The issue has also made it impossible to contact the company via phone, affecting its 14 New Jersey, 16 Pennsylvania, and 180 nationwide locations.",https://wpgtalkradio.com/big-problems-for-big-furniture-store-chain-with-14-nj-16-pa-locations/,1727517121
HD,2 Dividend Growth ETFs That You Can Count on for Recurring Income for Decades,"This article highlights two dividend growth ETFs, the WisdomTree U.S. Quality Dividend Growth Fund (DGRW) and the Vanguard Dividend Appreciation ETF (VIG), as excellent long-term investment options for recurring income. It details their holdings, expense ratios, dividend yields, and past performance, making a case for why they are suitable for investors looking for consistent cash flow. The author also provides a brief comparison between the two, noting DGRW's slightly higher returns due to more tech exposure and VIG's greater safety and diversification.",https://www.theglobeandmail.com/investing/markets/markets-news/Motley%20Fool/28878404/2-dividend-growth-etfs-that-you-can-count-on-for-recurring-income-for-decades/,1728014934
HD,RPM International Thrives in Rate-Cut Driven Construction Rally,"RPM International, a specialty chemicals and building materials manufacturer, is experiencing a surge to all-time highs, driven by an anticipated construction rally fueled by interest rate cuts. Despite a slight revenue decline, the company reported record earnings before interest and taxes (EBIT) in Q1 2025, showcasing improved efficiencies across its diverse brand portfolio. The article highlights RPM's strong market position, mixed guidance, and technical analysis suggesting further growth potential, making it a potential buy for investors seeking construction sector exposure.",https://www.marketbeat.com/originals/rpm-international-thrives-in-rate-cut-driven-construction-rally/,1728259200
HD,Home Depot to Force Corporate Staff to Work Shifts in Stores,"Home Depot plans to require its corporate staff, including senior management and remote workers, to work 8-hour shifts in retail stores each quarter. This initiative aims to help corporate employees understand the challenges faced by in-store associates and improve employee retention amid rising labor activism and a sales slump. The move is considered unusual for the retail sector.",https://finance.yahoo.com/news/home-depot-force-corporate-staff-204000404.html,1728345600
HD,Prime San Antonio retail center changes hands,"JLL Capital Markets announced the sale of Village at Stone Oak, a 476,371-square-foot retail center in San Antonio, Texas, from SITE Centers to Sterling Organization. The center, a high-performing asset ranking in the top 5% of U.S. shopping centers, boasts an 84% occupancy rate and a diverse tenant mix. Its strategic location in Bexar County and proximity to an affluent community and major attractions make it an attractive investment.",https://www.jll.com/en-us/newsroom/prime-san-antonio-retail-center-changes-hands,1728378842
HD,Fastenal Ends 3Q with Momentum,"Fastenal reported improved sales metrics for September and the third quarter of 2024, indicating a demand uptick in the industrial supply sector. While gross margin continued to slide, the company demonstrated solid cost discipline and management amidst a challenging demand environment. The sales gains suggest July might have been the low-point for industrial demand, pointing towards a potential acceleration period.",https://www.mdm.com/news/top-distributor-sectors/construction/fastenal-ends-3q-with-momentum/,1728604800
HD,"Home Depot Plans to Make Every Employee, Including Executives, Work in Stores. It's an Absolutely Brilliant Move","Home Depot plans to implement a policy requiring all employees, including executives, to work an eight-hour shift in a store once per quarter. This initiative is lauded as brilliant for providing corporate staff with hands-on experience and a deeper understanding of the core business, improving decision-making, and fostering respect between employees and executives. The author emphasizes the importance of humility from corporate staff during these shifts for the program to be successful and advocates for similar cross-training in other businesses.",https://www.inc.com/suzanne-lucas/home-depot-plans-to-make-every-employee-including-executives-work-in-stores-its-an-absolutely-brilliant-move/90989166,1729036800
HD,"Home Depot to open Montgomery location, the first big-box home improvement store in town","Home Depot is set to open its first big-box home improvement store in Montgomery, Texas, on October 24. This new location will create 130 jobs in the 3,000-resident city. The opening marks a significant addition to the area's retail landscape.",https://www.bizjournals.com/houston/news/2024/10/16/home-depot-opens-in-montgomery.html,1729036800
HD,City issues building permit for The Home Depot in Mandarin,"The City of Jacksonville has issued a building permit for a new Home Depot store in Mandarin, to be constructed on the former Kmart site at 9600 San Jose Blvd. The $8 million project will be undertaken by Ordner Construction Co. Inc., creating a 132,975-square-foot facility including a large retail space and a garden center. The demolition of the Kmart store, which closed in 2016, was completed in September.",https://www.jaxdailyrecord.com/news/2024/oct/16/city-issues-building-permit-for-the-home-depot-in-mandarin/,1729109880
HD,XLY: Consumer Discretionary Dashboard For October,"This article analyzes the consumer discretionary sector, focusing on fundamental and momentum metrics, and identifies consumer services as the most compelling subsector due to its slight undervaluation and excellent quality score. It provides fast facts on the XLY sector benchmark and lists nine stocks that are cheaper than their peers in October.",https://seekingalpha.com/article/4727209-xly-consumer-discretionary-dashboard-for-october,1729152900
HD,Deals of the Year: AGCO closes joint venture with technology company Trimble - Atlanta Business Chronicle,"AGCO Corp. has finalized a joint venture with Trimble Inc., acquiring an 85% interest in Trimble's Ag assets and technologies. This deal was recognized as a ""Deals of the Year"" by the Atlanta Business Chronicle. The acquisition aims to expand AGCO's portfolio as an agricultural machinery and equipment manufacturer and distributor.",https://www.bizjournals.com/atlanta/news/2024/10/21/agco-trimble-deal.html,1729468800
HD,"Cohen & Steers and Acadia Realty Trust Acquire Open-Air Shopping Center in Tampa, FL","Cohen & Steers and Acadia Realty Trust have formed a joint venture to acquire The Walk at Highwoods, a 141,000 square foot open-air shopping center in Tampa, Florida. This acquisition aligns with their shared view that open-air shopping centers are well-positioned for a new economic cycle due to robust demand and limited new retail construction, especially within Tampa's high-growth market. The center is fully occupied by national and local retailers and benefits from Tampa's strong economic and population growth.",https://www.citybiz.co/article/619625/cohen-steers-and-acadia-realty-trust-acquire-open-air-shopping-center-in-tampa-fl/,1730160000
HD,Grainger Tops National Employee Opportunity Ranking,"W.W. Grainger Inc., a major industrial distributor, has been ranked as the top provider of employee opportunities among large U.S. companies in the 2024 American Opportunity Index. The company's performance is attributed to its core principles, recognition of its workforce as a competitive advantage, and various development programs. Grainger Chairman and CEO D.G. Macpherson emphasized the company's commitment to providing meaningful career opportunities for every team member.",https://www.inddist.com/workforce-development/news/22924851/grainger-tops-national-employee-opportunity-ranking,1730160000
HD,I’m a Former Maintenance Worker—This Is The Only Brand of Cleaner I Need For My Whole House,"A former New York City luxury high-rise janitor, Anthony O'Reilly, tested a suite of Ecolab cleaning products for 30 days and found them to outperform other brands while being significantly more affordable. He highlights six specific Ecolab products—Heavy-Duty Citrus Degreaser, Industrial Degreaser, Mold and Mildew Stain Remover, Foaming Tub and Tile Cleaner, Hardwood and Laminate Floor Cleaner, and Fast Action Foaming Degreaser—detailing their effectiveness on various household cleaning challenges, from stubborn grease to mold and hard water stains. O'Reilly concludes that Ecolab is now the only cleaning brand he needs for his entire home.",https://www.familyhandyman.com/list/ecolab-products/,1730192464
HD,Urban Edge sells Home Depot property in Union for $71 million,"Urban Edge Properties has sold a 232,000-square-foot Home Depot property in Union Township, New Jersey, for $71 million as part of a Section 1031 like-kind exchange. The company simultaneously acquired a 382,000-square-foot upscale retail center in Gambrills, Maryland, for $126 million. This move is part of Urban Edge's strategy to acquire high-quality retail assets in core markets and divest noncore properties.",https://re-nj.com/urban-edge-sells-home-depot-property-in-union-for-71-million/,1730332800
HD,11 Recycled Building Materials Made From Trash,"This article highlights 11 innovative building materials created from post-consumer waste, tackling the significant problem of landfill-bound trash. Companies are transforming items like old jeans, fishing nets, glass bottles, and tires into durable, cost-effective, and eco-friendly construction products. From insulation and carpet tiles to countertops and roofing shingles, these recycled materials offer sustainable alternatives for various building needs.",https://www.familyhandyman.com/list/recycled-building-materials-made-from-trash/,1730536990
HD,"Home Depot co-founder, GOP donor Bernie Marcus dead at 95","Bernie Marcus, the co-founder of Home Depot and a prominent Republican donor, has passed away at the age of 95. A self-made billionaire, Marcus co-founded Home Depot in 1978 and later established the Job Creators Network and the Marcus Foundation, which has given over $2 billion to charitable causes. He was also a staunch critic of President Biden's economic policies.",https://www.foxbusiness.com/business-leaders/home-depot-co-founder-bernie-marcus-dead-95,1730796960
HD,How To Earn $500 A Month From Home Depot Stock Ahead Of Q3 Earnings,"This article discusses how an investor can earn $500 a month from Home Depot stock through its dividends, ahead of its Q3 earnings report. It details the number of shares and investment required to achieve this monthly income based on Home Depot's current dividend yield. The article also provides analyst expectations for Home Depot's Q3 earnings and revenue.",https://finance.yahoo.com/news/earn-500-month-home-depot-132439639.html,1731283200
HD,The Home Depot Announces Third Quarter Fiscal 2024 Results; Updates Fiscal 2024 Guidance,"The Home Depot reported third-quarter fiscal 2024 sales of $40.2 billion, a 6.6% increase from the prior year, though comparable sales nationally decreased by 1.3%. The company updated its fiscal 2024 guidance, anticipating a total sales increase of approximately 4% and a diluted earnings-per-share decline of about 2%. This performance exceeded expectations despite macroeconomic uncertainty.",https://ir.homedepot.com/news-releases/2024/11-12-2024-110156861,1731369600
HD,"Home Depot, Live Nation, em espera","US stock index futures saw a slight decline on Tuesday, following a Wall Street rally driven by election results. Investors are now anticipating key inflation data later in the week to gain further insight into the country's economic and monetary policy outlook. This article also highlights top movers on the NYSE and NASDAQ before market open, along with specific company news for Home Depot, Live Nation, and others.","https://es.tradingview.com/news/reuters.com,2024:newsml_L1N3MJ0MT:0/",1731381224
HD,Home Depot’s Q3 results top Wall Street as pullback in consumer spending eases a bit,"Home Depot's fiscal third-quarter results surpassed Wall Street expectations, despite an ongoing pullback in consumer spending that was less severe than in previous quarters. The company reported a 6.6% increase in revenue to $40.22 billion and raised its full-year revenue outlook, now expecting a rise of about 4%. While sales at stores open at least a year still declined, the drop was less significant than in the second quarter, leading to a rise in Home Depot's shares in premarket trading.",https://www.greenfieldreporter.com/2024/11/12/home-depots-q3-results-top-wall-street-as-pullback-in-consumer-spending-eases-a-bit/,1731398952
HD,Savvy acquisition saves Home Depot from third-quarter revenue decline,"Home Depot Inc. reported third-quarter sales exceeding Wall Street expectations and upgraded its full-year guidance, largely due to its acquisition of SRS Distribution. While total sales increased by 6.6% to $40.2 billion, comparable sales dropped 1.3% year-over-year. The acquisition of SRS Distribution for $18.25 billion is projected to add $6.4 billion in full-year sales, offsetting an expected sales decline for Home Depot without the acquisition.",https://www.proactiveinvestors.com/companies/news/1060411/savvy-acquisition-saves-home-depot-from-third-quarter-revenue-decline-1060411.html,1731399900
HD,Home Depot Raises Outlook on Hurricane-Fueled Demand,"Home Depot Inc. (HD) has raised its sales forecast for a key metric, driven by increased demand for home-improvement materials following adverse weather in the latest quarter. Despite high interest rates impacting the housing market, the company's comparable sales decline of 1.3% was better than Wall Street expectations and represented its best quarterly sales performance in nearly two years. This uptick suggests that hurricane-fueled demand is providing a significant boost to Home Depot's business.",https://www.bloomberg.com/news/articles/2024-11-12/home-depot-hd-raises-outlook-on-hints-of-improving-demand,1731409260
HD,"Home Depot, Live Nation, em espera","US stock index futures saw a slight dip as investors anticipated key inflation data later in the week, following a recent recovery on Wall Street. The article highlights pre-market movers, with Shopify and Amprius Technologies among the top gainers, and several companies, including Home Depot and Live Nation, seeing their stock movements noted based on recent financial updates and analyst actions.","https://br.tradingview.com/news/reuters.com,2024:newsml_L1N3MJ0MT:0/",1731430718
HD,Home Depot grows online sales in Q3,"The Home Depot reported a 4% year-over-year increase in online sales for its fiscal Q3, which ended October 27, 2024. Nearly half of these web orders were fulfilled through its physical stores, reflecting the company's focus on an interconnected retail experience. Despite slight declines in average order value and customer transactions, the company highlighted the success of annual sales events and ongoing efforts to improve delivery speeds and expand fulfillment capabilities.",https://www.digitalcommerce360.com/2024/11/14/home-depot-online-sales-q3-2024/,1731571752
HD,VCR: Consumer Discretionary Sector Dashboard For November (NYSEARCA:VCR),"This article provides a monthly dashboard for the Consumer Discretionary sector, led by Fred Piard. It assesses the sector's valuation, highlighting the attractiveness of the consumer services subsector due to its quality score. The article also suggests Vanguard Consumer Discretionary Index Fund ETF Shares (VCR) as a suitable long-term alternative to XLY, noting specific stocks that are currently cheaper than their peers.",https://seekingalpha.com/article/4737827-vcr-consumer-discretionary-sectordashboard-for-november,1731667140
HD,Why Home Depot made an $18.25 billion bet on the pro business,"Home Depot's $18.25 billion acquisition of SRS Distribution is an effort to expand its pro business, especially as DIY demand slows. The deal has already boosted Home Depot's sales and is seen as a way to enter new specialty markets and differentiate itself from competitors like Lowe's. This strategic move aims to accelerate Home Depot's growth by catering to professional contractors in the roofing, pool, and landscaping segments.",https://www.cnbc.com/2024/11/15/why-home-depot-acquired-srs-distribution.html,1731668640
HD,Top IoT Stocks: Why Samsara and Digi Are Thriving in 2025,"This article examines why Samsara (IOT) and Digi International (DGII) are poised for continued thriving in the Internet of Things (IoT) market in 2025. Samsara is highlighted for its hypergrowth in fleet management and industrial IoT, driven by strong financial results and AI integration. Digi International is recognized for its leadership in IoT hardware and connectivity solutions, focusing on mission-critical sectors despite current macroeconomic headwinds, with a turnaround in progress.",https://www.theglobeandmail.com/investing/markets/stocks/DGII/pressreleases/29674503/top-iot-stocks-why-samsara-and-digi-are-thriving-in-2025/,1731974400
HD,Home Depot Inc. (HD) reports earnings,"Home Depot Inc. (HD) reported its Q3 2024 earnings, showing increased net sales of $40.2 billion, largely due to the acquisition of SRS. However, net earnings and diluted earnings per share decreased, primarily impacted by the SRS acquisition. The company also detailed changes in gross profit, expenses, and cash flow, along with a dividend increase and a paused share repurchase program.",https://qz.com/home-depot-inc-the-hd-reports-earnings-1851702574,1731974400
HD,"After Earnings, Is Home Depot Stock a Buy, a Sell, or Fairly Valued?","Morningstar raised its fair value estimate for Home Depot to $292 per share following its Q3 earnings report, driven by stronger professional product demand despite a decline in DIY sales due to high interest rates. However, shares are still considered overvalued at 25 times next year's earnings. The company maintains a ""wide moat"" rating due to its brand and cost advantage, but faces risks from weak consumer spending and economic downturns.",https://www.morningstar.com/stocks/after-earnings-is-home-depot-stock-buy-sell-or-fairly-valued-4,1732060800
HD,Here's why Dollar Tree and Dollar General stocks have plummeted,"Dollar Tree and Dollar General stocks have fallen approximately 50% this year, facing a mix of economic and self-inflicted problems. Lower-income Americans, who constitute a large portion of their customer base, are prioritizing consumables due to high inflation, while middle and upper-middle income shoppers are not trading down to dollar stores because of a strong job market. Additionally, these companies lag in e-commerce capabilities compared to larger retailers and have faced worker safety violations, further contributing to their struggles.",https://www.cnbc.com/2024/11/21/heres-why-dollar-tree-and-dollar-general-stocks-have-plummeted.html,1732176000
HD,Stanley Black & Decker CEO on potential Trump tariffs: Tool prices will go up,"Stanley Black & Decker CEO Don Allan believes that new tariffs proposed by Donald Trump could significantly increase the cost of tools, making products up to 60-70% more expensive if manufacturing were moved from China to the U.S. The company has already begun discussing potential pricing actions with customers in anticipation of these changes. Despite tariff concerns, Stanley Black & Decker provided an upbeat long-term outlook, targeting $16.5 billion to $17 billion in sales by fiscal year 2027, although the company's recent performance has been impacted by consumer weakness and a challenging housing market.",https://finance.yahoo.com/news/stanley-black--decker-ceo-on-potential-trump-tariffs-tool-prices-will-go-up-225944699.html,1732178204
HD,‘Everything is on the table’: Williams-Sonoma preps for tariff hikes,"Williams-Sonoma is preparing for potential new U.S. tariffs on China imports by evaluating various mitigation options, including reducing sourcing from China and shifting production to other countries. The company has already significantly decreased its reliance on China for goods since 2020. Its vertically integrated supply chain and U.S. manufacturing hubs provide strategic flexibility in responding to changes in the tariff landscape.",https://www.supplychaindive.com/news/williams-sonoma-mitigate-tariff-increases-reduce-china-sourcing/733747/,1732492800
HD,Holiday crime crackdown: An inside look at Billings police detective sting operations,"Billings Police Department detectives conducted a sting operation at Home Depot to combat a seasonal spike in theft. Senior Det. Jeff Chartier noted that the first Wednesday after Thanksgiving is a common period for theft. At least three individuals were arrested, with two found to have illegal drugs and outstanding warrants worth approximately $70,000, underscoring the police's vigilance against retail crime during the holidays.",https://www.ktvq.com/news/local-news/holiday-crime-crackdown-an-inside-look-at-billings-police-detective-sting-operations,1733296100
HD,FIFA Welcomes The Home Depot as Official Home Improvement Retailer for FIFA World Cup in 2026 in North America,"The Home Depot has been named the Official Home Improvement Retail Supporter for the FIFA World Cup 2026 across North America. This partnership will see The Home Depot offer on-site activations at FIFA Fan Festivals and stadiums in Canada, Mexico, and the U.S., engaging both customers and over 465,000 associates. Both organizations emphasize a commitment to community and inclusivity for the expanded 48-nation tournament.",https://corporate.homedepot.com/news/company/fifa-welcomes-home-depot-world-cup-2026,1733296100
HD,Home Depot accused of faking Black Friday deals by masking original prices with holiday sale stickers showing the same cost,"Home Depot is facing accusations of false advertising for its Black Friday sales, after a viral TikTok video showed an item with a ""holiday sale"" sticker revealing the exact same original price underneath. Retail experts suggest this practice could be considered false advertising and might further erode customer trust, especially given current concerns about shrinkflation. While proving false advertising can be difficult, consumers are likely to feel misled by such tactics, which contribute to the perception that Black Friday deals are not as significant as they once were.",https://finance.yahoo.com/news/home-depot-accused-faking-black-060400775.html,1733382501
HD,What’s new: Amazon Fresh coming to Corona; Murrieta gets another Home Depot,"This article highlights new developments in the Inland Empire, including the opening of an Amazon Fresh grocery store in Corona and a second Home Depot in Murrieta, both set for December 12. It also covers the groundbreaking for Southern California Edison's new Edison Training Academy in Corona, the sale of Summit Business Center in Riverside for $19 million, and the opening of a new EV supercharging station at the Lebec Travel Center.",https://www.pressenterprise.com/2024/12/09/whats-new-amazon-fresh-coming-to-corona-murrieta-gets-another-home-depot/,1733734800
HD,"Verrado Marketplace, Teravalis: Key Buckeye developments to look for in 2025","Buckeye, Arizona, a rapidly growing city, is set for significant developments in 2025 despite ongoing water supply challenges. Key projects include the Verrado Marketplace, a large shopping center expected to open in early 2026, and Teravalis, a massive master-planned community whose first village, Floreo, will have its grand opening. Additionally, the city is revitalizing its downtown area to attract businesses and improve walkability.",https://www.azcentral.com/story/news/local/southwest-valley/2024/12/23/verrado-marketplace-teravalis-key-buckeye-developments-in-2025/76746540007/,1734937722
HD,Builders FirstSource to acquire Alpine Lumber,"Builders FirstSource, Inc. announced its definitive agreement to acquire Alpine Lumber Company, expanding its presence in Colorado and New Mexico. The acquisition, valued at approximately $500 million in trailing twelve months sales, is expected to be accretive to Builders FirstSource's adjusted earnings per share in 2025 and will be financed through existing cash and credit facilities. This move aligns with Builders FirstSource's strategy to invest in high-growth areas and enhance its footprint in the West Division.",https://www.investing.com/news/company-news/builders-firstsource-to-acquire-alpine-lumber-93CH-3787588,1734970800
HD,Home Depot’s $9.5 Million Meal Break Settlement Gets Final Nod,"A federal court has approved a $9.5 million settlement involving Home Depot and over 32,000 associate workers. The lawsuit alleged that the company's administrative and staffing policies prevented these employees from taking their legally required full meal and rest breaks between 2018 and 2024. This settlement resolves claims brought against the home improvement retailer.",https://news.bloomberglaw.com/litigation/home-depots-9-5-million-meal-break-settlement-gets-final-nod,1734972120
HD,"1 Vanguard Index Fund Could Turn $375 Per Month Into a $569,400 Portfolio That Pays $17,200 in Annual Dividend Income","This article highlights how consistent small investments in the Vanguard High Dividend Yield ETF (VYM) can lead to a substantial retirement portfolio. Investing $375 monthly could result in a nearly $570,000 portfolio yielding over $17,000 in annual dividend income over 30 years. The ETF's low expense ratio, lower volatility compared to the S&P 500, and historical performance are key attractive features for risk-averse investors.",https://www.fool.com/investing/2024/12/24/vanguard-fund-turn-375-to-18500-annual-dividend/,1735013520
HD,The Walmart Effect,"New research suggests that Walmart has a broadly negative economic impact on the communities it operates in, challenging the long-held belief that its low prices significantly benefit consumers. Two papers indicate that the costs of lower earnings and higher unemployment outweigh the savings for shoppers, ultimately making communities poorer. The findings also question the consumer-welfare standard used in antitrust regulation, suggesting it overlooks broader economic impacts beyond price.",https://www.theatlantic.com/economy/archive/2024/12/walmart-prices-poverty-economy/681122/,1735026178
HD,Who Owns Ridgid Tools And Where Are They Made?,"This article explains the ownership and manufacturing origins of Ridgid Tools. It details that Ridgid is owned by Emerson Electric since 1966, an American company founded in Elyria, Ohio, which still maintains its headquarters there. While some tool components are made in Pennsylvania, various power tools are manufactured by Hong Kong-based Techtronic Industries (TTI), and Ridgid maintains an exclusive sales relationship with Home Depot.",https://www.slashgear.com/1740294/who-owns-ridgid-tools-where-made-about/,1735040700
HD,"Who Owns Home Depot? Owner, CEO and Key Data (2026)","Home Depot is a public company with shares listed on the New York Stock Exchange, meaning it has no single owner. Its major shareholders include The Vanguard Group and BlackRock, who influence strategic decisions. Edward 'Ted' Decker serves as the Chairman, CEO, and a member of the Board of Directors, focusing on integrating digital and physical channels for an improved customer experience. The company, founded in 1978, has expanded significantly through strategic acquisitions and is recognized for its philanthropy and commitment to sustainability.",https://www.marketing91.com/who-owns-home-depot/,1735283300
HD,Home Depot buys former Wells Fargo building,"Home Depot has acquired a former Wells Fargo building in Pembroke Park, Florida, as part of its plan to open 80 new stores. This move aligns with the Atlanta-based retailer's strategy to expand its footprint for home repair goods. The announcement comes after Home Depot revealed its expansion intentions earlier in the year.",https://www.bizjournals.com/southflorida/news/2024/12/30/home-depot-buys-wells-fargo-pembroke-pines.html,1735516800
HD,Home Depot Buys Roofing Distributor in Deal Valued at $18 Billion Including Debt,"Home Depot announced its acquisition of SRS Distribution for $18 billion, including debt. This strategic move aims to expand Home Depot's reach into supplying professional contractors and large construction projects, diversifying its business beyond traditional do-it-yourself sales, which have been slowing. The acquisition reflects a significant bet on the professional segment of the home improvement market.",https://www.wsj.com/business/deals/home-depot-buys-roofing-distributor-in-deal-valued-at-18-billion-including-debt-a12bb6e3?gaa_at=eafs&gaa_n=AWEtsqcoEk2b-Pg9dbmBJRCb0JhGj27Pm7dn92sI4pi790vupkfOeVLkojBL&gaa_ts=690755a0&gaa_sig=CTNubOx5E7ToMpUbYNTfTF0kqy5zitbrOXV-l3dU1JNdRNF2wMK2YTZLxuALOrTHQObJCHEmh-4fZuTkODpGDg%3D%3D,1735689599
HD,GLIDDEN paint by PPG names Brick Red Spray Paint Color of the Year 2025,"PPG's Glidden paint brand has named Brick Red as its Spray Paint Color of the Year 2025, a complementary color to their 2025 Color of the Year, Purple Basil. This energetic and warm red encourages consumers to use bold colors for accent pieces, reflecting a shift towards warmer shades and curated maximalism. Glidden color experts note that consumers are increasingly selecting colors that bring them joy rather than focusing on resale value.",https://www.businesswire.com/news/home/20241022304149/en/GLIDDEN-paint-by-PPG-names-Brick-Red-Spray-Paint-Color-of-the-Year-2025,1735689599
HD,Home Depot orders corporate staff to take 8-hour retail shifts,"Home Depot will require all corporate employees, including senior management and remote workers, to complete an eight-hour retail shift each quarter starting in Q4 this year. This move is aimed at connecting corporate staff with the core of the business and understanding the challenges faced by store associates. The decision comes amidst a sales slump, rising labor activism, and efforts to improve store employee retention.",https://fortune.com/2024/10/08/home-depot-corporate-staff-work-stores-8-hour-shifts/,1735689599
HD,3 Retail Trends for 2024,"This article discusses three key retail trends for 2024, highlighting the nuanced differences between consumer discretionary and staples spending, the normalization of retailer inventories, and the resilient albeit segmented growth of e-commerce. It addresses consumer spending contradictions and their impact on retail strategies, noting a potential reduction in discounts and the benefits of a strong e-commerce framework for profitability. The piece also references several ETFs related to these retail sectors.",https://www.etftrends.com/innovative-etfs-channel/3-retail-trends-for-2024/,1735689599
HD,Home Depot announced strong results and improved its outlook,"Home Depot reported strong third-quarter results, beating investor expectations and raising its annual forecast, partly due to an $18 billion acquisition and increased demand from hurricane-related repairs and a long summer. The performance offers insights into US consumer confidence, although the boosts from acquisitions and weather may skew the perception of consumer financial health. The article also highlights a valuation gap between Home Depot and Lowe's, with analysts expecting higher growth for Lowe's despite Home Depot's higher current valuation.",https://finimize.com/content/did-it-itself,1735689599
HD,Home Depot Lifts Full-Year Outlook After Third-Quarter Sales Rise,"Home Depot raised its full-year guidance after exceeding third-quarter sales expectations. The company reported adjusted earnings of $3.78 per share, surpassing analyst forecasts of $3.65 per share, with revenue climbing 6.6% to $40.22 billion. Comparable-store sales declined less than anticipated, indicating stronger performance driven by customer purchases of outdoor products and hurricane preparedness items.",https://www.wsj.com/business/earnings/home-depot-lifts-fy24-outlook-after-3q-sales-climb-c7b5a62e?gaa_at=eafs&gaa_n=AWEtsqfVw5IHbrwNVs3yU75rf1V1G9g50K0RDQfqT-wSKDJuCPM_P9A19iVp&gaa_ts=6907559a&gaa_sig=LFgZIpluy8gZTPp5fnZt31dl7_BP567whobXID46u4IkholE3jWQoi0DCRjFTZOdRDOgzsWfJRcCeZ8Jk9mfxQ%3D%3D,1735689599
HD,"Home Depot's sales continue to soften in 2024 as inflation, delayed start to spring weigh on sales","Home Depot's sales continued to soften in the first quarter of 2024 due to high mortgage rates, inflation, and a delayed start to spring. The home improvement retailer saw sales slip 2.3% and customer transactions dip, marking the third consecutive quarter of declines after a pandemic-era surge. Despite challenges in the consumer market, Home Depot is focusing on its professional business segment, including a recent ""$18.25 billion"" acquisition of SRS Distribution.",https://apnews.com/article/home-depot-inflation-sales-fef896791cdaec5bee2f7bd81bb07341,1735689599
HD,"Carlisle Companies Announces that Henry, a Carlisle Company, is Recognized as The Home Depot’s Building Materials Partner of the Year for the Second Time in Three Years","Carlisle Companies announced that its Henry brand has been recognized as The Home Depot’s Building Materials Partner of the Year for 2024, marking the second time in three years it has received this award. This award acknowledges Henry's outstanding performance, product innovation, and its seamless integration into Carlisle's operations. The recognition highlights Henry's contributions to Carlisle's Vision 2030 strategy and its collaboration with The Home Depot on new product developments.",https://www.businesswire.com/news/home/20241009925351/en/Carlisle-Companies-Announces-that-Henry-a-Carlisle-Company-is-Recognized-as-The-Home-Depots-Building-Materials-Partner-of-the-Year-for-the-Second-Time-in-Three-Years,1735689599
HD,GLIDDEN Paint by PPG picks 2025 Color of the Year: Purple Basil,"GLIDDEN Paint by PPG has announced Purple Basil (PPG1046-7) as its 2025 Color of the Year, a warm, high-impact hue designed to encourage consumers to embrace dramatic colors in their homes. Glidden's color experts recommend Purple Basil for interior walls, trim, cabinetry, and exterior accents, suggesting it for both professional and DIY designers. This choice reflects a growing appreciation for self-discovery and self-expression, aligning with the rise of maximalism in design.",https://www.businesswire.com/news/home/20240924457900/en/GLIDDEN-Paint-by-PPG-picks-2025-Color-of-the-Year-Purple-Basil,1735689599
HD,"T.J. Maxx parent company opening 1,300 new locations in sizable expansion","TJX, the parent company of T.J. Maxx, Marshalls, HomeGoods, and Sierra, announced plans for a significant global expansion, intending to open 1,300 new stores across the U.S., Canada, Europe, and Australia. This expansion would increase its total footprint by over 26% to more than 6,200 locations. The company reported a 3% increase in comparable sales in the most recent quarter and is also remodeling 480 existing locations to maintain store quality and competitiveness.",https://www.scrippsnews.com/business/company-news/t-j-maxx-parent-company-opening-1-300-new-locations-in-sizable-expansion,1735689599
HD,Stanley Black & Decker Recalls DeWALT Battery Walk-Behind Mowers Due to Laceration Hazard | CPSC.gov,"Stanley Black & Decker has recalled approximately 46,200 DeWALT Battery Walk-Behind Mowers due to a laceration hazard. If water enters the handle support while the battery is installed, the mower may fail to shut off or start unexpectedly. Consumers are advised to stop using affected mowers if they have gotten wet and contact DeWALT for a free repair.",https://www.cpsc.gov/Recalls/2024/Stanley-Black-Decker-Recalls-DeWALT-Battery-Walk-Behind-Mowers-Due-to-Laceration-Hazard,1735689599
HD,Trex Company Welcomes New Chief Information Officer to Leadership Team,"Trex Company, Inc. announced that Dr. Anand Kangala has joined as its new Vice President and Chief Information Officer, effective immediately. Dr. Kangala will lead global IT functions and enterprise technology strategy, focusing on digital solutions and data-driven decision-making. His experience includes leadership roles at Home Depot, Edward Jones, Carter's Inc., Cato Corporation, and IBM.",https://www.businesswire.com/news/home/20241118130372/en/Trex-Company-Welcomes-New-Chief-Information-Officer-to-Leadership-Team,1735689599
HD,Investment bank Jefferies’ profit more than triples: CEO says the ‘cherry on top’ is that ‘financial stars are aligning’ after crippling inflation,"Jefferies Financial Group reported exceptionally strong performance in 2024, with net revenues reaching $7.03 billion and fourth-quarter profits more than tripling. The company increased its quarterly dividend and attributed its success to market share gains, improved market conditions, and significant growth across all business lines, positioning it as the world's 6th largest investment bank. CEO Richard Handler and President Brian Friedman expressed optimism for 2025, noting the firm is in its best position in its 62-year history.",https://fortune.com/2025/01/09/jefferies-investment-bank-profit-more-than-triples/,1736446320
HD,B.C. court authorizes class action against Home Depot over sharing of customer data with Meta,"The B.C. Supreme Court has certified a class action lawsuit against Home Depot over the alleged sharing of customer email addresses and purchase details with Meta Platforms, Inc. The plaintiff, Lasse Hvitved, argues that customers had a reasonable expectation of privacy, which Home Depot violated by using an offline conversions tool service with Meta. While the court allowed the privacy breach claims, it struck down causes of action related to contract and unjust enrichment.",https://www.law360.ca/ca/articles/2282448/b-c-court-authorizes-class-action-against-home-depot-over-sharing-of-customer-data-with-meta,1736488608
HD,Nation's fastest-growing city to add another major retailer,"Home Depot is opening a new 105,000-square-foot store in Celina, Texas, America's fastest-growing city, following approval of a $1.39 million sales tax grant. The investment is expected to boost the local economy, create jobs, and support infrastructure, as Celina's population continues to rapidly expand with other major retailers like Costco and Lowe's also establishing a presence. This development reflects Celina's significant growth and its appeal to businesses due to new infrastructure, schools, and housing projects.",https://www.wfaa.com/article/money/celina-to-add-another-major-retailer/287-4ecb2b4f-dd2c-4d18-8b41-b51ea043b575,1737445440
HD,The Home Depot adds two new online delivery partners,"The Home Depot is expanding its online delivery options by partnering with DoorDash and Uber Eats. These new collaborations will allow customers to order Home Depot products for on-demand or scheduled delivery, complementing existing partnerships with Instacart and Walmart's GoLocal service. The initiative is aimed at providing greater flexibility and convenience for both DIY customers and professionals.",https://chainstoreage.com/home-depot-adds-two-new-online-delivery-partners,1737525408
HD,"The Home Depot, Inc. (NYSE:HD) is a favorite amongst institutional investors who own 72%","Institutional investors own 72% of The Home Depot, Inc. (NYSE:HD), indicating their significant influence on the company's stock price and decisions. The Vanguard Group, Inc. is the largest shareholder, holding 9.6% of outstanding shares, while insiders own less than 1% but represent a substantial monetary value. The general public holds a 28% stake, suggesting widely disseminated shares without a single dominant shareholder.",https://finance.yahoo.com/news/home-depot-inc-nyse-hd-130023494.html,1737957408
HD,Duopoly Discount: Lowe's Is A Better Deal Than Home Depot For DCA Investors (NYSE:LOW),"Lowe's expects a decline in comparable sales for fiscal 2024 due to reduced discretionary DIY spending. Despite short-term challenges, Lowe's has a strong long-term outlook driven by factors like aging homes and remote work trends. For dollar-cost averaging investors, Lowe's is presented as a better value than Home Depot due to a lower growth premium embedded in its stock price, despite similar long-term growth drivers for both companies.",https://seekingalpha.com/article/4754346-duopoly-discount-lowes-a-better-deal-than-home-depot-for-dca-investors,1738578720
HD,"Coca-Cola, Home Depot, Walmart To Announce Dividend Increases In Second Half Of February","This article predicts upcoming dividend increases for 10 long-term dividend growth companies in the latter half of February. Notable companies expected to announce increases include Coca-Cola (for its 63rd consecutive year), Walmart, and Home Depot. The author, an individual investor focused on dividend growth stocks, details their investment strategy and disclosures.",https://seekingalpha.com/article/4758926-coca-cola-home-depot-walmart-dividend-increases-second-half-february,1739757480
HD,"Class I Briefs: NS, BNSF","Norfolk Southern (NS) has been named to FORTUNE Magazine's list of World's Most Admired Companies for 2025, ranking as the highest railroad in its category. Separately, BNSF received The Home Depot Rail Carrier of the Year award for 2025, recognizing its commitment to service and a pilot project that improved routing and transit time. BNSF also celebrated its Stockton, California team completing a full year without a single injury, an achievement mirrored across other major terminals in the region.",https://www.railwayage.com/freight/class-i/class-i-briefs-ns-bnsf-7/,1739940578
HD,Kontoor Brands to buy Helly Hansen from Canadian Tire Corporation,"Kontoor Brands, the company behind Wrangler and Lee, is set to acquire the Canadian outdoor workwear brand Helly Hansen from Canadian Tire Corporation. This strategic acquisition aligns with Kontoor Brands' global expansion plans and follows a strong financial performance in the previous quarter. The transaction is expected to be finalized in the second quarter of the current year, pending regulatory approvals.",https://insideretail.asia/2025/02/20/kontoor-brands-to-buy-helly-hansen-from-canadian-tire-corporation/,1740028534
HD,Prologis CEO Hamid Moghadam to retire next year,"Hamid Moghadam, co-founder and CEO of Prologis, plans to retire on January 1, 2026, after more than four decades with the company and its predecessor. Dan Letter, current president, will succeed him as CEO, while Moghadam will transition to executive chairman. This succession plan has been in the works for over two years, with Letter having joined AMB in 2004 and becoming president of Prologis in January 2023.",https://www.costar.com/article/1257009655/prologis-ceo-hamid-moghadam-to-retire-next-year,1740053820
HD,"Saham The Home Depot, Inc. (HD): Prospek dan Analisis 2025","Artikel ini membahas prospek dan analisis saham The Home Depot, Inc. (HD) untuk tahun 2025, menyoroti posisi perusahaan sebagai ritel perbaikan rumah terbesar di AS. Analisis mencakup data historis pergerakan harga saham, laporan keuangan terkini dengan pendapatan dan laba yang kuat, serta proyeksi masa depan dan tips investasi bagi pemula, termasuk potensi dan risiko. Home Depot dianggap menarik bagi investor karena pertumbuhan stabil, strategi bisnis solid, dan kebijakan dividen yang konsisten.",https://indodax.com/academy/saham-the-home-depot-inc-hd/,1740067709
HD,"Earnings call transcript: Floor & Decor Q4 2024 beats estimates, stock surges","Floor & Decor Holdings Inc. (FND) reported strong Q4 2024 results, surpassing analyst expectations with an EPS of $0.44 and revenue of $1.11 billion, leading to a 10.94% stock surge in aftermarket trading. The company plans to open 25 new stores in fiscal 2025 and projects sales growth of 6.5% to 10%, maintaining stable gross margins despite facing a cyclical downturn in the flooring industry. Executives highlighted market share gains, supply chain diversification, and increased investments in new stores, technology, and customer service.",https://uk.investing.com/news/transcripts/earnings-call-transcript-floor--decor-q4-2024-beats-estimates-stock-surges-93CH-3937055,1740095880
HD,"Going Into Earnings, Is Home Depot Stock a Buy, a Sell, or Fairly Valued?","Morningstar maintains a fair value estimate of $292 per share for Home Depot (HD), viewing the stock as overvalued going into its Q4 earnings report. The analysis highlights an expected sales decline when accounting for an extra week and acquired sales, with focus shifting to professional demand as DIY customers pause big-ticket projects due to high interest rates. While tariffs pose a wild card, Home Depot's scale is expected to help absorb incremental costs, and its wide economic moat provides a competitive edge despite current market challenges.",https://www.morningstar.com/stocks/going-into-earnings-is-home-depot-stock-buy-sell-or-fairly-valued-5,1740112408
HD,"Nvidia, Home Depot, Lowe's, TJX and Salesforce are part of Zacks Earnings Preview","Zacks.com previews upcoming earnings reports from major companies including Nvidia, Home Depot, Lowe's, TJX Companies, and Salesforce. The report highlights the challenging environment for home improvement retailers due to elevated mortgage rates and discusses Nvidia's critical role in AI-focused buildouts, despite recent sentiment shifts. It also provides an overview of the Q4 earnings season scorecard for the Retail sector and the S&P 500.",https://finance.yahoo.com/news/nvidia-home-depot-lowes-tjx-100000274.html,1740371609
HD,The Home Depot Announces Fourth Quarter and Fiscal 2024 Results; Increases Quarterly Dividend by 2.2%; Provides Fiscal 2025 Guidance,"The Home Depot reported strong fourth quarter and fiscal 2024 results, with sales exceeding expectations and a 2.2% increase in its quarterly dividend. The company also provided its fiscal 2025 guidance, forecasting modest sales and comparable sales growth. Despite ongoing macroeconomic pressures, the retailer emphasized continued investments in strategic initiatives.",https://ir.homedepot.com/news-releases/2025/02-25-2025-110147741,1740441600
HD,"Home Depot, Sempra Energy, American Tower to report earnings Tuesday By Investing.com","Investing.com reports that a diverse group of companies, including Home Depot, Sempra Energy, and American Tower, are scheduled to release their earnings on Tuesday. The article provides a detailed list of companies reporting both before and after market close, along with their estimated EPS and revenue figures. This information offers investors key insights into various economic sectors.",https://m.in.investing.com/news/stock-market-news/home-depot-sempra-energy-american-tower-to-report-earnings-tuesday-93CH-4683157?ampMode=1,1740443520
HD,The Home Depot Announces Fourth Quarter and Fiscal 2024 Results; Increases Quarterly Dividend By 2.2%; Provides Fiscal 2025 Guidance,"The Home Depot announced its fourth quarter and fiscal year 2024 results, reporting an increase in quarterly sales and diluted earnings per share for Q4, despite a decrease in comparable sales for the full fiscal year. The company also declared a 2.2% increase in its quarterly dividend to $2.30 per share and provided its fiscal 2025 guidance, projecting total sales growth of approximately 2.8% and a slight decline in diluted earnings per share. These results exceeded expectations due to greater engagement in home improvement, even amidst a challenging macroeconomic environment.",https://corporate.homedepot.com/news/earnings/home-depot-announces-fourth-quarter-2024-earnings,1740458008
HD,"Home Depot Lifts Annual Dividend After Strong Q4, But Soft 2025 Outlook Weighs On Stock","Home Depot (NYSE: HD) reported strong fourth-quarter 2024 results, exceeding revenue and EPS estimates, and announced a 2.2% increase in its quarterly dividend. However, the stock is experiencing volatility due to a softer-than-expected 2025 outlook, with projected declines in adjusted EPS and slightly lower sales growth than anticipated. Despite the positive Q4 performance, the cautious forecast for the upcoming fiscal year is weighing on investor sentiment.",https://finance.yahoo.com/news/home-depot-lifts-annual-dividend-123748327.html,1740458008
HD,Ninja Disrupts the Outdoor Grilling Market with Launch of FlexFlame™,"SharkNinja (NYSE: SN) has launched the Ninja™ FlexFlame™, an innovative outdoor cooking system. This revolutionary propane-powered device combines five cooking methods—grilling, smoking, roasting, griddling, and pizza-making—into a single unit, designed to simplify outdoor cooking and deliver high-quality results. The FlexFlame™ utilizes Ninja’s CyclonicHeat-iQ™ technology, integrating rapid convection airflow, precision propane flame control, and Woodfire Technology to enhance its performance.",https://www.businesswire.com/news/home/20250225432328/en/Ninja-Disrupts-the-Outdoor-Grilling-Market-with-Launch-of-FlexFlame,1740460114
HD,"Home Depot says consumers postponing renovation projects, citing high interest rates","Home Depot executives report that consumers are postponing large renovation projects due to high interest rates and uncertain macroeconomic conditions. This has led to a decline in demand for major home improvement projects, with customers increasingly resorting to financing options for those they do undertake. The housing market is also impacted by high mortgage rates and a ""golden handcuff"" effect, where homeowners with low rates are reluctant to sell, leading to limited supply and dampening pending home sales.",https://www.foxbusiness.com/lifestyle/home-depot-says-consumers-postponing-renovation-projects-citing-high-interest-rates,1740485280
HD,"Top Stock Movers Now: Sempra, Zoom, Home Depot, and More","U.S. equities declined midday due to a drop in consumer confidence. Sempra (SRE) shares fell after missing estimates and cutting its outlook, while Zoom Communications (ZM) also slumped due to weak guidance. Home Depot (HD) and Solventum (SOLV) saw gains, with Home Depot benefiting from hurricane-related demand and Solventum from selling a business unit.",https://www.investopedia.com/top-stock-movers-now-sempra-zoom-home-depot-and-more-11686055,1740486180
HD,"Lowe’s earnings, sales top estimates amid ‘challenging’ home improvement market","Lowe's reported better-than-expected fourth-quarter earnings and sales, including its first same-store sales increase in two years, despite a challenging home improvement market. The company saw net income rise to $1.13 billion and comparable sales edge up 0.2%, driven by Pro customers and online sales. However, Lowe's issued weaker-than-expected full-year guidance for 2025 due to continued high borrowing rates impacting discretionary spending.",https://chainstoreage.com/lowes-earnings-sales-top-estimates-amid-challenging-home-improvement-market,1740544909
HD,"Lowe's forecasts muted 2025 profit on economic uncertainty, cautious spending","Lowe's (LOW.N) has predicted subdued sales and profits for 2025, mirroring rival Home Depot's outlook, as the home improvement sector faces a downturn due to high interest rates and cautious consumer spending. The retailer expects comparable sales to be flat to up 1% and earnings per share between $12.15 and $12.40, both below analyst estimates. Despite the conservative forecast, driven by economic uncertainty and potential tariff impacts, Lowe's shares rose about 3% following a surprise rise in same-store sales due to hurricane-related demand.",https://www.reuters.com/business/retail-consumer/lowes-forecasts-annual-comparable-sales-largely-below-estimates-2025-02-26/,1740584340
HD,Ecolab Celebrates Two-Year Anniversary of Partnership with Home Depot and the Launch of the Ecolab® Scientific Clean™ Product Line,"Ecolab is celebrating the two-year anniversary of its partnership with The Home Depot and the successful expansion of its Ecolab® Scientific Clean™ product line. The collaboration began in February 2023, making professional-grade cleaning solutions available to commercial, industrial, and residential customers. Ecolab plans to launch new products and expand its market presence throughout North America in 2025, reinforcing its commitment to innovation and customer needs.",https://www.ecolab.com/news/2025/02/ecolab-celebrates-two-year-anniversary-of-partnership-with-home-depot,1740630285
HD,Home Depot plans to open new Valley store in Surprise,"Home Depot announced its plan to open a new store in Surprise, Arizona, as part of its expansion across the country, which includes over a dozen new locations this year. This new West Valley location will mark another addition to the region's growing retail landscape.",https://www.bizjournals.com/phoenix/news/2025/02/27/home-depot-surprise-opening-az-phx.html,1740630808
HD,"After 6-year renovation, Nora Plaza unveils new restaurants, modern look on far north side","Nora Plaza has completed a six-year, modernizing renovation by Kite Realty Group, bringing new restaurants like Culinary Dropout and Flower Child to the Indianapolis food scene. While some original tenants moved, the overhaul is contributing to local growth and attracting new businesses, with further developments such as The Milkshake Factory and Potbelly planned. The transformation has been recognized by local community groups and officials as a significant improvement for the far north side neighborhood.",https://www.indystar.com/story/news/real-estate/2025/02/27/nora-plaza-unveils-new-restaurants-renovations-by-kite-realty/78388553007/,1740631217
HD,Blink Charging Remains Bullish on the EV Supply Equipment Sector,"Despite potential changes in government policy regarding electric vehicles, Blink Charging expressed optimism about the continued growth of the EV supply equipment sector. The company's officials noted that state and local efforts, combined with increasing private investment and consumer demand for affordable EV models, are expected to sustain momentum. They also highlighted the increasing use of polycarbonate in charging station enclosures due to its performance benefits over traditional metal.",https://www.designnews.com/electric-vehicles/blink-charging-remains-bullish-on-the-ev-supply-equipment-sector,1740715474
HD,Home Depot Surprise expansion with new location in 2025,"Home Depot Inc. is set to open a new 109,651-square-foot store with an attached garden center in Surprise, Arizona, in April 2025. This new location, situated along Loop 303 at 16601 Cactus Road, is part of 13 new stores the company plans to open this year. The retailer acquired the 18-acre site for $8.4 million last year, positioning it next to the Sycamore Farms project.",https://ktar.com/arizona-business/home-depot-surprise-expansion/5673290/,1740798473
HD,Home Depot's (NYSE:HD) Dividend Will Be Increased To $2.30,"Home Depot (NYSE:HD) is set to increase its quarterly dividend to $2.30, resulting in a 2.3% yield, which is above the industry average. The company has a strong track record of consistent dividend growth, with an approximate 17% compound annual growth rate over the last decade. With earnings comfortably covering the dividend and forecasts for continued EPS growth, Home Depot's dividend is considered sustainable and attractive to income investors.",https://simplywall.st/stocks/us/retail/nyse-hd/home-depot/news/home-depots-nysehd-dividend-will-be-increased-to-230,1740798473
HD,Home Depot Gets Workers’ Back Pay Interest Lawsuit Thrown Out,"A federal court has dismissed a lawsuit against Home Depot U.S.A. Inc. that alleged the company improperly listed interest for workers’ back pay from a previous case on incorrect tax forms, leading to unlawful withholding. The US District Court for the District of Oregon found that the claim under the federal false-information statute was invalid because it requires a defendant to willfully misrepresent payment amounts, which was not alleged. Additionally, the workers' claim of over-deducted state income tax was also rejected by the court.",https://news.bloomberglaw.com/daily-labor-report/home-depot-gets-workers-back-pay-interest-lawsuit-thrown-out,1741034760
HD,6th Circuit Rules Data Breach Claims Not Covered by CGL Policies,"The 6th U.S. Circuit Court of Appeals ruled that Home Depot's commercial general liability (CGL) insurance policies do not cover losses from its 2014-2015 data breach due to an explicit electronic data exclusion. The court affirmed that CGL policies are distinct from cyber insurance and do not indemnify costs associated with data breaches, including those for reissued payment cards or lost usage. This decision highlights the critical difference between cyber and general liability coverage for the insurance industry.",https://riskandinsurance.com/6th-circuit-rules-data-breach-claims-not-covered-by-cgl-policies/,1741057674
HD,THE HOME DEPOT NAMES MICHAEL ROWE EVP OF PRO; STEPHANIE SMITH TO BECOME EVP OF HUMAN RESOURCES,"The Home Depot announced new executive appointments, naming Michael Rowe as Executive Vice President of Pro and promoting Stephanie Smith to EVP of Human Resources. Rowe will lead the company's strategy to expand its business with professional customers. Smith will succeed Tim Hourigan, who is retiring, and will be responsible for culture, associate engagement, and leadership development for the company's 470,000 associates.",https://www.prnewswire.com/news-releases/the-home-depot-names-michael-rowe-evp-of-pro-stephanie-smith-to-become-evp-of-human-resources-302392170.html,1741104900
HD,Home Depot turns to AI to answer online shoppers’ questions,"Home Depot is integrating generative AI into its online platform to enhance the shopping experience by answering product and project questions. This move aims to replicate in-store customer service online, offering features like design ideas and product comparisons, as the company seeks to revive sales amidst shifting consumer spending habits. Home Depot anticipates improved demand as customers adapt to higher interest rates, focusing on professional contractors and leveraging AI for functions like summarizing product reviews.",https://fortune.com/2025/03/06/home-depot-ai-online-chatbot/,1741230474
HD,EXEC: VF Corp. Shares Fall Following Investor Day Part 2,"VF Corp. shares fell significantly following its ""Reinvent to Grow"" Part 2 Investor Day in New York City. The company emphasized introducing new brand leaders and outlined strategic objectives for brands like The North Face, Timberland, Dickies, Altra, and Vans, but lacked specific projections which concerned some analysts. Despite reaffirming targets for 10%+ operating margins by Fiscal 2028, investor sentiment was negative, possibly due to concerns about a brewing trade war.",https://sgbonline.com/exec-vf-corp-shares-fall-following-investor-day-part-2/,1741319614
HD,"Stock Market Today: Dow Sinks 537 Points On Tariff Threats As S&P 500 Corrects; Gold Miners Jump, Meta Triggers Sell Rule (Live Coverage)","The Dow Jones Industrial Average fell 537 points, and the S&P 500 corrected amid new tariff threats from the Trump administration. Gold miners rallied while Home Depot and Meta Platforms experienced sell-offs, with Meta triggering a sell rule. Despite a late attempt by traders to cover short positions, major indexes ended the trading day lower.",https://www.investors.com/market-trend/stock-market-today/dow-jones-nasdaq-intel-meta-platforms-astronics/,1741895100
HD,"I tested the Traeger Woodridge Pro, and it's ideal for set-it-and-forget-it smoking","The Traeger Woodridge Pro is a hybrid pellet grill that excels at smoking, offering a ""set-it-and-forget-it"" experience with an intuitive app. While it provides decent grilling capabilities, particularly for lower-heat cooking, it has limitations regarding high-heat searing due to the lack of direct flames. The grill features a stout build, ample cooking space, and user-friendly design, making it a strong choice for frequent smokers.",https://www.tomsguide.com/home/outdoors/traeger-woodridge-pro-grill-review,1742179779
HD,"Survey reveals Georgia's 34 most trustworthy companies. Georgia Power, Coca-Cola make cut","A new survey by Newsweek and Statista identified 34 Georgia-based companies among the 700 most trustworthy in the United States. The survey considered 97,000 evaluations from potential customers, investors, and employees. Notable companies like Georgia Power, Coca-Cola, and The Home Depot are included in the list, spanning various sectors from automotive to financial services.",https://www.onlineathens.com/story/news/2025/03/18/georgia-companies-named-most-trustworthy-in-u-s-coca-cola-home-depot/82513468007/,1742267210
HD,UPS CEO Carol Tomé to deliver 2025 Oglethorpe Commencement address,"Oglethorpe University announced that UPS CEO Carol B. Tomé will deliver the 2025 Commencement address on May 3. Tomé, who is the 12th CEO in UPS's history and previously served as CFO of The Home Depot, will also be awarded an honorary doctor of letters degree. The ceremony will be presided over by President Kathryn McClymond and Board of Trustees Chair Tammy Pearson, and will include speeches and awards for graduates.",https://oglethorpe.edu/news/ups-ceo-carol-tome-to-deliver-2025-oglethorpe-commencement-address/,1742428800
HD,Home Depot Inc. (HD) reports earnings,"Home Depot Inc. (HD) has filed its 10-K report for the fiscal year ended February 2, 2025, reporting net sales of $159.5 billion, a 4.5% increase from the previous year, partly due to the acquisition of SRS. The company achieved net earnings of $14.8 billion and increased its quarterly cash dividend by 2.2%. Strategic investments will continue in its supply chain, technology, and customer experience, with approximately $4 billion planned for capital expenditures in fiscal 2025.",https://qz.com/home-depot-inc-hd-reports-earnings-1851771499,1742526473
HD,Byte-Sized AI: Walmart Announces Gen AI Merchant Tool; Oxford Industries Partners With Exotec,"Walmart has launched a new generative AI tool called Wally to help its merchants automate tasks, generate insights, and improve decision-making. Simultaneously, Oxford Industries has partnered with Exotec to implement AI-enabled robotics in its new distribution center, aiming to streamline warehouse operations and returns processing. The article also highlights Augment securing $25 million in funding for its AI-powered logistics assistant, Augie, and Lowe's introducing a gen AI chatbot, Mylow, for home improvement assistance.",https://sourcingjournal.com/topics/technology/artificial-intelligence-walmart-wally-deliverr-lowes-1234741227/,1742528270
HD,Williams-Sonoma Joins The S&P 500,"Williams-Sonoma, Inc. has been added to the S&P 500, a significant milestone for the retailer that acknowledges its brand portfolio and growth strategies. The company's CEO, Laura Alber, stated their commitment to innovation, customer experience, and long-term stakeholder value. This announcement follows a strong fiscal year 2024 finish, with increased net revenue and net earnings in the fourth quarter.",https://storebrands.com/williams-sonoma-joins-sp-500,1742774400
HD,JAMES HARDIE ACQUIRING AZEK,"James Hardie Industries plc has agreed to acquire The AZEK Company Inc. for $8.75 billion in cash and shares, creating a leading exterior and outdoor living building products growth platform. The acquisition aims to accelerate growth, enhance customer solutions, and drive shareholder value by combining complementary products like siding, exterior trim, decking, and railing. The transaction is expected to close in the second half of calendar year 2025, pending regulatory and AZEK shareholder approvals, and promises significant cost and commercial synergies, targeting over $1 billion in annual free cash flow.",https://www.building-products.com/james-hardie-acquiring-azek/,1742785948
HD,"Home Depot, world's largest home improvement chain, plans to build its fifth Polk County store","Home Depot is planning to build its fifth store in Polk County, a 135,632-square-foot retail store in Davenport on U.S. 27. The project will include a 28,000-square-foot garden center and will be reviewed by Polk County's Development Review Committee on March 27. This new location will provide jobs and serve the growing Davenport area, which is seeing numerous new housing and commercial developments.",https://www.theledger.com/story/news/local/2025/03/26/home-depot-plans-davenport-location-on-u-s-27/82652769007/,1742958473
HD,"News | Intermodal transportation network, population growth convince Home Depot to expand in Edmonton","The Home Depot has expanded its distribution network in Edmonton, Alberta, with a new 206,000-square-foot facility developed by Qualico Properties. This expansion, prompted by Edmonton's intermodal transportation network and population growth, supports Home Depot's 11 stores in the region. The project, completed in two phases for $36.9 million, earned a 2025 CoStar Impact Award for commercial development for Edmonton.",https://www.costar.com/article/1973504047/home-depot-distribution-centre,1742983200
HD,Home Depot nears completion on South Hill,"Home Depot's new South Hill store, located at 4515 S. Regal in Spokane, is nearing completion with an expected opening in June. The $17.8 million project includes a 108,000-square-foot building and a 26,000-square-foot garden center, creating nearly 200 jobs. This new development comes after a previous plan in 2008 was canceled due to neighborhood objections.",https://www.spokanejournal.com/articles/16870-home-depot-nears-completion-on-south-hill,1743044873
HD,"Despite environmental concerns, Stockton City Council enters 20-year partnership with Home Depot","The Stockton City Council approved a 20-year partnership with The Home Depot, projecting $500,000 to $1 million in annual revenue for the city. This agreement will facilitate the expansion of Home Depot's e-commerce and distribution operations in a new 600,000 to 700,000 square foot facility at the Port of Stockton, creating 80-100 permanent jobs. Despite environmental concerns raised by the Delta-Sierra Group regarding the health impacts on nearby residents from increased emissions, the council voted 6-1 in favor, with Mayor Christina Fugazi noting the facility is already near completion and the potential revenue is crucial for community reinvestment.",https://www.recordnet.com/story/news/politics/government/2025/03/28/stockton-city-council-enters-20-year-partnership-with-home-depot/82555730007/,1743150600
HD,XLY ETF Holdings List — AMEX:XLY,"This article provides a detailed list of the top holdings for the XLY ETF (State Street Consumer Discretionary Select Sector SPDR ETF) as of February 27, 2026. It includes the weight percentage, number of shares, and market value for each company held within the ETF. Key holdings include Amazon.com, Inc., Tesla, Inc., Home Depot, Inc., and McDonald's Corporation, among others.",https://www.tradingview.com/symbols/AMEX-XLY/holdings/,1743505185
HD,"The Zacks Analyst Blog Highlights Walmart, Costco Wholesale and The Home Depot","The Zacks Analyst Blog highlights blue-chip retail stocks Walmart, Costco Wholesale, and The Home Depot as stable investment options amidst global trade war uncertainties. These companies are noted for their financial strength, market dominance, and adaptability, which allow them to navigate rising tariffs and economic turbulence. The article details each company's strategies, financial performance, and dividend payouts, positioning them as reliable choices for investors seeking stability and sustained growth.",https://finance.yahoo.com/news/zacks-analyst-blog-highlights-walmart-131600390.html,1743729791
HD,Home Depot subsidiary Construction Resources Co. buys stone slab and tile company,"The Home Depot subsidiary Construction Resources Co. has acquired Opustone, a stone slab and tile distributor. This acquisition expands the Decatur-based company's luxury design offerings. The deal was reported by the Atlanta Business Chronicle.",https://www.bizjournals.com/atlanta/news/2025/04/09/construction-resources-opustone-acquisition.html,1744163271
HD,Hilton Stock Faces Challenges: Insights Unveiled,"Hilton Worldwide Holdings Inc. (HLT) stock has dropped by -3.69% due to investor reactions to potential regulatory challenges. Jefferies lowered its price target for Hilton to $228 from $277 but maintained a Hold rating, influencing investor sentiment. Despite robust revenue and a strong gross margin, the company faces pressures on profitability margins and has a leaner liquidity position, alongside significant long-term debt and capital outflows.",https://stockstotrade.com/news/hilton-worldwide-holdings-inc-hlt-news-2025_04_10/,1744293720
HD,"The Home Depot, Inc. (NYSE:HD) is favoured by institutional owners who hold 73% of the company","Institutional investors hold a significant 73% ownership in The Home Depot, Inc. (NYSE:HD), indicating their strong preference for the company and influence on its stock price. The Vanguard Group, Inc., BlackRock, Inc., and State Street Global Advisors, Inc. are among the largest shareholders, while insiders own less than 1% but have been recently buying shares. The general public accounts for 27% ownership.",https://finance.yahoo.com/news/home-depot-inc-nyse-hd-130013875.html,1744422472
HD,Home Depot in Buckeye coming up due to recent purchase,"Home Depot is moving forward with plans to open a new store in Buckeye, Arizona. The company recently purchased 11.14 acres at the Buckeye Commons shopping center for $7.7 million and applied for a building permit for a 137,347-square-foot store. This development positions Home Depot as another major retailer alongside Costco in the Buckeye Commons center.",https://ktar.com/arizona-business/home-depot-in-buckeye/5692853/,1744536900
HD,Lowe’s extends brand into digital gaming,"Lowe's has announced a new partnership with EA Sports to integrate its brand into popular digital game titles such as EA Sports FC, Madden NFL, and College Football. This collaboration aims to engage sports fans and new generations of home improvers through in-game branding and a real-life ""On the Road"" interactive gaming experience. The move is part of Lowe's broader strategy to connect with consumers through their passions, following a similar marketing agreement with Lionel Messi and Inter Miami CF.",https://chainstoreage.com/lowes-extends-brand-digital-gaming,1744594005
HD,News | Construction equipment giant calls workers back for a five-day workweek,"Caterpillar, the construction equipment giant, is ending its hybrid work policy and will require all U.S. corporate employees to return to the office five days a week starting in June. This decision follows a memo stating that the previous hybrid model yielded ""varying results"" and emphasizes the importance of in-person collaboration. The move aligns Caterpillar with other major companies that are increasing their return-to-office mandates.",https://www.costar.com/article/350212307/construction-equipment-giant-calls-workers-back-for-a-five-day-workweek,1744749360
HD,St. Augustine Home Depot opening scheduled April 17,"The 새로운 Home Depot in St. Augustine, located in World Commerce Center, is set to open on April 17, 2025. A ""Neighborhood Night"" public event will precede the opening on April 16, featuring games, refreshments, and a traditional board-cutting ceremony. The store, which cost $16.82 million to construct, is expected to create 150 new jobs.",https://www.jaxdailyrecord.com/news/2025/apr/16/st-augustine-home-depot-opening-scheduled-april-17/,1744805100
HD,DiCello Levitt Files Class Action Against Major Rental Equipment Companies for Anticompetitive Practices,"DiCello Levitt has filed a class action lawsuit against several major rental equipment companies, including RB Global, Inc. and United Rentals, Inc., alleging anticompetitive practices and price fixing in the rental equipment market. The lawsuit, brought by Immediate Appliance Service, Inc., claims that the defendants conspired to stabilize rental prices, causing clients to pay supracompetitive prices since March 31, 2021. The case is filed in the United States District Court for the Northern District of Illinois and seeks to represent affected renters.",https://dicellolevitt.com/dicello-levitt-files-class-action-against-major-rental-equipment-companies-for-anticompetitive-practices/,1744848000
HD,"From Lululemon to Birkenstocks, viral videos are urging shoppers to buy direct from China. Should you do it?","Viral TikTok videos are encouraging consumers to buy directly from Chinese factories, claiming to offer major brands like Lululemon and Birkenstock at a fraction of the retail price. While some shoppers are embracing this trend due to economic pressures and tariffs, experts warn that these direct purchases are unlikely to be identical to their brand-name counterparts, primarily due to differences in material quality and potential risks for manufacturers. This phenomenon highlights a shift in consumer values towards cost-conscious behavior and the increasing acceptance of ""dupes.""",https://www.theglobeandmail.com/investing/personal-finance/article-from-lululemon-to-birkenstocks-viral-videos-are-urging-shoppers-to-buy/,1744852722
HD,Lowe’s makes $1.3 billion acquisition deal to compete with Home Depot,"Lowe's Companies announced a $1.3 billion acquisition of Artisan Design Group (ADG) to bolster its competition with Home Depot. This strategic move will expand Lowe's Pro offering into a new distribution channel, targeting the approximately $50 billion interior finishes market for home builders and property managers. The acquisition is expected to close in the second quarter of 2025 and will be financed with cash on hand, allowing Lowe’s to build on its momentum and expand its total addressable market.",https://www.kktv.com/2025/04/18/lowes-makes-13-billion-acquisition-deal-compete-with-home-depot/,1744955340
HD,"Trump meeting retailers including Walmart, Home Depot, Target regarding tariff concerns","President Trump is reportedly meeting with major retailers like Target, Walmart, Home Depot, and Lowe's to discuss concerns over his imposed tariffs on imported goods. The discussions, taking place at the White House, will focus on how these tariffs affect their businesses. Walmart's CEO, Doug McMillon, is confirmed to attend, while Home Depot regularly engages with government officials on such issues. Although Lowe's was initially reported to attend, their spokesperson later confirmed they were not in attendance.",https://www.foxbusiness.com/economy/trump-meeting-retailers-including-walmart-home-depot-target-regarding-tariff-concerns,1745200071
HD,Home Depot (NYSE:HD) Has A Pretty Healthy Balance Sheet,"The article analyzes Home Depot's balance sheet, focusing on its debt levels. It finds that while Home Depot has a substantial amount of debt (US$51.2b), its strong interest coverage and ability to generate free cash flow indicate that it can manage its obligations comfortably. The analysis concludes that the company has a healthy balance sheet, suggesting that its debt is not a significant risk to shareholders.",https://simplywall.st/stocks/us/retail/nyse-hd/home-depot/news/home-depot-nysehd-has-a-pretty-healthy-balance-sheet-1,1745200071
HD,News | America's mall overhaul takes on latest shape in California retail haven,"The nation's largest mall owner, Simon Property Group, is investing heavily in upgrading its properties in Orange County, California. This initiative involves transforming existing malls like The Shops at Mission Viejo and Brea Mall into mixed-use, open-air lifestyle centers with new stores, restaurants, and residential units to attract tenants and shoppers in a highly competitive retail market. This strategy addresses declining foot traffic and changing consumer preferences by offering diverse experiences, particularly in affluent suburban areas.",https://www.costar.com/article/585059964,1745202089
HD,Target calls CEO Brian Cornell’s meeting with Trump about tariffs ‘productive’,"Target CEO Brian Cornell, along with the CEOs of Walmart and Home Depot, met with President Donald Trump to discuss the impact of tariffs on the retail sector. Target described the meeting as ""productive"" and reiterated its commitment to delivering value to American consumers, despite potential challenges from tariffs. The company faces increased costs due to tariffs, with about 50% of its merchandise imported, and is working to diversify its sourcing and negotiate with vendors to mitigate price increases.",https://www.startribune.com/target-brian-cornell-walmart-home-depot-trump-meeting-tariffs/601336409,1745290800
HD,Masco Corporation Reports First Quarter 2025 Results,"Masco Corporation reported a 6% decrease in net sales for Q1 2025, totaling $1,801 million, with an adjusted operating profit margin of 16.0% and earnings per share of $0.87. The company repurchased $130 million in shares and is not providing full-year guidance due to tariff and macroeconomic uncertainties. Masco is focused on mitigating increased costs through pricing actions, cost savings, and sourcing changes.",https://www.businesswire.com/news/home/20250423741185/en/Masco-Corporation-Reports-First-Quarter-2025-Results,1745380800
HD,Wayfair Building $18.7M Atlanta Store,"Wayfair Inc. is expanding its retail presence by building a new 150,000-square-foot physical store in Atlanta's Upper Westside, located at 1801 Howell Mill Rd NW. This $18.7 million project marks Wayfair's second physical store, following one near Chicago, and is set to open in 2026. The store will offer a wide range of home goods and benefit from proximity to a Wayfair fulfillment center for fast delivery of larger items.",https://www.connectcre.com/stories/wayfair-building-18-7m-atlanta-store/,1745980071
HD,Prediction: 1 Retail Stock Set to Overtake Costco By 2030,"This article predicts that Home Depot (NYSE:HD) will surpass Costco (NASDAQ:COST) as a better investment by 2030, despite Costco currently being a superior business. The author argues Home Depot's lower valuation, higher dividend yield, and strategic focus on the massive and aging home improvement market make it a compelling long-term buy, especially compared to Costco's expensive stock. While both companies may face tariff impacts, Home Depot's specific market niche and growth strategy are expected to drive its future performance.",https://247wallst.com/investing/2025/04/30/prediction-1-retail-stock-set-to-overtake-costco-by-2030/,1746003180
HD,Weak US On-Highway Truck Demand Drags on Q1 Cummins Revenue,"Cummins reported a 3% decrease in Q1 2025 revenue, totaling $8.17 billion, largely due to weakening on-highway truck sales in North and South America and general economic uncertainty. The company declined to provide forward-looking guidance for the rest of 2025, citing unpredictable impacts from trade tariffs and emissions regulations. While most divisions saw declines, the power systems division experienced a 19% revenue increase driven by demand from data centers.",https://www.ttnews.com/articles/cummins-earnings-q1-2025,1746547380
HD,What Are Wall Street Analysts' Target Price for Home Depot Stock?,"The Home Depot, Inc. (HD) has a market cap of $357.2 billion and has underperformed the S&P 500 Index over the past year and in 2025. Despite this, analysts have a consensus ""Strong Buy"" rating for HD, with a mean price target suggesting a 16.7% upside. Truist Financial Corporation analyst Scot Ciccarelli recently raised his price target for HD from $291 to $393 while maintaining a ""Buy"" rating.",https://www.nasdaq.com/articles/what-are-wall-street-analysts-target-price-home-depot-stock,1746698880
HD,Private credit fund results point to pockets of weakness,"Preliminary earnings reports from Business Development Companies (BDCs) indicate growing stress among private credit borrowers, with some companies showing signs of weakness in Q1. This trend is expected to intensify due to the impact of global trade wars and tariffs, leading to increased demand for rescue financing. While some BDCs reported marginal declines in non-accrual loans, the overall sentiment points to a challenging environment for privately financed companies.",https://www.investmentnews.com/alternatives/private-credit-fund-results-point-to-pockets-of-weakness/260433,1746726742
HD,"The 4 Hottest Paint Colors to Try This Summer, According to Sherwin-Williams","Sherwin-Williams has released its color and décor trend report for summer 2025, highlighting four key paint colors. These include Tranquil Blue for serene indoor spaces, Jungle Green for vibrant DIY projects, Violet for moody and inviting rooms, and Burnt Hickory for warm outdoor sanctuaries. The paint company predicts these shades will be popular choices for homeowners and renters looking to refresh their spaces this summer.",https://www.marthastewart.com/most-popular-paint-colors-of-summer-11736257,1747356555
HD,Home Depot could replace furniture store at Phoenix mall,"A new Home Depot store may replace the American Furniture Warehouse at Christown Spectrum mall in Phoenix, according to city records. The home improvement retailer filed plans to demolish the existing furniture store as part of a larger, decade-long redevelopment effort to transform the mall into a walkable outdoor retail hub with apartments. This change follows Costco's departure in 2020 and American Furniture Warehouse moving into that space in 2022.",https://ktar.com/arizona-business/home-depot-christown-phoenix/5706592/,1747418400
HD,"This Week in Retail: Target, TJX Companies, and Home Depot earnings","This week in retail features earnings reports from major companies like Home Depot, Lowe's, TJX Companies, Ross Stores, Target, and BJ's Wholesale Club. The article also highlights industry events such as the International Contemporary Furniture Fair and the virtual Retail Success Summit, alongside a webinar discussing Q2 retail trends and the outlook for Q3. The content provides a comprehensive overview of key happenings in the retail sector for the week.",https://www.retailbrew.com/stories/2025/05/19/this-week-in-retail-target-tjx-companies-and-home-depot-earnings,1747612800
HD,Is SCHD the Ultimate Dividend Powerhouse? 4% Yield and 12% Growth Say Yes!,"The article highlights the Schwab U.S. Dividend Equity ETF (SCHD) as a top choice for dividend growth investors, emphasizing its 3.9% yield, low 0.06% expense ratio, and 12% annualized dividend growth. It details SCHD's robust selection criteria, which include financially sound companies with consistent dividend increases, and discusses its strong performance and low valuation, making it ideal for long-term wealth building despite some risk factors.",https://moneymorning.com/2025/05/19/is-schd-the-ultimate-dividend-powerhouse-4-yield-and-12-growth-say-yes/,1747615688
HD,Home Depot vows to maintain prices despite tariff pressures hitting retail sector,"Home Depot has announced it will not raise prices due to tariffs, a stance that goes against the trend of other major retailers. The company's Executive Vice President of Merchandising, William Bastek, stated they intend to maintain pricing by diversifying their supply chains and reducing reliance on any single country outside the U.S. This decision contrasts with warnings from Walmart, Target, and Best Buy about potential price hikes due to tariff impacts.",https://www.foxbusiness.com/lifestyle/home-depot-vows-maintain-prices-despite-tariff-pressures-hitting-retail-sector,1747699776
HD,Tractor Supply Is Coming for Home Depot: 3 Major Reasons Why Shoppers Are Switching,"Tractor Supply is gaining market share from Home Depot due to its interactive shopping experiences for big-ticket items, the launch of its dedicated online animal pharmacy (Tractor Supply Rx), and its superior military discount program, Hometown Heroes Neighbor’s Club, which offers more comprehensive benefits than Home Depot's offerings. The company has been expanding significantly, with plans to open 90 new stores in 2025 and a growing digital presence, making it a strong competitor in the rural retail sector.",https://bestlifeonline.com/tractor-supply-coming-for-home-depot/,1747702447
HD,"Home Depot doesn’t plan to raise prices because of tariffs, as U.S. sales show surprise growth","Home Depot reported a surprise beat on first-quarter revenue and comparable sales, despite missing profit expectations. The company stated it does not plan to raise prices due to tariffs, a stance that contrasts with Walmart's previous comments and was noted positively by investors. Home Depot also maintained its full-year guidance, suggesting confidence in its outlook.",https://www.marketwatch.com/story/home-depot-falls-short-on-adjusted-profit-as-same-store-sales-lag-a3910561?gaa_at=eafs&gaa_n=AWEtsqcwz7abP6B1q7kRU5kphNwyVW10HB9naP-Hn6N27rMob2Surkm-R9FT&gaa_ts=6998fb41&gaa_sig=2XIr7DrKomd59A8XgoIGntZ2x6mpSSRnVOIuVhEP3QHKwLMyq95rkCgO44sg9UlKq28yQDkroC76_ZRbV0i2vg%3D%3D,1747721640
HD,Home Depot Revenue Rises as Customers Tackle Small Projects,"Home Depot's first-quarter revenue increased as customers focused on smaller home projects, with the company maintaining its projected sales growth of around 2.8%. Despite a slight dip in comparable store sales, customer transactions and average ticket spend rose. The retailer continues to navigate a challenging housing market and high interest rates, which are impacting larger home improvement projects.",https://www.ttnews.com/articles/home-depot-earnings-q1-2025,1747736160
HD,"Home Depot Earnings: Despite a Stalled US Housing Market, Operating Margin Preservation Persists","Despite a stalled US housing market, Home Depot announced first-quarter sales growth of 9.4%, largely due to an acquisition, although same-store sales declined 0.3%. Morningstar views Home Depot stock as overvalued at USD 305 and maintains its fair value estimate, noting that the premium multiple for the retailer is disproportionate to the projected 6% EPS growth over the next five years. The company's commitment to an everyday low-price strategy and its scale in sourcing are expected to help preserve its operating margin, despite tariffs and a challenging housing market.",https://global.morningstar.com/en-ca/stocks/home-depot-earnings-despite-stalled-us-housing-market-operating-margin-preservation-persists,1747785600
HD,"Lowe’s sales fall, as customers are avoiding products that cost $500 or more","Lowe’s reported a decline in sales, attributing it to customers actively avoiding purchases of items costing $500 or more. Despite this, the home improvement retailer still managed to outperform rival Home Depot in its latest quarter regarding Wall Street expectations. However, Lowe's stock lost ground due to warnings about unfavorable weather impacting second-quarter same-store sales.",https://www.marketwatch.com/story/lowes-beat-wall-streets-profit-expectations-to-one-up-rival-home-depot-3ad7d8db?gaa_at=eafs&gaa_n=AWEtsqcaQgvRDrdIrsSTfXBqplvTU3_JVcaCPIMiRahR_fteRzOO7pw5c6wJ&gaa_ts=6998fe1c&gaa_sig=RAV_kORppti9joqVZMnrnvbVIc3WkGSqc150AOFmjAziBDryjR7vS1REzTwgY2WACOxzNJw0doU4pxSDORPEfA%3D%3D,1747815900
HD,SRS Delivers $2.6B to Home Depot in Q1; Retailer Declines to Raise Prices from Tariffs,"The Home Depot announced in its Q1 2025 earnings call that it will not raise prices due to tariffs, a decision contrasting with other retailers like Walmart. The company plans to leverage its scale and partnerships to maintain pricing and reduce reliance on single-country sourcing outside the U.S. SRS Distribution, acquired by Home Depot, contributed $2.6 billion in sales for the quarter and is expected to be a major engine for growth, particularly by managing the trade credit program for Pros.",https://www.roofingcontractor.com/articles/100836-srs-delivers-26b-to-home-depot-in-q1-retailer-declines-to-raise-prices-from-tariffs,1747958976
HD,"After Earnings, Is Home Depot Stock a Buy, a Sell, or Fairly Valued?","Morningstar indicates that Home Depot (HD) stock remains overvalued after its first-quarter earnings report, despite a 9.4% sales growth driven by its acquisition of SRS Distribution. The company's fair value estimate is $308, while shares trade at a premium 26 times the 2025 EPS estimate. Morningstar maintains a ""Wide"" economic moat rating due to Home Depot's brand and cost advantage but expects continued pressure on sales growth from the soft housing market and high interest rates.",https://www.morningstar.com/stocks/after-earnings-is-home-depot-stock-buy-sell-or-fairly-valued-6,1748304576
HD,The Best Pellet Smoker Grill,"This article reviews the top pellet smoker grills, identifying the Camp Chef Woodwind Pro 24 as the best overall for its precision and robust smoke flavor. The Pit Boss Navigator 1300 is recommended as the budget-friendly option with ample cooking space, while the Traeger Woodridge suits those preferring milder smoke flavors and simpler functionality. The author extensively tested these grills, smoking various meats and detailing their features, performance, and maintenance.",https://www.nytimes.com/wirecutter/reviews/best-pellet-grill/,1748649035
HD,PayPal Credit Users To Get a Card for In-Store Use,"PayPal Credit users will soon be able to get a Mastercard-branded card for in-store purchases, expanding their online credit lines to physical locations. This new card, issued by Synchrony Financial, allows users to tap into their existing PayPal Credit accounts for point-of-sale transactions. This move aims to enhance customers' purchasing power both online and offline, building on PayPal's past attempts to integrate into physical retail.",https://www.digitaltransactions.net/paypal-credit-users-to-get-a-card-for-in-store-use/,1748988540
HD,1 ETF to Buy Hand Over Fist to Follow the TACO Trade,"The article discusses the ""TACO"" trade strategy, which involves buying into the market on the assumption that Donald Trump will reverse course on tariffs. It highlights the Consumer Discretionary Select Sector SPDR Fund (XLY) as a key ETF for this strategy due to its liquidity, the strong momentum of the consumer discretionary sector, and improved consumer confidence. The XLY ETF invests in U.S. consumer discretionary companies across various industries.",https://www.theglobeandmail.com/investing/markets/stocks/BKNG/pressreleases/32725886/1-etf-to-buy-hand-over-fist-to-follow-the-taco-trade/,1749050880
HD,"Price Hikes Associated With The New Tariffs Are Kicking In On Some Products, Including The Paint This TikToker Bought","A TikToker shared his recent experience purchasing paint from Sherwin-Williams, highlighting a significant price increase due to new tariffs. He noted that three gallons of paint that cost $210 three months prior now cost him $346.65, despite a company discount. The video and subsequent comments reveal customer frustration over tariffs affecting consumer prices for everyday goods.",https://twistedsifter.com/2025/06/the-price-hikes-associated-with-the-new-tariffs-are-kicking-in-on-some-products-including-the-paint-this-tiktoker-bought/,1749192480
HD,"5,700-Unit Little River District To Be ‘First Fully Integrated Smart Home City In Florida’","The Little River District, a 63-acre mixed-use development in Miami, received unanimous approval to become Florida's first fully integrated smart home city. Spearheaded by SG Holdings and equipped with SKYX Platforms Corp.'s smart technology, the project will feature 5,700 affordable residential units and extensive retail, public green space, and a new Tri-Rail station. This $3 billion development aims to redefine urban living by combining transit access, affordability, and smart home innovation.",https://floridayimby.com/2025/06/5700-unit-little-river-district-to-be-first-fully-integrated-smart-home-city-in-florida.html,1749369600
HD,Plug Power CFO Paul Middleton Underscores Continued Confidence in Strategic Growth with Additional Share Purchase,"Plug Power CFO Paul Middleton purchased an additional 650,000 shares of Plug Power common stock on the open market, investing at an average price of $1.0339 per share. This latest acquisition, following a previous purchase, signifies Middleton's strong belief in the company's long-term strategy, financial trajectory, and leadership in the green hydrogen economy. He emphasized Plug's operational progress, including the ramp-up of hydrogen production and commercialization of electrolyzers, as key drivers for this investment.",https://www.globenewswire.com/news-release/2025/06/09/3096076/9619/en/Plug-Power-CFO-Paul-Middleton-Underscores-Continued-Confidence-in-Strategic-Growth-with-Additional-Share-Purchase.html,1749473280
HD,Home Depot stores remain open despite becoming target of Trump's immigration enforcement,"Home Depot stores remained open after some locations in Los Angeles were targeted by Immigration and Customs Enforcement (ICE) raids, leading to arrests and clashes between demonstrators and law enforcement. While Home Depot deferred comment to DHS, ICE stated that reports of ""raids"" were false, claiming a nearby DHS office was used as a staging area. Los Angeles Mayor Karen Bass questioned the targeting of a Home Depot for enforcement, contrasting it with the stated goal of pursuing violent criminals, while President Trump has vowed to expand mass deportations.",https://www.foxbusiness.com/lifestyle/home-depot-stores-remain-open-despite-becoming-target-trumps-immigration-enforcement,1749508793
HD,How Will CarMax Stock React To Its Upcoming Earnings?,"CarMax (NYSE:KMX) is expected to report its Q1 FY'26 earnings on June 20th, with projected revenue growth and increased adjusted earnings per share. Historically, KMX has seen positive one-day post-earnings returns approximately 40% of the time, with this percentage rising to 58% over the last three years. The article also discusses median positive and negative returns and the correlation between short-term and medium-term post-earnings movements to aid trading strategies.",https://www.trefis.com/stock/kmx/articles/566685/how-will-carmax-stock-react-to-its-upcoming-earnings-2/2025-06-13,1749772800
HD,"North America Flooring Market Size, Share & Growth, 2034","The North America flooring market is projected to grow from USD 145.47 billion in 2026 to USD 277.34 billion by 2034, at a CAGR of 8.4%. Key drivers include rising residential construction, remodeling activities, and increasing demand for sustainable flooring materials, while challenges such as supply chain disruptions and labor shortages persist. The market also presents opportunities in smart and multifunctional flooring solutions and the expansion of e-commerce sales channels, with resilient flooring and the residential sector leading market share.",https://www.marketdataforecast.com/market-reports/north-america-flooring-market,1749855670
HD,Best Paint Colors to Sell a House for More Money in 2025,"Zillow's research indicates that certain paint colors can significantly increase a home's sale price, with buyers offering up to $2,590 more for homes painted in desirable hues. The article, in collaboration with Sherwin-Williams, identifies top colors for different rooms, such as olive green for kitchens and navy blue for bedrooms, and advises sellers to avoid bright, personal colors that could deter potential buyers. It emphasizes that new paint in strategic colors is an affordable way to appeal to a wider range of buyers and boost home value.",https://www.zillow.com/learn/best-paint-colors-sell-house/,1750116860
HD,"Capstone Holding Corp. (NASDAQ:CAPS), Secures $1 Million Pangaea Stone Order in Expanding Territory","Capstone Holding Corp. (NASDAQ:CAPS) announced that its Instone subsidiary secured a $1 million order for Pangaea® Natural Stone for a luxury resort development in the Mountain States. This project marks Instone's first major entry into this high-value regional market, with $200,000 in shipments already delivered. The expansion highlights Capstone's strategy for revenue growth through geographic reach and positioning in premium markets, with the builder praising the product quality and support.",https://www.newswire.com/news/capstone-holding-corp-nasdaq-caps-secures-1-million-pangaea-stone-order-in,1750191146
HD,Terry Smith: What He’s Selling and Why,"Terry Smith of Fundsmith recently reduced his stakes in several notable companies, indicating a strategic rebalancing of his concentrated portfolio. The top five reductions by percentage include Equifax, Mastercard, Home Depot, Verisk Analytics, and Meta Platforms, reflecting concerns over valuation, sector risks, or shifts in business quality. Smith's moves are interpreted as calculated, valuation-aware adjustments rather than panic-driven sales, emphasizing his disciplined ""buy good companies, don’t overpay, do nothing"" philosophy.",https://acquirersmultiple.com/2025/06/terry-smith-what-hes-selling-and-why/,1750286008
HD,The Joint Corp. names new chief financial officer,"The Joint Corp., a major chiropractic care provider, has appointed Scott J. Bowman as its new Chief Financial Officer, effective June 10, replacing Jake Singleton. Bowman brings over three decades of finance experience, including CFO roles at three publicly traded companies, which will be crucial for the company's growth and strategic transformation. CEO Sanjiv Razdan highlighted Bowman's expertise in capital markets and investor relations as key to disciplined execution and long-term value creation.",https://www.chiroeco.com/the-joint-corp-names-new-chief-financial-officer/,1750373287
HD,Home Depot and billionaire Brad Jacobs's QXO go head-to-head in possible hostile bid for GMS,"Billionaire Brad Jacobs's QXO has made a $5 billion cash offer to acquire GMS and threatened a hostile takeover if the offer is rejected. This move is part of Jacobs's strategy to expand QXO into a major building-products distributor, following another recent acquisition. Home Depot also reportedly made an offer for GMS, indicating a competitive landscape for the building materials supplier.",https://www.cnbc.com/2025/06/20/home-depot-brad-jacobs-qxo-bid-for-gms.html,1750397880
HD,Home Depot continues its building-products expansion with reported bid for GMS,"Home Depot Inc. has reportedly made a bid to acquire building-products distributor GMS Inc., continuing its expansion in the building-products market. This move follows an ""unsolicited"" bid for GMS by QXO Inc. and Home Depot's major acquisition of SRS Distribution Inc. last year, signaling Home Depot's strategic growth beyond traditional retail.",https://www.marketwatch.com/story/home-depot-continues-its-building-products-expansion-with-reported-bid-for-gms-9fc5e8e7?gaa_at=eafs&gaa_n=AWEtsqcxG--ZRpJ0I-Cys8clX7iKuHYOAwNb0jqbPVAYwgVMDypAYtjiTzNH&gaa_ts=69074a18&gaa_sig=GV-qWQFt0ikKXtXl-pBRVdOlA3sC8tv26W9f0-SgXf-zy89BOz3aHTs8uO0zgFPhkb3ASv52Pfm9TMWcN25YLA%3D%3D,1750407300
HD,Home Depot Challenges Brad Jacobs-Led QXO for Supplier Deal,"Home Depot has made an offer for GMS Inc., potentially initiating a bidding war with QXO Inc., which had previously offered $5 billion for the building products distributor. Both Home Depot and QXO are vying to expand their market share in construction supplies and tools, aiming to attract more contractors through larger entities and improved technology. This move follows QXO's recent $5 billion bid for GMS and QXO's larger proposed acquisition of Beacon Roofing Supply for $11 billion.",https://www.ttnews.com/articles/home-depot-gms-qxo,1750410840
HD,QXO Won’t Raise Its Offer for GMS After Home Depot Bid,"QXO Inc. has stated it will not increase its $5 billion offer for GMS Inc. following a reported bid from Home Depot Inc. QXO's unsolicited offer of $95.20 a share represented a 27% premium, but analysts suggest Home Depot might be willing to pay more to expand its market share with professional contractors.",https://www.ttnews.com/articles/qxo-wont-raise-offer-gms,1750425540
HD,"Billionaire Brad Jacobs' QXO offers $5 billion for GMS, threatens to go hostile","Billionaire Brad Jacobs' QXO has offered approximately $5 billion in cash to acquire GMS and threatened a hostile takeover if the GMS board does not engage by June 24. This move is part of Jacobs' strategy to expand QXO into a $50 billion revenue building-products distributor, following its recent acquisition of Beacon Roofing Supply. The offer, which represents a 17% premium over GMS's closing price on Wednesday, faces competition as Home Depot has also reportedly made an offer for GMS.",https://www.reuters.com/en/building-products-distributor-qxo-acquire-gms-about-5-billion-2025-06-18/,1750457760
HD,UPDATE: Home Depot Pushes QXO Out of GMS Pursuit,"The Home Depot has emerged as a competing suitor for GMS Inc., effectively pushing QXO Inc. out of its $5 billion acquisition bid. QXO's offer expired without extension as the company declined to enter a bidding war, while Home Depot's undisclosed bid suggests a potential high-stakes contest for GMS. Investors reacted positively to the news, with GMS shares jumping, as industry observers anticipate higher offers and evaluate the strategic fit of each bidder's approach.",https://www.roofingcontractor.com/articles/100966-update-home-depot-pushes-qxo-out-of-gms-pursuit,1750636800
HD,Ecommerce earnings recap: What you missed from La-Z-Boy and more,"This article summarizes the Q1 2025 and Q4 2025 earnings reports for several major retailers, focusing on their ecommerce performance and how they are addressing macroeconomic challenges like tariffs and inflation. Key insights include La-Z-Boy's struggle with its Joybird brand despite overall sales growth, Kroger's consistent digital sales growth, and various companies' strategies for managing tariffs and focusing on online channels. The report also touches on Amazon's revenue increase, Chewy's Autoship growth, and Home Depot's use of AI to boost online sales.",https://www.digitalcommerce360.com/2025/06/23/ecommerce-earnings-recap-what-you-missed-from-la-z-boy-and-more/,1750719042
HD,"Top Stock Reports for Amazon.com, Home Depot & Cisco Systems","Zacks Investment Research has released new reports on 16 major stocks, including Amazon.com (AMZN), Home Depot (HD), and Cisco Systems (CSCO), highlighting their performance and outlook. The reports emphasize Amazon's growth in Prime and AWS, Home Depot's strategic initiatives despite consumer caution, and Cisco's strength from subscription revenues and Splunk acquisition. The article also touches on smaller companies like United Homes Group and The Eastern Company, detailing their challenges and strategic efforts.",https://finance.yahoo.com/news/top-stock-reports-amazon-com-205600251.html,1750802766
HD,APLY vs. SCHD: Apple’s Mega Yield ETF or Dividend Aristocrat Power,"This article compares two ETFs, YieldMax AAPL Option Income Strategy ETF (APLY) and Schwab U.S. Dividend Equity ETF (SCHD), for passive income investors. APLY offers a significantly higher yield through an options trading strategy focused on Apple, but comes with higher risks and capped upside. SCHD, conversely, provides more reliable, lower-risk income through diversification across mature dividend-paying companies.",https://247wallst.com/investing/2025/06/27/aply-vs-schd-apples-mega-yield-etf-or-dividend-aristocrat-power/,1751037600
HD,The Weekly Closeout: J. Jill names chief merchant as Spirit Halloween resurrects seasonal hiring,"J. Jill appointed Courtney O’Connor as its new chief merchandising officer, bringing 20 years of retail experience, while Spirit Halloween plans to hire 50,000 seasonal employees. Nike added former Lego CEO Jørgen Vig Knudstorp to its board as it implements a turnaround strategy. Meanwhile, Goop is expanding its brick-and-mortar presence, and Claire's is reportedly exploring a potential sale due to accumulating financial difficulties.",https://www.retaildive.com/news/j-jill-names-courtney-oconnor-chief-merchant-spirit-halloween-hiring-fifty-thousand-seasonal-workers/751769/,1751064456
HD,Home Depot goes after pro market with $4.3B acquisition,"Home Depot's subsidiary SRS Distribution announced a deal to acquire specialty building products distributor GMS Inc for approximately $4.3 billion, aiming to strengthen its offerings for pro customers. This acquisition will expand SRS's distribution footprint and create a network of over 1,200 locations, reinforcing Home Depot's position in the professional construction and remodeling market despite a slowing housing market. The move follows Home Depot's previous acquisition of SRS Distribution and is expected to drive further synergies and growth in the pro segment.",https://www.retaildive.com/news/home-depots-srs-distribution-deal-acquire-building-products-GMS/751972/,1751241600
HD,Home Depot buying specialty building products distributor GMS in deal worth about $4.3B,Home Depot announced its acquisition of specialty building products distributor GMS Inc. in a deal valued at approximately $4.3 billion. The transaction aims to strengthen Home Depot's relationship with professional contractors and is expected to close by the end of fiscal 2025. This follows Home Depot's previous purchase of SRS Distribution in a deal worth about $18.25 billion.,https://idahobusinessreview.com/2025/06/30/home-depot-gms-acquisition-building-supplies/,1751241600
HD,Home Depot: Addition of GMS Will Likely Expand Pro Business,"Home Depot's acquisition of GMS through its SRS subsidiary for approximately $5.5 billion is expected to further expand its professional business segment. This deal, predicted to be accretive to EPS in the first year, will enhance Home Depot's distribution capabilities and could lift its fair value estimate. The acquisition aligns with Home Depot's strategy of growing its pro segment through strategic purchases.",https://www.morningstar.com/stocks/home-depot-addition-gms-expand-pro-business-further-unlikely-move-our-valuation-much,1751241600
HD,The Home Depot Enters Into Agreement for SRS Distribution to Acquire GMS,"The Home Depot's subsidiary, SRS Distribution Inc., has entered into a definitive agreement to acquire GMS Inc., a leading North American specialty building products distributor, for approximately $4.3 billion in equity value ($5.5 billion enterprise value). This acquisition will expand The Home Depot's distribution offerings and capabilities for professional contractors by adding GMS's drywall, ceilings, and steel framing distribution to SRS's existing businesses. The transaction is expected to be accretive to adjusted EPS within the first year and significantly broaden the distribution footprint across the U.S. and Canada.",https://ir.homedepot.com/news-releases/2025/06-30-2025-130354727,1751241600
HD,Weil Advises The Home Depot in its $5.5B Acquisition of GMS Inc.,"Weil, Gotshal & Manges LLP is advising The Home Depot in its $5.5 billion acquisition of GMS Inc. through its subsidiary, SRS Distribution Inc. This acquisition aims to accelerate SRS's growth as a multi-category building materials distributor, adding specialty building products like drywall and ceilings to its existing verticals. The Weil team, led by Mergers & Acquisitions partners Michael J. Aiello and Michelle Sargent, comprises experts across various practice areas to facilitate the transaction.",https://www.weil.com/articles/weil-advises-the-home-depot-in-its-5-5b-acquisition-of-gms-inc,1751241600
HD,GMS Enters Into Agreement With The Home Depot to Be Acquired by SRS Distribution,"GMS Inc. announced it has entered into a definitive agreement for its acquisition by SRS Distribution, a subsidiary of The Home Depot. Under the terms, SRS will commence a tender offer to acquire all outstanding shares of GMS common stock for $110.00 per share, totaling approximately $5.5 billion in enterprise value. This acquisition aims to broaden SRS's offerings for professional contractors and create a combined network with expanded fulfillment and service options.",https://www.businesswire.com/news/home/20250630108230/en/GMS-Enters-Into-Agreement-With-The-Home-Depot-to-Be-Acquired-by-SRS-Distribution,1751241600
HD,"Home Depot, SRS Distribution to Acquire Building Products Distributor","The Home Depot's specialty trade distribution subsidiary, SRS Distribution Inc., has agreed to acquire GMS Inc., a leading North American specialty building products distributor, for $5.5 billion. This acquisition is expected to accelerate SRS's goal of becoming a leading multi-category building materials distributor, creating greater value for customers through expanded product offerings and services. The current leadership team of GMS will continue to lead the company as part of the SRS organization.",https://hardwareretailing.com/home-depot-srs-distribution-to-acquire-building-products-distributor-gms/,1751241600
HD,Home Depot making $4.3 billion acquisition in expansion of pro offerings,"The Home Depot is expanding its offerings to professional contractors by facilitating its subsidiary SRS Distribution Inc.'s acquisition of GMS Inc., a North American specialty building products distributor, for approximately $4.3 billion. This move aims to accelerate SRS's goal of becoming a leading multi-category building materials distributor and increase Home Depot's pro business. The combined entity will boast a network of over 1,200 locations and more than 8,000 trucks to serve residential and commercial Pro customers.",https://chainstoreage.com/home-depot-making-43-billion-acquisition-expansion-pro-offerings,1751241600
HD,Home Depot to Buy GMS at $4.3 Billion Value,"Home Depot announced its agreement to acquire specialty building products distributor GMS Inc. for $4.3 billion, valuing GMS at $110 per share. This acquisition, made through its subsidiary SRS Distribution, aims to expand Home Depot's footprint in exterior materials and increase its engagement with professional contractors, who represent a lucrative market segment for home improvement retailers. The move follows Home Depot's substantial acquisition of SRS Distribution last year, indicating a strategic focus on larger customers, while competitors like Lowe's are also making significant acquisitions in the professional services sector.",https://www.ttnews.com/articles/home-depot-buy-gms,1751273880
HD,Why Home Depot is spending $5.5 billion to buy another building-products company,"Home Depot announced its plan to acquire GMS Inc. for $5.5 billion, integrating it with its SRS Distribution unit. This strategic move aims to expand Home Depot's presence in the building-products market for contractors, leveraging its scale to gain market share in the fragmented material-supply business. GMS, founded in 1971, specializes in wallboard, steel-framing, and ceiling materials through its 300 distribution centers.",https://www.marketwatch.com/story/why-home-depot-is-spending-5-5-billion-to-buy-another-building-products-company-82090c77?gaa_at=eafs&gaa_n=AWEtsqdQ0A7Na9snHFAzW0GCWTP-lfdeAcHh-btro9RnlrEqyHqt7oE3SOhR&gaa_ts=69074a14&gaa_sig=yXVJyJkkRDRmcufOsjWSyyKX1BSJNuNHtIR9OYgt0IiWN5Zj1w1Qt0ZZmYCftS94NvQgDzXLoCgYIf_yfrljbg%3D%3D,1751278020
HD,"Home Depot targets contractors, rivals with $4.3 billion deal for GMS","Home Depot's unit SRS Distribution will acquire GMS for $4.3 billion, an offer representing a 36% premium over GMS's stock close on June 18. This strategic move aims to bolster Home Depot's focus on professional contractors and fend off a hostile takeover bid for GMS from QXO. The deal, valued at $5.5 billion including debt, is expected to close by the end of fiscal 2025 and will expand SRS's distribution network across the U.S. and Canada.",https://www.reuters.com/legal/transactional/home-depot-owned-srs-distribution-buy-gms-about-43-billion-2025-06-30/,1751294880
HD,News | Home Depot wins bidding for building supplier GMS with $5.5 billion deal,"The Home Depot announced its plan to acquire GMS for $5.5 billion, expanding its reach into the professional contractor and home builder market. This move allows Home Depot to add approximately 400 distribution and service centers, complementing its previous acquisition of SRS Distribution. The deal outbid QXO and aims to increase Home Depot's share with professional contractors amidst a shift in revenue growth post-pandemic.",https://www.costar.com/article/133598654/home-depot-wins-5-5-billion-deal-to-buy-building-supplier-gms,1751311920
HD,"Home Depot is making a bet on large-scale pros, despite slumped construction spending","Home Depot is intensifying its focus on large-scale professional contractors by acquiring GMS Inc. for $4.3 billion, following last year's acquisition of SRS. This strategy aims to diversify its exposure beyond home sales and target major construction projects, despite a slowdown in overall construction spending. Analysts suggest this move could position Home Depot in a less competitive market compared to Lowe's and capitalize on an expected rebound in the construction industry.",https://www.marketplace.org/story/2025/07/01/home-depot-bets-on-largescale-pros,1751328000
HD,Kirkland's Inc. Accelerates New Era with Strategic Leadership Appointments to Advance Transformation as The Brand House Collective,"Kirkland's Inc. announced a series of strategic leadership appointments to advance its transformation into The Brand House Collective, a multi-brand merchandising, supply chain, and retail operator. Andrea Courtois has been named SVP, Chief Financial Officer, while Michael Sheridan joined as SVP, General Counsel & Corporate Secretary, and Mandy Gauldin was promoted to VP, Talent & Culture. These changes reflect the company's commitment to building a disciplined, performance-led, multi-brand operating model to achieve profitable growth and enhance its portfolio of home and family brands.",https://www.prnewswire.com/news-releases/kirklands-inc-accelerates-new-era-with-strategic-leadership-appointments-to-advance-transformation-as-the-brand-house-collective-302495157.html,1751353200
HD,"Home Depot makes an acquisition, MillerKnoll announces tariff-related losses, and more","This article provides a weekly digest of design and business news, highlighting several major developments. Home Depot's subsidiary SRS Distribution is acquiring GMS Inc. for $5.5 billion, strengthening its position in the pro customer segment. MillerKnoll reported a significant net loss of $36.9 million for fiscal year 2025 due to tariffs and high tax rates, despite a slight increase in net sales. Additionally, Parachute is closing 19 stores to refocus on partnerships and core product categories, and Swedish textile recycler Syre is partnering with Gap and Target to provide recycled polyester.",https://businessofhome.com/articles/home-depot-makes-an-acquisition-millerknoll-announces-tariff-related-losses-and-more,1751404639
HD,Ideas to Enhance Your Fourth of July Marketing Campaigns,"This article provides five key ideas for marketers to enhance their Fourth of July campaigns, framing the holiday as a significant shopping event with high consumer spending. It emphasizes early awareness efforts, multi-channel strategies including mobile optimization, creative approaches that leverage patriotic themes, and considering both B2C and B2B marketing opportunities. The goal is to drive conversions and revenue by leveraging consumer anticipation and the celebratory atmosphere of Independence Day.",https://www.taboola.com/marketing-hub/fourth-july-marketing-ideas/,1751579193
HD,"The 15 Best Early Prime Day Grill Tool Deals for Home Pitmasters, From $5","This article highlights early Amazon Prime Day deals on essential grill accessories for home pitmasters. It features discounted items from popular brands like Weber, Traeger, Lodge, and OXO, with savings up to 67% off. The selection includes various tools from grill brushes and meat thermometers to full BBQ accessory sets and cleaning supplies, helping shoppers prepare for summer barbecues.",https://www.foodandwine.com/grill-accessories-tools-amazon-deals-11766626,1751834370
HD,Home Depot Tightens Its Grip On The Pro Market By Acquiring GMS Under Its SRS Subsidiary,"Home Depot's SRS Distribution subsidiary has acquired GMS Inc. for $4.3 billion, expanding its reach into the building trades and contractor market. This acquisition significantly broadens Home Depot's product offerings for professionals, adding interior construction materials and over 320 distribution centers to SRS's existing network. The move is a strategic play to strengthen Home Depot's position in the $1 trillion home improvement market, betting on long-term growth despite current market slowdowns.",https://www.forbes.com/sites/pamdanziger/2025/07/07/home-depot-tightens-its-grip-on-the-pro-market-by-acquiring-gms-under-its-srs-subsidiary/,1751893320
HD,2025 U.S. Online Retail Report,"The 2025 U.S. Online Retail Report by FTI Consulting indicates that the rapid growth of e-commerce during COVID-19 was a temporary acceleration of existing trends, not a long-term shift. With online sales nearing 23.5% of total retail and projected to hit 30% by the decade's end, direct-to-consumer (DTC) brands are now focusing on omnichannel strategies due to rising customer acquisition costs. The report highlights that success in retail will depend on flexible infrastructure, enhanced cross-channel capabilities, and strategic margin management.",https://www.fticonsulting.com/insights/reports/2025-us-online-retail-report,1751921498
HD,"Traeger, Weber, Blackstone, and More Grills Are on Massive Sale for Prime Day, Up to $300 Off","Amazon Prime Day 2025 offers significant discounts on various grills and grilling accessories from top brands like Traeger, Weber, and Blackstone, with savings up to $300. The article highlights deals on pellet grills, gas grills, charcoal grills, smokers, griddles, and essential grilling tools, emphasizing that Prime Day is an ideal time to purchase these items due to its timing in grilling season. Many editor-tested and highly-rated products are featured, encouraging consumers to take advantage of these sales before they end.",https://www.foodandwine.com/best-amazon-prime-day-grill-deals-2025-11743140,1752007170
HD,"Home Depot Wins the Bidding War Against QXO Inc (QXO), Acquires GMS Inc (GMS)","Home Depot has successfully acquired GMS Inc. for approximately $5.5 billion, outbidding QXO Inc. The acquisition involves Home Depot commencing a cash tender offer for GMS common stock at $110 per share, valuing the deal at $4.3 billion or $5.5 billion including debt. This move by Home Depot thwarted QXO Inc.'s previous offer to acquire GMS and integrate it into its building product distribution strategy.",https://finance.yahoo.com/news/home-depot-wins-bidding-war-120828795.html,1752181574
HD,Central Garden & Pet Raises Fiscal 2025 Non-GAAP EPS Outlook,"Central Garden & Pet has raised its non-GAAP EPS outlook for fiscal 2025 to approximately $2.60, citing strong execution, cost and simplicity initiatives, and a favorable product mix. Despite an anticipated seasonally small fourth quarter and a dynamic operating environment with continued consumer demand uncertainty, the company remains focused on strategic investments for long-term profitable growth across its Pet and Garden segments. The revised outlook excludes potential impacts from tariff changes, acquisitions, divestitures, or restructuring activities and projects approximately $60 million in capital expenditures.",https://markets.financialcontent.com/wedbush/article/bizwire-2025-7-11-central-garden-and-pet-raises-fiscal-2025-non-gaap-eps-outlook-fiscal-2025-non-gaap-eps-now-expected-to-be-approximately-260,1752225000
HD,Trump Tariffs Hit America’s Furniture Heartland as Howard Miller Company Announces Closure,"The historic Howard Miller Company, which also owns Hekman Furniture, is set to close due to a slowdown in the housing market and increased tariffs imposed by former U.S. President Donald Trump. This closure affects 195 workers across four manufacturing facilities and highlights the economic impact of trade policies on long-standing American industries, particularly in Michigan's furniture-making heartland. Other companies in the region, like MillerKnoll, are also addressing tariff concerns through price increases and efficiency improvements.",https://wwd.com/home-design/furniture/trump-tariffs-howard-miller-hekman-furniture-close-1237978270/,1752244260
HD,Resolute Holdings Appoints Wayne M. Hewett and Timothy O. Mahoney To Board,"Resolute Holdings Management, Inc. (Nasdaq: RHLD) has announced the appointment of Wayne M. Hewett and Timothy O. Mahoney as independent directors to its Board. Both individuals bring extensive experience in finance, operations, and leadership to the board, aiming to drive long-term value for the company and its shareholders. Hewett has a background with General Electric and sits on multiple major company boards, while Mahoney is a seasoned aerospace and defense executive from Honeywell International and Sikorsky Aircraft.",https://www.citybiz.co/article/717539/resolute-holdings-appoints-wayne-m-hewett-and-timothy-o-mahoney-to-board/,1752525540
HD,Jim Cramer Says He Wants to Buy Home Depot Stock When It's Not Hot,"Jim Cramer expressed his interest in buying Home Depot (NYSE: HD) stock when its price is not inflated, contrary to typical investor behavior. He highlighted that Home Depot's business is more diversified into remodeling and renovation, supported by recent acquisitions like SRS Distribution and GMS, rather than solely relying on new home sales. Cramer sees the current stock price, which is significantly below its previous high, as an opportune moment to invest in a quality franchise.",https://finviz.com/news/103473/jim-cramer-says-he-wants-to-buy-home-depot-stock-when-its-not-hot,1752541860
HD,How Will IBM Stock React To Its Upcoming Earnings?,"IBM is scheduled to release its earnings report on Wednesday, July 23, 2025. Historically, IBM has shown positive one-day returns in 63% of instances after earnings, with a median positive return of 4.8%. Traders analyze historical patterns and correlations between short-term and medium-term returns to position themselves either before or after the earnings release.",https://www.trefis.com/stock/ibm/articles/570023/how-will-ibm-stock-react-to-its-upcoming-earnings-2/2025-07-21,1753056000
HD,Luxury Vinyl Tiles Market worth $21.12 billion by 2030,"The luxury vinyl tiles (LVT) market is projected to grow from USD 17.74 billion in 2025 to USD 21.12 billion by 2030, at a CAGR of 3.56%, driven by rapid growth in the construction sector and increased residential and commercial renovations. Rigid LVT and Click LVT segments are expected to see the fastest growth due to durability, ease of installation, and versatility. North America is anticipated to hold the largest market share, with key players including Mohawk Industries, Tarkett, and Shaw Industries.",https://www.marketsandmarkets.com/PressReleases/lvt-flooring.asp,1753305424
HD,How Katy-based Academy Sports + Outdoors became a multibillion-dollar business,"Academy Sports + Outdoors, which began as a tire shop in San Antonio in the 1930s, has evolved into a $3.75 billion public company. Headquartered in Katy, the retailer generated nearly $6 billion in revenue in fiscal year 2024 by focusing on value and expanding across 21 states. The Gochman family sold a controlling stake to Kohlberg Kravis & Roberts in 2011, which later took the company public in 2020.",https://www.houstonchronicle.com/business/article/academy-retailer-gochman-family-20393739.php,1753648331
HD,"Earnings call transcript: Masco Q2 2025 beats earnings forecast, stock surges","Masco Corporation (MAS) significantly surpassed analyst expectations in Q2 2025, reporting an EPS of $1.30 against a forecast of $1.08, and revenue of $2.05 billion, exceeding the $2 billion projection. This strong performance, driven by improved operating profit and margins despite a slight decline in net sales, led to an 8.09% surge in Masco’s stock in pre-market trading. The company reinstated its full-year EPS guidance between $3.90 and $4.10, anticipating flat sales growth excluding divestitures and currency impacts, and remains focused on offsetting tariff impacts through cost reductions and sourcing adjustments.",https://www.investing.com/news/transcripts/earnings-call-transcript-masco-q2-2025-beats-earnings-forecast-stock-surges-93CH-4163634,1753927729
HD,Home Depot and Lowe's plan new stores in fast-growing Montgomery County communities,"Lowe's and Home Depot are expanding their presence in Montgomery County, Texas, with new store developments. Lowe's plans a $12 million store in Willis, while Home Depot is investing $17 million in a new location between The Woodlands and Conroe, expected to open in fall 2026. These expansions reflect the rapid growth of these Montgomery County communities.",https://www.khou.com/article/money/business/houston-business-journal/home-depot-lowes-new-stores-montgomery-county/285-4af5f81d-eebc-468c-81c1-3a663568d0e9,1754034120
HD,National Furniture Store Chain With Aberdeen Ties Celebrates 15th Anniversary,"Bob's Discount Furniture, the seventh largest furniture store chain in the U.S., celebrated the 15th anniversary of its Aberdeen, Maryland, distribution center. This facility is one of five strategically located centers supporting the company's growth and service delivery. To mark the occasion, Bob's Discount Furniture made donations of $2,500 each to the Aberdeen Fire Department and Empower4Life, reflecting their commitment to community support as part of their core values.",https://patch.com/maryland/belair/national-furniture-store-chain-aberdeen-ties-celebrates-15th-anniversary-harford-co,1754505801
HD,"Brilliant Earth Crushes Q2 Expectations: 18% Order Growth, Special Dividend, and Zero Debt Achievement","Brilliant Earth (NASDAQ: BRLT) reported strong Q2 2025 results, exceeding net sales and profitability guidance with 3.3% year-over-year revenue growth and an 18.3% increase in total orders. The company announced a one-time cash dividend of $0.25 per share, paid off its remaining $34.8 million term loan to become debt-free, and raised its full-year guidance for net sales. Despite a GAAP net loss of $1.1 million, Brilliant Earth maintained a gross margin of 58.3% and ended the quarter with $98.8 million in net cash.",https://www.stocktitan.net/news/BRLT/brilliant-earth-reports-strong-q2-exceeding-high-end-of-net-sales-sc51vyay1y8q.html,1754549100
HD,"Is Home Depot Stock a Buy, Hold or Sell at Its Current Price?","Home Depot (HD) is a strong performer in the home improvement retail sector, benefiting from strategic investments and digital capabilities. The stock has outperformed the industry and peers over the past year, trading at a premium P/S multiple. While Home Depot shows long-term potential through its Pro segment expansion and technological advancements, current challenges like margin pressure and soft discretionary demand suggest a ""Hold"" rating for existing shareholders and caution for new investors seeking an entry point.",https://www.tradingview.com/news/zacks:52fae0d0a094b:0-is-home-depot-stock-a-buy-hold-or-sell-at-its-current-price/,1754573307
HD,"ING Groep NV Purchases New Shares in Funko, Inc. (NASDAQ:FNKO)","ING Groep NV has acquired 1,000,000 shares of Funko, Inc. (NASDAQ:FNKO) for approximately $6.86 million, representing a 1.83% stake. Other hedge funds like Vanguard Group and Assenagon Asset Management also significantly adjusted their holdings. Funko currently holds a consensus ""Hold"" rating from analysts with a price target ranging from $5.50 to $9.88, despite recent insider selling and a 32.8% stock price decline.",https://www.marketbeat.com/instant-alerts/filing-1000000-shares-in-funko-inc-nasdaqfnko-acquired-by-ing-groep-nv-2025-08-05/,1754697600
HD,Bed Bath & Beyond Returns To Brick-And-Mortar,"Bed Bath & Beyond has begun its brick-and-mortar comeback last week with the opening of its first new store in Brentwood, Tennessee, under the name Bed Bath & Beyond Home. Parent company The Brand House Collective plans to convert six more stores in Nashville, with potential for expansion to 75 national locations next year. This move comes after the original chain declared bankruptcy in 2023, and the brand's intellectual property was acquired by Overstock.com, which later rebranded to The Brand House Collective.",https://www.bisnow.com/national/news/retail/bed-bath-beyond-returns-to-brick-and-mortar-with-new-and-old-20-off-coupons-130510,1754922480
HD,"Earnings call transcript: GrowGeneration Q2 2025 beats EPS forecast, stock surges","GrowGeneration (GRWG) announced its Q2 2025 earnings, exceeding EPS and revenue forecasts, leading to a 20% surge in aftermarket trading. The company reported EPS of -$0.08 against a -$0.10 forecast and $41 million in revenue, slightly above the $40.95 million estimate. Key takeaways include improved gross margin, a focus on expanding proprietary brands, and strategic moves like the Viagro acquisition and international expansion, alongside significant cost reductions.",https://www.investing.com/news/transcripts/earnings-call-transcript-growgeneration-q2-2025-beats-eps-forecast-stock-surges-93CH-4183927,1754932860
HD,Home Depot class action alleges company forces customers to pay for damage protection,"A new class action lawsuit has been filed against Home Depot USA Inc., alleging that the company forces customers to pay for ""optional"" damage protection fees for its tool rental services. Plaintiff Randall Simmons claims that Home Depot employees and its computer system automatically add damage protection even after a customer declines the service, generating significant revenue for the company. The lawsuit seeks to represent a nationwide class and Georgia subclass, alleging breach of contract and violation of the Class Action Fairness Act.",https://topclassactions.com/lawsuit-settlements/lawsuit-news/home-depot-class-action-alleges-company-forces-customers-to-pay-for-damage-protection/,1754956800
HD,Home Depot (HD) Earnings Expected to Grow: Should You Buy?,"Home Depot (HD) is expected to report a year-over-year increase in earnings and revenues for the quarter ended July 2025. With a Zacks Earnings ESP of +0.34% and a Zacks Rank #3, the company is likely to beat consensus EPS estimates. Investors are advised to consider other factors alongside these indicators before making investment decisions.",https://www.nasdaq.com/articles/home-depot-hd-earnings-expected-grow-should-you-buy,1754992800
HD,Home Depot Stock Red-Hot as Earnings Loom,"Home Depot (HD) stock is currently performing well, showing a 2.83% increase and a 10.9% quarterly gain, ahead of its second-quarter earnings report. Options traders are betting on continued upside, despite a historically modest post-earnings reaction, with the options market pricing in a larger-than-usual 4.9% move. However, the stock's 14-Day Relative Strength Index (RSI) is at 76, indicating it is in ""overbought"" territory.",https://www.schaeffersresearch.com/content/analysis/2025/08/13/home-depot-stock-red-hot-as-earnings-loom,1755100200
HD,3 Arrested in $2 Million Heist From Brinks Truck in Philadelphia,"Three men, including a recently fired Brinks employee, have been arrested and charged in connection with a $2 million heist from a Brinks armored truck in Philadelphia in June. This robbery was the first of five similar incidents in the area over two months. Authorities are investigating potential connections between these robberies.",https://www.nytimes.com/2025/08/13/us/armored-truck-robberies-philadelphia.html,1755110507
HD,3 arrested for stealing more than $2M in Brinks armored truck robbery outside Home Depot in Philadelphia's Port Richmond section,"Three men have been arrested in connection with a June robbery of a Brinks armored car outside a Home Depot in Philadelphia, where more than $2 million was stolen. The investigation revealed the heist was an inside job, with one of the accused, Trayvine Jackson, being a former Brinks employee. The suspects, Daishaun Hughes-Murchison, Brian Wallace, and Trayvine Jackson, face charges including robbery interfering with interstate commerce and use of a firearm in furtherance of a violent crime.",https://6abc.com/post/3-arrested-stealing-more-2m-brinks-armored-truck-robbery-outside-home-depot-philadelphias-port-richmond-section/17523900/,1755110507
HD,3 men charged with stealing $2 million from armored truck in Philly,"Three men, including a former Brink's employee, have been charged with robbing an armored truck of over $2 million at a Home Depot in Philadelphia. The suspects, Daishaun Hughes-Murchison, Brian Wallace, and Trayvine Jackson, allegedly used AR-style rifles to overpower the driver and steal the money. Investigators used vehicle ownership records, surveillance video, and cellphone data to link the men to the crime, and most of the stolen money and items purchased with it have been recovered.",https://www.nbcphiladelphia.com/news/local/3-men-charged-with-stealing-2-million-from-armored-truck-in-philly/4253549/,1755110507
HD,Home Depot Nears Q2 Earnings Release: Is Now the Right Time to Invest?,"Home Depot (HD) is set to report its second-quarter fiscal 2025 earnings on August 19, with analysts predicting year-over-year increases in both revenue and EPS, supported by the ""One Home Depot"" plan and Pro sales. Despite potential macroeconomic headwinds like elevated interest rates impacting high-ticket discretionary categories, the company's strong market position and strategic initiatives are expected to drive long-term growth. Investors are advised to maintain a patient approach given the current ""pricey"" valuation, with more clarity anticipated after the earnings release.",https://finance.yahoo.com/news/home-depot-nears-q2-earnings-141200230.html,1755198860
HD,Floor & Decor Is Trading Near Fair Value,"Floor & Decor boasts a dominant business model and significant growth potential despite a housing slowdown and high valuation. The company remains profitable with low debt, positioning it for long-term expansion, although the current valuation is considered a bit rich. Risks include competition and macroeconomic headwinds, but the author remains confident in FND's long-term growth targets.",https://seekingalpha.com/article/4814239-floor-and-dcor-is-trading-near-fair-value,1755326340
HD,US companies collaborate to grow skilled trades workforce,"The Business Roundtable has launched a new initiative, led by the CEOs of Carrier Global Corp. and Lowe’s, to address the significant workforce shortage in skilled trades. The program targets industrial and manufacturing, construction, maintenance and repair, and energy sectors, aiming to train individuals at scale using modern technologies like virtual reality. Companies like Lowe's and Carrier are already investing heavily in grants and training programs to bolster the skilled workforce, recognizing that these essential jobs are less likely to be replaced by AI.",https://www.facilitiesdive.com/news/countrys-biggest-companies-collaborate-skilled-trades-gap-Business-Roundtable/757863/,1755542790
HD,Home Depot misses earnings and revenue; will open 13 stores in 2025,"Home Depot reported second-quarter earnings and revenue that fell below Wall Street expectations, marking the first time since 2014 it missed forecasts for both. Despite this, the company reaffirmed its full-year guidance for fiscal 2025, which includes opening approximately 13 new stores and forecasting modest sales and comparable sales growth. Analysts noted some optimism due to broader customer engagement, though tariffs and elevated interest rates are expected to impact demand negatively in the latter half of 2025.",https://chainstoreage.com/home-depot-misses-earnings-and-revenue-will-open-13-stores-2025,1755561600
HD,"Home Depot says tariffs will lead to price increases, but they won’t be across the board","Home Depot announced that tariffs imposed by President Donald Trump would lead to selective price increases on some products, though these increases would not be widespread. Despite missing second-quarter earnings expectations, the company's stock rose due to accelerating sales in U.S. stores, suggesting a potential recovery in home improvement spending. Investors interpreted these sales figures as a sign that the slump in home-improvement spending might be ending.",https://www.marketwatch.com/story/home-depots-stock-falls-after-another-profit-miss-but-home-improvement-projects-increase-ac3742c1?gaa_at=eafs&gaa_n=AWEtsqeagh5CkqBIoBchPe3A1dF2KxD5q3YnCMUWV6D_yeHDkZmPRDE_TaJL&gaa_ts=6998b60f&gaa_sig=kozKginp_6-wNUfDJXUQoC1M39ebmrpveEZ91JTxZ2pcvhIH9XR6hU5K9dKc_kQQNi-OG5noAlykXYdG-uCqxQ%3D%3D,1755583800
HD,Home Depot says tariffs will lead to price hikes — but not across the board,"Home Depot announced that tariffs introduced by President Donald Trump would lead to some price increases on certain products, but these would not be widespread. Despite missing second-quarter earnings expectations, the company's stock surged as investors focused on acceleration in U.S. sales, suggesting a potential end to the home-improvement spending slump.",https://www.marketwatch.com/story/home-depots-stock-falls-after-another-profit-miss-but-home-improvement-projects-increase-ac3742c1?gaa_at=eafs&gaa_n=AWEtsqdXGVv1VEicwQwD5u7B-2acjnAAUQSyKw-mu84pMnNX1gJCzgWttq4i&gaa_ts=69074a16&gaa_sig=V6xYTa9EI1qBtHAg69pa5OXXThi1CB0UsOed0g203cThXdFpv1E9qCN8R7YLbf3BLC-Ts2E8mi1rrb1YEwtsWQ%3D%3D,1755583800
HD,Lowe’s tops Home Depot with an $8.8 billion buyout deal and an earnings beat,"Lowe's announced an $8.8 billion acquisition of Foundation Building Materials, surpassing Home Depot's recent $5.5 billion deal. This news came alongside Lowe's beating earnings expectations for its fiscal second quarter, while Home Depot had missed its profit forecasts. The acquisition and strong earnings contributed to Lowe's stock gaining 0.3%.",https://www.marketwatch.com/story/lowes-tops-home-depot-with-an-8-8-billion-buyout-deal-and-an-earnings-beat-9185635c?gaa_at=eafs&gaa_n=AWEtsqeC24wqH7fsk45RLKo4FNwtv-vKUDPZ03dCqOn-NF5rGYhhBBthf8JZ&gaa_ts=69074a1f&gaa_sig=28DoXY_rzDvvg7eGVeqfHqO2bLZ8RrFwR7cNgY8H0At2JR2RpqD5l9JHzNo21ZcUjqisazjFBPbAIw_X7qqejA%3D%3D,1755675900
HD,Home Depot put up some of its best numbers in years. Did tariff-related price increases move the needle?,"Home Depot reported strong quarterly demand metrics despite higher interest rates and tariffs. An analyst suggests that tariff-related price increases, possibly due to fewer promotional deals, might have contributed to these robust numbers. The company's performance was also influenced by a rise in smaller home-improvement projects.",https://www.marketwatch.com/story/home-depot-put-up-some-of-its-best-numbers-in-years-did-tariff-related-price-increases-move-the-needle-a79e1e18?gaa_at=eafs&gaa_n=AWEtsqdJWBqYkz96clXR3mavgFZw1T9PIZTo3qlSSono5hygPo5ru9C7EvvD&gaa_ts=69074a21&gaa_sig=_VGVVtqZnnI8U0Sz-Ly7jzJoXVhAUEFmtnZodPYog8OtMkMtN7fqADLdamkSbpMNVEOX3LzPpRrvajLXyRoweQ%3D%3D,1755681780
HD,Retail Sales Show Resilience in July: Sector ETFs in Focus,"U.S. retail sales rose by 0.5% in July 2025, matching market expectations, driven by strong growth in motor vehicles, furniture, and online sales. This article highlights several sectors and related ETFs and stocks that are poised to benefit from this resilience in consumer spending, including online retail, clothing, home furnishings, and health & personal care stores. Key mentions include Amazon, Levi Strauss & Co., Home Depot, and CVS Health.",https://finance.yahoo.com/news/retail-sales-show-resilience-july-100000315.html,1755684000
HD,Lowe's to buy Foundation Building Materials for $8.8 billion to boost contractor business,"Lowe's will acquire Foundation Building Materials for nearly $8.8 billion to strengthen its position in the professional builder market, a sector also targeted by rival Home Depot. This acquisition follows Lowe's previous purchase of Artisan Design and comes as both home improvement retailers aim to expand beyond the softening do-it-yourself market. The deal, expected to close in Q4 2025, also led Lowe's to raise its annual sales forecast and surpass Q2 profit estimates.",https://www.reuters.com/legal/transactional/lowes-buy-foundation-building-materials-88-billion-boost-contractor-business-2025-08-20/,1755697200
HD,News | Lowe’s targets building professionals with $8.8 billion acquisition,"Lowe’s is acquiring Foundation Building Materials for $8.8 billion to strengthen its position in serving professional builders, intensifying its competition with Home Depot in this segment. The deal will add over 370 locations and 40,000 professional customers to Lowe's, as both retailers focus on the lucrative pro market amid slowing DIY sales. This acquisition follows other strategic moves by both Lowe's and Home Depot to expand their offerings for contractors and builders.",https://www.costar.com/article/1154513608/lowes-adds-a-new-wing-to-its-pro-builder-blueprint,1755726060
HD,"Analysts Are Bullish on These Consumer Cyclical Stocks: Home Depot (HD), Carvana Co (CVNA)","Two analysts have issued bullish sentiments on Consumer Cyclical stocks Home Depot (HD) and Carvana Co (CVNA). Goldman Sachs maintained a Buy rating on Home Depot with a $444.00 price target, while Citi reiterated a Buy rating on Carvana Co, setting a price target of $490.00. Both companies show positive analyst consensus ratings.",https://www.theglobeandmail.com/investing/markets/stocks/HD/pressreleases/34298213/analysts-are-bullish-on-these-consumer-cyclical-stocks-home-depot-hd-carvana-co-cvna/,1755756480
HD,Cabinet Combo: MasterBrand to Acquire American Woodmark for $3.6B,"MasterBrand, Inc. announced its intention to acquire American Woodmark for $3.6 billion in an all-stock merger, aiming to expand geographical reach and achieve manufacturing synergies. This merger is set to create the cabinet industry's most comprehensive portfolio of brands, serving a diverse customer base across various price points. The timing coincides with projected mild growth in homeowners' improvement outlays for 2025, with kitchen remodels offering the highest return on investment.",https://lawstreetmedia.com/insights/cabinet-combo-masterbrand-to-acquire-american-woodmark-for-3-6b/,1755760215
HD,"News | Historic Los Angeles mall sells in one of region’s biggest deals, with ambitious overhaul plans","The historic 2 million-square-foot Lakewood Center mall in Los Angeles has been sold by Macerich for $332.1 million to a joint venture of redevelopment experts: Pacific Retail, Lyon Living, and Silverpeak. This sale, one of the region's largest retail transactions in years, aims to transform the 1951-built property into a mixed-use hub with retail, residential, dining, and open spaces. The new owners plan a sweeping overhaul to revitalize the aging center, addressing shifting shopping behaviors and a significant valuation cut since 2015.",https://www.costar.com/article/1064734767/historic-los-angeles-mall-sells-in-one-of-regions-biggest-deals-with-ambitious-overhaul-plans,1755863520
HD,Walmart’s Win Doesn’t Mean Retailers Can Relax,"Despite Walmart's upgraded forecast and positive sales growth from other retailers like Home Depot, the retail sector still faces challenges. The second-quarter earnings season indicates that success is possible for retailers, but only if they offer exceptional value for money or products strong enough to command a premium.",https://www.bloomberg.com/opinion/articles/2025-08-22/walmart-s-upgraded-forecast-doesn-t-mean-retailers-can-relax,1755866400
HD,Ross Stores gives rosy sales view as shoppers gravitate to deals,"Discount retailer Ross Stores Inc. projected strong sales growth, expecting inflation to drive more consumers toward its off-price merchandise. The company anticipates same-store sales to increase by 2% to 3% for the next two quarters, exceeding analyst expectations. This positive outlook led to a jump in shares and highlights a broader trend of consumers seeking value amid rising prices.","https://us.fashionnetwork.com/news/Ross-stores-gives-rosy-sales-view-as-shoppers-gravitate-to-deals,1757472.html",1755882509
HD,La-Z-Boy sees a major problem in the housing market,"La-Z-Boy's stock tumbled by 16% following its latest earnings call, largely due to a 20% decline in sales from its Joybird brand. The company attributes its struggles to inflation and a sluggish housing market, which has reduced consumer demand for big-ticket items like furniture. Despite these headwinds, La-Z-Boy is pressing ahead with its ""Century Vision"" strategy, including expanding its retail footprint and modernizing its supply chain, while analysts remain concerned about persistent consumer weakness and margin pressures.",https://www.thestreet.com/retail/la-z-boy-sees-a-major-problem-in-the-housing-market,1756064189
HD,77% Shares Already Tendered: Home Depot's $110/Share Offer for GMS Gets Extension to September 3,"Home Depot has extended its tender offer to acquire GMS Inc. at $110.00 per share in cash until September 3, 2025. As of August 22, approximately 77% of outstanding GMS shares have been validly tendered, demonstrating strong shareholder support. The acquisition remains subject to conditions including the expiration of the Canadian Competition Act waiting period.",https://www.stocktitan.net/news/HD/the-home-depot-announces-extension-of-tender-offer-to-acquire-gms-0p83r1jw4rhb.html,1756109700
HD,"After Earnings, Is Home Depot Stock a Buy, a Sell, or Fairly Valued?","Morningstar maintains that Home Depot's stock is overvalued despite an increase in its fair value estimate to $335, citing potential sales growth inconsistencies and macroeconomic uncertainties. The company exhibits a wide economic moat due to its brand strength and cost advantages, but profitability could be affected by integration risks from recent acquisitions and a struggling housing market. Morningstar suggests the current stock price implies an unlikely sustained strong performance.",https://www.morningstar.com/stocks/after-earnings-is-home-depot-stock-buy-sell-or-fairly-valued-7,1756166400
HD,"North America MRO Market Size, Share & Growth Report, 2033","The North America MRO (Maintenance, Repair, and Operations) market reached USD 25.77 billion in 2024 and is projected to grow to USD 35.23 billion by 2033, exhibiting a CAGR of 3.28%. Key growth drivers include aging industrial infrastructure and stringent regulatory compliance, while challenges such as fragmented supply chains and skilled labor shortages persist. Opportunities are emerging through digital procurement platforms and the expansion of predictive maintenance technologies.",https://www.marketdataforecast.com/market-reports/north-america-mro-market,1756235362
HD,Here's What Investors Must Know Ahead of Williams-Sonoma's Q2 Release,"Williams-Sonoma (WSM) is set to release its second-quarter fiscal 2025 results on August 27, with analysts expecting an increase in EPS to $1.79 and revenues to $1.82 billion. The company anticipates growth driven by non-furniture sales, product innovation, and digital enhancements, despite challenges in the housing market. Its strategic focus on supply chain optimization and cost control is expected to improve margins.",https://finance.yahoo.com/news/heres-investors-must-know-ahead-144800295.html,1756239202
HD,J.B. Hunt closing facility at Home Depot distribution center near Atlanta,"J.B. Hunt Transport Services Inc. plans to close its facility at a Home Depot distribution center in Lithonia, near Atlanta, resulting in 74 job cuts. The company cites ""changing business conditions"" as the reason for the closure. This move follows recent job cuts in Georgia's food sector.",https://www.bizjournals.com/atlanta/news/2025/08/27/jb-hunt-job-cuts-georgia-facility.html,1756252800
HD,"Analysts Are Updating Their The Home Depot, Inc. (NYSE:HD) Estimates After Its Second-Quarter Results","Analysts have updated their estimates for The Home Depot, Inc. (NYSE:HD) following its second-quarter results, although there's no major change in expectations. The company reported revenues of US$45b and EPS of US$4.58, in line with predictions. While revenue growth is expected to slow compared to historical performance and the wider industry, analysts reconfirmed their price target of US$438.",https://simplywall.st/stocks/us/retail/nyse-hd/home-depot/news/analysts-are-updating-their-the-home-depot-inc-nysehd-estima,1756339200
HD,$110 Per Share Cash Offer: Home Depot's GMS Acquisition Gets Final Green Light from Canadian Regulators,"Home Depot has received Canadian regulatory clearance for its $110 per share cash tender offer to acquire GMS Inc. The approval, in the form of a no action letter from the Canadian Competition Bureau, satisfies the final antitrust requirement for the deal. The tender offer is set to expire on September 3, 2025, and remains conditional on a majority of GMS shares being tendered.",https://www.stocktitan.net/news/HD/the-home-depot-announces-receipt-of-clearance-from-the-canadian-55jxuk1t37tz.html,1756455300
HD,What’s Hot in Home Colors: A DIYers Guide to the Latest Sherwin Williams Report,"Sherwin-Williams has released its bi-annual color report, highlighting the key color trends expected for 2026. The report identifies four main color families: frosted tints, sunbaked hues, restorative darks, and foundational neutrals, offering inspiration for designers and DIYers alike. Each family presents distinct palettes ranging from cool pastels to warm earthy tones, deep academic shades, and a spectrum of essential neutrals.",https://www.familyhandyman.com/article/sherwin-williams-color-report/,1756497892
HD,"American People Are Shoping At Dollar Tree, Inc. (DLTR), Says Jim Cramer","Jim Cramer notes that American consumers are increasingly shopping at Dollar Tree, Inc. (DLTR), suggesting a broader sentiment of financial insecurity among the populace. This trend, also mirrored in comments from Home Depot, indicates that consumers are cutting back on discretionary spending. Despite the potential of DLTR as an investment, Cramer suggests that certain AI stocks might offer greater returns with limited downside risk.",https://finance.yahoo.com/news/american-people-shoping-dollar-tree-193041579.html,1756580734
HD,XLY: An ETF That Tracks Consumer Strength And Weakness,"This article provides an in-depth analysis of the Consumer Discretionary Select Sector SPDR Fund (XLY), an ETF that tracks companies in the leisure, media, and travel industries within the S&P 500. It contrasts XLY with the Consumer Staples sector, highlighting XLY's focus on non-essential spending and its cyclical nature. The article also discusses the evolution of XLY's holdings, its concentration, and its volatility compared to the S&P 500 and the Consumer Staples sector.",https://seekingalpha.com/article/4813832-xly-etf-that-tracks-consumer-strength-and-weakness,1756771200
HD,Home Depot cleared to buy Tucker-based GMS for over $4 billion,"The Home Depot Inc. has received regulatory clearance from the Canadian Competition Bureau for its multi-billion-dollar acquisition of Tucker-based building material supplier GMS Inc. This approval brings Home Depot, Georgia's largest publicly traded company, a step closer to completing the significant ten-figure acquisition.",https://www.bizjournals.com/atlanta/news/2025/09/03/home-depot-gms-canada-competition-bureau.html,1756857600
HD,Tractor Supply's top vendors of 2025,"Tractor Supply Company has announced its top vendor partners for 2025, recognizing companies for their collaboration, service, and commitment to high-quality products. Bad Boy Mowers received the top honor of Company Partner of the Year for its role in leading a record-breaking year in outdoor power equipment. The company also honored vendors across 14 additional categories, including specific merchandising divisions and general awards for innovation and service.",https://hbsdealer.com/tractor-supplys-top-vendors-2025,1756857600
HD,"Home Depot, SRS finalize GMS mega-deal","The Home Depot has completed its acquisition of GMS Inc. through its subsidiary, SRS Distribution Inc., for approximately $5.5 billion. This acquisition aims to enhance SRS's position as a leading multi-category building materials distributor and expand Home Depot's offerings for professional contractors. The tender offer for GMS shares was successfully completed, leading to GMS becoming a direct subsidiary of SRS and an indirect, wholly owned subsidiary of The Home Depot.",https://hbsdealer.com/home-depot-srs-finalize-gms-mega-deal,1756944000
HD,The Home Depot and Its North Texas Subsidiary SRS Distribution Complete $5.5B Acquisition of GMS,"The Home Depot, through its McKinney-based subsidiary SRS Distribution, has completed a $5.5 billion acquisition of GMS Inc., a leading distributor of specialty building products. This acquisition aims to enhance SRS's position in the multi-category building materials distribution market and expand services for professional contractors. The deal follows Home Depot's 2024 acquisition of SRS for over $18 billion, further solidifying its strategy to serve the residential and commercial professional markets more comprehensively.",https://dallasinnovates.com/the-home-depot-and-its-north-texas-subsidiary-srs-distribution-complete-5-5b-acquisition-of-gms/,1756944000
HD,The Home Depot and its Subsidiary SRS Distribution Complete Acquisition of GMS,"The Home Depot has completed the acquisition of GMS Inc. through its subsidiary SRS Distribution for a total enterprise value of $5.5 billion. This strategic move, involving a tender offer at $110 per share for approximately 79.5% of outstanding shares, aims to strengthen Home Depot's relationship with professional contractors by expanding product categories and enhancing fulfillment options. GMS, a leading distributor of specialty building products, will bolster SRS's position in the building materials distribution sector, creating cross-selling opportunities for residential and commercial projects.",https://www.stocktitan.net/news/HD/the-home-depot-and-its-subsidiary-srs-distribution-complete-mzvenu19lo8k.html,1756974900
HD,VOO vs. VTI: Which ETF Actually Delivers the Smarter Long-Term Return?,"This article compares two popular Vanguard ETFs, VOO (Vanguard S&P 500 ETF) and VTI (Vanguard Total Stock Market Index Fund ETF), to determine which offers a smarter long-term return. Both ETFs have similar low expense ratios (0.03%) and dividend yields (around 1.16-1.17%). The key difference lies in diversification, with VOO covering about 500 large-cap stocks and VTI encompassing nearly 3,500 large-, mid-, and small-cap stocks, ultimately concluding that while VTI offers broader diversification, VOO has historically delivered slightly better share-price returns.",https://247wallst.com/investing/2025/09/04/voo-vs-vti-which-etf-actually-delivers-the-smarter-long-term-return/,1756976040
HD,"Genuine Parts stock rises after appointing new directors, strategic review","Genuine Parts Company (NYSE:GPC) stock rose 3.5% following the appointment of two new directors and the continuation of its strategic review process. The board refreshment, which added financial and operational expertise, was conducted in collaboration with activist investor Elliott Investment Management. GPC plans to host an Investor Day in 2026 to discuss further opportunities to enhance shareholder value.",https://www.investing.com/news/stock-market-news/genuine-parts-stock-rises-after-appointing-new-directors-strategic-review-93CH-4225227,1756998900
HD,"The Home Depot, SRS Distribution Complete $5.5B Deal to Acquire GMS","The Home Depot has completed its acquisition of GMS Inc. through SRS Distribution Inc. for approximately $5.5 billion, enhancing SRS's position as a multi-category building materials distributor. This strategic move aims to strengthen Home Depot's offerings for professional contractors across various project types, expanding SRS's operations to 1,200 locations and a fleet of nearly 8,000 trucks. The acquisition followed a tender offer for GMS common stock, with 79.5% of outstanding shares validly tendered.",https://www.roofingcontractor.com/articles/101269-the-home-depot-srs-distribution-complete-55b-deal-to-acquire-gms,1757030400
HD,"The Home Depot, SRS Distribution complete acquisition of GMS","The Home Depot has completed its acquisition of GMS Inc. through its subsidiary, SRS Distribution Inc., for approximately $5.5 billion. This strategic move aims to enhance SRS Distribution's position as a leading multi-category building materials distributor and expand its offerings, particularly in specialty building products like drywall and steel framing. The acquisition is expected to create cross-selling synergies and strengthen capabilities to better serve Pro customers across their entire projects.",https://www.lbmjournal.com/industry-news/news/15787509/the-home-depot-srs-distribution-complete-acquisition-of-gms,1757093872
HD,We Tested 6 of the Best Traeger Grills—These Are the Top Performers,"This article reviews six top Traeger grill models after extensive testing, highlighting their best uses, pros, and cons. Experts smoked over 40 pounds of pork shoulder, along with other meats and vegetables, to evaluate each grill's performance, ease of use, and features. The review provides detailed insights to help consumers choose the best Traeger grill for their specific needs, whether for beginners, those on a budget, or serious grillers.",https://www.tasteofhome.com/collection/best-traeger-grills/,1757437372
HD,HIVE Digital Technologies Reports 22% Bitcoin Production Increase in August 2025,"HIVE Digital Technologies announced a 22% increase in Bitcoin production for August 2025, buoyed by operational improvements and expansion in Paraguay. The company achieved over 18 EH/s of global mining capacity with the completion of Phase 2 of the Yguazú Project and aims to reach 25 EH/s by U.S. Thanksgiving 2025. HIVE emphasizes its commitment to growth, operational efficiency, and the use of renewable energy sources for its blockchain and AI infrastructure.",https://www.tipranks.com/news/company-announcements/hive-digital-technologies-reports-22-bitcoin-production-increase-in-august-2025,1757439484
HD,SenesTech's Evolve Rat Birth Control Now Available Online at HomeDepot.com,"SenesTech, Inc. (NASDAQ: SNES) has announced that its Evolve Rat Birth Control product is now available for purchase online at HomeDepot.com, expanding its retail distribution and consumer accessibility. This non-toxic solution targets rat reproduction, offering homeowners a humane and sustainable alternative to traditional poisons. The launch on HomeDepot.com is expected to drive significant growth, increased revenue, and enhanced visibility for SenesTech among a broad customer base.",https://news.futunn.com/en/post/61926457/senestech-s-evolve-rat-birth-control-now-available-online-at?futusource=news_newspage_recommend,1757479291
HD,SenesTech's Evolve™ Rat Birth Control Now Available Online at HomeDepot.com,"SenesTech, Inc. announced that its Evolve™ Rat Birth Control is now available online at HomeDepot.com, significantly expanding consumer access and retail distribution. This non-toxic soft bait aims to humanely reduce rat populations by targeting reproduction, offering an alternative to traditional poisons and traps for homeowners. The company projects this launch will drive substantial growth, revenue, and brand visibility through Home Depot's extensive online platform.",https://www.prnewswire.com/news-releases/senestechs-evolve-rat-birth-control-now-available-online-at-homedepotcom-302551628.html,1757491200
HD,J.B. Hunt closing facility at GA Home Depot distribution center,"J.B. Hunt is closing its facility at the Home Depot distribution center in Lithonia, Georgia, affecting 74 employees. The closure is attributed to ""changing business conditions"" and is scheduled for October 27th. The company aims to help impacted employees transfer to other open positions.",https://cdllife.com/2025/j-b-hunt-closing-facility-at-ga-home-depot-distribution-center/,1757612508
HD,"Earnings Not Telling The Story For The Home Depot, Inc. (NYSE:HD)","The Home Depot's P/E ratio of 28.8x is significantly higher than the market average, despite recent earnings performance that has seen a decline in EPS over the last three years. While analysts forecast a modest 6.9% annual earnings growth for Home Depot, this is materially lower than the broader market's forecast of 11% annually. The article suggests that Home Depot's high P/E is not supported by its inferior earnings outlook, placing shareholder investments at significant risk due to potentially excessive valuation.",https://simplywall.st/stocks/us/retail/nyse-hd/home-depot/news/earnings-not-telling-the-story-for-the-home-depot-inc-nysehd,1757635200
HD,How Will FactSet Research Systems Stock React To Its Upcoming Earnings?,"FactSet Research Systems (NYSE: FDS) is scheduled to report earnings on September 18, 2025, with revenues projected at $593 million and EPS at $4.13. The article analyzes historical post-earnings stock performance, noting that positive one-day returns occurred 50% of the time over the last five years. It also discusses strategies for event-driven traders based on correlations between short-term and medium-term returns after earnings.",https://www.trefis.com/stock/fds/articles/575183/how-will-factset-research-systems-stock-react-to-its-upcoming-earnings-2/2025-09-16,1757980800
HD,The SPDR Dow Jones Industrial Average ETF Trust Is 1 of the Leading Blue Chip ETFs in 2025. Here's Why.,"The SPDR Dow Jones Industrial Average ETF (DIA) is highlighted as a leading blue chip ETF due to its focus on pure blue chip stocks, tracking the Dow Jones Industrial Average. Unlike many market-cap weighted ETFs that are overconcetrated in megacap tech, DIA offers diversification across various sectors via its 30 holdings, which include market leaders like Goldman Sachs, Microsoft, and Caterpillar, all known for strong financials and dividend payments.",https://www.theglobeandmail.com/investing/markets/markets-news/Motley%20Fool/34862557/the-spdr-dow-jones-industrial-average-etf-trust-is-1-of-the-leading-blue-chip-etfs-in-2025-here-s-why/,1758093480
HD,The SPDR Dow Jones Industrial Average ETF Trust Is 1 of the Leading Blue Chip ETFs in 2025. Here's Why.,"The SPDR Dow Jones Industrial Average ETF (DIA) is highlighted as a leading blue-chip ETF for 2025 due to its focus on pure blue-chip stocks and its diversification across multiple sectors, unlike other market-cap-weighted ETFs that are often overconcentrated in megacap tech stocks. The article details DIA's top 10 holdings, emphasizing their status as market leaders with strong financials and dividend payouts. DIA is presented as a stable investment option for longevity despite its top-heavy nature.",https://www.fool.com/investing/2025/09/17/dia-is-1-of-the-leading-blue-chip-etfs-in-2025-h/,1758097080
HD,Venture Capitalist Luke Cooper Says Entrepreneurs Need To Separate The Success And Failure Of Their Company From Themselves,"Venture capitalist Luke Cooper advises entrepreneurs to separate their personal identity from the success or failure of their companies. Drawing from his own experiences with past business failures and successful ventures like Fixt, which sold for 11 times its revenue, Cooper emphasizes that setbacks are not terminal but rather opportunities for growth. He now leads Latimer Ventures, supporting underrepresented founders, and stresses the psychological importance of this separation for entrepreneurial resilience.",https://afrotech.com/luke-cooper-advice-to-founders,1758127632
HD,Monticello grants Wendy’s project one-year extension,"The Monticello City Council has approved a one-year extension for a planned Wendy's restaurant, pushing its groundbreaking to spring 2026. HAZA Foods, the franchisee, confirmed its commitment to the project, citing completed plans and ongoing contractor bids. This development will add to the growing retail and dining options in the Union Crossings area of Monticello near Interstate 94.",https://www.hometownsource.com/monticello_times/monticello-grants-wendy-s-project-one-year-extension/article_49da8416-04ff-4788-83fa-4c621b09f599.html,1758220442
HD,Do You Believe in the Long-Term Earnings Potential of Floor and Decor (FND)?,"Madison Mid Cap Fund maintained its positive long-term outlook on Floor & Decor Holdings, Inc. (FND) despite declining investor sentiment toward housing-related stocks. The fund increased its holding in FND, believing in its unchanged long-term earnings potential. Floor & Decor Holdings, Inc. had a one-month return of 0.48% and its shares lost 30.37% over the last 52 weeks.",https://finviz.com/news/172057/do-you-believe-in-the-long-term-earnings-potential-of-floor-and-decor-fnd,1758527880
HD,"Magnolia Place development secures city agreement, paving way for potential Home Depot","The Magnolia Place development has secured a city agreement that mandates the construction of a Home Depot store. While the agreement is in place, a deal with the Atlanta-based home improvement giant has not yet been finalized.",https://www.bizjournals.com/houston/news/2025/09/23/magnolia-place-mixed-use-home-depot-development.html,1758585600
HD,"A rebound for Home Depot and Lowe’s is ‘still a ways off’ even as rates ease, analysts say",Oppenheimer analysts forecast that a quick recovery for Home Depot and Lowe's is unlikely despite easing interest rates. They suggest that the potential for lower rates will be gradual and lack the significant impact needed to stimulate the stagnant housing market. The analysts also noted that these retailers are still experiencing the aftermath of increased renovations during pandemic lockdowns.,https://www.marketwatch.com/story/a-rebound-for-home-depot-and-lowes-is-still-a-ways-off-even-as-rates-ease-analysts-say-dfe3e5fa?gaa_at=eafs&gaa_n=AWEtsqdvMzZZYTc3zj6YgqlBzimz4n1OzM4pxH6peJV9WzNx0iYC3YCSaCsA&gaa_ts=6998a1ae&gaa_sig=6wSV4aN6qqOIwzD7RAnhZbmkizYeuL8kRnwPymdwSRJndh5LEb40zR84FPNuneyaRMABPP64xXO1qpZUYYcKcQ%3D%3D,1758808260
HD,The Lowe's Companies' (LOW) Resilient Business Model and its Importance for Retail Dividend Stocks,"Lowe's Companies, Inc. (NYSE:LOW) possesses a resilient business model due to its focus on renovations in an aging US housing market and a growing segment of professional contractors. The company is also a Dividend King, having increased its payouts for 60 consecutive years, making it an attractive retail dividend stock despite some housing market concerns.",https://finviz.com/news/176370/the-lowes-companies-low-resilient-business-model-and-its-importance-for-retail-dividend-stocks,1758829200
HD,Home Depot expands pro offerings with digital project planner,"Home Depot has launched a new Project Planning tool, a digital platform designed to streamline project management for professional renovators, remodelers, and tradespeople. This tool allows pros to manage all project phases on one platform, access the full Home Depot product assortment, and collaborate with their support team. It includes features like comprehensive materials lists, consolidated transaction views, early pricing visibility, and multi-user collaboration.",https://chainstoreage.com/home-depot-expands-pro-offerings-digital-project-planner,1758844800
HD,CI&T Releases “Retail Tech Reality Check” Report Highlightings AI’s Growing Role in Consumer Shopping,"CI&T has released its ""Retail Tech Reality Check"" report, which investigates the impact of artificial intelligence on consumer shopping behaviors. The report reveals a shift back to search engines for purchase journeys and a growing openness to agentic AI for routine buys, while also noting consumer caution regarding biased recommendations. Key findings indicate 58% of consumers believe retailers should use AI to enhance shopping experiences, and nearly three-quarters use AI tools in their path to purchase.",https://www.businesswire.com/news/home/20250930076871/en/CIT-Releases-Retail-Tech-Reality-Check-Report-Highlighting-AIs-Growing-Role-in-Consumer-Shopping,1759251714
HD,Jennifer Garner’s Once Upon a Farm Files for IPO,"Once Upon a Farm, an organic baby food company co-founded by Jennifer Garner, has filed to go public on the New York Stock Exchange under the ticker OFRM. The company is currently unprofitable, reporting a net loss of $28.5 million in the first half of 2025, but generated $110.6 million in revenue during the same period. Its IPO performance will likely be compared to Jessica Alba's Honest Company, which saw its stock price tumble after an initial $1.44 billion valuation in 2021.",https://www.morningstar.com/stocks/jennifer-garners-once-upon-farm-files-ipo,1759255448
HD,Equipment Rental Antitrust: Algorithmic Pricing Cases Sent to Illinois MDL,"A growing number of class action lawsuits alleging nationwide price-fixing in the construction equipment rental industry have been consolidated in the Northern District of Illinois (MDL No. 3152). These cases target major rental companies and Rouse Services LLC, their data analytics provider, for allegedly using shared, real-time algorithmic pricing to coordinate rental rates and inflate prices. The litigation draws parallels to similar cases against RealPage and Agri Stats, accusing benchmarking providers of facilitating collusion in other industries.",https://www.jdsupra.com/legalnews/equipment-rental-antitrust-algorithmic-1245398/,1759276800
HD,Former Sears building in Hicksville to get 2 new tenants after cancellation of mixed-use project,"The former Sears building in Hicksville, New York, will house new medical and educational tenants after previous plans for a mixed-use residential and retail development were canceled. Lincoln Technical Institute, a trade school, and Antech Diagnostics, a veterinary medical laboratory, are slated to occupy the space. These new tenants mark a significant change for the property, which Steel Equities acquired in 2023.",https://www.newsday.com/business/sears-hicksville-tenants-smul9f5y,1759935525
HD,"The Home Depot, Inc. $HD Stock Holdings Lifted by Drucker Wealth 3.0 LLC","Drucker Wealth 3.0 LLC significantly increased its stake in The Home Depot by 218.4% during Q2 2025, now holding nearly 5,000 shares valued at $1.84 million. Other institutional investors similarly boosted their holdings, with Asset Planning Services Inc. increasing its stake by a massive 99,400.7%. The article also details recent analyst ratings, Home Depot's Q2 earnings information, and insider stock transactions.",https://www.marketbeat.com/instant-alerts/filing-the-home-depot-inc-hd-stock-holdings-lifted-by-drucker-wealth-30-llc-2025-10-11/,1760140800
HD,"If You Bought 10 Shares of Home Depot Stock 10 Years Ago, You’d Have This Much Today - Yahoo","If You Bought 10 Shares of Home Depot Stock 10 Years Ago, You’d Have This Much Today",https://consent.yahoo.com/v2/collectConsent?sessionId=1_cc-session_25637fb3-7baa-40f0-b922-93a0f5ebea61,1760277727
HD,Best Home Improvement Stocks To Watch Now - October 11th - MarketBeat,"This article highlights three top home improvement stocks—Home Depot (HD), Lowe's Companies (LOW), and Masco (MAS)—as key investments for October 11th, according to MarketBeat's stock screener. These companies represent a critical sector that reflects consumer spending and the health of the housing market. The report provides a brief overview of each company's operations and role in the home improvement industry.",https://www.marketbeat.com/instant-alerts/best-home-improvement-stocks-to-watch-now-october-11th-2025-10-11/,1760303211
HD,Top Home Improvement Stocks To Keep An Eye On - October 12th - MarketBeat,"This article highlights five top home improvement stocks to watch on October 12th, 2025: Home Depot, Lowe's Companies, Masco, Medallion Financial, and Jewett-Cameron Trading. It provides a brief description of each company and mentions their relevance in the home renovation and repair market. The selection is based on their high dollar trading volume in recent days.",https://www.marketbeat.com/instant-alerts/top-home-improvement-stocks-to-keep-an-eye-on-october-12th-2025-10-12/,1760303333
HD,Home Improvement Stocks To Research – October 10th,"This article highlights three key home improvement stocks to watch: Home Depot (HD), Lowe's Companies (LOW), and Masco (MAS). These companies are identified based on their significant dollar trading volume and represent various aspects of the home improvement sector, including retail, manufacturing, and services. The piece provides a brief description of each company's business operations and product offerings.",https://www.defenseworld.net/2025/10/12/home-improvement-stocks-to-research-october-10th.html,1760332475
HD,Why Opendoor Technologies Stock Is Plummeting Today - AOL.com,"Opendoor Technologies (NASDAQ: OPEN) stock is plummeting due to broader concerns about inflation and skepticism regarding generative AI's business value, despite a recent rally. The real estate specialist's stock has faced sell-offs after an explosive rally and news of a new CEO, but inflation and a new MIT report on AI are contributing to its decline. The company's share price remains significantly down from its 2021 high, making it a high-risk investment.",https://www.aol.com/why-opendoor-technologies-stock-plummeting-172208534.html,1760337485
HD,Save up to 50% on the Home Depot's giant Halloween decorations - Mashable,"The Home Depot is offering up to 50% off on its large Halloween decorations, including popular items like Skelly's new pets and other oversized spooky figures. This sale, valid on October 9, 2025, presents significant savings for those looking to purchase substantial outdoor Halloween decor. While the iconic 12-foot Skelly is not individually discounted, combination kits offer ways to save.",https://mashable.com/article/oct-9-home-depot-halloween-decorations-deal,1760338081
HD,Best Home Improvement Stocks To Watch Now – October 11th - Defense World,"This article highlights three top home improvement stocks to watch: Home Depot (HD), Lowe’s Companies (LOW), and Masco (MAS). It describes home improvement stocks as a key indicator of consumer spending and housing market health, noting their cyclical nature. The piece provides a brief company description for each of the three featured stocks, detailing their product and service offerings.",https://www.defenseworld.net/2025/10/13/best-home-improvement-stocks-to-watch-now-october-11th.html,1760339346
HD,"I found 19 Halloween deals from Home Depot, Amazon, and others that are too spooky to pass up — shop decor, inflatables, skeleton,s and more from $2 - Tom's Guide","The article highlights 19 Halloween deals from retailers like Home Depot, Amazon, Walmart, Anthropologie, and Lowe's, with discounts up to 50% off on decor, inflatables, skeletons, and more. It provides a curated list of both indoor and outdoor Halloween decorations, from festive mugs and candles to animatronic figures and colossal inflatables, catering to various spooky season needs. The deals aim to help consumers add a ""haunt"" to their homes for Halloween, with prices starting as low as $2.",https://www.tomsguide.com/sales-events/i-found-19-halloween-deals-from-home-depot-amazon-and-others-that-are-too-spooky-to-pass-up-shop-decor-inflatables-skeleton-s-and-more-from-usd2,1760342400
HD,"U.S. Rental Equipment Market Set for Dynamic Growth with Key Players United Rentals Inc., Ashtead Group, Herc Rentals Inc.","A new report by Coherent Market Insights Pvt. Ltd. details the U.S. Rental Equipment Market's evolving trends, obstacles, and prospects from 2025-2031. Key players like United Rentals Inc., Ashtead Group, and Herc Rentals Inc. are highlighted in the report, which also segments the market by equipment type and application. The study provides critical insights for entrepreneurs, investors, and strategists looking to enter or further understand this dynamic market.",https://www.openpr.com/news/4220176/u-s-rental-equipment-market-set-for-dynamic-growth-with-key,1760345722
HD,California Air Resources Board Publishes Draft Template for SB 253 Greenhouse Gas Emissions Reporting – Ten Things to Know - Ropes & Gray LLP,"The California Air Resources Board (CARB) has released a draft template for reporting Scope 1 and 2 greenhouse gas emissions under SB 253, a California law requiring annual GHG emission reports from companies with over $1 billion in revenue doing business in the state. This article addresses ten frequently asked questions about the voluntary template, detailing its contents, reporting methodology, and CARB's ongoing regulatory process, including forthcoming rules and stakeholder feedback opportunities. It also highlights that Scope 3 reporting is not yet included but is expected in a future template for fiscal 2026 reporting.",https://www.ropesgray.com/en/insights/viewpoints/102lpuw/california-air-resources-board-publishes-draft-template-for-sb-253-greenhouse-gas,1760349188
HD,Plug Power's incoming CEO lays out 2026 sales strategy,"Plug Power's incoming CEO, Jose Luis Crespo, details the company's sales strategy for 2026, focusing on material handling and electrolyzer segments. Despite clean energy stock volatility due to changes in tax incentives, Plug Power's stock has surged, with robust sales expected from tax credits for material handling in the US and production tax credits for green hydrogen projects. The European market also shows strong commitment and growth potential for electrolyzer business.",https://finance.yahoo.com/video/plug-powers-incoming-ceo-lays-100023008.html,1760349623
HD,"GW Henssler & Associates Ltd. Increases Stock Position in The Home Depot, Inc. $HD","GW Henssler & Associates Ltd. increased its stake in The Home Depot, Inc. (NYSE:HD) by 2.4% in the second quarter, bringing its total holdings to 31,949 shares valued at $11.7 million. This comes as some insiders have reduced their positions. The Home Depot reported a quarterly EPS of $4.68, slightly missing estimates, with revenues of $45.28 billion and a dividend of $2.30.",https://www.marketbeat.com/instant-alerts/filing-gw-henssler-associates-ltd-increases-stock-position-in-the-home-depot-inc-hd-2025-10-13/,1760351739
HD,"Mitchell Sinkler & Starr PA Sells 16,449 Shares of The Home Depot, Inc. $HD","Mitchell Sinkler & Starr PA divested 16,449 shares of The Home Depot, reducing its stake by 63.4% to 9,500 shares valued at $3.48 million. This comes amidst other institutional investor activity and insider selling, with CFO Richard V. Mcphail and CEO Edward P. Decker also reducing their holdings. Home Depot's recent quarterly earnings missed analyst expectations, reporting $4.68 EPS against a $4.69 consensus, with revenue of $45.28 billion below the expected $45.43 billion.",https://www.marketbeat.com/instant-alerts/filing-mitchell-sinkler-starr-pa-sells-16449-shares-of-the-home-depot-inc-hd-2025-10-13/,1760351739
HD,"Cwm LLC Has $76.97 Million Position in The Home Depot, Inc. $HD - MarketBeat","Cwm LLC increased its stake in The Home Depot, Inc. by 2.0% during the second quarter, bringing their total holdings to $76.97 million. This article details Home Depot's stock performance, institutional investments, recent earnings results, dividend announcements, and analyst ratings.",https://www.marketbeat.com/instant-alerts/filing-cwm-llc-has-7697-million-position-in-the-home-depot-inc-hd-2025-10-13/,1760352249
HD,"Welch Group LLC Has $64.79 Million Stock Holdings in The Home Depot, Inc. $HD - MarketBeat","Welch Group LLC increased its stake in The Home Depot, Inc. (NYSE:HD) by 2.4% during the second quarter, bringing its total holdings to $64.79 million. Other institutional investors have also adjusted their positions in Home Depot, which currently holds a ""Moderate Buy"" rating from analysts with several price target increases. The article also provides details on Home Depot's stock performance, recent earnings, dividend announcement, and company profile.",https://www.marketbeat.com/instant-alerts/filing-welch-group-llc-has-6479-million-stock-holdings-in-the-home-depot-inc-hd-2025-10-13/,1760352871
HD,"MOKAN Wealth Management Inc. Has $2.35 Million Position in The Home Depot, Inc. $HD","MOKAN Wealth Management Inc. significantly increased its stake in The Home Depot, Inc. (NYSE:HD) during the second quarter, now holding 6,404 shares valued at $2.35 million. This makes Home Depot the 23rd largest position in MOKAN's investment portfolio. Other institutional investors have also adjusted their holdings in Home Depot, which recently announced a quarterly dividend and released its earnings results.",https://www.marketbeat.com/instant-alerts/filing-mokan-wealth-management-inc-has-235-million-position-in-the-home-depot-inc-hd-2025-10-13/,1760353352
HD,"The Home Depot, Inc. $HD Shares Sold by Mitchell Capital Management Co.","Mitchell Capital Management Co. reduced its stake in The Home Depot, Inc. by 10.8% in Q2 2025, selling 1,809 shares. Several other institutional investors also adjusted their holdings. Analyst ratings for Home Depot are largely positive, with an average ""Moderate Buy"" rating and a target price of $435.42.",https://www.marketbeat.com/instant-alerts/filing-the-home-depot-inc-hd-shares-sold-by-mitchell-capital-management-co-2025-10-13/,1760353354
HD,"Gordian Advisors LLC Acquires Shares of 702 The Home Depot, Inc. $HD","Gordian Advisors LLC has acquired a new stake of 702 shares in The Home Depot, Inc. (HD) valued at approximately $257,000 during the second quarter. Other institutional investors have also adjusted their holdings. Analysts have a ""Moderate Buy"" consensus rating for Home Depot with an average target price of $435.42, and the company recently announced a quarterly dividend of $2.30 per share.",https://www.marketbeat.com/instant-alerts/filing-gordian-advisors-llc-acquires-shares-of-702-the-home-depot-inc-hd-2025-10-13/,1760353355
HD,"The Home Depot, Inc. $HD Shares Sold by Cypress Capital Group - MarketBeat","Cypress Capital Group reduced its stake in The Home Depot, Inc. (NYSE:HD) by 3.4% in the second quarter, selling 814 shares and holding $8.576 million worth of stock. This article details other institutional investments, Home Depot's price performance, recent earnings, dividend announcements, and analyst ratings. It also includes an insider transaction where CFO Richard V. Mcphail sold 3,369 shares.",https://www.marketbeat.com/instant-alerts/filing-the-home-depot-inc-hd-shares-sold-by-cypress-capital-group-2025-10-13/,1760353356
HD,"Yousif Capital Management LLC Decreases Position in Lowe's Companies, Inc. $LOW","Yousif Capital Management LLC reduced its stake in Lowe's Companies, Inc. by 1.6% in the second quarter, selling 1,727 shares and holding a total of 106,177 shares valued at $23.56 million. Despite this decrease, other institutional investors like Vanguard Group Inc. and Invesco Ltd. increased their holdings in the home improvement retailer. The article also provides details on Lowe's stock performance, recent earnings, upcoming dividend, and insider trading activity.",https://www.marketbeat.com/instant-alerts/filing-yousif-capital-management-llc-decreases-position-in-lowes-companies-inc-low-2025-10-13/,1760353957
HD,"AMD stock skyrockets 7,000% under Lisa Su, yet her net worth is still a fraction of Nvidia CEO Jensen Huan - The Economic Times","Under CEO Lisa Su, AMD's stock has risen 7,000%, increasing its market value to $378 billion, surpassing major companies. Despite this success, Su's net worth of $1.5 billion is significantly less than Nvidia CEO Jensen Huang's $167 billion. This disparity is attributed to Huang being a co-founder of Nvidia and retaining a substantial ownership stake, a common factor in generating extreme personal wealth.",https://economictimes.indiatimes.com/news/international/us/amd-stock-skyrockets-7000-under-lisa-su-yet-her-net-worth-is-still-a-fraction-of-nvidia-ceo-jensen-huangs-heres-the-reason/articleshow/124526718.cms?from=mdr,1760357885
HD,"Full list Indigenous Peoples' Day store hours for Walmart, Costco, Target and Home Depot - The Mirror US","This article provides details on which major retailers, including Walmart, Costco, Target, and Home Depot, will be open on Indigenous Peoples' Day (also known as Columbus Day). It highlights that most major retailers will maintain regular operating hours despite the federal holiday, and offers background information on the holiday's recognition in the U.S.",https://www.themirror.com/lifestyle/shopping/stores-open-indigenous-peoples-day-1442831,1760358780
HD,Uncertainty over the economy and tariffs forces many retailers to be cautious on holiday hiring - Jacksonville Journal-Courier,"Many retailers are approaching holiday hiring with caution due to economic uncertainties and the impact of tariffs. Companies like Walmart and Macy's are maintaining hiring levels similar to last year or focusing on retaining current staff, rather than significantly increasing temporary workers. This conservative approach reflects broader concerns about consumer spending and the retail landscape.",https://www.myjournalcourier.com/business/article/uncertainty-over-the-economy-and-tariffs-forces-21097987.php,1760361093
HD,"Trex Company: Potential For High Growth, But Lofty Valuation, Hold (NYSE:TREX) - Seeking Alpha","Trex Company, a leader in the composite decking market, is positioned for long-term growth due to its pioneering status, strong brand, innovative recycled-materials products, and expanding manufacturing capabilities. The company is actively targeting growing demand in southern states and strengthening its market penetration through a strategic distribution model and contractor certification program. Despite recent challenges from higher interest rates and inventory destocking, Trex's lean distribution and first-mover advantage are expected to support a rebound in demand.",https://seekingalpha.com/article/4829497-trex-composite-decking-leader-potential-high-growth-lofty-valuation-hold,1760363362
HD,Uncertainty over the economy and tariffs forces many retailers to be cautious on holiday hiring - Mother Lode's News - myMotherLode.com,"Retailers are showing caution in holiday hiring due to economic uncertainty and tariffs, with many planning to reduce or delay seasonal staff appointments. This trend is expected to lead to the lowest holiday hiring levels since 2009, with some companies also using AI to replace workers and accelerating training for new hires. The government shutdown and its impact on economic data are adding further challenges for retailers in forecasting sales and staffing needs.",https://mymotherlode.com/news/national/10061510/uncertainty-over-the-economy-and-tariffs-forces-many-retailers-to-be-cautious-on-holiday-hiring.html,1760363548
HD,Procter & Gamble: A Century of Steady Gains in the Dow Jones - Disruption Banking,"This article traces Procter & Gamble's journey from its origins to its perennial status as a stable Dow Jones component, highlighting its resilience through economic downturns and consistent growth. It details P&G's strategic evolution, financial performance in 2025, and brand power, alongside recent analyst ratings. The piece emphasizes P&G’s enduring role as a reliable anchor in the Dow Jones Industrial Average.",https://www.disruptionbanking.com/2025/10/13/procter-gamble-a-century-of-steady-gains-in-the-dow-jones/,1760365698
HD,Why Plug Power Stock Is Surging Again Today - The Motley Fool,"Plug Power's stock is surging, rallying over 60% in October, driven by an analyst upgrade and comments from its incoming CEO, Jose Luis Crespo. Crespo highlighted that sales growth would come from electrolyzers and material handling businesses, with the company aiming for profitability by the end of 2025. Major customers like Amazon and Walmart, along with new tax credits for fuel cell projects, are also contributing to investor interest.",https://www.fool.com/investing/2025/10/13/why-plug-power-stock-is-surging-again-today/,1760376600
HD,Why Plug Power Stock Is Surging Again Today - Mitrade,"Plug Power (NASDAQ: PLUG) stock is surging due to anticipation of future profitability, driven by its electrolyzer and material handling businesses, and a recent analyst upgrade. The incoming CEO revealed plans for sales growth, while significant tax credits for fuel cell projects and major customers like Amazon and Walmart further bolster investor confidence. The company aims for positive gross margin run rate by the end of 2025.",https://www.mitrade.com/insights/news/live-news/article-8-1190962-20251014,1760378431
HD,Why Plug Power Stock Is Surging Again Today,"Plug Power (NASDAQ: PLUG) stock is surging due to new sales growth strategies revealed by its incoming CEO and positive analyst upgrades. The company expects electrolyzers and material handling businesses to drive sales and targets profitability, leveraging significant customers like Amazon and Walmart, and favorable tax credits. This has led to a substantial rally in its stock price, attracting renewed investor interest.",https://www.theglobeandmail.com/investing/markets/stocks/PLUG-Q/pressreleases/35411688/why-plug-power-stock-is-surging-again-today/,1760379421
HD,Home Depot co-founder Blank gives $50 million to Black colleges in Atlanta,"Arthur M Blank, co-founder of Home Depot and owner of the Atlanta Falcons, is donating $50 million over ten years to four historically Black colleges in Atlanta. This substantial gift aims to help students, particularly those from low-income backgrounds, complete their degrees by providing ""gap scholarships"" to cover funding shortfalls. The initiative, starting in 2026, is expected to benefit nearly 10,000 students and serve as a model for increasing graduation rates at these institutions.",https://www.spokesman.com/stories/2025/oct/13/home-depot-co-founder-blank-gives-50-million-to-bl/,1760382750
HD,US consumers shouldering 55 percent of Trump tariff costs: Goldman Sachs - Yahoo News Malaysia,"A Goldman Sachs report indicates that US consumers are bearing 55% of the costs from the Trump administration's tariffs, contradicting claims that foreign countries pay these levies. While businesses initially absorb more, the burden shifts to consumers over time as prices rise. The White House, however, maintains that foreign exporters will ultimately bear the tariff costs and that these measures encourage domestic production.",https://malaysia.news.yahoo.com/us-consumers-shouldering-55-percent-192352599.html,1760383432
HD,"Arthur M. Blank, Founder Of The Home Depot And Owner Of Atlanta Falcons, Donates $50M Into 4 Of The City's HBCUs Through His Foundation - afrotech.com","Arthur M. Blank, founder of The Home Depot and owner of the Atlanta Falcons, has donated $50 million through his foundation to four Historically Black Colleges and Universities (HBCUs) in Atlanta: Clark Atlanta University, Morehouse College, Morris Brown College, and Spelman College. This funding, part of his Founder Initiatives portfolio, aims to provide gap scholarships to help nearly 10,000 students complete their education by 2026. The investment is projected to significantly boost the students' future earnings and contribute an estimated $1 billion in annual economic impact to the region.",https://afrotech.com/arthur-m-blank-founder-of-the-home-depot-and-owner-of-atlanta-falcons-donates-50m-into-4-of-the-citys-hbcus-through-his-foundation,1760384805
HD,The Home Depot sets opening date for Mandarin store - Jacksonville Daily Record,"The Home Depot is set to open its new Mandarin store at 9600 San Jose Blvd. with a community event on October 15, followed by regular store hours on October 16. The store, built on the former Kmart site, is 132,975 square feet and is hiring 40 new associates. This marks the second Home Depot opening in Northeast Florida this year.",https://www.jaxdailyrecord.com/news/2025/oct/13/the-home-depot-sets-opening-date-for-mandarin-store/,1760386080
HD,MGM Resorts tops list of most shorted S&P 500 consumer discretionary stocks in September; Amazon remains least shorted,"MGM Resorts International was the most shorted S&P 500 consumer discretionary stock at the end of September, with an average short interest of 2.52% across the sector. Conversely, Amazon.com held the position of the least shorted stock within the same sector. This data provides insight into investor sentiment regarding these companies and the broader consumer discretionary market.",https://seekingalpha.com/news/4503712-mgm-resorts-tops-list-of-most-shorted-sp-500-consumer-discretionary-stocks-in-september-amazon-remains-least-shorted,1760387929
HD,"Walmart Buys Shopping Mall, Plans Teardown","Walmart has acquired two shopping centers in the Pittsburgh area, Monroeville Mall for $34 million and Bethel Park Shopping Center for $39.6 million. The retailer plans to demolish Monroeville Mall by April 2027, signaling a potential shift towards mixed-use developments, which industry experts view as a smart move given the challenges malls face. This acquisition could lead to new types of developments that integrate housing, offices, healthcare, and retail beyond traditional shopping.",https://www.mediapost.com/publications/article/409861/walmart-buys-shopping-mall-plans-teardown.html?edition=140198,1760390925
HD,Consumer Cyclical Stock Performance - Yahoo Finance,"This Yahoo Finance page provides an overview of the Consumer Cyclical sector, detailing its market capitalization, weight, and the number of industries and companies it encompasses. It presents performance metrics such as Day Return, YTD Return, 1-Year, 3-Year, and 5-Year Returns for the sector compared to the S&P 500, alongside a breakdown of various industries within the sector and their respective returns. The page also lists the largest companies, top ETFs, and mutual funds in this sector, and includes recent analyst research reports on several companies.",https://finance.yahoo.com/sectors/consumer-cyclical/,1760398807
HD,"Wood Framing Market Hits New High | Weyerhaeuser, Georgia-Pacific, Boise Cascade - openPR.com","The global Wood Framing market is projected to grow at a CAGR of 19.5% from 2025 to 2033, reaching $43.9 billion, driven by demand for sustainable building materials and technological advancements. Key market players include Weyerhaeuser, Georgia-Pacific, and Boise Cascade, with North America dominating and Asia-Pacific showing the fastest growth. The market faces challenges such as high material costs and environmental concerns but sees opportunities in corporate partnerships and government-funded housing projects.",https://www.openpr.com/news/4222299/wood-framing-market-hits-new-high-weyerhaeuser,1760423922
HD,Top Home Improvement Stocks To Keep An Eye On – October 12th,"MarketBeat's stock screener tool has identified Home Depot, Lowe’s Companies, Masco, Medallion Financial, and Jewett-Cameron Trading as the top five home improvement stocks to watch. These companies are key players in the home renovation, repair, and maintenance market, with various offerings from building materials and installation services to specialty financing. This article provides a brief overview of each company's operations and market presence.",https://www.defenseworld.net/2025/10/14/top-home-improvement-stocks-to-keep-an-eye-on-october-12th.html,1760430715
HD,"Allspring Global Investments Holdings LLC Sells 1,645 Shares of The Home Depot, Inc. $HD","Allspring Global Investments Holdings LLC reduced its stake in The Home Depot, Inc. by 0.6% in the second quarter, selling 1,645 shares and holding 256,430 shares valued at $95.69 million. Other institutional investors like Vanguard Group Inc. and Asset Planning Services Inc. LA ADV significantly increased their holdings. The article also covers Home Depot's recent financial performance, dividend announcement, analyst price targets, and insider selling activity.",https://www.marketbeat.com/instant-alerts/filing-allspring-global-investments-holdings-llc-sells-1645-shares-of-the-home-depot-inc-hd-2025-10-14/,1760432134
HD,"MGO One Seven LLC Lowers Holdings in The Home Depot, Inc. $HD - MarketBeat","MGO One Seven LLC reduced its stake in The Home Depot, Inc. by 5.5% in the second quarter, now holding 26,552 shares valued at $9.735 million. Other institutional investors also adjusted their positions in HD. The article details Home Depot's recent stock performance, earnings, revenue, and dividend announcement, alongside a company profile.",https://www.marketbeat.com/instant-alerts/filing-mgo-one-seven-llc-lowers-holdings-in-the-home-depot-inc-hd-2025-10-14/,1760432621
HD,"Vest Financial LLC Purchases 2,965 Shares of The Home Depot, Inc. $HD","Vest Financial LLC increased its stake in The Home Depot, Inc. by 36.8% in Q2, acquiring 2,965 additional shares and bringing its total holdings to 11,027 shares valued at $4,043,000. Meanwhile, CEO Edward P. Decker sold 32,897 shares, reducing his direct ownership by over 21%. Analysts maintain a ""Moderate Buy"" rating with a consensus price target of $435.42 for Home Depot.",https://www.marketbeat.com/instant-alerts/filing-vest-financial-llc-purchases-2965-shares-of-the-home-depot-inc-hd-2025-10-14/,1760433460
HD,"Atria Wealth Solutions Inc. Lowers Stock Holdings in The Home Depot, Inc. $HD - MarketBeat","Atria Wealth Solutions Inc. significantly reduced its stake in The Home Depot, Inc. (NYSE:HD) by 60.0% in the second quarter, selling 36,097 shares and retaining 24,021 shares valued at $8.83 million. Other institutional investors also adjusted their positions in Home Depot, which currently has a ""Moderate Buy"" rating from analysts with a consensus price target of $435.42. The company recently announced a quarterly dividend of $2.30, resulting in an annualized dividend of $9.20 and a dividend yield of 2.4%.",https://www.marketbeat.com/instant-alerts/filing-atria-wealth-solutions-inc-lowers-stock-holdings-in-the-home-depot-inc-hd-2025-10-14/,1760434305
HD,"NorthRock Partners LLC Has $6.48 Million Holdings in The Home Depot, Inc. $HD - MarketBeat","NorthRock Partners LLC increased its stake in The Home Depot, Inc. by 9.2% in the second quarter, bringing its total holdings to $6.48 million. Other institutional investors also adjusted their positions in Home Depot, which currently has a market capitalization of $377.61 billion and a P/E ratio of 25.77. Analysts have issued ""outperform"" and ""overweight"" ratings with target price increases for the home improvement retailer.",https://www.marketbeat.com/instant-alerts/filing-northrock-partners-llc-has-648-million-holdings-in-the-home-depot-inc-hd-2025-10-14/,1760435268
HD,LACo Supervisors to Consider Local Emergency Proclamation Due to Immigration Raids - MyNewsLA.com,"The Los Angeles County Board of Supervisors will consider declaring a local state of emergency due to ongoing federal immigration enforcement raids. These raids are alleged to be preventing people from working and forcing businesses to close, creating a climate of fear and impacting the regional economy. The proclamation could empower the county to expedite resources and potentially lead to discussions about an eviction moratorium to protect affected residents.",https://mynewsla.com/government/2025/10/14/laco-board-to-consider-local-emergency-proclamation-due-to-immigration-raids-3/,1760449500
HD,Home Depot's fall sale is knocking up to 40% off — here’s 21 deals I'd shop for my home - Tom's Guide,"Home Depot is currently running a fall sale with discounts of up to 40% on various items, including Halloween decor, appliances, and furniture. This article highlights 21 deals across categories like tailgate essentials, smart home devices, bathroom upgrades, and indoor/outdoor furniture. The author, Olivia Halevy, shares her top picks to help readers spruce up their homes for the new season without overspending.",https://www.tomsguide.com/home/outdoors/huge-home-depot-fall-sale-live-heres-21-deals-id-shop-on-halloween-decor-appliances-furniture-and-more,1760449909
HD,1-800-FLOWERS.COM names Melanie Babcock chief marketing and growth officer - The Produce News,"1-800-FLOWERS.COM Inc. has appointed Melanie Babcock as its chief marketing and growth officer. In this new role, Babcock will be responsible for marketing strategy, brand positioning, customer acquisition and retention, and revenue growth initiatives, reporting directly to CEO Adolfo Villagomez. She brings over a decade of experience from The Home Depot, where she notably pioneered and expanded the retail media division.",https://theproducenews.com/floral/1-800-flowerscom-names-melanie-babcock-chief-marketing-and-growth-officer,1760451465
HD,Are Milwaukee Tools at Home Depot Worth Buying? - How-To Geek,"This article examines the value proposition of Milwaukee tools, widely available at retailers like Home Depot. It delves into the brand's history, ownership by Techtronic Industries (TTI), manufacturing locations, and its popular M12 and M18 cordless tool lines. The article concludes that Milwaukee tools are worth buying due to their performance, wide selection, competitive pricing, and accessibility, catering to both DIY enthusiasts and professionals.",https://www.howtogeek.com/are-milwaukee-tools-worth-buying/,1760452200
HD,DiCello Levitt Appointed Co-Lead Counsel in In Re Construction Equipment Antitrust Litigation - DiCello Levitt,"DiCello Levitt and Berger & Montague have been appointed Co-Lead Counsel in a class action lawsuit against major rental equipment companies for alleged price fixing. The lawsuit, filed in the U.S. District Court for the Northern District of Illinois Eastern Division, claims defendants conspired to manipulate rental prices for various construction and industrial equipment. This appointment highlights DiCello Levitt's role in significant antitrust litigation on behalf of affected parties.",https://dicellolevitt.com/dicello-levitt-appointed-co-lead-counsel-in-in-re-construction-equipment-antitrust-litigation/,1760457728
HD,ETFs Set to Benefit From JPMorgan's $1.5T U.S. Security Push - The Globe and Mail,"JPMorgan Chase & Co. announced a significant expansion of its commitment to supporting the U.S. economy and national security, increasing its allocation by $500 billion to a total of $1.5 trillion over the next decade. This initiative targets key sectors such as supply chain, advanced manufacturing, defense, aerospace, energy independence, and strategic technologies, aiming to bolster economic resilience and growth. The article highlights several ETFs across these sectors, including aerospace & defense, artificial intelligence and technology, energy, and manufacturing, that are poised to benefit from JPMorgan's substantial investment push.",https://www.theglobeandmail.com/investing/markets/stocks/JPM/pressreleases/35439295/etfs-set-to-benefit-from-jpmorgans-15t-us-security-push/,1760462335
HD,Home Depot (HD): A Reliable Dividend Stock with Strong Profitability - Insider Monkey,"Home Depot (NYSE:HD) is highlighted as a reliable dividend stock due to its strong profitability and consistent dividend growth despite a sluggish housing market. The company delivered solid Q2 sales growth and maintained a healthy operating margin, comfortably covering its dividend with a 62% payout ratio. With 15 consecutive years of dividend increases and a current yield of 2.42%, HD is positioned to benefit from an eventual rebound in the housing sector.",https://www.insidermonkey.com/blog/home-depot-hd-a-reliable-dividend-stock-with-strong-profitability-1627816/,1760466791
HD,United States Furniture Market Projected to Reach USD 232.61 Billion by 2030 with Steady Growth in Home and Office Segments,"The United States furniture market is projected to grow from USD 193.60 billion in 2025 to USD 232.61 billion by 2030, driven by shifting consumer preferences, housing starts, remodeling activities, and the expansion of e-commerce. Key trends include increased demand for sustainable materials, customized solutions, and various segments such as home, office, hospitality, educational, and healthcare furniture. Major players like Herman Miller, Steelcase, Ashley HomeStore Corporation, Williams-Sonoma, Inc., and IKEA US are contributing to this growth.",https://www.openpr.com/news/4223944/united-states-furniture-market-projected-to-reach-usd-232-61,1760467085
HD,Premier Doug Ford says he threatened to beat up Home Depot shoplifter - CP24,"Ontario Premier Doug Ford recounted an incident where he threatened a Home Depot shoplifter after security guards were instructed not to intervene. Ford stated he demanded the man open his bag and threatened him with physical violence when he refused. The incident, which Ford shared to emphasize the need for stronger bail measures, ended with a stolen saw blade being recovered.",https://www.cp24.com/politics/queens-park/2025/10/14/premier-doug-ford-says-he-threatened-to-beat-up-home-depot-shoplifter/,1760470453
HD,"'Screw this, I'm going after this guy': Ontario Premier says he confronted a Home Depot shoplifter - CTV News",Ontario Premier Doug Ford recounted confronting a shoplifter at a Home Depot during a speaking engagement in Toronto. He described feeling compelled to intervene when he saw the individual attempting to steal a shopping cart full of merchandise. This incident highlights a personal side of the Premier and his stance on petty crime.,https://www.ctvnews.ca/video/2025/10/14/screw-this-im-going-after-this-guy-ontario-premier-says-he-confronted-a-home-depot-shoplifter/,1760474317
HD,Ontario Premier Doug Ford threatened to give alleged shoplifter ‘a beating’,"Ontario Premier Doug Ford recounted an incident where he confronted an alleged shoplifter at a Home Depot, threatening him with a ""beating."" Ford stated he chased the man after witnessing store security and management unable to intervene. Opposition parties, like the Liberal MPP John Fraser and the NDP, criticized Ford's actions as irresponsible and potentially dangerous, emphasizing the risks of confronting alleged thieves.",https://globalnews.ca/news/11478130/doug-ford-home-depot-shop-lifter/,1760481613
HD,Why the Market Dipped But Target (TGT) Gained Today - sharewise.com,"Target (TGT) shares rose by 1.74% to $88.86 in the latest session, outperforming the S&P 500's daily loss. The company is expected to report a slight fall in EPS and revenue for the upcoming quarter, but analyst estimate revisions, tracked by the Zacks Rank, suggest a positive business outlook. Target's valuation metrics, including a Forward P/E of 11.77 and a PEG ratio of 2.54, indicate a discount compared to its industry average.",https://www.sharewise.com/de/news_articles/Why_the_Market_Dipped_But_Target_TGT_Gained_Today_Zacks_20251014_2345,1760485165
HD,Whirlpool Says Samsung Infringed Dishwasher Rack Patent - Law360,"Whirlpool Corp. has filed a patent infringement lawsuit against Samsung Electronics Co. Ltd. in a Texas federal court. Whirlpool alleges that Samsung infringed on its ""enhanced top rack"" dishwasher technology, which features separate third racks with dedicated sprayers. The lawsuit targets Samsung's dishwasher models incorporating this specific rack design.",https://www.law360.com/articles/2399378/whirlpool-says-samsung-infringed-dishwasher-rack-patent,1760495400
HD,"DIY Home Improvement Market to Reach US$1,400.9 Bn by 2032 | Driven by Rising Renovation Trends - newstrail.com","The global DIY home improvement market is projected to reach US$1,400.9 billion by 2032, driven by increasing renovation trends among millennials and Gen Z, amplified by digital content platforms and the lasting impact of the COVID-19 pandemic. Key factors include growing enthusiasm for home renovation, the booming e-commerce ecosystem, and technological innovations such as AI, IoT, and AR. The market is segmented by type, product, and channel, with North America currently dominating and Asia-Pacific expected to show the fastest growth.",https://www.newstrail.com/diy-home-improvement-market-to-reach-us1400-9-bn-by-2032-driven-by-rising-renovation-trends/,1760507015
HD,"Prosecutors raid Hyosung Heavy, LS, HD Hyundai over KEPCO bid rigging suspicions","Prosecutors have raided Hyosung Heavy Industries, LS ELECTRIC, and HD Hyundai Electric over suspicions of bid rigging related to 560 billion won worth of equipment installations for the Korea Electric Power Corporation (KEPCO). The companies are accused of colluding in bids for gas-insulated switchgear from 2015 to 2022, leading to inflated prices and stable volume allocation. The Fair Trade Commission previously filed a criminal complaint and imposed a penalty surcharge for violations of the Fair Trade Act.",https://biz.chosun.com/en/en-society/2025/10/15/GXFOL3YJWZE2VEDSXKB5RYS6BE/,1760507280
HD,"U.S. Home Decor Market See Incredible Growth 2025-2032 | IKEA, Home Depot, Wayfair, and Target","A new report from Coherent Market Insights Pvt. Ltd predicts incredible growth for the U.S. Home Decor Market between 2025 and 2032, driven by evolving consumer demand, technological advancements, and favorable regulatory frameworks. The report provides an in-depth analysis of market size, CAGR, key players like Wayfair, Home Depot, and IKEA, and comprehensive segmentation across various styles and regions. This study offers actionable insights and a roadmap for stakeholders navigating market growth and transformation.",https://www.openpr.com/news/4224575/u-s-home-decor-market-see-incredible-growth-2025-2032-ikea,1760510858
HD,Don’t wipe your tush with the boreal,"Environmental crusader Brian Rodgers is making documentaries to expose companies involved in deforestation. His first significant victory was against Home Depot, following a bird-watching trip in Ecuador where he observed daily logging trucks linked to a Home Depot supplier. Rodgers' mission is to protect forests by highlighting the corporations destroying them for consumer products.",https://www.bostonglobe.com/2025/10/15/opinion/procter-gamble-toilet-paper-boreal/,1760511885
HD,All Walmart Stores In Western New York Will Be Closed - The New 96.1,"Walmart stores in New York State will be closed on Thanksgiving Day and Christmas Day in 2025 and 2026 to allow employees time with family. Most other major retailers like Target and Kohl's will also close, while some grocery stores and fast-food chains will remain open with modified hours. Walmart stores are expected to reopen at 6 am on Black Friday and the day after Christmas for shopping deals.",https://thenew961.com/walmart-closed-thanksgiving-2025/,1760520806
HD,All Walmart Stores In Western New York Will Be Closed - 92.9 WBUF,"Walmart will close all of its New York State stores on Thanksgiving Day and Christmas Day before the end of 2026 to allow employees to spend time with family. Most other major retailers will also be closed, though some grocery stores and quick-service restaurants will remain open with modified hours. Stores are expected to reopen at 6 AM the day after each holiday for shopping deals.",https://wbuf.com/ixp/16/p/walmart-closed-thanksgiving-2025/,1760520834
HD,U.S. Door Installation Services Market Projections 2025-2032: - openPR.com,"This report from Coherent Market Insights projects the U.S. Door Installation Services Market from 2025 to 2032, providing insights into market trends, opportunities, and growth factors. It offers a comprehensive analysis including segmentation by type and application, financial assessments of major players like Andersen Corporation and Pella Corporation, and geographical landscape insights. The report aims to assist industry professionals, investors, and policymakers in making informed business decisions and identifying growth strategies.",https://www.openpr.com/news/4225417/u-s-door-installation-services-market-projections-2025-2032,1760527043
HD,Whirlpool to Invest $300 Million to Make More Appliances in US - Bloomberg.com,"Whirlpool Corp. plans to invest $300 million to expand its US production of washers and dryers, adding 400 to 600 jobs across two Ohio plants. This move aims to increase domestic manufacturing capacity, potentially positioning the company favorably as tariffs are implemented on foreign competitors. The investment comes amidst a broader economic context of tariffs.",https://www.bloomberg.com/news/articles/2025-10-15/whirlpool-to-invest-300-million-to-make-more-appliances-in-us?srnd=phx-new-audio,1760531321
HD,Why higher tariffs on Canadian lumber may not be enough to stimulate long-term investments in US forestry - inkl,"Despite President Trump's efforts to boost the U.S. forestry industry through tariffs and executive orders, long-term investments are hampered by factors like differences in wood species, higher U.S. lumber costs, and labor shortages. The article explains that the U.S. market for lumber is tied to the boom-and-bust cycles of housing construction, which tariffs alone cannot change. It highlights that while the U.S. has potential lumber availability, specific species preferred for construction are naturally abundant in Canada, making Canadian imports still a necessary component of the market.",https://www.inkl.com/news/why-higher-tariffs-on-canadian-lumber-may-not-be-enough-to-stimulate-long-term-investments-in-us-forestry,1760532757
HD,"US retail sales excluding autos likely rose further in September, Chicago Fed says - MarketScreener","The Chicago Federal Reserve estimates that U.S. retail sales excluding autos and parts likely increased by 0.5% in September, following a 0.7% rise in August, though much of this growth is attributed to higher prices. Despite overall gains, consumer spending varies significantly by income level, with higher-income households benefiting from wealth gains while middle and lower-income consumers face financial strain and higher prices. This trend suggests a shift towards more intentional spending prioritizing value and necessity.",https://www.marketscreener.com/news/us-retail-sales-excluding-autos-likely-rose-further-in-september-chicago-fed-says-ce7d5adfdb8aff23,1760541338
HD,Doug Ford threatened an alleged shoplifter at Home Depot when he went to buy plants for Carney's visit - Yahoo News Canada,Ontario Premier Doug Ford recounted a story about threatening an alleged shoplifter at a Home Depot while buying plants for Prime Minister Mark Carney's visit. Ford described chasing the individual in his pickup truck and confronting him to recover stolen items. The incident sparked criticism from opposition leaders regarding the premier's actions and security protocols.,https://ca.news.yahoo.com/doug-ford-threatened-alleged-shoplifter-154928626.html,1760543368
HD,SCHD ETF Balances 3.6% Yield and Value Focus as Investors Reassess Dividend Plays - TradingNEWS,"The Schwab U.S. Dividend Equity ETF (SCHD) balances a 3.6% yield and a value-focused approach, maintaining investor loyalty despite underperforming the S&P 500 in 2024 and early 2025 due to its limited exposure to the AI sector. While traditional dividend sectors face headwinds, SCHD's disciplined methodology and consistent dividend growth continue to appeal to long-term investors seeking income stability and moderate appreciation. Analysts remain cautiously optimistic, with Morningstar reiterating a ""Gold"" rating for its quality and cost-efficiency.",https://www.tradingnews.com/news/schd-etf-holds-ground-worth-3-6-percent-yield,1760551477
HD,Home Depot Launches ‘Path To Pro’ Program To Expand Trade Hiring And Training,"Home Depot has launched its ""Path To Pro"" program in partnership with ServiceTitan to address the skilled trades workforce shortage. The initiative aims to connect job seekers with opportunities in the trades and provide contractors who are members of Home Depot’s free Pro Xtra loyalty program with access to a dedicated hiring network for skilled tradespeople. This program comes at a critical time as more Gen Zers are pursuing careers in the trades.",https://www.newsbreak.com/black-enterprise-512642/4294058252810-home-depot-launches-path-to-pro-program-to-expand-trade-hiring-and-training,1760562001
HD,Home Depot Launches ‘Path To Pro’ Program To Expand Trade Hiring And Training - Black Enterprise,"Home Depot has introduced a new ""Path to Pro"" program aimed at recruiting and training skilled trade workers, addressing a generational workforce challenge in the trades industry. Partnering with ServiceTitan, the program offers resources like a resource hub, skills program, and a hiring network to connect job seekers with opportunities and strengthen the skilled trades pipeline. This initiative comes as more Gen Zers are pursuing careers in the trades.",https://www.blackenterprise.com/home-depot-path-to-pro-program-trade-training/,1760562107
HD,"Anti-theft law forces Walmart, Target to hire more workers","A new California law, ""Safe Stores Are Staffed Stores,"" in Long Beach is compelling major retailers like Target and Walmart to increase staffing at self-checkout lanes. While labor unions applaud the move for improving worker safety, retailers and business groups argue it will increase labor costs, leading to higher prices for consumers. This legislation highlights the ongoing tension between reducing labor costs, combating rising theft, and maintaining customer satisfaction in the retail sector.",https://geekspin.co/anti-theft-law-forces-walmart-target-to-hire-more-workers/,1760568858
HD,"US Homebuilder Sentiment Picks Up, But Challenges Remain - Finimize","US homebuilder sentiment rose unexpectedly in October, reaching its highest level since April, driven by a dip in mortgage rates. While this signals a positive shift, challenges like affordability, tight inventory, and elevated construction costs continue to limit the pace of recovery, keeping many potential buyers on the sidelines. The rebound is good for the housing sector, but its sustainability depends on further rate cuts from the Federal Reserve and resolution of supply-side issues.",https://finimize.com/content/us-homebuilder-sentiment-picks-up-but-challenges-remain,1760572601
HD,Why Plug Power Stock Is Surging Again Today,"Plug Power (NASDAQ: PLUG) stock surged 19% in early trading, continuing a strong rally in October, driven by analyst upgrades and an optimistic outlook from its incoming CEO. The future CEO highlighted electrolyzers and material handling businesses as key drivers for sales growth, positioning the company for profitability. Major customers like Amazon, Home Depot, and Walmart, along with a new tax credit for fuel cell projects, are also contributing to investor interest.",https://www.aol.com/finance/why-plug-power-stock-surging-173000885.html,1760583512
HD,"Flooring Market to Reach USD 825.42 Billion by 2032, Growing at a CAGR of 6.2%","The global Flooring Market is projected to reach USD 825.42 billion by 2032, growing at a CAGR of 6.2%, driven by urbanization, infrastructure development, and evolving design trends. Key factors include construction activities, renovation projects, and increasing demand for durable, sustainable, and customizable flooring solutions. The market is also seeing growth through technological advancements, eco-friendly materials, and the incorporation of smart home features.",https://www.openpr.com/news/4226237/flooring-market-to-reach-usd-825-42-billion-by-2032-growing-at,1760587080
HD,High Velocity Fan Rental Market to Witness Robust Expansion by 2025,"The global High Velocity Fan Rental market is projected to reach US$ 517 million by 2031, indicating robust expansion. A new report by LP Information provides an in-depth study of market trends, drivers, and segmented forecasts by type, application, and region. Key players in the market include Sunbelt Rentals, The Home Depot, and Herc Rentals.",https://www.openpr.com/news/4226428/high-velocity-fan-rental-market-to-witness-robust-expansion,1760593422
HD,"U.S. Construction Market Size, Share & Growth, 2033 - Market Data Forecast","The U.S. construction market is projected to grow from USD 2.24 trillion in 2025 to USD 3.27 trillion by 2033, driven by climate-driven infrastructure reinforcement and apprenticeship expansion in skilled trades. Key market restraints include permitting bottlenecks and supply chain fragmentation, while opportunities lie in modular construction and public-private partnerships. The report details market segmentation by construction type, method, investment source, and regional analysis focusing on California, Texas, and Florida.",https://www.marketdataforecast.com/market-reports/United-states-construction-market,1760595847
HD,"The Home Depot, Inc. (NYSE:HD) Given Consensus Rating of “Moderate Buy” by Brokerages","Several brokerages have issued ""outperform"" or ""buy"" ratings for The Home Depot, Inc. (NYSE:HD), raising target prices to between $433.00 and $497.00. Institutional investors have also increased their holdings in the company, which recently announced a quarterly dividend of $2.30 per share.",https://www.defenseworld.net/2025/10/16/the-home-depot-inc-nysehd-given-consensus-rating-of-moderate-buy-by-brokerages.html,1760596106
HD,Home Improvement Stocks To Watch Now – October 14th,"This article identifies seven home improvement stocks to watch, including Home Depot, Lowe's Companies, Masco, Medallion Financial, Jewett-Cameron Trading, and ToughBuilt Industries. It describes each company's business activities within the home improvement sector, noting that these stocks track housing activity, consumer spending, interest rates, and DIY trends. The companies listed are highlighted for their recent high dollar trading volume among home improvement stocks.",https://www.defenseworld.net/2025/10/16/home-improvement-stocks-to-watch-now-october-14th.html,1760598321
HD,"7,514 Shares in Ball Corporation $BALL Acquired by Callan Family Office LLC - MarketBeat","Callan Family Office LLC has acquired 7,514 shares of Ball Corporation (NYSE:BALL) totaling approximately $421,000 during the second quarter. This move is part of several institutional investments in Ball Corporation, which recently reported strong earnings of $0.90 per share, surpassing analyst expectations, and declared a quarterly dividend of $0.20 per share. The article details insider transactions, analyst ratings, and the company's recent stock performance and financial ratios.",https://www.marketbeat.com/instant-alerts/filing-7514-shares-in-ball-corporation-ball-acquired-by-callan-family-office-llc-2025-10-16/,1760599831
HD,Home Depot Giving Away Free $199 Car Aid — Automatically Applied at Checkout,"Home Depot is offering a free $199 Car Aid with qualifying purchases, automatically applied at checkout, to provide customers with a high-quality tool for roadside emergencies and maintenance. This multi-functional device includes a tire inflator, power bank, and emergency light, aiming to enhance vehicle preparedness. The limited-time promotion reflects Home Depot's commitment to practical, cost-saving solutions for automotive needs.",https://calcoasttimes.com/2025/10/16/home-depot-giving-away-free-199-car-aid-automatically-applied-at-checkout/,1760604926
HD,Pre-session smackdown - Queen's Park Observer,"With MPPs set to return to the Legislature, the pre-session sparring has intensified. NDP Leader Marit Stiles criticized Premier Doug Ford's recent ""tough-guy anecdote,"" urging him to focus on rising unemployment instead. The article highlights the political friction before the legislative session resumes.",https://qpobserver.ca/p/pre-session-smackdown,1760611289
HD,"If I Could Own Just 5 Stocks, These Would Be It","This article discusses the author's selection of five high-conviction stocks for a concentrated portfolio, inspired by top investors. The chosen companies are wide-moat businesses with secular tailwinds and strong financials across diverse sectors like consumer, energy, industrial, financial, and railroads, aiming for durable growth and shareholder returns. The author emphasizes that this exercise helps in thoroughly reviewing holdings and watchlists, highlighting quality and conviction for long-term wealth building.",https://seekingalpha.com/article/4830059-if-i-could-own-just-5-stocks-these-would-be-it,1760612400
HD,CMc to acquire concrete supplier Foley Products for $1.84 billion - TradingView,"Commercial Metals Company (CMC) announced it will acquire Foley Products Co, a concrete supplier, for $1.84 billion in cash, as dealmaking in the U.S. building-products sector accelerates. This acquisition is expected to be accretive to CMC's earnings and cash flow, delivering annual run-rate synergies of $25 million to $30 million in EBITDA. The deal reflects a broader trend in the industry driven by the pursuit of scale and localized supply chains amid sustained demand from housing, repair, and non-residential construction.","https://www.tradingview.com/news/reuters.com,2025:newsml_L3N3VX0RB:0-cmc-buys-foley-products-for-1-84-billion-amid-building-products-deal-wave/",1760613436
HD,7 Home Depot Items Smart Seniors Should Stock Up On for Fall - GOBankingRates,"As fall brings cooler temperatures and the holidays approach, smart seniors can find affordable and essential items at Home Depot to enhance home safety and comfort. This article highlights seven specific products, including fire-starting aids, safety devices, and energy-saving solutions, to help seniors prepare their homes for the season without overspending.",https://www.gobankingrates.com/saving-money/shopping/home-depot-items-smart-seniors-should-stock-up-on-for-fall/,1760618622
HD,"Residential Outdoor LED Lighting Market Outlook & Size 2031 | By Key Suppliers Signify N.V. (Netherlands), Eaton Corporation plc (Ireland/US), Acuity Brands, Inc. (US), GE Lighting (US), Ledvance GmbH (Germany)","The Residential Outdoor LED Lighting Market is projected to reach $49.9 billion by 2031, driven by increasing adoption of energy-efficient solutions, urbanization, and government incentives. Key growth segments include wall-mounted, solar-powered, and smart LED fixtures. Trends indicate global market expansion, sustainable practices, digital transformation, and a focus on health and wellness.",https://www.openpr.com/news/4227686/residential-outdoor-led-lighting-market-outlook-size-2031,1760620981
HD,Remodeling to see slow but steady growth into 2026 - LBM Journal,"Annual expenditures for home improvements and maintenance are projected to remain steady through mid-2026, with total homeowner remodeling spending expected to reach a record high of $524 billion in early 2026. This forecast, from Harvard's Joint Center for Housing Studies, is driven by steady remodeling permit activity and single-family home sales, despite headwinds from sluggish housing starts and economic uncertainty. The long-term growth for remodeling could accelerate beyond 2027 if the housing market gains momentum.",https://lbmjournal.com/remodeling-to-see-slow-but-steady-growth-into-2026/?amp=1,1760621643
HD,Police seek suspects who allegedly stole Calgary woman’s credit card - CTV News,"Calgary police are searching for three suspects who allegedly stole a woman's credit card from her porch and subsequently made over $23,500 in fraudulent purchases at Home Depot locations. The victim was alerted to the theft when her bank notified her of charges exceeding the card's limit. Police have released descriptions of the suspects and are asking for public assistance in identifying them.",https://www.ctvnews.ca/calgary/article/police-seek-suspects-who-allegedly-stole-calgary-womans-credit-card/,1760627035
HD,Home Depot hit with class action lawsuit over ‘deceptive’ Blinds.com marketing emails - Class Action Lawsuits,"Home Depot's subsidiary Blinds.com is facing a class action lawsuit alleging deceptive marketing practices. The lawsuit claims Blinds.com sent emails advertising false ""limited time"" discounts on window coverings, when in fact, products were almost always available at a discounted price. This practice allegedly violated Washington state's Commercial Electronic Mail Act (CEMA) and Consumer Protection Act (CPA) by creating a false sense of urgency.",https://topclassactions.com/lawsuit-settlements/lawsuit-news/home-depot-hit-with-class-action-lawsuit-over-deceptive-blinds-com-marketing-emails/,1760630557
HD,Housing Market Sends Signs Of Life—Are Homebuilder Stocks Finally a Buy? - Benzinga,"The U.S. housing market is showing signs of recovery after a period of high mortgage rates, with builder sentiment rising in October due to recent rate cuts. While homebuilder stocks have rebounded, they still lag the broader market, and affordability challenges remain with mortgage rates still above 6%. A sustained rally in housing and homebuilder stocks will likely require further declines in borrowing costs.",https://www.benzinga.com/real-estate/25/10/48256024/homebuilder-stocks-october-2025-housing-market-trends-mortgage-rates-today,1760631462
HD,Eli Lilly and Cipla’s Diabetes Study: A Market Game Changer? - TipRanks,"Eli Lilly and Company, in collaboration with Cipla Ltd., completed a Phase 4 clinical study in India to assess the safety of Lyumjev (insulin lispro-aabc) in adult patients with Type 2 Diabetes Mellitus. The study, which combined insulin lispro-aabc and insulin glargine, could reinforce the companies' positions in the diabetes treatment market, particularly in India. Successful outcomes from this study are expected to boost investor confidence and influence market dynamics.",https://www.tipranks.com/news/company-announcements/eli-lilly-and-ciplas-diabetes-study-a-market-game-changer,1760632545
HD,Eli Lilly’s Latest Study on Obesity Treatment: A Promising Update - TipRanks,"Eli Lilly and Company announced the completion of a Phase 1 clinical study focusing on the safety and tolerability of a drug combination (LY3841136 and Tirzepatide) for overweight and obese participants. This study, which began in March 2024 and was updated in October 2025, could significantly impact Eli Lilly's stock performance and the obesity treatment market. The findings are expected to bolster investor confidence due to the potential of these innovative treatments.",https://www.tipranks.com/news/company-announcements/eli-lillys-latest-study-on-obesity-treatment-a-promising-update,1760632864
HD,I hunted Walmart & Target for Halloween costumes - the cheapest are in your home - The US Sun,"This article provides tips for saving money on Halloween costumes, suggesting that the cheapest options are often found by DIYing from items already at home or by shopping secondhand. Money-savings expert Andrea Woroch shares four main strategies including watching for sales at major retailers like Target and Walmart, checking warehouse stores such as Costco and Sam's Club, and exploring thrift stores or online marketplaces for used costumes. The article emphasizes creative, homemade solutions using everyday wardrobe items to save significantly on Halloween expenses.",https://www.the-sun.com/money/15328069/halloween-costumes-cheapest-already-in-your-closet-homemade-diy/,1760632895
HD,"Dick's Sporting Goods hiring 14,000 workers for 2025 holiday season","Dick's Sporting Goods announced plans to hire approximately 14,000 seasonal workers across its brands for the 2025 holiday season, including Dick's Sporting Goods, Foot Locker, and other locations. The company will host a ""National Signing Day"" on October 22nd to kick off its recruiting efforts and is also opening several new House of Sport locations. Dick's and Foot Locker stores will be closed on Thanksgiving, November 27, 2025.",https://www.11alive.com/article/news/nation-world/dicks-sporting-goods-seasonal-hiring-foot-locker-national-signing-day/507-ce279a25-21d7-4aac-8285-6cafeab0b238,1760633700
HD,Star Gas Partners Announces Quarterly Distribution - TipRanks,"Star Gas Partners (SGU) announced a quarterly distribution of $0.1850 per common unit for the fiscal fourth quarter ending September 30, 2025, payable on November 5, 2025. This distribution highlights the company's commitment to stakeholders as a leading energy distributor. Analysts currently rate SGU stock as a Hold with a $13.00 price target, while TipRanks' AI Analyst, Spark, assigns a Neutral rating due to stable financial performance but challenges in revenue growth.",https://www.tipranks.com/news/company-announcements/star-gas-partners-announces-quarterly-distribution-2,1760633982
HD,"‘Immediately stop using’: Product recall issued for hot water heaters sold in Canada, U.S. - YorkRegion.com","Vesta Tankless Hot Water Heaters are being recalled in Canada and the U.S. due to a carbon monoxide poisoning risk caused by cracking exhaust ducts. Health Canada and the U.S. Consumer Product Safety Commission have reported multiple incidents of cracked ducts, prompting an immediate halt in use and a free repair offer from the company, VESTA. DS. Numerous models and serial numbers are affected by this recall, impacting thousands of units sold between May 2017 and July 2025.",https://www.yorkregion.com/news/canada-recall-water-heaters/article_a5fb3b52-67ee-53da-89a7-818d9a5f62c5.html,1760634600
HD,'Disgusted' Chelsea Handler Boycotting Home Depot Over ICE Raids - okmagazine.com,"Chelsea Handler is initiating a boycott of Home Depot, urging fans to stop shopping there due to the company's alleged use of surveillance technology shared with government agencies like ICE. Handler expressed her disgust with ICE raids and believes Home Depot's ""Flock"" system makes the store an unsafe place for workers and shoppers by potentially facilitating surveillance. Her call to action has sparked a significant debate online, with some applauding her stance and others questioning her claims and past political engagement.",https://okmagazine.com/p/chelsea-handler-digusted-ice-raids-boycott-home-depot-surveilling/,1760638544
HD,'Disgusted' Chelsea Handler Denounces ICE as She Orders Fans to Boycott Home Depot for 'Surveilling' Americans: Watch - NewsBreak: Local News & Alerts,"Chelsea Handler called for a boycott of Home Depot due to its use of a security system called Flock, which she claims shares data with law enforcement like ICE. Handler argued that Home Depot cannot serve communities while allowing federal agents to ""terrorize people on their property"" and urged the company to denounce ICE raids and declare its stores safe spaces. The comedian's stance has divided her followers, with some supporting her activism and others questioning her claims and past political engagement.",https://www.newsbreak.com/ok-magazine-561398/4295905731767-disgusted-chelsea-handler-denounces-ice-as-she-orders-fans-to-boycott-home-depot-for-surveilling-americans-watch,1760642182
HD,Housing Market Sends Signs Of Life—Are Homebuilder Stocks Finally a Buy?,"The U.S. housing market is showing signs of bottoming out after nearly three years of high mortgage rates, with builder sentiment improving and long-dated bond yields pulling back. Despite recent rebounds in homebuilder stocks, the sector still lags the broader market, and significant challenges like affordability and limited housing supply remain. A full recovery may require further declines in borrowing costs and a loosening of financial conditions.",https://www.sahmcapital.com/news/content/housing-market-sends-signs-of-lifeare-homebuilder-stocks-finally-a-buy-2025-10-16,1760642220
HD,Ken Griffin To Wall Street: Forget ChatGPT — Hedge Fund Alpha Doesn't Need AI - inkl,"Ken Griffin, CEO of Citadel, stated at the JPMorgan Robin Hood Investors Conference that while generative AI (GenAI) enhances productivity, it ""falls short"" in finding alpha for hedge funds. He emphasized that Citadel's alpha generation still relies on human intuition and discipline, evidenced by the strong performance of its top holdings without overreliance on AI stocks. Griffin's message to Wall Street is that traditional methods are still superior for generating significant returns compared to AI models.",https://www.inkl.com/news/ken-griffin-to-wall-street-forget-chatgpt-hedge-fund-alpha-doesn-t-need-ai,1760646013
HD,"Future Scope of Home Decor Market Set for Rapid Growth, Demand, - openPR.com","The Home Decor Market is projected for rapid growth, driven by evolving consumer demand and technological advancements. A comprehensive report from Coherent Market Insights Pvt. Ltd details market size, CAGR, key drivers, segmentation, and major players like IKEA, Home Depot, and Wayfair, forecasting trends through 2032. The study provides actionable insights for stakeholders navigating this expanding market.",https://www.openpr.com/news/4228477/future-scope-of-home-decor-market-set-for-rapid-growth-demand,1760679197
HD,Prediction: These Two Stocks Could Surpass Palantir in Market Cap Within Five Years - NAI500,"This article predicts that Advanced Micro Devices (AMD) and Home Depot (HD) could surpass Palantir Technologies (PLTR) in market capitalization within five years. It argues that while Palantir has seen significant growth, sustainable future growth lies in AI hardware and physical infrastructure, benefiting AMD in AI chips and Home Depot in the impending construction and renovation boom. The piece provides an investment thesis comparison highlighting the different strengths, growth drivers, valuations, and risks for each company.",https://nai500.com/blog/2025/10/prediction-these-two-stocks-could-surpass-palantir-in-market-cap-within-five-years/,1760681074
HD,"DIY Home Improvement Market to Reach US$1,400.9 Bn by 2032 Driven by Renovation Demand & Cost Savings - openPR.com","The DIY home improvement market is projected to reach US$1,400.9 billion by 2032, driven by increasing consumer desire for cost-effective renovation solutions, personalized home environments, and the availability of online resources and affordable products. Key growth factors include rising disposable income, sustainability trends, and technological innovations such as smart home integration and AI-assisted tools. North America currently leads the market, with Asia Pacific emerging as the fastest-growing region due to urbanization and digital adoption.",https://www.openpr.com/news/4228699/diy-home-improvement-market-to-reach-us-1-400-9-bn-by-2032-driven,1760683271
HD,Kingfisher names Chief Commercial Director - Torque Expo,"Kingfisher has appointed Debarati Sen as Chief Commercial Officer, with her start date in December 2025. Sen has extensive experience from HMTX Industries and 3M Co. Concurrently, Henri Solère, Kingfisher's Chief Offer and Sourcing Officer, will step down in January 2026 after 12 years of service.",https://www.torque-expo.com/article/kingfisher-names-chief-commercial-director,1760698470
HD,FDIS: Consumer Discretionary Dashboard For October 2025 - Seeking Alpha,"This article provides a top-down analysis of the consumer discretionary sector, highlighting that consumer services are undervalued with strong quality, while autos/components suffer in both value and quality. It also introduces FDIS as an alternative ETF to XLY, noting its broader portfolio and value tilt, and identifies 10 stocks that are cheaper than their peers in October.",https://seekingalpha.com/article/4830589-fdis-consumer-discretionary-dashboard-for-october,1760702400
HD,SKYX Platforms stock initiated at Buy by Litchfield Hills on smart home potential - Investing.com,"Litchfield Hills Research initiated coverage on SKYX Platforms Corp. (NASDAQ:SKYX) with a Buy rating and a $5.00 price target, citing the company's potential to become a smart home standard through its plug-and-play technology. The firm projects significant revenue growth for SKYX, reaching $300 million by 2030, and highlights recent adoption wins and strong Q2 2025 financial results.",https://m.investing.com/news/analyst-ratings/skyx-platforms-stock-initiated-at-buy-by-litchfield-hills-on-smart-home-potential-93CH-4294932?ampMode=1,1760709420
HD,Capital One Shopping pulls even more gift card redemption options - Frequent Miler,"Capital One Shopping has undergone significant changes in its gift card redemption options, with many popular merchants being added, removed, and then some returning. The article highlights the ongoing volatility in available redemption partners, making it challenging for users to rely on specific gift cards. Despite the frequent changes, the author notes that high cashback offers still make Capital One Shopping a worthwhile portal for many.",https://frequentmiler.com/capital-one-shopping-gift-card-redemption-options/,1760712301
HD,SKYX Platforms stock initiated at Buy by Litchfield Hills on smart home potential - Investing.com India,"Litchfield Hills Research initiated coverage on SKYX Platforms Corp. (NASDAQ:SKYX) with a Buy rating and a $5.00 price target, citing the company's potential to become a smart home standard through its plug-and-play ceiling and wall receptacle technology. The firm projects SKYX revenue to reach $90 million in 2025 and $300 million by 2030, with a business model shifting towards high-margin licensing. Recent company news includes exceeding Q2 2025 revenue forecasts, securing new funding, and major project wins.",https://m.in.investing.com/news/analyst-ratings/skyx-platforms-stock-initiated-at-buy-by-litchfield-hills-on-smart-home-potential-93CH-5051132?ampMode=1,1760713588
HD,Jim Cramer on Home Depot: “Worst Acting Stock in the Charitable Trust” - Yahoo,"This article appears to be a cookie consent page for Yahoo. It outlines how Yahoo and its partners use cookies for site functionality, security, measurement, personalized advertising, and content. Users are given options to ""Accept all,"" ""Reject all,"" or ""Manage privacy settings"" regarding their cookie preferences.",https://consent.yahoo.com/v2/collectConsent?sessionId=1_cc-session_c3141109-913d-430e-b80d-415d3a83e551,1760713683
HD,Jim Cramer on Home Depot: “Worst Acting Stock in the Charitable Trust” - Insider Monkey,"Jim Cramer commented on Home Depot's recent stock performance, calling it the ""worst acting stock"" in his Charitable Trust, experiencing a significant decline before a rebound. He attributes its sensitivity to interest rates and a lack of excitement around housing stocks without major rate cuts. Despite the volatility, Cramer believes the stock will eventually go higher.",https://www.insidermonkey.com/blog/jim-cramer-on-home-depot-worst-acting-stock-in-the-charitable-trust-1629013/,1760714018
HD,Poll: The best interior painter in Fairfax County - FFXnow,"FFXnow is conducting a Readers' Choice poll to determine the best interior painter in Fairfax County, with voting open for two weeks until October 31. The article lists several nominees and encourages readers to cast their votes or write in their preferred painter. It also provides an update on recent poll results for the ""Best Hardware Store in Fairfax.""",https://www.ffxnow.com/2025/10/17/poll-the-best-interior-painter-in-fairfax-county/,1760714126
HD,Jim Cramer on Home Depot: “Worst Acting Stock in the Charitable Trust” - Insider Monkey,"Jim Cramer commented on The Home Depot, Inc. (NYSE:HD), calling it the “worst acting stock in the Charitable Trust” due to its recent decline, but noted a rebound on the day of his discussion. He also explained that Home Depot and other interest rate-sensitive cyclicals need stronger signals, like a double rate cut, to significantly appreciate, though he still expects the stock to go higher. The article then pivots to promoting AI stocks with higher upside potential.",https://www.insidermonkey.com/blog/jim-cramer-on-home-depot-worst-acting-stock-in-the-charitable-trust-1629013/?amp=1,1760714343
HD,Form 424B2 MORGAN STANLEY - StreetInsider,"Morgan Stanley Finance LLC is offering Contingent Income Auto-Callable Securities due October 27, 2028, based on the performance of The Home Depot, Inc. common stock. These principal-at-risk securities offer a contingent quarterly coupon at an annual rate of 10.31% if the underlying stock meets certain price conditions, with potential for early redemption, but investors risk losing their entire principal if conditions are not met. The article details the terms, risks, and hypothetical examples of these structured investments.",https://www.streetinsider.com/SEC+Filings/Form+424B2+MORGAN+STANLEY/25470634.html,1760728124
HD,Home Depot Says Ex-Manager Was Overtime-Exempt - Law360,Home Depot has requested an early win in a proposed class action lawsuit brought by a former assistant store manager in California. The company argues that the ex-manager is not entitled to overtime pay because she was an overtime-exempt employee. This legal dispute centers on the classification of the manager's role regarding eligibility for overtime compensation.,https://www.law360.com/employment-authority/articles/2400943,1760733900
HD,More shoppers returning to stores as holiday season approaches,"As the holiday season approaches, more shoppers are choosing in-person shopping over online, primarily for the experience and convenience of trying items and avoiding returns. Local retailers like Oceanne are noticing this trend and preparing for a busy season by ensuring adequate staffing. While online shopping remains convenient for some, the demand for personal connection and tangible experiences drives the return to physical stores.",https://www.newsbreak.com/news-5-cleveland-wews-563665/4298498793783-more-shoppers-returning-to-stores-as-holiday-season-approaches,1760749679
HD,Costco to shut down all 635 locations for 24 hours in weeks before shoppers flood in to score major deals - The US Sun,"Costco will close all 635 of its locations for 24 hours on Thanksgiving Day as well as Christmas Day and New Year's Day, allowing employees to celebrate with their families. Many other major retailers are also following suit by closing for Thanksgiving. Shoppers should plan their holiday purchasing accordingly, especially before Black Friday sales begin.",https://www.the-sun.com/money/15365587/costco-shut-down-635-locations-thanksgiving/,1760789905
HD,"Walmart to close all 4,606 stores for total of 48 hours in coming weeks - The US Sun","Walmart will close all 4,606 of its stores on Thanksgiving Day and Christmas Day to allow employees to spend time with their families. Stores are expected to reopen at 6 am the day after each holiday. This closure trend is being followed by several other big-box retailers like Target, Kohl's, and Lowe's.",https://www.the-sun.com/money/15365890/walmart-shuts-stores-for-thanksgiving-christmas/,1760794170
HD,SKYX Platforms stock initiated at Buy by Litchfield Hills on smart home potential By Investing.com - Investing.com Australia,"Litchfield Hills Research initiated coverage on SKYX Platforms Corp. with a Buy rating and a $5.00 price target, citing the company's potential to become the smart home standard with its plug-and-play technology. The research firm projects significant revenue growth for SKYX, expecting it to reach $90 million in 2025 and $300 million by 2030, transitioning to a high-margin licensing model. Recent company developments include positive Q2 2025 earnings, new funding, and major project wins with Marriott, Home Depot, and a smart city development.",https://m.au.investing.com/news/analyst-ratings/skyx-platforms-stock-initiated-at-buy-by-litchfield-hills-on-smart-home-potential-93CH-4067681?ampMode=1,1760801069
HD,"High-tech Halloween decor: Huge animatronics, spooky projectors, and more - Mashable","This article showcases the best high-tech Halloween decorations for 2025, ranging from towering animatronics and unique inflatables to advanced projectors and smart lighting. It highlights popular items like the Home Depot Skelly and offers alternatives, along with other innovative decorations for both yards and smaller spaces. The piece emphasizes how modern technology allows for more immersive and ""over-the-top"" Halloween displays.",https://mashable.com/article/best-high-tech-halloween-decorations,1760804933
HD,"Rep. Kevin Hern Sells The Home Depot, Inc. (NYSE:HD) Stock - Defense World","Representative Kevin Hern (R-Oklahoma) sold between $15,001 and $50,000 worth of Home Depot stock on September 26th, disclosed on October 16th. This transaction was part of several recent stock sales by Rep. Hern, including shares of Masimo, Accenture, and Microsoft. The article also covers Home Depot's recent dividend announcement, insider transactions by CEO Edward P. Decker, institutional investor activity, and analyst ratings.",https://www.defenseworld.net/2025/10/18/rep-kevin-hern-sells-the-home-depot-inc-nysehd-stock.html,1760805627
HD,Rep. Kevin Hern Sells Off Shares of Masimo Corporation (NASDAQ:MASI) - Defense World,"Representative Kevin Hern (R-Oklahoma) recently sold shares of Masimo Corporation (NASDAQ:MASI) valued between $15,001 and $50,000 on September 26th, through his ""HERN FAMILY FOUNDATION"" account. This transaction was part of a series of stock sales by Rep. Hern, including shares of Home Depot, Accenture, and Microsoft. The article also details institutional investor activity in Masimo stock and an insider purchase by Director William R. Jellison.",https://www.defenseworld.net/2025/10/18/rep-kevin-hern-sells-off-shares-of-masimo-corporation-nasdaqmasi.html,1760805774
HD,"Golden Entertainment announces $10,000 Home Depot gift card giveaway at Pahrump Nugget - KSNV","Golden Entertainment, Inc. announced a $10,000 Home Depot gift card giveaway at the Pahrump Nugget. The article includes several images showcasing the Pahrump Nugget's exterior and dining areas, such as the Golden Harvest Cafe and Stockman's Steakhouse.",https://news3lv.com/news/local/gallery/golden-entertainment-announces-10000-home-depot-gift-card-giveaway-at-pahrump-nugget?photo=1,1760820166
HD,Halloween spending expected to top $13 billion for first time - The Arkansas Democrat-Gazette,"Halloween spending is projected to reach a record $13.1 billion in 2025, surpassing previous records despite consumer concerns over tariffs and higher prices. This growth is driven by strong sales in candy, costumes, and especially home decorations and animatronics, with home improvement stores like Home Depot and Lowe's expanding their offerings and starting seasonal sales earlier to meet increasing demand. These retailers are successfully carving out a niche in the Halloween market by offering elaborate outdoor decor and leveraging social media.",https://www.arkansasonline.com/news/2025/oct/18/halloween-spending-expected-to-top-13-billion-for/?latest,1760846220
HD,"Positive week for The Home Depot, Inc. (NYSE:HD) institutional investors who lost 3.3% over the past year - Yahoo Finance","Institutional investors, holding 73% of The Home Depot, Inc. (NYSE:HD), saw a positive week with a US$16 billion market cap gain, despite a 3.3% loss over the past year. The Vanguard Group, Inc. is the largest shareholder with 9.8%, and the top 25 shareholders collectively hold less than half of the company. Insiders own less than 1% of the company, with board members holding US$222 million worth of shares, while the general public owns a 27% stake.",https://finance.yahoo.com/news/positive-week-home-depot-inc-140026427.html,1760882426
HD,"Modest recovery in home improvement demand favors Home Depot, Lowe’s: UBS","A recent UBS survey indicates a cautious but steady recovery in U.S. home improvement demand, benefiting industry leaders Home Depot (HD) and Lowe's (LOW). While Home Depot remains the top choice, Amazon (AMZN) is gaining market share for smaller DIY products. Homeowners' increased financial flexibility, including rising HELOC balances, is expected to boost larger project activities.",https://seekingalpha.com/news/4505458-modest-recovery-in-home-improvement-demand-favors-home-depot-lowe-s-ubs,1760892019
HD,Ethan Allen Interiors Reports Fiscal Results for Full Year & Fourth Quarter,"Ethan Allen Interiors reported its fiscal year and fourth quarter 2025 results, highlighting strong gross margin and operating cash flow despite a challenging economic environment. The company's chairman, president, and CEO, Farooq Kathwari, emphasized the strength of their vertically integrated enterprise, retail segment written order growth, and continued return of capital to shareholders through dividends. Ethan Allen also announced being named America's #1 Premium Furniture Retailer by Newsweek for the third consecutive year and outlined plans for new design centers in fiscal 2026.",https://hfbusiness.com/hfbnow/ArticleId/27343/ethan-allen-interiors-reports-fiscal-results-for-full-year-fourth-quarter,1760905512
HD,"The Zacks Analyst Blog Highlights Amazon.com, Home Depot, Cisco, United Homes and The Eastern Company","This Zacks Analyst Blog highlights research reports on major stocks including Amazon.com, Home Depot, and Cisco Systems, alongside micro-cap companies United Homes Group and The Eastern Company. It details the financial performance, market positions, and future outlook for each company, considering factors like industry trends, acquisitions, and macroeconomic conditions. The report also encourages investors to access Zacks' top stock-picking strategies.",https://finance.yahoo.com/news/zacks-analyst-blog-highlights-amazon-093700878.html,1760990116
HD,AMZY vs. SCHD: Explosive Monthly Cash or Dividend Growth Machine?,"This article compares two ETFs, the YieldMax AMZN Option Income Strategy ETF (AMZY) and the Schwab U.S. Dividend Equity ETF (SCHD), highlighting their different approaches to passive income. AMZY offers a high yield and monthly distributions through Amazon stock options, while SCHD provides broad diversification and quarterly dividends from established dividend-growing companies. The author suggests a balanced approach of owning both to maximize income and maintain stability.",https://247wallst.com/investing/2025/06/29/amzy-vs-schd-explosive-monthly-cash-or-dividend-growth-machine/,1760992159
HD,Home Improvement Stocks To Watch Now – October 19th,"This article highlights seven home improvement stocks identified by MarketBeat's stock screener tool for investors to watch as of October 19th. The selected companies, including Home Depot and Lowe's, had the highest dollar trading volume among home improvement stocks recently. The article provides a brief overview of each company's operations and relevance in the home improvement sector.",https://www.defenseworld.net/2025/10/21/home-improvement-stocks-to-watch-now-october-19th.html,1761004800
HD,Can The Home Depot Inc. stock outperform in 2025 bull market - 2025 AllTime Highs & Verified Stock Trade Ideas,"The provided article content indicates a server error, specifically a ""404 - File or directory not found"" message. This suggests that the requested resource, which was titled ""Can The Home Depot Inc. stock outperform in 2025 bull market,"" is currently unavailable or has been moved.",https://www.nchmf.gov.vn/video/Can-The-Home-Depot-Inc.-stock-outperform-in-2025-bull-market,1761006689
HD,4 ETFs to Trade the Consumer Discretionary and Staples Sector,"This article discusses how investors can use consumer discretionary and consumer staples ETFs for stability or to trade market volatility, particularly with Direxion's leveraged and inverse ETFs. It explains the impact of recent GICS® sector changes, highlighting the differing exposures of consumer discretionary (growth-oriented, includes Amazon and Home Depot) and consumer staples (value-oriented, includes Procter & Gamble and Coca-Cola) sectors. The article specifically mentions Direxion's WANT, PASS, NEED, and LACK ETFs for taking leveraged positions in these sectors.",https://www.etftrends.com/leveraged-inverse-channel/4-etfs-to-trade-the-consumer-discretionary-and-staples-sector/,1761105728
HD,West Fraser Timber reports third-quarter net loss of US$204 million,"West Fraser Timber Co. Ltd. reported a third-quarter net loss of US$204 million, or US$2.63 per diluted share, as the forestry sector continues to face challenges from what its chief executive termed an ""extended cycle trough."" The company's adjusted earnings before interest, taxes, depreciation, and amortization (EBITDA) amounted to a loss of US$144 million. Despite the tough quarter, the company highlighted nearly US$1.6 billion in available liquidity and efforts to streamline its asset portfolio by closing mills and selling pulp operations.",https://financialpost.com/commodities/west-fraser-timber-third-quarter-net-loss-204-million,1761199009
HD,The Home Depot Announces Withdrawal and Refiling of Premerger Notification and Report Form under the HSR Act and Extension of Tender Offer to Acquire GMS Inc.,"The Home Depot announced the withdrawal and refiling of its Premerger Notification and Report Form under the HSR Act for its acquisition of GMS Inc. This action provides additional time for regulatory review, with the new waiting period expiring on August 22, 2025. Consequently, the tender offer to acquire GMS Inc. shares at $110.00 per share has been extended until August 22, 2025.",https://ir.homedepot.com/news-releases/2025/08-07-2025-211600793,1761210087
HD,Can SRS and GMS Cement Home Depot's Hold on the Pro Market?,"Home Depot's strategy to strengthen its hold on the Pro market relies heavily on acquisitions such as SRS Distribution and GMS. These moves aim to enhance its relationships with professional contractors, expand its product range, and build a comprehensive Pro distribution ecosystem. The article also compares Home Depot's strategy with competitors like Lowe's and Floor & Decor, and analyzes HD's price performance, valuation, and earnings estimates.",https://www.nasdaq.com/articles/can-srs-and-gms-cement-home-depots-hold-pro-market,1761285700
HD,"The Home Depot's 12-foot skeleton is on sale for the first time ever, but there's a catch","The Home Depot's popular 12-foot skeleton, ""Skelly,"" is on sale for the first time ever, priced at $149.98, a 50% discount from its original $299. The significant catch for buyers is that it's only available for in-store purchase and cannot be delivered or reserved for pickup, requiring customers to physically locate it in stock at a nearby store. Other oversized Halloween decorations are also on sale, with some available for delivery, if ""Skelly"" proves too elusive.",https://mashable.com/article/oct-24-home-depot-12-foot-skeleton-deal,1761319893
HD,Top 6 End-of-Year Shopping Hacks To Try at Home Depot To Save Money,"This article provides six shopping hacks to save money at Home Depot towards the end of the year. These tips include utilizing price protection, capitalizing on daily online-only deals, timing purchases for post-holiday clearance, stacking discounts, strategically using 0% financing for big buys, and avoiding common pitfalls that negate savings. The goal is to help shoppers maximize their budget for fall projects and holiday preparations.",https://www.gobankingrates.com/saving-money/shopping/top-end-of-year-shopping-hacks-home-depot-save-money/,1761395532
HD,Homeowners warned to clear chimney buildup with $14 Home Depot fix before November 1,"Homeowners are advised to clear chimney buildup before winter to ensure safety and efficiency, with Home Depot offering an affordable $14.16 Rutland Soot Sweep Soot Destroyer for this purpose. This product helps control and prevent soot formation in fireplaces, wood/coal stoves, and boilers, and should be used regularly alongside professional cleanings. Additionally, Home Depot offers a $14.57 Radiant Barrier Aluminum Foil Reflective Double Bubble Insulation Roll to help keep homes warm and reduce heating costs.",https://www.the-sun.com/money/15384332/home-depot-soot-remover-chimney-buildup/,1761435109
HD,Shoppers are scooping up a $5 Home Depot ‘window kit’ to keep the draft out and heat off,"Home Depot shoppers are buying a $5 window insulation kit to combat drafts and potentially save on energy bills this winter. The Frost King Indoor Window Insulation Kit is praised for instantly improving window insulation and preventing heat loss. Walmart also offers a similar product, the Duck Brand Black Foam Weatherstrip Seal, for under $4.",https://www.the-sun.com/money/15389823/home-depot-window-insulation-kit-keep-drafts-out/,1761521501
HD,"Scotts Miracle-Gro: Undervalued by 36%, This High-Yield Stock Is a Buy","Scotts Miracle-Gro, despite facing past challenges, is considered a buy due to its significant undervaluation, expected profit growth in 2025 and 2026, and long-term volume growth tied to US housing. The company, with a narrow economic moat based on strong brand intangible assets, is projected to benefit from improving margins and increasing demand in its consumer segment and potentially from cannabis legalization in its Hawthorne segment. However, risks include customer concentration, weather dependency, and regulatory uncertainties surrounding cannabis.",https://www.morningstar.com/stocks/undervalued-by-36-this-high-yield-stock-is-buy,1761526930
HD,Home Depot: Home Improvements 'Winter' Lingers On (NYSE:HD),"Home Depot's stock has underperformed, trading below its 2021 peak with modest revenue growth projections of just 3%-4%. Recent Q2 results showed limited excitement, and the author suggests the company's valuation of 26x forward earnings is too high given its growth prospects, leading to a 'Hold' rating.",https://seekingalpha.com/article/4833513-home-depot-home-improvements-winter-lingers-on,1761534102
HD,"Wealthfront Advisers LLC Sells 905 Shares of The Home Depot, Inc. $HD","Wealthfront Advisers LLC reduced its stake in The Home Depot, Inc. by 0.8%, selling 905 shares and now owning 108,811 shares valued at $39.89 million. Other institutional investors also adjusted their holdings. The stock saw a 0.5% increase, and analysts maintain a ""Moderate Buy"" rating with an average target price of $435.42.",https://www.marketbeat.com/instant-alerts/filing-wealthfront-advisers-llc-sells-905-shares-of-the-home-depot-inc-hd-2025-10-26/,1761618694
HD,"The Home Depot, Inc. $HD Shares Bought by Oppenheimer Asset Management Inc.","Oppenheimer Asset Management Inc. increased its stake in The Home Depot, Inc. (HD) by 0.8% in Q2, bringing its total holdings to 99,931 shares valued at $36.64 million. Despite missing analysts' consensus for both revenue and EPS in its latest quarterly report, Home Depot announced a $2.30 quarterly dividend. Analysts maintain generally positive ratings on HD, with several firms raising their price targets.",https://www.marketbeat.com/instant-alerts/filing-the-home-depot-inc-hd-shares-bought-by-oppenheimer-asset-management-inc-2025-10-26/,1761618694
HD,Home Decor Under $100 Retirees Won’t Want To Miss This Fall From Home Depot,"This article highlights several home decor items available at Home Depot for under $100, specifically curated for retirees looking to spruce up their homes this fall. It covers a range of products from indoor/outdoor rugs and 'bed in a bag' sets to wall decals, artificial plants, and shoe benches, providing pricing and key features for each. The selection aims to offer stylish and budget-friendly options for decorating.",https://www.gobankingrates.com/saving-money/shopping/home-depot-home-decor-under-100-dollars-retirees-need-this-fall/,1761618694
HD,"Envestnet Asset Management Inc. Acquires 27,833 Shares of The Home Depot, Inc. $HD","Envestnet Asset Management Inc. increased its stake in Home Depot by 1.1%, acquiring an additional 27,833 shares to reach a total of 2,605,695 shares valued at approximately $955 million. Home Depot announced a $2.30 quarterly dividend, yielding 2.4% annually, and has a payout ratio of 62.50%. Analysts maintain a ""Moderate Buy"" consensus rating with a price target of $435.42.",https://www.marketbeat.com/instant-alerts/filing-envestnet-asset-management-inc-acquires-27833-shares-of-the-home-depot-inc-hd-2025-10-26/,1761629523
HD,"GWN Securities Inc. Lowers Stake in The Home Depot, Inc. $HD","GWN Securities Inc. significantly reduced its stake in The Home Depot, Inc. by 85.5% in the second quarter of 2025. Other institutional investors made various adjustments to their holdings, while analysts reaffirmed positive ratings for the company. Home Depot also announced a quarterly dividend of $2.30 per share despite slightly missing earnings estimates.",https://www.marketbeat.com/instant-alerts/filing-gwn-securities-inc-lowers-stake-in-the-home-depot-inc-hd-2025-10-28/,1761647491
HD,"The Home Depot, Inc. $HD Shares Purchased by Fjarde AP Fonden Fourth Swedish National Pension Fund","Fjarde AP Fonden Fourth Swedish National Pension Fund increased its holdings in The Home Depot, Inc. by 17.0% in Q2, bringing its total to 157,758 shares valued at approximately $57.84 million. Home Depot reported Q2 EPS of $4.68, slightly below estimates, and revenue of $45.28 billion, a 4.9% year-over-year increase. The company also announced a quarterly dividend of $2.30 per share, resulting in a 2.4% yield.",https://www.marketbeat.com/instant-alerts/filing-the-home-depot-inc-hd-shares-purchased-by-fjarde-ap-fonden-fourth-swedish-national-pension-fund-2025-10-28/,1761647491
HD,"AlphaQuest LLC Purchases 5,915 Shares of O'Reilly Automotive, Inc. $ORLY","AlphaQuest LLC significantly increased its stake in O'Reilly Automotive by 702.5% during the second quarter, acquiring an additional 5,915 shares, bringing their total holdings to approximately $609,000. O'Reilly Automotive also reported strong Q3 earnings, beating analyst estimates with $0.85 EPS and $4.71 billion in revenue, showing a 7.8% year-over-year increase. Analysts maintain optimistic outlooks for the company, with numerous upgrades and an average target price of $112.28.",https://www.marketbeat.com/instant-alerts/filing-alphaquest-llc-purchases-5915-shares-of-oreilly-automotive-inc-orly-2025-10-28/,1761658319
HD,"Lowe's Companies, Inc. (LOWC34.SA) stock price, news, quote and history","This article provides a detailed financial overview of Lowe's Companies, Inc. (LOWC34.SA), including its current stock price, historical performance data, and key financial metrics. It also offers an overview of the company's operations as a home improvement retailer and its recent news and earnings trends.",https://sg.finance.yahoo.com/quote/LOWC34.SA/community/,1761670490
HD,5 Things Boomers Must Buy at Home Depot Before Halloween 2025,"This article highlights five practical and festive items baby boomers should consider purchasing at Home Depot before Halloween 2025. The recommendations range from seasonal decor to home security and outdoor living upgrades, offering products that cater to comfort, convenience, and preparation for colder weather. The piece emphasizes budget-friendly options and suggests items that can enhance both holiday festivities and everyday living for boomers.",https://www.gobankingrates.com/saving-money/holiday/things-boomers-must-buy-home-depot-before-halloween-2025/,1761674503
HD,"Home builders are struggling, and it’s not just because new houses aren’t affordable","Home builders are struggling despite lower prices, mortgage rates, and higher incentives, with D.R. Horton reporting a 3% drop in average closing prices. The primary reason for this downturn is not just affordability, but also buyers' concerns about the economy and job market. This reluctance is hindering sales in the new home construction sector.",https://www.marketwatch.com/story/home-builders-are-struggling-and-its-not-just-because-new-houses-arent-affordable-5bec96e3?gaa_at=eafs&gaa_n=AWEtsqcmau2xYgy9mfVyX40T-YFW9iTw3SW-tRBBprKuYq_Ysrwdh-dfQNHh&gaa_ts=69083b6c&gaa_sig=5atxhESJedaMvLDiRI6V_qE-2I3uOCUF2YZ9_24Ueo8hbF6nHjUcGrm9bP3DgqpTNpijvTxChciOv2Ruz1vQVQ%3D%3D,1761679320
HD,La Vergne's Home Depot distribution facility will shutter come 2026: What to know,"Home Depot's subsidiary HD Supply plans to close its Middle Tennessee distribution facility in La Vergne by January 9, 2026. This closure adds to recent significant business shutdowns in the area, following a Worker Adjustment and Retraining Notification (WARN) filed with the state.",https://www.tennessean.com/story/money/2025/10/28/home-depot-tennessee-closing-cutting-100-jobs/86945755007/,1761681698
HD,Golden Road Advisors LLC Purchases New Shares in Walmart Inc. $WMT,"Golden Road Advisors LLC has acquired a new stake in Walmart Inc. (NYSE:WMT) during the second quarter, purchasing 4,850 shares valued at approximately $474,000. This makes Walmart the firm's 27th largest position. Other institutional investors like Vanguard Group Inc., Kingstone Capital Partners Texas LLC, Goldman Sachs Group Inc., Ameriprise Financial Inc., and Invesco Ltd. also increased their holdings in Walmart.",https://www.marketbeat.com/instant-alerts/filing-golden-road-advisors-llc-purchases-new-shares-in-walmart-inc-wmt-2025-10-29/,1761735728
HD,Lowe's Braces For $3 Billion Tariff Hit,"Lowe's is anticipating a $3 billion impact from US tariffs, causing the company to reassess its financial outlook for 2025 and suspend stock buybacks. This decision comes as the retail giant faces increased import costs on 40% of its goods and a 1.7% decrease in fiscal Q1 sales. The company has reallocated funds towards a $1.33 billion acquisition of Artisan Design Group, reflecting a cautious but strategic shift.",https://finimize.com/content/lowes-braces-for-3-billion-tariff-hit,1761840095
HD,"Home Depot, Lowe’s both grow online sales to end 2024","Home Depot and Lowe's both reported growth in online sales for their fiscal Q4, despite a general slowdown in home improvement spending. Home Depot's online sales increased by 9% and total sales grew, while Lowe's saw a 9.5% increase in online sales but flat overall sales. Both companies are implementing strategies such as loyalty programs, AI tools, and improved fulfillment options to boost their digital commerce.",https://www.digitalcommerce360.com/article/home-depot-lowes-online-sales/,1761840095
HD,"Home Depot's Tech Edge: Faster Fulfillment, Stronger Loyalty","The Home Depot is leveraging technology, including machine learning and digital tools, to enhance operational efficiency, accelerate fulfillment, and strengthen customer loyalty across its consumer and professional segments. The company's investments have resulted in faster delivery speeds, increased spending from rapid delivery users, and improved in-store services, outpacing competitors like Lowe's and Floor & Decor in some key metrics. Home Depot is also expanding its B2B offerings and logistics network to create a powerful digital-first ecosystem.",https://www.tradingview.com/news/zacks:97ee55e0b094b:0-home-depot-s-tech-edge-faster-fulfillment-stronger-loyalty/,1761849088
HD,"Lathrop Investment Management Co. Trims Stake in The Home Depot, Inc. $HD","Lathrop Investment Management Co. reduced its stake in The Home Depot by 2.8% in the second quarter, now holding 37,035 shares valued at approximately $13.58 million. While Lathrop trimmed its position, several other institutional investors, including Vanguard Group Inc., Charles Schwab Investment Management Inc., and Price T Rowe Associates Inc. MD, increased their holdings in the home improvement retailer. Home Depot recently missed analysts' consensus earnings estimates for the last quarter, reporting $4.68 EPS against an expectation of $4.69, and announced a quarterly dividend of $2.30.",https://www.marketbeat.com/instant-alerts/filing-lathrop-investment-management-co-trims-stake-in-the-home-depot-inc-hd-2025-10-29/,1761870687
HD,"L.M. Kohn & Company Trims Stock Position in The Home Depot, Inc. $HD","L.M. Kohn & Company significantly reduced its stake in The Home Depot, Inc. by 21.5% in the second quarter, now holding 8,188 shares valued at $3 million. This comes as several analysts have raised their price targets for Home Depot, and the company announced a quarterly dividend of $2.30 per share. Institutional investors maintain a strong presence, owning over 70% of the stock, while an executive recently sold a portion of their holdings.",https://www.marketbeat.com/instant-alerts/filing-lm-kohn-company-trims-stock-position-in-the-home-depot-inc-hd-2025-10-29/,1761877881
HD,The Home Depot Announces 2025 Innovation Award Winners,"The Home Depot announced the winners of its 2025 Innovation Awards, recognizing products that enhance home improvement for both DIYers and Pros. The awards highlight groundbreaking innovations in categories such as lighting, concrete anchors, smart home technology, and various tools and appliances. Additionally, The Home Depot recognized key environmental, interconnected, and marketing innovation partners, as well as top suppliers across merchandising categories.",https://ir.homedepot.com/news-releases/2025/10-29-2025-120040031,1761886894
HD,"Daymark Wealth Partners LLC Raises Stake in The Home Depot, Inc. $HD","Daymark Wealth Partners LLC increased its stake in The Home Depot, Inc. by 2.8% during the second quarter, now holding 72,508 shares valued at $26.58 million. Home Depot reported quarterly earnings of $4.68 per share, slightly missing estimates, and announced a $2.30 quarterly dividend, yielding 2.4%.",https://www.marketbeat.com/instant-alerts/filing-daymark-wealth-partners-llc-raises-stake-in-the-home-depot-inc-hd-2025-10-29/,1761888683
HD,"Home Depot's Tech Edge: Faster Fulfillment, Stronger Loyalty","Home Depot is leveraging advanced technology, including machine learning and digital tools, to enhance operational efficiency, speed up fulfillment, and improve customer loyalty. These tech investments are resulting in faster delivery times, increased in-store efficiency, and better service for professional customers. Competitors like Lowe's and Floor & Decor are also adopting similar tech-driven strategies to improve their services and customer engagement.",https://www.nasdaq.com/articles/home-depots-tech-edge-faster-fulfillment-stronger-loyalty,1761890492
HD,Report: Flooring Scandal Hits Home Depot,"Four merchandising managers at The Home Depot Inc. were fired for allegedly accepting up to $1 million in kickbacks to supply stores with flooring products from certain foreign vendors. Home Depot stated that the matter does not materially affect its financial conditions, but underscored its commitment to ethical standards and is cooperating with authorities in an ongoing investigation. The products involved tile and other flooring from Asian vendors.",https://www.floordaily.net/flooring-news/report-flooring-scandal-hits-home-depot-,1761920924
HD,The Home Depot Acquires GMS: What It Means for Contractors and the Future of Distribution,"The Home Depot's recent $5.5 billion acquisition of GMS through its partnership with SRS Distribution is expected to significantly impact the construction distribution industry. This deal aims to accelerate growth and innovation, particularly through expanded AI capabilities, while preserving GMS and SRS's individual brand identities and customer-first approaches. Both companies anticipate increased career opportunities for employees and enhanced services for contractors.",https://www.roofingcontractor.com/articles/101506-the-home-depot-acquires-gms-what-it-means-for-contractors-and-the-future-of-distribution,1761926039
HD,Home Depot Customer Drops Suit Over Self-Checkout Facial Scan,"A man who filed a class action lawsuit against Home Depot Inc. for allegedly collecting facial scans at self-checkout kiosks without permission has voluntarily dropped the suit. Benjamin Jankowski had accused the retailer of violating an Illinois privacy law. The reason for the dismissal was not immediately clear, and neither party commented on the decision.",https://news.bloomberglaw.com/us-law-week/home-depot-customer-drops-suit-over-self-checkout-facial-scan,1761949881
HD,The Home Depot and The Home Depot Foundation commit $1 million to Hurricane Melissa relief efforts,"The Home Depot and The Home Depot Foundation have pledged $1 million to support communities impacted by Hurricane Melissa. This commitment includes cash, product donations, and logistical support to assist response and recovery efforts. The funds will be distributed to various non-profit partners working on the ground to provide immediate aid and long-term rebuilding.",https://www.fox44news.com/business/press-releases/cision/20251031CL12982/the-home-depot-and-the-home-depot-foundation-commit-1-million-to-hurricane-melissa-relief-efforts,1761951684
HD,Housing Stocks Rally Despite Weak Jobs Report,"Despite a weak jobs report and fears of an economic slowdown, housing-related stocks rallied. This counter-intuitive market movement is attributed to an accelerating wage growth in July, which suggests that people with jobs are earning more, potentially benefiting the housing market. Companies like Sherwin-Williams, Home Depot, and Lowe's, along with housing-focused ETFs, saw significant gains.",https://www.barrons.com/livecoverage/stock-market-news-today-080125/card/housing-stocks-rally-despite-weak-jobs-report-gBxMTtG8wqK9uPM8Egcx?gaa_at=eafs&gaa_n=AWEtsqfGYzFMRz0ZqGWdDdrgCtrsZyI1qCSxFdfH-s6eEiIKc1FlVcERlamI&gaa_ts=69056827&gaa_sig=Au9k9zNv0vN-6tm6OoFH1Vd7Ya5XY19wgkJZi7-Fm_So7QXGVV33OLexzvFfFttFPB6txypteSpJmUEkVt70rA%3D%3D,1761961156
HD,"Activists, lawmakers call on Home Depot to bar federal agents from entering its stores","Activists and elected officials protested outside a Home Depot in Chicago, demanding the company bar federal immigration agents from its stores and protect immigrants and day laborers. They ask Home Depot to refuse entry to federal agents, establish a clear policy on immigration, support families affected by raids, and release security footage. U.S. Rep. Delia Ramirez and Ald. Jessie Fuentes questioned Home Depot's claim that it cannot stop federal agents, suggesting a potential boycott if policies are not changed.",https://chicago.suntimes.com/immigration/2025/11/01/home-depot-immigration-chicago-protest,1762020089
HD,AMERICAN WOODMARK CORP SEC 10-K Report,"American Woodmark Corporation released its Form 10-K report for fiscal year 2025, detailing a decrease in net sales and net income due to lower volumes and rising costs. The company outlined its GDP strategy for growth, digital transformation, and platform design, while also acknowledging challenges like customer dependence and market cyclicality. Despite a tough year, American Woodmark plans investments in digital transformation and automation, with an anticipated recovery in the second half of fiscal year 2026.",https://www.tradingview.com/news/tradingview:c45a3d0d46a6b:0-american-woodmark-corp-sec-10-k-report/,1762083637
HD,Home Depot And Lowe’s Eye Stability As Home Upgrades Regain Traction,"Home Depot and Lowe's are anticipated to report stable sales in their upcoming second-quarter earnings, as demand for home upgrades shows signs of renewal. Analysts at UBS Securities expect flat to slightly positive comparable sales growth for both companies, suggesting consumer resilience and potential for meaningful earnings gains if the US housing market strengthens. This stability could signal broader economic recovery and renewed consumer spending.",https://finimize.com/content/home-depot-and-lowes-eye-stability-as-home-upgrades-regain-traction,1762084580
HD,Home Depot And Lowe’s Dig In As DIY Spending Drops,"Home Depot and Lowe's are facing a challenging retail environment as DIY spending drops due to a sluggish housing market and high interest rates. These big-box retailers are compensating by focusing on professional contractors and leveraging their strong supply chains and brand power. Despite a general slowdown in home improvement, analysts anticipate modest revenue growth for both companies, primarily driven by professional demand.",https://finimize.com/content/home-depot-and-lowes-dig-in-as-diy-spending-drops,1762084580
HD,Home Depot acquires building material distributor GMS in $5.5 billion deal,"Home Depot has completed its acquisition of building material distributor GMS Inc. in a $5.5 billion deal, further advancing its strategy to attract more professional contractors. This acquisition, performed through Home Depot's subsidiary SRS Distribution Inc., aims to expand fulfillment and service options for Pros. GMS, known for distributing specialty building products, will now operate as a direct subsidiary of SRS and an indirect, wholly owned subsidiary of Home Depot.",https://www.usatoday.com/story/money/2025/09/06/home-depot-acquires-gms/86014040007/,1762084590
HD,Exclusive | Home Depot Bid Kicks Off Battle for $5 Billion Building-Products Company,"Home Depot has made a bid for GMS, a building-products distributor, potentially initiating a bidding war. This offer places Home Depot in competition with serial dealmaker Brad Jacobs, who previously submitted an unsolicited offer for the $5 billion company. The exact financial terms of Home Depot's private offer for GMS have not been disclosed.",https://www.wsj.com/business/deals/home-depot-bid-kicks-off-a-battle-for-5-billion-building-products-company-05cf2060?gaa_at=eafs&gaa_n=AWEtsqf5YHT6bpiEqnFx5zBmqKG-2-r1kRKNtoM7B8FsylknGAE471N2Rkuz&gaa_ts=69074a16&gaa_sig=h88Ug0L0wo-RQM3_Sj9ptEIv9_SBriuPi6XEgHDrtaNVeSmqoBnIgqOQl889V-LKJdMuU8fr9EU8u4g2lCi-GA%3D%3D,1762084590
HD,Home Depot says it doesn’t expect to boost prices because of tariffs,"Home Depot announced it does not anticipate raising prices due to tariffs, citing years of diversifying its product sourcing. The company's executive vice president of merchandising stated that no single country outside the U.S. will account for more than 10% of purchases within a year. Despite warnings from other retailers like Walmart and Subaru about tariff-driven price hikes, Home Depot expects no broad-based price increases for its customers.",https://apnews.com/article/home-depot-mortgage-inflation-47e51f7c5c18a5e5a7f407fd25269430,1762084591
HD,Home Depot Wins Bidding War to Buy GMS for $4.3 Billion,"Home Depot has successfully won a bidding war against QXO to acquire building-products distributor GMS for approximately $4.3 billion. The transaction involves Home Depot purchasing all outstanding shares of GMS common stock at $110 per share, valuing the deal at about $5.5 billion including debt. This acquisition marks a significant expansion for the home-improvement giant into the building-products distribution sector.",https://www.wsj.com/business/deals/home-depot-to-buy-gms-for-4-3-billion-c8f6bc47?gaa_at=eafs&gaa_n=AWEtsqcOdgGItSeph-hxE9cuPYQASuiMgCc78AE7NnG6h9RaBl7y6K-jXggp&gaa_ts=69074a1a&gaa_sig=hIkZ3j9jmICYEcWQzpeUdbnyYz26X55K4UZuzKpVsnIwnpcLFqLmBxQgbfKXxDjIUdRF1zD0mJeGA0dymkJNRQ%3D%3D,1762084591
HD,Why Home Depot is spending $5.5 billion to buy another building-products company,"Home Depot is set to acquire SRS Distribution in a $18.25 billion deal, including debt, expanding its professional contractor services. This acquisition follows a previous smaller purchase and will integrate SRS's extensive network of over 760 branches and 11,000 employees while Home Depot maintains its focus on both pro and DIY customers. Despite the substantial investment, which will be financed through debt and cash, Home Depot reaffirmed its financial guidance for 2024.",https://www.msn.com/en-us/money/companies/why-home-depot-is-spending-5-5-billion-to-buy-another-building-products-company/ar-AA1HH93v,1762084591
HD,Home Depot’s latest deal signals a strategic shift in M&A,"Home Depot's recent $4.3 billion acquisition of GMS and last year's $18 billion acquisition of SRS Distribution signal a strategic shift away from solely DIY customers towards large orders from professionals for complex projects. This move aims to drive growth beyond its big-box stores, as U.S. store sales growth has slowed. The article also notes a broader increase in M&A activity in the Americas and highlights key CFO appointments.",https://fortune.com/2025/07/03/home-depot-latest-deal-signals-strategic-shift-m-and-a-cfo/,1762084592
HD,Can Home Depot's Technology Investments Fix Sluggish DIY Sales Trends?,"Home Depot's DIY sales remain sluggish due to high interest rates impacting large remodeling projects, despite resilient first-quarter fiscal 2025 results. The company is investing heavily in AI tools like ""Magic Apron"" and generative AI support for associates, alongside enhancing its Pro ecosystem, to strengthen its foundation and capture future market share. While tech alone may not spark a DIY boom, these initiatives are crucial for Home Depot amidst strong competition from Lowe's and Floor & Decor.",https://www.tradingview.com/news/zacks:cf2af3520094b:0-can-home-depot-s-technology-investments-fix-sluggish-diy-sales-trends/,1762084592
HD,Kimco Realty Announces Second Quarter 2025 Results,"Kimco Realty announced its second-quarter 2025 financial results, reporting a 35% increase in net income available to common shareholders and a 7.3% growth in Funds From Operations (FFO) per diluted share. The company also achieved a 3.1% increase in Same Property Net Operating Income (NOI) and raised its 2025 outlook for net income and FFO per diluted share. These results reflect robust performance, strategic initiatives, and strong tenant demand for its properties.",https://www.tradingview.com/news/tradingview:d50d16e70ea77:0-kimco-realty-announces-second-quarter-2025-results/,1762084691
HD,What This Fund's $6 Million Exit from a 2027 Bond ETF Should Signal to Long-Term Investors,"Carmel Capital Partners fully exited its position in the Invesco BulletShares 2027 Corporate Bond ETF (BSCR) for approximately $5.9 million, signaling a strategic rotation from shorter-duration debt to longer-maturity, higher-yield credit. This move reflects a conviction that interest rates will gradually moderate and the firm is capitalizing on longer-term opportunities before spreads tighten further. The action highlights how defined-maturity ETFs like BSCR can be used strategically within a laddering approach as market conditions evolve.",https://www.theglobeandmail.com/investing/markets/stocks/HD/pressreleases/35852216/what-this-funds-6-million-exit-from-a-2027-bond-etf-should-signal-to-long-term-investors/,1762091700
HD,"Haven Private LLC Makes New $270,000 Investment in The Home Depot, Inc. $HD","Haven Private LLC recently invested $270,000 in The Home Depot, Inc., acquiring 736 shares during the second quarter. This investment is part of a broader trend of institutional ownership in Home Depot, with major firms like Vanguard and Charles Schwab also increasing their stakes. The article details recent financial performance, analyst ratings, insider transactions, and stock performance data for Home Depot.",https://www.marketbeat.com/instant-alerts/filing-haven-private-llc-makes-new-270000-investment-in-the-home-depot-inc-hd-2025-11-01/,1762109496
HD,Jim Cramer Discusses Home Depot’s Rally,"Jim Cramer recently discussed Home Depot's rally, noting its resilience when investors flee tech stocks, often swapping into industrials, financials, or healthcare. He highlighted Home Depot as a ""go-to stock"" for home improvement, emphasizing its rebound despite broader economic sluggishness and past underperformance in his Charitable Trust. Cramer attributes some of these moves to hopes regarding a recent Fed rate cut aiding the economy.",https://www.insidermonkey.com/blog/jim-cramer-discusses-home-depots-rally-1638918/,1762121340
HD,"Burney Co. Sells 48,282 Shares of Lowe's Companies, Inc. $LOW","Burney Co. reduced its stake in Lowe's Companies, Inc. by selling 48,282 shares (56.2%) and now holds 37,605 shares valued at $8.34 million. This move comes as other institutional investors have also adjusted their holdings in LOW. Meanwhile, Lowe's has declared a quarterly dividend and received a ""Moderate Buy"" consensus rating from analysts, who have also raised their price targets.",https://www.marketbeat.com/instant-alerts/filing-burney-co-sells-48282-shares-of-lowes-companies-inc-low-2025-11-03/,1762140222
HD,"Masco (NYSE: MAS) unit Behr launches ECOMIX with 20% renewable content, GREENGUARD GOLD","Behr Paint Company, a Masco (NYSE: MAS) subsidiary, launched BEHR PREMIUM PLUS ECOMIX Plant-Based Paint & Primer, an innovative product with 20% renewable content and UL GREENGUARD GOLD certification for low chemical emissions. This 100% all-acrylic, zero-VOC formula meets USDA BioPreferred Program standards and will be sold exclusively at The Home Depot. Behr is also donating 2,500 gallons of the new paint to Habitat for Humanity projects, including the 2025 Jimmy and Rosalynn Carter Work Project.",https://www.stocktitan.net/news/MAS/c-o-r-r-e-c-t-i-o-n-behr-paint-3j8eab9hb2pe.html,1762160400
HD,"Atria Investments Inc Purchases 3,883 Shares of American Water Works Company, Inc. $AWK","Atria Investments Inc increased its stake in American Water Works Company, Inc. (NYSE:AWK) by 20.4% during the second quarter, purchasing an additional 3,883 shares. Several other institutional investors also adjusted their positions in AWK. The article details the company's financial performance, stock metrics, recent earnings, dividend announcement, and analyst ratings, noting an average ""Hold"" rating and an average target price of $145.38.",https://www.marketbeat.com/instant-alerts/filing-atria-investments-inc-purchases-3883-shares-of-american-water-works-company-inc-awk-2025-11-03/,1762162328
HD,"The Home Depot, Inc. $HD Stake Reduced by Welch & Forbes LLC","Welch & Forbes LLC reduced its stake in The Home Depot (NYSE:HD) by 0.6% in the second quarter, now holding 428,324 shares valued at $157 million. This comes as Home Depot's CFO and other executives have also sold shares, while the company reported a 4.9% revenue increase but slightly missed earnings estimates for the last quarter. Analysts maintain a ""Moderate Buy"" consensus rating with an average price target of $434.35 for the stock.",https://www.marketbeat.com/instant-alerts/filing-the-home-depot-inc-hd-stake-reduced-by-welch-forbes-llc-2025-11-02/,1762166791
HD,"The Home Depot, Inc. $HD Shares Sold by Sigma Planning Corp","Sigma Planning Corp reduced its stake in The Home Depot by 4.1%, selling 1,549 shares in the second quarter. The Home Depot reported earnings per share slightly below analyst expectations and declared a quarterly dividend of $2.30. Several other institutional investors also adjusted their holdings in the company.",https://www.marketbeat.com/instant-alerts/filing-the-home-depot-inc-hd-shares-sold-by-sigma-planning-corp-2025-11-03/,1762168023
HD,"iA Global Asset Management Inc. Cuts Stock Holdings in The Home Depot, Inc. $HD","iA Global Asset Management Inc. significantly reduced its stake in The Home Depot by 32.4%, now holding 21,362 shares valued at approximately $7.83 million. This move coincides with substantial insider selling activity, totaling nearly $19.6 million over the last quarter. Despite these reductions, some analysts have raised price targets for Home Depot, maintaining ""overweight"" or ""outperform"" ratings.",https://www.marketbeat.com/instant-alerts/filing-ia-global-asset-management-inc-cuts-stock-holdings-in-the-home-depot-inc-hd-2025-11-03/,1762168141
HD,5 Dollar Tree Items Responsible Retirees Should Buy Ahead of Thanksgiving,"This article suggests five budget-friendly items from Dollar Tree that retirees can purchase ahead of Thanksgiving. These items include decorative pumpkins, instant mashed potatoes, turkey-size oven bags, charger plates, and water goblets, all priced at $1.50 each. The recommendations aim to help retirees on fixed incomes prepare for the holiday without overspending on food or decor.",https://www.gobankingrates.com/saving-money/holiday/dollar-tree-items-responsible-retirees-should-buy-ahead-of-thanksgiving/,1762168883
HD,"Bank of Montreal Can Sells 164,091 Shares of The Home Depot, Inc. $HD","Bank of Montreal Can has reduced its stake in The Home Depot, Inc. (NYSE:HD) by 9.1%, selling 164,091 shares and now holding approximately 1.63 million shares valued at $600.97 million. This comes amidst several analysts increasing their price objectives for Home Depot stock, reflecting a positive outlook. The company also declared a quarterly dividend of $2.30 per share, representing a 2.4% annual yield.",https://www.marketbeat.com/instant-alerts/filing-bank-of-montreal-can-sells-164091-shares-of-the-home-depot-inc-hd-2025-11-03/,1762170401
HD,"Triglav Investments D.O.O. Sells 10,100 Shares of The Home Depot, Inc. $HD","Triglav Investments D.O.O. has reduced its stake in The Home Depot, Inc. by 23.7%, selling 10,100 shares and now holding 32,520 shares valued at approximately $11.9 million. This transaction comes as Home Depot reported a 4.9% increase in revenue year-over-year, though its latest quarterly earnings of $4.68 EPS slightly missed consensus estimates. Other institutional investors have adjusted their positions, and company insiders have also sold shares recently.",https://www.marketbeat.com/instant-alerts/filing-triglav-investments-doo-sells-10100-shares-of-the-home-depot-inc-hd-2025-11-02/,1762170401
HD,"Burney Co. Cuts Stock Holdings in The Home Depot, Inc. $HD","Burney Co. has reduced its stake in The Home Depot, Inc. by 12.8% during the second quarter, now holding 27,786 shares valued at $10.19 million. This adjustment follows other institutional investors making significant changes to their positions in Home Depot. The article also provides details on Home Depot's recent earnings, dividend announcement, stock performance, and analyst ratings.",https://www.marketbeat.com/instant-alerts/filing-burney-co-cuts-stock-holdings-in-the-home-depot-inc-hd-2025-11-03/,1762171013
HD,"Machina Capital S.A.S. Purchases New Holdings in The Home Depot, Inc. $HD","Machina Capital S.A.S. has acquired a new stake in The Home Depot, purchasing 7,128 shares valued at approximately $2.6 million in Q2 2025. Home Depot reported Q2 earnings of $4.68 per share, slightly missing analyst expectations, with revenue up 4.9% year-over-year to $45.28 billion. The company also declared a quarterly dividend of $2.30 per share, representing a 2.4% yield.",https://www.marketbeat.com/instant-alerts/filing-machina-capital-sas-purchases-new-holdings-in-the-home-depot-inc-hd-2025-11-03/,1762171013
HD,"Tredje AP fonden Sells 81,107 Shares of The Home Depot, Inc. $HD","Tredje AP fonden significantly reduced its stake in The Home Depot (HD) by selling 81,107 shares in the second quarter, now holding 190,632 shares valued at approximately $69.9 million. This transaction occurred alongside various other hedge funds adjusting their positions in Home Depot and several analysts raising price targets and issuing ""buy"" or ""outperform"" ratings. The company also declared a quarterly dividend of $2.30 per share, reflecting an annualized yield of 2.4%.",https://www.marketbeat.com/instant-alerts/filing-tredje-ap-fonden-sells-81107-shares-of-the-home-depot-inc-hd-2025-11-02/,1762172607
HD,"The Home Depot, Inc. $HD Holdings Cut by Torray Investment Partners LLC","Torray Investment Partners LLC reduced its stake in The Home Depot, Inc. by 1.3% in Q2 2025, while other institutional investors made minor adjustments. Wall Street analysts maintain a ""Moderate Buy"" rating with a consensus target price of $434.35, despite significant insider stock sales by the CFO and CEO. The article also provides financial metrics, recent earnings data, and dividend information for Home Depot.",https://www.marketbeat.com/instant-alerts/filing-the-home-depot-inc-hd-holdings-cut-by-torray-investment-partners-llc-2025-11-03/,1762172614
HD,"State of Michigan Retirement System Acquires 30,800 Shares of The Home Depot, Inc. $HD","The State of Michigan Retirement System increased its stake in The Home Depot, Inc. by 10.3%, acquiring an additional 30,800 shares to bring its total holdings to 330,284 shares valued at $121 million. Analysts maintain a generally positive outlook on Home Depot, with an average target price of $434.35 and ratings ranging from ""Strong Buy"" to ""Hold."" The company also declared a quarterly dividend of $2.30 per share, yielding an annualized 2.4%.",https://www.marketbeat.com/instant-alerts/filing-state-of-michigan-retirement-system-acquires-30800-shares-of-the-home-depot-inc-hd-2025-11-02/,1762176234
HD,"If You'd Put $1,000 Into Home Depot Stock 20 Years Ago, Here's What You'd Have Today","This article examines the long-term performance of Home Depot (HD) stock, highlighting that a $1,000 investment made 20 years ago would now be worth over $15,000, significantly outperforming the S&P 500. It details Home Depot's historical success, innovation, and strong analyst ratings, emphasizing its dividend growth and resilience through economic changes.",https://www.kiplinger.com/investing/1000-invested-home-depot-stock-worth-how-much-now,1762177547
HD,"TIAA Trust National Association Cuts Stake in Lowe's Companies, Inc. $LOW","TIAA Trust National Association reduced its stake in Lowe's Companies by 2.5% in the second quarter of 2025, now holding 87,013 shares valued at $19.3 million. Despite this, Lowe's reported strong earnings per share of $4.33, surpassing analyst expectations, and announced a quarterly dividend of $1.20 per share. Other institutional investors, such as C2P Capital Advisory Group and Triglav Investments, increased their holdings in Lowe's during the same period.",https://www.marketbeat.com/instant-alerts/filing-tiaa-trust-national-association-cuts-stake-in-lowes-companies-inc-low-2025-11-03/,1762226622
HD,The Home Depot to Host Third Quarter Conference Call on November 18,"The Home Depot announced that it will host its Third Quarter Earnings Conference Call on Tuesday, November 18, at 9 a.m. ET. A webcast of the call will be available on the company's investor relations website and an archived replay will be accessible from noon on November 18. The article also provides recent analyst ratings, SEC filings, press releases, insider purchases, and other financial news related to The Home Depot.",https://www.quantisnow.com/insight/the-home-depot-to-host-third-quarter-conference-call-on-6258161,1762243200
HD,"Home Depot (NYSE: HD) to Host Third-Quarter Earnings Call Nov. 18, 9 a.m.; webcast replay","The Home Depot announced it will host its Third Quarter Earnings Conference Call on Tuesday, November 18, 2025, at 9:00 a.m. ET. A live webcast and replay will be available on the company's investor relations website. The article also provides corporate metrics including the number of stores, branches, distribution centers, and associates, along with stock listing information.",https://www.stocktitan.net/news/HD/the-home-depot-to-host-third-quarter-conference-call-on-november-m2quvkl2bgn8.html,1762243200
HD,"Ecolab (ECL) brings Scientific Clean to Canada at Home Depot: 9 products, over 180 stores","Ecolab is expanding its partnership with The Home Depot, bringing its Scientific Clean product line to over 180 stores and online in Canada for the first time. This launch introduces nine products designed for commercial, industrial, and residential cleaning challenges, building on a successful two-year partnership in the U.S. The expansion aims to provide professional-grade cleaning solutions to Canadian consumers and professionals.",https://www.stocktitan.net/news/ECL/ecolab-expands-partnership-with-the-home-depot-to-launch-exclusive-7a70p3z09df2.html,1762245000
HD,Ecolab Expands Partnership with The Home Depot to Launch Exclusive Product Line in Canada,"Ecolab is expanding its partnership with The Home Depot to launch its exclusive Ecolab® Scientific Clean™ product line in Canada. This collaboration will make professional-grade cleaning solutions available for commercial, industrial, and residential use at over 180 Home Depot stores and online across Canada. The launch includes nine new products and builds on the success of their established two-year partnership.",https://finance.yahoo.com/news/ecolab-expands-partnership-home-depot-133000861.html,1762245000
HD,Ecolab expands Scientific Clean product line to Canada via Home Depot,"Ecolab Inc. (NYSE:ECL) has expanded its Scientific Clean product line to Canada through an exclusive partnership with The Home Depot, making professional-grade cleaning solutions available to Canadian consumers and businesses. This expansion adds nine new products across various cleaning categories and builds on an existing partnership that started in February 2023. Despite recent Q3 2025 earnings showing solid performance, analyst price targets have been slightly adjusted due to concerns over future growth and decelerating volume.",https://www.investing.com/news/company-news/ecolab-expands-scientific-clean-product-line-to-canada-via-home-depot-93CH-4330447,1762245420
HD,"Bank of New York Mellon Corp Sells 255,000 Shares of Lowe's Companies, Inc. $LOW","Bank of New York Mellon Corp reduced its holdings in Lowe's Companies, Inc. by selling 255,000 shares in the second quarter, bringing its total ownership to 3,831,764 shares. While BNY Mellon decreased its stake, several other institutional investors increased their positions in Lowe's. The article also details Lowe's stock performance, recent earnings, dividend announcement, and analyst ratings.",https://www.marketbeat.com/instant-alerts/filing-bank-of-new-york-mellon-corp-sells-255000-shares-of-lowes-companies-inc-low-2025-11-04/,1762254454
HD,"Lowe's Companies, Inc. $LOW Shares Sold by Machina Capital S.A.S.","Machina Capital S.A.S. reduced its stake in Lowe's Companies by 31.6% during the second quarter, selling 1,316 shares to hold a total of 2,848 shares worth approximately $632,000. Additionally, significant insider selling occurred with EVP Joseph Michael Mcfarland and CEO Marvin R. Ellison divesting shares valued at over $11.9 million and $10.6 million respectively. Analysts have varying price targets, with a consensus average of $282.59, and the company announced a quarterly dividend of $1.20 per share.",https://www.marketbeat.com/instant-alerts/filing-lowes-companies-inc-low-shares-sold-by-machina-capital-sas-2025-11-04/,1762255422
HD,"Freestone Capital Holdings LLC Has $3.39 Million Stake in Lowe's Companies, Inc. $LOW","Freestone Capital Holdings LLC reduced its stake in Lowe's Companies, Inc. (NYSE:LOW) by 10.1% in the second quarter, now holding 15,272 shares valued at approximately $3.39 million. Other institutional investors also adjusted their positions in Lowe's, with 74.06% of the stock owned by institutional investors and hedge funds. Analysts maintain a ""Moderate Buy"" rating for LOW, with an average price target of $282.59, and the company recently declared a quarterly dividend of $1.20 per share.",https://www.marketbeat.com/instant-alerts/filing-freestone-capital-holdings-llc-has-339-million-stake-in-lowes-companies-inc-low-2025-11-04/,1762255422
HD,"K.J. Harrison & Partners Inc Acquires 5,000 Shares of The Home Depot, Inc. $HD","K.J. Harrison & Partners Inc increased its stake in The Home Depot, Inc. by 32.8% in Q2, purchasing an additional 5,000 shares and bringing its total holdings to 20,260 shares valued at approximately $7.43 million. This comes as Home Depot reported Q2 earnings of $4.68 EPS, slightly below expectations, with revenue up 4.9% year-over-year. Analysts have, on average, raised their price targets for Home Depot to $434.35, maintaining a ""Moderate Buy"" consensus rating.",https://www.marketbeat.com/instant-alerts/filing-kj-harrison-partners-inc-acquires-5000-shares-of-the-home-depot-inc-hd-2025-11-03/,1762259477
HD,"Freestone Capital Holdings LLC Cuts Position in The Home Depot, Inc. $HD","Freestone Capital Holdings LLC reduced its stake in The Home Depot, Inc. by 15.8% in Q2, now holding 40,766 shares valued at $14.95 million. This divestment occurred as Home Depot reported slightly missed EPS estimates but a 4.9% year-over-year revenue increase and declared a quarterly dividend of $2.30. Insider selling by CFO Richard V. Mcphail and EVP Teresa Wynn Roseborough also took place, while several institutional investors increased their positions in the company.",https://www.marketbeat.com/instant-alerts/filing-freestone-capital-holdings-llc-cuts-position-in-the-home-depot-inc-hd-2025-11-03/,1762259838
HD,Ecolab Expands Partnership with The Home Depot to Launch Exclusive Product Line in Canada,"Ecolab has expanded its partnership with The Home Depot to launch its exclusive Ecolab® Scientific Clean™ product line in Canada. This launch introduces nine professional-grade cleaning solutions for commercial, industrial, and residential use across more than 180 Home Depot stores and online in Canada. The expansion builds on a successful two-year partnership, bringing science-backed cleaning power to Canadian consumers and professionals.",https://www.businesswire.com/news/home/20251104785113/en/Ecolab-Expands-Partnership-with-The-Home-Depot-to-Launch-Exclusive-Product-Line-in-Canada,1762261200
HD,The Home Depot to Host Third Quarter Conference Call on November 18,"The Home Depot announced it will host its Third Quarter Earnings Conference Call on Tuesday, November 18, at 9 a.m. ET. A webcast of the call will be available on the company's investor relations website and will be archived for replay. The company also provided details about its operations, including its number of retail stores, distribution centers, and employees, as well as its stock market listings.",https://ir.homedepot.com/news-releases/2025/11-04-2025-130244485,1762261722
HD,11 Best Home Depot New Arrivals Hitting Shelves This Month,"This article highlights 11 new arrivals at Home Depot for the current month, focusing on items for home renovation, organization, and seasonal tasks. The selections include furniture, tools, lighting, and outdoor products, providing options for various home improvement projects.",https://www.newsbreak.com/best-life-2217340/4330591765434-11-best-home-depot-new-arrivals-hitting-shelves-this-month,1762266240
HD,"The Home Depot, Inc. (NYSE:HD) Is Favoured by Institutional Owners Who Hold 73% of the Company","Institutional owners hold a significant 73% stake in The Home Depot, Inc. (NYSE:HD), indicating their strong favor for the company. This substantial institutional ownership means the stock price could be sensitive to their trading decisions, and their collective holdings often signal confidence in the company's future. The Vanguard Group, Inc. is the largest shareholder with 9.8% of outstanding shares.",https://news.futunn.com/en/post/64365937/the-home-depot-inc-nyse-hd-is-favoured-by-institutional,1762279728
HD,Is Wall Street Bullish or Bearish on Home Depot Stock?,"The Home Depot, Inc. (HD) has underperformed the broader market but outpaced a home construction ETF. Analysts generally have a ""Strong Buy"" rating on the stock, with price targets suggesting significant upside potential despite mixed recent earnings.",https://markets.financialcontent.com/stocks/article/barchart-2025-11-5-is-wall-street-bullish-or-bearish-on-home-depot-stock,1762321260
HD,Is Republic Services Stock Outperforming the Dow?,"This article examines if Republic Services (RSG) stock is outperforming the Dow Jones Industrial Average. It highlights key metrics such as its year-to-date return of +17.15% compared to the Dow's +4.61% and its average daily volume of 1.48 million shares. The article suggests investors should monitor several factors, including its stock price, daily volume, and relative performance against the Dow.",http://www.msn.com/en-us/money/other/is-republic-services-stock-outperforming-the-dow/ar-AA1LC4WM?ocid=finance-verthp-feeds&apiversion=v2&domshim=1&noservercache=1&noservertelemetry=1&batchservertelemetry=1&renderwebcomponents=1&wcseo=1,1762322965
HD,"Claro Advisors LLC Cuts Holdings in The Home Depot, Inc. $HD","Claro Advisors LLC reduced its stake in The Home Depot, Inc. by 9.6% in the second quarter, bringing its total holdings to $4.101 million. Other institutional investors also adjusted their positions in Home Depot, while company insiders, including CEO Edward P. Decker and EVP William D. Bastek, sold significant shares. The article also provides financial metrics, recent earnings results, dividend information, and analyst ratings for Home Depot.",https://www.marketbeat.com/instant-alerts/filing-claro-advisors-llc-cuts-holdings-in-the-home-depot-inc-hd-2025-11-05/,1762339350
HD,"Crestwood Advisors Group LLC Decreases Stake in The Home Depot, Inc. $HD","Crestwood Advisors Group LLC reduced its stake in The Home Depot, Inc. by 1.8% during the second quarter, selling 3,348 shares. Despite this, Home Depot remains a significant holding for Crestwood, comprising 1.2% of its investment portfolio. This article details institutional ownership changes, recent analyst ratings, insider trading activities, and financial performance of Home Depot.",https://www.marketbeat.com/instant-alerts/filing-crestwood-advisors-group-llc-decreases-stake-in-the-home-depot-inc-hd-2025-11-05/,1762340949
HD,"Commonwealth Retirement Investments LLC Increases Stake in The Home Depot, Inc. $HD","Commonwealth Retirement Investments LLC increased its stake in The Home Depot, Inc. by 18.9% during the second quarter of 2025, now holding 21,712 shares worth $7,961,000. Other institutional investors also adjusted their positions in HD stock, which has seen some insider selling recently. Analysts on average rate Home Depot stock a ""Moderate Buy"" with an average price target of $435.00.",https://www.marketbeat.com/instant-alerts/filing-commonwealth-retirement-investments-llc-increases-stake-in-the-home-depot-inc-hd-2025-11-05/,1762340949
HD,"J. W. Coons Advisors LLC Purchases 3,315 Shares of The Home Depot, Inc. $HD","J. W. Coons Advisors LLC significantly increased its stake in The Home Depot, purchasing an additional 3,315 shares to bring its total holdings to 10,610 shares valued at approximately $3.89 million. This came as Home Depot reported quarterly earnings per share of $4.68, slightly below analyst estimates, despite a 4.9% year-over-year revenue increase. The company also declared a quarterly dividend of $2.30 per share, contributing to an annualized yield of 2.4%.",https://www.marketbeat.com/instant-alerts/filing-j-w-coons-advisors-llc-purchases-3315-shares-of-the-home-depot-inc-hd-2025-11-04/,1762344529
HD,"Lowe's Companies, Inc. $LOW Shares Sold by Huntington National Bank","Huntington National Bank has reduced its stake in Lowe's Companies, Inc. by 4.3%, selling 5,615 shares and now owning 125,990 shares valued at approximately $27.95 million. Despite this, several other hedge funds increased their holdings, and Lowe's has declared a quarterly dividend of $1.20 per share, representing a 2.0% yield. Analyst ratings generally suggest a ""Moderate Buy"" for the stock with an average price target of $282.59.",https://www.marketbeat.com/instant-alerts/filing-lowes-companies-inc-low-shares-sold-by-huntington-national-bank-2025-11-04/,1762345010
HD,5 Revealing Analyst Questions From Masco's Q3 Earnings Call,"Masco's Q3 earnings missed Wall Street's expectations due to tariffs, commodity costs, and soft demand in plumbing and DIY paint, leading to a negative market reaction. During the earnings call, analysts questioned management on topics such as competitor pricing strategies, unexpected costs impacting plumbing margins, segments driving lower sales guidance, input cost inflation, and growth strategies for DIY paint. The article highlights key analyst questions and management's responses, while also outlining catalysts to watch in upcoming quarters including tariff mitigation, paint demand, and new product launches.",https://finviz.com/news/218238/5-revealing-analyst-questions-from-mascos-q3-earnings-call,1762346040
HD,"Advisors Preferred LLC Has $2.91 Million Position in The Home Depot, Inc. $HD","Advisors Preferred LLC has reduced its stake in The Home Depot (NYSE: HD) by 19.7%, now holding 7,800 shares valued at approximately $2.91 million. This comes as other institutional investors have also adjusted their holdings in the company. Home Depot's recent quarterly earnings reported an EPS of $4.68, slightly below expectations, with revenues totaling $45.28 billion, and the company announced a quarterly dividend of $2.30 per share.",https://www.marketbeat.com/instant-alerts/filing-advisors-preferred-llc-has-291-million-position-in-the-home-depot-inc-hd-2025-11-04/,1762348122
HD,Home Depot ADA violation class action settlement,"Home Depot has agreed to a class action settlement to resolve claims that its payment terminals are inaccessible to blind and visually impaired customers. The settlement requires Home Depot to update or replace software in at least one payment terminal per store to provide audio readouts for on-screen prompts and includes $65,000 for attorney fees and a $1,000 incentive award for the plaintiff. The deadline to file a claim for non-monetary relief is January 2, 2026.",https://topclassactions.com/lawsuit-settlements/open-lawsuit-settlements/home-depot-ada-violation-class-action-settlement/,1762365868
HD,"Home Depot Foundation (NYSE: HD) invests $30M to help nearly 5,000 veterans","The Home Depot Foundation announced an additional $30 million investment in 44 grants to veteran service organizations. This funding aims to expand critical home repairs, smart home modifications, and housing programs for veterans, advancing the Foundation towards its $750 million pledge by 2030. The grants will support new mortgage-free smart homes, over 1,000 critical repairs for senior/disabled veterans, and the expansion of a master-lease housing pilot program.",https://www.stocktitan.net/news/HD/the-home-depot-foundation-invests-an-additional-30-million-to-help-wn0d62pppnto.html,1762416000
HD,"Croban Makes New $416,000 Investment in The Home Depot, Inc. $HD","Croban made a new investment of $416,000 in The Home Depot, Inc. by purchasing 1,135 shares during the second quarter. Several other hedge funds also adjusted their holdings in Home Depot, while company insiders sold shares totaling over $19 million. Analysts currently have a ""Moderate Buy"" rating for the stock with a consensus price target of $435.00.",https://www.marketbeat.com/instant-alerts/filing-croban-makes-new-416000-investment-in-the-home-depot-inc-hd-2025-11-06/,1762417618
HD,Home Depot Black Friday ad: The best deals you can buy online in 2025,"Home Depot's early Black Friday sale is currently live, with the official Black Friday sale running from Nov. 27 to Dec. 3. The article highlights various early deals on tools, home items, and appliances, including significant savings on brands like DeWalt, Ryobi, Milwaukee, and GE. Shoppers can find discounts on power tools, smart home devices, major appliances, and more.",https://mashable.com/article/home-depot-black-friday-ad-2025-deals,1762424947
HD,"Arrowroot Family Office LLC Invests $300,000 in The Home Depot, Inc. $HD","Arrowroot Family Office LLC initiated a new position in The Home Depot, Inc. by acquiring 819 shares valued at $300,000 during the second quarter. This investment comes amidst strong analyst confidence, with Home Depot receiving a ""Moderate Buy"" rating and attractive dividend payouts. The article also details other institutional investor activity, analyst price targets, and recent insider transactions for the company.",https://www.marketbeat.com/instant-alerts/filing-arrowroot-family-office-llc-invests-300000-in-the-home-depot-inc-hd-2025-11-05/,1762425528
HD,"SP Asset Management LLC Sells 1,188 Shares of The Home Depot, Inc. $HD","SP Asset Management LLC reduced its stake in The Home Depot, Inc. by 2.7% during the second quarter, selling 1,188 shares, though Home Depot remains a significant part of its portfolio. Other institutional investors showed mixed activity, with some increasing and others initiating positions. The article also details recent insider selling by Home Depot executives and provides key financial metrics and analyst ratings for the company.",https://www.marketbeat.com/instant-alerts/filing-sp-asset-management-llc-sells-1188-shares-of-the-home-depot-inc-hd-2025-11-06/,1762425830
HD,"Atlantic Union Bankshares Corp Increases Holdings in Lowe's Companies, Inc. $LOW","Atlantic Union Bankshares Corp significantly increased its holdings in Lowe's Companies, Inc. by 68.0% during the second quarter, bringing its total ownership to 132,000 shares valued at $29.287 million. Other institutional investors like Nuveen LLC, Pacer Advisors Inc., Wellington Management Group LLP, Invesco Ltd., and Goldman Sachs Group Inc. also made substantial moves in Lowe's shares. The article also details recent analyst ratings, insider stock sales by CEO Marvin R. Ellison and EVP Joseph Michael Mcfarland, and Lowe's financial performance including its latest dividend announcement.",https://www.marketbeat.com/instant-alerts/filing-atlantic-union-bankshares-corp-increases-holdings-in-lowes-companies-inc-low-2025-11-06/,1762426856
HD,"Resona Asset Management Co. Ltd. Purchases 15,085 Shares of The Home Depot, Inc. $HD","Resona Asset Management Co. Ltd. increased its holdings in The Home Depot, Inc. by 4.7% in the second quarter, bringing its total ownership to 337,977 shares valued at $124.0 million. The article details Home Depot's recent financial performance, including slightly missing EPS and revenue estimates, and outlines insider stock sales and current analyst ratings. Institutional ownership of Home Depot stands at 70.86%, and the company recently declared a quarterly dividend of $2.30.",https://www.marketbeat.com/instant-alerts/filing-resona-asset-management-co-ltd-purchases-15085-shares-of-the-home-depot-inc-hd-2025-11-06/,1762427344
HD,"Moors & Cabot Inc. Boosts Stock Position in The Home Depot, Inc. $HD","Moors & Cabot Inc. increased its stake in The Home Depot by 7.0%, bringing its total holdings to 44,893 shares valued at approximately $16.46 million. Despite significant insider selling, several analysts have raised their price targets for Home Depot, indicating a generally positive outlook. The company also recently declared a quarterly dividend of $2.30 per share.",https://www.marketbeat.com/instant-alerts/filing-moors-cabot-inc-boosts-stock-position-in-the-home-depot-inc-hd-2025-11-05/,1762431808
HD,"Trillium Asset Management LLC Cuts Stock Position in The Home Depot, Inc. $HD","Trillium Asset Management LLC significantly reduced its stake in The Home Depot, Inc. ($HD) by 2.6% in the second quarter, now holding 80,657 shares valued at approximately $29.57 million. This move comes amidst mixed analyst expectations, with some increasing target prices while others lowered theirs for the home improvement retailer. The company's recent earnings report showed a slight miss on EPS but a 4.9% increase in revenue year-over-year.",https://www.marketbeat.com/instant-alerts/filing-trillium-asset-management-llc-cuts-stock-position-in-the-home-depot-inc-hd-2025-11-05/,1762431808
HD,"Moors & Cabot Inc. Acquires 2,663 Shares of Lowe's Companies, Inc. $LOW","Moors & Cabot Inc. increased its stake in Lowe's Companies, Inc. by 13.8%, acquiring an additional 2,663 shares, bringing its total holdings to 21,909 shares valued at approximately $4.86 million. Several other hedge funds also significantly boosted their positions in Lowe's, reflecting substantial investment interest. Lowe's recently declared a quarterly dividend of $1.20, reflecting a 2.0% yield, and anticipates FY 2025 EPS between $12.20 and $12.45.",https://www.marketbeat.com/instant-alerts/filing-moors-cabot-inc-acquires-2663-shares-of-lowes-companies-inc-low-2025-11-05/,1762432177
HD,"First Horizon Advisors Inc. Grows Position in The Home Depot, Inc. $HD","First Horizon Advisors Inc. increased its stake in The Home Depot, Inc. (NYSE:HD) by 2.7% in the second quarter, now owning 130,505 shares valued at $47.8 million. Several other institutional investors also increased their holdings in Home Depot, reflecting strong institutional interest. The company recently declared a quarterly dividend of $2.30 per share, with an annualized yield of 2.4%.",https://www.marketbeat.com/instant-alerts/filing-first-horizon-advisors-inc-grows-position-in-the-home-depot-inc-hd-2025-11-05/,1762433609
HD,"Which retail stores are open, closed on Thanksgiving? Here's what to know","Most national retailers, including Target, Walmart, Best Buy, Kohl's, JCPenney, Nordstrom, Home Depot, Lowe's, Ace Hardware, REI, Burlington, Belk, IKEA, Office Depot, OfficeMax, PetSmart, and PetCo, will be closed on Thanksgiving Day, November 27, 2025. Many of these stores will open early on Black Friday, November 28, with specific hours varying by location and company. Sephora's hours will depend on its location and mall mandates, advising customers to check their store locator.",https://www.usatoday.com/story/money/shopping/2025/11/06/retail-stores-open-closed-thanksgiving-2025/87107604007/,1762446271
HD,Clopay® Earns 2025 Partner of the Year Award from The Home Depot®,"Clopay Corporation, a subsidiary of Griffon Corporation, has been awarded the 2025 Partner of the Year in the millwork category by The Home Depot. This recognition highlights Clopay's dedication to high-quality products, innovative solutions, exceptional value, and outstanding service, as well as its strategic focus on enhancing customer experience and product innovation. The company's President, Victor Weldon, emphasized their commitment to redefining the garage door industry through customer insights and partnership.",https://www.morningstar.com/news/pr-newswire/20251106cl17838/clopay-earns-2025-partner-of-the-year-award-from-the-home-depot,1762448400
HD,Home Depot Facial Scan Lawsuit Voluntarily Dismissed—What’s Next for Biometric Privacy Compliance?,"A federal class action lawsuit against Home Depot regarding its use of facial scanning technology has been voluntarily dismissed without prejudice by the plaintiff, Benjamin Jankowski. The lawsuit alleged Home Depot violated the Illinois Biometric Information Privacy Act (BIPA) by collecting facial scans at self-checkout kiosks without proper notice or consent and with inadequate retention policies. While the specific reasons for the dismissal are unclear, it serves as a reminder for companies to prioritize BIPA compliance given the ongoing scrutiny of biometric data collection.",https://natlawreview.com/article/home-depot-facial-scan-lawsuit-voluntarily-dismissed-whats-next-biometric-privacy,1762461103
HD,"Home Depot's ban on Black Lives Matter apron was legal, US court says","A U.S. appeals court ruled that Home Depot did not violate workers' rights by banning ""BLM"" on uniforms at a Minnesota store, overturning a National Labor Relations Board decision. The court stated that the ban was a business decision to maintain an apolitical stance and ensure employee safety, concluding that the Black Lives Matter message had an indirect relationship to specific workplace issues. This ruling contrasts with other recent labor law decisions regarding political apparel in the workplace.",https://www.reuters.com/legal/government/home-depots-ban-black-lives-matter-apron-was-legal-us-court-says-2025-11-06/,1762464720
HD,"Home Depot (NYSE:HD) Bolsters Investment in Veterans’ Causes, Shares Drop Anyway","Home Depot's foundation announced a significant new investment of over $30 million in grants for veterans, focusing on maintaining safe, accessible housing, which adds to their goal of delivering $750 million to veterans' causes by 2030. Despite this charitable move, the company's shares experienced a modest drop. Meanwhile, Home Depot also released its Black Friday ad, offering various discounts on home improvement tools and items.",https://www.tipranks.com/news/home-depot-nysehd-bolsters-investment-in-veterans-causes-shares-drop-anyway,1762465172
HD,Frustrated Home Depot employee shares photo of troubling store practice: 'We are under intense pressure',"A Home Depot employee shared a photo on Reddit illustrating the significant amount of seemingly healthy plants the company discards due to corporate policies and pressure for plants to be in near-perfect condition. This practice has frustrated both employees and vendors, highlighting a broader issue of retail waste in the gardening sector. While Home Depot has some sustainability efforts, their general goals don't specifically address curbing plant waste, unlike some competitors who mark down wilting plants.",https://www.yahoo.com/news/articles/frustrated-home-depot-employee-shares-010500789.html,1762477500
HD,"Wayfair, Inc. Appoints Hal Lawton to Board of Directors","Wayfair Inc. announced the appointment of Hal Lawton, president and CEO of Tractor Supply Company, to its board of directors, effective November 6, 2025. Niraj Shah, Wayfair's co-founder and CEO, highlighted Lawton's extensive leadership and success in retail as invaluable for Wayfair's growth. Lawton expressed his honor to join the board and looks forward to contributing to the company's objectives and long-term success.",http://hfbusiness.com/hfbnow/ArticleId/27809/wayfair-inc-appoints-hal-lawton-to-board-of-directors,1762482495
HD,Lowe's Completes Acquisition of FBM,"Lowe's Companies, Inc. has officially completed its acquisition of Foundation Building Materials (FBM), a move expected to significantly expand Lowe's Pro footprint. This acquisition enhances Lowe's offerings to professional customers through an expanded product assortment, improved digital tools, and a robust trade credit platform. FBM will retain its founder and leadership, contributing to Lowe's ""Total Home"" strategy and aiming to capitalize on future housing market recovery.",https://www.roofingcontractor.com/articles/101424-lowes-completes-acquisition-of-fbm,1762488520
HD,"Commonwealth Equity Services LLC Trims Holdings in Lowe's Companies, Inc. $LOW","Commonwealth Equity Services LLC reduced its stake in Lowe's Companies by 3.4% in the second quarter, selling 14,618 shares but still owning 416,098 shares valued at $92.32 million. Despite this trim, other institutional investors increased their holdings, with 74.06% of the stock owned by hedge funds and institutions. Analysts maintain a ""Moderate Buy"" consensus rating with an average target price of $282.59, and Lowe's recently reported strong Q3 earnings and a quarterly dividend.",https://www.marketbeat.com/instant-alerts/filing-commonwealth-equity-services-llc-trims-holdings-in-lowes-companies-inc-low-2025-11-07/,1762509339
HD,"Brooktree Capital Management Buys New Stake in The Home Depot, Inc. $HD","Brooktree Capital Management initiated a new stake in The Home Depot, purchasing 1,015 shares valued at approximately $372,000 in the second quarter. The article also details significant insider stock sales by CFO Richard V. Mcphail and EVP Teresa Wynn Roseborough, alongside a positive Wall Street outlook with a consensus target price of $435.00 for HD. It further covers other institutional investor activities, company performance metrics, and a recently declared quarterly dividend.",https://www.marketbeat.com/instant-alerts/filing-brooktree-capital-management-buys-new-stake-in-the-home-depot-inc-hd-2025-11-06/,1762513003
HD,CVA Stock Looking for Direction After Earnings Miss $HD Shares Sold by Ethos Financial Group LLC,"Ethos Financial Group LLC significantly reduced its stake in The Home Depot, Inc. by 45.7%, selling 5,198 shares and retaining 6,180 shares valued at approximately $2.27 million. This comes as Home Depot reported slightly lower-than-expected quarterly earnings and revenue, with an EPS of $4.68 and revenue of $45.28 billion, but also announced a quarterly dividend of $2.30 per share. Despite the sell-off by Ethos, other institutional investors like Vanguard Group Inc. and Charles Schwab Investment Management Inc. increased their positions in the home improvement retailer.",https://www.marketbeat.com/instant-alerts/filing-the-home-depot-inc-hd-shares-sold-by-ethos-financial-group-llc-2025-11-06/,1762514181
HD,"The Home Depot, Inc. $HD Shares Bought by SouthState Corp","SouthState Corp increased its holdings in The Home Depot, Inc. by 1.5% in the second quarter, bringing its total to 58,785 shares valued at approximately $21.55 million. The article also details recent insider selling by CFO Richard V. Mcphail and EVP William D. Bastek, alongside analyst ratings and Home Depot's latest financial performance. The company reported a Q2 EPS of $4.68, slightly below expectations, with revenue up 4.9% year-over-year.",https://www.marketbeat.com/instant-alerts/filing-the-home-depot-inc-hd-shares-bought-by-southstate-corp-2025-11-06/,1762514597
HD,"Sienna Gestion Raises Stock Position in The Home Depot, Inc. $HD","Sienna Gestion increased its stake in The Home Depot (HD) by 10.5% during the second quarter, making it their 8th-largest holding. Other major institutions like Vanguard, Charles Schwab, Price T. Rowe, UBS, and Goldman Sachs also grew their positions, contributing to 70.86% institutional ownership. The article details Home Depot's financial performance, including a slight EPS miss but revenue growth, and highlights analyst ratings and dividend information.",https://www.marketbeat.com/instant-alerts/filing-sienna-gestion-raises-stock-position-in-the-home-depot-inc-hd-2025-11-06/,1762515246
HD,"HORAN Wealth LLC Takes $461,000 Position in Lowe's Companies, Inc. $LOW","HORAN Wealth LLC recently acquired a new stake in Lowe's Companies, Inc., purchasing 2,079 shares valued at approximately $461,000. This comes as Lowe's reported strong quarterly EPS but slightly missed revenue forecasts, and the company also declared a quarterly dividend of $1.20 per share. Several other institutional investors have also adjusted their positions in Lowe's, and analysts maintain a ""Moderate Buy"" rating for the stock.",https://www.marketbeat.com/instant-alerts/filing-horan-wealth-llc-takes-461000-position-in-lowes-companies-inc-low-2025-11-06/,1762515549
HD,"Andra AP fonden Purchases 86,600 Shares of Lowe's Companies, Inc. $LOW","Andra AP fonden increased its stake in Lowe's Companies, Inc. (NYSE:LOW) by 57.1%, purchasing an additional 86,600 shares, bringing their total holdings to 238,200 shares valued at approximately $52.85 million. This makes Lowe's its 20th-largest holding. The article also details recent insider selling by Lowe's executives, various analyst upgrades, company earnings results, and dividend announcements.",https://www.marketbeat.com/instant-alerts/filing-andra-ap-fonden-purchases-86600-shares-of-lowes-companies-inc-low-2025-11-06/,1762515585
HD,"Lowe's Companies, Inc. $LOW Shares Purchased by SouthState Corp","SouthState Corp increased its Q2 holdings in Lowe's Companies, Inc. by 10.9%, now owning 24,576 shares valued at approximately $5.45 million, contributing to institutional investors holding 74.06% of the stock. Lowe's reported Q2 EPS of $4.33, beating estimates, and set FY2025 guidance above analyst consensus, despite corporate insiders being net sellers of shares. The company also announced a quarterly dividend of $1.20 per share, yielding 2.0% annually.",https://www.marketbeat.com/instant-alerts/filing-lowes-companies-inc-low-shares-purchased-by-southstate-corp-2025-11-06/,1762516950
