ticker,title,summary,link,published
UNH,Why Global Baby Care Products Market is demanding globally with,"The global baby care products market is experiencing significant demand, driven by increasing parental awareness of child safety, rising disposable incomes, and the growth of the working women population. Key players like Procter & Gamble, Kimberly Clark, and Johnson & Johnson are leading this market, which is projected to grow to over $110 billion by 2025 with a CAGR of 6%. North America currently holds the largest share due to high expenditure and progressive technology, though high costs and a lack of regulatory guidelines pose challenges to market growth.",https://www.openpr.com/news/1470844/why-global-baby-care-products-market-is-demanding-globally-with-top-key-players-such-as-procter-gamble-co-kimberly-clark-corp-johnson-and-johnson-unilever-plc-and-abbott-nutrition.html,1546593360
UNH,Michel Khalaf to Lead MetLife,"Michel Khalaf has been named to lead MetLife. The article reports on this leadership change at MetLife, effective January 8, 2019.",https://www.thinkadvisor.com/2019/01/08/michel-khalaf-to-lead-metlife/,1546971720
UNH,Inspire Medical Systems scores win with Blue Cross Blue Shield Association,"Inspire Medical Systems received a positive assessment from the Blue Cross Blue Shield Association’s Evidence Street for its obstructive sleep apnea therapy. This assessment is expected to facilitate broader insurance coverage for Inspire therapy among BCBS companies. The report highlights the therapy's effectiveness for specific patient criteria, validating its clinical evidence.",https://www.massdevice.com/inspire-medical-systems-win-blue-cross-blue-shield-association/,1547080602
UNH,UnitedHealth Group to Launch Electronic Health Records Platform in 2019; Will It Guide Physicians to Preferred Clinical Laboratory Providers?,"UnitedHealth Group plans to launch an electronic health records (EHR) platform by the end of 2019, leveraging its existing Rally mobile wellness platform and targeting 50 million members and one million providers. The new Individual Health Record (IHR) aims to complement existing EHRs by connecting data from multiple sources, potentially positioning UnitedHealth as a central point in healthcare and influencing physician choices for clinical laboratories. This move highlights the increasing importance for clinical laboratories to develop informatics strategies that deliver actionable intelligence to stakeholders.",https://www.darkdaily.com/2019/01/11/unitedhealth-group-to-launch-electronic-health-records-platform-in-2019-will-it-guide-physicians-to-preferred-clinical-laboratory-providers/,1547170337
UNH,Walmart and CVS Split Over Pricing,"Walmart and CVS Health's partnership has ended due to a dispute over prescription drug pricing, leading CVS pharmacies to no longer include Walmart pharmacies in their network for most consumers. CVS stock fell 1.5 percent following the announcement, with CVS citing Walmart's requested rates as leading to higher costs for their clients and consumers. Despite the split, CVS stated its retail pharmacy network remains robust, with over 63,000 other pharmacies providing ample access for its members.",https://www.golocalprov.com/business/walmart-and-cvs-split-over-pricing,1547510815
UNH,JPMorgan spinoff Kadena puts blockchain on AWS—and on the table for small and medium-sized businesses,"Kadena, a JPMorgan spinoff, is making blockchain technology accessible to small and medium-sized businesses by moving its development platform to Amazon Web Services (AWS), aiming to reduce development costs. This move allows companies, including those in healthcare, to experiment with and implement rudimentary blockchain solutions with ease. The company hopes to democratize blockchain access, moving beyond the current landscape where adoption has been primarily by larger firms due to high development costs.",https://www.fiercehealthcare.com/tech/jp-morgan-spinoff-kadena-puts-blockchain-development-platform-aws,1548234060
UNH,P&G buys purpose-driven feminine care marketer This Is L.,"Procter & Gamble (P&G) has acquired This Is L., a purpose-driven feminine care products maker known for its L. brand made with organic cotton. The acquisition aligns with P&G's strategy to center its business around purpose and tap into the disruptor market for organic materials in feminine care. This move complements P&G's existing feminine care portfolio and reflects a broader CPG trend of acquiring startup brands.",https://www.marketingdive.com/news/pg-buys-purpose-driven-feminine-care-marketer-this-is-l/547713/,1549328797
UNH,Providence St. Joseph snaps up blockchain-powered RCM platform Lumedic,"Providence St. Joseph Health has acquired Lumedic, a blockchain-enabled revenue cycle management platform, for an undisclosed sum. This acquisition positions Providence St. Joseph as the first integrated provider-payer system with a scalable blockchain tool for RCM, aiming to increase efficiencies and reduce costs. The deal involves creating a new company with Lumedic's assets and team, retaining the Lumedic brand, and seeking partnerships with other health-related entities.",https://www.healthcaredive.com/news/providence-st-joseph-snaps-up-blockchain-powered-rcm-platform-lumedic/548207/,1549933891
UNH,CVS Health Reports Fourth Quarter and Full Year Results and Provides 2019 Full Year Guidance,"CVS Health announced its fourth quarter and full-year 2018 results, highlighted by the $70 billion acquisition of Aetna and strong financial performance. The company provided 2019 guidance, anticipating a transitional year focused on integrating Aetna and addressing market challenges to position for future growth. Full-year 2018 revenues increased by 5.3% to $194.6 billion, with GAAP diluted EPS from continuing operations at $(0.57) due to significant goodwill impairment charges related to the Long-Term Care business.",https://www.cvshealth.com/news/community/cvs-health-reports-fourth-quarter-and-full-year-results-and.html,1550621215
UNH,"Trump rebate rule will hike premiums for seniors, CVS Health CEO says","CVS Health's CEO, Larry Merlo, warned that a Trump administration proposal to eliminate drug rebates would increase Medicare premiums for seniors, potentially making up to 70% of beneficiaries worse off. While top pharmaceutical companies support the rule, pharmacy benefit managers like CVS Health argue it would impede efforts to lower treatment costs. The Department of Health and Human Services, however, maintains the rule would bring transparency and lower out-of-pocket spending, projecting much smaller premium increases.",https://www.foxbusiness.com/healthcare/cvs-health-ceo-new-trump-rebate-rule-will-hike-premiums-for-seniors,1550656800
UNH,The Top 15 U.S. Pharmacies of 2018: M&A Reshapes the Market,"This article identifies the top 15 U.S. pharmacies by prescription dispensing revenues for 2018, highlighting how mergers and acquisitions have reshaped the market. The analysis reveals that the largest pharmacies, including CVS Health, Walgreens Boots Alliance, and the combined Cigna/Express Scripts, control a significant portion of dispensing revenues. It also notes the growing role of specialty pharmacies operated by PBMs, accounting for a large share of their revenues.",https://www.drugchannels.net/2019/02/the-top-15-us-pharmacies-of-2018-m.html,1551139304
UNH,Idiopathic Pulmonary Fibrosis Diagnostic Gets Medicare Coverage,"Veracyte Inc. has secured Medicare coverage for its Envisia Genomic Classifier, a diagnostic tool for idiopathic pulmonary fibrosis (IPF), effective April 1, 2019. This approval from the Palmetto GBA MolDx program makes the diagnostic available to 55 million Medicare patients, addressing a critical need for accurate and timely IPF diagnosis given high rates of misdiagnosis in the US. The Envisia classifier is Veracyte’s third genomic test to achieve Medicare-covered status, aiming to improve patient outcomes by accelerating appropriate treatment.",https://respiratory-therapy.com/products-treatment/diagnostics-testing/idiopathic-pulmonary-fibrosis-diagnostic-medicare/,1551663369
UNH,"As telemedicine grows, a ‘digital front door’ lowers health-care costs","Telemedicine is transforming healthcare delivery, offering a more affordable way to provide primary care through virtual examinations and partnerships between health systems and telemedicine providers. Companies like Teladoc are at the forefront, demonstrating significant cost savings for patients and attracting investor interest due to their growth and expansion beyond standard care into behavioral health services. The global telemedicine market, currently around $1 billion, is projected to grow substantially to $113.1 billion by 2025, indicating vast potential for expansion.",https://realeconomy.rsmus.com/as-telemedicine-grows-a-digital-front-door-lowers-health-system-costs/,1552440403
UNH,Your U.S. Equity Fund Is More Global Than You Think,"This article examines how U.S. equity funds are more globally exposed than commonly perceived by analyzing revenue streams by region. Morningstar's new proprietary data reveals that many popular U.S. index-tracking ETFs have significant revenue exposure outside the United States, particularly in emerging Asian markets and the eurozone. The analysis highlights that relying on a company's headquarters or stock listing alone provides a flawed picture of a fund's true geographic allocation.",https://www.morningstar.com/funds/your-us-equity-fund-is-more-global-than-you-think,1552607782
UNH,The Future of Virtual Healthcare With Teladoc,"Teladoc, founded in 2002, is the largest provider of telehealth services in the US, with over 3 million members. The company reported $418 million in revenue for 2018, an 80% increase from the previous year, under the leadership of CEO Jason Gorevic. Teladoc offers 24/7 access to affordable, high-quality medical care through videoconferencing or telephone consultations, boasting a 97% patient satisfaction rate.",https://thehealthcaretechnologyreport.com/the-future-of-virtual-healthcare-with-teladoc/,1552613203
UNH,Humana To Expand Senior Care Clinic Network To New Markets,"Humana is expanding its senior-focused primary care network to new markets, including Charleston, S.C., Houston, and Memphis, Tenn., building on the success of its value-based care approach. The insurer aims to improve health outcomes and control costs for its 3.9 million Medicare Advantage enrollees by growing its network of owned, joint venture, and alliance clinics. This expansion, including partnerships like the one with Walgreens, is designed to reduce hospital admissions and provide integrated care for seniors.",https://www.forbes.com/sites/brucejapsen/2019/03/19/humana-to-expand-senior-care-clinic-network-to-new-markets/,1552993200
UNH,Has Employment Become the Goal of the U.S. Healthcare System?,"The U.S. healthcare system spends more than any other nation but yields poor results. One major unintended consequence of its complexity is its reliance on the industry for jobs, making it the largest and fastest-growing employment sector. The article suggests shifting spending towards social services to improve both health outcomes and employment.",https://insights.som.yale.edu/insights/has-employment-become-the-goal-of-the-us-healthcare-system,1553560581
UNH,UnitedHealthcare’s Investments in Affordable Housing to Help People Achieve Better Health Surpass $400 Million,"UnitedHealthcare has invested over $400 million in affordable housing initiatives to address social determinants of health, creating more than 4,500 new homes across 80 communities in 18 states. These investments support developments with on-site services, aiming to improve health outcomes and reduce healthcare costs for underserved populations including seniors, veterans, and individuals experiencing homelessness. The company's efforts include significant investments in projects like PATH Metro Villas in Los Angeles and Capital Studios in Austin, Texas.",https://www.unitedhealthgroup.com/newsroom/2019/2019-03-26-uhc-affordable-housing-path-metro-villas.html,1553563936
UNH,AI at the Top Healthcare Companies in the World - Current Initiatives,"This article explores the current AI initiatives of three major healthcare companies: McKesson, UnitedHealth Group, and Cardinal Health. It highlights their focus on white-collar automation, business intelligence, and predictive analytics rather than traditional R&D. The article details specific partnerships, acquisitions, and platforms each company uses to leverage AI for operations, claims management, and value-based care.",https://emerj.com/ai-at-the-top-healthcare-companies-current-initiatives/,1553644651
UNH,Optum Is a Major Differentiator for UnitedHealth Group,"Optum, UnitedHealth Group's health services business, significantly contributed to the company's fiscal 2018 performance with substantial revenue and earnings growth. The company is leveraging OptumRx, OptumInsight, and OptumHealth to improve patient outcomes, reduce healthcare costs, and enhance profitability through data analytics and an evidence-based care delivery network. Key segments like OptumInsight, OptumHealth, and OptumRx all reported strong year-over-year revenue increases, demonstrating Optum's vital role in UnitedHealth Group's strategy and financial success.",https://marketrealist.com/2019/04/optum-is-a-major-differentiator-for-unitedhealth-group/,1554806220
UNH,"After Bernie’s Tweet, UnitedHealth’s CEO Describes ‘Wholesale Disruption’ Of Medicare For All","UnitedHealth Group CEO David Wichmann expressed concerns about ""wholesale disruption"" to the American healthcare system from certain ""Medicare for All"" proposals, following Senator Bernie Sanders' tweet criticizing UnitedHealthcare. Wichmann advocated for universal coverage through existing public and private platforms, highlighting the growth of UnitedHealth's Medicare Advantage plans and the company's strong Q1 2019 financial results. He argued that proposals eliminating private insurers would jeopardize patient-doctor relationships, destabilize the health system, and increase costs without improving access.",https://www.forbes.com/sites/brucejapsen/2019/04/16/after-bernies-tweet-unitedhealths-ceo-describes-wholesale-disruption-of-certain-medicare-proposals/,1555405800
UNH,"Sell in May, and Go Away? Maybe At Least Rotate? or Hedge…","This article discusses the ""Sell in May and go away"" adage for traders, exploring alternatives like rotating into less affected sectors or using inverse/leveraged inverse ETFs. It highlights potential opportunities in healthcare and technology stocks, citing specific companies and Direxion ETFs. The piece emphasizes that traders have choices to navigate seasonal market trends, whether by shifting focus or hedging against potential downturns.",https://etfdb.com/leveraged-inverse-content-hub/sell-in-may-go-away-maybe-at-least-rotate-or-hedge/,1555563165
UNH,Health-care stocks keep getting hammered — Wall Street says this is why,"Health-care stocks continue to face significant pressure, as Wall Street attributes the downturn to the evolving political landscape, including growing calls for lower drug prices and ""Medicare for All."" This political uncertainty is particularly impacting the sector, with notable health companies seeing substantial losses in the Dow Jones Industrial Average. An analyst noted that volatility in health-care stocks often increases during election cycles, suggesting a cyclical pattern to the current market behavior.",https://www.marketwatch.com/story/health-care-stocks-keep-getting-hammered-wall-street-says-this-is-why-2019-04-17?gaa_at=eafs&gaa_n=AWEtsqd3IVhooKVJQQymC-TJlqBlQM7eaI7jDbw-679qABKMlBeyZa6w5Ts3&gaa_ts=69080b73&gaa_sig=CgBnwl-MKM9W6-GRdOQVf6jukNc3L5eMm5q_VHqRzdgp4mMuLi4dL5_w3VQH0DDJ8d5q83aArYtvS6OgyJN9NA%3D%3D,1555572000
UNH,Anthem and UnitedHealth Group among top competitors to acquire Magellan Health,"Anthem and UnitedHealth Group are among the leading contenders to acquire Magellan Health, with the bidding process advancing to the second round. Analysts suggest Magellan's diverse assets, including Managed Medicaid and behavioral health benefits, would complement the acquirers' existing portfolios, especially in light of Anthem's development of IngenioRx and UnitedHealth's search for specialty Rx and regional players. The potential acquisition comes amidst pressure from activist investors for Magellan Health to sell itself to boost value after a significant drop in its stock price.",https://medcitynews.com/2019/04/anthem-and-unitedhealth-group-among-top-competitors-to-acquire-magellan-health/,1555677060
UNH,UnitedHealth CEO's pay passed $18 million in 2018; Optum chief got $21 million in his first year,"UnitedHealth Group Inc. CEO David Wichmann's pay exceeded $18 million in 2018. The Optum chief, who was not named in the provided text, received $21 million in his first year. This news comes as Wichmann recently voiced opposition to a single-payer healthcare system.",https://www.bizjournals.com/twincities/news/2019/04/22/unitedhealth-ceos-pay-passed-18-million-in-2018.html,1555955640
UNH,UnitedHealth CEO's pay was $21.5 million in 2018,"UnitedHealth Group CEO David Wichmann's total compensation for 2018 was $21.5 million, a significant decrease from his 2017 compensation when he cashed in stock options. This pay package included a salary of $1.3 million and was 316 times the median employee pay. The article also notes that former CEO Stephen Hemsley's 2018 pay was $65.6 million, largely due to exercised stock options and vested awards from prior years.",https://www.startribune.com/unitedhealth-ceo-s-pay-was-21-5-million-in-2018/508899402,1555978980
UNH,"Pfizer, McKesson, Others Join MediLedger’s Blockchain Project Working Group","Pfizer, McKesson, AmerisourceBergen, and Premier have joined the MediLedger Project Contracting and Chargebacks working group to leverage blockchain technology for improved supply chain efficiency. This initiative aims to streamline the complex chargeback process and enhance data integrity for the pharmaceutical industry. The MediLedger network is also establishing a decentralized blockchain for saleable return drug verification, with goals to go live by Q2 2019.",https://hitconsultant.net/2019/05/06/pfizer-mckesson-others-join-mediledgers-blockchain-project-working-group/,1557103904
UNH,UnitedHealth's David Wichmann buys record $4.6 million worth of UNH stock,"David Wichmann, CEO of UnitedHealth Group Inc., recently bought 20,000 shares of UnitedHealth stock for approximately $4.6 million. This purchase, made on May 3, represents a significant insider transaction. The article highlights other related news concerning UnitedHealth and its CEO, including previous salary information and company outlooks.",https://www.bizjournals.com/twincities/news/2019/05/07/unitedhealths-david-wichmann-buys-record-4-6.html,1557192737
UNH,Shaving Start-Up Harry’s Will Be Sold to Owner of Schick for $1.37 Billion (Published 2019),"Harry's, a shaving start-up, is being acquired by Edgewell Personal Care, the owner of Schick and Wilkinson razor brands, for approximately $1.37 billion in stock and cash. This deal highlights a trend of established companies purchasing younger, internet-born competitors, similar to Unilever's acquisition of Dollar Shave Club. Post-acquisition, Harry's founders, Andy Katz-Mayfield and Jeff Raider, will manage Edgewell's U.S. operations, aiming to strengthen their position as a distant second to Procter & Gamble's Gillette in the men's shaving market.",https://www.nytimes.com/2019/05/09/business/dealbook/harrys-edgewell-acquisition.html,1557360988
UNH,Shaving upstart Harry's is selling for $1.37 billion to the company that owns Schick razors,"Edgewell Personal Care, owner of Schick and Wilkinson razor brands, announced its plan to acquire U.S.-based shaving startup Harry's for $1.37 billion in a cash-and-stock deal. This acquisition aims to expand Edgewell's presence in the rapidly growing U.S. grooming market, with Harry's founders Andy Katz-Mayfield and Jeff Raider joining Edgewell's executive team. The deal makes Harry's the latest shaving startup bought by a larger rival, highlighting the increasing focus on the men's grooming industry.",https://www.cnbc.com/2019/05/09/edgewell-to-buy-shaving-startup-harrys-for-1point37-billion-nyt.html,1557380160
UNH,"2019 Women in Business Awards: Mary Welsh, UnitedHealth Group Inc.",Mary Welsh of UnitedHealth Group Inc. is recognized with a 2019 Women in Business Award for her role as chief security officer. She leads the largest organization worldwide with a female chief security officer and brings 20 years of public and private sector security experience to transform the role of women in the security industry.,https://www.bizjournals.com/twincities/news/2019/05/23/2019-women-in-business-awards-mary-welsh.html,1558575137
UNH,"Does an echocardiogram cost $210 or $1,830? UnitedHealth calls out price variation.","UnitedHealth Group's analysis of 12.5 million diagnostic tests in 2017 revealed significant price variations for common procedures like echocardiograms, ranging from $210 to $1,830. The report suggests that tackling this variation could save $18.5 billion, as current price differences are not tied to improved patient outcomes or provider quality, but rather market power. This finding echoes similar concerns raised by other insurers, such as Anthem, regarding the cost disparities in outpatient imaging.",https://www.healthcaredive.com/news/does-an-echocardiogram-cost-210-or-1830-unitedhealth-calls-out-price-va/555470/,1558661538
UNH,Quest Diagnostics says 12 million patients may have had their personal information exposed,"Quest Diagnostics announced that the personal information of 11.9 million customers may have been compromised. This breach occurred through AMCA, a billing vendor, which had an ""unauthorized user"" gain access to its system. The exposed data included Social Security numbers and medical information but not test results, and Quest has suspended its use of AMCA while an investigation is underway.",https://fox2now.com/news/quest-diagnostics-says-12-million-patients-may-have-had-their-personal-information-exposed/,1559576520
UNH,LabCorp: 7.7 Million Consumers Hit in Collections Firm Breach,"Medical testing giant LabCorp disclosed that personal and financial data on approximately 7.7 million consumers were exposed due to a breach at its third-party billing collections firm, American Medical Collection Agency (AMCA). This follows a similar disclosure by Quest Diagnostics, whose 11.9 million patients were also affected by the same breach, highlighting a widespread security issue with the collections firm. The exposed data for LabCorp consumers could include names, dates of birth, addresses, phone numbers, date of service, provider, balance information, and potentially credit card or bank account details.",https://krebsonsecurity.com/2019/06/labcorp-7-7m-consumers-hit-in-collections-firm-breach/,1559627100
UNH,Dividend Stock Analysis of UnitedHealth Group (UNH),"This article provides a dividend stock analysis of UnitedHealth Group (UNH), highlighting its consistent dividend growth over 10 years and recent 20% dividend increase. The author discusses the company's strong earnings growth, integrated business model, and potential resilience against political risks, making it an attractively valued stock for dividend growth investors.",https://www.dividendgrowthinvestor.com/2019/06/dividend-stock-analysis-of-unitedhealth.html,1560222000
UNH,"Kellogg’s, General Mills Are Investing in Their Small Competitors","Large food companies like Kellogg's and General Mills are increasingly investing in smaller, disruptive ""challenger brands"" through corporate venture capital arms. This strategy allows them to regain market share lost to agile startups that cater to changing consumer tastes and leverage digital marketing and lean operations. These investments provide challenger brands with capital, industry knowledge, and supply chain expertise, while helping established companies spur innovation.",https://www.uschamber.com/co/good-company/launch-pad/kellogs-general-mills-invest-in-smaller-brands,1560817627
UNH,How Tandem Diabetes Care found its way back from near-bankruptcy,"Tandem Diabetes Care has made a significant turnaround from near-bankruptcy in 2017 thanks to technological advancements, strategic financing, and competitor exits from the market. The company's t:slim X2 Insulin Pump and upcoming Control-IQ algorithm are driving growth, despite challenges like UnitedHealthcare's exclusive deal with Medtronic. Tandem aims to increase insulin pump market penetration by offering easy-to-use devices and is working to re-engage with major payers.",https://medcitynews.com/2019/06/how-tandem-diabetes-care-found-its-way-back-from-near-bankruptcy/,1560877800
UNH,UnitedHealth Group Wins FTC Approval Of DaVita Deal On Divestiture Conditions,"UnitedHealth Group received FTC approval for its $4 billion acquisition of DaVita Medical Group, but with conditions requiring the divestiture of a health plan network in Las Vegas to Intermountain Healthcare. The deal, which faced a long regulatory process due to monopoly concerns in the Las Vegas area, integrates DaVita Medical Group's practices into UnitedHealth's OptumCare. This acquisition is part of a broader trend of health insurers incorporating healthcare providers to offer coordinated care and lower costs.",https://www.forbes.com/sites/brucejapsen/2019/06/19/unitedhealth-group-wins-ftc-approval-of-davita-deal/,1560955080
UNH,UnitedHealth Agrees to Buy Payments Firm Equian for $3.2 Billion,"UnitedHealth Group has agreed to acquire health-care payments firm Equian for approximately $3.2 billion. Equian, currently owned by private-equity firm New Mountain Capital, specializes in payment-processing services for health-care companies and insurers, focusing on reducing overpayments. It is anticipated that Equian will be integrated into UnitedHealth's Optum health-services arm.",https://www.wsj.com/articles/unitedhealth-agrees-to-buy-payments-firm-equian-for-3-2-billion-11561071058?gaa_at=eafs&gaa_n=AWEtsqeSgZNv8vQIHSlpuf9TOjDftWSehxH-oxicsWovI21LVbR3hPR4nUnz&gaa_ts=69080947&gaa_sig=knG3NN-3N0ix5MUyxGgQE1LDP23xnV3LCPMZZS2IdHaZQEe8V2OM6HWO4gn1UA5Z9deCX9JuJnXiWOpLK7o9Mg%3D%3D,1560994337
UNH,UnitedHealthcare agrees to $3.2B deal to acquire payments firm Equian,"UnitedHealth Group plans to acquire healthcare payments firm Equian LLC for approximately $3.2 billion. This acquisition is expected to bolster Optum’s health services, especially given Equian's expertise in payment integrity and claims data management. The deal follows other significant acquisitions by UnitedHealth, including DaVita Medical Group, as the company continues to expand its healthcare services portfolio.",https://www.fiercehealthcare.com/payer/unitedhealthcare-agrees-to-3-2b-deal-to-acquire-payments-firm-equian,1561121280
UNH,UnitedHealth scoops up health tech startup PatientsLikeMe,"UnitedHealth Group has acquired PatientsLikeMe, an online network for individuals with chronic conditions. This acquisition follows the Trump administration's earlier nixed deal for PatientsLikeMe with a Chinese-investor-owned company. PatientsLikeMe will continue to operate independently within UnitedHealth Group's research and development arm, ensuring patient privacy.",https://www.fiercehealthcare.com/payer/unitedhealth-scoops-up-health-tech-startup-patientslikeme,1561446720
UNH,Omada Health Raises $73 Million to Accelerate Program Expansion,"Omada Health announced a $73 million funding round led by Wellington Management Company LLP to expand its digital care program, which includes support for chronic diseases, anxiety, and depression. The company's integrated approach, combining human coaching and technology, aims to provide personalized interventions and achieve sustainable health outcomes for its participants. This funding will help Omada deepen collaborations with health plans, employers, and health systems to further develop its personalized health programs.",https://www.prnewswire.com/news-releases/omada-health-raises-73-million-to-accelerate-program-expansion-300874939.html,1561529400
UNH,UnitedHealth Group Shuffles Senior Leadership,"UnitedHealth Group announced significant leadership changes at its two major divisions, with Dirk McMahon becoming CEO of UnitedHealthcare and Daniel Schumacher taking over McMahon's previous role as president and COO of Optum. These changes come as part of a strategic reshuffle amid strong company performance, including a 12 percent jump in annual revenue in 2018.",https://tcbmag.com/unitedhealth-group-shuffles-senior-leadership/,1561685536
UNH,"UnitedHealthcare Gets New CEO, as Division Execs Dance a Do-Si-Do","UnitedHealth Group announced leadership changes following the retirement of UnitedHealthcare CEO Steve Nelson. Dirk C. McMahon will succeed Nelson as UnitedHealthcare CEO, while Daniel J. Schumacher will take over McMahon's previous role as Optum's president and COO. These changes affect C-suite posts for both the UnitedHealthcare and Optum divisions.",https://www.healthleadersmedia.com/strategy/unitedhealthcare-gets-new-ceo-execs-dance-do-si-do,1561685537
UNH,UnitedHealth Group Shuffling C-Suite Executives,"UnitedHealth Group announced C-suite executive changes following the unexpected retirement of Steve Nelson, the top executive at UnitedHealthcare. Dirk McMahon will replace Nelson, while Daniel Schumacher will take over McMahon's role as president and chief operating officer of Optum. These leadership changes are effective immediately and come amidst political scrutiny from figures like Bernie Sanders regarding private insurers' roles in healthcare.",https://www.forbes.com/sites/brucejapsen/2019/06/28/unitedhealth-group-shuffling-c-suite-executives/,1561715040
UNH,Alpern accepted more pharma payments than any U.S. medical school dean in 2018,"Yale School of Medicine Dean Robert Alpern received $648,183 from pharmaceutical companies Abbott Laboratories and AbbVie, Inc. in 2018, making him the highest-paid medical school dean by pharmaceutical payments in the U.S. that year. He defended these payments as similar to those received by other deans serving on corporate boards, though data indicates his receipts were significantly higher than his peers and the average U.S. physician. The article also highlights a past instance where Alpern failed to disclose a conflict of interest related to his industry ties in a published study.",https://yaledailynews.com/blog/2019/07/03/alpern-accepted-more-pharma-payments-than-any-u-s-medical-school-dean-in-2018/,1562184660
UNH,UnitedHealth backs Inspire Medical’s sleep apnea implant,"UnitedHealthcare announced it will provide coverage for Inspire Medical Systems' obstructive sleep apnea therapy starting August 1. This decision follows similar coverage commitments from Aetna and several BlueCross BlueShield plans, broadening access to Inspire's hypoglossal nerve neurostimulation system. The expanded coverage boosts Inspire's total covered members to 125 million and contributed to a more than 4% rise in the company's stock.",https://www.medtechdive.com/news/unitedhealth-backs-inspire-medicals-sleep-apnea-implant/558351/,1562632602
UNH,The Big Three Generic Drug Mega-Buyers Drove Double-Digit Deflation in 2018. Stability ahead? (rerun),"This article analyzes how the three largest generic drug purchasing organizations drove double-digit deflation in generic drug prices in 2018. It profiles these ""mega-buyers"" – Red Oak Sourcing, Walgreens Boots Alliance with AmerisourceBergen, and Econdisc Contracting Solutions/Innovative Product Alignment – detailing their market impact and recent strategic moves. The author predicts a stabilization, and possible rise, in oral generic prices over the next 12 to 18 months due to manufacturers exiting highly competitive categories.",https://www.drugchannels.net/2019/07/the-big-three-generic-drug-mega-buyers.html,1562716650
UNH,Kroger Health and Myriad Genetics Launch Pilot Program to Improve the Treatment of Depression,"Kroger Health and Myriad Genetics have partnered to launch a pilot program aimed at improving the treatment of depression for Kroger Prescription Plan members. The program will utilize Myriad Genetics' GeneSight® pharmacogenomic test in nearly 500 Kroger pharmacies across five states. This genetic test helps clinicians personalize treatment plans by analyzing how a patient's genomics may affect psychiatric drugs, with the goal of improving outcomes, productivity, and lowering healthcare costs.",https://www.prnewswire.com/news-releases/kroger-health-and-myriad-genetics-launch-pilot-program-to-improve-the-treatment-of-depression-300882014.html,1562745600
UNH,UnitedHealth Group's political and financial heft just keeps growing,"UnitedHealth Group's stock fell despite raising profit projections, though its substantial financial power in the U.S. health care system remains. The company, which is more than just an insurer, continues to expand its reach into various health care services and actively lobbies to influence policy in its favor. Its growing influence means any health reforms must contend with its significant market presence and political efforts.",https://www.axios.com/2019/07/19/unitedhealth-empire-q2-health-reforms-lobbying,1563499936
UNH,Digital Health Care Startup Livongo Joins the List of Health-Tech Companies to IPOs This Year,"Digital health company Livongo is set to go public, pricing its shares at $28 apiece and raising $355 million, valuing the company at $2.5 billion. This IPO is part of a new wave of digital health companies entering public markets after a three-year drought, including other firms like Health Catalyst and Phreesia. Livongo, which provides technology to manage chronic conditions like diabetes, saw its revenue more than double in 2018, though its net losses also widened.",https://www.inc.com/business-insider/livongo-digital-health-tech-ipo-public-markets.html,1564014699
UNH,"Procter & Gamble shares jump on earnings beat, optimistic 2020 outlook despite Gillette write-down","Procter & Gamble reported stronger-than-expected fourth-quarter earnings and revenue, leading to a jump in share price, despite an $8 billion write-down of its Gillette brand. The company offered an optimistic forecast for fiscal 2020, projecting revenue growth of 3% to 4% and adjusted EPS growth of 4% to 9%. This performance was driven by strong organic sales growth, particularly in health care and fabric/home care segments, and strategic price increases.",https://www.cnbc.com/2019/07/30/procter-and-gamble-q4-2019-earnings.html,1564469400
UNH,$23.5M settlement reached in suit over acquisition of Louisville's Passport Health Plan,"A $23.5 million settlement was approved in November 2022 in a class-action lawsuit filed against Evolent Health regarding its acquisition of Louisville's Passport Health Plan. The lawsuit, filed by Saxena White P.A., alleged that Evolent Health and its executives made false and misleading statements to investors about the acquisition of the financially struggling Passport. The settlement applies to individuals and entities who purchased or acquired Evolent Health stock between January 10, 2018, and May 28, 2019.",https://www.courier-journal.com/story/money/companies/2019/08/10/passport-health-plan-in-louisville-evolent-health-sued-over-deal/1976102001/,1565396204
UNH,DaVita Medical names new NM regional president,"Jack Towsley has been appointed as the new president of DaVita Medical Group’s New Mexico region. This announcement follows DaVita Inc.'s prior sale of its subsidiary DaVita Medical Group to Collaborative Care Holdings LLC, a subsidiary of UnitedHealth Group Inc., for $4.34 billion.",https://www.bizjournals.com/albuquerque/news/2019/08/20/davita-medical-names-new-nm-regional-president.html,1566259946
UNH,Cigna mulling sale of group benefits insurance business: report,"Cigna is reportedly considering selling its group benefits insurance business, including disability, life, and accidental death and dismemberment plans, which are valued at $6 billion. This potential divestiture aligns with Cigna's strategy to intensify its focus on healthcare, following its acquisition of pharmacy benefit manager Express Scripts. The move reflects a broader trend of vertical consolidation among major healthcare players.",https://www.fiercehealthcare.com/payer/cigna-mulling-sale-group-benefits-insurance-business-report,1566306840
UNH,Cigna Health Services Business Pioneers an Innovative Solution to Affordably Bring Life-Changing Therapies to Patients,"Cigna's health services business is launching Embarc Benefit Protection℠, an innovative solution designed to make breakthrough, potentially life-changing therapies more affordable and accessible for patients. This new offering combines the expertise of Express Scripts, eviCore, Accredo, and CuraScript SD to protect consumers from out-of-pocket costs and shield organizations from high-priced medicine shocks. The program aims to address the rapidly increasing cost of gene therapies, with an intention to include treatments like Luxturna™ and Zolgensma®.",https://newsroom.thecignagroup.com/cigna-health-services-business-pioneers-an-innovative-solution-to-affordably-bring-life-changing-therapies-to-patients,1567641704
UNH,Phreesia partnering with North Carolina DHHS on social determinants of health screening,"Phreesia is collaborating with the North Carolina Department of Health and Human Services on a $650 million Healthy Opportunities pilot project to screen patients for social determinants of health. This partnership allows North Carolina healthcare providers to use Phreesia's platform to identify patients with unmet social needs, aligning with Phreesia's mission to help manage healthcare costs and improve outcomes. The announcement was made during Phreesia's second-quarter earnings call, which reported significant revenue growth following its public debut, though adjusted EBITDA was lower than the prior year due to increased operating expenses.",https://www.fiercehealthcare.com/tech/heels-strong-q2-revenue-growth-phreesia-announces-partnership-north-carolina-social,1568106300
UNH,UnitedHealth Group acquires 'payment integrity' firm,"UnitedHealth Group has acquired Equian, an Indiana-based ""payment integrity"" firm, reportedly for $3.2 billion. Equian helps insurance companies recover inaccurate payments and ensures efficient use of healthcare dollars. This acquisition aligns with Optum's strategy to provide end-to-end payment integrity solutions.",https://www.startribune.com/unitedhealth-group-acquires-payment-integrity-firm/560239052,1568431380
UNH,Medicare Advantage open enrollment starts this week. Here are the health plans' star ratings for 2020,"Medicare Advantage open enrollment for 2020 begins with beneficiaries expected to enroll in plans with higher star ratings and lower premiums. The Centers for Medicare & Medicaid Services reported that 81% of beneficiaries with drug coverage will be in a plan with four stars or more, and premiums have decreased by about 14%. Kaiser Permanente leads the star ratings with an average of 4.6 stars, while other major insurers like UnitedHealthcare, Cigna, and Anthem also performed well.",https://www.fiercehealthcare.com/payer/kaiser-permanente-s-ma-plans-lead-pack-newly-released-2020-star-ratings,1570805940
UNH,U.S. Stock ETFs Jump on Promising Start to Earnings Season,"U.S. stock ETFs surged due to a strong start to the third-quarter earnings season, driven by upbeat results from companies like UnitedHealth Group, Johnson & Johnson, and JPMorgan Chase. Despite this optimism, Wall Street analysts maintain a pessimistic outlook for overall S&P 500 earnings, forecasting a significant drop. Meanwhile, global markets remain cautious due to ongoing U.S.-China trade tensions.",https://www.etftrends.com/innovative-etfs-content-hub/us-stock-etfs-jump-on-promising-start-to-earnings-season/,1571098314
UNH,David Dalvey,"David Dalvey, managing general partner at Brightstone Venture Capital, is recognized for his significant board service to Celcuity Inc. He played a crucial role in the biotech firm's growth, including its 2017 IPO. Dalvey's investment philosophy prioritizes people and the importance of solving significant problems, drawing on his extensive experience as an investor and board member for numerous successful startups.",https://tcbmag.com/honors/david-dalvey/,1571184089
UNH,UnitedHealth Raises Profit View as Revenue from Pharmacy Benefits Grows,"UnitedHealth Group Inc. raised its 2019 earnings forecast for the third time this year, driven by strong revenue growth in its pharmacy benefits unit and core health insurance business. The company also surpassed Wall Street profit estimates, with its shares rising in premarket trading. This positive outlook comes despite increased scrutiny on healthcare costs ahead of the 2020 U.S. presidential elections.",https://programbusiness.com/news/unitedhealth-raises-profit-view-revenue-pharmacy-benefits-grows/,1571189537
UNH,UnitedHealthcare plan faces Medicare sanction,"UnitedHealthcare is facing enrollment restrictions in 2020 for one of its Medicare Advantage health plan contracts due to not meeting the required 85% Medical Loss Ratio (MLR) for three consecutive years. The company attributed this non-compliance, in part, to a reduction in tax liability from federal legislation and states that current enrollees will maintain coverage and benefits. UnitedHealthcare anticipates resuming enrollment in 2021 after achieving the MLR threshold in 2019.",https://www.startribune.com/unitedhealthcare-plan-faces-medicare-sanction/563068872,1571236200
UNH,DNA Tests For Psychiatric Drugs Are Controversial But Some Insurers Are Covering Them,"Genetic tests aiming to match patients with psychiatric medications are gaining insurance coverage despite controversy over their efficacy. UnitedHealthcare began covering these tests, and other insurers are expected to follow, fueling a market where companies like Myriad Genetics are seeing significant sales. While some advocate for their use as an additional tool, many researchers and even the FDA express skepticism due to weak evidence and the potential for inappropriate treatment decisions.",https://www.npr.org/sections/health-shots/2019/10/17/766473930/dna-tests-for-psychiatric-drugs-are-controversial-but-some-insurers-are-covering,1571329500
UNH,‘We’re Not As Healthy As We Should Be.’ Fitbit CEO James Park Discusses New AFib Detection Partnership With Bristol-Myers Squibb-Pfizer,"Fitbit CEO James Park announced a new partnership with Bristol-Myers Squibb-Pfizer Alliance to detect symptoms of atrial fibrillation (AFib) at the TIME 100 Health Summit. Park emphasized Fitbit's transformation into a ""behavior-change company"" to address serious health conditions and rising healthcare costs, contrasting their approach with competitors by focusing on education instead of just alerts. Fitbit is also in talks with the FDA for approval of its AFib detection software and highlights the profound impact of data from wearables on public health and cost savings.",https://time.com/5702746/fitbit-james-park-afib-time-100-summit/,1571333880
UNH,Who is UnitedHealthcare?,"This article by Texas Dentists for Medicaid Reform (TDMR) introduces UnitedHealthcare, which is set to be awarded the third DMO contract for Texas Medicaid. It provides background on UnitedHealth Group, detailing its size, presence in Medicaid/Medicare programs across 30 states, and involvement in Texas. The article also highlights some controversies surrounding the company and presents a Harris County CHIP report card as an indicator for dentists.",https://www.tdmr.org/who-is-united-healthcare/,1571880737
UNH,New York Regulator Probes UnitedHealth Algorithm for Racial Bias,New York's Department of Financial Services is investigating a UnitedHealth Group Inc. algorithm for potential racial bias. A study suggested the algorithm prioritized care for healthier white patients over sicker black patients. The regulator has asked UnitedHealth to demonstrate the algorithm is not discriminatory or cease its use.,https://www.wsj.com/articles/new-york-regulator-probes-unitedhealth-algorithm-for-racial-bias-11572087601?gaa_at=eafs&gaa_n=AWEtsqcgDU7gQcyOtYV6A0PH6kEli157O6TgfX3lv35WuwZDdFAlfaO-A0sb&gaa_ts=69080942&gaa_sig=yu6bxa6Fg2u8Pn1J84wmbTinmOqlgoLFR4EFh2wbYPjvANswZw32aFTFMoS0492ZfQIrwZcl3jNmuQfK-nZKXw%3D%3D,1572053536
UNH,Regulators probe racial bias with UnitedHealth algorithm,"New York regulators are investigating UnitedHealth Group over an algorithm researchers say exhibits racial bias, leading to poorer care for black patients. The ""Impact Pro"" algorithm, which helps hospitals assess patient health risks and manage care, is criticized for underestimating the health needs of black patients because it predicts healthcare costs rather than illness, and black patients historically have had less access to care. Regulators are calling on UnitedHealth to either demonstrate the algorithm is not discriminatory or cease its use.",https://www.startribune.com/regulators-probe-racial-bias-with-unitedhealth-algorithm/563997722,1572307140
UNH,"UnitedHealth, an insurance giant, just scooped up patient monitoring start-up Vivify Health","Optum, a division of UnitedHealth Group, has acquired Vivify Health, a patient-monitoring start-up specializing in remote patient monitoring. The acquisition allows UnitedHealth to expand its footprint in the growing market for remote health tools, which aims to reduce costly emergency room visits by intervening earlier. The terms of the deal were not disclosed, but Vivify Health had previously raised over $20 million in funding.",https://www.cnbc.com/2019/10/30/unitedhealthcare-acquires-vivify-health-patient-monitoring-start-up.html,1572458580
UNH,"Teladoc revenues, visits rise on heels of UnitedHealth contract","Teladoc Health reported a significant rise in third-quarter revenue and visits, partly driven by a contract with UnitedHealthcare. Despite the revenue growth, the company experienced a net loss for the quarter. Analysts remain optimistic about Teladoc's future due to its diversified platform, new service launches, and increased flexibility for telehealth benefits in Medicare Advantage plans.",https://www.healthcaredive.com/news/teladoc-revenues-visits-rise-on-heels-of-unitedhealth-contract/566311/,1572485203
UNH,Optum Acquires Remote Patient Monitoring Company Vivify Health,"Optum, a division of UnitedHealth Group, has acquired Vivify Health, a remote patient monitoring company based in Plano, TX. Vivify Health provides a cloud-based, device-agnostic platform for holistic remote care management, serving large health systems and organizations. The terms of the acquisition were not disclosed, and Vivify Health had previously raised $23.4M in funding.",https://hitconsultant.net/2019/11/01/unitedhealth-optum-acquires-vivify-health/,1572571937
UNH,"Health Insurance Market Competition Landscape and Demands Till 2025: ICICI Lombard, Aviva, AXA, Zurich Insurance Group Ltd., International Medical Group, UnitedHealth Group Inc., Bupa, Blue Cross, Liberty International Insurance, AIG, MetLife & More","This article analyzes the global health insurance market, projecting significant growth from 2018 to 2025 due to strategies like new product launches and expansions by major players. It highlights key market drivers such as increasing surgical procedures and a rising geriatric population, along with restraints like high costs. The report also identifies major market segments, types of coverage, providers, plans, and key geographic regions and companies involved.",https://www.openpr.com/news/1489827/health-insurance-market-competition-landscape-and-demands-till-2025-icici-lombard-aviva-axa-zurich-insurance-group-ltd-international-medical-group-unitedhealth-group-inc-bupa-blue-cross-liberty-international-insurance-aig-metlife-more.html,1572602940
UNH,Optum CEO Andrew Witty named UnitedHealth Group president,"Sir Andrew Witty, currently the CEO of Optum, has been appointed president of UnitedHealth Group Inc. He will continue to serve in his role as Optum CEO. The announcement was made by the company on a Monday morning.",https://www.bizjournals.com/twincities/news/2019/11/11/optum-ceo-andrew-witty-named-unitedhealth-group.html,1573435936
UNH,Why Anthem Stock Climbed 12.1% in October,"Anthem's stock rose 12.1% in October due to better-than-expected earnings and guidance, influenced by strong reports from rival UnitedHealth and its own positive third-quarter results. The company reported increased sales, EPS, membership growth, and higher premiums, along with positive guidance for full-year EPS, which helped alleviate investor concerns about ""Medicare for all"" plans.",https://www.fool.com/investing/2019/11/11/why-anthem-stock-climbed-121-in-october.aspx,1573490460
UNH,UnitedHealth Group names Optum CEO as president,"UnitedHealth Group has appointed Andrew Witty, CEO of its Optum division, as president of the parent company. Witty will continue his role at Optum while overseeing enterprise business strategy, a move aimed at accelerating innovation and growth for the company's health system development. David Wichmann remains the chief executive of UnitedHealth Group.",https://www.startribune.com/unitedhealth-group-names-optum-ceo-as-president/564813482,1573612980
UNH,"UnitedHealth's move to new $35M De Pere office would retain jobs, create new opportunity in Howard","UnitedHealth Group is planning a $35 million move to a new office building in De Pere, which aims to provide a more modern and right-sized workspace for its Brown County workforce of over 1,000 employees. The move is supported by approximately $4 million in city assistance from De Pere, including land purchase rebates, property tax rebates, and road improvements. This relocation will also create a new commercial opportunity for UnitedHealth's existing five-story headquarters building in Howard.",https://www.greenbaypressgazette.com/story/money/2019/11/15/unitedhealth-move-de-pere-office-building-city-incentives/4202336002/,1573781537
UNH,"Market rotation persists, Russell 2000 tags 52-week high","U.S. stocks are higher early Monday, driven by trade-related optimism and marking the beginning of a holiday-shortened week. The S&P 500 reached a new record high, while the Russell 2000 Index achieved a 52-week high, indicating rotational price action in the market. Financials are approaching a 12-year peak.",https://www.marketwatch.com/story/market-rotation-persists-russell-2000-tags-52-week-high-2019-11-25?gaa_at=eafs&gaa_n=AWEtsqenYcIvPMoRtjstMyV78L0jCkdCyBYuzp0K7yp1x23lKDEMEkRuM89K&gaa_ts=6907fd58&gaa_sig=GKiz9Midx9AVPo5_zvq-XopqN1ZulhxiPqxDN2zgCNAUpyqroMmh4j7vRHIzL96etGPORUuSRXi5jlUsmTr6DA%3D%3D,1574683140
UNH,Alexa can remind you to take your medication,"Amazon's Alexa has launched new features allowing select customers to set medication reminders and request prescription refills through voice commands, in partnership with Omnicell and Giant Eagle Pharmacy. This initiative aims to simplify medication management at home while prioritizing user privacy and security through voice profiles and personal passcodes. Amazon plans to expand these features to more pharmacies in the future, highlighting the ongoing innovation in voice technology for healthcare.",https://www.aboutamazon.com/news/devices/new-ways-to-manage-your-medications-at-home-using-alexa,1574730108
UNH,UnitedHealth Group: 2020 Revenues To Eclipse $260B,"UnitedHealth Group announced that its 2020 revenues are projected to surpass $260 billion, an increase of about 9% from the previous year. The company, through its UnitedHealthcare and Optum units, is expanding its health insurance and medical care provider businesses. This outlook reinforces its position as a key industry bellwether, with rivals also actively expanding their healthcare provision.",https://www.forbes.com/sites/brucejapsen/2019/12/02/unitedhealth-group-2020-revenues-to-eclipse-260b/,1575310020
UNH,UnitedHealth & AXA remain world’s largest insurers by NPW,"UnitedHealth Group Incorporated and AXA maintained their positions as the world's largest insurers by net premiums written (NPW) in 2018. While several Japanese insurers dropped out of the top 25, companies like Ping An Insurance, Kaiser Foundation Group of Health Plans, Liberty Mutual, MetLife, and Healthcare Services Corp saw significant movement or new entry into the list. The article also highlights the ranking by non-banking assets, where AXA overtook Allianz.",https://www.reinsurancene.ws/unitedhealth-axa-remain-worlds-largest-insurers-by-npw/,1575336738
UNH,UnitedHealth projects major revenue boost in 2020 on the back of continued Optum growth,"UnitedHealth Group projects significant revenue growth in 2020, estimating between $260 billion and $262 billion, driven largely by its Optum division. Optum, which provides pharmacy benefit management and care services, is expected to continue its double-digit growth and contribute over half of the company's after-tax operating earnings. UnitedHealth also aims to improve its Medicare Advantage business, particularly by leveraging OptumCare's presence.",https://www.fiercehealthcare.com/payer/unitedhealth-projects-242b-2019-revenue-offers-2020-guidance-262b-revenue,1575358080
UNH,"David Tepper Trims UnitedHealth, Exits Intelsat","David Tepper, head of Appaloosa Management, made several adjustments to his firm's portfolio during the third quarter of 2019. Notable moves include significantly trimming holdings in UnitedHealth Group and Humana, and completely exiting positions in Intelsat and Centene Corp. Tepper also reduced stakes in SPDR S&P Oil & Gas Exploration & Production ETF, Mr. Cooper Group, and Clearway Energy.",https://finance.yahoo.com/news/david-tepper-trims-unitedhealth-exits-200143393.html,1575403303
UNH,"Anthem Data Breach, Ross Class Action Settlements Paying Out","Top Class Actions viewers are reportedly receiving payments from two class action settlements: an Anthem data breach settlement and a Ross ""compare at"" pricing settlement. The Anthem settlement, valued at $115 million, addresses a 2015 data breach that compromised the personal information of 79 million individuals, with Class Members receiving checks for out-of-pocket losses. The Ross settlement, for $4.85 million, compensates customers who were allegedly misled by deceptive ""compare at"" pricing, with gift cards being distributed.",https://topclassactions.com/lawsuit-settlements/class-action-settlement-checks-mailed/anthem-data-breach-ross-class-action-settlements-paying-out/,1575422163
UNH,UnitedHealth Group touts Optum effect on its corporate growth,"UnitedHealth Group is projecting significant revenue growth for the coming year, largely driven by its Optum division for health care services, including pharmacies and clinics. While the core health insurance business faces some challenges like stagnant enrollment and weak performance in certain markets, Optum's strong growth is expected to contribute over 50% of the company's earnings in 2020. The company revealed financial forecasts for 2019 and 2020, projecting revenue of $242 billion for 2019 and $260 billion to $262 billion for 2020, with corresponding adjusted net earnings per share.",https://www.startribune.com/unitedhealth-group-touts-optum-effect-on-its-corporate-growth/565738182,1575423360
UNH,UnitedHealth's Witty describes Optum's ambitions for 'seamless' consumer health experience,"Optum, a division of UnitedHealth, aims to create a ""seamless"" healthcare experience for consumers at the local level by leveraging its vast care services and technology infrastructure. The company is building a digital platform to connect directly with patients and providers, rolling out this experience city by city. Optum expects to be a major driver of UnitedHealth's growth, contributing significantly to its operating earnings.",https://www.fiercehealthcare.com/payer/unitedhealth-president-andrew-witty-optum-to-roll-out-seamless-healthcare-city-by-city,1575493860
UNH,UnitedHealth Group to acquire specialty pharmacy Diplomat in $300M deal,"UnitedHealth Group announced its acquisition of Diplomat, a specialty pharmacy and infusion services provider, for $300 million or $4 per share. Diplomat will be integrated into OptumRx, Optum’s pharmacy services division. This acquisition aims to improve health outcomes and lower care costs, expanding OptumRx's innovative specialty pharmacy and infusion solutions.",https://www.fiercehealthcare.com/payer/unitedhealth-group-to-acquire-specialty-pharmacy-diplomat-300m-deal,1575890220
UNH,Progressive: Report on Political Spending Related to Company Values and Policies,"Shareholders are requesting The Progressive Corporation issue a public report detailing risks and costs associated with state policies affecting reproductive rights, and strategies to mitigate these risks. This request stems from concerns about the impact of such policies on employee hiring, retention, productivity, and the company's brand, especially given Progressive's stated commitment to diversity and inclusion. The resolution, filed by As You Sow, recommends the report evaluate impacts on employees and brand risks, and include public policy advocacy and human resource strategies.",https://www.asyousow.org/resolutions/2019/12/10/progressive-corporation-report-on-political-spending-related-to-company-values-and-policies,1575940000
UNH,UnitedHealth Group paying $300 million for specialty pharmacy,"UnitedHealth Group's Optum unit is acquiring Diplomat Pharmacy, a Michigan-based specialty pharmacy business, for approximately $300 million plus assumed debt. The deal, valued at about $540 million including debt, is set to expand OptumRx's services, particularly in specialty pharmacy and infusion. Analysts noted that while Diplomat struggled with its PBM business, the acquisition is seen as a strategic and financial positive for UnitedHealth Group.",https://www.startribune.com/unitedhealth-group-paying-300-million-for-specialty-pharmacy/565965071,1575979920
UNH,Omada Health Selected for Express Scripts Industry-First Digital Health Formulary,"Omada Health announced that its digital care programs for Diabetes Prevention, Type 2 Diabetes, and Hypertension will be included on the Express Scripts Digital Health Formulary starting in early 2020. This inclusion, which followed a rigorous four-stage selection process, will make Omada's personalized, human-led care experiences available to Express Scripts clients, including employers and group health plans. Omada expects this partnership to provide tens of millions of individuals across the country with access to their chronic disease programs, reinforcing the shift towards digital care in healthcare.",https://www.prnewswire.com/news-releases/omada-health-selected-for-express-scripts-industry-first-digital-health-formulary-300973637.html,1576144800
UNH,Cigna Will Sell Non-Medical Insurance Unit To New York Life For $6.3 Billion,Cigna announced it would sell its group life and disability insurance unit to New York Life Insurance for $6.3 billion to better focus on its healthcare businesses. The proceeds from the sale will be used to increase Cigna's share repurchase authority by $3 billion and pay down debt from its acquisition of Express Scripts. New York Life sees the acquisition as an opportunity to add millions of new policyholders.,https://www.forbes.com/sites/brucejapsen/2019/12/18/cigna-will-sell-non-medical-insurance-unit-to-new-york-life-for-63-billion/,1576656420
UNH,Will you be covered?,"Cigna insurance customers, including Seacoast educators and University System of New Hampshire employees, may lose in-network coverage at Portsmouth Regional Hospital and HCA Healthcare services starting February 1st due to an ongoing dispute over rates. Both parties express hope for a resolution, but unions are concerned about the potential impact on their members, highlighting cases like a high-risk pregnancy patient unsure if she can deliver at her hospital.",https://www.fosters.com/story/news/2020/01/10/will-you-be-covered-patients-snared-in-negotiations/1916699007/,1578693661
UNH,FedEx Earns No. 14 Spot on the FORTUNE World’s Most Admired Companies List,"FedEx Corp. (NYSE: FDX) has been named the No. 14 most admired company in the world by FORTUNE magazine, marking its 20th consecutive year on the list. The company tied with American Express and Netflix and was the only company in the Delivery category to rank in the Top 20. This recognition highlights FedEx's strong financial performance and corporate reputation, attributed to its 490,000 team members globally.",https://newsroom.fedex.com/newsroom/united-states/fedex-earns-no-14-spot-on-the-fortune-worlds-most-admired-companies-list,1579592100
UNH,The World Congress 8th Annual Patient Congress,"The 8th Annual World Congress Patient Congress, scheduled for April 6-7, 2020, in Philadelphia, focuses on improving patient access and health outcomes. The event features multiple tracks, including Patient Adherence and Engagement, Patient Advocacy, and a Copay Summit, with speakers from prominent healthcare organizations. Drug Channels readers can receive a discount by registering with a special promo code by March 31, 2020.",https://www.drugchannels.net/2020/02/the-world-congress-8th-annual-patient.html,1580768180
UNH,Encompass Health’s 2020 M&A Strategy Leans Towards Hospice,"Encompass Health (NYSE: EHC) plans to focus its 2020 M&A strategy on larger acquisitions in the home health and hospice space, with a particular emphasis on hospice due to disruptions in home health caused by the Patient Driven Groupings Model (PDGM). The company anticipates targeting private equity-backed firms despite high industry multiples, aiming to invest $50 million to $100 million in growth opportunities. This strategy follows a successful 2019 acquisition of Alacare Home Health & Hospice, which significantly boosted its hospice admissions and segment growth.",https://hospicenews.com/2020/02/10/encompass-acquisitions-2020-ma-strategy-leans-towards-hospice%EF%BB%BF/,1581372688
UNH,UnitedHealth is making more money from things that have nothing to do with health insurance,"UnitedHealth Group, primarily known as a health insurance carrier, is increasingly generating profit from its Optum subsidiaries, which focus on services outside traditional health insurance. In Q4 2019, Optum's profit surpassed UnitedHealthcare's, largely driven by OptumRx and other healthcare services like physician practices and urgent care clinics. This shift indicates UnitedHealth's strategy to become a broader healthcare provider beyond just insurance.",https://www.axios.com/2020/02/12/unitedhealth-money-profit-unitedhealthcare-optum,1581550299
UNH,Publicly traded health insurers' revenue nears $1 trillion mark,"Publicly traded health insurers are approaching a significant financial milestone, with their total revenue nearing $1 trillion. This figure highlights the substantial economic scale and growth within the health insurance sector.",http://www.modernhealthcare.com/finance/publicly-traded-health-insurers-revenue-nears-1-trillion-mark/,1582057740
UNH,Subi Sethi Joins Clearwater as Chief Client Officer,"Clearwater Analytics announced that Subi Sethi has joined the company as Chief Client Officer, responsible for leading the firm’s global operations team. Sethi brings extensive experience in driving operational transformation and will oversee Global Delivery, Data, Reconciliation, Client Services, and Strategic Account Management teams. Her focus will include uniting and creating efficiencies across Clearwater's international offices to strengthen global servicing capabilities.",https://www.businesswire.com/news/home/20200218005317/en/Subi-Sethi-Joins-Clearwater-as-Chief-Client-Officer,1582063591
UNH,"Checkup for $30, Teeth Cleaning $25: Walmart Gets Into Health Care","Walmart is entering the healthcare market by offering low-cost medical services such as $30 checkups and $25 teeth cleanings in its new Walmart Health centers. This initiative aims to capture a share of the $3.6 trillion health spending by leveraging its large customer base and providing accessible care, even for those without insurance. The retail giant's move positions it as a competitor to existing healthcare providers like CVS and Amazon in communities nationwide.",https://www.bloomberg.com/news/articles/2020-02-25/walmart-takes-on-cvs-amazon-with-low-price-health-care-clinics,1582624800
UNH,"American Express, Dow Inc. share losses contribute to Dow's nearly 850-point fall","The Dow Jones Industrial Average is experiencing a significant decline, largely due to losses in American Express and Dow Inc. shares. American Express shares are down 5.6% and Dow Inc. shares are down 5.4%, contributing substantially to the index's nearly 850-point intraday fall. Other companies like Visa, UnitedHealth, and United Technologies are also adding to the market downturn.",https://www.marketwatch.com/story/american-express-dow-inc-share-losses-contribute-to-dows-nearly-850-point-fall-2020-02-25?gaa_at=eafs&gaa_n=AWEtsqcl18H3xuUItq1u8VAkY03TovgWUeIQpuUHLe8J-vYk9uIGjKydUDDL&gaa_ts=6907d937&gaa_sig=MUM1lvBA0kaJIqhxEMYt7_l0PjM9JoZKdDcVFO4m1TPLz9FZV2WvdKkr7I6x502yr8QNd8Kn5EDtHTENCjrM6Q%3D%3D,1582644120
UNH,Why Apple and Johnson & Johnson's new heart study is a big deal for digital health,"Apple and Johnson & Johnson are partnering on a large-scale study to determine if the Apple Watch can detect atrial fibrillation in seniors, making it one of the largest randomized digital health trials ever. The study involves a unique collaboration between a tech company, a pharma giant, and a retailer (Best Buy), aiming to provide subsidized Apple Watches to 150,000 participants and address cardiologists' concerns about broad-based screening by focusing on a high-risk demographic. If successful, the initiative could lead to private Medicare plans covering Apple Watches and advance the concept of ""aging in place"" through digital health solutions.",https://www.cnbc.com/2020/02/25/apple-johnson-johnson-heart-study-is-a-big-deal-for-digital-health.html,1582644720
UNH,Needy Patients ‘Caught In The Middle’ As Insurance Titan Drops Doctors,"UnitedHealthcare is dropping hundreds of doctors from its New Jersey Medicaid network, forcing thousands of low-income patients to find new physicians. Doctors allege that UnitedHealthcare is attempting to steer patients toward Riverside Medical Group, which is owned by its sister company, Optum, both subsidiaries of UnitedHealth Group. This move highlights concerns about ""vertical consolidation"" in healthcare and its impact on patient-doctor relationships and healthcare costs.",https://kffhealthnews.org/news/needy-patients-caught-in-the-middle-as-insurance-titan-drops-doctors/,1582673500
UNH,Change Healthcare Inc. Announces the Completion of Split-Off of McKesson’s Ownership Interest,"Change Healthcare Inc. announced the successful completion of McKesson Corporation's disposition of its ownership interest in Change Healthcare. This transaction involved an exchange offer where McKesson stockholders received Change Healthcare shares, making Change Healthcare an independent market leader. The company's CEO, Neil de Crescenzo, highlighted their established platform, innovation engine, and strong customer relationships position for future growth.",https://www.businesswire.com/news/home/20200310005594/en/Change-Healthcare-Inc.-Announces-the-Completion-of-Split-Off-of-McKessons-Ownership-Interest,1583880410
UNH,"Opinion: As Bernie Sanders is essentially finished, health-care stocks are screaming buys","This opinion piece argues that healthcare stocks have become ""screaming buys"" due to Bernie Sanders's diminishing chances of winning the presidency, which removes the threat of ""Medicare for All."" Despite concerns about the U.S. healthcare system's preparedness for COVID-19 and a recent drop in healthcare stock prices, investors are advised to consider these stocks given the changed political landscape. The article suggests that Joe Biden's looming victory eliminates a major political risk for the sector.",https://www.marketwatch.com/story/bernie-sanders-is-finished-and-health-care-stocks-are-screaming-buys-2020-03-11?gaa_at=eafs&gaa_n=AWEtsqcrXFBGSVRWttvsLfNpjNFzFkoMlu_kOvRiNl5PY7fOB-90EMdEcn2P&gaa_ts=6907e85f&gaa_sig=sdiyMdy5mTDgUi27oBDtG0IR2j2pT9_wL9dUJUIBGHqOx85qHwaiovpVSMnKVL-Q158EeMdjJ9Lo0HojVVTpdg%3D%3D,1583946060
UNH,"Furloughed vs Laid Off: Advantages, Disadvantages, and Differences","This article explains the differences between furloughs and layoffs, their implications for employees and employers, especially concerning pay, benefits, and unemployment eligibility during economic downturns like the COVID-19 pandemic. It details how each affects hourly versus salaried staff, PTO, and healthcare continuation, including ACA and COBRA considerations. The piece also outlines the critical rule that furloughed employees cannot perform any work during their time off.",https://www.trinet.com/insights/furloughed-vs-laid-off-advantages-disadvantages-and-differences,1585697202
UNH,UnitedHealth Group Accelerates Nearly $2 Billion in Payments and Support to Health Care Providers to Help with COVID-19 Financial Challenges,UnitedHealth Group announced it is accelerating nearly $2 billion in payments and financial support to health care providers in the U.S. to help address the financial pressures caused by the COVID-19 emergency. This initiative includes accelerating claim payments and providing up to $125 million in small business loans to clinical operators. The move aims to allow care providers to focus on delivering essential care during the pandemic.,https://www.unitedhealthgroup.com/newsroom/2020/2020-04-07-uhg-accelerates-payments-support-providers.html,1586302299
UNH,"Lawsuits accuse United, Cigna of underpaying for behavioral health claims","Four class-action lawsuits have been filed against United Behavioral Health and Cigna Behavioral Health, accusing them of underpaying providers for mental health services. The lawsuits allege that the insurers used a third-party vendor, Viant, to negotiate dramatically reduced reimbursements, leading to significant balance bills for patients and breach of contract for providers. Patients and providers are seeking justice in federal courts, claiming that regulators have ignored their complaints about these unethical practices.",https://medcitynews.com/2020/04/lawsuits-accuse-united-cigna-of-underpaying-for-behavioral-health-claims/,1586453340
UNH,Draganfly Selected to Develop “Pandemic Drone”,"Draganfly has been selected to develop a ""pandemic drone"" in response to the COVID-19 crisis, designed to detect infectious and respiratory conditions in groups of people. Working with Vital Intelligence Inc. and the University of South Australia, the drone will utilize various sensors and AI to monitor heart rate, respiratory rate, blood pressure, sneezing, coughing, and fever, while also measuring social distancing. The initial deployment is planned for U.S. ""hot zones"" like New York, with potential future applications in public safety and workplace monitoring.",https://insideunmannedsystems.com/draganfly-selected-to-develop-pandemic-drone/,1586729246
UNH,HCA profit down 45% amid COVID-19 volume depression,"HCA Healthcare reported a nearly 45% drop in first-quarter 2020 profit to $581 million, missing Wall Street expectations, due to significantly lower patient volumes caused by the COVID-19 pandemic. The company withdrew its 2020 guidance and adjusted its capital allocation strategy, including suspending share repurchases and dividends, while also developing a reboot and recovery plan. Despite the financial headwinds, HCA has avoided layoffs by redeploying staff and implementing a special pandemic pay program, with senior leadership taking pay cuts.",https://www.healthcaredive.com/news/hca-profit-down-45-amid-covid-19-volume-depression/576419/,1587508032
UNH,"$350,000 on Hand Sanitizer: How Werner is Responding to the COVID-19 Pandemic","Werner Enterprises has spent over $350,000 on hand sanitizer and implemented comprehensive measures to protect its drivers and employees during the COVID-19 pandemic. CEO Derek Leathers emphasizes compassion and data-driven decisions, drawing on the company's existing pandemic plan and emergency response experience. Werner has adapted to significant disruptions in supply chains, with executives taking salary reductions while supporting drivers with pay if impacted by the virus.",https://www.truckinginfo.com/356592/350-000-on-hand-sanitizer-how-werner-is-responding-to-the-covid-19-pandemic,1587598590
UNH,CEO Pay Watch: UnitedHealth's David Wichmann made more than $52 million last year,"UnitedHealth Group CEO David Wichmann earned over $52 million in 2019, while former CEO Stephen Hemsley also made over $50 million, primarily from exercised stock options and vested restricted stock. Their compensation was largely due to long-term equity awards granted in previous years. Despite the COVID-19 economic downturn, UnitedHealth executives have not taken salary cuts, and the company has raised pay for some employees and implemented COVID-19 related benefits.",https://www.startribune.com/ceo-pay-watch-unitedhealth-s-david-wichmann-made-more-than-52-million-last-year/569920832,1587930180
UNH,Report: Optum in talks to buy virtual therapy provider for $470 million,"Optum, a unit of UnitedHealth Group Inc., is reportedly in discussions to acquire AbleTo, a New York-based virtual mental health services provider. The potential deal is valued at approximately $470 million. This acquisition would expand Optum's presence in the virtual therapy market.",https://www.bizjournals.com/twincities/news/2020/04/28/report-optum-in-talks-to-buy-virtual-therapy.html,1588116700
UNH,Molina To Buy Magellan Medicaid And Medicare Plans For $820 Million,"Molina Healthcare announced its agreement to acquire Magellan Complete Care from Magellan Health for $820 million. This acquisition will expand Molina's Medicaid and Medicare government health benefits into new markets across six states, including Arizona, Massachusetts, and Virginia. The deal is expected to increase Molina's member base to over 3.6 million in 18 states and project pro-forma revenues exceeding $20 billion in 2020.",https://www.forbes.com/sites/brucejapsen/2020/04/30/molina-to-buy-magellan-medicaid-and-medicare-plans-for-820-million/,1588266900
UNH,MiMedx Provides Update on Payment Protection Program Loan,"MiMedx Group, Inc. announced its decision to repay in full the Payment Protection Program (PPP) Loan received through the federal relief effort. The company previously utilized these funds to maintain full employment amidst the COVID-19 pandemic, which had negatively impacted its sales due to restricted access and canceled surgeries. MiMedx had also implemented cost-containment measures, including temporary salary reductions, to avoid layoffs.",https://www.globenewswire.com/news-release/2020/05/08/2030626/0/en/MiMedx-Provides-Update-on-Payment-Protection-Program-Loan.html,1588965960
UNH,Senior-Housing Communities Face Higher Vacancy Rates Amid Coronavirus,"The COVID-19 pandemic and the ""aging-at-home movement"" are leading to higher vacancy rates in senior-housing communities. Increased use of telemedicine is also contributing to seniors delaying or choosing not to move into such facilities, exacerbating a pre-pandemic supply glut. Senior-housing companies like Ventas Inc., Welltower Inc., and Healthpeak Properties Inc. have reported declines in occupancy and revenue, with stock values falling significantly.",https://programbusiness.com/news/senior-housing-communities-face-higher-vacancy-rates-amid-coronavirus/,1589324234
UNH,Kimberly Salmon to lead Hanover Insurance Group Foundation,"Kimberly Salmon has been appointed as the assistant vice president of community relations at The Hanover Insurance Group, where she will lead the Hanover Insurance Group Foundation and community relations functions. Previously, Salmon served as the director of community relations and engagement at Fallon Health. In her new role, she will also be responsible for employee engagement and volunteerism.",https://wbjournal.com/article/kimberly-salmon-to-lead-hanover-insurance-group-foundation/,1589498784
UNH,"UnitedHealth, Microsoft build app to guard their offices from Covid-19 (and maybe yours, too)",UnitedHealth and Microsoft have partnered to develop an app called ProtectWell aimed at screening employees for COVID-19 symptoms or exposure. The app utilizes UnitedHealth's clinical and data analytics capabilities along with Microsoft's AI-powered healthcare bot. It is designed to help companies reopen their offices safely during the pandemic.,https://www.bizjournals.com/twincities/news/2020/05/15/united-app.html,1589585500
UNH,Hershey Company pledges to end deforestation as part of its supply chain,The Hershey Company has committed to ending deforestation in its global cocoa supply chain by stopping new deforestation and promoting agroforestry. This initiative involves not sourcing cocoa from areas with recent deforestation and implementing tree planting programs. Hershey will work with organizations like the World Cocoa Foundation and plans to release a comprehensive forestry plan by the end of 2018 to achieve its goals.,https://supplychaindigital.com/procurement/hershey-company-pledges-end-deforestation-part-its-supply-chain,1589754696
UNH,Omada Health acquires remote physical therapy company,"Omada Health has acquired Physera Health, a remote physical therapy company, for a reported $30 million, adding musculoskeletal care to its existing digital health platforms for diabetes, hypertension, and behavioral health. This acquisition, fueled by $57 million in new funding, expands Omada's integrated care offerings to address the increased demand for online healthcare during the Covid-19 pandemic. Both companies target employers and individuals, with Physera aiming to reduce unnecessary imaging and surgery costs for its clients.",https://medcitynews.com/2020/05/omada-health-acquires-remote-physical-therapy-company/,1589909940
UNH,Optum scoops up post-acute care company NaviHealth,"UnitedHealth Group's Optum has acquired NaviHealth, a company specializing in post-acute care management services. While terms were not disclosed by Optum, sources indicate the deal is valued at approximately $2.5 billion. NaviHealth will operate as a standalone entity aligned with OptumHealth, retaining its current leadership.",https://www.fiercehealthcare.com/payer/optum-scoops-up-post-acute-care-software-startup-navihealth,1590507900
UNH,UnitedHealth Group (UNH) Dividend Stock Analysis,"This article provides a dividend stock analysis of UnitedHealth Group (UNH), highlighting its consistent dividend growth over 11 years and its recent 15.70% dividend increase. It discusses UNH's business model, risk factors including potential healthcare model disruption, and its financial performance with strong EPS growth and share repurchase programs. The author also notes UNH's attractive valuation based on forward earnings and dividend yield.",https://www.dividendgrowthinvestor.com/2020/06/unitedhealth-group-unh-dividend-stock.html,1591153200
UNH,UnitedHealth Group Increases Housing Investments To $500M To Address Social Determinants,"UnitedHealth Group announced an increase in its investments in affordable housing to $500 million to tackle social determinants of health. This move highlights insurers' growing focus on reducing healthcare costs and improving outcomes beyond traditional medical treatments by addressing issues like housing insecurity. The investment includes $100 million for the Health & Housing Fund, aiming to create over 1,000 new homes and provide on-site health-related services for residents.",https://www.forbes.com/sites/brucejapsen/2020/06/04/unitedhealth-group-boosts-housing-investments-to-500m-to-address-social-determinants/,1591263840
UNH,UnitedHealth Group Invests Another $100M in Affordable Housing,"UnitedHealth Group announced an additional $100 million investment in affordable housing, increasing its total commitment to $500 million since 2011. This new investment will fund projects across the U.S. through a partnership with Health & Housing Fund, SAHF, and NAHT, aiming to improve health outcomes through quality housing. The company has previously helped fund 80 affordable housing projects, providing 4,500 homes in 18 states.",https://tcbmag.com/unitedhealth-group-invests-another-100m-in-affordable-housing/,1591313499
UNH,Aetna’s Denial of ConforMIS Implants Results in Suit,"ConforMIS, Inc. and a patient have sued Aetna, Inc. and Aetna Life Insurance Company for wrongfully denying claims for customized total knee implants. They allege Aetna changed its policy in 2018 to categorize these implants as ""experimental and investigational"" despite FDA clearance and prior coverage. Plaintiffs cite approval from other organizations and Aetna's own prior approval to support their claim that the ConforMIS System is neither experimental nor investigational.",https://ryortho.com/2020/06/aetnas-denial-of-conformis-implants-results-in-suit/,1591653420
UNH,Hospices Contend with COVID Relief Funding Questions,"Many hospice providers received unsolicited federal relief funding through the CARES Act, leading to uncertainty regarding legal rules and restrictions for its use. Organizations are questioning whether to accept the funds and how to properly allocate them to COVID-19 related expenses as federal guidance remains unclear. Larger hospice companies are debating returning funds to avoid potential risks, while others segregate the money pending further clarification.",https://hospicenews.com/2020/06/09/hospices-contend-with-covid-relief-funding-questions/,1591739828
UNH,UnitedHealth Group Invests $100 Million More in Affordable Housing,"UnitedHealth Group announced an additional $100 million investment in affordable housing, reaffirming its commitment to addressing the social determinants of health. This investment aims to increase access to safe and stable housing, which is a critical factor influencing overall health outcomes. The initiative expands on the company's existing efforts to support community health and well-being through strategic investments.",https://www.thinkadvisor.com/2020/06/11/unitedhealth-group-invests-100-million-more-in-affordable-housing/,1591907940
UNH,Tim Herbert,"This article profiles Tim Herbert, President/CEO of Inspire Medical Systems Inc. It highlights his leadership since Inspire's spin-off from Medtronic in 2007, the company's IPO in 2018 (NYSE: INSP), and its growth in revenue, despite a net loss in 2018. A significant development mentioned is UnitedHealthcare's decision to cover Inspire's therapy.",https://tcbmag.com/tcb-100-people/tim-herbert/,1592346978
UNH,New Research From Fidelity and Business Group on Health Finds 95% of Employers Now Include Emotional and Mental Health Programs in Well-Being Platforms,"New research from Fidelity Investments and Business Group on Health indicates that 95% of employers now incorporate emotional and mental health programs into their corporate well-being platforms, a trend accelerated by the global pandemic. The 11th annual Health and Well-Being Survey also found that the average budget for well-being programs increased by 36% to $4.9 million in 2020, with continued emphasis on work/life balance and financial incentives. These findings, though partially collected before the pandemic, highlight the growing importance of mental health support in the workplace.",https://www.businesswire.com/news/home/20200618005185/en/New-Research-From-Fidelity-and-Business-Group-on-Health-Finds-95-of-Employers-Now-Include-Emotional-and-Mental-Health-Programs-in-Well-Being-Platforms,1592452800
UNH,Hormel opens health center for team members,"Hormel Foods Corporation is opening a health center in Austin, Minn., in partnership with Premise Health, to provide high-quality, affordable healthcare to its team members and their families. The center will offer services like primary care, physical therapy, and lab services, building on Hormel's existing relationship with the Mayo Clinic for specialist referrals. This initiative aims to serve approximately 4,700 eligible individuals, reflecting Hormel's commitment to employee well-being.",https://www.supermarketperimeter.com/articles/5274-hormel-opens-health-center-for-team-members,1592865091
UNH,Helping patients where they are: An interview with the president of CVS Caremark,"Alan Lotvin, president of CVS Caremark, discusses the impact of COVID-19 on the US healthcare system and strategies for improvement, including a shift to in-home care models. He highlights CVS Caremark's adaptation during the pandemic, the need for flexible healthcare capacity, and addresses healthcare disparities. Lotvin expresses hope for a rapid vaccine development and resolution of access inequalities.",https://www.mckinsey.com/industries/healthcare/our-insights/helping-patients-where-they-are-an-interview-with-the-president-of-cvs-caremark,1593641187
UNH,UnitedHealthcare adds coverage of Tandem insulin pumps,"UnitedHealthcare has expanded its coverage to include insulin pumps from Tandem Diabetes for members across various plans, leading to a 12% stock increase for Tandem. This decision marks a shift from UnitedHealthcare's previous preferred provider agreement with Medtronic, providing greater patient choice for diabetes technology, although Tandem's pumps may still require pre-authorization while Medtronic's do not. The move addresses calls from the diabetes community for broader access to different devices and is seen as a significant win for patient autonomy.",https://www.medtechdive.com/news/unitedhealthcare-adds-coverage-of-tandem-insulin-pumps/580831/,1593646002
UNH,The Top 15 U.S. Pharmacies of 2019: Specialty Drugs Drive the Industry’s Evolution (rerun),"This article analyzes the top 15 U.S. pharmacies in 2019, revealing that specialty drugs and vertical integration significantly influenced market share. Prescription dispensing revenues reached a record $446 billion, with the top seven pharmacies accounting for about 70%. The report highlights the growing role of mail and specialty pharmacies operated by PBMs, which derived over half of their gross profits from these activities.",https://www.drugchannels.net/2020/07/the-top-15-us-pharmacies-of-2019_6.html,1594019714
UNH,"Walmart jumps into health insurance market, including Medicare","Walmart is entering the health insurance market, including Medicare policies, confirmed by job postings for Medicare sales managers and insurance agents. This move follows the retailer's expansion in healthcare, including its Care Clinics and the recent acquisition of the medication management tech platform CareZone. Analysts suggest Walmart's extensive reach and competitive pricing on basic healthcare services could significantly impact the market and increase competition, especially for Medicare plans.",https://www.healthcaredive.com/news/walmart-launches-medicare-insurance-agency/581243/,1594193419
UNH,Diageo announces creation of paper-based bottle for Johnnie Walker,"Diageo announced the creation of a 100 percent plastic-free, paper-based spirits bottle made from sustainably sourced wood, set to debut with Johnnie Walker in early 2021. This initiative is part of a new partnership with Pilot Lite to launch Pulpex Ltd., a sustainable packaging technology company. Pulpex Ltd. has also formed a consortium with companies like Unilever and PepsiCo, aiming to launch branded paper bottles in 2021 that are fully recyclable and meet food-safe standards.",https://www.bevindustry.com/articles/93287-diageo-announces-creation-of-paper-based-bottle-for-johnnie-walker,1594678016
UNH,Aparna Abburi To Lead Growth Of Cigna Medicare Advantage Business,"Aparna Abburi has been appointed president of Cigna's Medicare Advantage (MA) business, tasked with spearheading aggressive growth in key markets and through product diversity. Her extensive industry experience, including her previous role as president of Medicare business at Health Care Services Corporation, is expected to accelerate Cigna's expansion goals for its MA business. Cigna aims for 10 percent to 15 percent annual customer growth in its MA segment, building on its largest expansion to date last year.",https://newsroom.cigna.com/aparna-abburi-to-lead-growth-of-cigna-medicare-advantage-business,1594764060
UNH,GoHealth nabs blockbuster IPO raising $914M,"GoHealth, a Medicare-focused health insurance marketplace, successfully completed its initial public offering, raising $914 million and seeing its shares jump 23% on its first day of trading. This makes it the largest healthcare IPO of 2020 so far, with the company planning to use the new funds to hire more licensed insurance agents and expand its services. Co-founder Brandon Cruz expressed both relief and stress, noting the company's 20-year history and mission to improve access to healthcare.",https://www.fiercehealthcare.com/tech/gohealth-shares-jump-trading-debut-after-raising-914-million,1594829400
UNH,"Hedge Fund and Insider Trading News: Bill Ackman, Ray Dalio, Chris Rokos, Kyle Bass, Guess?, Inc. (GES), UnitedHealth Group Inc (UNH), and More","This article covers various hedge fund and insider trading news including Bill Ackman's $4 billion blank-check IPO, Chris Rokos calling staff back to the office, Kyle Bass's bullish outlook on Bitcoin, gold, and silver, and details about a trade secrets battle involving Ray Dalio's Bridgewater. It also discusses academic vindication for Wall Street's hedge fund obsession and the surge in hedge fund assets in Q2 2020.",https://www.insidermonkey.com/blog/hedge-fund-and-insider-trading-news-bill-ackman-ray-dalio-chris-rokos-kyle-bass-guess-inc-ges-unitedhealth-group-inc-unh-and-more-867400/,1595338020
UNH,Three Accomplished Women Join Santa Clara’s Board of Trustees - July 2020 - News & Events,"Santa Clara University announced the addition of three accomplished women leaders to its Board of Trustees: Kathleen Duncan, Molly Joseph '96, and Gisel Ruiz '92. These new trustees bring diverse experience from non-profits, healthcare, and retail, enriching the university's strategic guidance during a crucial time. Their appointments are expected to significantly benefit the 169-year-old Jesuit institution as it navigates current challenges and strives to uphold its mission.",https://www.scu.edu/news-and-events/press-releases/2020/july-2020/three-accomplished-women-join-santa-claras-board-of-trustees.html,1595374300
UNH,"Employers Rank Cigna Highest, UnitedHealthcare Lowest for Driving Health Care Quality in A New Survey of Employee Benefits Executives","A new survey by The Leapfrog Group found that employers ranked Cigna highest and UnitedHealthcare lowest for driving health care quality. Overall, employers gave health plans a ""C"" for effectiveness, indicating a general dissatisfaction with their efforts to improve quality and reduce costs. The survey highlights a call for health plans to be more responsive to employer demands for improvements in health care quality and cost-effectiveness.",https://www.prnewswire.com/news-releases/employers-rank-cigna-highest-unitedhealthcare-lowest-for-driving-health-care-quality-in-a-new-survey-of-employee-benefits-executives-301097476.html,1595397600
UNH,Unilever expects income tax dept questions on Horlicks deal tax math from GlaxoSmithKline Plc,"Unilever anticipates questions from India's tax department regarding the tax-deductible amount following its acquisition of Horlicks from GlaxoSmithKline Plc. The company expects approximately ₹11,200 crore (₹1.3 billion) of goodwill to be tax-deductible, believing it has a strong legal basis for this claim despite expected challenges. This acquisition, which also involved HUL separately acquiring the Horlicks brand for ₹3,045 crore to save on royalty costs, concluded in April of the current year.",https://m.economictimes.com/industry/cons-products/fmcg/expect-i-t-questions-on-horlicks-deal-tax-math/articleshow/77137326.cms,1595577900
UNH,"Humana Buys $100 Million Stake In Doctor House Call Company, Heal","Humana is investing $100 million in Heal, an in-home primary care company that specializes in doctor house calls and telemedicine. This partnership aims to expand value-based primary care services to seniors in Humana's Medicare Advantage plans across new markets. The investment reinforces Humana's strategy to focus on home-based care as a key growth driver, particularly within its Medicare Advantage business.",https://www.forbes.com/sites/brucejapsen/2020/07/29/humana-buys-100-million-stake-in-primary-care-house-call-company-heal/,1596009600
UNH,"Major U.S. Health Insurers Report Big Profits, Benefiting From the Pandemic (Published 2020)","Major U.S. health insurers like Anthem, UnitedHealth, and Humana reported significantly higher second-quarter profits in 2020, in some cases doubling their earnings from the previous year. This surge in profits is attributed to a reduction in medical claims due to the postponement of elective surgeries and fewer doctor visits during the pandemic. Regulations under the Affordable Care Act may require some of these earnings to be returned to consumers as rebates, and the Trump administration has urged insurers to consider speeding up these refunds or reducing premiums.",https://www.nytimes.com/2020/08/05/health/covid-insurance-profits.html,1596608059
UNH,The guidebook for resilient animal agriculture,"The Environmental Defense Fund (EDF) has released a ""Guidebook for Resilient Animal Agriculture"" to help companies in the animal agriculture sector address the impacts of climate change and the global pandemic. The guidebook offers a roadmap for building resilient and sustainable supply chains. It provides step-by-step guidance for setting sustainability goals, implementing solutions, and measuring progress.",https://business.edf.org/insights/guidebook-for-resilient-animal-agriculture/?utm_content=resilientanimalag_redirect,1596694545
UNH,Smarter Health Care Deductibles Are a Win-Win for Employers and Employees,"This article argues that employers can save money on health benefits without burdening employees by implementing ""smarter deductibles."" It suggests focusing on chronic conditions by adopting value-based insurance design (VBID) to reduce or eliminate patient cost-sharing for high-value services, and also reducing low-value care. The piece highlights that strategies like those used by Eli Lilly, combining high-deductible health plans with VBID concepts, have led to slower healthcare cost increases.",https://hbr.org/sponsored/2020/08/smarter-health-care-deductibles-are-a-win-win-for-employers-and-employees,1596695781
UNH,Humira Maker to Settle California Lawsuit for $24 Million,"AbbVie Inc., the maker of Humira, has agreed to pay $24 million to settle a California lawsuit alleging it violated an insurance fraud law. The lawsuit, filed in 2018, claimed AbbVie offered unlawful perks to doctors and used nurses as ""ambassadors"" to persuade them to prescribe Humira without proper disclosure. As part of the settlement, AbbVie will reform its marketing practices, though it continues to deny wrongdoing.",https://www.cbsnews.com/sanfrancisco/news/humira-maker-to-settle-california-lawsuit-for-24-million/,1596739200
UNH,Prices on Georgia’s insurance exchange shaping up to stay fairly stable,"Prices on Georgia's health insurance exchange for 2021 are projected to remain fairly stable, with moderate increases and some premium cuts, in contrast to previous years' spikes. All six current insurers are returning, and the average premium increase is 6.53 percent, which is lower than expected given the COVID-19 pandemic. Insurers have seen increased profits during the pandemic as many people postponed medical procedures, although job losses due to COVID-19 may lead more Georgians to seek coverage through the exchange or face being uninsured.",https://www.georgiahealthnews.com/2020/08/prices-insurance-exchange-stay-stable/,1597040104
UNH,Humana sues Trump administration over ACA cost-sharing reduction payments,"Humana has filed a lawsuit against the Trump administration to recover nearly $2 million in Affordable Care Act (ACA) cost-sharing reduction payments that were eliminated in late 2017. The insurer claims it suffered significant financial losses because it was legally required to provide cost-sharing reductions to eligible insureds despite not receiving the promised government reimbursements. This action follows the position of other insurers who also sued to recover these payments, which Humana argues caused instability in insurance markets.",https://www.fiercehealthcare.com/payer/humana-sues-trump-administration-over-aca-cost-sharing-reduction-payments,1597122600
UNH,EY and Procter & Gamble team up on supply chain offering,"EY and Procter & Gamble (P&G) have broadened their alliance to offer supply chain expertise, combining their strengths to help businesses navigate challenges, particularly those exacerbated by the Covid-19 pandemic. This collaboration will address various supply chain processes, including strategy, planning, and distribution, leveraging advanced tools and joint teams. P&G, recognized for its leading supply chain operations, aims to share its successful methodologies with clients through EY to enhance responsiveness, productivity, and cost savings.",https://www.consulting.us/news/4721/ey-and-procter-gamble-team-up-on-supply-chain-offering,1597646751
UNH,"Inspire Medical Systems, Inc. Announces Two Additional Coverage Policies from Blue Cross Blue Shield Healthcare Plans","Inspire Medical Systems, Inc. announced that two more Blue Cross Blue Shield (BCBS) plans, Florida Blue and BCBS Minnesota, will now cover its Inspire therapy for obstructive sleep apnea. This addition brings the total number of BCBS plans covering Inspire therapy to 31, and the total number of commercial coverage policies to 58, representing over 190 million lives. The company also noted that Inspire therapy has Medicare coverage nationwide, increasing access for patients and physicians.",https://www.globenewswire.com/news-release/2020/08/17/2079509/0/en/Inspire-Medical-Systems-Inc-Announces-Two-Additional-Coverage-Policies-from-Blue-Cross-Blue-Shield-Healthcare-Plans.html,1597680300
UNH,Why it’s taken Quest so long to clear its COVID-19 testing backlog,"Quest Diagnostics experienced significant delays in COVID-19 test turnaround times during July, lagging behind its rival LabCorp. The article attributes these delays to several factors, including Quest's substantial presence in early COVID-19 hotspots like Florida, its large number of hospital clients requiring priority testing, and supply chain constraints for testing platforms and reagents. While Quest has since improved its turnaround times through increased capacity and sample pooling, its credibility was temporarily questioned by a CNN report regarding discrepancies in reported wait times.",https://www.medtechdive.com/news/why-its-taken-quest-so-long-to-clear-its-covid-19-testing-backlog/583706/,1597731482
UNH,Ransomware Attack Impacts Medical Debt Collections Firm R1 RCM,"Medical debt collections firm R1 RCM systems were taken down due to a ransomware attack, impacting sensitive patient data. This incident is part of a larger trend of cyberattacks on healthcare organizations, including email hacks and data breaches affecting COVID-19 patient information. The article highlights other security incidents and the rising threat of ransomware that posts stolen data online.",https://www.techtarget.com/healthtechsecurity/news/366595548/Ransomware-Attack-Impacts-Medical-Debt-Collections-Firm-R1-RCM,1598251742
UNH,UnitedHealth Group’s CDO On The Key Success Factors For Chief Data Officers,"Fawad Butt, Chief Data Officer of UnitedHealth Group & Optum, discusses the evolving role of the CDO, emphasizing the shift from ""data janitors"" to delivery-focused leaders responsible for products and platforms. He outlines key success factors for CDOs, including establishing a clear data strategy tied to business objectives, developing a robust data organization with lifecycle management, and effectively balancing centralized and federated data approaches. Butt also identifies common pitfalls such as poor change management, lack of leadership support, and low data literacy within organizations.",https://www.forbes.com/sites/peterhigh/2020/08/25/unitedhealth-groups-cdo-on-the-key-success-factors-for-chief-data-officers/,1598365800
UNH,North Texas Group Offers Virtual Training To Help Prevent Suicide,"A North Texas group, the Jordan Elizabeth Harris Foundation, is providing virtual training to equip people with the skills to intervene in a suicide crisis. The training, based on the QPR (question, persuade, refer) method, is free and available to adults and children aged 10 and older. This initiative comes as more Americans report thoughts of self-harm amid ongoing social distancing measures.",https://www.keranews.org/health-science-tech/2020-08-26/north-texas-group-offers-virtual-training-to-help-prevent-suicide,1598456580
UNH,UnitedHealth Group Inc. stock outperforms market on strong trading day,"UnitedHealth Group Inc. stock saw a modest gain of 0.92% on a strong trading day, closing at $311.67. This performance outpaced the broader market, with both the S&P 500 Index and Dow Jones Industrial Average posting increases. The company's stock, however, remained below its 52-week high, and its performance relative to competitors like Anthem Inc., Humana Inc., and Centene Corp. was mixed.",https://www.marketwatch.com/data-news/unitedhealth-group-inc-stock-outperforms-market-on-strong-trading-day-01598559954?siteid=yhoof2&gaa_at=eafs&gaa_n=AWEtsqcqtY_feJLYqhJP0csGbuInH22AM9eNYOz94x9mlNTrLSFLozeSDozn&gaa_ts=6907ed04&gaa_sig=cNeURSfUo9Kz_DhfTLGqZ3sD1b6kw7VmLb0gIrj1phaIRtbhTphbKwVIea46RAfR9jAtoBfFTWDvzeoFrZ17Sw%3D%3D,1598545500
UNH,Activist sets sights on another health-care company with break-up potential,"Activist investor Engaged Capital has targeted Evolent Health Inc. (EVH), acquiring a 9.99% stake with the aim of unlocking intrinsic value. Engaged Capital intends to push Evolent Health to divest its underperforming True Health segment and focus on its profitable services business. This strategy could lead to a sale of the entire company, with Engaged Capital prepared to nominate directors if constructive engagement fails.",https://www.cnbc.com/2020/08/29/activist-sets-sights-on-another-health-care-company-with-break-up-potential.html,1598688780
UNH,Chutes & Ladders—Maven nabs former WeWork exec; Geisinger Health Plan hires ex-Humana leader,"This ""Chutes & Ladders"" column details recent executive hires and appointments across the healthcare industry. Key moves include Maven hiring former WeWork executive Michael Kopelman as CFO and Sonia Millsom as CCO, Geisinger Health Plan appointing ex-Humana leader Mark McCullough as CFO and COO, and Cerner naming William Mintz as Chief Strategy Officer. The article also touches on appointments at Anthem Inc. and Centene Corp.",https://www.fiercehealthcare.com/hospitals/chutes-ladders-maven-nabs-former-wework-exec-cerner-names-chief-strategy-officer,1599101400
UNH,Apple stock drop makes history with $179B loss,"Apple experienced the largest single-day market cap drop for a U.S. listed company, losing over $179.92 billion (8%) in value on Thursday. This significant decline followed a period where Apple had recently become the first U.S. company to reach a $2 trillion valuation. Despite the drop, its market cap remains at the $2 trillion level, and analysts largely maintain a ""strong buy"" rating as the company prepares to release a 5G iPhone.",https://www.foxbusiness.com/markets/apples-stock-drop-makes-history,1599160020
UNH,World-Champion Gymnast Aly Raisman Partners with Sanvello to Advance Mental Health Solutions,"World-champion gymnast Aly Raisman has partnered with Sanvello, a digital mental health care provider and a UnitedHealth Group company, to advance mental health solutions. This partnership coincides with Sanvello's launch of new mental health coaching services and an expanded therapy offering. Raisman, an active user of Sanvello, will help promote mental health care and contribute to developing new services, leveraging her personal experience.",https://www.unitedhealthgroup.com/newsroom/2020/2020-9-8-aly-raisman-sanvello-partnership-411063.html,1599607899
UNH,An Exclusive Interview with Renowned Health Coach Stephon Clinkscales,"This article features an interview with health coach Stephon Clinkscales, who discusses his approach to physical and mental well-being. He emphasizes the importance of discipline and hard work in achieving fitness goals, and how physical health positively impacts mental health and self-confidence. Clinkscales also addresses the challenges men face today regarding mental health and masculinity, stressing that valuing oneself physically leads to valuing others.",https://www.insidermonkey.com/blog/an-exclusive-interview-with-renowned-health-coach-stephon-clinkscales-875423/,1599629864
UNH,Walmart pharmacy ready to give flu shots,"Walmart has launched a new digital scheduler for customers to book flu vaccine appointments at its 4,700 pharmacies and is offering free flu shots to its 1.5 million employees. The retail giant is implementing several initiatives, including in-store flu shot events and online scheduling to make vaccination accessible and efficient while adhering to COVID-19 safety protocols. These efforts are part of Walmart's broader focus on community healthcare and supporting associates during the pandemic.",https://talkbusiness.net/2020/09/walmart-pharmacy-ready-to-give-flu-shots/,1599652320
UNH,"2020 Twin Cities CIO of the Year Orbie Awards Finalist: François Charette, Optum","François Charette, CIO of OptumRx and Optum, has been recognized as a finalist for the 2020 Twin Cities CIO of the Year Orbie Awards. With over 20 years of technology experience, this acknowledgment highlights his significant contributions to the field. The article also provides links to related news concerning UnitedHealth Group and Optum.",https://www.bizjournals.com/twincities/news/2020/09/11/2020-twin-cities-cio-of-the-year-orbie-charette.html,1599803941
UNH,Aetna ships Caring for You kits to millions of Medicare members,"Aetna, a CVS Health company, is sending ""Caring for You"" kits containing self-care items like thermometers, hand sanitizer, and face masks to millions of its Medicare Advantage members. These kits aim to support members during the COVID-19 pandemic and flu season, particularly those most vulnerable and at home. This initiative builds on Aetna's broader efforts to assist Medicare members during the public health emergency, which also includes waiving cost shares for certain medical visits.",https://www.cvshealth.com/news/medicare/aetna-ships-caring-for-you-kits-to-millions-of-medicare-members,1600207587
UNH,"Cigna rebrands health services division, including Express Scripts, as Evernorth","Cigna is rebranding its health services segment, including Express Scripts, as Evernorth, to position its offerings as a comprehensive solution for third parties such as other payers, employers, and government businesses. This move is part of Cigna's strategy to diversify revenue streams by making its health services a one-stop shop. The Evernorth brand will encompass products like Accredo, Evicore, and new programs such as Healthy Ways to Work and FamilyPath, with 90% of its business already coming from external clients.",https://www.healthcaredive.com/news/cigna-rebrands-health-services-division-including-express-scripts-as-ever/585248/,1600233176
UNH,Myomo lands Medicare coverage,"Myomo announced it received authorization to be a Medicare provider through the Centers for Medicare & Medicaid Services, allowing it to bill Medicare directly for its MyoPro orthosis in 39 states plus Washington, D.C. The company is working on coverage for the remaining 11 states and views this as a crucial step towards broader reimbursement, following last year's receipt of HCPCS codes from CMS. MyoPro is an upper-limb orthosis designed to restore function to weakened or paralyzed arms, using a patient's own EMG signals.",https://www.massdevice.com/myomo-lands-medicare-coverage/,1600296762
UNH,"ETA Spotlight // Monica Weaver, MBA ’07","Monica Weaver, an MBA ’07 graduate, discusses her journey to acquire and operate TGI Direct, a company specializing in direct mail communications for highly regulated industries. She shares insights into her search process, including pivoting from an investor-funded search fund to a self-funded acquisition, and the initial weeks of operating her new business. Weaver also advises aspiring entrepreneurs to focus on building strong relationships with bankers and brokers over an expensive proprietary search.",https://polsky.uchicago.edu/2020/09/21/eta-spotlight-monica-weaver-mba-07/,1600666999
UNH,UnitedHealth in Talks to Buy Pharmacy Startup DivvyDose,"UnitedHealth Group Inc. is reportedly in advanced discussions to acquire DivvyDose, an online pharmacy startup, for approximately $300 million. This potential acquisition highlights the ongoing consolidation and competition in the online pharmacy sector, following Amazon's purchase of PillPack in 2018.",https://www.bloomberg.com/news/articles/2020-09-23/unitedhealth-is-said-in-talks-to-buy-pharmacy-startup-divvydose,1600898640
UNH,PROCEPT BioRobotics Announces Medicare and Commercial Reimbursement Coverage for Aquablation Therapy for Enlarged Prostate,"PROCEPT BioRobotics announced that National Government Services (NGS) is the first Medicare Administrative Contractor (MAC) to establish a final coverage policy for Aquablation therapy for benign prostatic hyperplasia (BPH), effective November 1, 2020. This coverage, along with positive positions from Anthem and Humana earlier in 2020, significantly expands access to Aquablation therapy for Medicare and commercially insured patients across the United States. Aquablation therapy offers a safe and effective transurethral procedure for enlarged prostates with reproducible results and low rates of complications.",https://www.prnewswire.com/news-releases/procept-biorobotics-announces-medicare-and-commercial-reimbursement-coverage-for-aquablation-therapy-for-enlarged-prostate-301137387.html,1600930800
UNH,Airlines bank on leisure travelers as business trips dry up in coronavirus pandemic,"Airlines are contending with the drastic decline in business travel due to the coronavirus pandemic by shifting their focus to leisure travelers. They are offering fare sales, adding routes to vacation destinations, and permanently eliminating change fees for most domestic tickets to attract passengers. Despite these efforts, passenger volumes remain significantly lower than pre-pandemic levels, and the industry faces uncertainty during the slower fall season.",https://www.cnbc.com/2020/09/28/coronavirus-air-travel-focus-on-leisure-travelers.html,1601325660
UNH,Molina To Buy Affinity Health Plan For $380 Million In Medicaid Deal,"Molina Healthcare has announced a definitive agreement to acquire substantially all assets of Affinity Health Plan for $380 million in cash. This acquisition will expand Molina's Medicaid government health benefits business deeper into New York, adding over 280,000 subscribers and $1.3 billion in annual premium revenue. This is Molina's latest acquisition this year, following an $820 million deal to buy Magellan Complete Care, as the company continues to activate its growth strategy in government-subsidized health plans.",https://www.forbes.com/sites/brucejapsen/2020/09/29/molina-to-buy-affinity-health-plans-for-380-million-in-medicaid-deal/,1601362320
UNH,"UnitedHealth has acquired DivvyDose, a competitor to Amazon's PillPack","UnitedHealth Group has acquired DivvyDose, a start-up that competes with Amazon's PillPack by delivering pre-sorted medications to patients, especially those with chronic conditions. The deal was reportedly valued at just over $300 million. This acquisition reflects a larger trend of retailers and health plans investing in online pharmacy services to broaden their customer base and footprint in the pharmacy market.",https://www.cnbc.com/2020/09/29/unitedhealth-acquires-divvydose-an-amazon-pillpack-competitor.html,1601396280
UNH,UnitedHealth Group buys DivvyDose to compete with Amazon's PillPack: report,"UnitedHealth Group has acquired DivvyDose, an online pharmacy startup, for over $300 million to enter the online pharmacy market and compete with Amazon's PillPack. DivvyDose specializes in delivering pre-sorted medications to patients with multiple chronic conditions. This acquisition highlights a growing trend of health plans and retailers investing in digital pharmacy solutions to serve the increasing number of consumers managing chronic illnesses.",https://www.fiercehealthcare.com/tech/unitedhealth-group-buys-divvydose-to-compete-amazon-s-pillpack-report,1601469720
UNH,Gilead Sciences Settles Medicare Kickbacks Claims with DOJ for $97M,"Gilead Sciences has agreed to pay $97 million to settle allegations from the U.S. Department of Justice that the company violated the False Claims Act by receiving Medicare kickbacks. The settlement addresses claims that Gilead used a 501(c)(3) foundation, Caring Voice Coalition (CVC), to unlawfully cover co-pays for its pulmonary arterial hypertension drug, Letairis. This action allegedly induced patients to purchase the drug and undermined Medicare's co-pay structure, which is designed to guard against inflated drug prices.",https://topclassactions.com/lawsuit-settlements/whistleblower/gilead-sciences-settles-medicare-kickbacks-claims-with-doj-for-97m/,1601699014
UNH,Big fight over drug pricing heads to the Supreme Court,"The Supreme Court is set to hear a case regarding state authority to regulate drug pricing, specifically concerning pharmacy benefit managers (PBMs). The case, Rutledge v Pharmaceutical Care Management Association, pits 47 state attorneys general against major corporations like CVS Health, Cigna, and UnitedHealth. The outcome will determine whether federal law (ERISA) preempts state regulation of PBMs, with both sides warning of higher drug costs if the other prevails.",https://wisconsinexaminer.com/2020/10/05/big-fight-over-drug-pricing-heads-to-the-supreme-court/,1601871121
UNH,Walmart insurance expands to all 50 states,"Walmart has expanded its licensed insurance agency, Walmart Insurance Services, to all 50 states, now equipped to sell Medicare insurance plans. The company aims to simplify the enrollment process and help customers find plans that best fit their needs, representing multiple carriers such as Humana, UnitedHealthcare, and Anthem Blue Cross Blue Shield. This expansion aligns with Walmart's mission of helping people save money and live better by being a trusted partner in their healthcare journey.",https://talkbusiness.net/2020/10/walmart-insurance-expands-to-all-50-states/,1601985480
UNH,"Cigna becomes third major payer to restrict MRIs, CT scans at hospitals",Cigna has joined two other major payers in restricting the use of MRIs and CT scans at hospitals. The move aims to reduce healthcare costs by encouraging outpatient imaging. This makes Cigna the third prominent insurer to implement such a policy.,http://www.modernhealthcare.com/payment/cigna-becomes-third-major-payer-restrict-mris-ct-scans-hospitals/,1602036360
UNH,Walmart announces plan to sell insurance,"Walmart is entering the health insurance market through its new brokerage, Walmart Insurance Services. The company will offer Medicare insurance plans, including Part D, Medicare Advantage, and Medicare Supplement plans, from various major health insurance carriers. This move aligns with Walmart's mission to help customers save money and improve their lives by providing accessible and trusted healthcare options.",https://www.insurancebusinessmag.com/us/news/life-insurance/walmart-announces-plan-to-sell-insurance-235547.aspx,1602044814
UNH,Customer Wins Power Bike After Ordering 1kg Milo Refill from Jumia,"A Lagos-based forex trader, Mr. Emeka Oscar Chukwumanjo, won a Suzuki Power Bike in a Jumia-Nestle raffle draw after purchasing a 1kg Milo Refill. Mr. Chukwumanjo, a frequent Jumia customer, expressed his surprise and delight at winning such a significant prize. The Head of Marketing at Jumia Nigeria, Ms. Olajumoke Bolu-Kujero, highlighted that this prize is one of many benefits customers receive when shopping on Jumia, emphasizing their partnerships with brands like Nestle to offer affordable products and incentives.",https://businesspost.ng/brands-products/customer-wins-power-bike-after-ordering-1kg-milo-refill-from-jumia/,1602045043
UNH,Accenture Launches Vaccine Management Solution to Support COVID-19 Immunization Programs,"Accenture has launched a comprehensive vaccine management solution to help governments and healthcare organizations rapidly plan and execute COVID-19 vaccination programs. The solution expands on Accenture’s contact tracing capabilities and includes modular components for vaccine management and tracking, supply management, community education, contact management, analytics, and organizational support. Built in part on the Salesforce platform, this initiative aims to address the varied needs for developing and running mass immunization efforts worldwide.",https://newsroom.accenture.com/news/2020/accenture-launches-vaccine-management-solution-to-support-covid-19-immunization-programs,1602108137
UNH,"M Health Fairview, CentraCare leaving Humana Medicare Advantage network","M Health Fairview and CentraCare are exiting the Humana Medicare Advantage network, a move that could affect over 10,000 Minnesotans. Those impacted may face higher out-of-pocket costs unless they switch insurers. This decision follows M Health Fairview's previous announcement of job cuts and a hospital closure.",https://www.bizjournals.com/twincities/news/2020/10/07/m-health-fairview-centracare-humana-network.html,1602109905
UNH,3 Healthcare Industry Themes Accelerated by COVID-19,"The COVID-19 pandemic has significantly accelerated three key themes within the healthcare industry: diversified healthcare delivery, digital innovation, and the biopharmaceutical revolution. The article, by Carlyle's Global Healthcare team, highlights the increasing demand for efficient and adaptable provider organizations, the accelerated adoption of digital health solutions like telemedicine, and the expedited research and development in biopharmaceuticals for vaccines and treatments. It emphasizes how these trends are reshaping global healthcare systems and investment strategies.",https://www.carlyle.com/global-insights/healthcare-themes-accelerated-covid19,1602130280
UNH,Hospital Chain to Return $6 Billion in Pandemic Aid Ahead of Schedule,"HCA Healthcare, one of the largest hospital chains in the U.S., announced it will return $1.6 billion in federal pandemic relief and repay $4.4 billion in loans, totaling $6 billion. This decision signifies the $1 trillion hospital sector's recovery from pandemic-induced disruptions that led to suspended surgeries and revenue plunges. The company's move serves as an indicator of the industry's rebound ahead of schedule.",https://www.wsj.com/health/healthcare/hca-healthcare-plans-return-of-6-billion-in-pandemic-relief-loans-11602201008?gaa_at=eafs&gaa_n=AWEtsqd8BZUrqn2NasSOAx_40O4SLe8vllUVBocjR_6PbpujD0N4_I5INMkr&gaa_ts=6907dde9&gaa_sig=8TB4_urbI6J8Tga9iUu3o8sLoTkl0jrgFjAM2X5aQHsL4JG7e-qga1K9Cfljk2ll7dVi4c14hBEg0bwgFhfByQ%3D%3D,1602196033
UNH,Froedtert Health discloses some patient information may have been stolen in data breach at contractor,"Froedtert Health announced that some patient information, including names, addresses, and dates of visits, may have been compromised in a data breach at its contractor, Blackbaud Inc. The breach affected 3,074 patients, though Social Security numbers or financial data were not stolen. Blackbaud, a fundraising services provider, stated it stopped a ransomware attack and paid to ensure the stolen data was destroyed.",https://www.jsonline.com/story/money/business/health-care/2020/10/13/information-some-froedtert-mcw-patients-part-data-breach/3642180001/,1602625896
UNH,"Preferred Pharmacy Networks Dominate in 2021 Medicare Part D Plans: The Scoop on Cigna, CVS Health, Humana, WellCare, and More","An analysis of 2021 Medicare Part D plans reveals the continued dominance of preferred cost sharing pharmacy networks, with 98% of regional prescription drug plans (PDPs) utilizing this model. This represents a significant increase since 2011, when only 7% of PDPs had preferred networks. Major companies like Cigna, CVS Health, Humana, and WellCare are exclusively offering plans with preferred networks, with none providing an open network for 2021.",https://www.drugchannels.net/2020/10/preferred-pharmacy-networks-dominate-in.html,1603168014
UNH,"CNA staffing, turnover will be a top focus, federal official vows","A federal official pledged that staffing and turnover among certified nursing assistants (CNAs) in long-term care facilities will be a top priority for the Centers for Medicare & Medicaid Services (CMS). This commitment comes as research highlights high CNA turnover rates (129% annually) and their critical role in direct resident care, despite often receiving low pay and limited benefits. Experts are calling for significant changes, including a minimum wage standard of $20/hour for CNAs, to address these systemic issues.",https://www.mcknights.com/news/cna-staffing-turnover-will-be-a-top-focus-federal-official-vows/,1603255713
UNH,Bind lands $105M funding round to fuel expansion into fully insured health plan market,"Bind, a health benefits company, secured a $105 million Series B funding round to expand its ""on-demand"" health plans into the fully insured market. Founded by entrepreneur Tony Miller, who previously sold two companies to UnitedHealth Group, Bind aims to disrupt the health insurance industry by offering plans with no deductibles or coinsurance and transparent pricing. The company plans to use the capital to accelerate growth and operate in over 30 states by the end of 2021.",https://www.fiercehealthcare.com/tech/bind-lands-105m-funding-round-to-fuel-expansion-into-fully-insured-health-plan-market,1603281600
UNH,Anthony Welters Joins Gilead Sciences’ Board of Directors,"Anthony Welters has been appointed to the Board of Directors of Gilead Sciences, Inc. Welters brings extensive experience from his career, including his role as Senior Adviser to the Office of the CEO of UnitedHealth Group and founding AmeriChoice. His appointment is expected to provide valuable perspective to Gilead's board in its mission to deliver transformational medicines.",https://www.citybiz.co/article/8918/anthony-welters-joins-gilead-sciences-board-of-directors/,1603427013
UNH,"Minnesota’s biggest companies open their wallets to political candidates, and risk","Minnesota's largest corporations contribute significantly to political campaigns, often through third-party groups, which can link them to controversial issues and negative advertising. This practice poses a reputation risk, as money trails can lead to unexpected associations that conflict with a company's public values. While some companies are adopting policies to increase transparency or restrict certain donations, the reliance on dark money and indirect giving remains prevalent.",https://www.startribune.com/minnesota-s-biggest-companies-open-their-wallets-to-political-candidates-and-risk/572847072,1603829760
UNH,Business Icons’ Wisdom Echoes in This Firm’s Investments,"This article highlights how private equity firm Clayton Dubilier & Rice (CD&R) distinguishes itself through its operational focus, inherited from its founders and advisors like Jack Welch. CD&R offers more than just capital, providing operational expertise to improve businesses, as demonstrated by examples like naviHealth and UK retailer B&M. The firm frequently engages in partnership transactions, allowing sellers to retain significant ownership, and specializes in sectors like healthcare, consumer, tech services/software, and industrials.",https://www.inc.com/brandedcontent/business-icons-wisdom-echoes-in-this-firms-investments.html,1603835789
UNH,Suddenly Unemployed? Healthcare Options You Should Consider,"This article explores various healthcare options available to individuals who suddenly become unemployed, especially in light of economic shifts like those caused by COVID-19. It details alternatives to employer-sponsored health insurance, including COBRA, Marketplace coverage under the Affordable Care Act, coverage through a parent's plan, Medicaid, Medicare, and short-term plans. The piece advises careful consideration of eligibility, cost, provider networks, and health status when selecting a healthcare option.",https://www.trinet.com/insights/suddenly-unemployed-healthcare-options-you-should-consider,1603947280
UNH,Over 80% of Health Execs Have Artificial Intelligence Plans in Place,"A survey by Optum reveals that 83% of healthcare organizations have an AI strategy in place, with an additional 15% planning to develop one. Healthcare executives are increasingly recognizing the tangible benefits of AI, such as cost savings, improved patient outcomes, and business process automation, particularly accelerated by the COVID-19 pandemic. Despite growing adoption, challenges like lack of data transparency and concerns about the human role in decision-making still exist, emphasizing the need for explainable AI interfaces and integrated human judgment.",https://www.techtarget.com/healthtechanalytics/news/366591450/Over-80-of-Health-Execs-Have-Artificial-Intelligence-Plans-in-Place,1604289343
UNH,UnitedHealth names new chief legal officer as Marianne Short announces retirement,"UnitedHealth Group has appointed Matthew Friedrich as its new chief legal officer, effective January 11. Friedrich will succeed Marianne Short, who is set to retire from her position as General Counsel in January. He joins UnitedHealth from Cognizant Technology Solutions Corp., where he also served as general counsel.",https://www.bizjournals.com/twincities/news/2020/11/20/unitedhealth-names-chief-legal-officer.html,1605844590
UNH,Medical Innovation and Experts | TELUS Health Care Centres,"TELUS Health Care Centres offer a wide range of corporate healthcare programs, individual preventive healthcare, and occupational health services across Canada. They emphasize innovation, personalized care, and prevention-focused approaches, supported by a network of medical professionals and digital health expertise. The services include virtual care, physical care centres, and mobile units, aiming to improve employee health, engagement, and individual well-being.",https://www.telus.com/en/health/care-centres,1606433235
UNH,GSK Consumer Healthcare mulls local production of new dental care brand in India,"GSK Consumer Healthcare is considering local manufacturing in India for its newly launched Polident denture care brand, with plans to make India an export hub for neighboring markets. The company aims to partner with third-party manufacturers initially, building on its existing oral care sales network and targeting urban denture wearers. This move follows GSK's divestment of its health food drinks portfolio to Unilever, reaffirming its commitment to OTC and oral health brands in India.",https://www.livemint.com/companies/news/gsk-consumer-healthcare-mulls-local-production-of-new-dental-care-brand-in-india-11606729011717.html,1606706753
UNH,UnitedHealth Group: 2021 Revenues To Eclipse $277 Billion,"UnitedHealth Group announced a 2021 revenue projection of $277 billion to $280 billion, representing an 8% growth, alongside updated 2020 projections of $257 billion. The company's strategy focuses on expanding its health insurance and Optum medical care provider units, emphasizing value-based care models and increased use of technology like digital coaching and telehealth. Sir Andrew Witty also returned to the company as president of UnitedHealth and CEO of Optum, following a leave of absence to aid vaccine development.",https://www.forbes.com/sites/brucejapsen/2020/12/01/unitedhealth-group-2021-revenues-to-eclipse-277-billion/,1606814460
UNH,Optum CEO Andrew Witty returns to UnitedHealth after Covid-19 vaccine work at WHO,"Sir Andrew Witty, the CEO of Optum and president of UnitedHealth Group, has returned to the company after co-leading Covid-19 vaccine development efforts at the World Health Organization. Witty had taken a leave of absence earlier in the year for this global health initiative. He resumes his leadership roles within UnitedHealth Group.",https://www.bizjournals.com/twincities/news/2020/12/02/optum-ceo-witty-returns-unitedhealth.html,1606951900
UNH,Aetna will cover noninvasive prenatal testing for all pregnancies,"Aetna has announced that it will expand coverage for noninvasive prenatal testing to include all pregnancies. This change in policy comes as a significant update for expectant parents, making this testing more accessible. The article was published by Modern Healthcare.",http://www.modernhealthcare.com/insurance/aetna-will-cover-noninvasive-prenatal-testing-all-pregnancies/,1607046300
UNH,Company of the Year: Teladoc,"Teladoc was named Company of the Year for 2020 due to its unprecedented capitalization on the COVID-19 pandemic's tailwinds in the telehealth sector. The company expanded significantly through M&A, including an $18.5 billion acquisition of Livongo, despite initial investor wariness and increasing competition. Teladoc's strategic positioning as a single access point for virtual care led to substantial growth, with volumes tripling year-over-year in Q3 2020.",https://www.healthcaredive.com/news/company-of-year-teladoc-2020/587366/,1607556368
UNH,"UnitedHealthcare Introduces Enhancements for Wearable Device Well-being Program, Including Access to Apple Fitness+ at No Additional Cost","UnitedHealthcare has enhanced its Motion wearable device well-being program, offering eligible members at least six months of Apple Fitness+ at no additional cost starting in 2021. The program also introduces new ways to earn financial rewards for various physical activities beyond walking, including cycling and elliptical use, with the goal of making activity goals more accessible. These enhancements aim to provide digital resources and financial incentives to help members improve their health and well-being.",https://www.unitedhealthgroup.com/newsroom/2020/uhc-enhances-wearables-program-apple-fitness.html,1607988699
UNH,US medical industry urged to reassess paid events amid doctor kickback concerns,"The U.S. Department of Health and Human Services has issued a rare ""fraud alert,"" urging the medical industry to re-evaluate paid events for doctors due to concerns over kickbacks. This alert comes after federal investigations revealed that such payments often induce the prescribing of specific drugs or devices, sometimes for off-label uses. The move signals increased scrutiny on industry-funded speaker programs and serves as a warning to both companies and physicians about violating anti-kickback statutes.",https://www.icij.org/investigations/implant-files/us-medical-industry-urged-to-reassess-paid-events-amid-doctor-kickback-concerns/,1608085023
UNH,Hope is here: COVID-19 vaccine arrives at HCA Healthcare facilities,"HCA Healthcare facilities began receiving and administering the COVID-19 vaccine to frontline workers in mid-December 2020, marking a significant turning point in the pandemic. Key personnel across various locations, including South Carolina, Virginia, and Tennessee, were among the first to receive the Pfizer/BioNTech vaccine, expressing hope and gratitude for the scientific achievement. The article also provides a Q&A section addressing common concerns about vaccine types, safety, development speed, and distribution plans.",https://hcahealthcaretoday.com/2020/12/18/hope-is-here-covid-19-vaccine-arrives-at-hca-healthcare-facilities/,1608258781
UNH,Tenet inks deal to sell urgent care business as it doubles down on surgery centers,"Tenet has agreed to sell its urgent care division, CareSpot and MedPost, to FastMed, as part of its strategy to concentrate on its ambulatory surgery center business. This divestiture will allow Tenet to ""sharpen its focus"" on its outpatient surgical business, United Surgical Partners, especially after a recent $1.1 billion deal to acquire up to 45 new surgery centers. The move also highlights Tenet's strategy to divest from non-core areas and compete in the growing musculoskeletal outpatient surgery market, facing increasing competition in the urgent care sector from companies like CVS Health and Walgreens.",https://www.healthcaredive.com/news/tenet-sells-urgent-cares-to-fastmed/592464/,1608259999
UNH,"Centene, Optum Ventures back $18M investment in Diameter Health to spur health data interoperability","Major insurer Centene, along with Optum Ventures and other existing investors, has backed an $18 million Series B funding round for Diameter Health to advance healthcare data interoperability. This investment highlights the growing market value insurers place on data sharing and analytics, especially as the industry moves towards greater collaboration and digitization. Diameter Health's technology, which normalizes and integrates clinical data, will be crucial in assisting healthcare organizations and health plans in improving patient care and achieving cost efficiencies.",https://www.fiercehealthcare.com/tech/centene-optum-ventures-back-18m-investment-diameter-health-to-spur-health-data,1608294120
UNH,iShares Global Healthcare ETF IXJ,"The iShares Global Healthcare ETF (IXJ) tracks the performance of healthcare companies worldwide. Established in 2001, it mirrors the S&P Global 1200 Healthcare Sector Index and invests at least 80% of its assets in stocks comprising this index. As of April 2022, IXJ had $3.49 billion in net assets across 116 holdings, including major players like UnitedHealth Group, Johnson & Johnson, and Pfizer.",https://www.etoro.com/markets/ixj,1608594694
UNH,RAM spends $100m on three regional hospital investments,"Real Asset Management (RAM) has invested $100 million in three regional hospital properties: Dubbo Private, Mayo Private, and North West Private. These assets, acquired from Vital Healthcare Property Trust, will be part of an essential services real estate trust that RAM plans to float in mid-2021. The portfolio, focusing on long-term sustainable income yield in high-growth corridors, now brings RAM's total holdings to approximately $500 million, including 13 retail centers and six healthcare investments.",https://www.realestatesource.com.au/ram-spends-100m-on-three-regional-hospital-investments/,1608604962
UNH,Diameter Health gains $18M in new funding,"Diameter Health, a health data optimization and interoperability company, secured $18 million in Series B funding led by Centene Corp., bringing its total funding to $30 million. The company plans to invest the new capital in product development, specifically expanding its Fusion integration solution and adding AI/machine learning capabilities. This funding comes as increased efforts to advance interoperability and curb information blocking are accelerating in the U.S.",https://medcitynews.com/2020/12/diameter-health-gains-18m-in-new-funding/,1608619380
UNH,"After decades as a hospital operator, Tenet shifts its focus to surgery centers","Tenet Health is shifting its primary focus from hospital operations to ambulatory surgery centers (ASCs) following a significant acquisition that will make its ASC footprint nearly five times larger than its hospital portfolio. This strategic move is anticipated to boost ambulatory earnings to nearly half of the company's overall earnings next year, reflecting a broader industry trend of shifting procedures away from hospitals due to regulatory changes, reimbursement models, and patient preferences. The company is actively divesting from less competitive hospital markets and urgent care businesses to concentrate on high-growth areas like musculoskeletal procedures within ASCs.",https://www.healthcaredive.com/news/tenet--ambulatory-surgery-center-focus-hospital-operator/592485/,1608678977
UNH,The technology solutions post-acute care providers picked up in 2020,"In 2020, Medline signed 800 customer contracts for its Post-Acute Solutions program, a 30% increase from the previous year, to help post-acute care providers with technology-based quality and workforce management. The demand for real-time data tools grew significantly as providers sought solutions to improve clinical performance, staff engagement, and operational health amidst the challenges of the pandemic. Medline partnered with companies like OnShift, Real Time Medical Systems, and HealthStream to offer these crucial tools.",https://newsroom.medline.com/company-news/the-technology-solutions-post-acute-care-providers-picked-up-in-2020/,1609295634
UNH,The Truth About Weight Watchers,"WW (formerly Weight Watchers) has rebranded to focus on holistic wellness beyond just weight loss, incorporating mental health and sleep in their programs. The article delves into the company's history, its science-backed point system for food, and the various advantages of its membership, including virtual meetings and coaching. It also highlights how WW caters to diverse dietary needs and integrates with modern meal kit services.",https://www.healthdigest.com/304225/the-truth-about-weight-watchers/,1609331040
UNH,"Closely watched healthcare play by Amazon, JPMorgan and Berkshire Hathaway to shutter","Haven, the ambitious healthcare venture created by Amazon, JPMorgan Chase, and Berkshire Hathaway, is set to shut down by the end of February. The company, which aimed to tackle healthcare complexity and costs, had garnered significant attention but also saw executive departures and few public achievements. Many of its 60 employees are expected to be absorbed by the founding companies, which will continue their individual healthcare initiatives.",https://www.fiercehealthcare.com/tech/closely-watched-healthcare-play-by-amazon-j-p-morgan-and-berkshire-hathaway-shutters,1609724774
UNH,What Centene Gets for Its $2.2 Billion Magellan Acquisition,"Centene Corp. announced its definitive agreement to acquire Magellan Health Inc. for $2.2 billion, including debt, paying a 15% premium per share. This acquisition aims to expand Centene's whole health capabilities, establish a leading behavioral health platform, and add millions of new enrollees to its government-sponsored health care plans. The deal is expected to address the critical need for better integrated physical and mental health care, especially given the rise in behavioral health issues exacerbated by the pandemic.",https://247wallst.com/healthcare-business/2021/01/04/what-centene-gets-for-its-2-2-billion-magellan-acquisition/,1609755180
UNH,"Haven, the Amazon-Berkshire-JPMorgan venture to disrupt health care, is disbanding after 3 years","Haven, the joint venture formed by Amazon, Berkshire Hathaway, and JPMorgan Chase to revolutionize healthcare, is disbanding after three years. Many of its 57 employees are expected to be placed within the founding companies, which will continue to pursue individual healthcare initiatives and collaborate informally. The closure highlights the significant challenges of disrupting the complex U.S. healthcare system.",https://www.cnbc.com/2021/01/04/haven-the-amazon-berkshire-jpmorgan-venture-to-disrupt-healthcare-is-disbanding-after-3-years.html,1609762860
UNH,"Amazon, Berkshire and JPMorgan Will End Joint Health Care Venture (Published 2021)","The joint venture Haven, formed by Amazon, Berkshire Hathaway, and JPMorgan Chase to innovate health care delivery for their employees, is disbanding at the end of February, three years after its inception. The initiative, which aimed to disrupt the health care industry by leveraging the scale of three large employers, faced logistical hurdles in developing solutions applicable to all three companies. This quiet dissolution marks the end of a high-profile collaboration that once sent shock waves through the health insurance sector.",https://www.nytimes.com/2021/01/04/business/haven-amazon-berkshire-hathaway-jpmorgan.html,1609792603
UNH,"World’s Largest Insurers 2020: AM Best Ranks UnitedHealth, Allianz on Top","UnitedHealth Group Inc. maintained its top position in AM Best's ranking of the world's largest insurance companies by net premiums written for the sixth consecutive year in 2019. Allianz SE and Prudential Financial, Inc. surpassed AXA S.A. in the non-banking assets ranking. The report, published in BestWeek, details shifts in the top global insurers for both net premiums written and non-banking assets.",https://www.insurancejournal.com/news/national/2021/01/05/596065.htm,1609882070
UNH,"P&G, Billie Cancel Deal After FTC Suit","Procter & Gamble's planned acquisition of women’s shaving brand Billie has been called off after the Federal Trade Commission (FTC) filed a suit to block the deal, citing concerns over competition. Both companies agreed not to pursue a prolonged legal challenge. This follows a similar FTC intervention that led to the cancellation of Edgewell Personal Care's acquisition of Harry's.",https://wwd.com/beauty-industry-news/beauty-features/feature/pg-billie-cancel-deal-1234690502/,1609896887
UNH,"Kaiser Permanente ranked No. 1 in consumer satisfaction, Insure.com finds","A recent Insure.com survey found that Kaiser Permanente ranked first in consumer satisfaction among commercial health insurers for 2021. The survey highlighted that competitive pricing and strong customer service were key differentiators for top-performing plans, with UnitedHealthcare showing significant improvement and Centene ranking last among the 15 major U.S. insurers. Despite ongoing industry challenges, the majority of customers expressed satisfaction and intent to renew their policies.",https://www.healthcaredive.com/news/kaiser-permanente-ranked-no-1-in-consumer-satisfaction-insurecom-finds/592918/,1609897356
UNH,"UnitedHealth, Ping An, AXA top list of world’s largest insurers by premiums","UnitedHealth Group Incorporated maintained its position as the world's largest insurance company by net premium written (NPW) in 2019, followed by China's Ping An Insurance and French insurer AXA. The article details the top ten insurers by NPW and highlights significant movers in terms of year-on-year growth and declines. It also ranks insurers by net non-banking assets, with Allianz SE taking the top spot in 2019.",https://www.reinsurancene.ws/unitedhealth-ping-an-axa-top-worlds-largest-insurers-premiums/,1609898861
UNH,UnitedHealth to pay nearly $8B for technology company Change,"UnitedHealth Group announced it will acquire healthcare technology company Change Healthcare for nearly $8 billion in cash. The acquisition will integrate Change Healthcare into UnitedHealth's OptumInsight segment, enhancing its capabilities in data analytics and revenue cycle management. This move is expected to bolster Optum's already high profit margins within UnitedHealth's diverse business portfolio.",https://apnews.com/article/technology-e22af9fe63e002ec0d865db119d7c50c,1609898861
UNH,UnitedHealth to Purchase Change Healthcare for $8 Billion,"UnitedHealth (UNH) has agreed to acquire Change Healthcare (CHNG) in a deal valued at approximately $13 billion, including debt. The acquisition price of $25.75 per share represents a 41% premium over Change Healthcare’s closing price and expands UnitedHealth’s Optum technology business. The transaction values the health technology company at about $8 billion in equity.",https://www.bloomberg.com/news/articles/2021-01-06/unitedhealth-to-purchase-change-healthcare-in-13-billion-deal,1609930800
UNH,"UnitedHealth Group’s Optum, Change Healthcare to combine in $13.5B deal","UnitedHealth Group's subsidiary Optum announced it will acquire healthcare technology company Change Healthcare for $13.5 billion in an all-cash deal. This acquisition aims to enhance OptumInsight's offerings with Change Healthcare's data analytics, research, and revenue cycle management capabilities, simplifying healthcare services and processes. The transaction includes $25.75 per share and close to $5 billion in Change Healthcare's debt, with the deal expected to close in the second half of the year pending approvals.",https://medcitynews.com/2021/01/unitedhealth-groups-optum-change-healthcare-to-combine-in-13-5b-deal/,1609941360
UNH,"OptumInsight and Change Healthcare Combine to Advance a More Modern, Information and Technology-Enabled Health Care Platform","Optum, a part of UnitedHealth Group, and Change Healthcare have agreed to combine, aiming to advance a more modern, information, and technology-enabled health care platform. This merger will integrate Change Healthcare's technologies with OptumInsight's software, data analytics, and services to streamline clinical, administrative, and payment processes, ultimately improving health outcomes and lowering costs. The acquisition values Change Healthcare's common stock at $25.75 per share in cash and is expected to be accretive to UnitedHealth Group's earnings per share in 2022.",https://www.businesswire.com/news/home/20210106005286/en/OptumInsight-and-Change-Healthcare-Combine-to-Advance-a-More-Modern-Information-and-Technology-Enabled-Health-Care-Platform,1609968468
UNH,"Anche la famiglia miliardaria Stevanato investe in PatchAi, startup healthcare di un under 30","PatchAi, an Italian digital health startup, has successfully closed a €1.7 million funding round, with the billionaire Stevanato family's investment vehicle, Sfem Italia, leading one of the tranches. This funding will enable PatchAi to expand its business into new therapeutic areas and scale internationally. The startup, which uses an AI-powered empathetic virtual assistant to improve patient engagement and clinical research, has already seen significant success with adherence rates up to 95% and partnerships with leading pharma companies like Novartis and Roche.",https://forbes.it/2021/01/11/anche-la-famiglia-miliardaria-stevanato-investe-in-patchai-startup-healthcare-di-un-under-30/,1610330669
UNH,Get High Dividend Exposure with the HDEF ETF,"The article discusses the Xtrackers MSCI EAFE High Dividend Yield Equity ETF (HDEF) as an option for investors seeking high dividend exposure with international diversification. HDEF offers exposure to developed markets outside the U.S., focusing on high-dividend stocks while hedging against currency risk. This strategy aims to provide stable dividend payments, exemplified by its top holding, Unilever PLC.",https://www.etftrends.com/smart-beta-channel/get-high-dividend-exposure-hdef-etf/,1610467178
UNH,The Asset Approach to Healthcare Business Valuation,"This article discusses the asset approach to healthcare business valuation, particularly relevant in an industry undergoing consolidation. It highlights how federal laws like the Anti-Kickback Statute and Stark Law necessitate fair market value valuations in ongoing referral relationships, making the asset approach a compliant valuation method. The method focuses on adjusting assets and liabilities to fair market value, including fixed assets and the assembled workforce, to determine a compensable fair market value of the business without accounting for referral value.",https://www.cbiz.com/insights/article/asset-approach-to-healthcare-business-valuation,1610587681
UNH,General Mills halts donations to Republicans who voted to block Biden win,"General Mills has announced it will halt political donations to Republican members of Congress who voted against the certification of Joe Biden's election win. This decision affects 147 Republicans, including Minnesota representatives Jim Hagedorn and Michelle Fischbach. Several other Minnesota companies, such as Best Buy, 3M, Target, UnitedHealth Group, Cargill, and Thrivent, are also suspending or reviewing their political contributions following the Capitol insurrection.",https://bringmethenews.com/minnesota-news/general-mills-the-latest-company-to-halt-donations-to-republicans-who-voted-against-bidens-win,1610742114
UNH,"Encompass Health Building MA Momentum, Still Exploring ‘Strategic Alternatives’ for Home Health Business","Encompass Health (NYSE: EHC) is continuing to explore ""strategic alternatives"" for its home health and hospice segment, which may include a sale, merger, spin-off, or IPO. Despite a dip in home health admissions and revenues in Q4 2020, the company expects volumes to increase in the latter half of 2021 and is focusing on expanding Medicare Advantage partnerships and deploying new quality-reporting tools. Encompass Health also plans to manage rising nursing compensation costs through operational efficiencies and technology.",https://homehealthcarenews.com/2021/01/encompass-health-building-ma-momentum-still-exploring-strategic-alternatives-for-home-health-business/,1611711250
UNH,Anthem's Medicare Advantage membership up 18% in 2020,"Anthem reported a significant 18% increase in its Medicare Advantage membership in 2020, reaching 1.4 million members, with projections for continued double-digit growth in 2021. Despite this growth, the insurer's fourth-quarter profits for 2020 fell short of Wall Street expectations, dropping 41% compared to the previous year, though full-year revenue saw a substantial increase. The company attributed its strong overall performance in 2020 to the diversity of its portfolio and its commitment to customers amidst the challenges of the pandemic.",https://www.fiercehealthcare.com/payer/anthem-misses-wall-street-predictions-551m-q4-profits,1611711263
UNH,"Genomind Alleges Negligent Misrepresentation, ERISA Violation Against UnitedHealth Group","Genomind Inc. has filed a complaint against UnitedHealth Group, alleging negligent misrepresentation and violations of the Employee Retirement Income Security Act (ERISA). Genomind claims that UnitedHealth Group misrepresented coverage for its Professional PGx Express product, a genetic testing service for psychiatric medications. The lawsuit argues that after Genomind overhauled its test to meet United's requirements, the insurer still withheld payments and misled the company about the reasons for non-payment.",https://lawstreetmedia.com/news/health/genomind-alleges-negligent-misrepresentation-erisa-violation-against-unitedhealth-group/,1611869270
UNH,Informing Hospital Growth and Revenue Goals for ISI,"Atrium helped Intuitive Surgical, Inc. (ISI) enhance its relationship with hospitals by leveraging CRM Analytics and Salesforce Sales Cloud. This solution allows ISI's clinical sales teams to create data-driven value statements for hospital executives, directly connecting the da Vinci Surgical System's impact to hospital growth and revenue goals. The initiative transformed Business Alignment Meetings (BAMs) into customer-outcome-focused discussions, leading to tailored business cases for hospitals.",https://atrium.ai/customers/intuitive-surgical-success-story/,1612057498
UNH,UnitedHealth to pay nearly $8B for technology company Change,"UnitedHealth Group announced it will acquire healthcare technology company Change Healthcare for nearly $8 billion in cash. This acquisition aims to bolster UnitedHealth's OptumInsight segment, enhancing its data analytics and revenue cycle management capabilities. The deal is expected to close in the second half of the year, pending shareholder and regulatory approvals, and positively impacted both companies' stock prices.",https://kstp.com/kstp-news/local-news/unitedhealth-to-pay-nearly-8b-for-technology-company-change/,1612214868
UNH,U.S. Bancorp hires wealth management executive from JPMorgan Chase,"U.S. Bancorp has hired Scott Ford from JPMorgan Chase to lead the affluent unit of its wealth management group. Ford will oversee a team of 1,400 employees, serving clients with at least $100,000 in investments or $250,000 to $3 million in total balances. This strategic hire follows the departure of Mike Ott and aligns with U.S. Bancorp's broader efforts to expand its wealth management services, including a recent acquisition from MUFG Union Bank to boost its West Coast presence.",https://www.americanbanker.com/news/u-s-bancorp-hires-wealth-management-executive-from-jpmorgan-chase,1612312284
UNH,How Do We Report ICHRA Coverage on Forms 1094-C and 1095-C?,"This article explains how applicable large employers (ALEs) should report Individual Coverage Health Reimbursement Arrangement (ICHRA) coverage on Forms 1094-C and 1095-C. It details that ICHRA offers count towards the 95% threshold for avoiding an employer shared responsibility penalty and outlines specific information required on Form 1095-C, including age, terms of offer, ZIP code, and the employee's required contribution. The article also mentions the reporting obligations for MEC and crucial deadlines for furnishing and filing these forms.",https://tax.thomsonreuters.com/blog/how-do-we-report-ichra-coverage-on-forms-1094-c-and-1095-c/,1612401225
UNH,UnitedHealth Group appoints new CEO,"UnitedHealth Group has appointed Sir Andrew Witty as its new chief executive officer, succeeding David Wichmann who is retiring after three years. Witty previously led UnitedHealth Group's Optum unit and served as an envoy for the WHO's COVID-19 efforts, bringing extensive healthcare experience to the role. He will lead a chief executive office team including CFO John Rex and newly appointed President and COO Dirk McMahon.",https://www.insurancebusinessmag.com/us/news/life-insurance/unitedhealth-group-appoints-new-ceo-245577.aspx,1612401300
UNH,"UnitedHealth Group CEO Wichmann to retire, Optum chief Witty named successor","UnitedHealth Group announced that CEO David Wichmann will retire, with Optum chief Andrew Witty named as his successor. Witty will take on the CEO role immediately and join the company's board, while Wichmann will assist with the transition through March. Additionally, Dirk McMahon, CEO of UnitedHealthcare, will become the company's president and chief operating officer.",https://www.fiercehealthcare.com/payer/unitedhealth-group-ceo-wichmann-to-retire-optum-chief-witty-named-successor,1612424340
UNH,UnitedHealth names former Glaxo CEO Witty to lead company,"UnitedHealth Group has announced the promotion of Sir Andrew Witty, former CEO of GlaxoSmithKline, to become the health insurance provider's next CEO, effective immediately. Witty was pictured in 2010 when he previously served as a leader for GlaxoSmithKline. This move signifies a major leadership change for the healthcare giant.",https://www.mprnews.org/story/2021/02/04/unitedhealth-names-former-glaxo-ceo-witty-to-lead-company,1612427040
UNH,UnitedHealth names former Glaxo CEO Witty to lead company,"UnitedHealth Group has named former GlaxoSmithKline leader Sir Andrew Witty as its new CEO, effective immediately. Current CEO David Wichmann will retire after more than three years in the role. Witty previously served as president of UnitedHealth’s Optum segment and then president of the parent company, following his tenure running GlaxoSmithKline.",https://www.foxbusiness.com/markets/united-heath-ceo-andrew-witty,1612431060
UNH,UnitedHealth Names Witty CEO as Wichmann Retires Abruptly,"UnitedHealth Group Inc. has appointed Andrew Witty, the former CEO of GlaxoSmithKline Plc, to succeed Dave Wichmann as CEO. Witty, who has led UnitedHealth's Optum division since 2018, will begin his new role immediately, while Wichmann will remain for a transition period through March. Wichmann served as CEO for fewer than four years.",https://www.bloomberg.com/news/articles/2021-02-04/unitedhealth-names-andrew-witty-ceo-as-dave-wichmann-retires,1612445820
UNH,"UnitedHealth Group names new CEO, COO",UnitedHealth Group has announced the appointment of a new Chief Executive Officer and Chief Operating Officer. The article provides details on these leadership changes within the company. This move is significant for the healthcare giant's future direction.,http://www.modernhealthcare.com/people/unitedhealth-group-names-new-ceo-coo/,1612460400
UNH,UnitedHealth Names Andrew Witty as CEO as David Wichmann Retires - WSJ,"Andrew Witty has been named CEO of UnitedHealth Group, succeeding David Wichmann, whose retirement was an abrupt surprise to executives and investors. Witty, formerly the CEO of GlaxoSmithKline and head of UnitedHealth's Optum unit, recently returned from a leave to assist the World Health Organization with Covid-19 efforts. Wichmann, who became CEO in September 2017, will transition out of his role through March.",https://www.wsj.com/health/healthcare/unitedhealth-group-names-andrew-witty-as-chief-executive-11612443921?gaa_at=eafs&gaa_n=AWEtsqcGZzJThec222cGOxGJ6E0qzu0vON49PxPZJf3B9vO9GMy7ufFew9t5&gaa_ts=6907cfd7&gaa_sig=xYRP6m5HyMEEpLwCVzPFzKzYbUqQa_WCNXY_NAnApEUUWqdfPfy835JXmGsSEwvFABQoFpP-n4CEuNbmwmNICg%3D%3D,1612474068
UNH,UnitedHealth Group CEO David Wichmann steps down; Andrew Witty named successor,UnitedHealth Group has announced that Andrew Witty will succeed David Wichmann as CEO. Wichmann is retiring after leading the insurance and health care giant since 2017. Witty previously served as CEO of Optum and had been on leave to work with the World Health Organization on COVID-19 vaccine efforts.,https://www.bizjournals.com/twincities/news/2021/02/04/unitedhealth-group-ceo-wichmann-witty.html,1612474069
UNH,Who is UnitedHealth's new CEO Andrew Witty?,"This article announces Sir Andrew Witty as the new CEO of UnitedHealth Group. Witty was previously hired in 2018 to lead UnitedHealth Group's Optum division, which handles the majority of UnitedHealth's non-health insurance business. The article also provides links to related news concerning Witty's career progression and involvement with COVID-19 vaccine development.",https://www.bizjournals.com/twincities/news/2021/02/05/who-is-unitedhealths-new-ceo-andrew-witty.html,1612560469
UNH,Private Equity Health Care Acquisitions – January 2021,"This article by the Private Equity Stakeholder Project (PESP) tracks private equity-backed healthcare acquisitions in January 2021, highlighting the growing investor interest and associated risks. It details acquisitions by firms like Levine Leichtman Capital Partners and Audax Group, noting past legal issues faced by some of their portfolio companies, including alleged billing fraud. The report provides a comprehensive list of add-on acquisitions and new PE investments/buyouts from the specified month.",https://pestakeholder.org/news/private-equity-health-care-acquisitions-january-2021-2/,1612744602
UNH,"UnitedHealth’s Exiting CEO to Get Salary, Bonus for 2 Years","UnitedHealth Group Inc. will compensate outgoing CEO Dave Wichmann with two years' salary and bonus following his unexpected retirement, as disclosed in a securities filing. Wichmann, who led the company for less than four years, has been succeeded by former pharmaceutical executive Andrew Witty, effective immediately. The compensation package is equivalent to what he would have received as severance.",https://www.bloomberg.com/news/articles/2021-02-08/unitedhealth-s-departing-ceo-to-get-salary-bonus-for-two-years,1612827900
UNH,"Centene Corp to slash 3,000 jobs","Major US health insurer Centene Corporation announced plans to eliminate 3,000 jobs and 1,500 open positions, primarily due to ""significant overlap"" from recent acquisitions. Despite the job cuts, Centene reported strong financial results for 2020, with total revenues of $28.3 billion in Q4 and $111.1 billion for the full year, driven by acquisitions and growth in government-sponsored programs. CEO Michael Neidorff emphasized the company's focus on continued growth through expansion and technological advancement.",https://www.insurancebusinessmag.com/us/news/breaking-news/centene-corp-to-slash-3000-jobs-246024.aspx,1612900660
UNH,UnitedHealth Group’s Wichmann Realized Over $156 Million as CEO,"David S. Wichmann, former CEO of UnitedHealth Group, realized over $156 million in total compensation during his tenure from September 2017 to February 2021. He retired on February 2, 2021, and was succeeded by Sir Andrew P. Witty, whose annual target compensation package details are provided. Wichmann's retirement marks him as the 10th CEO from the Equilar 500 to announce their resignation in 2021.",https://www.equilar.com/unitedhealth-groups-wichmann-realized-over-156-million-as-ceo/,1612906069
UNH,"Interim HealthCare Inc. Continues Strong Momentum with Latest Acquisition; Representing One of Three Bold Strategic Moves for Parent Company, Caring Brands International","Caring Brands International (CBI), parent company to Interim HealthCare, announced three significant home healthcare franchise acquisitions, including Interim HealthCare of San Diego, Bluebird Care in Ireland, and Just Better Care in Australia. These strategic moves aim to strengthen CBI's global presence and meet the increasing demand for home healthcare services, especially exacerbated by the COVID-19 pandemic. The acquisitions allow for expanded support and growth in key markets, providing comprehensive care to more individuals.",https://www.prnewswire.com/news-releases/interim-healthcare-inc-continues-strong-momentum-with-latest-acquisition-representing-one-of-three-bold-strategic-moves-for-parent-company-caring-brands-international-301226698.html,1613003802
UNH,"UnitedHealth's Wichmann to earn 2 years salary, bonuses post-retirement","David Wichmann, the outgoing CEO of UnitedHealth Group, will receive two years' salary and bonuses upon his full exit from the company next month. This compensation is classified as retirement by the company due to his long tenure and successful leadership. Wichmann's base salary in 2019 was $1.4 million, with total compensation reaching $18.9 million that year.",https://www.fiercehealthcare.com/payer/unitedhealth-s-wichmann-to-earn-2-years-salary-bonuses-post-retirement,1613048160
UNH,The great GP surgery takeover: US giant seizes four practices in Camden,"A US health insurance company, Centene Corporation, has taken control of four GP surgeries in Camden, impacting 370,000 patients across London. This move, achieved through a subsidiary taking over existing provider AT Medics, has been criticized by NHS campaigners as a secretive step toward privatization, raising concerns about profit-driven healthcare and the long-term dismantling of the NHS public service model. Despite national efforts to scale back NHS outsourcing, the private sector has secured significant contracts over the years.",https://www.camdennewjournal.co.uk/article/the-great-gp-surgery-takeover-us-giant-seizes-five-practices-in-camden,1613608718
UNH,UnitedHealth Group PESTLE Analysis,"This article provides a detailed PESTLE analysis of UnitedHealth Group, examining the political, economic, social, technological, legal, and environmental factors that influence its business operations. It highlights how the company navigates government policies, economic shifts, societal trends, technological advancements, legal regulations, and environmental considerations to shape its strategies and maintain resilience. The analysis underscores the importance of understanding these external factors for UnitedHealth Group's performance in a dynamic global healthcare landscape.",https://www.mbaskool.com/pestle-analysis/companies/18192-unitedhealth-group.html,1615152470
UNH,"9 Companies In The Healthcare Industry, Net Worth Ranked","This article ranks nine leading healthcare companies based on their net worth, highlighting their significant contributions to the global economy, especially during the pandemic. Companies like Johnson and Johnson, CVS Health Corp, and UnitedHealth Group Inc. are featured for their substantial revenues, market capitalization, and diverse services ranging from pharmaceuticals and health insurance to medical device manufacturing and managed care. The piece emphasizes the industry's crucial role in developing life-saving drugs and shaping the economy.",https://www.therichest.com/rich-powerful/companies-healthcare-industry-net-worth-ranked/,1615247210
UNH,"Class Action Alleges Surgical Care Affiliates, Other Entities Operated ‘No-Poach’ Agreement Conspiracy","A class-action lawsuit has been filed against Surgical Care Affiliates (SCA) and related entities, including UnitedHealth Group and Tenet Healthcare, alleging violations of the Sherman and Clayton Acts. The complaint claims that these companies engaged in ""no-poach"" agreements to suppress senior-level employee compensation by agreeing not to solicit or hire each other's employees without consent. This lawsuit follows a Department of Justice criminal indictment against SCA for similar labor market collusion.",https://lawstreetmedia.com/news/health/class-action-alleges-surgical-care-affiliates-other-entities-operated-no-poach-agreement-conspiracy/,1615335881
UNH,UnitedHealth’s New CEO Sees Better Blending of Key Units Ahead,"UnitedHealth Group Inc.'s new CEO, Andrew Witty, believes there is significant room for growth by enhancing coordination between the company's various healthcare units. He plans to boost technology services, potentially expand internationally, and better integrate the UnitedHealthcare and Optum divisions to unlock ""untapped potential.""",https://www.bloomberg.com/news/articles/2021-03-10/unitedhealth-s-new-ceo-sees-better-blending-of-key-units-ahead,1615392840
UNH,Physician Offices an Engine for Hospice Referral Growth,"Physician offices are identified as a significant opportunity for hospice referral growth in 2021, with 41% of hospice leaders surveyed indicating this. This growth area is driven by changing demographics, evolving payment models, and shifts in patient accessibility during COVID-19, which saw fewer referrals from facility-based settings. Educating physicians on the value of hospice care and engaging with managed-care companies are key strategies for hospices to capitalize on this trend and overcome misconceptions about hospice care.",https://hospicenews.com/2021/03/10/physician-offices-an-engine-for-hospice-referral-growth/,1615406216
UNH,How Does Cigna Long Term Disability Work?,"This article explains how Cigna long-term disability insurance works, detailing its purpose to cover a portion of income for policyholders unable to work due to injury or illness. It outlines the benefits, the claims process, eligibility requirements including a list of potentially covered conditions, and highlights challenges faced by claimants, especially in light of the COVID-19 pandemic. The article also advises on legal options if a claim is denied.",https://topclassactions.com/ltd-insurance/how-does-cigna-long-term-disability-work/,1615506495
UNH,Minnesota businesses join mass COVID-19 vaccination campaign,"Minnesota's largest employers are actively encouraging COVID-19 vaccination among their workers, offering incentives like paid time off and transportation assistance, and providing educational resources to combat vaccine hesitancy. This widespread corporate involvement is seen as crucial for overcoming the pandemic, especially given the challenges posed by misinformation and an unprecedented vaccine rollout. Businesses like UnitedHealth Group, Target, General Mills, and Best Buy are participating in this effort, which is being supported by organizations like the Business Roundtable to build public confidence in vaccines.",https://www.startribune.com/minnesota-corporations-hone-a-pandemic-sales-pitch-vaccines-for-its-employees/600033922,1615595082
UNH,UnitedHealthcare Hearing Launches Virtual Option to Help Plan Participants Remotely Access Hearing Health Care and Treatment,"UnitedHealthcare Hearing has introduced Right2You, a new virtual care option designed to expand access to custom-programmed hearing aids for individuals nationwide and eligible UnitedHealthcare members. This program helps reduce the need for in-person appointments for hearing aid fittings and adjustments, potentially saving consumers 50% to 80% on costs. The initiative aims to improve hearing health care delivery, particularly important given the decline in in-person appointments due to COVID-19 and the growing prevalence of hearing loss.",https://www.unitedhealthgroup.com/newsroom/2021/2021-3-18-uhc-hearing-virtual-treatment.html,1616102869
UNH,"Cleveland Clinic Collaborates with Lilly, Anthem to Add New Heart Surgery Option for Lilly Health Plan Members","Cleveland Clinic, in collaboration with Eli Lilly and Company and Anthem Blue Cross and Blue Shield, is offering a new heart surgery option for eligible Lilly health plan members. This program provides access to complex cardiac surgery at the Cleveland Clinic Heart, Vascular & Thoracic Institute, which has been ranked as the best in the nation for cardiovascular care. The initiative aims to provide high-quality healthcare while managing costs through bundled pricing and covering travel and accommodation expenses for eligible participants.",https://www.prnewswire.com/news-releases/cleveland-clinic-collaborates-with-lilly-anthem-to-add-new-heart-surgery-option-for-lilly-health-plan-members-301253063.html,1616488500
UNH,Humana CFO to depart,"Humana's CFO, Brian Kane, is stepping down after seven years to pursue other opportunities. Susan Diamond, president of Humana's home business, will serve as interim CFO while the company searches for a permanent replacement. During his tenure, Kane managed significant industry consolidation and oversaw considerable expansion in Humana's hospice and home healthcare business.",https://www.cfodive.com/news/humana-cfo-to-depart/597205/,1616543981
UNH,Learning healthcare: bringing 20 years of patient safety progress to COVID-19 at HCA Healthcare,"HCA Healthcare has leveraged two decades of patient safety advancements, guided by Dr. Jonathan Perlin, to enhance care during the COVID-19 pandemic, resulting in a 28% improvement in survival rates for COVID-19 patients. The article details the evolution of patient safety initiatives since 1999 reports like ""To Err Is Human"" and highlights HCA Healthcare's contributions in maternal safety, infection prevention, and sepsis detection through tools like SPOT and the NATE platform. It also emphasizes the importance of health equity as a foundational aspect of patient safety.",https://hcahealthcaretoday.com/2021/03/24/learning-healthcare-bringing-20-years-of-patient-safety-progress-to-covid/,1616630322
UNH,DOJ investigating UnitedHealth Group's $13 billion Change Healthcare acquisition,"The Department of Justice is investigating UnitedHealth Group's $13 billion acquisition of Change Healthcare. The article was published on March 26, 2021, and highlights concerns related to potential anticompetitive practices following the merger.",http://www.modernhealthcare.com/mergers-acquisitions/doj-investigating-unitedhealth-groups-13-billion-change-healthcare-acquisition/,1616779380
UNH,Doctors Accuse UnitedHealthcare of Stifling Competition (Published 2021),"UnitedHealthcare is being sued in two states by U.S. Anesthesia Partners, a large group of anesthesiologists, who accuse the insurer of stifling competition by forcing them out of its network and coercing hospitals and surgeons to stop referrals. The lawsuits, filed in Colorado and Texas, claim United engaged in ""unlawful tactics and pressure campaigns,"" including offering surgeons contracts that pay more if they steer patients away from U.S. Anesthesia Partners. UnitedHealthcare refutes these claims, stating the lawsuits are an attempt to pressure them into higher rate demands and accusing private-equity-backed physician groups of demanding double or triple the median rates for services.",https://www.nytimes.com/2021/04/01/health/unitedhealthcare-lawsuit.html,1617312469
UNH,10 innovative examples of telehealth in action,"This article showcases ten innovative examples of how telehealth is being utilized to transform healthcare delivery, spurred by the COVID-19 pandemic. It highlights how virtual care can improve convenience for patients and staff, extend access to care, and address various medical needs from remote screening and digital check-ins to tele-ICUs, wearable biosensors, and teledentistry. The examples demonstrate a broader shift towards integrating virtual solutions into the future of healthcare.",https://www.usa.philips.com/a-w/about/news/archive/features/2021/20210401-10-innovative-examples-of-telehealth-in-action.html,1617319470
UNH,State of Hawaii Selects UnitedHealthcare to Serve its Medicaid Beneficiaries,"The state of Hawaii has selected UnitedHealthcare Community Plan of Hawaii to administer its QUEST Integration Medicaid program statewide, effective July 1, 2021. This five-and-a-half-year contract covers various programs including TANF, CHIP, ABD, and LTSS, aiming to improve the overall health and well-being of Hawaii’s Medicaid beneficiaries through patient-centered care. UnitedHealthcare, which already serves around 114,000 people in Hawaii, will expand its reach to a portion of the more than 400,000 adults and children eligible for the state’s Medicaid program.",https://www.unitedhealthgroup.com/newsroom/2021/2021-4-06-hawaii-medicaid-beneficiaries.html,1617744468
UNH,Anesthesiology Group Squeezed 'Like a Boa Constrictor' Sues Insurer,"U.S. Anesthesia Partners (USAP) is suing UnitedHealthcare (UHC) in Texas and Colorado, alleging anti-competitive practices aimed at forcing USAP doctors out of network and undermining their business relationships. USAP claims UHC's actions, including bribing surgeons and penalizing facilities, are intended to boost UHC's profits and those of its affiliates like Optum, while UHC counters that USAP demands egregiously high rates. The insurer argues paying USAP at median rates would save employers significant amounts, whereas USAP asserts UHC's practices risk patient access to quality care and can increase overall healthcare costs.",https://www.medpagetoday.com/special-reports/exclusives/91959,1617744469
UNH,UnitedHealthcare names veteran exec as new CEO,"UnitedHealth Group has appointed Brian Thompson as the new CEO of UnitedHealthcare, the nation's largest insurer. Thompson, who previously led UnitedHealthcare's government business, will focus on driving continued growth across the company. This leadership change follows Dirk McMahon's move to president and COO of UnitedHealth Group, and Andrew Witty's succession as UHG CEO after David Wichmann's retirement.",https://www.fiercehealthcare.com/payer/unitedhealthcare-names-veteran-exec-as-new-ceo,1617791400
UNH,UnitedHealth CEO makes first changes to leadership team,"UnitedHealth Group CEO Andrew Witty announced his first major leadership changes, appointing Brian Thompson as the new CEO of UnitedHealthcare, the nation's largest health insurer. Thompson previously led UnitedHealthcare's Medicare business, which saw significant growth in Medicare Advantage plans. The changes also include new leadership roles within Optum, including Dan Schumacher as Chief Strategy and Growth Officer and Heather Cianfrocco as CEO of OptumRx.",https://www.startribune.com/unitedhealth-ceo-makes-first-changes-to-leadership-team/600043102,1617796140
UNH,Brian Thompson Named CEO of UnitedHealthcare,"UnitedHealth Group Inc. has appointed Brian Thompson as the new CEO of UnitedHealthcare, its insurance unit. UnitedHealthcare is the company's largest business. The announcement was made on Wednesday, April 7, 2021.",https://www.bizjournals.com/twincities/news/2021/04/07/unitedhealth-names-new-ceo-brian-thompson.html,1617806040
UNH,How Tractor Supply Company is helping vaccinate rural America against COVID-19 | Opinion,"Tractor Supply Company is actively supporting COVID-19 vaccination efforts in rural America through its ""Rolling Up Our Sleeves"" initiative. The company is educating its 42,000 team members and their communities about vaccination, offering a $50 payment and time off for team members who get vaccinated, and facilitating onsite vaccination clinics. Tractor Supply has also implemented various safety measures since the pandemic began, including retaining an infectious disease expert, encouraging sick employees to stay home with pay, and providing PPE and care packages.",https://www.tennessean.com/story/opinion/2021/04/07/tractor-supply-company-helps-vaccinate-rural-america-against-covid-19/7111937002/,1617830817
UNH,Brian Thompson Named Chief Executive Officer of UnitedHealthcare Unit,"Brian Thompson has been appointed as the Chief Executive Officer of UnitedHealthcare, the health benefits business of UnitedHealth Group. Thompson previously led UnitedHealthcare's government programs, including Medicare & Retirement and Community & State businesses. In his new role, he will focus on driving growth across all segments and ensuring access to affordable, high-quality healthcare.",https://www.businesswire.com/news/home/20210407005251/en/Brian-Thompson-Named-Chief-Executive-Officer-of-UnitedHealthcare-Unit,1617830869
UNH,Six companies will split $20B in managed-care work under biggest contract in Ohio history,"Ohio has unveiled the six companies selected for a historic $20 billion Medicaid managed care contract, aimed at transforming the state's healthcare system for over 3 million low-income or disabled residents. This restructuring includes changes to the problematic pharmacy benefit manager system and care for children with behavioral health challenges. The state anticipates potential legal challenges from companies that weren't awarded contracts, similar to past re-bidding processes.",https://www.dispatch.com/story/news/2021/04/09/biggest-contract-ohio-state-government-history-split-among-six-firms-medicaid-managed-care/4824528001/,1618010345
UNH,The ARKG ETF: Genomic Focus with a Twist,"The ARK Genomic Revolution Multi-Sector Fund (ARKG) is an actively managed ETF that focuses on genomics but also invests in other healthcare growth areas like telemedicine, as exemplified by its exposure to Teledoc. The fund seeks long-term capital growth by investing in companies that merge healthcare with technology to advance genomic sequencing and improve healthcare, agriculture, and pharmaceuticals. Despite a recent decline in Livongo app downloads, analysts project strong revenue for the Teladoc subsidiary, highlighting the growth potential in virtual health services.",https://etfdb.com/disruptive-technology-content-hub/arkg-etf-genomics-focus-with-twist/,1618254570
UNH,MMIT Payer Portrait: UnitedHealthcare,"UnitedHealthcare (UHC) is the largest health insurer in the U.S., significantly expanding its presence across various markets, including Medicare Advantage. Its pharmacy benefits are managed by OptumRx, which has driven industry-wide integration through acquisitions like Diplomat Specialty Pharmacy and DivvyDose. UHC's planned acquisition of Change Healthcare faces regulatory scrutiny due to antitrust concerns raised by the American Hospital Association.",https://aishealth.mmitnetwork.com/blogs/spotlight-on-market-access/mmit-payer-portrait-unitedhealthcare,1618262870
UNH,UnitedHealth Group vs. Clover: Which Health Insurance Stock is a Better Buy? By StockNews,"This article compares UnitedHealth Group (UNH) and Clover Health Investments (CLOV), two diversified healthcare companies. It highlights that both companies are well-positioned for revenue growth due to extended enrollment periods and expanding Medicare options. The piece aims to determine which of these health insurance stocks is a better investment.",https://www.investing.com/news/stock-market-news/unitedhealth-group-vs-clover-which-health-insurance-stock-is-a-better-buy-2473217,1618356930
UNH,Economic impact of coverage expansion for NIPT,"A study involving Harvard Pilgrim Health Care and Illumina Inc. found that expanding coverage for noninvasive prenatal testing (NIPT) through a performance-based, risk-sharing agreement significantly increased NIPT use and decreased conventional prenatal screening methods, with only a negligible increase in per member per month (PMPM) cost. The findings support the idea that NIPT offers higher accuracy benefits, leading to fewer false positives and invasive diagnostic tests, and its cost is expected to decline over time. This collaborative approach between payers and industry provides greater access to advanced technology and builds public evidence for its effectiveness.",https://www.contemporaryobgyn.net/view/economic-impact-of-coverage-expansion-for-nipt,1618528361
UNH,Cohere Health scores $36M for platform aimed at streamlining care,"Cohere Health has raised $36 million in Series B funding, led by Polaris Partners, for its care-collaboration platform. The platform aims to streamline the prior authorization process, improve communication between providers and health plans, and facilitate evidence-based care plans. The funds will be used to expand its digital health plan solutions, which automate preauthorization.",https://www.mobihealthnews.com/news/cohere-health-scores-36m-platform-aimed-streamlining-care,1618583340
UNH,"With $27 Million In Funding, A Tiny Fintech Takes Aim At Cigna, Aetna And UnitedHealthcare","Level, a New York-based fintech startup founded by Paul Aaron, has secured $27 million in Series A funding to disrupt the health insurance industry. The company aims to make insurance benefits more efficient and affordable for employees, initially focusing on dental and vision plans. Level differentiates itself by offering quick claim processing, a user-friendly app, and a unique self-funded model that allows businesses to get refunds for unused benefits, positioning itself as a challenger to established giants like Cigna, Aetna, and UnitedHealthcare.",https://www.forbes.com/sites/elizahaverstock/2021/04/16/with-27-million-in-funding-a-tiny-fintech-takes-aim-at-cigna-aetna-and-unitedhealthcare/,1618613913
UNH,"Humana Inc. Overcharged Medicare Nearly $200 Million, Federal Audit Finds : Shots - Health News","A federal audit by the U.S. Department of Health and Human Services' Office of Inspector General found that Humana Inc. improperly collected nearly $200 million from Medicare in 2015 by overstating patient illnesses. Humana disputes the findings but could face a record penalty if the recommendation to repay is finalized. The audit highlights broader issues with Medicare Advantage plans overbilling taxpayers, and the OIG plans more such audits using extrapolation methods.",https://www.npr.org/sections/health-shots/2021/04/20/988817003/humana-inc-overcharged-medicare-nearly-200-million-federal-audit-finds,1618876860
UNH,How Much Do Natera Test Results Cost With Insurance?,"Consumers are reporting that Natera test results can cost significantly more than initial quotes, with some bills being thousands of dollars higher than expected. Despite Natera's claims of affordable out-of-pocket costs and widespread insurance acceptance, many patients face denied claims and exorbitant charges, leading to calls for potential class-action lawsuits. The issue is partly attributed to ""unbundling"" services, where Natera codes single tests as multiple components to inflate costs.",https://topclassactions.com/lawsuit-settlements/money/surprise-bills/how-much-do-natera-test-results-cost-with-insurance/,1618951930
UNH,CVS Health Quietly Made Massive Donation to Dark-Money Group Fighting Access to Care,"CVS Health made a $5 million donation to the Partnership for America’s Health Care Future (PAHCF), a dark-money group lobbying against proposals like Medicare for All and the public option. This donation is the largest known contribution to PAHCF, which actively campaigns to discourage health care reforms aimed at controlling costs and expanding access. Despite the donation, CVS Health is not listed as a coalition member of the group, which also receives funding from other major healthcare players and spends heavily on political influence.",https://theintercept.com/2021/04/21/cvs-lobby-health-insurance-medicare-for-all/,1619009340
UNH,Cigna to launch new small group health plan in CT,"Cigna announced it is launching a new health plan in Connecticut targeted at small businesses with 50 or fewer workers, years after leaving the market. The Bloomfield-based insurer partnered with New York-based Oscar to offer the ""Cigna + Oscar"" plan, which received regulatory approval and will begin sales on July 1. This launch comes amidst a debate in the state legislature over a proposed public health plan that has drawn criticism from the insurance industry, including Cigna.",https://hartfordbusiness.com/article/cigna-to-launch-new-small-group-health-plan-in-ct/,1619035026
UNH,"Minnesota IPO Mania? Agiliti, SkyWater Technology Go Public","Two Minnesota companies, Agiliti Inc. and SkyWater Technology Inc., recently went public, signaling significant IPO activity in the state. Agiliti, a medical equipment management company, raised $368.4 million with its IPO, planning to use the capital for acquisitions and debt reduction. Chipmaker SkyWater Technology raised $112.1 million and intends to use the proceeds for working capital, growth, and potential strategic investments.",https://tcbmag.com/minnesota-ipo-mania-agiliti-skywater-technology-go-public/,1619220602
UNH,UnitedHealth Group's David Wichmann paid nearly $18M in his last year as CEO,"David Wichmann, former CEO of UnitedHealth Group Inc., received $17.87 million in compensation during his final year in the role. This compensation results in a CEO-tomedian-employee-pay ratio of 321 to 1, given the median employee earned $55,696 in fiscal 2020.",https://www.bizjournals.com/twincities/news/2021/04/27/united-health-group-ceo-david-wichmann.html,1619558869
UNH,UnitedHealth former CEO David Wichmann earned $42.1M in his last year,"David Wichmann, former CEO of UnitedHealth Group, earned $42.1 million in compensation in his final year, primarily from long-term equity awards, a decrease from his $52.1 million compensation the prior year. His successor, Andrew Witty, received $17.4 million in compensation, including a $550,000 bonus for his performance before taking an unpaid leave to work with the WHO on COVID-19 vaccine development. UnitedHealth Group reported a 6% increase in revenue to $257 billion and a 12% increase in earnings per share to $16.03 in 2020, with its stock achieving a 21% total return.",https://www.startribune.com/unitedhealth-former-ceo-david-wichmann-earned-42-1m-in-his-last-year/600051119,1619617560
UNH,Welltower Sees 'Even Further Upside' from Genesis Exit as the Nursing Home Giant Restructures,"Welltower (NYSE: WELL) announced an even greater return than previously expected from its exit of the troubled Genesis HealthCare relationship, with CEO Shankh Mitra touting a 9% unlevered return after Genesis repays its outstanding debt. The complex deal involved selling 51 Genesis-operated nursing homes, transitioning facilities to regional operators, and transferring PowerBack rehabilitation facilities to Welltower's joint venture with ProMedica. While anticipating some near-term earnings dilution, Welltower expects significant value creation for shareholders through the deployment of $745 million in proceeds.",https://skillednursingnews.com/2021/04/welltower-sees-even-further-upside-from-genesis-exit-as-the-nursing-home-giant-restructures/,1619731960
UNH,Nestlé to Buy The Bountiful Company Core Brands for $5.75 Billion,"Nestlé has agreed to acquire the core brands of The Bountiful Company from KKR for $5.75 billion, including brands like Nature’s Bounty, Solgar, Osteo Bi-Flex, and Puritan’s Pride. This acquisition aims to strengthen Nestlé Health Science's position as a leader in the nutrition and supplements market, capitalizing on the increasing consumer focus on health and wellness. The deal is expected to close in the second half of the year, further expanding Nestlé's presence in the growing global dietary supplements market.",https://wwd.com/beauty-industry-news/beauty-features/feature/nestle-to-buy-the-bountiful-company-core-brands-5-75-billion-1234813844/,1619753160
UNH,How insurers are working to bridge racial gaps in maternal care,This article discusses how insurers are working to address racial disparities in maternal care. It highlights efforts by the insurance industry to improve health outcomes and reduce the gap in care for mothers from different racial backgrounds. The focus is on the strategies and initiatives deployed by insurers to tackle this critical issue.,http://www.modernhealthcare.com/safety-quality/how-insurers-are-working-bridge-racial-gaps-maternal-care/,1620166237
UNH,Fighting MS through innovation,"This article discusses the critical need for innovation in treating multiple sclerosis (MS), particularly concerning timely diagnosis, early treatment, and the development of new therapies. It highlights the significant economic and social burden of MS on patients, families, and society, using a French study that calculated a cost of EUR 2.8 billion annually. The piece emphasizes that investing in innovative treatments and technologies, such as the MS Copilot® app, can improve patient outcomes and significantly reduce the burden of the disease.",https://www.novartis.com/stories/fighting-ms-through-innovation,1620167601
UNH,"Unilever, Coca-Cola and Colgate-Palmolive join AB InBev’s sustainability accelerator","Unilever, Coca-Cola, and Colgate-Palmolive have joined AB InBev's 100+ Accelerator to fund and pilot sustainable supply chain innovations. This collaboration aims to scale existing projects and broaden the accelerator's reach through financial backing and real-world testing of technologies in their own supply chains. The initiative seeks to supercharge the adoption of sustainable solutions for a more sustainable future.",https://www.edie.net/unilever-coca-cola-and-colgate-palmolive-join-ab-inbevs-sustainability-accelerator/,1620244635
UNH,"Top 4 Factors Driving Revenue Cycle Management Growth, 2021","This article discusses the top four factors driving the growth of Revenue Cycle Management (RCM) solutions in the healthcare industry. These factors include the increasing burden of claims, a rapid shift towards automated operational procedures, the outsourcing of supplementary operational services, and a growing focus on patient satisfaction among healthcare professionals. The article highlights how RCM solutions are crucial for financial stability in healthcare and projects the global RCM market size to reach USD 258.1 billion by 2027.",https://www.fortunebusinessinsights.com/blog/top-4-factors-driving-revenue-cycle-management-growth-10555,1620248790
UNH,Mental Wellness Wednesday with UnitedHealthcare: Depression and the pandemic - ABC11 Raleigh-Durham,This article features Dr. Alton L. Williams from UnitedHealthcare discussing depression during Mental Wellness Awareness Month. Dr. Williams outlines signs of depression and offers coping strategies like engaging in new hobbies or reaching out to loved ones. He advises seeking professional help from primary care or mental health practitioners if symptoms are noticed.,https://abc11.com/post/unitedhealthcare-mental-health-awareness-month-depression-covid/10557053/,1620254768
UNH,UnitedHealthcare To Offer New Post-Discharge Support for Retirees with Employer Group Medicare Advantage Plans,"UnitedHealthcare announced a new offering called UnitedHealthcare Healthy at Home, designed to support retirees transitioning home after hospital or skilled nursing facility discharge. This program, specifically for Group Retiree Medicare Advantage plans, provides meal delivery, transportation, and in-home personal care to improve recovery and reduce readmissions. UnitedHealthcare aims to enhance retirees' health and healthcare experience with this holistic approach, available to employers starting January 1, 2022.",https://www.unitedhealthgroup.com/newsroom/2021/2021-5-6-uhc-post-discharge-support-retirees.html,1620336468
UNH,Pfizer and Organon Provide a Glimpse of Biosimilars Strategy,"Pfizer reported a 45% increase in first-quarter 2021 revenues, with biosimilar sales up 79%, driven by several recent launches. The company reiterated its commitment to combating rebates and working with legislators to ensure patient savings. Organon, Merck's planned biosimilars and women's health products spinoff, revealed its strategy to launch several biosimilars, including Hadlima in the U.S. in 2023, and aims to introduce 1 to 2 new biosimilars annually through partnerships.",https://www.centerforbiosimilars.com/view/pfizer-and-organon-provide-a-glimpse-of-biosimilars-strategy,1620340440
UNH,Tencent-backed Waterdrop slumps in NYSE debut,"Tencent-backed online insurance technology firm Waterdrop Inc. saw its shares tumble 14.5% in its NYSE debut, opening at $10.25 after being priced at $12 in its IPO which raised $360 million. The company's CEO, Shen Peng, stated that Waterdrop would prioritize user growth over short-term profit and aims to become China's version of UnitedHealth Group in a decade, focusing on its online insurance business before expanding into healthcare. This debut was a test for investor appetite in Chinese fintech amidst regulatory crackdowns, but Waterdrop emphasized proactive communication with regulators.",https://www.reuters.com/technology/tencent-backed-waterdrop-says-prioritise-user-growth-over-profit-short-term-2021-05-07/,1620404940
UNH,Tencent-backed Waterdrop tumbles in NYSE debut,"Chinese insurance technology company Waterdrop Inc experienced a rocky debut on the New York Stock Exchange, with its shares opening below their offer price and closing down over 19 percent. Despite the initial tumble, the Tencent-backed company views its IPO as a new beginning, raising $360 million to expand its healthcare service and insurance business in China. Waterdrop's CEO aims to serve people in lower-tier cities and the tech-savvy young generation, aspiring to become a ""China's version of UnitedHealth Group"" by collaborating with various partners to provide affordable healthcare.",http://global.chinadaily.com.cn/a/202105/08/WS60962644a31024ad0babcb13.html,1620481680
UNH,"Waterdrop Makes NYSE Debut, Aims to become China’s UnitedHealth Group in 10 Years","Chinese online insurance technology company Waterdrop Inc. debuted on the NYSE, aiming to raise $360 million in its IPO and expand its user base in China's lower-tier cities. The company seeks to become China's equivalent of UnitedHealth Group within a decade, despite reporting a widening net loss in 2020. Waterdrop plans to focus on user growth and expand into healthcare businesses to diversify income, prioritizing domestic market expansion before international endeavors.",https://pandaily.com/waterdrop-makes-nyse-debut-aims-to-become-chinas-unitedhealth-group-in-10-years,1620509270
UNH,"ServiceNow Enhances Vaccine Administration Management, Unveils New Product for the Future of Healthcare","ServiceNow announced updates to its Vaccine Administration Management solution and introduced a new Healthcare and Life Sciences Service Management product, aimed at streamlining vaccine distribution and improving patient experiences. The company's technology is being utilized by organizations globally, including North Rhine-Westphalia in Germany, to efficiently schedule and administer millions of vaccinations. The new Healthcare and Life Sciences Service Management product extends these capabilities to a broader range of healthcare scenarios, leveraging workflows to improve front, middle, and back-office operations and enhance patient engagement.",https://www.businesswire.com/news/home/20210511005440/en/ServiceNow-Enhances-Vaccine-Administration-Management-Unveils-New-Product-for-the-Future-of-Healthcare,1620766314
UNH,"Why UnitedHealth sees combined powers of its health plan, Optum as a competitive advantage","UnitedHealth Group is strategically focusing on finding synergies between its health plan, UnitedHealthcare, and Optum to enhance performance and achieve a competitive advantage. CEO Andrew Witty highlighted the significant ""untapped potential"" in Optum's diverse business lines, including its role as a PBM, data firm, and healthcare provider. The company aims to leverage these combined strengths, particularly in value-based care and technology, to innovate and improve patient experiences.",https://www.fiercehealthcare.com/payer/why-unitedhealth-sees-combined-powers-its-health-plan-optum-as-a-competitive-advantage,1620832800
UNH,"After Millions in Settlements, H.I.G. Capital Faces Multiple Health Care Fraud Suits",Private equity firm H.I.G. Capital is facing multiple health care fraud lawsuits and has been involved in multimillion-dollar settlements for alleged fraudulent billing practices by its portfolio companies. Two specific instances highlighted are a $4 million settlement involving South Bay Mental Health Center for Medicaid fraud and a $41 million settlement by Surgery Partners for Medicare fraud. These cases raise concerns about H.I.G.'s oversight and involvement in its healthcare investments.,https://pestakeholder.org/news/after-millions-in-settlements-h-i-g-capital-faces-multiple-health-care-fraud-suits/,1620853924
UNH,In Honor of International Nurses Day: Four Master of Nursing Students Shine in the Spotlight,"This article celebrates International Nurses Day by highlighting the stories of four master of nursing students from partner universities: Simmons University, Georgetown University, and USC. It features Mary Kathleen Haber, who sought deeper connections as a nurse practitioner; Isabel and Annabelle Vives, a mother-daughter duo pursuing nurse practitioner roles; and James Byass-Rascoe, who transitioned from the Navy to nursing. The piece emphasizes the critical role of nurses, especially during the global pandemic, and showcases their dedication, expertise, and compassion.",https://2u.com/newsroom/international-nurses-day-four-master-of-nursing-students-shine-in-the-spotlight/,1620859538
UNH,Chipotle Launches New Virtual Mental Wellness Platform For Employees,"Chipotle Mexican Grill announced a new virtual mental wellness platform called Strive, in partnership with Aduro, to support its employees. This platform offers 1:1 coaching, personalized well-being goals, and incentives for Restaurant Managers, Field Leaders, and Restaurant Support Center employees. The initiative also ties into Mental Health Action Day with a push notification to Chipotle Rewards members, reinforcing the company's commitment to employee well-being alongside existing benefits and financial wellness programs.",https://newsroom.chipotle.com/2021-05-19-Chipotle-Launches-New-Virtual-Mental-Wellness-Platform-For-Employees,1621454251
UNH,"Vistria Group, Large Hospice Companies Invest in Muse Healthcare, Medalogix","The Vistria Group, along with home health and hospice providers LHC Group, Amedisys, and Encompass Health, has invested in and recapitalized post-acute data analytics companies Muse Healthcare and Medalogix. Following the investment, the two companies will merge under the Medalogix brand, aiming to develop machine learning solutions to identify patients needing home health, hospice, or palliative care earlier and assist in care coordination. This initiative seeks to improve patient outcomes by ensuring care is provided in the home and addressing the issue of short hospice lengths of stay.",https://hospicenews.com/2021/05/19/vistria-group-large-hospice-companies-invest-in-muse-healthcare-medalogix/,1621462526
UNH,"Alignment Healthcare's “Care Anywhere” Program Sets Industry Standards for Care of Chronically Ill Seniors, Achieving Double Industry Average Member Satisfaction","Alignment Healthcare's ""Care Anywhere"" program has achieved an unparalleled Net Promoter Score of 76 among its members, nearly doubling the industry average for satisfaction in caring for chronically ill seniors. The program utilizes a high-tech, high-touch approach with its AVA™ platform and dedicated care teams to coordinate personalized care, optimize clinical outcomes, and reduce healthcare costs. This model has prevented avoidable utilization of the healthcare system, leading to significant reductions in hospitalization, emergency room visits, and skilled nursing facility admissions for at-risk members.",https://www.globenewswire.com/news-release/2021/05/26/2236377/0/en/Alignment-Healthcare-s-Care-Anywhere-Program-Sets-Industry-Standards-for-Care-of-Chronically-Ill-Seniors-Achieving-Double-Industry-Average-Member-Satisfaction.html,1622016000
UNH,Two More Minnesota Companies Added to Fortune 500 List,"Minnesota saw an increase in its representation on the 2021 Fortune 500 list, with 18 companies making the cut, up from 16 the previous year. Two new Minnesota-based companies, Fastenal and Patterson Cos. Inc., were added to the list, while UnitedHealth Group maintained its top 10 position. The article details the rankings and revenues of all 18 Minnesota companies included in the Fortune 500.",https://tcbmag.com/two-more-minnesota-companies-added-to-fortune-500-list/,1622751146
UNH,"UnitedHealth Group names new chief diversity, equity and inclusion officer","UnitedHealth Group has appointed Joy Fitzgerald as its new chief diversity, equity, and inclusion officer. This move highlights the company's focus on DEI initiatives.",http://www.modernhealthcare.com/people/unitedhealth-group-names-new-chief-diversity-equity-and-inclusion-officer/,1623185520
UNH,"UnitedHealth Group names new chief diversity, equity and inclusion officer","UnitedHealth Group has appointed Joy Fitzgerald as its new Chief Diversity, Equity and Inclusion Officer. Fitzgerald previously held the chief diversity & inclusion officer role at Eli Lilly and Co. Her appointment signifies UnitedHealth Group's continued focus on diversity, equity, and inclusion initiatives.",https://www.bizjournals.com/twincities/news/2021/06/08/unitedhealth-group-names-new-chief-dei-officer.html,1623189444
UNH,Health Catalyst: An agile approach to healthcare data,"Health Catalyst provides an agile approach to healthcare data through its Adaptive Data Architecture, helping healthcare organizations improve clinical, financial, and operational outcomes. The company offers a solution comprising a Data Operating System, Analytics Applications, and Services Expertise, enabling measurable value within months, as demonstrated by its partnership with Northwell Health. During the pandemic, their integrated data platform helped clients respond to challenges in various phases: Prepare, Prevent, Recover, and Plan.",https://technologymagazine.com/digital-transformation/health-catalyst-agile-approach-healthcare-data,1623443236
UNH,CMI Media Group and Compas Announce Executive Elevations,"CMI Media Group and Compas have announced significant executive elevations to support their next phase of growth. Stan Woodland, founder and CEO, will transition to Executive Chairman, while Dr. Susan Dorfman will become CEO & President of CMI Media Group, and Jim Woodland will take on the role of CEO of Compas. These changes, effective July 1, 2021, are driven by immense growth and market opportunities for both agencies.",https://www.pharmalive.com/cmi-media-group-and-compas-announce-executive-elevations/,1623679329
UNH,5 goals in UnitedHealth Group's sustainability report,"UnitedHealth Group released its sustainability report outlining five key goals. The article was published on June 16, 2021. It was authored by Mari Devereaux.",http://www.modernhealthcare.com/insurance/5-goals-unitedhealths-sustainability-report/,1623869640
UNH,"UnitedHealth outlines return-to-office plan, will lift office capacity July 6","UnitedHealth Group has announced its return-to-office plans, stating that capacity limits at its U.S. offices will be lifted starting July 6. This decision marks a significant step in the company's post-pandemic operational adjustments.",https://www.bizjournals.com/twincities/news/2021/06/22/unitedhealth-outlines-its-return-to-work-plans.html,1624397270
UNH,Target eyes new era of sustainability with ‘Target Forward’,"Target has launched ""Target Forward,"" a new comprehensive sustainability strategy aiming to positively impact people and the planet. This plan focuses on creating sustainable brands, eliminating waste, and advancing equity for employees and communities over the next two decades. Key commitments include achieving net-zero emissions and zero waste-to-landfill by 2040, and boosting Black employee representation by 20% by 2023.",https://www.supermarketnews.com/sustainability/target-eyes-new-era-of-sustainability-with-target-forward-,1624398926
UNH,Biogen and Eisai Update for the Alzheimer’s Disease Community,"Biogen and Eisai Inc. issued an update for the Alzheimer's disease community following the accelerated FDA approval of ADUHELM™ (aducanumab-avwa) on June 7, 2021. The companies detailed their plans for completing confirmatory trials, clarified the appropriate patient population for ADUHELM, and addressed pricing, patient access, and health equity considerations. They also provided important safety information regarding the treatment, including potential side effects like Amyloid Related Imaging Abnormalities (ARIA).",https://investors.biogen.com/news-releases/news-release-details/biogen-and-eisai-update-alzheimers-disease-community,1624482834
UNH,The Top 15 U.S. Pharmacies of 2020: Market Shares and Revenues at the Biggest Companies (rerun),"This article rereleases popular posts, specifically focusing on the top 15 U.S. pharmacies of 2020. The updated article discusses market shares and revenues, noting that U.S. prescription dispensing revenues reached a record $465 billion in 2020. It highlights the increasing market concentration due to vertical integration and the growing role of specialty pharmacies, which accounted for over 38% of prescription revenues.",https://www.drugchannels.net/2021/06/the-top-15-us-pharmacies-of-2020-market.html,1624569442
UNH,10 Stats That Demonstrate the Impact of Employer-Sponsored Health Plans,"A Cigna report titled ""The Heart of a Healthy Workforce: Employer-Sponsored Health Plans are Key to Economic Prosperity"" highlights the significant impact of employer-sponsored health plans on employee well-being, business productivity, and economic prosperity. The article provides ten statistics demonstrating this impact, including improved employee engagement and retention, reduced healthcare costs for employers, and substantial socioeconomic value to the U.S.",https://newsroom.cigna.com/the-impact-of-employer-sponsored-plans,1625001443
UNH,7 Tips for Coping with Scan Anxiety,"This article provides seven tips for cancer survivors to cope with ""scanxiety,"" the anxiety experienced before or after medical scans like X-rays, CT scans, or MRIs. It highlights that such anxiety is normal and offers strategies like distraction, sharing experiences, meditation, exercise, self-care, understanding result delivery, and acknowledging feelings to manage stress and fear. The advice aims to help patients stay calm and confident throughout their survivorship journey.",https://hcahealthcaretoday.com/2021/06/29/7-tips-for-coping-with-scan-anxiety/,1625002218
UNH,Walmart teams with Novo Nordisk to launch private brand analog insulin,"Walmart is collaborating with Novo Nordisk to introduce its first private label analog insulin, ReliOn Novolog, which will be sold exclusively in Walmart and Sam's Club pharmacies. This initiative aims to provide insulin at a significantly lower price point, saving consumers between 58% and 75% compared to other insulin products. The move expands Walmart's ReliOn diabetes portfolio and follows other efforts by the retailer to increase access to affordable healthcare and medications for its customers.",https://www.fiercehealthcare.com/finance/walmart-teams-novo-nordisk-to-launch-private-band-analog-insulin,1625002990
UNH,Obesity Drug's Promise Now Hinges On Insurance Coverage,"Wegovy, a new obesity drug, has shown significant weight loss results in clinical trials, tripling the average weight loss compared to other drugs. Despite its effectiveness and good safety profile, its high cost of $1,000 to $1,500 per month raises concerns about insurance coverage, which is crucial for patient access. Many private insurers do not cover obesity drugs, and Medicare specifically excludes them, creating a major barrier for the millions who could benefit from this long-term treatment.",https://www.npr.org/sections/health-shots/2021/07/06/1007772101/obesity-drugs-promise-now-hinges-on-insurance-coverage,1625604592
UNH,UnitedHealth's limits on out-of-network care seen as surprise billing ban reaction,"UnitedHealth is reportedly limiting out-of-network care, a move seen as a reaction to the surprise billing ban. This policy change could have significant implications for healthcare providers and patients regarding access to and coverage for medical services. The specifics of how these limits will be implemented and their broader impact on the healthcare landscape are key concerns.",http://www.modernhealthcare.com/insurance/unitedhealths-limits-out-network-care-seen-surprise-billing-ban-reaction/,1625691818
UNH,UnitedHealthcare Introduces the Use of Predictive Analytics to Expand its Capabilities to Address Social Determinants of Health,"UnitedHealthcare has introduced predictive analytics to identify individuals in employer-sponsored benefit plans who may need support for social determinants of health, such as access to nutritious food or affordable housing. This new capability builds on existing initiatives for Medicare and Medicaid beneficiaries and aims to improve well-being, lower costs, and enhance engagement in clinical intervention programs. Call center advocates connect individuals to low- or no-cost community resources based on identified needs, leveraging data from UnitedHealthcare members and broader market analyses.",https://www.unitedhealthgroup.com/newsroom/2021/2021-7-8-uhc-predictive-analytics-social-determinants-health.html,1625779668
UNH,HCA AND THE FUTURE OF HEALTHCARE,"This article discusses HCA Healthcare's partnership with Google Cloud for digital transformation, its controversial past involving fraud and an insider trading scandal, and its subsequent comeback through strategic acquisitions and a return to public markets. It analyzes HCA's financial performance, growth strategies, and future prospects, especially concerning expanding into new healthcare markets like senior living and outpatient care. The author evaluates whether HCA stock is a good buy, considering its aggressive expansion, debt management, and potential long-term growth despite short-term revenue concerns.",https://www.sickeconomics.com/2021/07/12/hca-future-healthcare-stocks/,1626121636
UNH,"Changemakers: Susan Diamond, CFO, Humana","Susan Diamond, CFO of Humana, discusses the company's strategy to disrupt the traditional home health model by integrating payer and provider services, focusing on value-based care. She highlights Humana's efforts to create a full continuum of home-based care capabilities, including investments in Kindred at Home, and the importance of interoperability and real-time information access in health care. Diamond also reflects on past career experiences and Humana's role in advancing higher-acuity care in the home, particularly accelerated by the pandemic.",https://homehealthcarenews.com/2021/07/changemakers-susan-diamond-home-business-segment-president-humana/,1626121688
UNH,How The Pandemic Triggered The Obesity Surge In America,"A new study reveals a significant increase in childhood obesity during the pandemic, with rates rising from 13.7% to 15.4% among children aged 2-17. This surge mirrors weight gain observed in adults and disproportionately affected younger, poorer, Hispanic, and African-American populations. The article highlights that this trend exacerbates a long-standing issue of rising obesity rates in America, noting that such early-life obesity can lead to increasingly severe health problems and a diminished quality of life for future generations.",https://app.hedgeye.com/insights/102233-how-the-pandemic-triggered-the-obesity-surge-in-america?type=stock-and-policy,1626208682
UNH,Maker of computerized cardiac models HeartFlow to go public via $2.4B SPAC merger,"HeartFlow, a company specializing in computerized heart models for coronary diseases, announced plans to go public through a $2.4 billion SPAC merger with Longview Acquisition Corp. II. The deal is expected to provide $400 million in cash for growth and product development. HeartFlow's FDA-cleared FFRCT Analysis tool uses CT scan data to create personalized 3D heart models, aiding in diagnosing and treating coronary artery disease.",https://www.mobihealthnews.com/news/maker-computerized-cardiac-models-heartflow-go-public-24b-spac-merger,1626352200
UNH,Profits swell when insurers are also your doctors,"UnitedHealth Group is significantly increasing its profits by acquiring and owning a larger part of the healthcare system, specifically medical providers. This strategy allows the company to retain more of the premiums it collects, as demonstrated by the substantial rise in ""intercompany eliminations."" This approach circumvents federal caps on insurance profits by shifting revenue to the provider side, a model now being mimicked by other insurers.",https://www.axios.com/2021/07/16/unitedhealth-optum-providers-intercompany-eliminations,1626470868
UNH,"Gelesis, a Consumer-Focused Biotherapeutics Company and the Maker of Plenity®, to Become a Publicly Traded Company via Merger with Capstar Special Purpose Acquisition Corp.","Gelesis, a biotherapeutics company known for its weight management product Plenity®, announced its merger with Capstar Special Purpose Acquisition Corp. The transaction values the combined company at an implied market value of approximately $1.3 billion and an enterprise value of $1.0 billion, aiming to fund the full commercial launch of Plenity and expand manufacturing. The combined company's securities are expected to trade on the NYSE under the symbol ""GLS.""",https://www.businesswire.com/news/home/20210719005350/en/Gelesis-a-Consumer-Focused-Biotherapeutics-Company-and-the-Maker-of-Plenity-to-Become-a-Publicly-Traded-Company-via-Merger-with-Capstar-Special-Purpose-Acquisition-Corp.,1626652800
UNH,"Consumer Spotlight: Cosmetics, Men’s Grooming and a Shift to Personal Care","The men's cosmetics industry is experiencing substantial growth, driven by changing consumer preferences of millennials and Gen Z, a push towards gender-neutral products, and the influence of K-pop culture. The market is expected to reach $183 billion by 2027, with legacy brands acquiring niche companies and an increasing demand for sustainable and personalized skincare. This indicates a secular shift in purchasing habits, creating significant opportunities in the consumer beauty space.",https://frontofficesports.com/consumer-spotlight-cosmetics-and-mens-makeup/,1626707580
UNH,Column: Our top private health insurer is rolling in cash. And it's reducing coverage,"David Lazarus critiques UnitedHealthcare, the largest private health insurer, for reducing coverage despite significant profits. The company initially delayed a policy to deny emergency care coverage and is proceeding with limits on out-of-network treatment, particularly for residential and rehabilitation facilities. Lazarus argues that these moves highlight the profit-driven nature of the U.S. healthcare system and calls for a single-payer system to prioritize patient well-being over corporate profits.",https://www.latimes.com/business/story/2021-07-20/column-healthcare-insurance-unitedhealthcare,1626815018
UNH,UnitedHealthcare to Provide Millions of Members with Year-Long Access to the Peloton App,"UnitedHealthcare and Peloton are partnering to offer millions of UnitedHealthcare members year-long access to the Peloton App or a four-month waiver for an All-Access Membership at no additional cost, starting September 1. This collaboration aims to make fitness and wellness more accessible, building on the increased demand for at-home exercise sparked by the COVID-19 pandemic. The program supports both new and existing Peloton members by integrating exercise into daily routines through a variety of live and on-demand classes.",https://www.businesswire.com/news/home/20210720005276/en/UnitedHealthcare-to-Provide-Millions-of-Members-with-Year-Long-Access-to-the-Peloton-App,1626815019
UNH,"Anthem, Humana drop $140M to launch a next-generation pharmacy benefit management platform","Anthem and Humana have invested $138.3 million to launch DomaniRx, a new pharmacy benefit management (PBM) platform, in partnership with SS&C. This joint venture aims to disrupt the PBM market by offering enhanced data analytics, end-to-end transparency on drug costs, and a cloud-based claims adjudication platform. The initiative seeks to address issues within the PBM landscape, where a few major players dominate, and to make prescription drug pricing more transparent and efficient for payers and patients.",https://www.emarketer.com/content/anthem-humana-drop-140m-launch-next-generation-pharmacy-benefit-management-platform,1627331940
UNH,"Anthem, Humana join hedge fund administrator to launch technology for PBMs","Anthem and Humana have formed a joint venture called DomaniRx with hedge fund administrator SS&C Technologies Holdings to develop a cloud-native claims adjudication platform for pharmacy benefit managers. SS&C Technologies will hold the majority stake, while Anthem and Humana will each hold a minority interest, investing approximately $925 million collectively. The platform aims to disrupt the industry with open-source technology, providing insights from millions of claims transactions and enabling customization for clients like Humana, its first customer.",https://medcitynews.com/2021/07/anthem-humana-launch-pbm-along-with-hedge-fund/,1627418341
UNH,"UnitedHealthcare, Cigna, Aetna all unveil new policies restricting biologics use","UnitedHealthcare, Cigna, and Aetna have all introduced new policies that restrict the use of biologics. This development could significantly impact patients relying on these advanced medications and the healthcare providers prescribing them. The article highlights how these major insurers are tightening control over biologic drug access.",http://www.modernhealthcare.com/insurance/unitedhealthcare-cigna-aetna-all-unveil-new-policies-restricting-biologics-use/,1627563720
UNH,¿Cuáles son las empresas españolas con más ingresos en 2020?,"The article discusses the ""Fortune Global 500"" list for 2021, highlighting Spanish companies with the highest revenues in 2020. Banco Santander, Telefónica, and ACS lead among Spanish firms but have fallen in global rankings due to the pandemic's impact. Inditex and Naturgy Energy notably dropped off the list, while Walmart topped global rankings for the eighth consecutive year.",https://www.heraldo.es/noticias/economia/2021/08/02/santander-telefonica-y-acs-son-las-mayores-empresas-espanolas-segun-fortune-1510447.html,1627932649
UNH,"Extra Bullish on Healthcare? Consider Leverage, the CURE ETF","This article suggests considering the Direxion Daily Healthcare Bull 3X ETF (CURE) for investors who are extra bullish on the healthcare sector due to ongoing dynamic trading opportunities despite market volatility. CURE seeks 300% daily performance of the Health Care Select Sector Index and has shown a 56% gain in 2021, driven in part by strong Q2 earnings from holdings like United Health. The article emphasizes that CURE is intended for seasoned investors due to the inherent risks of leveraged ETFs.",https://www.etftrends.com/leveraged-inverse-content-hub/extra-bullish-on-healthcare-consider-leverage-cure/,1627934514
UNH,Omada Health Announces Steve Cook as New Chief Financial Officer Amid Significant Company Growth,"Omada Health has appointed Steve Cook as its new Chief Financial Officer. Cook, formerly of One Medical and Salesforce, brings significant financial planning experience as Omada Health continues to expand its digital care programs, workforce, and member enrollments. The company is focusing on employee growth, a remote-first policy, record enrollments, and engagement amidst its significant growth period.",https://www.businesswire.com/news/home/20210802005121/en/Omada-Health-Announces-Steve-Cook-as-New-Chief-Financial-Officer-Amid-Significant-Company-Growth,1627937807
UNH,CVS hedges on 2022 earnings growth target as COVID-19 uncertainty persists,"CVS Health Corp is hedging on its 2022 double-digit earnings growth target due to persistent uncertainty caused by COVID-19 vaccination and testing demand, as well as medical costs. The company revised its 2021 COVID-19 vaccine administration estimates downward but raised its 2021 adjusted earnings forecast after exceeding second-quarter profit estimates. These challenges, along with a planned minimum wage hike, could impact its future growth.",https://thepeninsulaqatar.com/article/04/08/2021/CVS-hedges-on-2022-earnings-growth-target-as-COVID-19-uncertainty-persists,1628102580
UNH,AHA continues to voice concerns over proposed UnitedHealth Group acquisition of Change Healthcare,"The American Hospital Association (AHA) has again expressed serious concerns to the Department of Justice’s Antitrust Division regarding UnitedHealth Group’s proposed acquisition of Change Healthcare. The AHA argues that any potential remedy is unlikely to resolve the anticompetitive impacts of the deal. They believe the merger would distort patient care and claims processing, detrimentally affecting consumers and healthcare providers.",https://www.aha.org/news/headline/2021-08-05-aha-continues-voice-concerns-over-proposed-unitedhealth-group-acquisition,1628194373
UNH,"Drug Overdose Deaths Reached New High in 2020, Says CDC","Drug overdose deaths in the U.S. reached an all-time high of over 93,000 in 2020, a nearly 30% increase from the previous year, according to a CDC report. The majority of these deaths were attributed to opioids, particularly synthetic opioids like fentanyl, and the COVID-19 pandemic is cited as a significant contributing factor due to increased stress, limited access to treatment, and isolation. Family physicians are urged to be vigilant in screening patients for behavioral health and substance abuse issues and to offer medication-assisted treatment for opioid use disorder.",https://www.aafp.org/news/health-of-the-public/20210806overdosedeaths.html,1628259060
UNH,"Amid COVID, 2.5 mln people sign up for U.S. health insurance -White House","The White House announced that 2.5 million people have enrolled in health insurance through Affordable Care Act marketplaces during a special enrollment period extended due to COVID-19. This initiative, part of President Biden's efforts, aims to make healthcare more affordable and accessible, especially for those who lost employer-related insurance during the pandemic. The American Rescue Plan further reduced premiums, saving families an average of $40 per person per month.",https://www.reuters.com/world/us/amid-covid-25-mln-people-sign-up-us-health-insurance-white-house-2021-08-10/,1628631000
UNH,Teladoc backs national virtual primary care plan for self-funded companies,"Aetna has announced new nationwide virtual primary care plans for self-funded employers, built around Teladoc's physician care team model. These plans will integrate virtual visits with continuous relationships with virtual care physicians, access to other virtual services, and in-person care options through Aetna's network and CVS Health services. The initiative aims to cater to the growing demand for telehealth solutions, while also offering options for physical appointments when needed.",https://medcitynews.com/2021/08/teladoc-backs-national-virtual-primary-care-plan-for-self-funded-companies/,1628712628
UNH,"UnitedHealth settles charges it denied mental health, substance abuse coverage",UnitedHealth Group Inc. has agreed to pay approximately $15.7 million to settle federal and New York state charges that it illegally denied coverage for mental health and substance abuse treatment. The company was accused of imposing more restrictive limits and using algorithms that hindered treatment for these conditions compared to physical health issues. UnitedHealth has stated it no longer uses the challenged practices and is committed to providing care consistent with federal and state rules.,https://www.reuters.com/business/healthcare-pharmaceuticals/unitedhealth-settles-charges-it-denied-mental-health-substance-abuse-coverage-2021-08-12/,1628790060
UNH,Centene back in good graces of Ohio Medicaid after $88M settlement,"Ohio Medicaid has included Buckeye Health Plan, a Centene subsidiary, in its $20 billion managed-care contract, despite earlier deferral due to a lawsuit. This decision follows an $88.3 million settlement between Centene and Ohio concerning allegations of Medicaid fraud. While Centene does not admit fault, the settlement and inclusion provide Ohioans with more choices for health plans within the Medicaid program.",https://www.dispatch.com/story/news/2021/08/16/buckeye-health-care-centene-subsidiary-added-managed-care-pact-after-88-million-settlement-fraud/8152641002/,1629126300
UNH,UnitedHealth Group loses in overpayments case,"A U.S. Court of Appeals reversed a 2018 district court decision, ruling against UnitedHealth Group in an overpayments case. The court rejected UnitedHealth's claims that a CMS rule requiring Medicare Advantage plans to report and return identified overpayments within 60 days resulted in underpayments, stating that the Medicare statute's text, structure, or logic does not apply actuarial equivalence to the overpayment-refund obligation. Separately, UnitedHealth Group and its affiliates also agreed to pay over $13 million to resolve litigation regarding federal and state mental health parity laws.",https://www.aha.org/news/headline/2021-08-16-unitedhealth-group-loses-overpayments-case,1629144773
UNH,UnitedHealthcare acquires Golden Valley-based health plan PreferredOne,"UnitedHealthcare has acquired Golden Valley-based health insurer PreferredOne, expanding its presence in the Minnesota health insurance market. The acquisition allows UnitedHealthcare to deepen relationships with employers and gain geographic expertise, particularly in the self-funded and fully-insured plan segments. This move strengthens UnitedHealthcare's competitive position in its home state, while Fairview Health Services, PreferredOne's former owner, focuses on healthcare provision.",https://www.startribune.com/unitedhealthcare-acquiring-golden-valley-based-preferredone/600088298,1629152400
UNH,"UnitedHealth acquires insurer PreferredOne from Fairview Health, expanding reach in Minnesota","UnitedHealth Group Inc. is expanding its presence in the Minnesota insurance market by acquiring PreferredOne from Fairview Health. While UnitedHealth is the nation's largest health insurer, this deal represents a significant move to strengthen its position within its home state. The article also mentions a previous acquisition by UnitedHealth Group Inc. of Empresas Banmedica for $2.8 billion in December 2017.",https://www.bizjournals.com/twincities/news/2021/08/17/unitedhealth-preferredone-acquisition.html,1629235668
UNH,Winnebago Industries moving corporate HQ from Iowa to Eden Prairie,"Winnebago Industries is relocating its corporate headquarters from Forest City, Iowa, to Eden Prairie, Minnesota, effective December 1. The company, which manufactures motor homes, trailers, and boats under brands like Winnebago and Grand Design, has maintained executive offices in Eden Prairie since 2016. While moving its headquarters, Winnebago will continue to operate its manufacturing hub and retain 2,100 employees in northern Iowa, with plans for growth there.",https://bringmethenews.com/minnesota-business/winnebago-industries-moving-corporate-hq-from-iowa-to-eden-prairie,1629404106
UNH,West Elects Molly Joseph to the Board,"West Pharmaceutical Services, Inc. (NYSE: WST) has announced the election of Molly Joseph to its Board of Directors, bringing the total number of directors to 11. Joseph, former CEO of UnitedHealthcare Global, brings extensive experience in leading medical delivery and health insurance systems to West's board. Her expertise is expected to be a valuable asset to the company's mission in injectable drug administration.",https://www.citybiz.co/article/128073/west-elects-molly-joseph-to-the-board/,1629749730
UNH,"Joy Fitzgerald, UnitedHealth Group’s Chief Diversity, Equity and Inclusion Officer, Shares Her Passion for a Brighter Future","Joy Fitzgerald, UnitedHealth Group’s Chief Diversity, Equity and Inclusion Officer, emphasizes the importance of women owning their power and advocating for gender equality in the workplace. She discusses the need to dismantle old habits that make women feel they need to over-prove themselves and highlights her commitment to creating change for future generations.",https://www.unitedhealthgroup.com/newsroom/posts/2021/2021-08-23-celebrating-womens-equality-day.html,1629754068
UNH,The Interconnected Nature of Profitability and Sustainability,"This article argues that long-term business success is inextricably linked to sustainability, questioning whether an unsustainable company can thrive in the long run. It emphasizes that businesses must broaden their time frame for success, redefine it beyond mere profit maximization to include shared value, and adopt comprehensive measurement tools that account for environmental, social, and governance (ESG) impacts. The piece suggests a paradigm shift from profit maximization to value optimization, highlighting examples like SAP's cost avoidance through climate action and Unilever's Sustainable Living Plan.",https://news.sap.com/sea/2021/08/the-interconnected-nature-of-profitability-and-sustainability/,1629921970
UNH,"Smoked Fish Market to See Huge Growth by 2026 | High Liner Foods, ConAgra, Unilever, General Mills","A new research publication by Advance Market Analytics predicts significant growth for the global smoked fish market by 2026. This growth is attributed to increasing consumer demand for healthy, protein-based, and ready-to-eat food options, alongside innovations in smoking technologies. Key players in the market include Kraft Heinz, High Liner Foods, ConAgra, Unilever, and General Mills, among others.",https://www.openpr.com/news/2370191/smoked-fish-market-to-see-huge-growth-by-2026-high-liner-foods,1629975960
UNH,Column: Delta Air Lines' raising insurance rates for unvaccinated makes sense — and it's a scary idea,"Delta Air Lines is imposing a $200 monthly surcharge on unvaccinated employees' health insurance, citing the financial burden of COVID-19 hospitalizations. While acknowledging the ""cold logic"" that those likely to get sick should pay more, the author raises concerns about this ""slippery slope"" leading to higher rates for individuals with other health conditions or lifestyle choices deemed ""unhealthy."" The column ultimately argues that while Delta's intent to encourage vaccination is understandable, penalizing employees based on health risks, even those tied to personal choices, is a concerning and potentially inhumane public policy.",https://www.latimes.com/business/story/2021-08-26/column-delta-health-insurance,1630006639
UNH,EQT Exeter Acquires 8 Delaware County Buildings for $48.5 Million,"EQT Exeter has acquired eight buildings in the Naamans Creek Business Center in Boothwyn, Delaware County, for $48.5 million. The properties, totaling 265,757 square feet, were 100 percent leased to 16 tenants, including Pentec Health and UnitedHealth Group, at the time of the acquisition. SSH Real Estate sold the buildings to EQT Exeter, having previously purchased them in multiple transactions for a total of $28 million, indicating a significant increase in industrial property values over time.",https://delco.today/2021/09/eqt-exeter-acquires-8-delco-buildings/,1630473000
UNH,UnitedHealth Group To Expand Obamacare To Seven New States In 2022,"UnitedHealth Group is set to expand its health insurance products into seven new states for individual and family coverage in 2022, building on the increased enrollment seen during the Biden administration's special enrollment period. The UnitedHealthcare unit, which had previously scaled back its presence in Obamacare exchanges, is now re-entering and growing in markets like Alabama, Florida, and Texas. This expansion reflects a more stable market and a need for coverage options, contrasting with the Trump administration's efforts to curtail Obamacare.",https://www.forbes.com/sites/brucejapsen/2021/09/02/unitedhealth-to-expand-obamacare-to-seven-new-states-in-2022/,1630569600
UNH,NC patients sue insurance company over claims of thousands of dollars in surprise bills,"Six Charlotte-area patients and Providence Anesthesiology Associates filed a class-action lawsuit against UnitedHealth Group after the insurer dropped Providence from its network, leading to unexpected and large medical bills for patients. UnitedHealth Group disputes the claims, stating that Providence is the entity responsible for ""exorbitant charges"" and that it will defend itself against the lawsuit. The dispute stems from UnitedHealth's alleged offer of a 60% decrease in reimbursement rates to Providence, which had been in-network for 27 years.",https://www.charlotteobserver.com/news/business/article253542624.html,1630599780
UNH,United Health Foundation Donates $1 Million to Support Residents of Louisiana Affected by Hurricane Ida,"The United Health Foundation has donated $1 million to assist Louisiana residents in recovering from Hurricane Ida. The funds will be distributed among four community-based organizations to provide immediate assistance and support long-term rebuilding efforts. Additionally, UnitedHealth Group is offering support to its members and employees, including access to care, early prescription refills, and a free emotional support helpline.",https://www.nasdaq.com/press-release/united-health-foundation-donates-$1-million-to-support-residents-of-louisiana,1630610519
UNH,Humana/Anthem PBM Venture Could Attract More Blues Plans,"Humana Inc. and Anthem, Inc. have partnered with SS&C Technologies Holdings, Inc. to form DomaniRx, a new joint venture aimed at creating a cloud-based PBM claims adjudication platform. This initiative, valued at $925 million, seeks to provide a ""best-in-class"" platform, with Humana as its first customer, and is expected to attract Blues plans and Medicare Advantage plans due to its potential for innovation, efficiency, and market competition against the ""big three"" PBMs. Industry experts suggest it could also facilitate greater integration of pharmacy benefits with overall care management.",https://aishealth.mmitnetwork.com/blogs/spotlight-on-market-access/humana-anthem-pbm-venture-could-attract-more-blues-plans,1630614487
UNH,3 Healthcare Stocks Cathie Wood Loves Right Now,"Cathie Wood's ARK Invest has recently increased its positions in three healthcare stocks: Pfizer, Signify Health, and Teladoc Health. The article explains Wood's rationale for investing in these companies, citing Pfizer's dividend and vaccine success, Signify Health's profitable niche in value-based care, and Teladoc Health's comprehensive digital health services despite competition.",https://www.fool.com/investing/2021/09/03/3-healthcare-stocks-cathie-wood-loves-right-now/,1630694337
UNH,How to find the right OB-GYN for you,"Choosing the right OB-GYN and hospital is a crucial decision for expecting parents. This article emphasizes that the best choice is subjective, depending on individual healthcare needs, values, and goals. It advises first selecting a hospital based on factors like location, amenities, medical infrastructure, and care philosophy, then finding an OB-GYN affiliated with that facility who aligns with personal preferences and specific health needs.",https://hcahealthcaretoday.com/2021/09/03/how-to-find-the-right-ob-gyn-for-you/,1630695409
UNH,Centene Will Group Medicare Offerings Under Wellcare Brand,"Centene is consolidating all its Medicare offerings under the Wellcare brand to streamline member experience and improve engagement. This move follows Centene's acquisition of Wellcare in 2020 for $17.3 billion and aims to better align with the company's strategy as its Medicare footprint grows. The article also touches on Centene's other acquisitions, like that of Magellan Health, and similar acquisition trends among other major payers such as Humana and UnitedHealth Group.",https://www.techtarget.com/healthcarepayers/news/366604380/Centene-Will-Group-Medicare-Offerings-Under-Wellcare-Brand,1631044661
UNH,Humana says pandemic is slowing routine care again,"Humana reports a recent increase in COVID-19 hospitalizations among its Medicare Advantage members, coinciding with a decline in non-COVID inpatient and outpatient care. This trend, similar to last year, suggests that the pandemic is once again causing delays in routine medical care, which could impact Humana's financial performance.",https://www.axios.com/2021/09/08/humana-covid-hospitalizations-delayed-care,1631127463
UNH,U of M Looks to Tackle Medical Device Cybersecurity,"The University of Minnesota is launching a new center dedicated to medical device cybersecurity, funded by five major healthcare companies including Boston Scientific and Medtronic. This initiative aims to address increasing cybersecurity threats to cloud-based medical devices and will focus on research, technology development, education, and training. The center will be led by veterinary medicine professor Katey Pelican and will host roundtables, a hackathon, and develop a short course and internship program.",https://tcbmag.com/u-of-m-looks-to-tackle-medical-device-cybersecurity/,1631212572
UNH,Feds penalize UnitedHealthcare plans for underspending premiums on medical care for seniors,"The federal government has sanctioned three UnitedHealthcare Medicare Advantage plans for failing to spend a minimum of 85% of premium revenue on medical care for seniors for three consecutive years. These sanctions prevent the Minnetonka-based insurer from enrolling new subscribers in these plans until 2023, though existing members will not be affected. UnitedHealthcare attributes the underspending to patients deferring care during the COVID-19 pandemic, stating that they typically meet or exceed the required medical loss ratio.",https://www.startribune.com/feds-penalize-unitedhealthcare-plans-for-underspending-premiums-on-medical-care-for-seniors/600097385,1631718300
UNH,Digital Surgery Leader Caresyntax Extends Series C to Total Raise of $130 Million; BlackRock Funds and ProAssurance Join to Accelerate Growth,"Caresyntax, a leader in digital surgery, announced a $30 million extension to its Series C funding round, bringing the total raise to $130 million. BlackRock Funds and ProAssurance joined as investors, aiming to accelerate the company's growth and platform development. The funding will support new data solutions for value-based care providers and expand Caresyntax's risk management model in the United States.",https://www.prnewswire.com/news-releases/digital-surgery-leader-caresyntax-extends-series-c-to-total-raise-of-130-million-blackrock-funds-and-proassurance-join-to-accelerate-growth-301378585.html,1631782800
UNH,Delta’s Extra $200 Insurance Fee Shows Vaccine Dilemma for Employers (Published 2021),"Delta Air Lines has implemented a policy requiring unvaccinated employees to pay an additional $200 per month for health insurance, starting November 1. This move, which comes after one vaccine received full federal approval, represents a distinct approach compared to companies mandating vaccines. Delta states this is to increase vaccination rates and noted that recent COVID-19 hospitalizations among its employees were all unvaccinated, costing the company approximately $50,000 per stay.",https://www.nytimes.com/2021/08/26/business/delta-insurance-fee-unvaccinated.html,1631904435
UNH,"Cigna Foundation Expands Commitment to Help Thousands of Students, Educators, and Families Access Healthy Food, Mental Health Support","The Cigna Foundation is expanding its commitment to support students, educators, and families by addressing food insecurity and mental health challenges. They are allocating $2.2 million from their Healthier Kids For Our Future® program to 16 schools with low-income student populations. These funds will support programs designed to eliminate food insecurity, encourage mindfulness, teach resiliency, and reduce loneliness and depression among students, in partnership with local nonprofits.","https://newsroom.thecignagroup.com/2021-09-17-Cigna-Foundation-Expands-Commitment-to-Help-Thousands-of-Students,-Educators,-and-Families-Access-Healthy-Food,-Mental-Health-Support",1631908625
UNH,"CVS to hire 25,000 pharmacy, retail workers","CVS Health Corp. announced a plan to hire 25,000 clinical and retail workers to meet the growing demand for COVID-19 vaccinations and testing, as well as an anticipated increase in flu cases. Most of the positions are for licensed pharmacists, pharmacy technicians, and nurses at CVS Pharmacy locations, with additional roles in retail stores. This hiring drive comes amidst a tight labor market and follows CVS's earlier announcement to raise its minimum hourly wage to $15 by July 2022.",https://www.postbulletin.com/business/cvs-to-hire-25-000-pharmacy-retail-workers,1632213900
UNH,Johnson & Johnson says additional dose boosts Covid vaccine efficacy,"Johnson & Johnson announced that a global study revealed its Covid-19 vaccine is more effective as a two-dose regimen, showing 75% efficacy against moderate to severe cases globally and 94% in the U.S., with 100% effectiveness against severe disease. The company also stated that the efficacy of its single-shot vaccine does not wane and that a booster dose further enhances protection, submitting this data to the FDA and other regulators. These findings could support broader booster availability and increase the vaccine's usage.",https://www.statnews.com/2021/09/21/johnson-johnson-says-additional-dose-boosts-covid-vaccine-efficacy/,1632256599
UNH,Should You Buy Merck Stock At $72?,"The article analyzes Merck (NYSE: MRK) stock, concluding that it is undervalued at its current price of around $72. Despite underperforming the S&P 500, the company has seen significant revenue and net income growth, driven largely by its oncology drug Keytruda. The authors project a potential price of $91, suggesting the stock is a buying opportunity for long-term gains.",https://www.forbes.com/sites/greatspeculations/2021/09/22/should-you-buy-merck-stock-at-72/,1632299400
UNH,"At U.S. Bank under Cecere, doing a giant deal takes 'discipline'","U.S. Bank CEO Andrew Cecere greenlit the company's largest deal in two decades: the $8 billion acquisition of MUFG Union Bank. Cecere emphasized a disciplined approach to mergers and acquisitions, stressing the importance of meaningful opportunities and aligning with U.S. Bank's growth strategy, particularly in the faster-growing West Coast market. The acquisition is expected to increase U.S. Bank's size by 20% and includes plans to integrate MUFG Union Bank's customer activity onto U.S. Bank's systems, despite initial IT risk management concerns.",https://www.startribune.com/at-u-s-bank-under-cecere-doing-a-giant-deal-takes-discipline/600099753,1632337920
UNH,2021 CIO of the Year ORBIE Awards: Jorge Populo focuses on innovation in role at UnitedHealthcare,Jorge Populo of UnitedHealthcare is recognized as a Super Global Finalist in the 2021 Twin Cities CIO of the Year ORBIE Awards. These awards celebrate chief information officers for their excellence in technology leadership. Populo is specifically highlighted for his focus on innovation within his role at UnitedHealthcare.,https://www.bizjournals.com/twincities/news/2021/09/24/2021-cio-of-the-year-orbie-awards-jorge-populo.html,1632518870
UNH,"UCF moves in cancer center tenants, plans future expansions to Lake Nona campus","UCF has opened its Lake Nona Cancer Center, which is now home to various cancer research and treatment tenants. The university has plans for future expansions to its Lake Nona campus, following the recent opening of a hospital nearby.",https://www.bizjournals.com/orlando/news/2021/10/01/ucf-lake-nona-campus-orlando-next-steps.html,1633092000
UNH,The Watchdog — With Andrew Mais,"Andrew Mais, Connecticut's Insurance Commissioner, navigated the insurance industry through the COVID-19 pandemic and addressed issues like premium refunds and business interruption policies. He also spearheaded initiatives tackling racial discrimination within the insurance sector, including co-chairing the NAIC's Special Committee on Race and Insurance. Mais, who is set to become NAIC president in 2024, has focused on balancing industry needs with consumer protection, encouraging innovation, and promoting diversity and inclusion.",https://insurancenewsnet.com/innarticle/the-watchdog-with-andrew-mais,1633113037
UNH,Discrimination Suit Filed Against UnitedHealth Group by Former Employee,"A former employee, Sharnett Bush, has filed a discrimination lawsuit against UnitedHealth Group Incorporated and Optum Services, Inc. alleging race and disability discrimination. Bush claims a hostile work environment, retaliation after taking disability leave for stress and migraines, and wrongful termination after developing further health issues despite requesting accommodations. The lawsuit seeks various financial damages and is represented by Hogie & Campbell.",https://lawstreetmedia.com/news/health/discrimination-suit-filed-against-unitedhealth-group-by-former-employee/,1633123669
UNH,Sun Life Boosts U.S. Business With DentaQuest Buy,"Canadian insurer Sun Life has agreed to acquire DentaQuest for $2.48 billion, aiming to expand its presence in the U.S. publicly-funded dental benefits market. This acquisition will double Sun Life's U.S. employee benefits business by revenue and position it as a leader in government dental benefits, adding an estimated US$100 million in underlying profit in its first year. DentaQuest, currently owned by the nonprofit CareQuest Institute for Oral Health and private equity firm Centerbridge, services over 33 million members and is projected to have $2.7 billion in revenue for 2021.",https://www.cfo.com/news/sun-life-boosts-us-business-with-dentaquest-buy/655347/,1633371967
UNH,Startup PBMs' ties to legacy competitors spark transparency questions,"The article ""Startup PBMs' ties to legacy competitors spark transparency questions"" by Nona Tepper, published on October 5, 2021, discusses concerns about the relationships between new Pharmacy Benefit Managers (PBMs) and established PBM companies. This connection raises questions regarding transparency within the PBM industry.",http://www.modernhealthcare.com/group-purchasing-organizations/startup-pbms-ties-legacy-competitors-spark-transparency-questions/,1633433400
UNH,"The hospital of the future: Contactless payments, happy patients","This article discusses the growing demand for contactless payments in healthcare, accelerated by the COVID-19 pandemic. It highlights how hospitals can evolve their payment systems to meet consumer preferences, emphasizing a phased approach and cross-functional team collaboration. The piece also notes the evolving strategic role of hospital CFOs in driving these technological changes to improve patient experience and operational efficiency.",https://www.jpmorgan.com/insights/payments/trends-innovation/the-future-of-contactless-hospital-payments,1633457384
UNH,UnitedHealth Group to require COVID-19 vaccine for many U.S. employees,"UnitedHealth Group announced a COVID-19 vaccine mandate for many of its U.S. employees, effective by November 30, with exemptions for medical or religious reasons. This move by the nation's largest health insurer aligns with a growing trend in the healthcare sector and possibly federal contractor requirements. Other healthcare organizations like Allina Health System and Hazelden Betty Ford Foundation have also implemented mandates, with varying compliance rates.",https://www.startribune.com/unitedhealth-group-to-require-covid-19-vaccine-for-many-u-s-employees/600103877,1633474140
UNH,Teladoc takes its primary care service nationwide with Aetna slated to roll out in early 2022,"Teladoc is expanding its Primary360 virtual primary care service nationwide to commercial health plans, employers, and other payers, with Aetna launching in early 2022. The service aims to increase access to primary care, detect chronic diseases early, and provide a unified healthcare experience. Initial results show the program is helping members with diagnoses and utilizing other Teladoc services, highlighting the growing market for tech-enabled primary care.",https://www.fiercehealthcare.com/digital-health/teladoc-takes-primary-care-service-nationwide-to-payers-employers,1633693980
UNH,Dexcom taps Garmin for first real-time API integration,"Dexcom has announced its first real-time API integration partner, Garmin, following FDA clearance to allow third parties to access its continuous glucose monitoring (CGM) data. This partnership will enable users to view their blood glucose levels and trends directly on Garmin wearables and cycling computers, offering a crucial tool for managing blood sugar during physical activity. Dexcom is also working on its next-generation CGM, the G7, and has previously identified Livongo, Welldoc, and UnitedHealthcare's Level2 as other partners utilizing its real-time connectivity solutions.",https://medcitynews.com/2021/10/dexcom-taps-garmin-for-first-real-time-api-integration/,1634147822
UNH,UnitedHealth Group's latest profit soars past $4 billion,"UnitedHealth Group reported a third-quarter profit exceeding $4 billion, prompting the company to raise its financial guidance for the year. The Minnetonka-based health care giant's strong performance was driven by its Optum division, despite ongoing challenges from COVID-19 costs and staffing shortages across the healthcare industry.",https://www.startribune.com/unitedhealth-groups-latest-profit-soars-past-4-billion/600106478,1634232540
UNH,Intelerad Acquires Ambra Health to Become a Global Industry Leader in Cloud PACS and Enterprise Imaging,"Intelerad Medical Systems has acquired Ambra Health, combining two KLAS Research category leaders to create a superior cloud solution for diagnostic imaging. This acquisition significantly expands Intelerad's capabilities, adding Ambra's robust cloud VNA and image exchange functionality, and allows the combined company to enhance distributed radiology, collaborative care, and life science research. The move underscores the growing trend of hospitals and health systems adopting cloud-based imaging solutions to improve accessibility and patient outcomes.",https://www.itnonline.com/content/intelerad-acquires-ambra-health-become-global-industry-leader-cloud-pacs-and-enterprise,1634235765
UNH,Report says UnitedHealth Group was top recipient of questionable Medicare payments,"A federal agency disclosed that UnitedHealth Group was the top recipient of questionable Medicare risk-adjustment payments in 2017, receiving $3.7 billion. These payments were based on billing practices using patient chart reviews and health risk assessments, which investigators are concerned might be improperly inflating payments. UnitedHealth Group defended its practices, while the OIG raised questions about payment integrity and recommended CMS investigate the appropriateness of these payments.",https://www.startribune.com/report-says-unitedhealth-group-was-top-recipient-of-questionable-medicare-payments/600108138,1634684760
UNH,"Alzheimer’s Drug Is Bonanza for Biogen, Most Likely at Taxpayer Expense (Published 2021)","Biogen's new Alzheimer's drug, Aduhelm, which was approved despite scientific objections and scant evidence of efficacy, is projected to be a major financial success for the company. The drug is priced at $56,000 annually per patient, with additional monitoring costs, and its significant expenses are expected to be largely covered by Medicare, potentially increasing insurance premiums and out-of-pocket costs for families.",https://www.nytimes.com/2021/06/08/business/aducanumab-alzheimers-cost.html,1634752160
UNH,UnitedHealth lawsuit claims TeamHealth upcoded claims for $100M in fraud,"UnitedHealthcare has filed a lawsuit against physician staffing firm TeamHealth, alleging the company upcoded for services to the tune of $100 million. TeamHealth's CEO claims the lawsuit is a distraction from a separate suit filed by TeamHealth against UnitedHealthcare over underpayments, alleging UnitedHealth profits by downcoding claims. This forms part of an ongoing dispute between the two companies, including previous lawsuits over payment withholding and out-of-network reimbursements.",https://www.fiercehealthcare.com/payer/unitedhealth-lawsuit-claims-teamhealth-upcoded-claims-for-100m-fraud,1635432900
UNH,Precision payments startup Anomaly gets $17M to reduce wasteful spending,"Anomaly, a healthcare startup, has secured $17 million in Series A and seed funding to combat wasteful spending in the healthcare payments system. The company leverages artificial intelligence and machine learning to identify and prevent overpayments and billing errors, aiming to reduce friction between payers and providers. Anomaly's technology helps curb the estimated $300 billion annually lost to payment errors, improving precision in healthcare financial transactions.",https://www.fiercehealthcare.com/payer/precision-payments-startup-anomaly-gets-17m-to-reduce-wasteful-spending,1635443899
UNH,UnitedHealthcare to become first for-profit HMO in Minnesota's Medicaid program,"UnitedHealthcare will become the first for-profit HMO in Minnesota's Medicaid program, a significant change stemming from a 2017 law allowing for-profit competition. This contract award enables the Minnetonka-based company to expand its business in its home state, offering beneficiaries in the seven-county metro area another health plan option. The move ends a nearly 40-year tradition of exclusively nonprofit health insurers in the state's managed care Medicaid market, sparking discussions about the implications of private sector involvement in public health services.",https://www.startribune.com/unitedhealthcare-to-become-first-for-profit-health-insurer-in-minnesotas-medicaid-program/600112067,1635790080
UNH,"For Veterans, Mental Health Is the Next Battlefront","This article examines the significant mental health challenges faced by veterans and active-duty military members, highlighting issues like PTSD, depression, and traumatic brain injury, which are often exacerbated by deployments and the transition to civilian life. It emphasizes the persistent stigma surrounding mental health in the military culture and the challenges veterans face in accessing adequate treatment despite the availability of resources. The article also provides advice for loved ones on how to support veterans and advocates for expanded access to mental health services, especially in underserved areas.",https://newsroom.thecignagroup.com/veterans-mental-health,1635796626
UNH,The Oncology Institute of Hope and Innovation Exceeded Quality Standards and Saved Medicare More Than $1M in 2020,"The Oncology Institute of Hope and Innovation (TOI) saved Medicare over $1 million in 2020 through the Oncology Care Model (OCM) program, equating to more than $3,000 per patient episode. This achievement builds on nearly $5 million saved since the program's inception, while also maintaining above-average performance in OCM's Quality Measures. TOI attributes this success to its value-based oncology care model, which includes coordinated care, 24/7 symptom management, and a wide range of in-house services and clinical trials across 50 community-based practice locations.",https://www.businesswire.com/news/home/20211101005901/en/The-Oncology-Institute-of-Hope-and-Innovation-Exceeded-Quality-Standards-and-Saved-Medicare-More-Than-%241M-in-2020,1635801765
UNH,Healthcare’s AI Future - In Conversation with Andrew Ng and Fei-Fei Li,"This article summarizes a fireside chat between AI experts Andrew Ng and Fei-Fei Li concerning the future of AI in healthcare. It covers four key takeaways: barriers to AI adoption, significant unsolved healthcare problems beyond diagnostics, the importance of empathy and collaboration between technical and non-technical professionals, and strategies for avoiding the perpetuation of bias in AI systems. The experts emphasize the need for human-centered AI that addresses operational issues and incorporates ethical considerations from the outset.",https://towardsdatascience.com/healthcares-ai-future-conversation-with-andrew-ng-and-fei-fei-li-a6eacb6aaaf1/,1635872202
UNH,Judge tosses lawsuit against AARP over 'Medigap' insurance plans,"A federal judge has dismissed a class action lawsuit against AARP, which accused the elder advocacy group of charging an undisclosed commission for AARP-branded supplemental health insurance plans. The judge ruled that the plaintiffs failed to demonstrate actual injury, as they did not claim their plans would have been cheaper without the ""royalty"" payments AARP received from UnitedHealth. AARP receives 4.95% of Medigap policy payments from UnitedHealth, categorized as a ""royalty"" for using its intellectual property.",https://www.reuters.com/legal/litigation/judge-tosses-lawsuit-against-aarp-over-medigap-insurance-plans-2021-11-02/,1635899160
UNH,Use UnitedHealth Group 'Poor Person’s' Covered Call To Reduce Volatility,"This article suggests using a ""poor person's covered call"" strategy, a diagonal debit spread using LEAPS options, to manage volatility and reduce risk when investing in UnitedHealth Group (UNH) stock. The strategy involves buying a long-term, deep-in-the-money LEAPS call and selling a shorter-term, slightly out-of-the-money call option. While UNH has shown robust performance, this options strategy offers a way to leverage potential returns at a lower cost and limit risk compared to outright stock ownership.",https://www.investing.com/analysis/use-unitedhealth-group-poor-persons-covered-call-to-reduce-volatility-200607127,1635933420
UNH,UnitedHealth Group Supports Removing Race From Key Kidney Care Diagnostic Equation,"UnitedHealth Group is endorsing the elimination of race from a crucial kidney-function diagnostic equation, aligning with new recommendations from the National Kidney Foundation and the American Society of Nephrology. This move is part of UnitedHealth Group's broader effort to advance health equity and remove unintended biases in healthcare. The organization's ""Addressing Clinical Bias Working Group"" is actively reviewing clinical algorithms to address potential biases and reduce health disparities.",https://www.unitedhealthgroup.com/newsroom/posts/2021/2021-11-03-removing-race-from-kidney-care-equation-1163702.html,1635961143
UNH,CVS Health sees 2022 profit meeting Street estimates as COVID-19 costs subside,"CVS Health announced that its 2022 adjusted profit target is expected to meet Wall Street estimates, anticipating stabilization in its health insurance unit's medical costs after a surge due to COVID-19. The company also raised its 2021 profit forecast. Despite higher medical costs in its Aetna insurance businesses, increased pharmacy sales from COVID-19 vaccines and tests helped offset these impacts.",https://www.reuters.com/business/healthcare-pharmaceuticals/cvs-quarterly-sales-rise-10-demand-covid-19-tests-vaccines-2021-11-03/,1635963300
UNH,加拿大ETF：未来10年可以让你致富的3只超级科技ETF,"The article discusses three Canadian technology-focused ETFs that are poised for significant growth in the next decade. These include iShares Global Healthcare ETF for the rapidly expanding medical technology sector, Evolve Cyber Security ETF to capitalize on increasing cybersecurity investments, and Horizons Robotics and Automation ETF for the burgeoning robotics and AI industries. The ETFs offer investors diversified exposure to high-growth tech sectors without the need for individual stock picking.",https://nai500.com/zh-hans/blog/2021/11/%E5%8A%A0%E6%8B%BF%E5%A4%A7etf-%E6%9C%AA%E6%9D%A510%E5%B9%B4-3%E5%8F%AA-%E7%A7%91%E6%8A%80etf/,1636046175
UNH,CVS sometimes forces people to use its pharmacies. Now the Supreme Court will weigh in,"The U.S. Supreme Court is set to hear a case involving CVS Health and other major corporations that allegedly ""patient steer"" individuals to their own mail-order pharmacies for expensive ""specialty drugs."" Patients, particularly those with complex conditions like cancer and HIV/AIDS, argue that this practice, facilitated by Pharmacy Benefit Managers (PBMs), leads to inferior care and discriminates against the disabled. CVS maintains that these policies are not intentionally discriminatory and help control costs, stressing that appellate courts have issued differing opinions on the matter.",https://missouriindependent.com/2021/11/08/cvs-sometimes-forces-people-to-use-its-pharmacies-now-the-supreme-court-will-weigh-in/,1636390830
UNH,Should You Invest in the Fidelity MSCI Health Care Index ETF (FHLC)?,"The article analyzes the Fidelity MSCI Health Care Index ETF (FHLC), a passively managed ETF offering broad exposure to the Healthcare - Broad sector. Launched in 2013, FHLC has over $2.96 billion in assets, an expense ratio of 0.08%, and a Zacks ETF Rank of 3 (Hold). The fund's top holdings include Johnson & Johnson, UnitedHealth Group, and Thermo Fisher Scientific, and it has shown strong performance with a 17.68% gain YTD as of November 2021.",https://news.yahoo.com/invest-fidelity-msci-health-care-112011040.html,1636456800
UNH,"DoubleVerify acquires OpenSlate to strengthen CTV, social video targeting","DoubleVerify has acquired OpenSlate, a contextual targeting platform for CTV and social video, in a cash and stock transaction valued at $150 million. This acquisition aims to provide marketers with an end-to-end solution for optimizing their advertising efforts by combining OpenSlate's pre-campaign tools with DoubleVerify's post-flight measurement suite. The deal highlights the growing demand for alternatives to third-party cookies and strengthens DoubleVerify's position in the rapidly expanding social video and CTV markets.",https://www.marketingdive.com/news/doubleverify-acquires-openslate-to-strengthen-ctv-social-video-targeting/609938/,1637006816
UNH,"Former Anthem VP Named President of Aspire, CareMore","Catherine Campbell, former VP of strategy at Anthem, Inc., has been appointed president of CareMore and Aspire. Anthem, the parent company of Aspire and CareMore, will leverage Campbell's expertise in government programs and consumer-centric strategies. CareMore and Aspire focus on providing care to vulnerable and medically complex patient populations, with Aspire being the nation's largest non-hospice palliative care company.",https://hospicenews.com/2021/11/17/former-anthem-vp-named-president-of-aspire-caremore/,1637182035
UNH,"CVS Will Close 900 Stores Over Next 3 Years, Convert to New Store Formats","CVS Health plans to close approximately 900 retail stores, about a tenth of its total, over the next three years, with 300 closures annually. This move is part of the company's strategy to adapt to changing customer needs and convert to new store formats, including HealthHUB locations focused on primary care and chronic condition management. The company expects to take an impairment charge of $1 billion to $1.2 billion in the fourth quarter for the closures.",https://www.newsweek.com/cvs-will-close-900-stores-over-next-3-years-convert-new-store-formats-1650941,1637252280
UNH,UnitedHealth Group taps Wilson as new chief medical officer,"UnitedHealth Group has appointed Margaret-Mary Wilson, M.D., as its new chief medical officer, effective December 5. Wilson, formerly executive vice president and associate chief medical officer, will lead clinical innovations with a focus on health equity, succeeding Richard Migliori, M.D. This appointment comes as UnitedHealth Group aims to address 600 million gaps in care by 2025 and enhance preventive care and cost-efficient services.",https://www.fiercehealthcare.com/payer/unitedhealth-group-taps-margaret-mary-wilson-as-new-cmo,1638169500
UNH,"The case for ""unbundling"" self-funded health benefit programs","This article discusses the benefits of ""unbundling"" self-funded health benefit programs for employers. By separating plan administration and medical stop-loss insurance, employers can gain better insights into claims data, choose specialized vendors, and potentially achieve significant cost savings. The article highlights that while self-funded plans aim to mitigate costs, many fail to optimize them when using bundled arrangements with large insurance carriers.",https://www.insurancebusinessmag.com/us/news/breaking-news/the-case-for-unbundling-selffunded-health-benefit-programs-318125.aspx,1638205230
UNH,UnitedHealth Group names Dr. Margaret-Mary Wilson new chief medical officer,"Dr. Margaret-Mary Wilson, a high-ranking executive at UnitedHealth Group Inc., is set to become the company's chief medical officer beginning next month. The Minneapolis / St. Paul Business Journal reported the appointment, highlighting her existing role within the insurance giant.",https://www.bizjournals.com/twincities/news/2021/11/30/united-health-group-margaret-mary-wilson-cmo.html,1638258060
UNH,"UnitedHealth CEO sees lower COVID-19 costs ahead, keeps eye on Omicron","UnitedHealth Group Inc. CEO Andrew Witty stated that the company expects the impact of COVID-19 on 2022 earnings to be half of that in 2021, primarily affecting its insurance business, and projected 2022 earnings of $21.10 to $21.60 per share. However, he noted it's too early to determine if the new Omicron variant will alter this outlook, emphasizing the need for scientific community assessment.",https://www.reuters.com/business/healthcare-pharmaceuticals/unitedhealth-ceo-sees-lower-covid-19-costs-ahead-keeps-eye-omicron-2021-11-30/,1638300480
UNH,Nigerian-born Margaret-Mary Wilson is UnitedHealth Group’s next chief medical officer,"Dr. Margaret-Mary Wilson, a Nigerian-born top executive at UnitedHealth Group, has been appointed as the company's next chief medical officer, effective December 5, 2021. She will succeed Dr. Richard Migliori and lead the clinical innovations for America's largest health insurer. Wilson's extensive background includes roles in internal and geriatric medicine, patient safety, and global healthcare systems management.",https://mshale.com/2021/11/30/nigerian-born-margaret-mary-wilson-unitedhealth-groups-chief-medical-officer/,1638307669
UNH,UnitedHealth Group projects more than $300 billion in revenue next year,"UnitedHealth Group forecasts revenue exceeding $300 billion in 2022, projecting 10-11% growth to between $317 billion and $320 billion. This growth is expected across both its UnitedHealthcare insurance arm and its Optum health services division, with Medicare Advantage and OptumHealth identified as key drivers. The company also anticipates significant growth in adjusted earnings per share and overall profit for the coming year.",https://www.postbulletin.com/business/unitedhealth-group-projects-more-than-300-billion-in-revenue-next-year,1638346500
UNH,"CVS Health, Microsoft Partner To Bring ‘Digital First’ Care To Customers","CVS Health and Microsoft Corp. announced a five-year partnership to personalize care for CVS's over 100 million customers, utilizing Microsoft's technology and cloud services. The collaboration aims to accelerate CVS's digital transformation, deliver customized health recommendations, improve medication adherence, and enhance operational efficiency for front-line workers. Financial terms were not disclosed, but the initiative focuses on leveraging data and technology to improve customer experience and care delivery.",https://www.forbes.com/sites/brucejapsen/2021/12/02/cvs-microsoft-partner-to-bring-digital-first-care-to-customers/,1638434700
UNH,"UnitedHealth CEO Andrew Witty promises more collaboration between Optum, insurance units","Andrew Witty, CEO of UnitedHealth Group, is emphasizing increased collaboration between the company's two primary divisions: the insurance provider and the health-services business Optum. This initiative aims to foster greater synergy between the nation's largest insurer and its health care delivery/technology components.",https://www.bizjournals.com/twincities/news/2021/12/03/unitedhealth-ceo-promises-more-collaboration.html,1638549992
UNH,Cigna’s Chief Digital Officer: The Future of Health Care is Digital-First,"Cigna's Chief Digital Officer, Katya Andresen, discusses how the pandemic accelerated digital transformation in healthcare, leading to increased virtual care adoption. She emphasizes a ""digital-first and customer-first"" mindset to enhance healthcare experiences, utilizing data for more coordinated, proactive, and personalized care, ultimately driving affordability and better outcomes.",https://newsroom.thecignagroup.com/cigna-chief-digital-officer-future-health-care-digital-first,1638820625
UNH,"Cigna, NEA lead $750 million financing deal for Bright Health","Bright Health has secured $750 million in financing, led by Cigna and New Enterprise Associates (NEA). The health insurance startup projects over 50% growth next year, with anticipated revenues exceeding $6.3 billion. This significant funding will support its continued expansion and operations.",https://www.bizjournals.com/twincities/news/2021/12/07/cigna-nea-bright-health-investment.html,1638893245
UNH,"Bright Health banks $750M investment from Cigna Ventures, New Enterprise Associates","Insurtech startup Bright Health has secured a $750 million investment from Cigna Ventures and its largest shareholder, New Enterprise Associates. The funds will be used to support Bright Health's growth and enhance its alignment model. Cigna will also lend its payer expertise, and the investment, which allows for conversion to common stock at $4.55 per share, is expected to close in January.",https://www.fiercehealthcare.com/payer/bright-health-banks-750m-investment-from-cigna-ventures-new-enterprise-associates,1638976500
UNH,TeamHealth wins $60 mln in underpayment suit against UnitedHealthcare,"A Nevada state court jury ordered UnitedHealthcare Inc. to pay physician outsourcing company TeamHealth Inc. $60 million in punitive damages for underpaying for emergency care, in addition to $2.65 million in compensatory damages previously awarded. TeamHealth accused UnitedHealthcare of drastically underpaying for services, while UnitedHealthcare plans to appeal, alleging TeamHealth demands egregious rates. The healthcare dispute involves allegations of improper billing practices from both sides.",https://www.reuters.com/legal/litigation/teamhealth-wins-60-mln-underpayment-suit-against-unitedhealthcare-2021-12-08/,1639002840
UNH,"Insurtech Bright Health raises $750M from Cigna, NEA","Insurtech company Bright Health secured a $750 million investment from Cigna Ventures and New Enterprise Associates, following a challenging third quarter but reaffirming strong revenue guidance for 2021 and 2022. The funding, expected to close in January, will support continued growth and involves the sale of convertible perpetual preferred stock. This partnership aims to expand access to affordable, personalized healthcare through Bright Health Group's alignment model.",https://www.mobihealthnews.com/news/insurtech-bright-health-raises-750m-cigna-nea,1639054800
UNH,"Healthcare Triangle (HCTI) Acquires DevCool, an Electronic","Healthcare Triangle (HCTI) announced the acquisition of DevCool, an EHR-focused healthcare IT and managed services company, a move expected to add approximately $20 million in revenues. This acquisition aims to strengthen HCTI's leadership in healthcare IT by improving patient care, reducing IT costs, and accelerating EHR deployments, especially for cloud hosting. The combined entity plans to leverage cloud technologies to enhance clinical, operational, and financial performance for healthcare providers and integrate DevCool’s client base with HCTI’s SaaS platforms.",https://www.globenewswire.com/news-release/2021/12/13/2350754/0/en/Healthcare-Triangle-HCTI-Acquires-DevCool-an-Electronic-Health-Record-EHR-Focused-Healthcare-IT-and-Managed-Services-Company.html,1639382400
UNH,"Thorne HealthTech Announces Multi-Year Partnership with Professional Cycling Team, Human Powered Health","Thorne HealthTech has announced a multi-year partnership with the professional cycling team, Human Powered Health. As the Official Personalized Health Solutions Partner, Thorne HealthTech will provide health testing and nutritional supplements to the team's elite athletes to enhance their performance. This collaboration highlights Thorne's commitment to personalized, scientific wellness solutions for athletes.",https://www.prnewswire.com/news-releases/thorne-healthtech-announces-multi-year-partnership-with-professional-cycling-team-human-powered-health-301444125.html,1639474620
UNH,Virta Health Reveals Triple-Digit Growth With Health Plans Amid Industry Shift Towards Diabetes Reversal,"Virta Health has announced significant growth, working with over 20 national and regional health plans, marking a 133% year-over-year increase with insurer customers. This expansion comes as nearly half of its insurer partners, including Humana and Providence Health Plan, now offer Virta's diabetes reversal treatment to their self-funded employer groups, reaching over 5 million covered lives. The company attributes this growth to an industry-wide shift towards diabetes reversal and its clinically proven treatment, which has shown to save payers $425 per patient per month.",https://www.businesswire.com/news/home/20211214005989/en/Virta-Health-Reveals-Triple-Digit-Growth-With-Health-Plans-Amid-Industry-Shift-Towards-Diabetes-Reversal,1639498862
UNH,'We do exist': Some Americans suffer life-changing COVID vaccine injuries,"This article details the experiences of several Americans who claim to have suffered severe, life-altering injuries after receiving COVID-19 vaccines. Individuals like Brianne Dressen, Shaun Barcavage, Cody Flint, Joel Wallskog, and Suzanna Newell describe a range of debilitating symptoms, from neurological issues and chronic pain to loss of career, and express frustration with public health agencies for what they perceive as a lack of acknowledgment and support for vaccine-injured individuals. Despite their experiences, many of them state they are not anti-vaccine but advocate for greater transparency and treatment for those who experience adverse reactions.",https://thenationaldesk.com/news/health/we-do-exist-some-americans-suffer-life-changing-covid-vaccine-injuries,1639599960
UNH,CDC narrows use of J&J vaccine due to concerns about rare blood clots,"The CDC has narrowed the recommended use of the Johnson & Johnson COVID-19 vaccine due to concerns about a rare blood-clotting disorder called thrombosis with thrombocytopenia syndrome (TTS). A panel of experts advised preferring Moderna and Pfizer-BioNTech vaccines, although the J&J vaccine will remain available for those who prefer it. The rare blood clots are more prevalent in women aged 30 to 49, with about 15% of TTS cases being fatal.",https://www.npr.org/sections/coronavirus-live-updates/2021/12/16/1064909742/cdc-vote-narrow-use-of-johnson-and-johnson-covid-vaccine,1639671861
UNH,Prudential Financial To Freeze Some Retiree Medical Benefits In 2022,"Prudential Financial plans to freeze contributions to retiree medical savings accounts (RMSA) in summer 2022 and will also limit the timeframe for retirees to use accrued funds to 20 years, rather than a lifetime. This move, similar to changes made by Vanguard, has drawn criticism from former employees who feel betrayed by the company's shift away from its long-standing benefits. Experts note this is part of a broader trend among large employers to reduce healthcare liability by shifting costs to retirees, despite the company's focus on retirement planning.",https://insurancenewsnet.com/oarticle/prudential-financial-to-freeze-some-retiree-medical-benefits-workers-feel-shocked-and-betrayed-the-philadelphia-inquirer,1639672474
UNH,How's Senator Joe Manchin Tied to the EpiPen Scandal?,"Senator Joe Manchin's daughter, Heather Bresch, was the former CEO of Mylan, the company behind EpiPen. Bresch is criticized for overseeing a significant price increase of EpiPen and for her role in market monopolization through an agreement with Pfizer, which led to a class-action lawsuit. Manchin's wife and Mylan's campaign contributions to Manchin also draw scrutiny regarding their connections to the EpiPen controversy.",https://marketrealist.com/p/epipen-joe-manchin/,1640009640
UNH,Cortrophin Gel Now Available in US at AllianceRx Walgreens Prime,"Cortrophin Gel, an injectable medication for acute flares in multiple sclerosis (MS) and other autoimmune diseases, is now available in the U.S. through AllianceRx Walgreens Prime. Relaunched by ANI Pharmaceuticals after previously falling out of use, the gel works similarly to corticosteroids to reduce inflammation during flare-ups. It is also approved for conditions beyond MS, including rheumatoid arthritis and nephrotic syndrome.",https://multiplesclerosisnewstoday.com/news-posts/2021/12/21/cortrophin-gel-ms-now-available-us-alliancerx-walgreens-prime/,1640115355
UNH,"How the payer space changed in 2021, from virtual-first plans to digital mental health","The payer space saw significant changes in 2021, driven by the acceleration of virtual care due to COVID-19. Key developments included the launch of virtual-first health plans by major insurers like UnitedHealthcare and Cigna, several insurtech companies going public, and a substantial increase in funding and adoption within the digital mental health sector. These shifts reflect a broader trend towards leveraging technology to improve access and affordability in healthcare.",https://www.mobihealthnews.com/news/how-payer-space-changed-2021-virtual-first-plans-digital-mental-health,1640606700
UNH,Insperity and UnitedHealthcare Extend Relationship through 2026,"Insperity (NYSE: NSP) and UnitedHealthcare (NYSE: UNH) have extended their 20-year relationship for medical and dental coverage. This agreement continues medical coverage through 2026 and dental coverage through 2024, aiming to provide premium healthcare benefits to Insperity's worksite employees, increase plan participation, support national expansion, and achieve administrative cost savings.",https://www.dentistrytoday.com/insperity-and-unitedhealthcare-extend-relationship-through-2026/,1641224275
UNH,Insperity and UnitedHealthcare Extend Relationship Through 2026,"Insperity, Inc. announced the extension of its 20-year relationship with UnitedHealthcare for medical and dental coverage. This agreement continues medical coverage through 2026 and dental coverage through 2024, aiming to provide premium healthcare benefits and achieve administrative cost savings. The partnership underscores both companies' efforts to manage rising healthcare costs.",https://techrseries.com/employee-wellness/insperity-and-unitedhealthcare-extend-relationship-through-2026/,1641232557
UNH,Symplr to buy Midas analytics solutions suite from Conduent in $340M all-cash deal,"Symplr, a cloud-based data management solutions provider, is acquiring Conduent’s Midas Suite of Solutions in a $340 million all-cash deal. This acquisition will enhance Symplr's healthcare operations and GRC software portfolio with integrated quality outcomes and machine learning-based advanced analytics. The Midas suite, which generated $72 million in revenue in 2020, includes patient safety, quality, and advanced analytics solutions used by 2,200 healthcare facilities.",https://www.fiercehealthcare.com/tech/symplr-to-buy-midas-analytics-solutions-suite-from-conduent-340m-all-cash-deal,1641309600
UNH,The top 20 companies on a hiring spree for remote workers this year,"FlexJobs released its annual report identifying the top 100 companies hiring for remote positions in 2022, with a particular focus on the top 20. The report highlights a significant increase in remote job listings and the continued demand for flexible work arrangements, driven by job seekers' preferences during the ""Great Resignation."" Companies like HubSpot, Mayo Clinic, and Stitch Fix are new to the list, while others like Anthem and Dell Technologies are consistent top employers for remote roles.",https://www.cnbc.com/2022/01/10/the-top-20-companies-on-a-hiring-spree-for-remote-workers-this-year.html,1641828444
UNH,"JPM 2022: Morgan Health, Kaiser Permanente partner on health equity","Morgan Health and Kaiser Permanente are partnering to focus on health equity for JPMorgan Chase's California employees, beginning this month. They plan to jointly collect and report health equity metrics and introduce performance guarantees tied to health equity for JPMorgan employees starting in 2023. Morgan Health also aims to expand into new markets and integrate digital capabilities through its investment in Vera Whole Health, which is merging with Castlight Health.",https://www.fiercehealthcare.com/payer/jpm-2022-morgan-health-kaiser-permanente-partner-health-equity,1642002300
UNH,Brazil's Rede D'or and Bueno family bid for UnitedHealth's Amil - report,"Brazilian hospital chain Rede D'or and the Bueno family are reportedly competing to acquire healthcare plan operator Amil, currently controlled by UnitedHealth Group. Amil, originally founded by the Bueno family, was sold to UnitedHealth Group in 2010 but has faced recent losses in its individual plans portfolio. Rede D'or's shares saw a 1.5% increase in afternoon trading following the news.",https://www.reuters.com/business/healthcare-pharmaceuticals/brazils-rede-dor-bueno-family-bid-unitedhealths-amil-report-2022-01-13/,1642068900
UNH,Entrepreneurs accuse UnitedHealth of not paying them for $1B business,"Two former high-level executives from UnitedHealth Group Inc. are suing the company, alleging they have not been adequately compensated for a business line they helped establish, which is now valued at over $1.5 billion. UnitedHealth Group denies these accusations.",https://www.bizjournals.com/twincities/news/2022/01/14/entrepreneurs-accuse-unitedhealth-of-not-paying.html,1642170840
UNH,Optum again a big revenue driver for UnitedHealth in 2021,"Optum continued to be a significant revenue contributor for UnitedHealth in 2021. The article highlights UnitedHealth Group's fourth-quarter net income of $4.07 billion, or $4.26, as reported on Wednesday. This illustrates the ongoing financial strength of the largest U.S. health insurer.",https://www.mprnews.org/story/2022/01/19/optum-again-a-big-revenue-driver-for-unitedhealth-in-2021,1642572900
UNH,UnitedHealth Group Reports Fourth Quarter and Full Year 2021 Financial Results,"UnitedHealth Group reported robust financial results for the fourth quarter and full year 2021, with revenues reaching $287.6 billion and double-digit growth across both Optum and UnitedHealthcare. The company also affirmed its 2022 growth and performance objectives, including projected revenues of $317 billion to $320 billion and adjusted net earnings of $21.10 to $21.60 per share. These results reflect accelerating innovation and expanding capabilities within the enterprise.",https://www.unitedhealthgroup.com/newsroom/2022/2022-01-19-fourth-quarter-results.html,1642619152
UNH,UnitedHealthcare partners with Walmart on free at-home COVID tests,"UnitedHealthcare is partnering with Walmart and other retailers to provide free at-home COVID-19 tests to over 26 million commercial insurance subscribers, a benefit mandated by the Biden administration. The insurer anticipates that reduced healthcare utilization due to the omicron variant surge may offset the cost of this testing program. This announcement coincided with UnitedHealth Group reporting strong fourth-quarter earnings, exceeding analyst expectations with profit surging 84% to over $4 billion.",https://www.startribune.com/fourth-quarter-profit-surges-past-4-billion-at-unitedhealth-group/600137280,1642629360
UNH,Telemedicine and Ulcerative Colitis: An HCP Perspective,"Dr. Marla Dubinsky, a gastroenterologist, discusses the role of telemedicine in managing ulcerative colitis (UC) during the COVID-19 pandemic. She highlights how virtual appointments allow for continuous disease management, address patient concerns about COVID-19, and facilitate connections with various healthcare team members beyond gastroenterologists. Dr. Dubinsky also touches on overcoming technological challenges and ensuring patients continue to receive necessary care and medications.",https://www.pfizer.com/news/articles/telemedicine_and_ulcerative_colitis_an_hcp_perspective,1642693281
UNH,Video Quick Take: UnitedHealth Group’s Madhu Palkar on Leveraging Technology to Simplify and Transform Health Care,"Madhu Palkar, Chief Strategy Officer at UHC Global, discusses how UnitedHealth Group is using technology to simplify and transform health care. She emphasizes that technology helps create an integrated, transparent, and easy-to-navigate experience for consumers, benefiting various stakeholders by reducing complexity and improving outcomes. Palkar also explains how digital solutions help manage health costs by integrating services, streamlining processes, and leveraging data analytics to improve access and tailor offerings for diverse global communities.",https://hbr.org/sponsored/2022/01/video-quick-take-unitedhealth-groups-madhu-palkar-on-leveraging-technology-to-simplify-and-transform-health-care,1643126003
UNH,Why California Medical Staffs Should Review Their Bylaws,"A recent court case, Bichai v. Davita, Inc., emphasizes that California medical staff bylaws cannot impose a stricter burden of proof for judicial review hearings than what is mandated by state law. The case involved a physician whose application for membership and privileges was denied, and a subsequent hearing where the medical staff's bylaws-prescribed burden of proof was found to be inconsistent with California Business and Professions Code § 809.3(b). The court ruled the initial hearing unfair, highlighting the importance for medical staffs to review and align their bylaws with statutory requirements to ensure fair peer review processes.",https://www.procopio.com/resource/why-california-medical-staffs-should-review-their-bylaws,1643296701
UNH,"DaVita, Kent Thiry lose bid to dismiss criminal antitrust charges","A federal judge has denied DaVita, Inc., and its former CEO Kent Thiry's motion to dismiss criminal antitrust charges. The charges allege that DaVita entered into illegal non-solicitation agreements with competitors, which the judge ruled falls under existing prohibitions on horizontal market allocation under the Sherman Antitrust Act. DaVita faces potential fines of up to $100 million per count, and Thiry could face up to 10 years in prison and a $1 million fine per offense.",https://www.coloradopolitics.com/courts/davita-kent-thiry-lose-bid-to-dismiss-criminal-antitrust-charges/article_c04d6090-8128-11ec-b164-ef74df785ae7.html,1643473925
UNH,Charles Berg Joins Cigna as President of U.S. Government Business & Senior Advisor,"Charles ""Chuck"" Berg has joined Cigna Corporation as President of U.S. Government Business and Senior Advisor. In this role, he will be responsible for expanding Cigna’s Medicare Advantage and Individual & Family Plan businesses and will report directly to CEO David Cordani. Berg brings extensive experience from previous leadership positions at DaVita Medical Group, WellCare Health Plans, and Oxford Health Plans.",https://www.citybiz.co/article/209665/charles-berg-joins-cigna-as-president-of-us-government-business-senior-advisor/,1643642037
UNH,Target’s Kamau Witherspoon to become Shipt CEO,"Kamau Witherspoon, Target's senior vice president of operations, has been appointed as the new CEO of Shipt, succeeding Kelly Caruso. He will officially take over on March 1, with Caruso transitioning to an advisory role until April 1. Witherspoon's extensive background in operations at Target, UnitedHealth Group, and Yum! Brands is expected to drive Shipt's continued growth in same-day delivery services.",https://www.supermarketnews.com/grocery-trends-data/target-s-kamau-witherspoon-to-become-shipt-ceo,1643813875
UNH,Alphabet Stock Split: A Win for Retail Investors … And the Dow?,"Alphabet's 20-for-1 stock split aims to make its shares more accessible to retail investors and potentially opens the door for its inclusion in the Dow Jones Industrial Average. While fundamentally inconsequential, the split could provide a tailwind for GOOGL stock. Its impact on the Dow would also be significant, altering sector weighting and index composition considerations.",https://www.kiplinger.com/investing/stocks/604164/alphabet-stock-split-retail-investors-dow-jones,1643820947
UNH,Anthem relies on flexible partner-not-build strategy in shift to value,"Anthem is pursuing a ""partner-not-build"" strategy for its transition to value-based care, differentiating itself from competitors like UnitedHealth and Humana which favor acquisitions. This capital-efficient approach involves partnering with clinical platforms and aggregators to bring physicians into alternative payment models, allowing Anthem flexibility and avoiding the operational burdens of ownership. The insurer believes this method is more sustainable and supports faster scaling of coverage while enabling reinvestment in other key areas.",https://www.healthcaredive.com/news/anthem-relies-on-flexible-partner-not-build-strategy-in-shift-to-value/617890/,1643825769
UNH,"CVS Health reports strong fourth quarter and full-year 2021 results, confirms 2022 full-year EPS guidance","CVS Health announced strong financial results for the fourth quarter and full-year 2021, driven by growth across all segments, including significant contributions from COVID-19 testing and vaccinations. The company confirmed its 2022 full-year EPS guidance while revising its cash flow from operations guidance. Additionally, CVS Health outlined strategic omnichannel health initiatives, including retail store optimization and a dividend increase.",https://www.cvshealth.com/news/community/cvs-health-reports-results-2021-q4.html,1644424058
UNH,UnitedHealth was 2021's most profitable payer. Here's a look at what its competitors earned,"UnitedHealth Group was the most profitable payer in 2021, earning $17.3 billion, more than double its closest competitor, CVS Health, which had $7.9 billion in profit. While UnitedHealth led in profit, CVS Health generated the highest revenue for the year. All six major national payers were profitable in 2021, though Humana posted a Q4 loss and Centene landed in sixth place for the year in profitability.",https://www.fiercehealthcare.com/payers/unitedhealth-was-2021s-most-profitable-payer-heres-look-what-its-competitors-earned,1644584400
UNH,"MetLife Inc. stock falls Wednesday, underperforms market","MetLife Inc. (MET) stock fell 0.06% on Wednesday, closing at $71.53, while the broader market saw mixed trading with the S&P 500 rising and the Dow Jones Industrial Average falling. The stock underperformed against competitors like Prudential PLC ADR, Assurant Inc., and UnitedHealth Group Inc. MetLife Inc. closed just $1.02 below its 52-week high reached on February 11th.",https://www.marketwatch.com/story/metlife-inc-stock-falls-wednesday-underperforms-market-01645049309-ab3a07f780f5?gaa_at=eafs&gaa_n=AWEtsqfvA2yMXmckx46XB-kWTthQJ9FhGAg0nZ4WQSaaXy3lFTSMAEbgkcQ-&gaa_ts=699b1324&gaa_sig=4goWakD6hKYv7mmggYxXly-73kx4LGW2tMs3K92qXuPK320ymLAXyHL3m5SiMCgjnFncuvuNoY4GLZMK1cHj-g%3D%3D,1645031280
UNH,Zynex: Letter Indicates UnitedHealthcare Is Terminating Contract - An Undisclosed Loss Accounting For 50%+ EBITDA,"Strong evidence suggests UnitedHealthcare is terminating its contract with Zynex effective February 15th, an event not disclosed to investors. This would mean Zynex loses its largest payor and only national commercial network, potentially impacting 50-100% of its EBITDA. The termination is likely due to billing abuses and could lead to UHC pursuing Zynex for overpayments, posing significant downside for the stock.",https://seekingalpha.com/article/4487448-zynex-unitedhealthcare-terminating-contract-undisclosed-loss,1645092000
UNH,Vertical integration secures PBMs as ‘arsonists and firefighters’ of drug prices,"The article discusses how the vertical integration of the three largest pharmacy benefit managers (PBMs) with insurance carriers has significantly contributed to rising prescription drug costs in the U.S. Experts argue that PBMs, originally meant to manage drug benefits, now profit from both sides of the supply chain through opaque practices like spread pricing and reclassifying rebates as fees. Advocates are pushing for increased transparency and regulatory oversight at both federal and state levels to curb PBM influence and control drug prices, with some success observed in state-level legislative efforts.",https://www.healio.com/news/rheumatology/20220214/vertical-integration-secures-pbms-as-arsonists-and-firefighters-of-drug-prices,1645547260
UNH,Omada Health Closes $192 Million Series E Financing to Bring Virtual-First Care to Millions,"Omada Health has successfully closed a $192 million Series E funding round, led by Fidelity Management & Research Company, to expand its virtual-first chronic care services. This strategic financing will accelerate the company's growth, allowing for increased hiring, technological advancements, and deeper investment in its Insights Lab to address chronic conditions more effectively. The company has seen record growth, now serving over 1,700 customers and 550,000 members, and aims to further its mission of improving health outcomes for millions across the U.S.",https://www.globenewswire.com/news-release/2022/02/23/2390428/0/en/Omada-Health-Closes-192-Million-Series-E-Financing-to-Bring-Virtual-First-Care-to-Millions.html,1645606800
UNH,U.S. sues to block UnitedHealth's $8 bln deal for Change Healthcare,"The U.S. Justice Department has sued to block UnitedHealth Group's $8 billion acquisition of Change Healthcare, arguing the deal would give UnitedHealth access to competitors' data and increase healthcare costs. Both companies provide software for processing healthcare claims, and the Justice Department claims the merger would give them at least 75% of that market. UnitedHealth stated it would vigorously defend its position, calling the Justice Department's stance ""deeply flawed"" and based on speculative theories.",https://www.reuters.com/business/healthcare-pharmaceuticals/us-justice-department-block-13-bln-deal-by-unitedhealth-source-2022-02-24/,1645700100
UNH,Feds sue Minnesota-based UnitedHealth over company acquisition,"Federal regulators are suing to block UnitedHealth Group’s proposed $8 billion acquisition of technology company Change Healthcare. The U.S. Department of Justice (DOJ) argues that the deal would harm competition in health insurance markets and for technology used by insurers to process claims. UnitedHealth Group, which operates the largest health insurer in the United States, plans to vigorously defend the acquisition.",https://www.kare11.com/article/money/business/feds-sue-minnesota-based-unitedhealth-over-company-acquisition/89-c65e022e-a355-4d34-8437-1eae2f6421cd,1645701120
UNH,Justice Department sues to block UnitedHealth's bid for Change Healthcare,"The U.S. Justice Department has filed a lawsuit to prevent UnitedHealth Group from acquiring Change Healthcare in a $7.84 billion all-cash deal. The lawsuit, filed in the U.S. District Court for the District of Columbia, argues that the merger would harm competition. UnitedHealth Group has announced its intention to fight the lawsuit, calling the Justice Department's position ""deeply flawed.""",https://www.cnbc.com/2022/02/24/justice-department-sues-to-block-unitedhealths-bid-for-change-healthcare.html,1645714794
UNH,UnitedHealth unit settles Mass. drug overcharge case for $5.8 mln,"OptumRx, a pharmacy benefit manager unit of UnitedHealth Group Inc, has agreed to a $5.8 million settlement with the Massachusetts attorney general. The settlement resolves allegations that OptumRx overcharged for drugs covered by workers' compensation insurance in the state. As part of the agreement, OptumRx will pay the sum and implement new procedures to prevent future overcharging.",https://www.reuters.com/legal/litigation/unitedhealth-unit-settles-mass-drug-overcharge-case-58-mln-2022-02-24/,1645714794
UNH,UnitedHealth Group Will ‘Vigorously’ Defend Against Federal Lawsuit to Block Acquisition,"UnitedHealth Group is facing a federal civil lawsuit filed by the Department of Justice, Minnesota Attorney General Keith Ellison, and New York Attorney General Letitia James to block its proposed $13 billion acquisition of Change Healthcare. The lawsuit alleges the acquisition would harm competition in commercial health insurance markets and critical health care claims technologies, giving UnitedHealth an unfair advantage and access to rivals' sensitive information. UnitedHealth Group disputes these allegations, stating the merger would increase efficiency and lower costs, and has vowed to vigorously defend against the lawsuit.",https://tcbmag.com/unitedhealth-group-will-vigorously-defend-against-federal-lawsuit-to-block-acquisition/,1645729553
UNH,Attorney General Ellison sues to block UnitedHealth Group proposed acquisition of Change Healthcare,"Minnesota Attorney General Keith Ellison has filed an antitrust lawsuit, joining the U.S. Department of Justice and the State of New York, to block UnitedHealth Group's proposed acquisition of Change Healthcare. The lawsuit alleges that the merger would significantly increase healthcare costs and decrease competition, leading to a near monopoly in certain healthcare technology markets. Ellison argues that the acquisition would give UnitedHealth Group too much market power and access to sensitive data, harming consumers, providers, and other insurers.",https://www.ag.state.mn.us/Office/Communications/2022/02/24_UnitedHealthGroup.asp,1645729553
UNH,Best Fertility Insurance: IVF Coverage & More,"This article reviews the best fertility insurance providers, including UnitedHealthcare, Cigna, Aetna, Wellcare, and Progyny, detailing what each offers in terms of IVF coverage and other fertility treatments. It explains what fertility insurance is, what it should cover (doctor's visits, diagnostics, treatments), and who should consider purchasing it. The piece also highlights how coverage varies by state and insurer, providing guidance on choosing a suitable plan.",https://www.benzinga.com/money/best-fertility-insurance,1645798987
UNH,The vast majority of Centene and Humana's $209 billion in revenues came from taxpayers.,"The article highlights that most of Humana and Centene's substantial 2021 revenues, totaling $209 billion, originated from taxpayers, despite only a small fraction of their 44 million enrollees being private-paying customers. It details how both companies have shifted focus towards government-funded programs like Medicaid and Medicare Advantage, with minimal growth in their commercial health plan sectors. The author, a former Humana employee, criticizes this trend, noting rising premiums and deductibles for commercially insured individuals.",https://healthcareuncovered.substack.com/p/the-vast-majority-of-centene-and,1645799025
UNH,‘Keep Kent Thiry happy’: Prosecutors air statements of alleged DaVita conspiracy in court,"Prosecutors in a federal court case against DaVita, Inc. and its former CEO, Kent Thiry, revealed statements from co-conspirators regarding an alleged illegal scheme to restrict employee movement between companies. The Justice Department accuses them of implementing non-solicitation agreements that suppressed competition. A jury trial is scheduled, and the court is preparing for the extensive evidence and arguments related to the alleged antitrust violations.",https://www.coloradopolitics.com/courts/keep-kent-thiry-happy-prosecutors-air-statements-of-alleged-davita-conspiracy-in-court/article_997509bc-966f-11ec-8b8c-07c8120e9e54.html,1645806725
UNH,"WPP's Mark Read on why Coca-Cola, Google and Unilever are pivotal to the network's future","Mark Read, CEO of WPP, discussed the company's strong 2021 performance, driven by growth in digital marketing, media, e-commerce, data, and technology. He highlighted the importance of strategic partnerships with major clients like Coca-Cola, Google, and Unilever for future growth and client-agency collaboration. Read also addressed WPP's response to the situation in Ukraine, its hiring plans, and adjustments to workplace strategy.",https://www.campaignasia.com/article/wpps-mark-read-on-why-coca-cola-google-and-unilever-are-pivotal-to-the-network/aesg7nsca3wgnrytl1ywyc6rzx,1645974157
UNH,"Multiplan’s ‘Independent’ Prices Can Be Set by Insurers, Sources Allege; Evidence in Nevada Jury Trial Corroborates Allegation","A Capitol Forum investigation alleges that Multiplan's ""independent"" prices for out-of-network healthcare services can effectively be set by large health insurers such as UnitedHealth, Aetna, and Cigna. Evidence from a Nevada jury trial, which awarded $60 million in punitive damages to emergency room physician groups against UnitedHealthcare, corroborated these allegations, showing insurers manipulate Multiplan's algorithmic pricing through ""meet or beat"" target pricing and overrides. This practice, initially intended to reduce costs for insurers, can lead to increased out-of-pocket expenses for patients through balance billing and raises significant legal and regulatory risks for Multiplan and its clients, echoing past industry scandals involving price manipulation.",https://thecapitolforum.com/multiplans-independent-prices-can-be-set-by-insurers-sources-allege-evidence-in-nevada-jury-trial-corroborates-allegation/,1646152049
UNH,The Health Care Trend That Might Make Us Sicker,"The article discusses the ethical implications of health insurance companies investing in healthcare startups. It highlights potential conflicts of interest, where insurers might direct patients towards services offered by companies they have a financial stake in, potentially impacting the quality of care and exacerbating power imbalances in the healthcare system. The authors propose that regulations similar to those for physicians, such as the Stark Law and the Sunshine Act, should be extended to health insurance companies and health systems to ensure transparency and prevent self-enrichment.",https://slate.com/technology/2022/03/health-care-vc-funding-apps-stark-law.html,1646227686
UNH,Humana adds Cerner’s Feinberg to board amid activist pressure,"Humana has appointed David Feinberg, CEO of Cerner, to its board of directors following an agreement with activist investor group Starboard Value LP to refresh the board. This move is part of the health insurer's cost-cutting plan and efforts to reinvest in its Medicare Advantage business, where it recently faced lower-than-expected enrollment. Feinberg brings expertise in leveraging healthcare and patient data from his previous roles at Google and Cerner, aiming to improve clinical care and customer experience while reducing costs for Humana.",https://www.healthcaredive.com/news/humana-adds-cerners-feinberg-board-activist-pressure/619725/,1646314957
UNH,S&P 500 헬스케어 섹터에 투자하는 ETF - XLV ETF 소개,"이 기사는 S&P 500 헬스케어 섹터에 투자하는 대표적인 ETF인 XLV(Health Care Select Sector SPDR Fund)를 소개합니다. XLV는 낮은 변동성과 꾸준한 배당 성장을 특징으로 하며, 주요 제약 및 헬스케어 서비스 기업들을 포함하고 있습니다. 현재의 금리 인상기 시장 환경에서 헬스케어 섹터 투자의 이점을 강조하며, 포트폴리오의 안정성을 높이는 데 XLV가 좋은 선택이 될 수 있음을 제안합니다.",https://www.dentalnews.or.kr/news/article.html?no=32935,1646316800
UNH,Encompass Health's home health unit attracts acquisition interest-sources,"Private equity firms, including Advent International, and companies like Aveanna Healthcare Holdings Inc., are reportedly interested in acquiring Encompass Health Corp's home health and hospice business, Enhabit. Encompass had previously announced plans to spin off Enhabit in the first half of 2022 and later stated openness to a sale or merger. The potential sale of Enhabit could be valued at up to $3 billion, with a shortage of nurses and regulatory hurdles influencing consolidation in the U.S. home care sector.",https://health.economictimes.indiatimes.com/news/pharma/encompass-healths-home-health-unit-attracts-acquisition-interest-sources/90008943,1646482500
UNH,"New $450M Investment in Cigna Ventures to Drive Health Care Transformation, Innovation, and Growth","Cigna announced an additional $450 million investment in Cigna Ventures, its corporate venture fund, to accelerate health care transformation, innovation, and growth. This funding will support health tech startups focused on making health care more affordable, simple, and predictable. Cigna Ventures will concentrate investments on insights and analytics, digital health and experience, and care delivery and enablement, building on previous successful partnerships like the acquisition of MDLIVE.",https://newsroom.cigna.com/new-450-million-investment-in-cigna-ventures-to-drive-health-care-transformation-innovation-and-growth,1646659685
UNH,"Multiplan: Company’s Information Sharing, Meetings Practices Could Raise Antitrust Concerns, Experts Say","Multiplan, a company assisting health insurers in underpaying healthcare provider bills, faces potential antitrust scrutiny due to practices revealed in recent litigation. Experts highlight concerns over Multiplan sharing sensitive information with UnitedHealth Group about competitors' rate caps and hosting annual meetings where executives from rival insurance companies discussed their successes using Multiplan's services. These actions could constitute anticompetitive information sharing and a ""hub-and-spoke"" conspiracy, potentially leading to antitrust liability, especially if they resulted in reduced payments to providers.",https://thecapitolforum.com/multiplan-companys-information-sharing-meetings-practices-could-raise-antitrust-concerns-experts-say/,1646659686
UNH,The Top 15 U.S. Pharmacies of 2021: Market Shares and Revenues at the Biggest Companies,"This article identifies the top 15 U.S. pharmacies of 2021 based on prescription dispensing revenues, which totaled $501 billion. It highlights that the top seven companies accounted for over 70% of these revenues and discusses how upcoming business changes and specialty medication trends are reshaping the pharmacy landscape. The report also touches on the significant revenue generated by pharmacies from administering COVID-19 vaccines.",https://www.drugchannels.net/2022/03/the-top-15-us-pharmacies-of-2021-market.html,1646746086
UNH,Our Ultimate Stock-Pickers' Top 10 Buys and Sells,"This article identifies the top 10 high-conviction buys and sells among Morningstar's Ultimate Stock-Pickers for the fourth quarter of 2021, based on an aggregate analysis of their holdings. It highlights key companies like Microsoft and 3M as top buys and Marsh & McLennan as a prominent sell, detailing the Morningstar analysts' fair value estimates, economic moats, and investment theses for these firms. The report assists investors by providing insights into attractive investment ideas and valuation considerations.",https://www.morningstar.com/stocks/our-ultimate-stock-pickers-top-10-buys-sells-9,1646758548
UNH,Regulators put UnitedHealth-Change Healthcare Merger on Life Support,"The Department of Justice has filed a lawsuit to block UnitedHealth Group's $13 billion acquisition of Change Healthcare, Inc., disagreeing with the companies' claim that the merger would benefit consumers through streamlined healthcare processes and reduced costs. The DOJ argues that the deal would allow UnitedHealth to gain unfair access to competitors' sensitive information and control healthcare technology innovations, highlighting a shift in antitrust enforcement under the Biden administration.",https://lawstreetmedia.com/deals/regulators-put-unitedhealth-change-healthcare-merger-on-life-support/,1646766354
UNH,Lawmakers Seek Investigation of Opioid Settlement Deductions,"Lawmakers are calling for an investigation into whether four opioid companies (Cardinal Health, McKesson Corporation, AmerisourceBergen, and Johnson & Johnson) are improperly claiming billions of dollars in tax deductions for their $26 billion opioid settlement payments. The letter to the Treasury Secretary and Attorney General highlights concerns that these deductions would shift the financial burden to taxpayers and underscores that tax code amendments in 2017 prohibit deductions for settlements related to law violations. It also questions Cardinal Health's use of a CARES Act provision for prior year tax benefits.",https://www.taxnotes.com/research/federal/legislative-documents/congressional-tax-correspondence/lawmakers-seek-investigation-of-opioid-settlement-deductions/7d8qf,1646918805
UNH,Blue Cross Blue Shield Owner Anthem Seeks to Rebrand to Elevance Health,"Anthem Inc., owner of several Blue Cross Blue Shield plans, plans to rebrand as Elevance Health Inc. to reflect a broader business focus beyond traditional health insurance. The company has diversified into areas like behavioral health, home-based care, and data analytics, seeking to achieve a premium valuation similar to UnitedHealth Group. While the new name aims to resonate with Wall Street and employees, branding experts suggest it might be difficult to connect with consumers who will still encounter the Anthem brand through their health coverage.",https://programbusiness.com/news/blue-cross-blue-shield-owner-anthem-seeks-rebrand-elevance-health/,1646919231
UNH,Anthem (ANTM) to be Renamed as Elevance Health for Rebranding,"Anthem, Inc. (ANTM) announced its intention to change its name to Elevance Health, Inc., subject to shareholder approval, to better reflect its expanding business beyond traditional health insurance into areas like pharmacy and behavioral health. This rebranding aims to optimize its portfolio, which serves over 118 million customers, and capitalize on its diversified services and rising virtual care usage. The company's strategic acquisitions and strong financial position are expected to drive long-term growth.",https://finance.yahoo.com/news/anthem-antm-renamed-elevance-health-185406898.html,1647005631
UNH,"Oscar Health Insurance Overview: Features, Pricing, and More","This article provides an overview of Oscar Health Insurance, detailing its features, pricing, and overall ratings. It covers eligibility, plan types (Classic, Simple, Saver), and pricing examples, showcasing Oscar's offerings alongside competitor comparisons and customer service reviews. While Oscar Health receives moderate ratings, it stands out for its virtual care and mobile app.",https://www.benzinga.com/money/oscar-health-insurance-review,1647281159
UNH,"Anthem Inc. stock rises Wednesday, still underperforms market","Anthem Inc. (ANTM) stock increased by 0.67% to $470.82 on Wednesday, outperforming the broader market indexes like the S&P 500 and Dow Jones Industrial Average. Despite the gain, the stock remains $7.18 below its 52-week high. Competitors such as UnitedHealth Group Inc., Humana Inc., and Centene Corp. also saw increases on the same day.",https://www.marketwatch.com/story/anthem-inc-stock-rises-wednesday-still-underperforms-market-01647463054-8be86eb308b6?gaa_at=eafs&gaa_n=AWEtsqf6Ms7gniojIMs5IipZ_x4MKvmB2So7EyhjNEbqkyBop0FBPjVQdRTX&gaa_ts=699b0810&gaa_sig=KTrrN4C6RCIf-Fx8KwuasPfsPBMPRwqvfmfuDm1KftWysJvgoyVmO7fTD-pQIL5u2h0EM4OZS0UTFox4QvZCuQ%3D%3D,1647448620
UNH,Moderna requests FDA authorization for fourth COVID-19 shot for all adults,"Moderna has formally requested the FDA to authorize a fourth dose of its COVID-19 vaccine for all adults, aiming to provide flexibility to the CDC in making recommendations for additional boosters. This follows a similar request by Pfizer for emergency authorization for seniors earlier in the week. The requests are partly based on data from Israel, which has already approved a second booster for those aged 60 and older and healthcare workers.",https://cbsaustin.com/news/nation-world/moderna-requests-fda-authorization-for-fourth-covid-19-shot-for-all-adults-mrna-vaccine-cdc-coronavirus-booster-shot-pandemic,1647507600
UNH,"Equifax, Experian, TransUnion to remove majority of medical debts from consumers' credit reports","Equifax, Experian, and TransUnion announced they will remove nearly 70% of medical collection debt tradelines from credit reports, starting with paid debts in July 2022 and debts under $500 in the first half of 2023. This change aims to help consumers, extend the grace period before unpaid medical debt appears on reports, and address the impact of medical debt on credit scores, especially for vulnerable populations. The Consumer Financial Protection Bureau estimates significant medical debt on credit reports and is reviewing the credit reporting agencies' plans.",https://www.foxbusiness.com/lifestyle/equifax-experian-transunion-medical-debt-credit-reports,1647700500
UNH,Vertically integrated payer-provider groups raise antitrust concerns,"The article highlights antitrust concerns surrounding vertically integrated payer-provider groups. It notes that this model, where insurers own their own providers, is drawing scrutiny from regulators. A related lawsuit mentioned involves OhioHealth, which is accused by federal and Ohio authorities of anticompetitive tactics against health insurance companies.",http://www.modernhealthcare.com/operations/insurers-pave-new-vertically-integrated-provider-model/,1647921600
UNH,"3 Dow Stocks That Can Turn $300,000 Into $1 Million by 2030","The article identifies three Dow stocks – Salesforce, UnitedHealth Group, and Visa – that have the potential to turn a $300,000 investment into $1 million by 2030. Each company is highlighted for its strong market position, consistent growth, and specific catalysts that are expected to drive significant shareholder returns. This analysis provides a long-term investment perspective on these established businesses within the Dow Jones Industrial Average.",https://www.fool.com/investing/2022/03/27/3-dow-stocks-turn-300000-into-1-million-by-2030/,1648357560
UNH,UnitedHealth to buy LHC Group for $5.4 billion,"UnitedHealth Group is set to acquire LHC Group for $5.4 billion, signaling a deeper push into home health care. The deal, expected to close later this year, will see UnitedHealth paying $170 in cash per share of LHC's stock and integrating LHC Group into its Optum Health business. This acquisition highlights a growing trend in health care towards home-based services, influenced by the pandemic and cost-efficiency.",https://www.cnbc.com/2022/03/29/unitedhealth-to-buy-lhc-group-for-5point4-billion.html,1648539300
UNH,"Pfizer, BioNTech obtain EU authorization for 2nd COVID-19 booster","Pfizer and BioNTech have received emergency use authorization from the FDA for a second COVID-19 booster dose. This booster is approved for adults aged 50 and older, and for immunocompromised individuals aged 12 and older, who have previously received a first booster. The authorization is based on studies showing improved antibody titers against variants and increased protection against severe disease for vulnerable populations.",https://drugstorenews.com/pfizer-biontech-obtain-eu-authorization-2nd-covid-19-booster,1648560325
UNH,UnitedHealth’s deal with LHC highlights broader interest in home health industry,"UnitedHealth Group's proposed $5.4 billion acquisition of LHC Group demonstrates the increasing interest of health insurers in expanding their ownership of health care delivery, particularly in the home health sector. This trend is driven by home care's lower costs and high profitability, especially for Medicare beneficiaries. The article notes that hospitals and financial investors are also significant players in this growing home health market.",https://www.statnews.com/2022/03/29/unitedhealth-deal-with-lhc-broad-interest-home-health/,1648561357
UNH,UnitedHealth to buy home-health firm LHC Group for $5.4B,"UnitedHealth Group Inc. has agreed to acquire LHC Group Inc., a home-health firm, for approximately $5.4 billion in cash, or $170 per share. This deal is part of UnitedHealth's strategy to expand its home-based care services through its Optum health-services arm, aiming to capitalize on the rising demand for care delivered in lower-cost settings compared to nursing homes. The acquisition is expected to close in the second half of 2022 and follows a similar move by Humana Inc., highlighting a growing trend among managed-care companies to invest in home health services.",https://www.foxbusiness.com/markets/unitedhealth-to-buy-home-health-firm-lhc-group,1648562965
UNH,How Optum’s $5.4B LHC Group Acquisition Pushes Behavioral Health Toward Value-Based Care,"Optum's $5.4 billion acquisition of home healthcare provider LHC Group, following its Refresh Mental Health purchase, signals UnitedHealth Group's aggressive push into value-based care across various health segments, including behavioral health. This move aims to integrate care services, improve patient outcomes, and potentially reshape the behavioral health industry's approach to reimbursement and care coordination. The acquisitions highlight Optum's strategy to leverage extensive data and algorithms to manage care more effectively and achieve better health outcomes.",https://bhbusiness.com/2022/03/29/how-optums-5-4b-lhc-group-acquisition-pushes-behavioral-health-toward-value-based-care/,1648574827
UNH,[UPDATED] UnitedHealth Group to Acquire LHC Group for $5.5 Billion,"UnitedHealth Group announced its acquisition of LHC Group for $5.5 billion, integrating the home health and hospice provider with its Optum Health division. This acquisition, following Humana's purchase of Kindred at Home, signifies a growing interest from payers in the provider space and the expanding role of home-based care. The deal is expected to close in the second half of the year and reflects ongoing trends towards value-based care models and a focus on care in the home.",https://hospicenews.com/2022/03/29/unitedhealth-group-to-acquire-lhc-group-for-5-5-billion/,1648580753
UNH,UnitedHealth Group Agrees to Buy LHC Group for Over $5 Billion,"UnitedHealth Group has agreed to acquire LHC Group for approximately $5.4 billion, integrating one of the largest home health providers with its Optum Health division. This acquisition highlights a growing trend of payers expanding into care provision, following other significant deals in the home-based care sector. The transaction is expected to close in the latter half of the year, with LHC Group shareholders receiving $170 per share.",https://homehealthcarenews.com/2022/03/unitedhealth-group-agrees-to-buy-lhc-group-for-over-5-billion/,1648580753
UNH,UnitedHealth to Buy Home-Health Firm LHC Group for $5.4 Billion,"UnitedHealth Group Inc. has agreed to acquire LHC Group Inc. for approximately $5.4 billion in cash, marking a significant move into the home-health business for the managed-care company. This acquisition will add one of the largest home-health firms to UnitedHealth's Optum health-services portfolio, which already includes various healthcare facilities and services. The deal highlights a growing trend of managed-care companies investing in services that promise lower costs compared to traditional hospitals and nursing homes.",https://www.wsj.com/health/healthcare/unitedhealth-to-buy-home-health-firm-lhc-group-for-5-4-billion-11648550701?gaa_at=eafs&gaa_n=AWEtsqdpNucT38aJLu45MJpQF6QRjyaQu7LOAI5-TR6ba0cTRjnndjMJus8v&gaa_ts=6907aecf&gaa_sig=jDQy-aS7xkRFXZgZV77kl5DuSjhVZJxyOK4pkFh0j5LTY0DYW5xZI1vQXinekmCsNHWdWp2DmXUM0o_ovkBOgA%3D%3D,1648580753
UNH,UnitedHealth buys in-home care company for $5.4 billion,"UnitedHealth Group is acquiring LHC Group, an in-home health company, for $5.4 billion, at $170 per share. LHC Group will be integrated into Optum, UnitedHealth's pharmacy benefit manager and clinic operator, to enhance its reach in the growing home health market. The deal is expected to close in the second half of 2022 and will be financially beneficial for UnitedHealth in the long term.",https://bringmethenews.com/minnesota-business/unitedhealth-buys-in-home-care-company-lhc-group-for-5-4-billion,1648580754
UNH,UnitedHealth to buy LHC Group for $5.4 billion in home healthcare push,"UnitedHealth Group announced its acquisition of LHC Group for $5.4 billion in cash, expanding its home health services amidst increased demand for home-based care. This deal follows a recent legal challenge by the U.S. Justice Department against UnitedHealth's acquisition of Change Healthcare. The acquisition is expected to be neutral to UnitedHealth's 2022 adjusted profit per share outlook and modestly add in 2023.",https://www.reuters.com/business/healthcare-pharmaceuticals/unitedhealth-buy-lhc-group-about-54-billion-2022-03-29/,1648589340
UNH,"U.S. Behavioral Health Market Size, Report 2021 to 2030","The U.S. behavioral health market is projected to reach US$132.4 billion by 2027, growing at a CAGR of 5.3% due to increasing prevalence of mental illnesses and substance abuse. Outpatient counseling dominated the market in 2020, along with anxiety and depression as the most prevalent disorders. The market is also experiencing rapid adoption of digital technologies and telehealth services, further boosted by the COVID-19 pandemic and supportive government policies.",https://www.biospace.com/u-s-behavioral-health-market-size-report-2021-to-2030,1648648498
UNH,UnitedHealth to buy home health business LHC for $5.4B,UnitedHealth has agreed to acquire home health and hospice provider LHC Group for $5.4 billion. This acquisition is part of a larger trend of payers entering the home health market due to an aging population and the potential for lower-cost care delivery outside of traditional hospital settings. The deal is expected to contribute to UnitedHealth's integrated care strategy and be modestly accretive to its earnings next year.,https://www.healthcaredive.com/news/unitedhealth-buy-home-health-business-lhc/621249/,1648667154
UNH,Optum-Refresh Blockbuster Blazes a Consolidation Trail for the Next Mental Health Platform,"Optum's acquisition of Refresh Mental Health highlights the significant investment and consolidation trend in the outpatient mental health sector. This deal, along with others like Lifestance Health's IPO and KKR's Geode Health, demonstrates various strategies for scaling mental health platforms amidst high valuations and increasing interest, largely driven by the pandemic. Industry observers anticipate continued consolidation and the emergence of new national platforms as private equity investment in the space surges.",https://bhbusiness.com/2022/03/31/optum-refresh-blockbuster-blazes-a-consolidation-trail-for-the-next-mental-health-platform/,1648734465
UNH,UnitedHealth Tries to Stop Lawsuits From Mom-And-Pop Drugstores,"UnitedHealth Group Inc. is attempting to prevent over 200 small, independent drugstores from pursuing a joint lawsuit, instead forcing them into individual arbitration. These pharmacies accuse UnitedHealth's Optum Rx unit of underpaying them by more than $100 million. UnitedHealth filed litigation in federal court in California to enforce individual arbitration for these disputes.",https://www.bloomberg.com/news/articles/2022-04-01/unitedhealth-tries-to-stop-lawsuits-from-mom-and-pop-drugstores,1648816560
UNH,Study shows Kroger Health’s Food as Medicine Platform improves health and diet,"A clinical research study funded by Kroger Health found that its ""Food as Medicine"" platform significantly improves health and diet. The SuperWIN study, conducted by the University of Cincinnati, demonstrated that in-aisle teaching by registered dietitians combined with education on online shopping technologies increased adherence to heart-healthy diets. This research highlights the potential of retailers like Kroger to serve as important healthcare destinations through food and nutrition education.",https://www.bluebookservices.com/study-shows-kroger-healths-food-as-medicine-platform-improves-health-and-diet/,1649076903
UNH,"Molina Moves to S&P 500 Index, Capping Huge Share Price Runup","Molina Healthcare Inc. has joined the S&P 500 Index, a recognition that caps a significant share price increase of 47% over the past year. This move is seen as a ""stamp of approval"" by analysts, bolstering its standing for Medicaid contracts and increasing investor exposure through S&P 500 mirroring funds. Despite soaring premium revenue, Molina faced unexpected medical treatment costs in 2021, particularly from Obamacare exchange patients, and anticipates a more modest 6% revenue growth for the current year as government funding normalizes.",https://labusinessjournal.com/featured/air-lease-sees-putin-move-to-seize-leased-aircraft-as-bolstering-insurance-claims-2/,1649077103
UNH,Cosm Medical raises $4.7 million CAD for its custom gynecological prosthetics,"Cosm Medical has secured $4.7 million CAD in an oversubscribed seed round to develop and launch its digital gynecology platform and custom gynecological prosthetics, known as Gynethotics. The medtech startup aims to change the standard of care for pelvic floor disorders by combining physiological biomarkers, AI-driven software, and 3D printing. The funding will also support further research and development, operations expansion, and team growth.",https://betakit.com/cosm-medical-raises-4-7-million-cad-for-its-custom-gynecological-prosthetics/,1649078030
UNH,Optum continues buying spree and scoops up Houston-based Kelsey-Seybold Clinic: report,"Optum, the UnitedHealth Group arm, has reportedly acquired Kelsey-Seybold Clinic, a large multi-specialty group practice based in Houston, continuing its aggressive acquisition strategy. This deal, if closed, signifies a major investment in value-based care. The acquisition follows other significant purchases by UnitedHealth Group, including Refresh Mental Health and LHC Group, and occurs while the company is fighting to close its acquisition of Change Healthcare.",https://www.fiercehealthcare.com/providers/optum-continues-buying-spree-and-scoops-houston-based-kelsey-seybold-clinic-report,1649158560
UNH,Which Value Stocks Are Leading the Way Over Growth?,"Value stocks have significantly outperformed growth stocks, particularly during the first quarter of 2022, solidifying a trend that began in 2021. While surging oil prices and energy stocks contributed significantly to this rally, healthcare companies like AbbVie and consumer defensive stocks such as Costco also played major roles. Despite their strong performance, most value stocks, with the exception of oil and gas drilling companies, are not considered overvalued.",https://www.morningstar.com/portfolios/which-value-stocks-are-leading-way-over-growth,1649334587
UNH,"Payers Can ‘Feed Their Own Machine’ With Hospice, Home Health Deals","Recent acquisitions of large hospice and home health providers by insurance companies, such as UnitedHealth Group and Humana, indicate a strategy by payers to reduce financial risk and improve cost outcomes within value-based care models. These deals allow insurers to control both the provider and payer sides of healthcare networks, particularly as Medicare Advantage and other value-based payment models grow. The objective is to efficiently manage patient care, manage risk, and promote services like palliative care that reduce hospitalizations and emergency department visits, ultimately feeding the payers' own networks.",https://hospicenews.com/2022/04/07/payers-can-feed-their-own-machine-with-hospice-home-health-deals/,1649335852
UNH,"CEO of upstart PBM: What CVS, Cigna and other PBMs are doing in drug pricing is neither sustainable nor ethical","A.J. Loiacono, CEO of Capital Rx, criticizes major PBMs like CVS, Cigna, and UnitedHealth Group, as well as the federal government, for the unsustainable and unethical state of drug pricing in the U.S. He highlights vast price discrepancies, where a drug can cost $150 with insurance but $6 with a discount card like GoodRx, arguing that the system benefits shareholders of large PBMs rather than patients. Loiacono asserts that his company and other new PBMs aim to create transparency and efficiency by allowing free communication on price between buyers and sellers, using standardized pricing.",https://medcitynews.com/2022/04/ceo-of-upstart-pbm-what-cvs-cigna-and-other-pbms-are-doing-in-drug-pricing-is-neither-sustainable-nor-ethical/,1649767088
UNH,KT taps Vietnam for digital healthcare and AI-powered diagnosis,"South Korean telecom giant KT is entering the Vietnamese healthcare market through a partnership with Hanoi Medical University. They will launch a pilot telemedicine service for chronic disease patients, research AI-powered diagnosis, and train local medical professionals. This move is driven by Vietnam's growing middle class and demand for medical services, with plans to expand to other Southeast Asian countries after establishing their presence in Vietnam.",https://www.kedglobal.com/healthcare/newsView/ked202204130017,1649854510
UNH,Dexcom announces availability of G6 for Tricare members as formulary pharmacy benefit,"Dexcom announced that its G6 continuous glucose monitoring (CGM) system is now available to Tricare members as a brand-name formulary pharmacy benefit. This change makes the G6 more accessible and affordable for military members, their families, and retirees with diabetes. Tricare beneficiaries can now obtain the Dexcom G6 through military treatment facility pharmacies, the retail pharmacy network, or mail-order with varying copayments, offering a faster process and more consistent costs compared to previous medical benefit access.",https://www.drugdeliverybusiness.com/dexcom-announces-availability-of-g6-for-tricare-members-as-formulary-pharmacy-benefit/,1649867529
UNH,UnitedHealth Group ‘Moving at Speed’ in Bringing Together Home-Based Care Capabilities,"UnitedHealth Group (UNH) is rapidly expanding its home- and community-based care capabilities to accelerate its value-based care strategy. This expansion includes the anticipated acquisition of LHC Group Inc. for $5.4 billion, which will further integrate home health and other services into UnitedHealth's Optum platform. CEO Andrew Witty highlighted the success of existing programs like HouseCalls and the strategic importance of these efforts in serving populations like D-SNPs and shifting care to appropriate, often lower-cost, settings.",https://homehealthcarenews.com/2022/04/unitedhealth-group-moving-at-speed-in-bringing-together-home-based-care-capabilities/,1649942084
UNH,UnitedHealth CEO: Refresh Mental Health Acquisition 'Fits Right Into Value-Based Proposition',"UnitedHealth Group's CEO, Sir Andrew Witty, stated that the acquisition of Refresh Mental Health aligns perfectly with the company's value-based care strategy, emphasizing the integration of behavioral health management with medical management. The deal, rumored to be over $1 billion, enhances UnitedHealth's existing behavioral health network and complements its broader strategy to merge different care components into an accessible platform for patients. This reinforces the company's focus on providing quality care across various settings, including virtual and home care, to make healthcare more affordable and convenient.",https://bhbusiness.com/2022/04/14/unitedhealth-ceo-refresh-mental-health-acquisition-fits-right-into-value-based-proposition/,1649942084
UNH,Why it’s a good idea to buy UnitedHealth (UNH) stock and hold it forever,"UnitedHealth Group (UNH) is presented as a strong long-term investment opportunity due to its leadership in the healthcare insurance market, consistent growth in customer base, and robust financial performance. Despite recent rallies, the stock is considered to be trading at a reasonable discount, supported by positive first-quarter results and raised earnings guidance for fiscal 2022. The company's strategic initiatives and strong fundamentals, including a steady uptick in payout ratio, make it an attractive option for both growth and income investors.",https://news.alphastreet.com/why-its-a-good-idea-to-buy-unitedhealth-unh-stock-and-hold-it-forever/,1649963155
UNH,DaVita and its former CEO acquitted of U.S. antitrust charges,"A jury in Denver, Colorado, acquitted dialysis provider DaVita and its former CEO Kent Thiry of charges that they conspired with competitors not to hire each other's employees. The Justice Department had alleged ""anti-poaching"" agreements between DaVita and other companies, which the jury ultimately rejected. This verdict comes as the Biden administration focuses more on antitrust enforcement in labor markets.",https://www.reuters.com/business/healthcare-pharmaceuticals/davita-its-former-ceo-acquitted-antitrust-charges-2022-04-15/,1650291120
UNH,"Addus Hires Former Encompass Health Executive, Gears Up for Major Growth","Addus HomeCare Corporation has appointed Cliff Blessing, former EVP of corporate development for Encompass Health’s home health and hospice business, as its new EVP and chief development officer. This strategic hire signals Addus's intention to aggressively pursue mergers and acquisitions to expand its home health and hospice service lines, moving beyond its traditional Medicaid-based personal care services. The company views acquisitions, combined with a more favorable staffing environment, as crucial for its broader growth strategy and market reach.",https://hospicenews.com/2022/04/20/addus-hires-former-encompass-health-executive-gears-up-for-major-growth/,1650457824
UNH,Five Takeaways from the Big Three PBMs’ 2022 Formulary Exclusions (rerun),"This article analyzes the 2022 formulary exclusion lists of the three largest PBMs—Caremark, Express Scripts, and OptumRx—highlighting trends such as the continued growth of exclusions, particularly for specialty drugs. It notes baffling inconsistencies in how PBMs handle insulin and biosimilars, often favoring higher-priced options. The author also discusses the significant impact these exclusions have on patient access, out-of-pocket costs, and the potential for non-medical switching, advocating for greater transparency and research into these effects.",https://www.drugchannels.net/2022/04/five-takeaways-from-big-three-pbms-2022.html,1650458288
UNH,"Anthem Profits Hit $1.8 Billion On Medicaid, Medicare Growth","Anthem reported first-quarter profits of $1.8 billion, a significant increase driven by strong enrollment in its Medicaid and Medicare Advantage plans. The company saw an 8.4% rise in profits and a nearly 17.6% increase in revenue, leading to an updated financial outlook for 2021. Anthem plans to rebrand as Elevance Health, aiming to position itself as a holistic health partner.",https://www.forbes.com/sites/brucejapsen/2022/04/20/anthem-profits-hit-18-billion-on-medicaid-medicare-growth/,1650458602
UNH,"UnitedHealth Inflated Drug Costs, Louisiana Attorney General Alleges in Suit","Louisiana's Attorney General has filed a lawsuit against UnitedHealth Group Inc., alleging that its pharmacy benefits manager, Optum Rx, inflated prescription drug prices within the state's Medicaid program. The suit claims that Optum Rx used undisclosed pricing and the intricate nature of the drug supply chain to overcharge the program by billions of dollars annually. The legal action was initiated on April 13 in state court.",https://www.bloomberg.com/news/articles/2022-04-20/unitedhealth-inflated-drug-costs-louisiana-ag-alleges-in-suit,1650470940
UNH,7 Stocks to Buy If You Think Inflation Is Topping Out,"This article suggests seven stocks to consider buying if inflation is believed to be topping out. The author highlights that a lower-than-expected core CPI reading has led some analysts to believe the market may have seen peak inflation, shifting investment focus towards growth stocks. The recommended companies include UnitedHealth Group, Abbott Laboratories, Deere & Co., Nucor, Lam Research Corp, Qualcomm, and Nike, with each company's specific growth drivers and financial health discussed.",https://investorplace.com/2022/04/7-stocks-to-buy-if-you-think-inflation-topping-out/,1650545780
UNH,AG Healey signs off on acquisition of state’s largest independent doc group,"Massachusetts Attorney General Maura Healey has approved Optum's $236 million acquisition of Atrius Health, the state's largest independent physician organization. This deal will convert Atrius's assets from nonprofit to for-profit and requires review by the state's Supreme Judicial Court. The agreement includes a significant increase in the purchase price to create a foundation for health equity and a $200 million investment from Optum into Atrius.",https://www.bostonglobe.com/2022/04/21/metro/ag-healey-signs-off-acquisition-states-largest-independent-doc-group/,1650567955
UNH,UnitedHealthcare Sees Virtual Care Make Up 66% Of All Behavioral Health Claims,"UnitedHealthcare reported that virtual care accounted for 66% of all behavioral health claims in 2021, a significant increase from 1.5% in 2019. Overall virtual visits for UnitedHealthcare members rose by 2,500% compared to pre-pandemic levels, with behavioral health being a major driver. This trend suggests that telehealth, particularly for behavioral health, is becoming a permanent fixture in healthcare.",https://bhbusiness.com/2022/04/21/unitedhealthcare-sees-virtual-care-make-up-66-of-all-behavioral-health-claims/,1650567955
UNH,"Travel nurses remain pricey, and it’s weighing on hospital profits","The first quarter results from HCA Healthcare indicate that the high cost of travel nurses is having a significant impact on hospital profits, prompting the company to lower its full-year guidance. This trend, exacerbated by the pandemic, suggests that elevated labor costs may persist as nurses increasingly prefer travel roles or alternative healthcare settings. The article, exclusive to STAT+ subscribers, highlights the broader implications for the hospital sector.",https://www.statnews.com/2022/04/22/travel-nurses-remain-pricey-hca-tenet/,1650633160
UNH,UnitedHealth Group offers $236M to buy Massachusetts medical group,"UnitedHealth Group is offering $236 million to acquire Atrius Health, a large physician-led nonprofit medical group in Massachusetts, to expand its Optum division. The deal, which requires final court approval following clearance by the Attorney General's Office, would integrate Atrius Health into Optum Care, despite financial challenges faced by the nonprofit. This acquisition is part of UnitedHealth's broader strategy to grow its clinic and outpatient medicine businesses, reinforcing its presence in 16 states.",https://www.startribune.com/unitedhealth-group-offers-236m-to-buy-massachusetts-medical-group/600167123,1650649800
UNH,UnitedHealth Group's Witty topped $18 million in first year as CEO,"Andrew Witty, CEO of UnitedHealth Group, saw his compensation exceed $18 million in his first year in the role in 2021. Other executives at the Minnetonka-based company also received pay increases. This pay bump followed Witty's appointment in February 2021.",https://www.bizjournals.com/twincities/news/2022/04/22/unitedhealth-witty-ceo-pay-2021.html,1650654354
UNH,La. Attorney General Files Lawsuit Against UnitedHealth Over Costs,"Louisiana Attorney General Jeff Landry has filed a lawsuit against UnitedHealth Group Inc. and its pharmacy benefit manager, Optum Rx, alleging a scheme to inflate prescription drug costs for the state's Medicaid program by billions of dollars. Landry claims Optum Rx manipulates drug pricing to help UnitedHealth meet its medical-loss ratio requirements while generating additional profits for the parent company. UnitedHealth has denied the allegations, stating the lawsuit is without merit.",https://bizneworleans.com/la-attorney-general-files-lawsuit-against-unitedhealth-over-costs/,1650892484
UNH,"Anthem Inc. stock rises Monday, outperforms market","Anthem Inc. (ANTM) stock increased by 0.84% on Monday, reaching $506.87. This performance outpaced the broader market, with the S&P 500 rising 0.57% and the Dow Jones Industrial Average up 0.70%. The rise broke a two-day losing streak for the company, though it remained just short of its 52-week high.",https://www.marketwatch.com/story/anthem-inc-stock-rises-monday-outperforms-market-01650919027-76c4a50368b5?tesla=y&gaa_at=eafs&gaa_n=AWEtsqc7EHXywDRYpqsVuE4u3wYU9jzWk_6_tUQnqOyn6Gees3XwLv_xQUaZ&gaa_ts=699aff2e&gaa_sig=RiwKssm1u2gy6TINzj-i-X1QyvNQrLcYeBOJ3qEO8M_WzeslMHp8CAZDiGzUAy9Kkaj3e4phgXKZRAW_MzRy7A%3D%3D,1650904620
UNH,Five Ways Employers Can Support Women and Their Health,"This article outlines five key ways employers can better support working women, acknowledging the increased needs exacerbated by the pandemic. It emphasizes the importance of offering paid leave for various life events, supporting behavioral health needs with accessible resources, providing comprehensive fertility benefits, and offering robust support for expectant and new mothers. Additionally, the article highlights the significance of career support through fair pay, advancement opportunities, and empowering workplace cultures, ultimately benefiting both employees and employers.",https://newsroom.cigna.com/five-ways-employers-can-support-women-and-their-health,1650976687
UNH,UnitedHealth Group founder to retire from the board after more than 40 years,"Richard Burke, founder of UnitedHealth Group, is retiring from the health insurer's board of directors after a 45-year tenure. Burke established Charter Med Inc. in 1974, which grew into the nation's largest health insurer and Minnesota's largest company by revenue. His departure, along with fellow director Gail Wilensky, marks the end of an era for the company he helped build into a Fortune 500 giant.",https://www.startribune.com/unitedhealth-group-founder-to-retire-from-the-board-after-more-than-40-years/600168065,1650988020
UNH,29 Stock Funds That Flip-Flopped in the Rankings,"The stock market's volatility in 2022 caused significant shifts in fund rankings, with some previously high-performing funds plummeting and former laggards rising to the top. This analysis by Morningstar identifies 29 U.S. stock funds that experienced major flip-flops, moving from the top 10% to the bottom 10% or vice versa within their categories based on one-year returns. While these short-term swings don't necessarily alter long-term analyst ratings, they highlight strategic biases within funds and offer insights for portfolio construction.",https://www.morningstar.com/funds/29-stock-funds-that-flip-flopped-rankings,1651062609
UNH,"|‘Carve-Outs Are a Thing of the Past’, Behavioral Health Must Move to a Total Cost of Care Approach","|Behavioral health carve-outs are becoming obsolete as the industry shifts towards a total cost of care approach, driven by the recognition of the interplay between behavioral and physical health. Executives from UnitedHealth Group, Eleanor Health, and CVS Health advocate for integrated care models, emphasizing value-based care, accessibility, and addressing social determinants of health. This shift aims to improve outcomes and reduce overall healthcare costs by treating individuals holistically rather than separating mental and physical health.",https://bhbusiness.com/2022/04/29/carve-outs-are-a-thing-of-the-past-behavioral-health-must-move-to-a-total-cost-of-care-approach/,1651190400
UNH,Optum's $236 million Atrius Health deal scores final regulatory approval,"Optum's acquisition of Atrius Health for $236 million has received final regulatory approval. The article, published on May 2, 2022, provides this key update regarding the merger.",http://www.modernhealthcare.com/mergers-acquisitions/optums-236-million-atrius-health-deal-scores-final-regulatory-approval/,1651499400
UNH,Maternal-fetal medicine program keeps moms close to home while improving access to care,"HCA Healthcare's maternal-fetal medicine (MFM) telehealth program is expanding access to care for high-risk pregnant women by allowing them to consult with specialists virtually, reducing travel burdens and improving outcomes. Patients like Simms Schnorf, Jordan Griffith, and Haley Shane shared positive experiences, highlighting the convenience and expert care received through these virtual appointments. The program, which started with Dr. Jessica Parrott at Overland Park Regional Medical Center, now operates in 20 sites across five states, demonstrating the accelerated adoption of telehealth post-COVID-19.",https://hcahealthcaretoday.com/2022/05/04/maternal-fetal-medicine-program-keeps-moms-close-to-home-while-improving-access-to-care/,1651665507
UNH,"Rising Admissions, M&A Bolster LHC Group as UnitedHealth Group Deal Proceeds","LHC Group is experiencing resurgent admissions growth and strong revenue from its hospice segment, bolstered by recent acquisitions, even as it faces persistent workforce pressures and increased labor costs. These developments occur as its pending $5.5 billion acquisition by UnitedHealth Group proceeds, with questions remaining about the post-acquisition role of its hospice segment. The company's M&A strategy has focused on co-locating hospice services where it already has home health presence, and future acquisitions are expected later in the year, heavily influenced by the UnitedHealth Group deal.",https://hospicenews.com/2022/05/05/rising-admissions-ma-bolster-lhc-group-as-unitedhealth-group-deal-proceeds/,1651777554
UNH,UnitedHealth was this quarter's most profitable payer—again,"UnitedHealth Group maintained its position as the most profitable payer in the first quarter, exceeding Wall Street expectations with $5 billion in profit and $80.1 billion in revenue. Other major payers like CVS Health, Elevance Health (Anthem), Cigna, Humana, and Centene also reported strong profits and revenues, with CVS coming in second for both categories. The overall financial performance of these six national payers indicates a robust first quarter for the health insurance industry.",https://www.fiercehealthcare.com/payers/unitedhealth-was-quarters-most-profitable-payer-again,1652080200
UNH,Humana Inc. stock outperforms market despite losses on the day,"Humana Inc. stock slid 1.43% on Monday, closing at $424.51, despite a general market downturn. The stock, however, outperformed some of its competitors like UnitedHealth Group Inc., Anthem Inc., and Centene Corp., which experienced larger drops. Humana Inc. closed $50.93 short of its 52-week high and saw trading volume below its 50-day average.",https://www.marketwatch.com/data-news/humana-inc-stock-outperforms-market-despite-losses-on-the-day-01652129919-2931d0bba5a9?gaa_at=eafs&gaa_n=AWEtsqe34SXQs2iqQ8JLM8pSk7PYsMmZQTrrEH_No5qQfuHo0iTvilG8VJFR&gaa_ts=690792bd&gaa_sig=aykVIFYwNItSqAu3PDxGMqfYvYIVNIpdncUVfZ0wQJu3CZeeM6-q6kJAPfe0tsOrXQ0TnZUS7mBFctKcETtg8Q%3D%3D,1652115480
UNH,Momentum building despite pandemic headwinds: Pennant Group,"Pennant Group reported strong first-quarter earnings, with CEO Daniel Walker noting ""momentum building"" despite challenges like the Omicron variant and labor pressures. The senior living segment saw increased revenue and occupancy, indicating a successful turnaround. The company also completed strategic transactions to optimize its portfolio and plans further acquisitions in senior living, home health, and hospice.",https://www.mcknightsseniorliving.com/news/momentum-building-despite-pandemic-headwinds-pennant-group/,1652271249
UNH,LHC Group shareholder sues company over $5B UnitedHealth deal,"A shareholder of LHC Group is suing the home healthcare provider and its board of directors, alleging that the proxy filing for its planned $5.4 billion merger with UnitedHealth Group's Optum is ""misleading."" The lawsuit claims the filing fails to disclose critical financial information and potential conflicts of interest, violating the Securities and Exchange Act. The shareholder, David Schuppert, seeks an injunction to halt the merger until the information is released.",https://www.fiercehealthcare.com/payers/lhc-group-shareholder-sues-company-over-5b-unitedhealth-deal,1652370300
UNH,Humana Inc. stock underperforms Wednesday when compared to competitors,"Humana Inc. (HUM) stock declined 4.66% on Wednesday to $420.04, underperforming the broader market. The S&P 500 Index and Dow Jones Industrial Average also experienced significant drops. Humana's stock also trailed competitors like UnitedHealth Group Inc., Anthem Inc., and Centene Corp.",https://www.marketwatch.com/story/humana-inc-stock-underperforms-wednesday-when-compared-to-competitors-01652907518-0f9b44843944?gaa_at=eafs&gaa_n=AWEtsqeQ9Jgsi-d5MraBXGwPKO_DTCrvh8X3qJVIhxl2jnkPzp_zStEczCUF&gaa_ts=699af31e&gaa_sig=LN4eiFO49lKLp4EBaJogroUJBHcMogZjlMKzCpJMcR3JbBDhbYREYqbZ3UHzfHSC8MBjoIVIdhNP9alfGKBhcA%3D%3D,1652893080
UNH,Empire BlueCross BlueShield opens new headquarters in Midtown,"Empire BlueCross BlueShield has opened a new 70,000-square-foot headquarters in Midtown at 1 Pennsylvania Plaza, moving from a temporary space on Wall Street. The move reflects the company's commitment to revitalizing New York City post-pandemic and creating a collaborative, hybrid workspace focused on employee well-being. Additionally, the company, in partnership with its philanthropic arm, will issue a grant to Breaking Ground, New York City's largest provider of aid for the unsheltered homeless.",https://www.crainsnewyork.com/health-care/empire-bluecross-blueshield-opens-new-headquarters-midtown,1653481595
UNH,"MetLife Inc. stock rises Thursday, outperforms market","MetLife Inc. (MET) saw its stock rise by 3.58% on Thursday, closing at $66.91, outperforming the broader market which also experienced gains. This marked the stock's second consecutive day of increases, though it remained below its 52-week high. The company's trading volume significantly exceeded its 50-day average.",https://www.marketwatch.com/story/metlife-inc-stock-rises-thursday-outperforms-market-01653599226-b45cbe4d349e?gaa_at=eafs&gaa_n=AWEtsqcbsbA_z5h-OYyZQxLNwg7S33Il_zoUlmZdiNfvpXzrjFp3xRIwRSrm&gaa_ts=699aeed3&gaa_sig=xExVQHdA1yKHOqWmNWCq1TLN1w5Ag0yX22lkRy4_zzMnDcOr4G6y5k5jQySPIZzYMDE2wfUQtAzarfRlwnLVyQ%3D%3D,1653584820
UNH,How Lyft Healthcare Changed Lanes to Social Determinants of Health Work,"Lyft Healthcare, initially sparked by ""fraudulent"" ride requests for Medicaid's non-emergency medical transportation, has evolved into a dedicated branch of Lyft Inc. focused on addressing social determinants of health. The company streamlines transportation to medical appointments and other vital resources, demonstrating how addressing transport insecurity can significantly improve health outcomes and patient satisfaction. Lyft Healthcare partners with healthcare organizations, payers, and government agencies to integrate ride-sharing solutions and tackle issues like food insecurity and social isolation.",https://www.techtarget.com/patientengagement/answer/How-Lyft-Healthcare-Changed-Lanes-to-Social-Determinants-of-Health-Work,1653999859
UNH,Vizient Announces Patty Olsen as Chief People Officer,"Vizient, Inc. has announced the appointment of Patty Olsen as its new chief people officer. She will be responsible for leading the design and implementation of the company's talent strategy to support continued growth and enhance performance improvement services for member healthcare organizations. Olsen previously served as chief human resources officer at Huron and brings extensive leadership experience in employee development and talent strategies.",https://www.businesswire.com/news/home/20220531005095/en/Vizient-Announces-Patty-Olsen-as-Chief-People-Officer,1654016772
UNH,Pfizer to exit GSK consumer health joint venture after spinoff,"Pfizer plans to sell its 32% stake in the consumer health joint venture with GlaxoSmithKline after it spins off into a new standalone corporation called Haleon. GSK will contribute at least 80% of its 68% holding to Haleon, which is set to begin trading on the London Stock Exchange on July 18. Both companies aim to focus on vaccines and new medicine development, with Pfizer exiting in a ""disciplined manner"" to maximize shareholder value.",https://www.biopharmadive.com/news/pfizer-gsk-consumer-health-exit-stake/624714/,1654106805
UNH,"Healthcare Dealmakers—Advocate Aurora, Atrium's $27B merger; Centene's $2.8B pharmacy sell-offs and more","The article details various healthcare mergers and acquisitions that were active in May, including Advocate Aurora Health and Atrium Health's $27 billion merger plan. It also highlights Centene's sale of two pharmacy subsidiaries for $2.8 billion and other significant deals involving providers, payers, and tech companies. The transactions reflect a trend of industry consolidation to expand businesses and gain competitive advantages.",https://www.fiercehealthcare.com/providers/healthcare-dealmakers-advocate-aurora-atriums-27b-merger-centenes-28b-pharmacy-selloffs,1654157100
UNH,State releases names of vendors in the running for Medicaid IT bids,"Florida's Agency for Health Care Administration (AHCA) is moving forward with an estimated $320 million overhaul of its Medicaid information technology system, named Florida Health Care Connections (FX). The agency has released the names of vendors bidding on two of the three modular IT contracts: the provider service module and the unified operations center module. AHCA aims to finalize these contracts before launching a major Medicaid managed care re-procurement later this year.",https://floridapolitics.com/archives/530890-state-releases-names-of-vendors-in-the-running-for-medicaid-it-bids/,1654685800
UNH,"CareBridge Lands $140M from Oak HC/FT, Group of MCOs to Expand Value-Based HCBS Model","CareBridge, a Nashville-based home- and community-based services (HCBS) provider, announced a $140 million funding round led by Oak HC/FT, with participation from four of the largest Medicaid managed care organizations (MCOs). The funding, which values the company at over $1 billion, will be used to expand CareBridge's value-based care model for Medicaid and dual-eligible patients with physical or intellectual disabilities nationwide, including building the largest HCBS database and expanding services for I/DD patients. CareBridge utilizes technology, 24/7 clinical support, and data aggregation to deliver better outcomes and reduce hospitalizations for its patients.",https://bhbusiness.com/2022/06/08/carebridge-lands-140m-from-oak-hc-ft-group-of-mcos-to-expand-value-based-hcbs-model/,1654685800
UNH,UnitedHealth Group’s Foundation Commits $100 Million To Health Equity And Diverse Workforce,"UnitedHealth Group's philanthropic arm has committed $100 million over the next decade to advance health equity and build a racially and ethnically diverse healthcare workforce. This initiative, the largest philanthropic commitment from the United Health Foundation, will provide scholarships and support to 10,000 underrepresented future clinicians and upskill health professionals. The goal is to address barriers to good health, broaden access to care, and increase primary care providers in underserved communities.",https://www.forbes.com/sites/brucejapsen/2022/06/08/unitedhealth-groups-foundation-commits-100-million-to-health-equity-and-diverse-workforce/,1654689420
UNH,"FTC to investigate CVS Caremark, Humana, other pharmacy benefit managers","The Federal Trade Commission (FTC) has launched an investigation into the business practices of six major pharmacy benefit managers (PBMs), including CVS Caremark, Cigna's Express Scripts, and Humana. The probe aims to examine how PBMs influence drug pricing, patient access to pharmacies, and reimbursement methods, compelling them to provide records within 90 days. The investigation seeks to address concerns over transparency and potential conflicts of interest within the prescription drug supply chain.",https://www.foxbusiness.com/healthcare/ftc-investigation-cvs-caremark-humana-pharmacy-benefit-managers,1654698660
UNH,Battle of toothpaste brands in Nigerian market,"The Nigerian oral care market is a significant battleground for toothpaste brands due to the country's large population. While global oral care markets are growing, local retailers and consumers in Nigeria indicate that economic realities and price points heavily influence consumer choices and brand loyalty, even for widely used brands like Close-Up. This dynamic leads to a diverse market where various brands contend for market share based on formulation, packaging, and marketing strategies.",https://marketingedge.com.ng/battle-of-toothpaste-brands-in-nigerian-market/,1654772181
UNH,3 Excellent Dividend-Stock ETFs,"This article highlights three excellent dividend-stock ETFs: Vanguard Dividend Appreciation ETF (VIG), Schwab U.S. Dividend Equity ETF (SCHD), and Vanguard International High Dividend Yield Index ETF (VYMI). These ETFs are lauded for their low cost, sensible index construction, and backing by investor-friendly firms, catering to different dividend investment strategies. The author provides details on each ETF's methodology, performance, and the types of companies it invests in.",https://www.morningstar.com/funds/3-excellent-dividend-stock-etfs,1654799219
UNH,P&G taps Microsoft for cloud services to boost production efficiency,"Procter & Gamble has partnered with Microsoft to utilize its Azure cloud computing services and predictive analytics to enhance manufacturing efficiency, reduce costs, and improve product delivery. This collaboration aims to leverage digital manufacturing visibility and advanced analytics to optimize production processes for various P&G products globally. The initiative builds on four years of prior cooperation, focusing on better data utilization, automation, digital twins, and sustainability.",https://www.supplychaindive.com/news/proctor-and-gamble-microsoft-cloud-computing-manufacturing-partnership/625300/,1655230011
UNH,"As Anthem Rebrands To Elevance, Healthcare Services To Be Named ‘Carelon’","Anthem is rebranding to Elevance Health, with its healthcare services adopting the new name ""Carelon"" and some government-subsidized health insurance products returning to the ""Wellpoint"" name. This change aims to streamline the company's brand portfolio and reflect its evolution beyond traditional health insurance, focusing on integrated healthcare solutions. The corporate name change and new brand strategy will become official on June 28, with shares trading under the new ticker symbol ELV.",https://www.forbes.com/sites/brucejapsen/2022/06/15/as-anthem-rebrands-to-elevance-healthcare-services-to-be-named-carelon/,1655285400
UNH,2022年GCFF线上投资会议——医疗保健投资 (北美专场),"The 2022 GCFF Online Investment Conference featured a North American session focused on healthcare investments. This free virtual event, held on June 16, 2022, provided individual investors with insights into the latest trends in small-cap healthcare stocks, emerging opportunities in various healthcare sectors, and direct information from company executives. The conference aimed to capitalize on renewed investor interest in healthcare, driven by recent global events.",https://nai500.com/zh-hans/events/gcff-virtual-2022-healthcare-investment/,1655376603
UNH,Probe of PBM Practices,"The Federal Trade Commission (FTC) has launched an inquiry into the practices of pharmacy benefit managers (PBMs) to examine potential anti-competitive behavior and their impact on prescription drug access and affordability. This study comes after growing concerns about PBM transparency, their role in the pharmaceutical supply chain, and whether savings are passed on to consumers. The investigation will cover the six largest PBMs and scrutinize practices such as fees charged to pharmacies, spread pricing, and strategies to direct consumers to PBM-owned pharmacies.",https://www.americanactionforum.org/weekly-checkup/probe-of-pbm-practices/,1655464194
UNH,UnitedHealth Unit to Buy UK Health-Tech Firm EMIS for $1.5 Billion,"A unit of UnitedHealth Group Inc. (Optum) has agreed to acquire UK health-technology firm EMIS Group Plc for approximately $1.51 billion in an all-cash deal. The acquisition values EMIS shares at 1,925 pence each, expanding UnitedHealth's presence in the health-tech sector. This move signals continued consolidation and investment in digital health solutions within the global healthcare market.",https://www.bloomberg.com/news/articles/2022-06-17/unitedhealth-unit-to-acquire-u-k-s-emis-for-1-5-billion,1655478660
UNH,UnitedHealth unit to pick up UK health tech company EMIS for $1.5B,"A UnitedHealth Group unit, Optum, plans to acquire UK health technology company EMIS Group for approximately $1.5 billion (1.24 billion pounds sterling) in an all-cash deal. The acquisition, which offers a 49% premium to EMIS's closing price, aims to enhance healthcare technology solutions for the NHS and improve patient care in the UK. This marks one of UnitedHealth's significant European acquisitions under CEO Andrew Witty, continuing Optum's streak of strategic acquisitions across the globe.",https://www.fiercehealthcare.com/health-tech/unitedhealth-unit-buyout-deal-pick-uk-health-tech-firm-15b,1655627220
UNH,UnitedHealth's Optum buys U.K.-based software company for $1.5 billion,"UnitedHealth's Optum has acquired U.K.-based software company EMIS Group for $1.5 billion. Optum UK has a nearly 20-year history of supporting the NHS through its software, services, and consultancy business. This acquisition strengthens UnitedHealth's presence and capabilities in the UK healthcare technology sector.",https://www.bizjournals.com/twincities/news/2022/06/20/unitedhealth-group-optum-emis-group-15-billion.html,1655751953
UNH,UnitedHealth Group unit paying $1.5 billion for U.K. technology company,"UnitedHealth Group's Optum division is acquiring U.K. health technology firm EMIS Group PLC for $1.5 billion. This acquisition will deepen Optum's existing business with the National Health Service (NHS) in the United Kingdom, where it has been providing software and consulting for nearly 20 years. EMIS, which makes healthcare software and systems, will operate as a standalone unit in Leeds, aiming to enhance technology solutions and improve patient care for the NHS.",https://www.startribune.com/unitedhealth-group-unit-paying-1-5-billion-for-uk-technology-company/600183707,1655752680
UNH,UnitedHealth Rejected by High Court on Medicare Overpayments,"The U.S. Supreme Court has rejected an appeal by UnitedHealth Group Inc., upholding a federal rule allowing the government to recoup billions in Medicare Advantage overpayments. UnitedHealth had argued that this rule would negatively impact the program, potentially leading to reduced coverage or increased premiums for seniors.",https://www.bloomberg.com/news/articles/2022-06-21/unitedhealth-rejected-by-supreme-court-on-medicare-overpayments,1655818380
UNH,U.S. Supreme Court rebuffs UnitedHealth Group challenge on Medicare overpayments,"The U.S. Supreme Court has declined to hear UnitedHealth Group Inc.'s challenge to a government rule requiring private insurers administering Medicare plans to return overpayments based on incorrect diagnoses. This decision upholds a lower court ruling that revived the 2014 rule, which mandates insurers return payments within 60 days if an unsupported diagnosis is found. UnitedHealth had argued the rule treated Medicare Advantage differently from traditional Medicare, violating ""actuarial equivalence.""",https://www.reuters.com/legal/government/us-supreme-court-rebuffs-unitedhealth-group-challenge-medicare-overpayments-2022-06-21/,1655821980
UNH,The Pharmacy Benefit Mafia: The Secret Health Care Monopolies Jacking Up Drug Prices and Abusing Patients and Pharmacists,"This article exposes how Pharmacy Benefit Managers (PBMs) operate as ""health care's ultimate corporate middlemen,"" contributing to rising drug prices and harming both patients and independent pharmacies. It details issues like vertical integration, consolidation, and conflicts of interest within the PBM industry, highlighting how these practices lead to higher costs, limited patient choice, and the closure of independent pharmacies. The article also criticizes past FTC policies that protected PBMs and underscores the importance of the current FTC investigation to rectify these long-standing problems.",https://www.economicliberties.us/our-work/the-pharmacy-benefit-mafia-the-secret-health-care-monopolies-jacking-up-drug-prices-and-abusing-patients-and-pharmacists/,1655895376
UNH,General Mills Avoids Anti-BDS Backlash for Pulling Out of Settlements,"General Mills successfully avoided anti-BDS backlash after selling its Israeli dough-marketing joint venture by attributing the decision to economic reasons rather than political ones. This contrasts sharply with Ben & Jerry's, which faced severe penalties from several states after explicitly citing human rights concerns for divesting from the West Bank. The case highlights how anti-BDS legislation often targets company speech rather than solely their actions, showing that articulating a political stance can have significant repercussions.",https://jewishcurrents.org/general-mills-avoids-anti-bds-backlash-for-pulling-out-of-settlements,1655896027
UNH,LHC Group Shareholders Vote in Favor of UnitedHealth Group Deal,"LHC Group shareholders have overwhelmingly approved a $5.5 billion acquisition by UnitedHealth Group's subsidiary Optum, with the deal expected to close in the second half of the year. The acquisition includes new employment contracts for key LHC Group executives, enhancing their roles and compensation within Optum. This transaction highlights the increasing significance of home-based care and value-based reimbursement models in the healthcare industry.",https://hospicenews.com/2022/06/22/lhc-group-shareholders-vote-in-favor-of-unitedhealth-group-deal/,1655924753
UNH,Minne Inno - Lifespark taps former UnitedHealth exec to lead national expansion,"Lifespark, a St. Louis Park-based senior care company, has appointed Matt Nyquist, formerly a chief product officer at UnitedHealth Group's Optum, as its chief population health officer. Nyquist will lead the company's national market expansion and the development of global risk products. Lifespark CEO Joel Theisen emphasized the critical nature of this role as the company scales beyond Minnesota, aiming to capitalize on the evolving high-volume, low-value market for seniors.",https://www.bizjournals.com/twincities/inno/newsletter/28156539?skip=320,1655984097
UNH,Lifespark taps former UnitedHealth Group executive to lead national expansion,"Lifespark, a senior care company, has appointed Matt Nyquist, a former UnitedHealth Group executive, as its new chief population health officer. Nyquist's role will focus on leading the company's national expansion efforts. He was drawn to Lifespark by its entrepreneurial spirit and its impactful work in the senior care sector.",https://www.bizjournals.com/twincities/inno/stories/news/2022/06/23/lifespark-matt-nyquist-chief-population-health.html,1655984097
UNH,OptumHealth Names AbleTo Vet Trip Hofer CEO of Behavioral Health Solutions,"Trip Hofer, former CEO of AbleTo, has been appointed as the new CEO of OptumHealth's Behavioral Health Solutions. Hofer was previously instrumental in Optum's acquisition of AbleTo and has a long history in healthcare with roles at CVS Health and OptumHealth. His appointment underscores Optum's continuing expansion and investment in the behavioral health sector, following recent acquisitions like Refresh Mental Health and significant growth in behavioral health appointments.",https://bhbusiness.com/2022/06/23/ableto-vet-trip-hofer-is-stepping-into-a-new-role-as-ceo-of-optumhealths-behavioral-health-solutions/,1655984097
UNH,Improving human care with ethical Augmented Intelligence,"Humana is leveraging Augmented Intelligence (AI) to enhance member health outcomes and decision-making within the company. The article highlights the ethical considerations of AI, particularly concerning bias, and outlines Humana's commitment to fairness through initiatives like signing the Equal AI pledge and establishing AI Ethics Operating and Governance Committees. This proactive approach aims to build trust with members and ensure equitable and inclusive care delivery.",https://news.humana.com/news/articles/improving-human-care-with-ethical-augmented-intelligence,1656414594
UNH,"How UnitedHealth, Medtronic, Wells Fargo and others are responding to Roe ruling's impact on employees","Following the Roe v. Wade ruling, many Minnesota employers are evaluating their health coverage policies for abortions and considering whether to provide travel assistance for employees seeking care in other states. Companies like UnitedHealth have reportedly indicated their health plans would cover travel and lodging for employees to access legally unavailable care in their home states. This development highlights the significant decisions businesses face regarding employee benefits and reproductive healthcare access.",https://www.bizjournals.com/twincities/news/2022/06/28/unitedhealth-says-its-studying-roe-ruling.html,1656419400
UNH,Settled medical debt is now dropping off credit reports — here's how to check your record and make sure it's right,"As of July 1, 2022, major credit reporting firms no longer include paid-off medical debt on credit reports, and consumers now have a year before unpaid medical debt appears. Additional changes in 2023 will remove any unpaid debts under $500. These changes are expected to improve credit scores for millions of Americans, and consumers are advised to check their credit reports to ensure accuracy.",https://www.cnbc.com/2022/07/01/settled-medical-debt-is-coming-off-credit-reports-how-to-check-yours.html,1656680940
UNH,Enhabit Home Health & Hospice Completes Spinoff from Encompass Health,"Enhabit Home Health & Hospice (NYSE: EHAB) has successfully completed its spinoff from Encompass Health Corporation (NYSE: EHC) after more than a year and a half of planning. This move establishes Enhabit as an independent company, providing it with enhanced strategic and operational flexibility to pursue growth, including funding de novo locations and M&A activities. The company has also appointed two new board members, Tina Brown-Stevenson and Susan La Monica, as it embarks on this new chapter.",https://homehealthcarenews.com/2022/07/enhabit-home-health-hospice-has-completed-its-spinoff-from-encompass-health/,1656693390
UNH,Sanofi’s Discount Program Lowers Cost of Insulin,"Sanofi has updated its Valyou Savings Program to offer uninsured individuals a 30-day supply of insulin for $35, down from $99, effective July 1. This initiative aims to make insulin more affordable and aligns with growing support for a $35 monthly price cap on insulin. Additionally, Sanofi is partnering with Direct Relief to donate insulin to underserved communities, bridging the gap between diagnosis and treatment.",https://diatribe.org/diabetes-medications/sanofis-discount-program-lowers-cost-insulin,1657017395
UNH,"Healthcare Dealmakers—Oracle closes $28B Cerner acquisition, FTC spoils major hospital transactions and more","This article summarizes significant healthcare mergers and acquisitions in June 2022, highlighting Oracle's $28 billion acquisition of Cerner and several hospital merger cancellations due to FTC pushback. It details various deals across provider, payer, and tech sectors, including ChristianaCare's purchase of Jennersville Hospital and UnitedHealth Group's pending acquisition of LHC Group facing regulatory scrutiny. The report emphasizes ongoing consolidation and the influence of regulatory bodies in the healthcare industry.",https://www.fiercehealthcare.com/health-tech/healthcare-dealmakers-oracle-closes-28b-cerner-acquisition-ftc-plays-spoiler-hospitals,1657108500
UNH,더블 딥 우려 확산 금리 인상의 끝,"이 기사는 2022년 7월 첫째 주를 기준으로, 경기 침체 징후가 부각되면서 '더블 딥' 우려가 확산되고 있는 미국 경제 상황을 분석합니다. 금리 인상 사이클의 고점에 접근하며, 인플레이션과 경기 침체 가능성 속에서 투자 전략으로 가치주 중심의 ETF인 VTV를 소개하고, 장기적으로는 성장주 투자가 유리하지만, 단기적으로는 VTV의 가격 방어력이 우수하다고 설명합니다.",https://dentalnews.or.kr/mobile/article.html?no=34306,1657190621
UNH,UnitedHealth accused of underpaying for telehealth,"UnitedHealth Group Inc is facing a proposed class action lawsuit alleging systematic underpayment for telehealth services since the early part of the COVID-19 pandemic. The lawsuit, filed by a Chicago woman, claims UnitedHealth continued to reimburse at older, lower rates despite increased Medicare rates for telehealth services matching in-person care. This alleged underpayment is argued to be a violation of UnitedHealth's fiduciary duty under ERISA.",https://www.reuters.com/legal/litigation/unitedhealth-accused-underpaying-telehealth-2022-07-07/,1657236360
UNH,Optum forms joint venture with healthcare media group,"Optum has announced a joint venture with a healthcare media group. The article briefly mentions this development, along with other healthcare news such as CMS finalizing a Medicare pay hike and Dexcom's revenue performance.",http://www.modernhealthcare.com/marketing/optum-forms-joint-venture-healthcare-media-group/,1657573260
UNH,These Healthcare Companies Made This Year's Fortune 500 List,"The 2022 Fortune 500 list includes dozens of healthcare corporations, with four healthcare businesses among the top 10 largest U.S. corporations overall. The article highlights top companies in various healthcare sectors such as insurance, medical facilities, pharmacy services, pharmaceutical companies, and healthcare wholesalers, detailing their 2021 revenues and rankings. Many companies, including COVID-19 vaccine manufacturer Moderna, saw significant revenue increases, reflecting the industry's lucrative nature.",https://www.medpagetoday.com/special-reports/features/99680,1657646831
UNH,Natera Selected for UnitedHealthcare's Preferred Laboratory Network,"Natera, Inc. announced its selection to UnitedHealthcare's Preferred Laboratory Network (PLN), effective July 1, 2022. This inclusion signifies Natera's commitment to meeting UnitedHealthcare's high standards for laboratory care, focusing on access, cost, data, quality, and service. As part of the PLN, Natera will continue to provide UnitedHealthcare plan members with personalized genetic testing and diagnostics in oncology, women's health, and organ health.",https://www.prnewswire.com/news-releases/natera-selected-for-unitedhealthcares-preferred-laboratory-network-301586370.html,1657794430
UNH,"In acquisition, Atrius rejected the biggest names in Massachusetts health care. Here’s what it all means.","Atrius Health, a major independent physician group in Massachusetts, faced significant financial challenges, including a $33.4 million operating loss in fiscal 2021 and projected further losses, prompting it to seek acquisition. Despite bids from prominent local and national healthcare entities like Mass General Brigham and Blue Cross Blue Shield of Massachusetts, Atrius ultimately chose Optum, the provider arm of UnitedHealth Group. This acquisition, approved by the Attorney General, is seen by experts as a microcosm of market consolidation, raising concerns about potential increases in healthcare spending without clear improvements in quality for Massachusetts.",https://www.bostonglobe.com/2022/07/14/metro/acquisition-atrius-rejected-biggest-names-massachusetts-health-care-heres-what-it-all-means/,1657795311
UNH,"Unitedhealth Group, Inc. Announces Rise In Q2 Income","Unitedhealth Group, Inc. (UNH) announced a rise in its second-quarter income, with earnings increasing to $5.07 billion, or $5.34 per share, compared to $4.27 billion, or $4.46 per share, in the same period last year. Adjusted earnings were $5.29 billion, or $5.57 per share. The company also reported a 12.6% increase in revenue, reaching $80.33 billion for the quarter.",https://www.rttnews.com/amp/3296782/unitedhealth-group-inc-announces-rise-in-q2-income.aspx,1657864920
UNH,UnitedHealth Group raises outlook as quarterly profit again tops $5 billion,"UnitedHealth Group announced its second-quarter profit exceeded $5 billion on revenue of $80.33 billion, marking a significant 19% increase over the previous year. The company also raised its financial outlook for the year for the second time, driven by strong growth in its Optum division and lower-than-expected medical costs. This performance echoes its first-quarter results, where profits also topped $5 billion.",https://www.startribune.com/unitedhealth-group-quarterly-profit-again-tops-5-billion/600190415,1657884060
UNH,경기 방어주로 부각…증시 침체에도 '탄탄',"글로벌 증시 침체 우려 속에서도 헬스케어 상장지수펀드(ETF)가 경기 방어주로 부각되며 반등하고 있다. 대표적인 미국 헬스케어 ETF인 XLV는 최근 1개월간 주가가 상승했으며, 장기적으로도 안정적인 수익률을 보여주고 있다. 금융투자 업계는 헬스케어 업종의 M&A 모멘텀이 하반기에도 시장 수익률을 넘어설 것으로 전망하고 있다.",https://www.sedaily.com/NewsView/268J5VSD1D,1657902000
UNH,"UnitedHealth Group says Medicare Advantage saves money, but the data say otherwise","UnitedHealth Group executives claim that Medicare Advantage saves the federal government money, but data from the Medicare Payment Advisory Commission (MedPAC) contradict this. According to MedPAC, federal payments to Medicare Advantage plans have consistently been higher than traditional Medicare payments since 2018, and even higher in previous years, indicating that the program does not a generate savings as claimed.",https://www.statnews.com/2022/07/18/unitedhealth-medicare-advantage-data-says-otherwise/,1658140911
UNH,UnitedHealth Group raked in billions during Q2—but it’s not immune to the effects of inflation,"UnitedHealth Group reported a significant profit of $10.1 billion and revenues of $160.5 billion in the first half of 2022, a notable increase from the previous year. Optum, UHG's health services arm, was a major driver of this growth, expanding its care delivery business through several key acquisitions. However, UHG acknowledges that inflation and economic downturns will likely impact future costs for customers and providers, primarily in 2023.",https://www.emarketer.com/content/unitedhealth-group-raked-billions-during-q2-but-it-s-not-immune-effects-of-inflation,1658140911
UNH,"HCA Healthcare, Cigna chiefs top the lists of best-paid CEOs among providers, insurers","The article highlights that CEOs of major health insurers and providers continue to receive some of the largest compensation packages in the industry, despite ongoing payment disputes between their companies. In 2021, median CEO pay among 11 insurers and benefits companies reached $30 million, the highest of any sector, driven by rising stock prices.",https://www.statnews.com/2022/07/18/hca-cigna-best-paid-ceos-providers-health-insurance/,1658163391
UNH,"Study: Seniors prefer in-home care, but most are unaware of options available","A new survey by Cross Country Workforce Solutions Group reveals that 70% of individuals aged 50 or older prefer in-home care, yet only 9% are actively investigating their options, and 34% haven't considered their future healthcare needs at all. The study highlights a significant gap between seniors' preference for aging in place and their lack of awareness regarding available in-home care programs and financial planning. This indicates a need for expanding in-home care capabilities and better educating the aging population on their choices.",https://medcitynews.com/2022/07/study-seniors-prefer-in-home-care-but-most-are-unaware-of-options-available/,1658397570
UNH,7 Best Dental Insurance Plans,"This article reviews the 7 best dental insurance plans for 2022, highlighting their strengths for specific needs like major work, braces, or affordable coverage. It provides detailed comparison tables including sample premiums, maximum annual benefits, and coverage options for each recommended insurer. The guide also explains how dental insurance works, types of plans, associated costs, and tips for choosing the right provider.",https://www.sfgate.com/shopping/article/7-Best-Dental-Insurance-Plans-17320727.php,1658398516
UNH,Amazon is buying One Medical for $3.49 billion in latest move to dominate healthcare industry,"Amazon announced its acquisition of primary-care company One Medical for $3.49 billion, marking its latest significant move into the healthcare market. One Medical operates 182 medical offices across 25 U.S. markets, offering subscribers access to physicians and digital health services. This acquisition follows Amazon's previous ventures into healthcare, including an online pharmacy and a primary-care clinic for employees, signaling a continued effort to reinvent healthcare experiences.",https://fortune.com/2022/07/21/amazon-one-medical-firm-3-49-billion-healthcare-industry/,1658402640
UNH,"UnitedHealth, Ping An, China Life top list of world’s largest insurers","UnitedHealth Group Incorporated maintained its position as the world's largest insurance company in 2020 based on net premium written (NPW), followed by Ping An Insurance and China Life Insurance Company. The article also details the top insurers ranked by non-banking assets, with Allianz SE leading this category for the second consecutive year.",https://www.reinsurancene.ws/unitedhealth-ping-an-china-life-top-list-of-worlds-largest-insurers/,1658430354
UNH,Shares of HCA Healthcare Rise on Earnings Report,"HCA Healthcare Inc. reported second-quarter earnings that surpassed analyst expectations, leading to a significant rise in its stock price. Despite the quarterly earnings beat, the company's shares are down year-to-date and over the last 52 weeks. For investors seeking diversified healthcare exposure beyond market-cap weighted ETFs, the Invesco S&P 500 Equal Weight Health Care ETF (RYH) offers an alternative with equal weighting for all holdings.",https://etfdb.com/portfolio-strategies-content-hub/shares-of-hca-healthcare-rise-on-earnings-report/,1658733139
UNH,Mogul CEO Tiffany Pham Named to SIA’s Prestigious 40 Under 40 List,"Tiffany Pham, Founder, CEO, and Chairman of the Board at Mogul, Inc., has been recognized on Staffing Industry Analysts' (SIA) 2022 ""40 Under 40 List."" Mogul, founded in 2014, has grown to become a leading resource for diverse executives, connecting 494 million individuals globally. The company offers a diversity-focused recruitment system with patent-pending filters to combat biases in traditional talent acquisition and aims to further impact gender and racial inequality, particularly at the board level.",https://www.citybiz.co/article/298221/mogul-ceo-tiffany-pham-named-to-sias-prestigious-40-under-40-list/,1658744086
UNH,White House says more money needed to develop additional COVID-19 vaccines,"The White House indicates that additional funding is likely required to develop and launch its fall COVID-19 vaccination campaign, particularly for new variant-adapted vaccines. While HHS stated that a recent 105 million dose order from Pfizer would be funded through reallocated funds, COVID-19 Response Coordinator Ashish Jha suggested more money from Congress would be needed. The Biden administration's request for $22.5 million for coronavirus efforts remains stalled in Congress.",https://thenationaldesk.com/news/americas-news-now/white-house-says-more-money-needed-to-develop-additional-covid-19-vaccines-coronavirus-ashish-jha,1658831069
UNH,CRISPR may not always be safe: Study finds gene editing can damage genome and in extreme cases cause cancer,"A study by scientists at Tel Aviv University warns that while the CRISPR gene-editing method is effective, it is not always safe, as rearranging DNA can compromise genomic stability and potentially trigger cancer. The researchers explain that DNA breaks, even those naturally occurring, can lead to chromosomal disruptions seen in cancer cells, suggesting that intentional DNA cleavage in CRISPR therapeutics could, in extreme cases, promote malignancies. They recommend extra caution, alternative methods, and further research into solutions like reducing damaged cells or identifying and removing them before administration.",https://geneticliteracyproject.org/2022/07/27/crispr-may-not-always-be-safe-study-finds-gene-editing-can-damage-genome-and-in-extreme-cases-cause-cancer/,1658916144
UNH,"[글로벌ETF64회] 월배당 받는 커버드콜 ETF, JEPI ETF 매력은?","This article discusses the appeal of JEPI ETF, a covered call ETF that offers monthly dividends, especially in a volatile market. It explains that JEPI invests 80-90% in large-cap US stocks and the rest in S&P 500-based ELNs, focusing on undervalued, low-volatility blue-chip stocks. The article highlights JEPI's stability due to consistent monthly dividends, making it an attractive option during periods of stock market volatility.",https://www.infostockdaily.co.kr/news/articleView.html?idxno=177137,1658917112
UNH,One Stock Superinvestors Are Selling,"This article identifies UnitedHealth Group Inc (UNH) as a stock that prominent superinvestors have been selling or reducing positions in, according to their latest 13F filings. Despite the stock being up 26% in the past twelve months, investors such as David Polen, Boykin Curry, and John Armitage significantly reduced their holdings. The report highlights UnitedHealth Group's status as a major private health insurer and healthcare services provider through its Optum franchises.",https://acquirersmultiple.com/2022/07/one-stock-superinvestors-are-selling-101/,1658918511
UNH,Trudy Busch Valentine Says She'll 'Stand up' to Insurers. She Also Invests in Them.,"Trudy Busch Valentine, a Democratic US Senate candidate in Missouri, has pledged to ""stand up"" to health insurers while simultaneously holding significant investments in major health insurance companies like Humana, UnitedHealth Group, and CVS Health. Her campaign states that her stocks are managed by investment managers with ""complete discretion"" and that she has committed to placing her investments in a blind trust if elected. Valentine favors a ""public option"" healthcare plan over ""Medicare for All"" and has pledged to co-sponsor a ban on stock trading for lawmakers and their immediate families.",https://www.businessinsider.com/trudy-busch-valentine-missouri-health-insurance-stock-2022-7,1658943673
UNH,"Optum, Sanofi team to make low-cost insulin available to uninsured","Optum and Sanofi are partnering to provide low-cost insulin to uninsured individuals with diabetes, offering a 30-day supply for $35 through Optum Store. This initiative follows UnitedHealthcare's move to eliminate cost-sharing on certain drugs, including insulin, for its fully insured group plans. The collaboration aims to improve access and affordability of life-saving medication for those in need.",https://www.fiercehealthcare.com/payers/optum-sanofi-team-make-low-cost-insulin-available-uninsured,1659424200
UNH,5 Ways Seniors Can Protect Themselves From Health Care Scams,"This article highlights five ways seniors can protect themselves from rampant healthcare scams, which cost U.S. seniors over $1.5 billion last year. Tips include verifying caller identities, guarding Medicare ID cards, carefully checking insurance statements, being cautious online, and looking out for fake medication scams. The overarching advice is to remain alert and protect personal information to avoid becoming a victim.",https://newsroom.cigna.com/5-Ways-Seniors-Can-Protect-Themselves-From-Health-Care-Scams,1659603525
UNH,Cigna Subsidiary Evernorth’s Behavioral Health Network Doubled in Size Over Past 5 Years,"Cigna's health services segment, Evernorth, has significantly expanded its behavioral health network, doubling its size over the past five years in response to increased demand. The company is investing in digital platforms like the Confide Behavioral Health Navigator to improve access to care and is further integrating behavioral and physical health services. Despite higher spending in this sector, Cigna views this investment positively as it addresses critical patient needs.",https://bhbusiness.com/2022/08/05/cigna-corp-s-nyse-ci-health-services-segment-evernorth-continues-to-make-behavioral-health-a-top-priority-after-seeing-unprecedented-levels-of-need-in-recent-years/,1659689925
UNH,EMIS Group shareholders approve £1.24bn takeover,"Shareholders of EMIS Group have approved a £1.24 billion all-cash takeover deal by Optum Health Solutions UK Ltd, a subsidiary of UnitedHealth Group Inc. The Leeds-based NHS software provider will be acquired for 1,925 pence per share, representing a significant premium. EMIS CEO Andy Thorburn believes the combination with UnitedHealth Group's resources will better enable them to support the NHS and clinicians through technology innovations.",https://businesscloud.co.uk/news/emis-group-shareholders-approve-1-24bn-takeover/,1660038247
UNH,"HCA Healthcare, J&J explore better outcomes, nurse training, early cancer detection in new partnership","HCA Healthcare and Johnson & Johnson have partnered to improve patient outcomes and address workforce issues in healthcare. The collaboration will focus on three key areas: early-stage lung cancer detection among Black patients, incorporating J&J's nursing resources into HCA facilities and building nurse education programs, and conducting cardiovascular health research. This partnership aims to advance health equity and enhance patient care.",https://www.fiercehealthcare.com/providers/hca-healthcare-jj-exploring-better-outcomes-nurse-training-early-cancer-detection-new,1660072320
UNH,"Employees Credit Comprehensive Insurance Plans With Safeguarding Health, Financial Security","A new AHIP survey reveals that Americans with employer-sponsored health insurance highly value plans that cover both behavioral and physical health needs, with a significant increase in the importance placed on mental health benefits. The study also highlights increasing satisfaction with employer-provided health insurance, driven by affordability, comprehensive coverage, and choice of providers. Additionally, health insurance plays a crucial role in employee recruitment and retention, with a majority of respondents indicating it impacts their job decisions.",https://newsroom.cigna.com/Employees-Credit-Insurance-With-Safeguarding-Health-Finances,1660148550
UNH,ScriptDrop and Roadie Work Together to Improve & Scale Medication Access,"ScriptDrop, a healthcare technology company, and Roadie, a UPS company, have significantly expanded medication access across all 50 states through their partnership. The collaboration, which began in 2020, has enabled same-day and urgent prescription delivery, helping to address social determinants of health like pharmacy deserts. Their annual report highlights the importance of this partnership in improving long-term health outcomes by ensuring patients receive their medications regularly.",https://www.newswire.com/news/scriptdrop-and-roadie-work-together-to-improve-scale-medication-access-21790948,1660207719
UNH,UnitedHealthcare expands ownership stake and rebrands Bind Benefits,"UnitedHealthcare has increased its majority ownership stake in Bind Benefits and rebranded the company as Surest. Surest offers a unique health plan structure based on copays rather than deductibles and is expanding its ""fully insured"" option to more states, including Minnesota. This move aims to provide patients with upfront cost information and incentivize access to more efficient care providers.",https://www.startribune.com/unitedhealthcare-expands-ownership-stake-and-rebrands-bind-benefits/600197486,1660227240
UNH,UnitedHealthcare’s Surest Offers a New Approach to Health Insurance,"UnitedHealthcare's Surest health plans, formerly Bind, are offering a new approach to health benefits with no deductibles and upfront pricing information. These plans aim to improve member satisfaction and lower healthcare costs for employers by up to 15% while reducing out-of-pocket expenses for members by up to 44%. Surest is expanding its offerings nationwide to employers and to fully insured customers in several states.",https://www.unitedhealthgroup.com/newsroom/2022/2022-08-11-bind-is-now-surest.html,1660244752
UNH,A CLOSER LOOK: The Mid Year Earnings of 7 Big For-Profit Insurance Companies,"This article examines the mid-year earnings of seven major for-profit health insurance companies, revealing significant profits ($43.8 billion) and substantial revenue ($620.6 billion), much of which comes from taxpayers. It highlights the growing control these insurers have over the Medicare Advantage and Medicaid markets, along with the increasing financial power of their Pharmacy Benefit Managers (PBMs). The analysis also details how these companies' profits and enrollment in government programs have surged, while a large percentage of American adults remain underinsured due to high out-of-pocket costs.",https://healthcareuncovered.substack.com/p/a-closer-look-the-mid-year-earnings,1660640325
UNH,UnitedHealth Group buys Medicare insurer in Texas,"UnitedHealth Group has acquired KS Plan Administrators, a Houston-based Medicare insurer, as disclosed in a recent regulatory filing. This acquisition is part of a larger transaction earlier this year where UnitedHealth Group acquired Kelsey-Seybold, a large medical group in Houston, for an estimated $2 billion. KS Plan Administrators covers approximately 41,000 Medicare beneficiaries and generated about $147 million in premium revenue in Texas during the first quarter.",https://www.startribune.com/unitedhealth-group-buys-medicare-insurer-in-texas/600198713,1660657080
UNH,UnitedHealthcare continues investment in local nonprofits,"UnitedHealthcare is continuing its investment in San Antonio nonprofits. The company previously announced a $500 million investment, with new grants supporting organizations like the San Antonio Food Bank and Brighter Bites to address social determinants of health through programs like a produce delivery service.",https://www.bizjournals.com/sanantonio/news/2022/08/16/united-healthcare-nonprofit.html,1660676755
UNH,"Productivity tracking at Allina Health, UnitedHealth Group questioned in New York Times investigation","A New York Times investigation has raised questions about productivity tracking practices at Allina Health and UnitedHealth Group, highlighting the increased adoption of digital employee monitoring tools by white-collar employers, particularly during the pandemic. The article by Kelly Busche briefly touches on this trend and lists related articles concerning employee productivity and employer rankings.",https://www.bizjournals.com/twincities/news/2022/08/17/new-york-times-allina-health-unitedhealth-group.html,1660763154
UNH,"Payers have largely shrugged off the industry's financial struggles, but those challenges could catch up to them: Moody's","A Moody's report indicates that while health payers have largely been unaffected by the economic challenges facing providers, inflation and slowing economic growth could eventually impact them. These challenges include potential drops in employer-sponsored coverage enrollment due to job losses and negative impacts on insurer investments. Despite these risks, Moody's suggests that health plans are better positioned now than in 2008 due to increased diversification and a lower reliance on commercial coverage.",https://www.fiercehealthcare.com/payers/payers-have-largely-shrugged-industrys-financial-struggles-those-challenges-could-catch-them,1660838700
UNH,Amazon’s Signify Health Interest Another Indicator Of At-Home Care Capabilities Buildout,"Amazon is reportedly interested in acquiring Signify Health, a value-based care platform with significant home-based care capabilities, just a month after purchasing One Medical. This move signals Amazon's continued expansion into the healthcare sector, particularly strengthening its at-home care offerings. The acquisition could position Amazon to better appeal to payers by leveraging Signify's in-home assessments and integration with the healthcare ecosystem.",https://homehealthcarenews.com/2022/08/amazon-throws-its-hat-in-the-ring-on-potential-signify-health-acquisition/,1661158878
UNH,Rising Regulatory Scrutiny of RAF Scores,"The article discusses the increasing regulatory scrutiny surrounding Risk Adjustment Factor (RAF) scores, which are used by CMS to estimate the health status and associated costs of Medicare Advantage (MA) beneficiaries and Accountable Care Organization (ACO) members. It highlights the importance of accurate documentation and processes to ensure correct RAF scores, especially in light of rising MA enrollment and healthcare costs. The piece also details various aspects of RAF score calculation, OIG audit activities, and best practices for compliance, including the role of in-home care delivery.",https://www.fticonsulting.com/insights/articles/rising-regulatory-scrutiny-raf-scores,1661159227
UNH,"CVS, Amazon, UnitedHealth are among bidders for Signify, Bloomberg reports","CVS Health, Amazon, and UnitedHealth Group are among the companies bidding to acquire home health firm Signify Health, according to Bloomberg News. UnitedHealth has reportedly submitted the highest offer at $30 per share, with Amazon close behind. The potential acquisition aligns with a trend of companies like CVS and Amazon expanding their healthcare services, though antitrust concerns remain a factor in such deals.",https://www.healthcaredive.com/news/cvs-amazon-unitedhealth-signify-health-bidders-bloomberg-acquisition/630166/,1661160479
UNH,"Signify Health shares jump as Amazon, UnitedHealth reportedly among bidders for takeover deal","Signify Health's shares surged after reports indicated Amazon and UnitedHealth Group are among the bidders for the home health technology and services provider in a deal potentially exceeding $8 billion. This comes as Signify focuses on its home and community services segment and other major players like CVS, Walgreens, and Walmart intensify their efforts in the healthcare market. A potential acquisition by Amazon would mark its second major healthcare deal in 2022, while for UnitedHealth, it aligns with its vertical integration strategy.",https://www.fiercehealthcare.com/health-tech/signify-health-shares-jump-amazon-unitedhealth-reportedly-eye-takeover-deal,1661170620
UNH,BCBS of Vermont sues Teva Pharmaceuticals over marketing for its MS drug Copaxone,"Blue Cross and Blue Shield of Vermont and the Vermont Health Plan have filed a lawsuit against Teva Pharmaceuticals, alleging that the company used deceptive marketing tactics for its multiple sclerosis drug, Copaxone. The suit claims Teva offered coupons to prevent patients from switching to cheaper generic alternatives and pressured doctors to prescribe Copaxone exclusively, leading to inflated costs for payers. Teva reportedly generated $34 billion from Copaxone between 2002 and 2019, while prices significantly increased over the years.",https://www.fiercehealthcare.com/payers/teva-accused-using-illegal-tactics-sell-ms-drug,1661325900
UNH,UnitedHealth CFO Added to Lawsuit Over 401(k) Offerings,"UnitedHealth Group Inc.'s CFO, John Rex, has been added to an amended class-action lawsuit. The suit alleges that Rex prioritized business interests over the performance of the company's 401(k) plan, which included low-performing target-date funds managed by Wells Fargo & Co. This alleged action is claimed to have harmed plan participants.",https://www.wsj.com/articles/unitedhealth-cfo-added-to-lawsuit-over-401-k-offerings-11661378881?gaa_at=eafs&gaa_n=AWEtsqcX6eY7s6zoY3ZkR-0qvztJNoDZheaWb66URsnHmSMuXgcYdGyITRII&gaa_ts=6907aed1&gaa_sig=Vh1sSeSQ5biyp0P_7MF-EKa7JzdDXoPe4TicyqcPnR4QY_qPYYvsuM8Q-w9UzmfsioNdcFePdgcGUm_DvlT3WQ%3D%3D,1661367953
UNH,"More Skilled Nursing Providers Fill Care Gaps with Palliative, Hospice Services","In response to care gaps highlighted by the pandemic, more skilled nursing facility operators are expanding their services to include palliative and hospice care. Companies like National Healthcare Corp. and Marquis Health Consulting Services are either acquiring hospice agencies or building out chronic illness support programs that incorporate these services. This expansion not only aims to improve continuity of care but also offers a potential financial incentive, as hospice care can yield higher Medicare margins compared to traditional skilled nursing services.",https://skillednursingnews.com/2022/08/more-skilled-nursing-providers-fill-care-gaps-with-palliative-hospice-services/,1661419521
UNH,"Amazon mothballing virtual health care service after admitting, ‘It is not a complete enough offering’","Amazon is discontinuing its telehealth service, Amazon Care, by December 31, 2022, citing that it is ""not a complete enough offering"" for large enterprise customers. This decision comes despite the company's broader expansion into healthcare through acquisitions like PillPack and One Medical, and marks a potential setback for the telehealth industry as demand has reportedly declined. However, Amazon's other healthcare initiatives remain unaffected.",https://fortune.com/2022/08/25/amazon-healthcare-service-amazon-care-will-shut-down/,1661420228
UNH,UnitedHealth CFO named in amended class action,"UnitedHealth Group Inc.'s CFO John Rex has been named as an individual defendant in an amended class-action lawsuit. The lawsuit alleges Rex and other executive leadership kept a poorly performing Wells Fargo fund as the default investment for employees' retirement plans, potentially compromising their fiduciary duty under ERISA. UnitedHealth denies the claims, stating that investment decisions were made in the best interests of plan participants.",https://www.cfodive.com/news/united-health-group-cfo-john-rex-involved-class-action-lawsuit/630526/,1661454354
UNH,UnitedHealth CFO is added to class-action lawsuit over 401(k) plan,"UnitedHealth Group Inc.'s CFO, John Rex, has been added to a 2021 class-action lawsuit concerning the company's 401(k) plans. This amendment implicates a key financial officer in the ongoing legal challenge against the healthcare giant.",https://www.bizjournals.com/twincities/news/2022/08/25/class-action-unitedhealth-401k-cfo.html,1661454355
UNH,Virtual Care Enables Real Connections Between Patients and Providers,"This article discusses how virtual care is fostering stronger doctor-patient relationships, moving beyond episodic care to longitudinal, whole-person health. Dr. Vontrelle Roundtree, MDLIVE’s interim chief medical officer, highlights the benefits of virtual primary and preventive care, emphasizing its role in improving access, managing chronic conditions, and enabling comprehensive wellness screenings. The piece illustrates how virtual care can address longstanding barriers to healthcare and will integrate with in-person care for better outcomes.",https://newsroom.cigna.com/virtual-care-enables-connections-between-patients-providers,1661504325
UNH,"Molina, Elevance, Centene win big with Medicaid contracts in California","California has awarded lucrative five-year Medicaid managed care contracts to Elevance, Molina, and Centene, effective 2024. These contracts are part of California's first competitive procurement for such services within its large Medi-Cal program, aiming to increase accountability for quality care, link payments to outcomes, and require reinvestment of profits in community infrastructure. While the three major health plans secured significant wins, some, like Centene, lost contracts in key counties and are considering appeals, leading to potential member transitions.",https://www.healthcaredive.com/news/molina-elevance-centene-california-medicaid-medi-cal-contracts/630577/,1661504695
UNH,UnitedHealth Group Inc. stock outperforms market despite losses on the day,"UnitedHealth Group Inc. (UNH) shares fell 2.27% to $529.25 on Friday, underperforming the broader market which saw the S&P 500 Index and Dow Jones Industrial Average decline significantly. Despite the loss, the stock's performance on the day was better than the overall market decline. The company's stock closed $24.04 below its 52-week high.",https://www.marketwatch.com/story/unitedhealth-group-inc-stock-outperforms-market-despite-losses-on-the-day-01661545919-ff775f37da9e?gaa_at=eafs&gaa_n=AWEtsqcKx9YcEMjHsco8K8NsCt8WpnvKobfnxTha91iyT_B4lRW9RZBhm5qv&gaa_ts=699ad368&gaa_sig=YeW0XPQWyGHZrp7AGztflzwxbHYO0ra9oCM4QufVT5WIfelaCKoSEcjMblW50tSmI8z4aWEUUChEYuLmqZkylw%3D%3D,1661531460
UNH,Scientists question Moderna invention claim in COVID-19 vaccine dispute,"Moderna is engaged in a patent dispute with Pfizer and BioNTech over their COVID-19 mRNA vaccines, accusing them of infringing on its patented inventions. However, scientists Drew Weissman and Katalin Karikó claim a key invention cited by Moderna, the 1-methylpseudouridine modification, was patented by them years earlier. This legal battle arises as both companies anticipate new markets for updated vaccine formulations and increased profits.",https://www.science.org/content/article/scientists-question-moderna-invention-claim-covid-19-vaccine-dispute,1661778600
UNH,Top 3 Social Determinants of Health Barriers Among Seniors,"A study sponsored by Alignment Healthcare identified economic instability, loneliness, and food insecurity as the top three social determinants of health barriers affecting seniors. Economic instability, particularly medical debt, was a widespread issue, with many prioritizing other responsibilities over health. Loneliness impacts a significant number of seniors, and food insecurity, especially the desire for grocery allowances, was a major concern for accessing care.",https://www.techtarget.com/healthcarepayers/news/366603630/Top-3-Social-Determinants-of-Health-Barriers-Among-Seniors,1661935812
UNH,"UnitedHealthcare Selects Behavioral Health Startups Mood Health, YourPath to Join Its Health Care Accelerator","UnitedHealthcare has chosen digital mental health company Mood Health and substance use disorder-focused startup YourPath for its four-month health care accelerator program. These two mental health startups are among ten selected to participate, gaining access to mentors, funding, and UnitedHealthcare's clinical expertise. The initiative aims to develop solutions for pressing health care challenges, particularly in the increasingly competitive behavioral health landscape.",https://bhbusiness.com/2022/08/31/unitedhealthcare-has-selected-two-mental-health-startups-as-part-of-its-health-care-accelerator/,1661939047
UNH,Connected Pharmacy MedMinder Raises $35M for Polypharmacy & Senior Patients,"MedMinder, a connected pharmacy care provider for polypharmacy and senior patients, has secured an additional $35 million in funding through a credit facility with SWK Holdings Corporation and an investment from existing partner Accelmed Partners. This funding will enable MedMinder to expand its services nationally, increase capacity, and develop innovative virtual care and technological capabilities to support patients aging at home. The company's unique pill dispenser and integrated pharmacy services aim to improve medication adherence and reduce healthcare costs for its target demographic.",https://hitconsultant.net/2022/08/31/connected-pharmacy-medminder-funding/,1661971599
UNH,Iowa selects Molina Healthcare to be its third Medicaid managed care organization,"Iowa has chosen Molina Healthcare of Iowa to become its third Medicaid managed care organization (MCO), joining Iowa Total Care and Amerigroup Iowa in early 2023. This selection aims to evenly distribute Medicaid members among three insurance companies, focusing on Molina's expertise in government programs and long-term care support. The move comes after the state has operated with only two MCOs since late 2017 when AmeriHealth Caritas departed.",https://www.iowapublicradio.org/health/2022-08-31/iowa-selects-molina-healthcare-to-be-its-third-medicaid-managed-care-organization,1661983740
UNH,Sepsis Awareness Month: HCA Healthcare expert shares his sepsis survival story,"Dr. Jeffrey Guy, HCA Healthcare's Vice President of Care Process Design, shares his personal sepsis survival story to highlight the importance of sepsis awareness. The article explains what sepsis is, who is at risk, and how HCA Healthcare uses its Sepsis Prediction and Optimization of Therapy (SPOT) system to detect and treat sepsis early. Dr. Guy emphasizes prevention through vaccinations, managing chronic illnesses, good hygiene, knowing the warning signs, and seeking early medical care.",https://hcahealthcaretoday.com/2022/09/01/sepsis-awareness-month-hca-healthcare-expert-shares-his-sepsis-survival-story/,1662020007
UNH,Alderman ‘disappointed’ with developer’s decision to turn down grocer,"Alderman Chris Taliaferro (29th Ward) expressed ""disappointment"" with Novak Construction's decision to reject Jewel-Osco as an anchor tenant for the former Sears site at North and Harlem in Galewood, opting instead for a healthcare company. The community had previously requested a grocery store for the long-vacant site. Taliaferro plans to organize a follow-up community meeting for residents to hear directly from Novak officials regarding their revised development plans.",https://www.austinweeklynews.com/2022/09/02/alderman-disappointed-with-developers-decision-to-turn-down-grocer/,1662107916
UNH,Optum Acquires Houston-Based Physician Group for $2 Billion,"Optum, the healthcare services division of UnitedHealth Group, is reportedly acquiring Kelsey-Seybold, a Houston-based physician group, for approximately $2 billion. This acquisition further expands Optum's already vast network of physicians, which made up over 5% of all U.S. physicians as of March 2021 and has since grown to 60,000. The move is central to UnitedHealth's strategy for growth, aiming to increase healthcare services and revenue, with Kelsey-Seybold already planning significant expansions to its facilities and services.",https://www.medpagetoday.com/special-reports/exclusives/100531,1662145555
UNH,CVS takes lead in talks to acquire Signify Health: report,"CVS Health Corp. has reportedly taken the lead in talks to acquire home healthcare company Signify Health Inc., with a bid of around $8 billion. This move aligns with CVS's strategy to expand its in-home health services, an area also eyed by competitors like Amazon.com and UnitedHealth Group. A deal could be announced next week, valuing Signify at over $30 per share.",https://www.foxbusiness.com/markets/cvs-takes-lead-talks-acquire-signify-health-report,1662263460
UNH,CVS to buy Signify Health for nearly $8 billion,"CVS Health Corp. has agreed to acquire home-health and technology services provider Signify Health Inc. for approximately $8 billion, priced at $30.50 per share. This acquisition aims to expand CVS's reach beyond its retail origins and strengthen its health-care services strategy, particularly in value-based care. The deal is expected to close in the first half of 2023, enhancing CVS's connection to consumers at home and helping providers address patient needs more effectively.",https://www.ocregister.com/2022/09/05/cvs-to-buy-signify-health-for-nearly-8-billion/,1662364943
UNH,CVS Health to acquire Signify Health for $8B,"CVS Health announced its plan to acquire home health care company Signify Health for approximately $8 billion. The deal involves CVS acquiring Signify for $30.50 per share in cash, intending to enhance its connection to consumers in their homes and expand product offerings. The acquisition, which faced competition from industry giants like Amazon and UnitedHealth, is expected to be accretive to CVS's earnings and close in the first half of 2023.",https://www.foxbusiness.com/markets/cvs-health-acquire-signify-health,1662459420
UNH,CVS to buy Dallas-based Signify Health in an $8B deal,"CVS Health Corp. has agreed to acquire Dallas-based Signify Health Inc. for $8 billion in a cash deal. Signify Health, a technology-enabled home health services provider, will play a critical role in advancing CVS's health care services strategy and growth in value-based care. The acquisition is expected to enhance CVS's connection to consumers at home and expand new product offerings.",https://www.wfaa.com/article/news/health/cvs-buying-signify-dallas-health-8-billion/287-43bd79fc-ef35-46ce-94e1-25be2d693ddb,1662477720
UNH,"Beating Other Bidders, CVS Health Inks Deal To Acquire Dallas’ Signify Health in $8B Deal","CVS Health is acquiring Dallas-based Signify Health for approximately $8 billion, beating out other bidders like Amazon. This acquisition will expand CVS's footprint in the value-based care market and enhance its connection to consumers in their homes through Signify's tech-enabled home health services. Signify Health CEO Kyle Armbrester will continue to lead the company's 600-person team as part of CVS Health.",https://dallasinnovates.com/beating-other-bidders-cvs-health-inks-deal-to-acquire-dallas-signify-health-in-8b-deal/,1662481658
UNH,The majority of big insurers' health plan revenues are subsidized by American taxpayers,"This article reveals that a significant portion of major health insurers' revenues, particularly from Medicare Advantage plans, comes from American taxpayers rather than private-paying customers. It highlights that the federal government's generosity in subsidies has led insurers like UnitedHealth Group, Humana, and others to increasingly focus on government-funded plans. The author argues that these subsidies contribute to high CEO compensation and notes concerns about potential fraud in Medicare Advantage, as well as the substantial ""under-insurance"" of ACA beneficiaries despite subsidies.",https://healthcareuncovered.substack.com/p/the-majority-of-big-insurers-health,1662537595
UNH,Walmart enlists UnitedHealth Group for 10-year value-based care partnership,"Walmart and UnitedHealth Group have entered a 10-year partnership to expand value-based care and launch a new Medicare Advantage plan. The initiative will begin in 2023 in Florida and Georgia, with plans for broader expansion, aiming to reach hundreds of thousands of MA members. UnitedHealth's Optum will provide data analytics and decision support to Walmart Health clinicians, enhancing affordability in healthcare.",https://www.fiercehealthcare.com/payers/walmart-enlists-unitedhealth-group-10-year-value-based-care-partnership,1662554820
UNH,"The Walmart, UnitedHealth Group deal: Another big retail, health care partnership","Walmart and UnitedHealth Group have announced a new partnership, further highlighting the trend of retail giants entering the healthcare sector. This collaboration indicates a continued convergence of retail and health services. The deal aims to expand affordable healthcare options through Walmart's presence and UnitedHealth's expertise.",https://www.benefitspro.com/2022/09/07/another-big-retail-health-care-merger-the-walmart-unitedhealth-group-deal/,1662559140
UNH,"Walmart and UnitedHealth Group Collaborate to Deliver Access to High-Quality, Affordable Health Care","Walmart Inc. and UnitedHealth Group announced a 10-year collaboration to provide high-quality, affordable health care, starting in 2023 with 15 Walmart Health locations in Florida and Georgia. The partnership will leverage Optum's clinical capabilities to advance value-based care for seniors and Medicare beneficiaries, including a co-branded Medicare Advantage plan and virtual care options. The initiative aims to expand access to care for a broader population, including commercial and Medicaid plans, and address social determinants of health.",https://www.businesswire.com/news/home/20220907005323/en/Walmart-and-UnitedHealth-Group-Collaborate-to-Deliver-Access-to-High-Quality-Affordable-Health-Care,1662577553
UNH,"Walmart, UnitedHealth Group Bring Several Behavioral Health Assets to New 10-Year VBC Partnership","Walmart and UnitedHealth Group have announced a 10-year value-based care partnership that will roll out at 15 Walmart Health locations in January 2023, specifically targeting seniors on Medicare Advantage plans. Behavioral health will be a fundamental component, leveraging assets from both companies including Walmart Health's core services and UnitedHealth Group's Optum subsidiary. The collaboration aims to expand access to quality care, improve patient outcomes, and includes a co-branded Medicare Advantage plan and access to virtual care services.",https://bhbusiness.com/2022/09/07/walmart-unitedhealth-group-bring-several-behavioral-health-assets-to-new-10-year-vbc-partnership/,1662577554
UNH,Optum office campus near headquarters listed for lease,"An Optum office campus in Eden Prairie, Minnesota, near the company's headquarters, has been listed for lease. The campus, formerly occupied by ADC Telecommunications Inc., includes two buildings at 13625 and 13675 Technology Drive. Although it is a significant amount of space, the listing does not involve Optum's headquarters.",https://www.bizjournals.com/twincities/news/2022/09/08/optums-eden-prairie-office-campus-listed-for-leas.html,1662626589
UNH,"UnitedHealthcare Vet Ken Burdick Takes the Helm at LifeStance, as Founding CEO Michael Lester Retires","LifeStance Health Group Inc. (Nasdaq: LFST) has appointed Ken Burdick, a UnitedHealthcare veteran, as its new CEO, succeeding founding CEO Michael Lester who retired. Danish Qureshi, the current COO, will also take on the role of president. This leadership change comes as the company continues to focus on expanding access to care and pursuing profitability through strategic initiatives.",https://bhbusiness.com/2022/09/08/unitedhealthcare-vet-ken-burdick-takes-the-helm-at-lifestance-as-founding-ceo-michael-lester-retires/,1662658027
UNH,UnitedHealth Group Announces 10-Year Agreement with Walmart,"UnitedHealth Group and Walmart Inc. have announced a decade-long partnership to improve healthcare outcomes at Walmart clinics, leveraging UnitedHealth's Optum subsidiary for analytics and decision-support tools. The collaboration will start in 2023 across 15 Walmart Health locations in Florida and Georgia, with plans for future expansion and the introduction of a co-branded Medicare Advantage plan in Georgia. This initiative aims to provide high-quality, affordable healthcare options and eventually address social determinants of health and other medical services.",https://tcbmag.com/unitedhealth-group-announces-10-year-agreement-with-walmart/,1662663954
UNH,Morgan Health invests $20M in home diagnostics company LetsGetChecked,"Morgan Health, JPMorgan Chase's healthcare business unit, has invested $20 million in the home diagnostics startup LetsGetChecked as part of its Series D-2 funding round. LetsGetChecked provides at-home tests for various conditions, including sexual health, cholesterol, diabetes, and COVID-19, and has recently expanded into genomics and made several acquisitions. This investment aims to improve timely access to clinical testing and support the company's growth in the competitive home diagnostics market.",https://www.mobihealthnews.com/news/morgan-health-invests-20m-home-diagnostics-company-letsgetchecked,1662727020
UNH,The American Prospect: Another Private Equity–Style Hospital Raid Kills a Busy Urban Hospital,"The article discusses the closure of Atlanta Medical Center (AMC), highlighting it as another instance of a hospital closing down despite community need, similar to patterns seen in private equity-style buyouts. It alleges that the nominally nonprofit owner, Wellstar Foundation, intentionally neglected the hospital to make it unprofitable and extract valuable assets, such as residency programs and trauma center designation, for its more affluent facilities. The author argues that this situation is symptomatic of a larger structural issue in healthcare, where state-sanctioned monopolies and a lack of accountability enable financially driven decisions that undermine patient care.",https://www.economicliberties.us/our-work/the-american-prospect-another-private-equity-style-hospital-raid-kills-a-busy-urban-hospital/,1662972043
UNH,UnitedHealth Group’s Ann Williamson: Protecting privacy through security,"Ann Williamson, Chief Privacy Officer and Deputy General of UnitedHealth Group, discusses the critical link between privacy and security, stemming from her diverse career path in tech and law. She emphasizes that an effective privacy program is impossible without a robust security program and highlights the importance of collaboration between privacy and security teams. Williamson is also passionate about mentoring women in technology, advocating for training successful women from other fields to address cybersecurity staff shortages.",https://www.scworld.com/news/unitedhealth-groups-ann-williamson-protecting-privacy-through-security,1663009555
UNH,From Meditation Apps to Virtual Care: Are You Covering the Full Continuum of Mental Health Care?,"This article emphasizes the critical importance for employers to invest in a full spectrum of mental health care solutions, from meditation apps to crisis intervention, to address ""The Great Resignation"" and employee burnout. It highlights the positive impact of comprehensive mental wellness programs on employee retention, productivity, and overall business growth. The piece also suggests strategies for destigmatizing mental health in the workplace and tailoring support to diverse employee needs.",https://newsroom.cigna.com/continuum-of-mental-health-care,1663055995
UNH,"UnitedHealth Wins Court Approval of Its Change Healthcare Takeover (UNH, CHNG)","UnitedHealth Group Inc. received court approval for its $7.8 billion acquisition of Change Healthcare Inc., overcoming a Department of Justice lawsuit aimed at blocking the deal. This decision allows UnitedHealth to further diversify its business beyond insurance by merging Change Healthcare's network with its Optum Insight data and consulting operations. Shares of Change Healthcare saw a 7% increase in early trading following the news.",https://www.bloomberg.com/news/articles/2022-09-19/unitedhealth-group-wins-court-approval-for-change-healthcare-buy,1663622460
UNH,Costco's Prescription Program Now Offers Discount Pricing for Glucose Monitoring System,"Costco's Member Prescription Program (CMPP) now offers discount pricing for Intuity Medical's POGO Automatic Blood Glucose Monitoring System and POGO Automatic Test Cartridges, aiming to simplify diabetes management for its members. This FDA-cleared system automates blood glucose testing, reducing the financial barrier through CMPP discounts. The program, which is a value-added benefit for Costco members, previously added a migraine treatment device and reflects Costco's broader expansion in health offerings, amidst strong financial performance.",https://progressivegrocer.com/costcos-prescription-program-now-offers-discount-pricing-glucose-monitoring-system,1663660872
UNH,UnitedHealthcare and Peloton to Provide Millions of More People With Access to a Leading Interactive Fitness Platform,"UnitedHealthcare and Peloton have renewed and expanded their partnership, making a yearlong Peloton App Membership or a three-month waiver toward a Peloton All-Access Membership available to up to 10 million UnitedHealthcare commercial members at no additional cost. This expanded collaboration aims to encourage more people to stay active, with current participants completing over 1 million Peloton classes per month. Additionally, eligible UnitedHealthcare members in most states will receive preferred pricing on select Peloton connected fitness products.",https://investor.onepeloton.com/news-releases/news-release-details/unitedhealthcare-and-peloton-provide-millions-more-people-access/,1663765320
UNH,How a Top Fidelity Growth Fund Is Navigating This Market,"Fidelity Growth Discovery FDSVX, co-managed by Jason Weiner and Asher Anolic, has navigated 2022's challenging market for growth stocks better than many peers by focusing on ""growth quality"" rather than simply high-growth potential. The fund emphasizes companies with strong gross margins and predictable earnings growth, incorporating names like Microsoft, Coca-Cola, and UnitedHealth Group, which are not typically associated with aggressive growth funds. This strategy has helped the fund outperform its category over various timeframes despite the overall market downturn.",https://www.morningstar.com/funds/how-top-fidelity-growth-fund-is-navigating-this-market,1663835037
UNH,Scoop: Novo agrees to acquire Pritzker's KabaFusion,"Novo Holdings has reached an agreement to acquire KabaFusion, a home infusion company specializing in intravenous immunoglobulin (IVIG), from Pritzker Private Capital. This acquisition is significant as the home infusion market is highly fragmented, providing an opportunity for KabaFusion to become a major consolidator akin to OptumRx and Option Care Health. The deal positions KabaFusion as a potential starting point for a larger, diversified platform in the industry.",https://www.axios.com/pro/health-tech-deals/2022/09/22/kabafusion-pritzker-novo-ivig-home-infusion,1663835307
UNH,"TPG Capital ready to invest in ClaimsXten, name its CEO if deal closes",TPG Capital is reportedly prepared to invest in ClaimsXten and appoint its CEO if the acquisition from UnitedHealth Group goes through. The article indicates this potential investment within the context of healthcare mergers and acquisitions.,https://www.modernhealthcare.com/mergers-acquisitions/tpg-capital-invest-claimsxten-if-bought-unitedhealth-group/,1663840800
UNH,AGS Health Launches Artificial Intelligence Platform for End-to-End Revenue Cycle Management,"AGS Health, a leading revenue cycle management (RCM) solutions provider, has launched its new AI Platform designed to enhance revenue cycle performance for healthcare systems. The platform integrates AI and automation with expert human support to address labor shortages, reduce denial rates, and improve financial stability. It offers solutions such as revenue cycle automation, computer-assisted coding, and clinical documentation improvement, aiming to free up skilled staff for more complex tasks and optimize financial operations for healthcare organizations.",https://www.accessnewswire.com/newsroom/en/business-and-professional-services/ags-health-launches-artificial-intelligence-platform-for-end-to-e-717415,1664178655
UNH,New technology used for fall Career Fair,"The Fall 2022 Internship & Job Career Fair at Washington University in St. Louis saw record attendance with over 2,200 students and many new employers. The Career Center utilized Handshake, a new technology, to help students prepare and connect with companies, and for companies to personalize their hiring processes. A key takeaway was the emphasis on diversity in skills and backgrounds, with companies encouraging interdisciplinary applicants.",https://www.studlife.com/news/2022/09/26/new-technology-used-for-fall-career-fair,1664180099
UNH,DaVita loses bid to dismiss class 'no-poach' claims,"A Chicago federal judge denied DaVita Inc's bid to dismiss a class-action antitrust lawsuit alleging the company and others conspired to restrain employee compensation and mobility. While DaVita previously won a criminal antitrust case related to employment practices, this civil case, brought by former employees of a company acquired by UnitedHealth, will now proceed to discovery. The judge dismissed claims against UnitedHealth but allowed plaintiffs to refile amended claims.",https://www.reuters.com/legal/litigation/davita-loses-bid-dismiss-class-no-poach-claims-2022-09-27/,1664316660
UNH,Amazon.com unveils device that tracks breath while sleeping,"Amazon has announced a new contactless sleep-tracking gadget called Halo Rise, priced at $139.99, which monitors room conditions and breathing patterns to provide insights into sleep quality. This device, not FDA-approved, is part of Amazon's broader investment in consumer health technology. The company also unveiled updates to its Kindle e-readers and voice-controlled devices.",https://www.reuters.com/technology/amazoncom-launches-kindle-that-users-can-write-2022-09-28/,1664346720
UNH,Report reveals the impact of unintended pregnancies,"A new report by Organon, ""The Impact of Unintended Pregnancy,"" reveals that 40% of all pregnancies in Australia are unintended, costing an astounding $7.2 billion in 2020. The report highlights that this issue is disproportionately higher among First Nations women and socioeconomically disadvantaged individuals, often due to geographic isolation and lack of access to contraception and abortion services. Experts emphasize the need for better access to information and effective contraception, particularly long-acting reversible contraception (LARC), to address this significant public health challenge.",https://www.hospitalhealth.com.au/content/clinical-services/news/report-reveals-the-impact-of-unintended-pregnancies-895863853,1664353680
UNH,Brian M. Anderson – Option Care Health,"This article profiles Brian M. Anderson, Director of Real Estate, Facility Management & Security at Option Care Health, highlighting his role in overseeing the development of a 50,000-square-foot infusion therapy compounding facility in Itasca, Illinois, during the COVID-19 pandemic. It discusses his extensive career in healthcare facilities management, his focus on efficiency and standardization across Option Care Health's numerous facilities, and his passion for the real estate aspect of the healthcare industry. The piece also touches on his commitment to teamwork, vendor relationships, and community involvement.",https://www.bpcmag.com/case-studies/brian-m-anderson-option-care-health/,1664387806
UNH,Evernorth’s Birthday Wish: Better Health for All,"Evernorth, a Cigna Corporation organization, celebrates its second anniversary, reflecting on its achievements in making healthcare better through its key capabilities like Pharmacy+, Benefits Management+, Care+, and Intelligence+. Leaders across the organization highlight milestones such as expanding behavioral health networks, improving access and affordability, and developing innovative care solutions. The company reaffirms its commitment to transforming healthcare by focusing on integrated, data-driven approaches and leveraging its talent and expertise.",https://newsroom.thecignagroup.com/evernorth-second-anniversary-better-health-for-all,1664468549
UNH,Centene Agrees to Pay Massachusetts $14 Million Over Medicaid Prescription Claims,"Centene Corp. has agreed to pay Massachusetts $14.2 million to settle allegations that it overbilled the state's Medicaid program for pharmacy services. This settlement is part of a larger trend, with Centene having settled similar claims with several other states for a total exceeding $489 million. The company, which is the nation's largest Medicaid managed-care insurer, denies wrongdoing but aims to resolve concerns.",https://kffhealthnews.org/news/article/centene-massachusetts-medicaid-drug-settlement/,1664468792
UNH,UnitedHealth closes roughly $8B deal for Change Healthcare,"UnitedHealth Group has finalized its approximately $8 billion acquisition of Change Healthcare, two weeks after a federal judge dismissed a challenge from regulators. The technology company will be integrated into UnitedHealth's Optum segment, aiming to streamline administrative and payment processes for healthcare providers. This deal was initially opposed by the U.S. Department of Justice due to concerns about data monopolization, but a judge ultimately ruled in favor of UnitedHealth, noting the company's incentives to protect customer data.",https://apnews.com/article/technology-health-business-minnesota-us-department-of-justice-55f01b05097e6e57716d6263275a5e3d,1664783177
UNH,UnitedHealth Group’s Optum Closes $13 Billion Change Healthcare Deal,"UnitedHealth Group's Optum unit completed its $13 billion acquisition of Change Healthcare after fending off a U.S. Justice Department challenge. The deal aims to integrate Change Healthcare into OptumInsight, bolstering efforts to improve health outcomes, population health, and streamline healthcare processes. This acquisition is seen as a significant move by UnitedHealth to expand its presence on the medical care provider side of the healthcare system.",https://www.forbes.com/sites/brucejapsen/2022/10/03/unitedhealth-closes-optums-13-billion-change-healthcare-deal/,1664793360
UNH,UnitedHealth closes acquisition of Change Healthcare,"UnitedHealth Group has successfully closed its acquisition of Change Healthcare following a federal court win against the Department of Justice's antitrust challenge. The deal aims to simplify and adapt the healthcare system for payers, providers, and patients by connecting core clinical, administrative, and payment processes, promising lower costs and a better experience for all stakeholders. The acquisition moved forward after a judge ruled that the DOJ failed to provide sufficient evidence that the merger would harm competition, provided Change's ClaimsXten business was divested.",https://www.fiercehealthcare.com/payers/unitedhealth-closes-acquisition-change-healthcare,1664799060
UNH,UnitedHealth Group completes $13 billion deal to acquire Change Healthcare,"UnitedHealth Group has successfully completed its $13 billion acquisition of Change Healthcare after a federal judge ruled against the Justice Department's attempt to block the merger. The court determined the government failed to prove the acquisition would harm competition, citing UnitedHealth's strong incentives to protect sensitive information and preserve its multi-payer business model. Change Healthcare, a health care data firm, will now operate as part of UnitedHealth's Optum division.",https://www.startribune.com/unitedhealth-group-completes-13-billion-deal-to-acquire-change-healthcare/600212558,1664815920
UNH,The Home-Focused Benefits Of 6 Medicare Advantage Organizations for 2023,"This article details the home-focused benefits offered by six Medicare Advantage (MA) organizations for 2023, as the annual enrollment period approaches. Companies like Cigna, Humana, UnitedHealth Group, Aetna, and Blue Shield of California are expanding their in-home care services, companionship programs, and other support to address chronic conditions and social determinants of health. These offerings leverage increased flexibility in MA plans to provide primarily health-related and Special Supplemental Benefits for the Chronically Ill (SSBCI) services.",https://homehealthcarenews.com/2022/10/what-six-medicare-advantage-organizations-are-offering-seniors-at-home-in-2023/,1664816771
UNH,Anthem must face U.S. government lawsuit alleging Medicare Advantage fraud,"A federal judge has ruled that Anthem Inc. must face a U.S. government lawsuit accusing it of fraudulently collecting tens of millions of dollars in Medicare overpayments. The lawsuit alleges that Anthem submitted inaccurate diagnosis data for its Medicare Advantage plans, with the total alleged overpayment exceeding $100 million. This decision comes as part of ongoing Justice Department efforts against companies involved in Medicare Advantage overbilling.",https://www.reuters.com/legal/anthem-must-face-us-government-lawsuit-alleging-medicare-advantage-fraud-2022-10-03/,1664818560
UNH,Done deal: UnitedHealth completes $13B Change Healthcare buy,"UnitedHealth Group has completed its $13 billion acquisition of Change Healthcare, after successfully defeating the Department of Justice's attempt to block the deal in federal court. The DOJ has not indicated it will appeal the decision, marking a significant setback for the agency in its antitrust efforts. Change Healthcare's stock trading has been suspended, and UnitedHealth previously agreed to divest ClaimsXten to address antitrust concerns.",https://www.healthcaredive.com/news/unitedhealth-completes-13b-change-healthcare-buy-doj/633154/,1664823952
UNH,UnitedHealth Group’s Optum completes $8B merger with Change Healthcare,"UnitedHealth Group's Optum has finalized its nearly $8 billion merger with Change Healthcare, bringing an end to a controversial transaction initially announced in 2021. The deal was allowed to proceed after a federal judge ruled against the Department of Justice's antitrust concerns, requiring UnitedHealth Group to divest its ClaimsXen business. This merger is part of a larger trend of acquisitions by UnitedHealth Group amidst increasing scrutiny of consolidation in the healthcare industry.",https://healthexec.com/topics/healthcare-management/mergers-and-acquisitions/unitedhealth-group-optum-8b-merger-change,1664823953
UNH,CVS Health selling benefits technology provider bswift to Francisco Partners,"CVS Health is selling its benefits technology provider bswift to Francisco Partners, a global investment firm specializing in technology businesses. While financial terms were not disclosed, bswift will continue its partnership with CVS Health and Aetna. This divestiture comes as CVS Health also engages in acquisitions, such as the recent $8 billion deal for Signify Health.",https://www.healthcarefinancenews.com/news/cvs-health-selling-benefits-technology-provider-bswift-francisco-partners,1665141660
UNH,TPG Capital closes $2.2B acquisition of claims-editing business ClaimsXten,"TPG Capital has finalized its $2.2 billion acquisition of ClaimsXten, the claims-editing business from Change Healthcare, following UnitedHealth Group's acquisition of Change Healthcare. The sale of ClaimsXten was a condition for securing federal approval for the UnitedHealth Group-Change Healthcare merger. TPG Capital plans to significantly increase ClaimsXten's R&D budget to accelerate its growth.",https://www.fiercehealthcare.com/health-tech/tpg-capital-closes-22b-acquisition-claims-editing-business-claimsxten,1665154800
UNH,‘The Cash Monster Was Insatiable’: How Insurers Exploited Medicare for Billions (Published 2022),"Major health insurers offering Medicare Advantage plans have been accused of widespread fraud, exploiting the program to inflate profits by billions. They allegedly urged doctors to add additional illnesses to patient records, even offering incentives, leading to diagnoses of serious diseases that might not have existed and allowing insurers to collect more money from the federal government. These practices have prompted numerous lawsuits, inspector general audits, and investigations by watchdogs.",https://www.nytimes.com/2022/10/08/upshot/medicare-advantage-fraud-allegations.html,1665246150
UNH,"Walmart to compete with Walgreens, CVS in recruiting clinical trial subjects","Walmart announced its entry into clinical trial recruitment through its new service, Walmart Healthcare Research Institute, directly competing with Walgreens and CVS Health Group. The initiative aims to leverage Walmart's diverse customer base across its clinics and pharmacies to help drug companies find participants for clinical trials, addressing a common challenge in medical research. This move is part of Walmart's broader strategy to expand into high-margin businesses like healthcare, following similar ventures by its rivals.",https://www.reuters.com/business/healthcare-pharmaceuticals/walmart-compete-with-walgreens-cvs-recruiting-clinical-trial-subjects-2022-10-11/,1665512160
UNH,Johnson & Johnson or UnitedHealth: Which Stock Is More Recession Proof?,"This article compares Johnson & Johnson (JNJ) and UnitedHealth Group (UNH) to determine which stock is more recession-proof. It highlights JNJ's historical performance during the Great Recession, its diversified inelastic spending, and its status as a Dividend King. UnitedHealth's increased focus on Medicare customers and managed healthcare is also discussed, though J&J is ultimately deemed the safer choice due to its stability and generous dividend.",https://www.fool.com/investing/2022/10/12/johnson-johnson-or-unitedhealth-group-which-stock/,1665568380
UNH,"Getting to Know the Humana Inc. Leaders, Founders, and Executives","This article introduces the key leaders and executives of Humana Inc., a prominent health insurance provider. It details their roles, responsibilities, and significant contributions to the company and the healthcare industry. The article also provides background information on Humana's founding, headquarters, services, and the industries it serves.",https://www.govconwire.com/articles/getting-to-know-the-humana-inc-leaders-founders-and-executives,1665680770
UNH,Press Release: GEHA and the Baltimore Ravens Launch Purple Ticket to Health,"GEHA, Novo Nordisk, and the Baltimore Ravens have launched the ""Purple Ticket to Health"" program to encourage Ravens fans to adopt healthier lifestyles. Participants can complete an online health questionnaire to learn about preventative health practices and enter to win exclusive prizes. The initiative aims to raise awareness about medical conditions like obesity and diabetes and make health resources accessible to the community.",https://www.baltimoreravens.com/news/press-release-geha-and-the-baltimore-ravens-launch-purple-ticket-to-health,1665742980
UNH,UnitedHealth Group's quarterly profit soars to $5.26B,"UnitedHealth Group reported a soaring third-quarter profit of $5.26 billion, beating analyst estimates and prompting raised financial guidance for the year. The company is actively expanding in the individual health insurance market and signaled a continued focus on mergers and acquisitions. Operating profit grew significantly in its UnitedHealthcare and Optum divisions, driven by increased membership and strategic management.",https://www.startribune.com/unitedhealth-groups-quarterly-profit-soars-to-5-26b/600215700,1665753300
UNH,"New initiative to prevent, treat and beat stroke focuses on health equity, heart-brain connection","The American Heart Association, in conjunction with HCA Healthcare and the HCA Healthcare Foundation, launched the ""Getting to the Heart of Stroke™"" initiative with $15 million in funding. This program aims to prevent, treat, and beat stroke by focusing on health equity, the heart-brain connection, and educating both healthcare professionals and the public. It will target 15 local markets across the U.S. to improve outcomes and address disparities, particularly for populations at higher risk.",https://hcahealthcaretoday.com/2022/10/17/new-initiative-to-prevent-treat-and-beat-stroke-focuses-on-health-equity-heart-brain-connection/,1666025790
UNH,"Follow the Money: Medical Device Firm Orthofix Merges to Form Nearly $700M Revenue Business, Stealthy Men's Health Startup Looks to Raise $2M, Dallas SPAC Targets $200M IPO, and More","This article details various financial activities in North Texas, including Orthofix's merger to create a nearly $700M revenue medical device business and Mavenir's $155M funding round. It also covers a stealthy men's health startup, Mango Rx, seeking to raise $2M, and a Dallas SPAC targeting a $200M IPO, alongside other investments and acquisitions across different sectors. The report highlights significant investments in technology, healthcare, real estate, and sustainability.",https://dallasinnovates.com/follow-the-money-medical-device-firm-orthofix-merges-to-form-nearly-700m-revenue-business-stealthy-mens-health-startup-looks-to-raise-2m-dallas-spac-targets-200m-ipo-and-more/,1666029393
UNH,UnitedHealth Group puts Minnetonka office space up for sublease,UnitedHealth Group is looking to sublease office space at 12700 Whitewater Drive in Minnetonka. This marks the third large office property associated with UnitedHealth Group or its subsidiaries to become available on the leasing market recently. The specific article is a brief update on this development.,https://www.bizjournals.com/twincities/news/2022/10/18/unitedhealth-group-seeking-minnetonka-subleasor.html,1666079177
UNH,Benefits Open Enrollment is Nov. 1-15,"King County employees have new benefit options available during Open Enrollment from November 1-15. Changes for 2023 include a new Cigna Dental HMO plan, the opportunity to increase supplemental life insurance up to 6x salary, and a fourth network option (Virginia Mason Franciscan Health) for the KingCare Select medical plan. Employees are encouraged to review these changes and attend benefit fairs or online information sessions to learn more.",https://kcemployees.com/2022/10/20/benefits-open-enrollment-is-nov-1-15/,1666249466
UNH,"Elevance says it’s now the largest US insurer, beating out UnitedHealthcare. Analysts say it’s not that simple.","Elevance Health claims it has surpassed UnitedHealthcare to become the largest insurer in the U.S. based on medical membership, a position it has held for the past six quarters. However, analysts dispute this claim, arguing that Elevance's method of counting BlueCard members leads to ""double counting."" While Elevance reports 47.2 million members including BlueCard, and UnitedHealthcare 45.9 million, excluding BlueCard members would place Elevance as the second-largest insurer, highlighting differing interpretations of ""largest.""",https://www.healthcaredive.com/news/elevance-health-us-largest-insurer-unitedhealthcare/634501/,1666336208
UNH,"Helena Haynes-Carter: Notable Executives in Diversity, Equity and Inclusion 2022","Helena Haynes-Carter, executive vice president and chief diversity, equity and inclusion officer at KeyCorp, is recognized for her extensive experience in fostering diversity and inclusion. She leads enterprise-wide DEI programs at Key, including commitments to increase representation of people of color in senior leadership and significant investments in diverse communities. Haynes-Carter previously orchestrated a $14 million COVID-19 response at UnitedHealth Group and serves on the board of National INROADS.",https://www.crainscleveland.com/awards/helena-haynes-carter-notable-executives-diversity-equity-and-inclusion-2022,1666632371
UNH,Battle Breast Cancer With Simplify’s PINK,"The article highlights Simplify Health Care ETF (PINK) as a fund that supports breast cancer research. Simplify donates 100% of the profits from the PINK ETF to the Susan G. Komen Foundation, with the strategy managed pro-bono by Michael Taylor. The ETF has performed well, outperforming its category average and the S&P 500 over the past month.",https://www.etftrends.com/exchange-an-etf-experience/battle-breast-cancer-with-simplifys-pink/,1667214064
UNH,"AccentCare, LHC Group, VITAS Execs: Care Continuum Sprawl Central to Hospice’s Growth","Executives from AccentCare, LHC Group, and VITAS Healthcare emphasize that expanding across the care continuum is crucial for sustainable growth in the hospice industry. The article highlights how these major players are leveraging de novos, mergers, and acquisitions to broaden their service offerings and meet the rising demand from an aging population. It details each company's specific strategies, including LHC Group's focus on co-locating hospice services with home health, AccentCare's integration with serious illness care providers, and VITAS Healthcare's historical emphasis on de novo growth and deeper market penetration.",https://hospicenews.com/2022/10/31/accentcare-lhc-group-vitas-execs-care-continuum-sprawl-central-to-hospices-growth/,1667233344
UNH,"Preferred Pharmacy Networks in 2023’s Medicare Part D Plans: Cigna, CVS Health, Humana, UnitedHealthcare, WellCare, and More","This article analyzes the prevalence of preferred pharmacy networks in 2023 Medicare Part D plans, highlighting their continued dominance with 98% of stand-alone plans and 52% of Medicare Advantage plans utilizing them. It details offerings from major companies like Cigna, CVS Health, Humana, UnitedHealthcare, and WellCare, noting that all major national stand-alone PDPs will feature preferred networks. The article also discusses a trend where Preferred Provider Organization (PPO) MA-PD plans are decreasing their use of preferred networks to offer more flexible pharmacy choices and attract seniors.",https://www.drugchannels.net/2022/11/preferred-pharmacy-networks-in-2023s.html,1667282857
UNH,Popular Dry Shampoos Found to Have Cancer-CausinTg Chemical,"An independent study by Valisure found that 70% of 148 batches from 34 brands of spray-on dry shampoo contained high levels of benzene, a known carcinogen. Brands like Not Your Mother's, Batiste, Sun Bum, and John Paul Mitchell Systems were identified, some with significantly higher benzene levels than previously found in other personal-care products. Valisure has filed a petition with the FDA requesting a recall of these products, highlighting concerns about the complexity of the supply chain and the regulation of cosmetics.",https://time.com/6227492/dry-shampoo-benzene-cancer/,1667387220
UNH,CVS execs promise a 'seamless' transition for Centene members when PBM contract ends,"CVS Health executives addressed Centene's decision to move its pharmacy benefit management contract to Express Scripts, a deal valued at $35 billion covering 20 million members starting in 2024. CVS CEO Karen Lynch stated that Caremark made a competitive bid and will ensure a seamless transition for Centene members. Meanwhile, Centene's CEO Sarah London anticipates significant savings from the new partnership with Express Scripts, which helped Centene exceed third-quarter profit and revenue predictions.",https://www.fiercehealthcare.com/payers/centene-posts-738m-profit-q3-medicare-medicaid-overperform,1667400000
UNH,"CVS looks to 2023 after opioids settlement, Medicare rating decline","CVS Health Corp forecasted a 2023 profit below Wall Street estimates due to a Medicare plan rating decline and announced a $5 billion opioid settlement. The company plans to mitigate the Medicare impact by shifting members to other plans and is considering selling its Omnicare long-term care business. Despite these challenges, CVS is confident in achieving its 2024 earnings target through share repurchases and potential acquisitions.",https://www.reuters.com/business/healthcare-pharmaceuticals/cvs-health-raises-annual-profit-forecast-2022-11-02/,1667413500
UNH,"AARP-Branded Medicare Drug Plan Is Too Costly for Many Retirees, Critics Say","The AARP-branded MedicareRx Preferred plan, insured by UnitedHealth Group Inc., is criticized for its high premiums, which are the highest among all national stand-alone Medicare drug plans. Despite covering a higher percentage of drugs and having no deductible, experts suggest that its price has become too high for many retirees, prompting them to consider switching to less expensive alternatives. The plan currently has 1.74 million members, representing a 9% market share in stand-alone Part D coverage.",https://www.wsj.com/articles/aarp-medicare-drug-plan-costly-11667513131?gaa_at=eafs&gaa_n=AWEtsqd4bgb8Dl9aUf_M2LYerjH2xOCjexD0fAYCv8fkFX7x7GLQHKtLrXNp&gaa_ts=699aaa6f&gaa_sig=4LEcF42SC_FZw5TYauDT6efW_EX-eH83NkfeRJPa2Ymj4Xt22zrgp4wAHfyPhRIO3ZpmyPJo62r2IdNpj6q2og%3D%3D,1667566800
UNH,"Recent Acquisitions by Humana, UnitedHealth Group and CVS Health/Aetna","This article details recent acquisitions of home health companies by major Medicare Advantage (MA) providers Humana, UnitedHealth Group, and CVS Health/Aetna. These acquisitions, including Kindred at Home, LHC Group, and Signify Health, highlight the growing focus on in-home care delivery as demographics age and chronic disease prevalence increases. The article also discusses how these acquisitions aim to improve patient outcomes, reduce costs, and optimize risk-adjusted factors for the acquiring companies.",https://www.fticonsulting.com/insights/articles/recent-acquisitions-humana-unitedhealth-group-cvs-health-aetna,1667581570
UNH,WellMed Medical Management faces defamation lawsuit from San Antonio company,"WellMed Medical Management is being sued for defamation and business disparagement by San Antonio’s CareMore Clinic Solutions. CareMore and its principal, Rolando “Henry” Sanchez, allege that WellMed employees falsely accused Sanchez of ""steering"" patients, which is a federal crime. The lawsuit seeks damages between $250,000 and $1 million, claiming the accusations harmed Sanchez's professional reputation.",https://www.expressnews.com/business/article/WellMed-Medical-Management-defamation-lawsuit-17565009.php,1667834700
UNH,Medicare Advantage insurers face high marketing stakes,Medicare Advantage insurers are significantly increasing their marketing efforts. The article highlights the high stakes involved in these intensified marketing activities. It also touches upon related legal actions concerning anti-competitive tactics in healthcare and AI partnerships for prior authorization.,http://www.modernhealthcare.com/insurance/medicare-advantage-insurers-marketing-competition/,1667880000
UNH,Prop. 29: Californians reject measure to alter dialysis clinic rules,"For the third time in as many elections, California voters rejected Proposition 29, a ballot measure aimed at mandating significant changes to the operations of dialysis clinics. The proposition, which failed with nearly 70% of voters saying ""no,"" would have required a doctor, nurse practitioner, or physician's assistant to be present during treatments at the state's 600 outpatient dialysis facilities. Opponents argued the financial burden could lead to clinic closures and reduced patient access, while supporters contended it was crucial for patient safety and better care.",https://www.kcra.com/article/california-november-election-2022-proposition-29/41759226,1667887943
UNH,"WPP and SeeHer Release ‘Health On Her Terms’ -- New Research Reveals Significant Gaps and Continued Gender Bias in Marketing, Advertising and Media Portraying Women and their Health","WPP and SeeHer released new research titled 'Health On Her Terms,' revealing significant gaps and continued gender bias in how women's health is portrayed in marketing, advertising, and media. The study highlights that nearly half of women feel media avoids women's health issues, and there's a strong desire for more diverse and authentic representation across reproductive health, weight, and mental health. The research urges brands to break down taboos and adopt a ""Marketer’s Hippocratic Oath to Women"" to drive real change and better health outcomes.",https://www.wpp.com/en/news/2022/11/wpp-and-seeher-release-health-on-her-terms,1668063121
UNH,"Aveanna’s Home Health, Hospice Business Takes Punches During First Year as Publicly Traded Company","Aveanna Healthcare Holdings, Inc.'s home health and hospice segments experienced disappointing growth in Q3, their first year as a publicly traded company, despite overall revenue increases. The company attributes these struggles to operational headwinds, including new system implementations and labor challenges, but anticipates a rebound in Q4 and 2023 driven by acquisitions and favorable demographics. Executives also expect improved profitability and cash collections as they address these issues and align with new operating systems.",https://hospicenews.com/2022/11/10/aveannas-home-health-hospice-business-takes-punches-during-first-year-as-publicly-traded-company/,1668096696
UNH,Report Finds “Code of Silence” at Mental Health Facility Where Staff Abused and Neglected Patients,"A new report from a watchdog office within the Illinois Department of Human Services reveals a ""code of silence"" among staff at Choate Mental Health and Developmental Center, where employees allegedly covered up a brutal assault on a patient. This report echoes earlier investigative journalism by ProPublica and other news organizations, highlighting a pervasive culture of abuse and neglect. The OIG report recommends stricter consequences for staff who impede investigations, including the use of security cameras, and calls for legislative action to strengthen laws governing conduct standards for direct-care workers.",https://www.propublica.org/article/illinois-choate-abuse-code-of-silence,1668148073
UNH,UnitedHealth Group's CCO Jennifer Smoter insists on measurement to hold comms accountable,"Jennifer Smoter, CCO of UnitedHealth Group, emphasizes the importance of measurement to hold communications accountable and directly align comms strategy with business goals. She has worked to ensure comms functions are responsible for the success of the business, focusing on demonstrating impact beyond traditional metrics and improving employee engagement through innovative channels like AI-powered intranets. Smoter also highlights UHG's efforts in addressing health equity and promoting value-based care.",https://www.mmm-online.com/home/channel/unitedhealth-groups-cco-jennifer-smoter-insists-on-measurement-to-hold-comms-accountable/,1668150000
UNH,Grassroots organization holds impromptu protest in lobby of Elevance headquarters,"A progressive grassroots organization called People's Action staged an impromptu protest at the headquarters of Elevance Health, formerly BlueCross BlueShield. The protest was triggered by unanswered demands regarding insurance claim denials, with organizers seeking transparency on how denials disproportionately affect certain demographics. One individual reported being physical struck by a security guard during the protest, while another shared a personal experience of a latent claim denial from Anthem.",https://www.wrtv.com/news/working-for-you/grassroots-organization-holds-impromptu-protest-in-lobby-of-elevance-headquarters,1668406430
UNH,Amazon Starts Virtual Health Referral Service Linking Patients to Doctors,"Amazon.com Inc. has launched ""Amazon Clinic,"" a new virtual health referral service designed to connect patients with healthcare providers for various conditions, including acne, hair loss, and allergies. This initiative marks Amazon's continued expansion into the healthcare sector, complementing its existing online pharmacy and its acquisition of One Medical. The service aims to streamline access to virtual medical consultations.",https://www.bloomberg.com/news/articles/2022-11-15/amazon-starts-virtual-health-service-for-common-ailments,1668492034
UNH,At-Home Care Provider DispatchHealth Raises Over $330 Million In Latest Funding Round,"DispatchHealth, an in-home medical company, has secured over $330 million in its latest funding round, bringing its total funding to more than $700 million since 2013. The equity raise was led by Optum Ventures with support from existing and new investors, while the debt raise was led by Silicon Valley Bank and K2 HealthVentures. The company plans to use the funds to expand its high-acuity in-home care ecosystem across more than 50 markets and further develop its proprietary Last Mile Health Care Technology Platform.",https://homehealthcarenews.com/2022/11/at-home-care-provider-dispatchhealth-raises-over-330-million-in-latest-funding-round/,1668493337
UNH,Risky Business: The Build-Versus-Buy Crossroads for Mental Health Companies,"As economic conditions shift, mental health companies are evaluating whether to pursue acquisitions or prioritize organic growth through de novo expansion. Some larger providers, like LifeStance Health, are now focusing on organic growth, as smaller ""tuck-in"" acquisitions can be time-consuming, risky, and may not meet expectations. Industry experts suggest that de novos could be more cost-effective and faster, potentially leading to less demand and multiple compression for smaller behavioral health acquisitions.",https://bhbusiness.com/2022/11/15/risky-business-the-build-versus-buy-crossroads-for-mental-health-companies/,1668493680
UNH,UnitedHealthcare to Help Millions of AARP Members Save on Hearing Aids,"UnitedHealthcare and AARP have partnered to launch AARP® Hearing Solutions™ provided by UnitedHealthcare Hearing, aiming to make hearing aids more affordable and accessible for millions of AARP members. This new program offers prescription and over-the-counter (OTC) hearing aids at significantly reduced prices, starting as low as $699 per device, along with professional support, no-cost hearing tests, and virtual care options. The initiative addresses historical barriers of high costs and lack of access, offering financial savings and comprehensive support for individuals with hearing loss.",https://www.unitedhealthgroup.com/newsroom/2022/2022-11-15-uhc-help-aarp-members-save-on-hearing-aids.html,1668539153
UNH,A Judge Let UnitedHealth Make a Deal That Gives It Key Data From Insurance Rivals,"A federal judge permitted UnitedHealth Group to acquire Change Healthcare, a company that processes a significant portion of U.S. medical insurance claims. This acquisition grants UnitedHealth access to a vast amount of claims data from rival insurers, despite internal company documents suggesting potential antitrust concerns and evidence presented by the Justice Department. The article highlights UnitedHealth's history of questionable practices and the difficulty of blocking vertical mergers in antitrust law.",https://www.propublica.org/article/united-healthcare-change-acquisition-claims-records,1668596400
UNH,Spotlight on Recent Federal Regulatory Actions Open for Public Comment,"This article highlights two key federal regulatory actions by CMS that are open for public comment: a proposed rule to streamline Medicaid and CHIP eligibility processes and a Request for Information (RFI) regarding the creation of a National Directory of Health Providers and Services. The Medicaid rule aims to reduce coverage disruptions and procedural hurdles, impacting states, payers, and providers. The RFI seeks input on standardizing provider directory data to improve accuracy and reduce burdens.",https://www.fticonsulting.com/insights/articles/spotlight-recent-federal-regulatory-actions-open-public-comment,1668752137
UNH,Video: Cigna CEO David Cordani Says Now is the Time To Reassess the Blueprint for Employee Well-Being,"Cigna CEO David Cordani discusses the importance of employee well-being and the Evernorth Vitality Index with Fortune editor Ruth Umoh. The index provides insights into individual and workforce vitality, helping employers create healthy and engaged workforces, especially in light of increased mental health challenges post-pandemic. Cordani emphasizes the need for companies to reassess their approach to employee well-being to improve overall vitality and quality of life.",https://newsroom.thecignagroup.com/vitality-washpo-david-cordani,1668788549
UNH,Hidden audits reveal millions in overcharges by Medicare Advantage plans,"Newly released federal audits have uncovered widespread overcharges and errors in payments to Medicare Advantage health plans, revealing some plans overbilled the government by over $1,000 per patient annually. Obtained through a Freedom of Information Act lawsuit, the audits from 2011-2013 identified $12 million in net overpayments, with potential total recoupments estimated at $650 million. Critics argue the Centers for Medicare & Medicaid Services (CMS) has been slow to hold insurers accountable, while insurers express concerns about the audit process itself.",https://www.npr.org/sections/health-shots/2022/11/21/1137500875/audit-medicare-advantage-overcharged-medicare,1669006860
UNH,3 reasons a major health insurer just made a $2.7 billion bet on a Walgreens-backed effort to upend healthcare,"Cigna is investing $2.7 billion in the merger between VillageMD and Summit Health-CityMD, a deal that will create a large primary, specialty, and urgent care provider. This investment gives Cigna a minority stake in the growing company, offers an annual dividend of approximately 5.5%, and accelerates its shift towards value-based care models. Cigna CFO Brian Evanko highlighted the financial attractiveness and strategic importance of moving members towards care models that link provider payments to quality and cost.",https://www.businessinsider.com/why-cigna-investing-billions-in-villagemd-walgreens-primary-care2022-11,1669010857
UNH,Leader of Walmart health business leaves for JPMorgan Chase,"Dr. Cheryl Pegus, head of Walmart's health and wellness business, is departing her role to join Morgan Health, a business unit of JPMorgan Chase. Morgan Health focuses on employer-sponsored health care.",https://www.bizjournals.com/bizwomen/news/latest-news/2022/11/walmart-health-and-wellness-business-head-leaves-f.html,1669051007
UNH,"Vacant, massive Howard office complex goes up for auction. Starting bid? $2.7 million","A former UnitedHealth Group headquarters in Howard, Wisconsin, valued at $25 million, is going up for auction with a starting bid of $2.7 million. The 382,000-square-foot facility has been vacant for over a year and is attracting interest due to its potential for mixed-use redevelopment given its large size. The auction runs from November 28-30 and the village hopes a new owner will revitalize the property.",https://www.greenbaypressgazette.com/story/money/companies/2022/11/21/green-bay-area-former-unitedhealth-group-headquarters-up-for-auction-real-estate/69657067007/,1669057555
UNH,ETF of the Week: Amplify CWP Enhanced Dividend Income ETF (DIVO),"This article highlights the Amplify CWP Enhanced Dividend Income ETF (DIVO) as the ETF of the Week, discussed by VettaFi's Tom Lydon. DIVO aims to provide monthly dividend income and potential capital appreciation through a strategy of investing in dividend-growing companies and strategically writing covered calls. It offers investors a defensive play with healthy income potential, especially relevant in volatile markets, and targets a gross annual income of 2-3% from dividends and 2-4% from option premiums.",https://www.etftrends.com/etf-of-the-week-amplify-cwp-enhanced-dividend-income-etf-divo/,1669221099
UNH,Wages Rising for Hospice Workers; Aides See 9.09% Increase,"Wages for hospice aides and CNAs increased by 9.09% in 2022, a significant jump from 4.52% in 2021, according to a recent report, as providers combat high turnover rates among these essential staff. The industry faces substantial workforce pressures, leading to higher wages, enhanced benefits, and bonus programs across various roles to attract and retain employees. Companies like VITAS Healthcare are implementing large retention bonuses, using unspent Provider Relief Funds, which has shown positive results in clinician hiring and reduced turnover.",https://hospicenews.com/2022/11/30/wages-rising-for-hospice-workers-aides-see-9-09-increase/,1669825345
UNH,"UnitedHealth Group projects up to $360B in 2023 revenue, buoyed by Optum growth","UnitedHealth Group projects revenue of up to $360 billion for 2023, primarily driven by the strong growth of its Optum health services arm, which anticipates $212 billion to $214 billion in revenues. This growth is expected despite a recent Department of Justice appeal challenging UnitedHealth's $13 billion acquisition of Change Healthcare. The company also forecasts significant increases in Medicare Advantage and commercial risk-based plan enrollments, along with a profit between $21.7 billion and $22.3 billion in 2023.",https://www.healthcaredive.com/news/unitedhealth-projects-360b-2023-revenue-optum-change-healthcare/637630/,1669835153
UNH,Challenges Continue for Urban Outfitters Chain,"The Urban Outfitters brand is facing significant challenges due to inflation impacting its younger demographic with less discretionary income, leading to a 9% drop in retail comps in Q3. In contrast, its sister brands, Anthropologie and Free People, are performing well as their more affluent customers continue to spend. The company acknowledges issues with price increases and excess inventory at Urban Outfitters North America, contrasting with strong performance in Europe.",https://shop-eat-surf-outdoor.com/news/challenges-continue-for-urban-outfitters-chain/522566/,1669835164
UNH,U.S. Bancorp completes $8 billion acquisition of West Coast's MUFG Union Bank,"U.S. Bancorp has finalized its $8 billion acquisition of MUFG Union Bank's core retail banking operations, significantly expanding its presence on the West Coast, particularly in California, Oregon, and Washington. This deal marks U.S. Bancorp's largest transaction since 2001 and is expected to enhance its competitiveness and investment in technology and digital services. The acquisition followed a longer-than-anticipated regulatory approval process, with account conversions and systems integration slated for the first half of 2023.",https://www.startribune.com/u-s-bancorp-completes-8b-acquisition-of-mufg-union-bank/600231838,1669912260
UNH,"FDA change ushers in cheaper, easier-to-get hearing aids","A recent FDA rule change has made over-the-counter (OTC) hearing aids available, significantly reducing costs and increasing accessibility for adults with mild-to-moderate hearing loss. These devices are now sold without a prescription at major retailers, offering a more affordable alternative to traditional prescription hearing aids. The article details who can benefit, where to buy them, what to look for, and outlines the cost differences and insurance considerations.",https://thenationaldesk.com/news/americas-news-now/fda-change-ushers-in-cheaper-easier-to-get-hearing-aids-over-the-counter-walgreens-best-buy-pittsburgh-hearing-loss-aarp-medicare-audiology,1670178900
UNH,"Video: Tips for Improving Your Health, Strength, and Energy in 2023","This article provides eight simple tips for improving health, strength, and energy in 2023, focusing on increasing personal vitality. These tips range from physical activities like walking and healthy eating to social connections, routine check-ups, and fostering a sense of purpose. The advice aims to help individuals achieve a healthier and more fulfilling life as supported by various research studies.",https://newsroom.thecignagroup.com/vitality-tips-for-improving-your-health-strength-and-energy-in-2023,1670257350
UNH,"The health insurer will see you now: How UnitedHealth is keeping more profits, as your doctor","UnitedHealth Group is projected to increase its profits by directing its insurance members to its own Optum-owned healthcare providers and pharmacies. This strategy allows UnitedHealth to channel insurance premiums to its provider side, as provider profits are not capped in the same way insurer profits are. The company has become a major provider of outpatient care through numerous acquisitions of physician practices, surgery centers, urgent care facilities, and pharmacy benefit managers.",https://www.statnews.com/2022/12/05/unitedhealth-keeping-profits-as-your-doctor-insurer/,1670267152
UNH,"Self-funded plans sue Anthem, alleging overcharging and other ERISA violations","Self-funded health plans are suing Anthem, alleging the insurer engaged in overcharging and violated the Employee Retirement Income Security Act (ERISA). The lawsuit claims Anthem's practices led to inflated costs for the plans. This legal action highlights concerns about transparency and fair pricing within the health insurance industry for self-funded employers.",https://www.benefitspro.com/2022/12/07/class-action-filed-self-funded-health-plans-sue-anthem-412-140172/,1670420400
UNH,Optum’s LHC Group Acquisition Expected to Close in Q1 2023,"Optum's acquisition of LHC Group, valued at $5.5 billion, is now anticipated to close in the first quarter of 2023, following an initial expectation for a 2022 closure. The delay comes after two requests for more information from the Federal Trade Commission. This deal, along with Humana's purchase of Kindred at Home, signifies a growing trend of payers acquiring healthcare provider companies, particularly those involved in value-based care models.",https://hospicenews.com/2022/12/07/optums-lhc-group-acquisition-expected-to-close-in-q1-2023/,1670439954
UNH,UnitedHealth names Google exec Kirsten Gil to board of directors,"UnitedHealth Group has appointed Google executive Kirsten Gil to its Board of Directors. Gil, a long-time leader at Alphabet (Google’s parent company), brings extensive experience in business operations, strategy, and finance across various Google departments, including search, maps, AI, and sustainability. Her appointment is expected to strengthen UnitedHealth's board with diverse tech and business expertise.",https://www.bizjournals.com/twincities/news/2022/12/12/kirsten-gil-appointed-unitedhealth-board.html,1670871955
UNH,UnitedHealth buys third building this year near Minnetonka headquarters,"United HealthCare Services Inc. recently purchased a third property in Minnetonka this year, located near the headquarters of its parent company, UnitedHealth Group Inc. This acquisition follows other purchases made by the company earlier in the year, indicating a pattern of expanding its real estate holdings in the area. The article also mentions related stories about UnitedHealth Group's real estate activities, including subleasing office space and uncertainty regarding Optum's tech office campus.",https://www.bizjournals.com/twincities/news/2022/12/13/united-healthcare-services-buys-third-office-2022.html,1670946960
UNH,"State Street Health Care Select Sector SPDR ETF (XLV) Stock Price, Holdings, Dividend Yield","This article provides a detailed overview of the Health Care Select Sector SPDR Fund (XLV), including its current stock price, key statistics, holdings, dividend data, and historical performance. As of Q3 2025, XLV has 60 holdings with a total value of $33.97 billion, with top holdings being Eli Lilly and Co, Johnson & Johnson, AbbVie Inc, UnitedHealth Group Inc, and Abbott Laboratories. The article also provides historical data for Price-to-Earnings, Price-to-Book, and Dividend Yield.",https://www.gurufocus.com/etf/XLV/summary,1670994644
UNH,Centene Gives Big as It Courts Contracts and Settles Accusations of Overbilling,"Centene Corp., the largest Medicaid managed-care company, contributed over $26.9 million to state politicians and parties while simultaneously pursuing government contracts and settling accusations of overbilling taxpayers. The company, facing investigations in over 20 states and having paid approximately $613 million in settlements, uses its profits to influence officials overseeing its contracts. Centene maintains its contributions support sound public policy healthcare decisions and comply with all laws.",https://californiahealthline.org/multimedia/centene-gives-big-as-it-courts-contracts-and-settles-accusations-of-overbilling/,1671080927
UNH,"Top 10 Behavioral Health Stories of 2022: How ABA Layoffs, Value-Based Care and Dealmaking Defined the Year","The behavioral health industry in 2022 faced significant challenges and developments, including mass layoffs among autism providers, a push towards value-based care, and robust dealmaking despite setbacks. Key stories highlighted the impact of workforce shortages, payer dynamics, the controversial use of AI in therapy, and major acquisitions like Optum's purchase of Refresh Mental Health. The year also saw scrutiny over patient data privacy and a focus on serious mental illness by leading platforms.",https://bhbusiness.com/2022/12/19/top-10-behavioral-health-stories-of-2022-how-aba-layoffs-value-based-care-and-dealmaking-defined-the-year/,1671427829
UNH,5 Numbers that Shaped Hospice in 2022,"In 2022, the hospice industry was shaped by five key numbers: clinical capacity, length of stay, labor costs, utilization, and the rising number of new hospices in certain states. The ubiquitous labor shortage significantly affected capacity, length of stay by delaying admissions, and led to increased labor costs due to higher wages and bonuses. While utilization dipped in 2020 partly due to the pandemic and evolving patient profiles, a new concern emerged with the proliferation of potentially unethical new hospices in states like California, Arizona, Nevada, and Texas, prompting calls for stricter regulation.",https://hospicenews.com/2022/12/21/5-numbers-that-shaped-hospice-in-2022/,1671599272
UNH,Zynex: Company Improperly Billing Worker’s Compensation Funds for TENS Devices; Practices Strikingly Similar to Competitor Being Sued by 28 Liberty Mutual Insurers,"A Capitol Forum investigation alleges that Zynex (ZYXI) is improperly billing worker's compensation funds for TENS devices and related supplies, using practices strikingly similar to those of competitor Electrostim Medical Services (EMSI), which is being sued by 28 Liberty Mutual insurers for fraudulent billing and unbundling. The issues include using incorrect billing codes, unbundling supply charges, and shipping excessive amounts of supplies to patients. Former employees confirm pressure to increase reimbursement through loopholes, while Zynex disputes the claims.",https://thecapitolforum.com/zynex-company-improperly-billing-workers-compensation-funds-for-tens-devices-practices-strikingly-similar-to-competitor-being-sued-by-28-liberty-mutual-insurers/,1671650757
UNH,Addressing Mental Health Parity Enforcement Activities,"This article discusses the increasing enforcement of the Mental Health Parity and Addiction Equity Act of 2008 (MHPAEA) in the United States, highlighting the critical need for health plans to ensure compliance. It provides an overview of mental health statistics, the regulatory timeline, recent enforcement actions by federal and state agencies, and common areas where organizations fall short in meeting parity requirements. The authors also outline an approach for organizations to improve operations and policies to address MHPAEA compliance effectively.",https://www.fticonsulting.com/insights/articles/addressing-mental-health-parity-enforcement-activities,1671686157
UNH,American billionaire Daniel Loeb’s share portfolio revealed,"This article details the share portfolio of American billionaire Daniel Loeb, founder and CEO of Third Point. It highlights his investment strategy, recent changes in his firm's holdings, and provides a table of Third Point's top 38 share positions as of September 30, 2022. Key moves include increasing stakes in Colgate-Palmolive and Danaher, and significantly cutting positions in Ovintiv and DuPont de Nemours.",https://dailyinvestor.com/world/6518/american-billionaire-daniel-loebs-share-portfolio-revealed/,1672158696
UNH,UnitedHealth class action alleges company collects fee from phantom savings,"A class action lawsuit has been filed against UnitedHealth Group Inc., alleging the company collects a ""savings fee"" based on ""phantom savings"" it claims to have obtained for healthcare plan members. Plaintiffs argue that UnitedHealth deliberately ignores competitive fee data, leading to underpayment for out-of-network services and leaving plan members responsible for the unpaid portions of their bills. The lawsuit seeks to represent a nationwide class of participants in self-funded employer-sponsored health benefit plans and claims UnitedHealth violated the Employee Retirement Income Security Act (ERISA).",https://topclassactions.com/lawsuit-settlements/money/unitedhealth-class-action-alleges-company-collects-fee-from-phantom-savings/,1672167955
UNH,"CVS Has Little Time to Waste as Amazon, Walgreens Ink Doctor Deals","CVS is urged to accelerate its expansion into healthcare services to compete with industry leader UnitedHealth Group and fend off rivals like Amazon and Walgreens, who are also making moves into the medical field. Despite owning a pharmacy-benefits manager and Aetna, CVS needs to continue its aggressive growth strategy, even under pressure to focus on share buybacks. The company, through its MinuteClinics and HealthHub stores, already offers limited healthcare but aims to become a primary medical provider for many Americans.",https://www.wsj.com/articles/cvs-has-little-time-to-waste-as-amazon-walgreens-ink-doctor-deals-11668087469?gaa_at=eafs&gaa_n=AWEtsqd18ImDaaaEvgeZtkYM4hS_GZZkVxWavaHWSIcGpeMyAFFYHDFa0QOe&gaa_ts=69078990&gaa_sig=Jd70LTGbkqRFCn2Pc6sM3BoCy4pXIKA_DrWy87c_0UeuytKfSvHsWHxt__5dri22UQfKHkuhTCZO6UYwhXwucg%3D%3D,1672531199
UNH,FTC to Investigate CVS Caremark and Other Pharmacy-Benefit Managers - WSJ,"The Federal Trade Commission (FTC) is launching an investigation into six of the largest pharmacy-benefit managers (PBMs), including CVS Caremark and Express Scripts Inc. The inquiry will examine the impact of their business models on the accessibility and affordability of prescription drugs. The FTC will require these PBMs to provide records and information for a study of the industry.",https://www.wsj.com/health/healthcare/ftc-to-investigate-cvs-caremark-and-other-pharmacy-benefit-managers-11654634691?gaa_at=eafs&gaa_n=AWEtsqeYTjf3d0QpYOdUVL7DiMqVzgkCdRC2svYo__nnKNgTySKf_922-69q&gaa_ts=6907898b&gaa_sig=ewEkUeEkoE1_Z7xAZ2KQsL0gVWX_N-pL0rZmOue6BmRVuRvXwD2jCjXvcT3KtHciIr360abfFxsJQ72mJVB-Tw%3D%3D,1672531199
UNH,WSJ News Exclusive | CVS Is in Advanced Talks to Buy Signify Health for Around $8 Billion,"CVS Health Corp. is reportedly in advanced talks to acquire home-healthcare company Signify Health Inc. for approximately $8 billion. This potential acquisition suggests CVS has outbid other interested parties, including Amazon.com Inc. and UnitedHealth Group Inc. The deal for Signify Health could be announced in the near future.",https://www.wsj.com/health/healthcare/cvs-is-in-advanced-talks-to-buy-signify-health-11662155701?gaa_at=eafs&gaa_n=AWEtsqeM7Z_JFrL5QHRN0ghP8KPHBjdFh3HwJYkwFy87O09ZEGxL2pyghh_9&gaa_ts=6907898d&gaa_sig=-I83L9f8bUOtcZ8FLVKIyDhFjPnc0vzf7KvQNUbf8YEj5sdSvgJ2eZSB6CDMu37xxJVzw3TXhn7t2Y5_eHGZ7A%3D%3D,1672531199
UNH,America’s largest hospital company is booming. So why is one community trying to run it out of town?,"HCA Healthcare, the largest for-profit hospital operator in the U.S., has reported record profits during the pandemic, but its acquisition of Mission Hospital in Asheville, NC, has sparked significant community backlash. Patients and former staff accuse HCA of understaffing, compromising care quality, and prioritizing profits over community health, leading to an antitrust lawsuit and widespread distrust despite the company's financial success and investments.",https://fortune.com/longform/hca-hospital-chain-mission-health-care-north-carolina/,1672531199
UNH,Dashed hopes: Centene’s abrupt shift on its Charlotte expansion,"Centene has halted its Charlotte expansion project, initially touted to bring 3,230 jobs and significant investment, after investing $700 million. This abrupt shift is attributed to changed work preferences towards remote roles, the death of former CEO Michael Neidorff, and prior investor dissatisfaction with the company's financial performance and regulatory issues. The unfinished East Coast headquarters building is now up for sale, alongside Centene facing settlements for alleged Medicaid fraud in multiple states.",https://businessnc.com/dashed-hopes-centenes-abrupt-shift-on-its-charlotte-expansion/,1672531200
UNH,Hospice the Next Generation: How the Benefit Could Change,"The Medicare Hospice Benefit, fundamentally unchanged for 40 years, is poised for significant transformation due to catalysts like regulation, technology, and value-based payment models. This shift aims for greater integration with the broader healthcare system, moving away from its historical segregation. While these changes promise to expand access and improve care coordination, they also present challenges such as workforce shortages and the complex negotiation of new payment structures.",https://hospicenews.com/2023/01/02/hospice-the-next-generation-how-the-benefit-could-change/,1672632516
UNH,What You Own in a Growth or Value ETF Just Changed,"A significant rebalance of S&P 500 Style Index-based ETFs occurred in late December 2022, altering the composition of growth and value ETFs. This reclassification led to mega-cap energy and healthcare companies historically seen as value, like Chevron and Exxon Mobil, being added to growth ETFs, while some former growth companies moved to value funds. Advisors are urged to re-examine the holdings within these ETFs as their sector exposures and underlying securities have changed considerably, potentially impacting future performance relative to their previous classifications.",http://etftrends.com/innovative-etfs-channel/what-you-own-in-a-growth-or-value-etf-just-changed/,1672719986
UNH,HR Brew,"This HR Brew update highlights strong Q3 and Q4 2022 earnings for payroll companies like Paychex, Paycom, and Paycor, driven by investments in AI and self-service technology. It also features an interview with Joy Fitzgerald, SVP and chief DE&I officer at UnitedHealth Group, about her forthcoming book on advocating for oneself in corporate America. The article concludes with a recap of top HR stories from Q4 2022, covering topics from Web3 talent marketplaces to the importance of soft skills and why investing in employees can help weather a recession.",https://www.hr-brew.com/issues/more-money,1672893532
UNH,Class-action alleges UnitedHealthcare underpaid out-of-network providers,"A new class-action lawsuit accuses UnitedHealthcare of underpaying out-of-network providers using a ""self-serving scheme"" that leaves plan members liable for unpaid charges and generates ""savings fees"" for UHC. This lawsuit, filed in December, is not the first of its kind, as UnitedHealth Group has faced similar legal challenges and investigations concerning its reimbursement practices for out-of-network services, including a $15.6 million settlement in 2021 following a Department of Labor investigation. The plaintiffs allege that UnitedHealthcare's actions violate plan terms and the Employee Retirement Income Security Act of 1974 (ERISA), which mandates fiduciaries act solely in the interest of plan participants.",https://www.hrdive.com/news/class-action-lawsuit-unitedhealthcare-violated-erisa/639712/,1672894381
UNH,Top Home Health Trends For 2023,"This article outlines the top trends for the home health industry in 2023, focusing on persistent challenges and emerging opportunities. Key trends include the continued decline in the number of home health agencies due to staffing shortages and Medicare rate cuts, the adaptation required from agencies to a more difficult fee-for-service Medicare environment, and continued M&A activity despite higher interest rates. It also predicts a slowdown in SNF-to-home diversion, a rebound for publicly traded home health companies, and a greater emphasis on value-based care and investment in training and technology for higher-acuity patients.",https://homehealthcarenews.com/2023/01/top-home-health-trends-for-2023/,1672977787
UNH,Top Behavioral Health Trends for 2023,"The behavioral health industry is expected to undergo significant transitions in 2023, influenced by the end of the COVID-era public health emergency and economic shifts. Key trends include increased M&A activity, a focus on higher-acuity care, government scrutiny of digital health companies, and efforts to address the pediatric behavioral health crisis and workforce shortages. The article also highlights the continued growth of digital MAT providers and REITs' expanding investments in behavioral health facilities.",https://bhbusiness.com/2023/01/06/the-biggest-behavioral-health-trends-to-watch-in-2023/,1672979416
UNH,VillageMD Completes $8.9B Acquisition of Summit Health-CityMD,"VillageMD has finalized its $8.9 billion acquisition of Summit Health-CityMD, creating one of the largest independent provider groups in the United States. This merger combines VillageMD’s value-based care model with Summit Health-CityMD’s multidisciplinary approach, resulting in a medical group with over 680 provider locations in 26 markets. The acquisition involved investments from Walgreens Boots Alliance, Inc. and Evernorth, Cigna Corporation’s health services business.",https://www.techtarget.com/revcyclemanagement/news/366600583/VillageMD-Completes-89B-Acquisition-of-Summit-Health-CityMD,1673239925
UNH,CVS eyes next-generation health clinics after Amazon’s move for One Medical,"CVS Health Corp. is expanding its healthcare services by investing $100 million in Carbon Health Inc., a chain of urgent- and primary-care clinics. Additionally, CVS is reportedly in negotiations to acquire Oak Street Health Inc., a chain specializing in Medicare recipients, for over $10 billion. These moves signal CVS's strategy to evolve from a drugstore chain into a full-service healthcare company in response to trends like Amazon's acquisition of One Medical.",https://www.marketwatch.com/story/cvs-eyes-next-generation-health-clinics-after-amazons-move-for-one-medical-11673313087?gaa_at=eafs&gaa_n=AWEtsqcmR7tWKiRAXrzYOVd82a2HiwXWpKXPEschzr1wWcFalR_eBuwrMb1M&gaa_ts=69076d04&gaa_sig=ROqDGcpBe5ApE9m7tDV6Bj4UufFu-wYHoNbXbIp9-3Fpw3bCI2VfDYSHGQqOYq-2Zn6qAWa_xKmKMYefnTMbGA%3D%3D,1673295060
UNH,Top 10 global insurers – ratings agency announces rundown,"AM Best has released its latest rankings of the largest global insurers, with UnitedHealth Group retaining its top position for the eighth consecutive year based on net premiums written (NPW). Allianz SE leads the list for non-banking assets. The rankings highlight the strengthening positions of US-based health insurers and some reshuffling among the top global players.",https://www.insurancebusinessmag.com/ca/news/breaking-news/top-10-global-insurers--ratings-agency-announces-rundown-432314.aspx,1673324109
UNH,"JPM23, Day 2: Progyny projects 56% revenue growth in 2022 as employers eye fertility benefits; Cigna focusing on partnerships in primary care strategy","This article summarizes key announcements from Day 2 of the J.P. Morgan Healthcare Conference, highlighting Progyny's projected 56% revenue growth for 2022 due to increasing employer interest in fertility benefits. It also covers Cigna's primary care strategy, which prioritizes partnerships over broad acquisitions, and provides updates on Walgreens, Omada Health, and CVS Health's activities, including rumors of CVS potentially acquiring Oak Street Health.",https://www.fiercehealthcare.com/providers/jpm23-day-2-cvs-oak-street-health-ma-rumors-swirl,1673344800
UNH,"Once again, UnitedHealth is the world’s largest insurer ranked by NPW","UnitedHealth Group Incorporated maintained its position as the world's largest insurance company in 2021 based on net premiums written (NPW), driven by over 12% growth to USD 226.2 billion. Meanwhile, Allianz led the ranking by non-banking assets with USD 1.2 trillion. The report highlights the strong performance of U.S.-based health insurers in terms of NPW, while Japanese firms saw a decline in non-banking asset rankings due to currency depreciation.",https://www.reinsurancene.ws/once-again-unitedhealth-is-the-worlds-largest-insurer-ranked-by-npw/,1673412781
UNH,Omada partners with Intermountain on diabetes management in Utah,"Omada Health is partnering with Intermountain Healthcare's value-based care unit, Castell, to offer virtual diabetes care and prevention to Intermountain's primary care patients in Utah. This collaboration marks Omada's first care delivery partnership with a major health system. The program aims to target and enroll thousands of eligible patients, leveraging Omada's virtual care platform, health coaches, and medical devices to manage diabetes and encourage lifestyle changes.",https://www.healthcaredive.com/news/omada-partners-with-intermountain-diabetes-management-utah-castell/640265/,1673498265
UNH,"UnitedHealth Group's 2022 Earnings are in, PBM Optum outperforms health insurance division","UnitedHealth Group's Optum division, which includes its pharmacy benefit manager (PBM), significantly outperformed its health insurance division in Q4 2022, contributing $4 billion to profits compared to the insurance's $2.9 billion. This trend is also evident in competitors like Cigna and CVS/Aetna, indicating a shift where these companies derive more revenue and profit from their roles as drug supply chain middlemen than from traditional health insurance. The article suggests that government programs like Medicare and Medicaid are increasingly keeping these companies' health plan operations afloat due to rising unaffordable premiums for employers and workers.",https://healthcareuncovered.substack.com/p/unitedhealth-groups-2022-earnings,1673582924
UNH,Enrollment gains boost UnitedHealth in fourth quarter,"UnitedHealth Group exceeded fourth-quarter forecasts for 2022 due to increased enrollment in Medicare Advantage and Medicaid, alongside strong performance from its Optum Health and Optum Rx segments. The company reported a 17% profit jump, reaching $4.76 billion, and saw its shares climb during mid-morning trading. UnitedHealth also reaffirmed its adjusted earnings forecast for the current year.",https://www.wdio.com/front-page/midwest/enrollment-gains-boost-unitedhealth-in-fourth-quarter/,1673585581
UNH,UnitedHealth Group (UNH) Earnings: 4Q22 Key Numbers,"UnitedHealth Group (UNH) reported strong fourth-quarter 2022 earnings, with revenues reaching $82.7 billion and net earnings of $4.7 billion, or $5.03 per share, surpassing analyst estimates. The company's adjusted EPS was $5.34. For fiscal year 2023, UnitedHealth Group projects revenues between $357 billion and $360 billion, with adjusted EPS expected to be in the range of $24.40 to $24.90.",https://news.alphastreet.com/unitedhealth-group-unh-earnings-4q22-key-numbers/,1673585581
UNH,UnitedHealth Group (UNH) Q4 2022 Earnings Call Transcript,"UnitedHealth Group (UNH) reported strong Q4 2022 results, with adjusted EPS growing 19% and full-year revenue increasing by 13% to $324 billion. The company highlighted significant growth across its Optum and UnitedHealthcare segments, particularly in value-based care, Medicare Advantage, and commercial offerings. Executives emphasized the importance of integrated services connecting care, benefits, and pharmacy solutions, and discussed future growth drivers including strategic M&A, biosimilar opportunities in OptumRx, and the impact of the Change Healthcare integration on OptumInsight.",https://www.fool.com/earnings/call-transcripts/2023/01/13/unitedhealth-group-unh-q4-2022-earnings-call-trans/,1673585581
UNH,"From Apple To Amazon And Toyota, Here Are The Top 10 Biggest Companies In The World","This article lists the top 10 biggest companies in the world based on revenue. Walmart, State Grid Corporation Of China, and Amazon lead the list, primarily highlighting a competition between US and Chinese firms. The article also includes companies from Japan and Germany, detailing their revenue, founding year, and number of employees.",https://in.mashable.com/business/45506/from-apple-to-amazon-and-toyota-here-are-the-top-10-biggest-companies-in-the-world,1673844781
UNH,How to Find Stocks Poised to Outperform,"The article explains that combining wide economic moats with low valuations has consistently led to market outperformance over the long term, even during bear markets. It highlights how Morningstar's Wide Moat Focus Index, consisting of undervalued companies with strong competitive advantages, has significantly outperformed broader market and wide moat composite indexes over decades. The success is attributed to the combination of high quality, stable prices, and attractive valuations, leading to long-term gains despite potential underperformance in bull markets.",https://www.morningstar.com/markets/how-find-stocks-poised-outperform,1674000000
UNH,Amedisys CEO Kusserow: Large Home Health Companies Unlikely to Stay Independent,"Amedisys CEO Paul Kusserow believes that few, if any, large home health companies will remain independent due to high interest from strategic buyers, like managed-care companies. This trend is driven by the scarcity of quality home health capacity and the desire to reduce care costs for chronic conditions. Despite the growing demand for home-based care, the industry is grappling with a significant labor shortage, which has impacted Amedisys's recent financial performance.",https://homehealthcarenews.com/2023/01/amedisys-ceo-kusserow-large-home-health-companies-unlikely-to-stay-independent/,1674015819
UNH,"Employers Achieve Lower Costs and Improve Health Engagement With Integrated Benefits, Cigna Study Shows","A Cigna study, verified by Aon, shows that employer clients with integrated medical, pharmacy, and behavioral benefits saved $148 per member per year in 2021. Further analysis revealed even greater savings, exceeding $1,400 per member annually for those engaged in health improvement programs, and substantial reductions in care costs for individuals with chronic conditions or those taking specialty drugs. These findings highlight the financial and health benefits of a holistic approach to care, leading to reduced emergency room visits and inpatient procedures.","https://newsroom.cigna.com/2023-01-19-Employers-Achieve-Lower-Costs-and-Improve-Health-Engagement-With-Integrated-Benefits,-Cigna-Study-Shows",1674101324
UNH,UnitedHealth Group Announces Free Behavioral Health Coaching,"UnitedHealth Group (NYSE: UNH) has launched a new initiative providing free virtual behavioral health coaching to 5 million members on select commercial health insurance plans. The service, offered through Optum's partnership with AbleTo, targets mild depression, stress, and anxiety with an eight-week program involving one-on-one video or audio sessions with coaches. This move underlines UnitedHealth Group's broadened strategy to integrate behavioral health into its services amidst growing demand.",https://bhbusiness.com/2023/01/19/unitedhealth-group-announces-free-behavioral-health-coaching/,1674103981
UNH,"D-Wave Highlights Commercial Customer Engagements, Cross-Platform Product Enhancements","D-Wave announced new commercial customer engagements and product updates for its annealing and gate model quantum computing solutions at its Qubits 2023 user conference. The company highlighted real-world applications with customers like Mastercard and Davidson Technologies, demonstrating the growing commercial adoption of quantum-hybrid solutions. D-Wave also shared significant progress on its next-generation Advantage2™ annealing system and advancements in its gate model platform, emphasizing its commitment to delivering diverse quantum solutions.",https://thequantuminsider.com/2023/01/20/d-wave-highlights-commercial-customer-engagements-cross-platform-product-enhancements/,1674189711
UNH,CVS Expands Mental Health Access with Launch of New Virtual Care Platform,"CVS Health Inc. has launched CVS Health Virtual Primary, expanding its mental health services through integrated virtual care teams. This platform, available to select Aetna commercial health plan members aged 18 and older, also allows users to access in-person care providers and in-network providers. The move reflects a growing consumer preference for digital health services, as highlighted by a CVS Health-backed survey, and follows a similar initiative by UnitedHealth Group.",https://bhbusiness.com/2023/01/25/cvs-expands-mental-health-access-with-launch-of-new-virtual-care-platform/,1674604800
UNH,"Cigna sues CVS, former pharmacy head Bricker over exec’s departure","Cigna is suing CVS and its former pharmacy benefits president, Amy Bricker, to prevent her from taking a new role as chief product officer of CVS's consumer segment. Cigna alleges Bricker's move violates her noncompete agreement and places Cigna's trade secrets at risk, given her previous high-level position at Express Scripts, a major competitor to CVS Caremark. The lawsuit highlights the intense competition between the two largest Pharmacy Benefit Managers (PBMs) for market share and contracts, especially after Cigna's Express Scripts won a significant contract from Centene that was previously managed by CVS.",https://www.healthcaredive.com/news/cigna-sues-cvs-amy-bricker-express-scripts-caremark/641445/,1674792524
UNH,Appeals Court Rules Against Plaintiffs in Wit v. United Behavioral Health,"The 9th U.S. Circuit Court of Appeals rejected an appeal by plaintiffs in Wit v. United Behavioral Health, a decision behavioral health advocates view as a setback for parity in mental health care. The ruling overturns an earlier district court decision that found United Behavioral Health violated ERISA by improperly denying behavioral health claims. Industry leaders expressed distress, stating the decision weakens efforts to ensure insurance coverage for behavioral health is on par with physical health.",https://bhbusiness.com/2023/01/27/appeals-court-rules-against-plaintiffs-in-wit-v-united-behavioral-health/,1674795181
UNH,"Focus: AbbVie's Humira gets a U.S. rival, but costs could stay high","Amgen has launched Amjevita, the first biosimilar version of AbbVie's blockbuster drug Humira, offering two pricing tiers. Despite the introduction of competition and expectations of more biosimilars, experts anticipate that significant cost savings for U.S. patients may be limited due to the complex U.S. private insurance system, including pharmacy benefit managers and rebates. Analysts foresee a decrease in Humira's sales in the coming years due to this new competition.",https://www.reuters.com/business/healthcare-pharmaceuticals/abbvies-humira-gets-us-rival-costs-could-stay-high-2023-01-31/,1675220648
UNH,STOCK TICKER: Blumenthal’s Wife Invests in Biotech Hedge Fund as He Chairs Panel Overseeing Drug Prices,"Senator Richard Blumenthal's wife has made a significant investment, up to $650,000, in Commodore Capital Domestic LP, a hedge fund exclusively focused on biopharmaceutical companies. This investment comes as Senator Blumenthal, chairman of a consumer protection subcommittee, has been actively addressing rising drug prices and the role of pharmaceutical benefit managers (PBMs). The pharmaceutical industry, including organizations supported by companies Commodore Capital invests in, has also been pushing for PBM reform, aligning with Blumenthal's legislative efforts.",https://readsludge.com/2023/02/03/stock-ticker-blumenthals-wife-invests-in-biotech-hedge-fund-as-he-chairs-panel-overseeing-drug-prices/,1675394006
UNH,"Cigna restricts coverage of new ALS drug, deepening fears about access","Cigna has restricted coverage for Amylyx Pharmaceuticals' new ALS drug, Relyvrio, classifying it as ""experimental, investigational or unproven for any use"" due to a ""lack of clinical efficacy data."" This decision deepens concerns among patients and healthcare providers about access to the expensive rare disease medication, priced at $158,000 per year, despite Amylyx stating that Cigna's policy is an outlier among other insurers. Cigna previously covered the drug under specific criteria and stated it will reevaluate its formulary status as more data from an ongoing larger trial becomes available.",https://www.biopharmadive.com/news/cigna-relyvrio-als-coverage-restrict-amylyx/642241/,1675728000
UNH,3 Top Buys From a Market-Beating ETF Powered by an AI Stock-Picker,"The AI-Powered Equity ETF (AIEQ) is outperforming the S&P 500 in 2023, leveraging IBM's Watson supercomputer to identify promising stocks. This article highlights three top holdings from AIEQ: Celsius Holdings (CELH), UnitedHealth Group (UNH), and Roku (ROKU), detailing their recent performance and growth prospects. It emphasizes how AI-driven stock selection can eliminate bias and contribute to strong investment returns.",https://investorplace.com/2023/02/3-top-buys-from-the-ai-powered-equity-etf-aieq/,1675732515
UNH,Centene warns of hit to fast-growing Medicare Advantage business next year,Centene Corp warned that its Medicare Advantage (MA) business will face a profit hit in 2024 due to a sharp cut in its federal rating and anticipated lower government payouts. This outlook overshadowed Centene's Q4 profit beat and follows proposed audit program rules and potential reimbursement rate drops from the U.S. Centers for Medicare and Medicaid Services (CMS). The company expects its MA business to likely shrink next year with temporary negative profit margins in 2024.,https://www.reuters.com/business/healthcare-pharmaceuticals/centene-quarterly-profit-beats-estimates-medicare-strength-2023-02-07/,1675807980
UNH,CVS Reaches $10.6 Billion Deal to Buy Clinic Owner Oak Street Health - WSJ,"CVS Health Corp. has agreed to acquire Oak Street Health Inc. for approximately $10.6 billion, including debt, in an all-cash deal for $39 a share. This acquisition is part of a broader trend of health insurers integrating with primary care providers and will expand CVS's healthcare offerings by adding Oak Street Health's network of 169 senior-focused clinics and 600 healthcare professionals. The deal is expected to close in 2023 and follows CVS's previous acquisition of Signify Health Inc.",https://www.wsj.com/articles/cvs-earnings-report-oak-street-health-merger-11675835625?gaa_at=eafs&gaa_n=AWEtsqcvdBbh3o4566hJA_atu-pOZ7pAax6oKqIJUnxXSAVbVrseuBDskUyu&gaa_ts=699a781f&gaa_sig=8GkpfGAKH8WNYunykhBSbmpusXEyDENRNhXD7K0Rxld5Yq6lmxdvUAv-uto3XvBRPaIqquk87llNK1QoqV6nsA%3D%3D,1675826078
UNH,CVS digs into primary care with $9.5 bln Oak Street Health deal,"CVS Health is acquiring Oak Street Health Inc for approximately $9.5 billion in cash to expand its primary care services, a strategic move following similar actions by rivals. Despite Oak Street Health currently losing money, analysts view the deal as strategically sound, aiming to integrate primary care centers with CVS's existing pharmacy and health insurance businesses. This acquisition, along with a pending deal for Signify Health, will position CVS to enhance its care offerings, especially for Medicare Advantage members, though it may face antitrust scrutiny.",https://www.reuters.com/markets/deals/cvs-health-buy-oak-street-health-95-bln-2023-02-08/,1675848480
UNH,CVS buys primary care provider Oak Street for $10.6 billion,"CVS Health is acquiring primary care provider Oak Street Health for approximately $10.6 billion, paying $39 per share in cash. This acquisition deepens CVS's presence in primary care, particularly in value-based care arrangements for Medicare Advantage patients, aligning with federal efforts to cut costs and improve health outcomes. The deal follows other major investments by CVS and rivals like UnitedHealth Group and Walgreens into primary care services.",https://www.pbs.org/newshour/health/cvs-buys-primary-care-provider-oak-street-for-10-6-billion,1675853640
UNH,Navigate 2023 With Recession-Resistant ETF ZECP,"The Zacks Earnings Consistent Portfolio ETF (ZECP) is presented as a recession-resistant strategy for investors concerned about a potential economic downturn in 2023. ZECP, Zacks Investment Management's first ETF, identifies companies with strong balance sheets and consistent earnings, having demonstrated resilience through past recessions. The fund seeks to offer an active approach to navigate market volatility, focusing on quality companies with stable historic and forecasted earnings per share.",https://www.etftrends.com/exchange-an-etf-experience/navigate-2023-with-recession-resistant-etf-zecp/,1676028423
UNH,"Humana Inc. stock rises Friday, outperforms market","Humana Inc. (HUM) stock rose 1.36% on Friday, outperforming the broader market which saw the S&P 500 Index and Dow Jones Industrial Average also increase. The company's shares closed at $498.62, still below its 52-week high reached in November. Humana's performance was mixed compared to competitors like UnitedHealth Group Inc., Elevance Health Inc., and Chubb Ltd.",https://www.marketwatch.com/data-news/humana-inc-stock-rises-friday-outperforms-market-ff58cf68-462a88e2fd9b?gaa_at=eafs&gaa_n=AWEtsqcgt_liRXWgurgXROEtCl6QH2v7qgtlvhemh4oarcXTbJqdNKkEDLYx&gaa_ts=699a7765&gaa_sig=8PB5xNc5mOqXQ2f--VLW66wialTuT2aDwDc7UDuIge21KLYju0QbU5CTXZjkS5af9d1BAC6Dp2zM4B0ccej7Nw%3D%3D,1676048400
UNH,The Inadequacy of Revenue Cycle Diligence,"Private equity firms acquiring healthcare organizations often overlook revenue cycle due diligence, leading to financial issues post-acquisition. Comprehensive revenue cycle management (RCM) diligence, conducted either pre- or post-close, is crucial for identifying potential risks, ensuring successful integration, and accurately valuing targets. This diligence should cover operating models, staff organization, technology, reporting, and policies to prevent negative impacts like integration delays and revenue leakage.",https://www.fticonsulting.com/insights/articles/inadequacy-revenue-cycle-diligence,1676344771
UNH,"Boston Scientific, MDMA call for more transparency and oversight of Medicare Advantage plans","Boston Scientific and the Medical Device Manufacturers Association (MDMA) are urging federal regulators to increase transparency and oversight for Medicare Advantage plans. They argue that these plans often lack clear reasons for coverage denials and consistent coverage criteria, unlike traditional Medicare. Both organizations support CMS efforts to improve prior authorization rules and call for better enforcement and data analysis to ensure equitable access to care.",https://www.medtechdive.com/news/boston-scientific-mdma-CMS-medicare-advantage-proposal/642801/,1676430647
UNH,"Cigna Rebrands Holding Company, Subsidiaries","Cigna is rebranding its holding company to ""The Cigna Group"" to reflect its expanded portfolio, with Cigna Healthcare handling health benefits and Evernorth Health Services managing pharmacy and care solutions. This strategic move follows similar rebranding efforts by other major payers like Anthem (now Elevance Health) and Humana, aiming to better align their brands with evolving business structures and market presence. The company has also been expanding its reach in the Affordable Care Act marketplace and Medicare Advantage.",https://www.healthleadersmedia.com/payer/cigna-rebrands-holding-company-subsidiaries,1676430755
UNH,Quest Diagnostics Inc. stock outperforms market on strong trading day,"Quest Diagnostics Inc. (DGX) stock rose 0.03% on Thursday, closing at $146.66, despite a general market downturn with the S&P 500 and Dow Jones Industrial Average both falling. This marks the stock's second consecutive day of gains, bringing it to within $11.68 of its 52-week high. The company's performance also surpassed that of several competitors, whose stocks declined.",https://www.marketwatch.com/data-news/quest-diagnostics-inc-stock-outperforms-market-on-strong-trading-day-bfecc54a-b8d7f22e4082?gaa_at=eafs&gaa_n=AWEtsqd9BdGiZY5ukNV3VuFXWUYBPgnFsvZJBN68qM4eB5aXYrwRk2pDNFV4&gaa_ts=699a785a&gaa_sig=Asfh89eBi-lC1vYF0YlGKq9rdNq4ATR-mhZrWZ5fc7vMzept-RntOkMXIUAIPtNWmmuaxp1WxEFYS4VT3Ldwkw%3D%3D,1676566080
UNH,UnitedHealth Group closes $5.4B acquisition of LHC Group,"UnitedHealth Group has finalized its $5.4 billion acquisition of home health care provider LHC Group through its subsidiary Optum. This deal aims to integrate value-based care into patients' homes and follows other significant acquisitions by UnitedHealth Group, including Change Healthcare and EMIS Group. The collaboration is expected to enhance high-quality, comprehensive in-home care as demand for such services increases.",https://healthexec.com/topics/healthcare-management/mergers-and-acquisitions/unitedhealth-group-closes-54b-acquisition-lhc,1677038012
UNH,"Ben & Jerry's, Magnum Ice Cream May Reformulate To Cut Energy Costs","Unilever, the maker of Ben & Jerry's and Magnum ice cream, is exploring reformulating its products to be stored at higher temperatures. This initiative aims to cut energy consumption by 20-30% in retail freezers, thereby reducing greenhouse gas emissions and operational costs. The company plans to share its findings with competitors to encourage broader industry adoption of these energy-saving efforts.",https://www.tastingtable.com/1208792/ben-jerrys-magnum-ice-cream-may-reformulate-to-cut-energy-costs/,1677123186
UNH,Uncommon perks: How one healthcare company developed a menopausal leave policy for its employees,"Organon, a multinational pharmaceutical company focusing on women's health, has implemented a menopausal leave policy for its employees. The policy, driven by CHRO Aaron Falcione, aims to destigmatize menopause in the workplace and provide employees with a minimum of 10 days of self-care leave to manage symptoms. This initiative is part of Organon's broader effort to create a globally consistent care-leave framework and support gender parity.",https://www.hr-brew.com/stories/2023/02/23/uncommon-perks-here-s-how-one-healthcare-company-developed-a-menopausal-leave-policy-for-its-employees,1677123457
UNH,Humana to Exit Employer Group Commercial Medical Products Business,"Humana Inc. announced its decision to exit the Employer Group Commercial Medical Products business over the next 18 to 24 months, including fully insured, self-funded, and Federal Employee Health Benefit medical plans. This strategic move allows Humana to focus on its core insurance lines, primarily government-funded programs like Medicare and Medicaid, and its CenterWell healthcare services. The exit is not expected to materially impact the company's full-year 2023 Adjusted earnings per share guidance, though it will affect the first-quarter earnings and Insurance segment benefit ratio for non-GAAP purposes.",https://www.businesswire.com/news/home/20230223005322/en/Humana-to-Exit-Employer-Group-Commercial-Medical-Products-Business,1677128400
UNH,"Humana exits $4B commercial market, goes ‘all in’ on Medicare","Humana is exiting the commercial employer insurance market, a segment worth $4 billion, to focus entirely on its Medicare business. This strategic shift indicates the company's commitment to strengthening its position in the government-funded healthcare sector. The decision highlights a trend among major insurers to streamline operations and prioritize core, profitable markets.",http://www.modernhealthcare.com/insurance/humana-will-exit-employer-health-insurance-market/,1677141480
UNH,Referring patients to infusion centers reduces costs while maintaining quality of care,"Referring patients to infusion centers for specialty drug administration rather than hospitals can significantly reduce costs for patients and healthcare providers while maintaining high-quality care. Marcus Garcia of Rocky Mountain Cancer Centers highlights that infusion centers offer specialized staff, follow strict regulatory guidelines, and collaborate closely with referring physicians. These centers also offer improved access, flexible scheduling, and lower out-of-pocket expenses compared to hospital settings.",https://newsroom.cigna.com/infusion-centers-reduce-costs-maintaining-quality-care,1677467556
UNH,Headquarters of Optum subsidiary Solutran on the market in Plymouth,"The headquarters building of Solutran, an Optum subsidiary, located at 13305 12th Ave. N. in Plymouth, is currently for sale. This marks the fourth office property linked to UnitedHealth Group Inc. or its subsidiaries that has been listed. The sale comes amidst other news regarding UnitedHealth's real estate activities, including recent office building acquisitions and uncertainty surrounding Optum’s tech office campus in Eden Prairie.",https://www.bizjournals.com/twincities/news/2023/02/28/solutran-headquarters-in-plymouth-for-sale.html,1677556412
UNH,Is Exiting the Employer Insurance Market a Smart Move for Humana?,"Humana announced its exit from the Employer Group Commercial Medical Products business over the next 18-24 months, including fully insured, self-funded, and Federal Employee Health Benefit plans. This strategic move aims to refocus resources on its Medicare Advantage business, where it holds the second-highest enrollment. Industry experts view this as a smart specialization given increasing market differentiation, though it will impact employers and employees with concerns about network continuity and benefit transitions.",https://medcitynews.com/2023/02/is-exiting-the-employer-insurance-market-a-smart-move-for-humana/,1677595860
UNH,Inside the Earnings Call: Xponential Fitness Confirms Boutique Fitness is a ‘Must-Have;’ Shares Climb,"Xponential Fitness reported strong financial results for Q4 and FY 2022, leading to a 14% climb in shares. The company highlighted significant growth in memberships, system-wide sales exceeding $1 billion, and a successful expansion strategy, affirming boutique fitness as a ""must-have"" for consumers. Xponential also detailed plans for continued global expansion, B2B partnerships including LG, and further development of its omnichannel fitness offerings with a new app and gamification platform.",https://athletechnews.com/xponential-fitness-q4-fy-2022-earnings-call/,1678046974
UNH,The largest insurance companies in the US - based on market cap,"This article ranks the 10 largest publicly traded insurance companies in the US based on their market capitalization, providing details on their headquarters, market cap, and underwriting expertise. It highlights that US insurance companies constitute the largest portion of the world's market cap and explains why market cap is an important metric for investors.",https://www.insurancebusinessmag.com/us/guides/the-largest-insurance-companies-in-the-us--based-on-market-cap-438805.aspx,1678233600
UNH,New cancer center opens in Denver,"Presbyterian/St. Luke’s Medical Center in Denver has opened a new cancer center. The facility aims to bring cancer research and treatment under one roof on the campus. This development is part of broader activity in the Colorado healthcare landscape, with other institutions also expanding or planning new facilities.",https://www.bizjournals.com/denver/news/2023/03/10/presbyterian-st-lukes-cancer-center-denver.html,1678415640
UNH,Evolution of Primary Care Delivery,"The article discusses the evolving landscape of primary care delivery, driven by an aging population, the growth of Medicare Advantage and other value-based payment models, and digital transformation. It highlights the increasing role of insurers and retail providers in primary care, physician consolidation and shortages, and the innovations in care models focusing on improved patient outcomes and cost reduction. The author emphasizes that the future of primary care will be supported by technology and incentivized by value-based payments, requiring strategic adaptation from healthcare providers.",https://www.fticonsulting.com/insights/articles/evolution-primary-care-delivery,1678674560
UNH,"UnitedHealth Group Inc. stock rises Tuesday, still underperforms market","UnitedHealth Group Inc. (UNH) stock increased by 0.19% on Tuesday, closing at $464.58. This rise occurred during a positive trading session for the broader market, with the S&P 500 and Dow Jones Industrial Average also seeing gains. Despite the daily increase, UNH still closed $93.52 short of its 52-week high and underperformed the market overall, though it outperformed some competitors like CVS Health Corp., Elevance Health Inc., and Cigna Group.",https://www.marketwatch.com/data-news/unitedhealth-group-inc-stock-rises-tuesday-still-underperforms-market-8af4a5d-d88a019c7bdc?gaa_at=eafs&gaa_n=AWEtsqf0iWcgPty095n77jA_AcUonVl2hRQ875xTjDz8pugOpX3s3G5UFhld&gaa_ts=699a749e&gaa_sig=xLwrmngNLes7M9Z_Ptv9j7X1_vOxrEUqykEkWKj-O3AXXiSu5UZxNrpYrntvQcpGzruEIcGZlpVQCcvwmITPEA%3D%3D,1678811520
UNH,7 Kinds of Telehealth Care You Can Get Through Alexa,"Amazon's Alexa has evolved beyond simple requests to offer a range of telehealth services, partnering with organizations like Teladoc and One Medical for virtual doctor visits and primary care. Users can manage prescriptions via Amazon Pharmacy, utilize Alexa Together for remote caregiving, and access medical information and reminders through Mayo Clinic First Aid and WebMD skills. The integration of telemedicine with voice assistants aims to make healthcare more accessible and convenient for minor illnesses and ongoing health management.",https://www.makeuseof.com/kinds-of-telehealth-care-alexa/,1678849036
UNH,Video: 4 ways employers can support women’s health and well-being,"This article highlights four key ways employers can support women's health and well-being to retain talent and foster a healthier workforce. It emphasizes offering paid leave, supporting behavioral health, providing fertility benefits, and promoting career development. The article underscores that addressing these needs is crucial for both employees and employer success.",https://newsroom.cigna.com/four-ways-employers-can-support-women-and-their-health,1679451739
UNH,Hospital gets big check from bank,"Ameris Bank presented Liberty Regional Medical Center (LRMC) with a $400,000 check, part of the bank's larger $2 million donation to 15 rural hospitals in Georgia through the Georgia HEART Hospital Program. The funds will support LRMC's new wound care program, addressing a critical need identified in the community health assessment, particularly for diabetes patients. This donation highlights the importance of such programs in sustaining vital services, like oncology and delivery rooms, in rural hospitals, which often face funding challenges.",https://coastalcourier.com/news/hospital-gets-big-check-bank/,1679537605
UNH,CVS Health Corp. stock underperforms Thursday when compared to competitors,"CVS Health Corp. (CVS) stock decreased by 2.74% on Thursday, closing at $72.37, despite an overall positive trading day for the stock market. This marks the second consecutive day of losses for CVS, and its stock is now significantly below its 52-week high. The company's performance was mixed compared to competitors, with Amazon.com Inc. (AMZN) rising, while UnitedHealth Group Inc. (UNH) and Elevance Health Inc. (ELV) also experienced declines.",https://www.marketwatch.com/data-news/cvs-health-corp-stock-underperforms-thursday-when-compared-to-competitors-aa318f0e-e84f6c886e79?gaa_at=eafs&gaa_n=AWEtsqfldf9CHPsELgFqZEvUMmJGwxtaAQzFRtWGMoJsVgliQlETnvnIzSch&gaa_ts=699a6c56&gaa_sig=zTQSAWtvjTygTeO9ffI7bndBetVE_C4AMwsmwovWhl_zC2MZjRCLiawt4EGNIIcChLjHrTWCASApYI4yKdMtLw%3D%3D,1679590080
UNH,CVS to close on $8B Signify Health acquisition this week,"CVS is set to finalize its $8 billion acquisition of Signify Health this week. This acquisition is a strategic move for CVS to expand its primary care footprint, particularly by gaining a 50-state value-based provider network and a technology platform for home-based patient care. The deal aligns with CVS's broader strategy to enhance its presence in the healthcare sector.",https://www.bizjournals.com/rhodeisland/news/2023/03/27/cvs-to-close-on-8b-signify-acquisition.html,1679875200
UNH,'It's Extremely Difficult': Payvider Models Demonstrate How Far Behavioral Health Integration Challenges Go,"Integrating behavioral health services into ""payvider"" models, where organizations own both payer and provider assets, presents significant challenges, as highlighted by leaders from Optum and CVS Health. Despite major acquisitions and a commitment to whole-person care, difficulties arise from reconciling disparate IT systems, establishing data sharing, and quantifying the value of behavioral health interventions. The article emphasizes that while these efforts are crucial for improving overall health, the process is labor-intensive and requires overcoming deep-seated legacy issues within the healthcare system.",https://bhbusiness.com/2023/03/27/why-optum-cvs-health-struggle-to-integrate-assets-into-a-pay-vider-model/,1679885980
UNH,"Lawsuit slams PBMs Cigna, Humana as price-fixing ‘modern gangsters’","Ohio Attorney General Dave Yost has filed a lawsuit against pharmacy benefit managers (PBMs) including Express Scripts and Cigna, alleging they illegally inflated drug prices. The suit claims PBMs use a complex rebate system and a Switzerland-based company, Ascent Health Services, to drive up costs for life-saving drugs like insulin, rather than lowering them for consumers. Yost describes PBMs as ""modern gangsters"" who have destroyed transparency in drug pricing.",https://healthexec.com/topics/healthcare-management/healthcare-policy/lawsuit-slams-pbms-cigna-humana-price-fixing-modern-gangsters,1679970139
UNH,Major insurers to ease prior authorizations ahead of federal crackdown,Major insurers Cigna and UnitedHealth Group are modifying their prior authorization processes. This move comes as federal pressure mounts to address issues surrounding these approvals. This development could streamline healthcare access for patients.,http://www.modernhealthcare.com/insurance/unitedhealth-cigna-prior-authorization/,1680087120
UNH,CVS Health Finalizes $8B Acquisition of Signify Health,"CVS Health has completed its $8 billion acquisition of home healthcare company Signify Health, accelerating its value-based care strategy. The merger aims to improve care delivery, lower costs, and enhance member engagement, particularly for Medicare Advantage beneficiaries. Signify Health's CEO, Kyle Armbrester, will continue to lead the company, which also includes Caravan Health.",https://www.techtarget.com/healthcarepayers/news/366603617/CVS-Health-Finalizes-8B-Acquisition-of-Signify-Health,1680144439
UNH,'You forget to eat': How Ozempic went from diabetes medicine to blockbuster diet drug,"Ozempic, originally a diabetes medication, has become a highly sought-after weight loss drug, leading to supply issues for diabetic patients. The drug's popularity, fueled by celebrity endorsements and social media, has driven up prices and spurred new businesses. Doctors express concern over its prescription for non-life-threatening weight loss and potential unknown long-term side effects.",https://www.npr.org/2023/04/01/1166781510/ozempic-weight-loss-drug-big-business,1680314069
UNH,"iShares Global Healthcare ETF (IXJ) Stock Price, Holdings, Dividend Yield","This article provides a comprehensive overview of the iShares Global Healthcare ETF (IXJ), detailing its stock price, holdings, dividend yield, and key statistics. As of September 30, 2025, IXJ holds 114 stocks with a total portfolio value of $3.85 billion, featuring top holdings like Eli Lilly and Co, Johnson & Johnson, and AbbVie Inc. The ETF's current PE Ratio is 26.75 and its dividend yield is 1.43%.",https://www.gurufocus.com/etf/IXJ/summary,1680494612
UNH,Richardson Office Complex Sees $39M CMBS Loan Transferred To Special Servicing,"A $38.7M CMBS loan for the Granite 190 Center in Richardson, Texas, has been transferred to a special servicer due to a significant downsizing by its largest tenant, United Healthcare. This move, combined with expiring leases for five other major tenants and a drop in occupancy, puts the property at risk of default. Experts suggest that a resolution might involve a note of sale or foreclosure rather than a modification or extension, highlighting ongoing distress in office-backed CMBS loans.",https://www.bisnow.com/dallas-ft-worth/news/office/class-a-office-property-in-richardson-sees-39m-cmbs-loan-transferred-to-special-servicer-118553,1681695672
UNH,Burnout Brings Hospice Nurses to an ‘Urgent Crossroad’,"A new analysis from the National Council of State Boards of Nursing indicates that nearly 900,000 registered nurses, including many younger and less experienced ones, are expected to leave the healthcare workforce by 2027 due to burnout and stress exacerbated by the pandemic. This impending exodus, particularly affecting hospice nurses who report increased workloads and emotional drain, highlights an urgent need for changes in recruitment and retention strategies, including flexible scheduling and improved educational pathways. Organizations like VITAS Healthcare are taking steps such as establishing scholarship grants to address the nursing shortage and promote diversity in the profession.",https://hospicenews.com/2023/04/18/burnout-brings-hospice-nurses-to-an-urgent-crossroad/,1681781370
UNH,UnitedHealth CEO Andrew Witty pay rose 13% in 2022,"UnitedHealth Group's CEO, Andrew Witty, received a compensation of over $20 million in 2022, marking a 13% increase from the previous year. This article briefly highlights his pay rise and includes related news about UnitedHealth's performance and operational changes.",https://www.bizjournals.com/twincities/news/2023/04/24/unitedhealth-ceo-pay-up-2022.html,1682302103
UNH,"Humana Details CenterWell Home Health Growth, MA Success","Humana (NYSE: HUM) discussed its strategy for continued success in Medicare Advantage (MA) and future growth in home health care following an unfavorable final rule for MA plans. The company anticipates strong MA growth and is expanding its CenterWell home health business, including recent acquisitions. Humana reported first-quarter revenues of $26.7 billion, a 12.3% increase year-over-year.",https://homehealthcarenews.com/2023/04/humana-details-centerwell-home-health-growth-ma-success/,1682520649
UNH,MDLIVE for Cigna cuts wait times by 50 percent by predicting changing healthcare demands with Azure Machine Learning,"MDLIVE for Cigna partnered with AIDAN Health to implement Azure Machine Learning for predicting patient demand, leading to a 50 percent reduction in patient wait times. This initiative helps balance medical professional workloads and optimize staffing, particularly critical after the surge in telehealth usage during the COVID-19 pandemic. The advanced forecasting models, developed on Azure, have also saved the company approximately $1 million each busy season in provider incentives.",https://www.microsoft.com/en/customers/story/1629931471145237982-mdliveforcigna-health-provider-azure-en-united-states,1682645385
UNH,One-third of US nurses plan to quit profession - report,"A survey indicates that nearly one-third of US nurses are considering leaving their profession due to overwhelming fatigue from the COVID-19 pandemic. This figure is up 7 percentage points from 2021, with 36% also considering changing workplaces, highlighting ongoing mental health and well-being challenges in the nursing workforce. Key demands from nurses include increased salaries and safer working environments to reduce stress.",https://www.mvariety.com/news/one-third-of-us-nurses-plan-to-quit-profession---report/article_5982fb46-e80f-11ed-8d1a-c7b8dd970d91.html,1682899200
UNH,CVS' Karen Lynch was the highest paid payer CEO last year. Here's what her competitors earned,The article highlights that CVS CEO Karen Lynch was the highest-paid CEO among major national payers last year. It implies a comparison will be made with the earnings of her competitors in the payer industry. The content provided is minimal and serves mostly as an introduction to the topic.,https://www.fiercehealthcare.com/special-reports/heres-what-ceos-major-national-payers-earned-last-year,1682901565
UNH,Option Care Health to pick up home health and hospice firm Amedisys in $3.6B deal,"Option Care Health is set to acquire Amedisys, a home health and hospice firm, for $3.6 billion, creating a large post-acute care provider with projected annual revenues of $6.2 billion. This merger aims to expand capabilities and meet the increasing demand for in-home and alternative site care. The deal is expected to close in the second half of 2023 and will enable Option Care Health to move deeper into value-based care and offer a broader range of services to patients.",https://www.fiercehealthcare.com/providers/option-care-health-pick-home-health-and-hospice-firm-amedisys-om-36b-deal,1683195300
UNH,"Alignment Health's CEO predicts that the insurtech will break even next year, turn a profit in 2025","Alignment Health's CEO, John Kao, anticipates that the insurtech company will achieve a break-even point next year and become profitable by 2025. Despite a net loss in the first quarter, the company saw significant revenue and membership growth, outperforming competitors in a volatile market. Kao attributes this success to a highly personalized approach to care for members with chronic conditions, often involving direct engagement and in-home services to control healthcare spend.",https://www.fiercehealthcare.com/payers/alignment-healths-ceo-predicts-insurtech-will-break-even-next-year-turn-profit-2025,1683299280
UNH,Chile private health insurers owe US$1.4 billion,"Chile's government has confirmed that private health insurance companies (Isapres) must pay approximately US$1.4 billion in overcharges, following a 2022 Supreme Court ruling. This decision, impacting some 725,000 contracts, presents a significant challenge for the industry and President Gabriel Boric's administration, as the public health system is already strained. The Isapres argue the repayments will cripple the sector.",https://batimes.com.ar/news/latin-america/chile-government-says-private-health-insurers-owe-14-billion-in-overcharges.phtml,1683767767
UNH,Humana partners with 2 durable medical equipment companies for home care,"Humana has partnered with AdaptHealth Corp. and Rotech Healthcare to provide value-based durable medical equipment (DME) services to its Medicare Advantage HMO members starting July 1. These agreements are part of Humana's broader strategy to expand value-based care into the home, aiming to serve 40% of its Medicare Advantage members by 2025 and streamline DME sourcing. The partnerships are expected to enhance access to home care services and help reduce unnecessary hospitalizations.",https://www.fiercehealthcare.com/payers/humana-partners-2-durable-medical-equipment-companies-home-care,1683820200
UNH,Record number of Americans are high on marijuana at work,"A new analysis by Quest Diagnostics reveals a record number of U.S. workers testing positive for cannabis, reaching the highest rate in 25 years. This increase is linked to the growing legalization of marijuana and is particularly prevalent in the food service and hospitality industries. The report also suggests a concerning correlation between rising marijuana use and workplace accidents, prompting questions about safety in an era of increasing cannabis acceptance.",https://www.earth.com/news/record-number-of-americans-are-high-on-marijuana-at-work/,1684456955
UNH,Humana Avoids ‘Zero-Sum Game’ In Home Health Care Via Payvider Structure,"Humana is cementing its position as a home-based care powerhouse by expanding its CenterWell brand, which includes home health, primary care, and pharmacy services. Dr. Andrew Agwunobi, president of Humana's home solutions business, emphasizes the importance of integrating care delivery in the home to reduce costs and improve patient outcomes. Humana leverages its ""payvider"" structure (being both a payer and a provider) to align incentives and innovate in value-based care, with a focus on growth, integration, and meeting customer needs, particularly in the growing Medicare Advantage market.",https://homehealthcarenews.com/2023/05/humana-avoids-zero-sum-game-in-home-health-care-via-payvider-structure/,1684457519
UNH,Five (or Maybe Six?) Reasons that the Largest PBMs Operate Group Purchasing Organizations,"This article explores the reasons behind the largest Pharmacy Benefit Managers (PBMs) establishing Group Purchasing Organizations (GPOs). It discusses five plausible explanations, including aggregating purchasing volume, creating new revenue streams, and exploiting tax efficiencies. The author also highlights a sixth alleged reason related to sharing pricing information, which is currently under litigation.",https://www.drugchannels.net/2023/05/five-or-maybe-six-reasons-that-largest.html,1684888764
UNH,Omada Health Launches GLP-1-Specific Program for Patients Battling Chronic Obesity,"Omada Health has introduced a specialized program for individuals using GLP-1 medications for weight management, recognizing the increasing demand and addressing concerns about long-term efficacy and cost. The program incorporates behavior and lifestyle changes alongside medication through specialized training for coaches, free educational resources, community support, and services to assist employers and PBMs with reimbursement policies. This initiative aims to align with FDA guidelines emphasizing GLP-1 use as an adjunct to diet and exercise to ensure sustained weight loss and avoid reliance solely on medication.",https://www.businesswire.com/news/home/20230524005104/en/Omada-Health-Launches-GLP-1-Specific-Program-for-Patients-Battling-Chronic-Obesity,1684890209
UNH,Omada Launches Program To Support Patients on GLP-1s,"Omada Health has launched a new program offering lifestyle and behavior support for patients with chronic obesity who are taking GLP-1 medications. While Omada will not prescribe the drugs, its program provides coaching, peer support, and educational materials on proper drug use, side effects, and preventing weight regain. This initiative aims to ensure lasting behavior change alongside medication to address the high costs and potential for weight regain associated with GLP-1s.",https://medcitynews.com/2023/05/chronic-obesity-glp1s-weight-loss/,1684890209
UNH,"With Option Care Deal Pending, Optum Makes Bid for Amedisys","Optum, a subsidiary of UnitedHealth Group, has made an unsolicited all-cash bid of $100 per share to acquire home health and hospice provider Amedisys. This proposal comes while Amedisys has a pending $3.6 billion merger agreement with Option Care Health, which Amedisys's board is now assessing as a potentially ""superior proposal."" If Amedisys accepts Optum's offer and terminates the current merger, it may owe Option Care Health a $106 million fee.",https://hospicenews.com/2023/06/05/with-option-care-deal-pending-optum-makes-bid-for-amedisys/,1685923968
UNH,UnitedHealth offers $3.2B to lure Amedisys away from Option Care merger,"UnitedHealth Group Inc. has made an unsolicited bid of $3.2 billion for Amedisys Inc., a home health care provider. This offer comes after Amedisys had previously agreed to a merger with a different company, Option Care. The bid by UnitedHealth aims to attract Amedisys away from its prior merger agreement.",https://www.bizjournals.com/twincities/news/2023/06/05/optum-amedisys-option-care-cash-offer-merger.html,1685923969
UNH,Fortune 500's top 10 healthcare companies,"In 2022, despite economic uncertainty, healthcare companies remained prominent on Fortune 500's list of top revenue-generating corporations. The 69th annual list, released on June 5, shows UnitedHealth Group leading the healthcare sector with $324.16 billion in revenue, followed by other major players like CVS Health, McKesson, and AmerisourceBergen. A total of 80 healthcare companies made the Fortune 500 list, highlighting the sector's significant economic impact.",https://healthexec.com/topics/healthcare-management/business-intelligence/fortune-500s-top-10-healthcare-companies,1686095272
UNH,Is Cigna Stock A Better Pick Over UNH?,"This article analyzes whether Cigna (CI) is a better investment than UnitedHealth (UNH). While UnitedHealth has shown better historical revenue growth and profitability, Cigna is currently trading at a lower valuation and is projected to have stronger top-line growth in the coming years. Based on Trefis Machine Learning analysis, Cigna is predicted to offer a significantly higher return over the next three years compared to UnitedHealth.",https://www.forbes.com/sites/greatspeculations/2023/06/06/is-cigna-stock-a-better-pick-over-unh/,1686095352
UNH,"Minnesota has 15 companies on the Fortune 500 list, one fewer than last year","Minnesota now has 15 companies on the Fortune 500 list, a decrease of one from the previous year, primarily due to Securian dropping out of the Top 500. UnitedHealth Group remains Minnesota's highest-ranking company at 5th nationally, while Target and other major corporations also feature on the list. The article also details other Minnesota-based companies just outside the Fortune 500, noting that private companies like Cargill are not included.",https://bringmethenews.com/minnesota-business/minnesota-has-15-companies-on-the-fortune-500-list-one-fewer-than-last-year,1686096000
UNH,2 Alabama companies among Fortune 500,"Regions Financial and Vulcan Materials, both Birmingham-based companies, have been included in the annual Fortune 500 ranking. Regions secured the 483rd spot with $7.5 billion in revenue, while Vulcan Materials ranked 494th with $7.3 billion. The article also touches on overall trends in the Fortune 500 list, such as an increase in women CEOs.",https://businessalabama.com/2-alabama-companies-among-fortune-500/,1686239798
UNH,3 exercise options for older adults trying to stay in shape,"Staying physically active is crucial for older adults, even though it can become more challenging with age. Regular exercise can improve mobility and balance, and reduce the risk of various health conditions. This article highlights three beneficial exercise options for older adults: walking, swimming, and group classes, each offering unique advantages like cardiovascular health, joint benefits, and social interaction.",https://newsroom.cigna.com/three-exercise-options-for-older-adults,1686700153
UNH,"T. Rowe Price’s New ETF, TCAF, Is Worthy of Appreciation","T. Rowe Price has launched a new active ETF, TCAF, managed by veteran David Giroux, which focuses solely on equities and aims for broader diversification than his existing mutual fund, PRWCX. TCAF offers a more tax-efficient and accessible alternative to the capacity-constrained PRWCX, catering to advisors who favor active management. The ETF is designed to identify high-quality companies with strong risk-adjusted return potential and attractive valuations.",https://www.etftrends.com/active-etf-channel/t-rowe-prices-new-etf-tcaf-worthy-of-appreciation/,1686843979
UNH,26 MN Companies Make Fortune 500 List For 2023,"Twenty-six Minnesota-based companies have been named to the 2023 Fortune 500 list, which ranks the biggest American companies by revenue. This year's list sets a new record with 52 female CEOs, including four from Minnesota companies: Best Buy, Land O'Lakes, Thrivent Financial for Lutherans, and H.B. Fuller. UnitedHealth Group is the highest-ranked Minnesota company at #5, and globally, Walmart retains its top position for the eleventh consecutive year.",https://patch.com/minnesota/across-mn/26-mn-companies-make-fortune-500-list-2023,1686920820
UNH,ProShares Ultra Dow30 Review and Aggregate Rating (DDM),"This article provides an aggregate rating and price target for the ProShares Ultra Dow30 ETF (DDM). MarketBeat calculates these by weighing analyst ratings and price targets of the ETF's constituent stocks. DDM currently holds a ""Moderate Buy"" aggregate rating with an aggregate price target of $58.54, based on recent analyst coverage of its top holdings.",https://www.marketbeat.com/stocks/NYSEARCA/DDM/ratings/,1686930748
UNH,What If You Can’t Afford Long-Term Care?,"Many older Americans cannot afford long-term care, and traditional Medicare does not cover these expenses. This article explores several options for those who cannot afford long-term care, including reverse mortgages, long-term care insurance (including hybrid policies), facilities with benevolent funds, and life settlements. These alternatives offer different ways to finance necessary care for individuals who fall into the ""monetary middle"" and do not qualify for substantial government assistance.",https://www.nerdwallet.com/insurance/medicare/learn/afford-long-term-care,1687219837
UNH,Opinion | Why Do We Tolerate Our Health Insurance Problem?,"This article criticizes the U.S. health insurance industry, arguing that it prioritizes profit over patient well-being, leading to inefficiencies, high costs, and compromised care. It highlights issues such as exorbitant profits of major insurers, questionable practices like prior authorizations and payment denials, and the detrimental effects of vertical integration and the medical loss ratio loophole. The author calls for policymakers, physicians, and regulatory bodies to push for reforms that prioritize patients, promote competition, and ensure accountability.",https://www.medpagetoday.com/opinion/prescriptionsforabrokensystem/105086,1687304953
UNH,3 Health Insurance Stocks Getting Killed by Rising Costs,"This article highlights three health insurance-related stocks – iShares U.S. Healthcare Providers ETF (IHF), Centene (CNC), and Manulife Financial Corp (MFC) – that are struggling due to rapidly rising medical costs. It details how increasing healthcare expenses and other market challenges are negatively impacting their profitability and growth prospects, making them potentially risky investments.",https://investorplace.com/2023/06/3-health-insurance-stocks-getting-killed-by-rising-costs/,1687354200
UNH,"Is UnitedHealth Stock a Buy, Sell, or Fairly Valued After Earnings?","UnitedHealth Group's stock is considered fairly valued by Morningstar with a 3-star rating, despite surging demand for healthcare services potentially straining near-term margins. While the company's 2023 guidance remains unchanged, Morningstar has raised its fair value estimate to $462 per share. Other managed care stocks, however, are seen as significantly undervalued following UnitedHealth's update.",https://www.morningstar.com/stocks/is-unitedhealth-stock-buy-sell-or-fairly-valued-after-earnings,1687444280
UNH,United States et al. v. UnitedHealth Group Incorporated et al.,"Professors Gautam Gowrisankaran and Ben Handel testified at trial regarding the proposed $13.8 billion merger between UnitedHealth Group’s Optum unit and Change Healthcare. The U.S. Department of Justice (DOJ) retained Cornerstone Research to support the experts, alleging the merger would give UnitedHealth Group access to competitors' sensitive information and control innovations. The professors analyzed the potential for anticompetitive harm, both horizontally and vertically, particularly concerning data access and control over claims clearinghouse innovations.",https://www.cornerstone.com/insights/cases/united-states-et-al-v-unitedhealth-group-incorporated-et-al/,1687998380
UNH,New Humira rivals likely to hit US market with small discounts in July,"Multiple biosimilar versions of AbbVie's top-selling drug Humira are expected to launch in the U.S. in July, adding to the competition started by Amgen in January. Despite increased generic competition, industry experts anticipate only small price discounts for these new versions due to pharmacy benefit managers' negotiation strategies. This pricing dynamic means that while health plans might secure some savings, patients paying co-insurance based on list prices may not see significant relief.",https://www.reuters.com/business/healthcare-pharmaceuticals/new-humira-rivals-likely-hit-us-market-with-small-discounts-july-2023-06-30/,1688119620
UNH,Value-Based Care: Operational Context Matters,"The article discusses the growing importance and implementation of value-based care (VBC) in the healthcare industry, primarily driven by Medicare's efforts to shift from volume to value. It highlights the FTI Consulting Value-based Care Operating Model, which comprises Clinical & Service Integration, Operations, and Financial Performance, emphasizing the need for organizational maturity to optimize VBC performance. The piece underlines that VBC is a permanent fixture in healthcare, requiring adaptable operational structures to succeed with varied patient populations.",https://www.fticonsulting.com/insights/articles/value-based-care-operational-context-matters,1688169344
UNH,Markets Brief: There’s Good News for Investors in Rates Staying Higher for Longer,"Despite the Federal Reserve's anticipated interest rate hikes, rising bond yields are creating attractive opportunities for investors, particularly in fixed-income assets. The strong June jobs report reinforces the likelihood of continued rate increases, but strategists believe this ""higher-for-longer"" environment allows investors to lock in significant yields, with even real returns exceeding inflation expectations. This shift signals a favorable period for revisiting fixed-income portfolios before the Fed concludes its hiking cycle.",https://www.morningstar.com/markets/markets-brief-theres-good-news-investors-rates-staying-higher-longer,1688770786
UNH,Janus Henderson’s Singapore CEO Surveys How Global Life Sciences Offer Potential Amidst Uncertainty,"Andrew Hendry, Singapore CEO of Janus Henderson Investors, presented on the enduring investment merits of healthcare and biotech, highlighting their resilience and upside potential amid global uncertainty. He noted that demographic trends, particularly the aging population in the US, continue to drive healthcare demand. Hendry also pointed out that major pharmaceutical companies are acquiring smaller firms due to expiring patents and high R&D costs, creating significant M&A opportunities and growth in the life sciences sector.",https://hubbis.com/article/janus-henderson-s-singapore-ceo-surveys-how-global-life-sciences-offer-potential-amidst-uncertainty,1688771814
UNH,Federal judge advances class action lawsuit against DaVita for alleged wage violations,"A federal judge has allowed a class action lawsuit against DaVita, Inc. to proceed, alleging the company failed to compensate nurses and technicians for interrupted meal breaks as required by law. While the judge narrowed the class to employees in nine specific states, she found sufficient evidence to suggest that DaVita nurses and technicians were deprived of paid meal breaks. DaVita denies a company-wide policy of violating labor laws, claiming interruptions are rare and compensated.",https://www.coloradopolitics.com/courts/federal-judge-advances-class-action-lawsuit-against-davita/article_0673adf6-202c-11ee-86bf-5f5a0dd770da.html,1689085828
UNH,"Home-Based Care M&A Rebounds Significantly In Q2, Highlighted By Addus’ $106M Tennessee Quality Care Deal","Home-based care mergers and acquisitions significantly rebounded in Q2 2023 with 29 transactions across home health, home care, and hospice sectors, surpassing Q1 2023 and Q2 2022 volumes. Notable deals include Addus HomeCare's $106 million acquisition of Tennessee Quality Care and Humana's CenterWell Home Health acquiring Trilogy Home Health. The activity signals a strong rebound, with demand for cashflow-positive companies driven by private equity interest and a potential active second half of 2023 despite proposed payment rule uncertainties for home health.",https://homehealthcarenews.com/2023/07/home-based-care-ma-rebounds-significantly-in-q2-highlighted-by-addus-106m-tennessee-quality-care-deal/,1689638400
UNH,HCA's raised forecast fails to impress amid spike in surgeries,"HCA Healthcare Inc. raised its annual profit forecast after beating quarterly earnings estimates, but its shares fell due to investor expectations for a stronger outlook reflecting a rebound in non-urgent medical procedures. Major insurers like UnitedHealth Group and Humana have already reported higher costs due to a surge in such surgeries. HCA, the largest for-profit hospital operator in the U.S., now expects adjusted core earnings between $12.3 billion and $12.8 billion, up from $12.1 billion and $12.7 billion previously.",https://www.reuters.com/business/healthcare-pharmaceuticals/hca-healthcare-raises-2023-profit-view-surgical-procedure-volumes-rebound-2023-07-27/,1690470780
UNH,AbbVie trims forecast for Humira sales drop on favorable coverage,"AbbVie has revised its 2023 forecast for Humira sales, now expecting a 35% decline instead of 37%, due to favorable insurance coverage for the drug despite new biosimilar competition. The company raised its annual profit forecast and announced that its newer immunology drugs, Skyrizi and Rinvoq, are performing strongly, helping to offset Humira's anticipated sales decline. This positive outlook led to a significant surge in AbbVie's shares.",https://www.reuters.com/business/healthcare-pharmaceuticals/abbvie-raises-annual-profit-forecast-humira-stays-strong-new-drugs-impress-2023-07-27/,1690480560
UNH,P&G Beats Profit and Sales Estimates on Higher Prices,"Procter & Gamble (PG) surpassed profit and sales estimates for its fiscal 2023 fourth quarter, driven by higher prices for its products, even while facing increased costs. Shares rose over 3% following the announcement. However, the company's outlook for fiscal 2024 fell below forecasts due to anticipated macroeconomic challenges.",https://www.investopedia.com/p-and-g-q2-2023-earnings-7566911,1690546320
UNH,Teva CEO says not too late to launch Humira biosimilar in 2024,"Teva Pharmaceutical Industries plans to launch its biosimilar version of AbbVie's Humira in 2024, despite a competitive market that saw eight companies launch similar products in 2023. CEO Richard Francis believes the market still offers opportunities, emphasizing Teva's autoinjector as a competitive advantage and the high quality of their biosimilar. He also noted that while the Humira biosimilar might not achieve initial forecasts, Teva's broader biosimilar pipeline, including a Stelara biosimilar in 2025, remains strong.",https://www.reuters.com/business/healthcare-pharmaceuticals/teva-pharm-ceo-not-too-late-launch-humira-biosimilar-2024-2023-08-02/,1690974300
UNH,CVS Health begins cost saving plan ahead of uncertain 2024,"CVS Health has initiated a cost-saving plan, including job cuts and the closure of its clinical trials services, in anticipation of a challenging 2024 for its health insurance business. The company also lowered its 2024 profit forecast and withdrew its 2025 earnings forecast, citing high integration costs from recent acquisitions and increasing medical costs. Despite these adjustments, CVS shares saw a modest increase.",https://www.reuters.com/business/healthcare-pharmaceuticals/cvs-health-beats-quarterly-profit-estimates-pbm-unit-strength-2023-08-02/,1690991040
UNH,Labor Department files suit alleging Wausau-based UMR Inc. wrongly denied medical claims,"The U.S. Department of Labor has filed a lawsuit against UMR Inc., a subsidiary of UnitedHealth Group Inc., alleging that the Wisconsin-based company routinely denied healthcare claims. The lawsuit, filed in federal court, claims UMR Inc. wrongly denied emergency room services and urinary drug screenings since 2015.",https://www.jsonline.com/story/money/business/2023/08/04/wisconsin-company-sued-over-wrongly-denying-medical-claims-since-2015/70528206007/,1691164500
UNH,GSK will close its factory in Nigeria and move to third party direct distribution,"GlaxoSmithKline (GSK) Consumer Nigeria is shutting down its manufacturing operations and moving to a third-party distribution model, impacting 290 employees. While Nigerian media link this to foreign exchange shortages, the article suggests GSK's decision is more influenced by its corporate demerger with Haleon and a strategic review of African operations, exemplified by similar moves in Kenya. This transition follows a trend of multinational companies restructuring their presence in Nigeria due to economic challenges and strategic shifts.",https://trendtype.com/news/gsk-will-close-its-factory-in-nigeria-and-move-to-third-party-direct-distribution/,1691533542
UNH,Enhabit Announces Intent to Launch Strategic Alternatives Process,"Enhabit Inc. announced its intent to launch a strategic review process to explore various options for the company's future, including a potential sale or merger. This decision is driven by the need to satisfy conditions of its Tax Matters Agreement with Encompass Health Corp. and comes amidst significant M&A activity within the home health industry. The company's Q2 results showed a net loss and a decline in home health revenue, leading some analysts to express disappointment despite progress in MA contracts.",https://homehealthcarenews.com/2023/08/enhabit-announces-intent-to-launch-strategic-alternatives-process/,1691677868
UNH,DOJ taking a closer look at UnitedHealth's $3.3B bid for Amedisys,"The Department of Justice (DOJ) is requesting more information from Amedisys regarding its proposed $3.3 billion acquisition by UnitedHealth Group. This ""second request"" for information extends the waiting period for the deal to close, allowing regulators to further scrutinize potential antitrust concerns. While previous large healthcare deals have faced similar delays and ultimately closed, the DOJ and FTC have indicated increased oversight of mergers in the healthcare sector.",https://www.fiercehealthcare.com/providers/doj-taking-closer-look-unitedhealths-33b-bid-amedisys,1691793426
UNH,"Progressive had a great quarter, but it's not Jim Cramer's top insurance stock","Progressive reported strong quarterly results, leading to an 8.43% rise in its shares. Despite this, CNBC's Jim Cramer prefers Chubb as his top insurance pick, citing its benefits from higher interest rates, which aligns with recent Federal Reserve hikes and contributed to Chubb's earnings beat.",https://www.cnbc.com/2023/08/16/progressive-had-a-great-quarter-but-its-not-jim-cramers-top-insurer.html,1692183780
UNH,"GSK Announces AREXVY, Its Respiratory Syncytial Virus (RSV) Vaccine, Is Now Available at All Major US Retail Pharmacies","GSK announced that its Respiratory Syncytial Virus (RSV) vaccine, AREXVY, is now available at all major US retail pharmacies. This makes the vaccine widely accessible to adults aged 60 and older ahead of the fall and winter RSV season, with most Medicare and commercial insurance plans expected to cover it. The vaccine is indicated for the prevention of RSV-lower respiratory tract disease in older adults and was approved by the FDA on May 3rd, 2023, as the world's first RSV vaccine for this demographic.",https://www.biospace.com/gsk-announces-arexvy-its-respiratory-syncytial-virus-rsv-vaccine-is-now-available-at-all-major-us-retail-pharmacies,1692311065
UNH,Tammi Morton takes on Chief Security Officer role at UnitedHealth Group,"Tammi Morton has been appointed as the new Chief Security Officer at UnitedHealth Group, bringing nearly 30 years of security experience to the role. She will lead the Enterprise Workplace Security Program, focusing on protecting the company's global workforce and physical assets. Morton's extensive background includes leadership positions at Raytheon Technologies, United Technologies Corporation, Hewlett Packard Inc., and Merck.",https://www.securitymagazine.com/articles/99776-tammi-morton-takes-on-chief-security-officer-role-at-unitedhealth-group,1692398944
UNH,Is CVS Stock a Buy After Blue Shield of California Dropped the Company?,"CVS Health was recently dropped by Blue Shield of California as a pharmacy benefit manager in favor of new entrants like Amazon Pharmacy, leading Morningstar to maintain a ""buy"" rating on CVS stock despite reducing its fair value estimate to $103 per share from $113. While this client loss highlights potential industry disruption and policy risks, Morningstar believes CVS remains significantly undervalued and possesses a narrow economic moat due to its scale and diverse operations in medical insurance, PBM, and pharmacy retail. The company is expected to face growth hurdles in its PBM and Medicare Advantage businesses, but new healthcare service acquisitions offer higher-margin opportunities.",https://www.morningstar.com/stocks/is-cvs-stock-buy-after-blue-shield-california-dropped-it,1692742570
UNH,"4 New Insights On The Amedisys, Optum, Option Care Health Saga","This article provides four new insights into the acquisition saga involving Amedisys, Optum, and Option Care Health, drawing from an SEC filing. It reveals that UnitedHealth Group's interest in Amedisys dates back to 2020, Option Care Health faced multiple competitors, and other payers were involved in potential bids. A significant factor influencing Amedisys' decision to consider acquisition was the unexpected negative changes in Medicare reimbursement rates by CMS.",https://homehealthcarenews.com/2023/08/4-new-insights-on-the-amedisys-optum-option-care-health-saga/,1693521426
UNH,UnitedHealthcare announces data breach involving South Carolina residents,"UnitedHealthcare announced a data breach affecting some South Carolina residents, where an unauthorized third party accessed a broker portal between December 2022 and January 2023. The breach involved personal health information such as names, member IDs, plan types, and residency details, but did not expose Social Security numbers, driver's licenses, or financial accounts. UHC has notified law enforcement, implemented additional safeguards, and will inform affected individuals directly.",https://www.wspa.com/news/state-news/unitedhealthcare-announces-data-breach-involving-south-carolina-residents/,1693592280
UNH,UnitedHealthcare data breach: Officials warning Texas residents about incident,"UnitedHealthcare (UHC) has reported a data security incident affecting certain Texas residents, involving personal health information such as names, member IDs, plan types, and residency details. The breach, which occurred between December 1, 2022, and January 25, 2023, involved an unauthorized third party accessing a UHC broker portal. UHC states that social security numbers, driver's license numbers, or financial account information were not compromised, and affected individuals are being notified, with a dedicated hotline available for questions.",https://www.fox26houston.com/news/unitedhealthcare-data-breach-officials-warning-texas-residents-about-incident,1693605709
UNH,Humana sues HHS over Medicare Advantage audits,"Humana has filed a lawsuit against the Department of Health and Human Services (HHS) challenging the federal regulators' new rule for auditing Medicare Advantage (MA) payments. The company, a major MA plan provider, argues that the rule is ""arbitrary and capricious,"" particularly disagreeing with the elimination of a ""fee-for-service adjuster"" used to ensure payment parity. This legal action comes as concerns rise over potential MA overpayments, with some watchdogs estimating billions in excess payments.",https://www.healthcaredive.com/news/humana-sues-hhs-ma-risk-adjustment-audits/692665/,1693949851
UNH,How Contessa’s Palliative Care Business Factored Into the Amedisys-Optum Transaction,"The acquisition of Amedisys by Optum was significantly influenced by negotiations surrounding Amedisys' Contessa subsidiary, particularly its palliative care business. Accounting changes related to Contessa's risk-based palliative care contracts initially complicated Amedisys' merger talks with Option Care Health, leading to revised ownership terms. Ultimately, Optum's superior, all-cash offer led Amedisys to terminate the Option Care deal and accept Optum's proposition, reflecting UnitedHealth Group's strategic interest in home-based care and palliative services.",https://hospicenews.com/2023/09/05/how-contessas-palliative-care-business-factored-into-the-amedisys-optum-transaction/,1693950564
UNH,"Polyclinic, Everett Clinic parent company lays off WA employees","Optum Washington, the parent company of The Polyclinic and Everett Clinic, has laid off an undisclosed number of employees in Washington. This decision follows similar job cuts at several Seattle-area hospitals over the past year, as the healthcare industry grapples with stagnant revenues and increasing operational costs. The layoffs reflect a broader trend of financial challenges affecting the region's healthcare providers.",https://www.bizjournals.com/seattle/news/2023/09/05/layoffs-optum-washington.html,1693951309
UNH,Are super-personalized solutions the future of healthcare?,"Johnson & Johnson is pioneering precision medicine, aiming to develop individualized treatments based on a patient’s genetic profile to move beyond the traditional one-size-fits-all approach. The company is actively working on targeted therapies for various diseases, partnering with diagnostic companies, and focusing on educating patients and physicians to overcome barriers to access. This approach promises more effective treatments and better outcomes by ensuring patients receive the right test and the right therapy at the right time.",https://www.jnj.com/innovation/are-super-personalized-solutions-the-future-of-healthcare,1694703581
UNH,Home-Based Care Provider BrightSpring Health Services Again Eyeing IPO,"BrightSpring Health Services, backed by KKR, is once again planning an IPO, aiming to raise $1 billion after shelving an $800 million IPO bid in late 2022. The company, which provides home- and community-based services to 350,000 patients daily, expects the listing to occur in the fourth quarter. This move comes despite challenges in the public market for home health and hospice providers, with BrightSpring's diversified services potentially offering some insulation.",https://homehealthcarenews.com/2023/09/home-based-care-provider-brightspring-health-services-again-eyeing-ipo/,1695600000
UNH,Paine Schwartz' $1.7bn agrifood fund: The Week in AgriFoodTech,"Paine Schwartz closed its latest $1.7 billion food and agribusiness-focused fund, with 40% already deployed to sustainable investments. This week in AgriFoodTech also saw Tikehau Capital investing in a biologicals startup, Infarm declared bankrupt, and ongoing layoffs in the sector. The article summarizes significant funding rounds, M&A activities, and other news across foodtech and agtech.",https://agfundernews.com/the-week-in-agrifoodtech-paine-schwartz-launches-1-7bn-agrifood-fund-astanor-ventures-raises-384m-infarm-declared-bankrupt,1695936388
UNH,An Inside Look Into UnitedHealthcare Group’s Commitment to Diversity Equity And Inclusion,"UnitedHealth Group (UHG) is actively working to foster a diverse, equitable, and inclusive environment through strategic programs. The company's efforts include recruitment initiatives, building cultural competencies, and focusing on representation across demographics, with women holding 40% of top leadership roles. Additionally, UHG is investing $100 million philanthropically to advance a more diverse healthcare workforce and address health equity across six key areas by 2033.",https://afrotech.com/an-inside-look-into-unitedhealthcare-groups-commitment-to-diversity-equity-and-inclusion,1696281070
UNH,"Alignment Health, Instacart roll out co-branded Medicare Advantage plans","Alignment Health and Instacart are launching co-branded Medicare Advantage (MA) plans in 2024 across 13 California and Nevada counties. These plans will offer enhanced food benefits, including quarterly allowances for groceries and complimentary Instacart+ memberships, aiming to address food insecurity and transportation barriers for chronically ill dual-eligible seniors. This partnership highlights the competitive nature of the MA market, with Alignment Health focusing on comprehensive benefits and strong market penetration.",https://www.fiercehealthcare.com/payers/insurtech-alignment-healths-medicare-advantage-menu-2024-includes-enhanced-food-benefits,1696339440
UNH,Cigna will pay $172 million for allegedly overcharging Medicare Advantage,"Cigna has agreed to pay $172 million to settle allegations that it overcharged Medicare Advantage by submitting false diagnostic codes. The lawsuit, brought under the False Claims Act, claims Cigna used vendor-conducted in-home assessments to generate inaccurate codes that led to increased payments. This settlement follows another recent lawsuit against Cigna regarding its alleged use of algorithms to improperly deny claims.",https://www.healthcarefinancenews.com/news/cigna-will-pay-172-million-allegedly-overcharging-medicare-advantage,1696365278
UNH,Humana CEO stepping down after more than 10 years; successor named,"Humana Inc. CEO Bruce Broussard will step down in 2024 after more than 10 years at the helm. Kentucky-native Jim Rechtin, President and CEO of Envision Healthcare, will take over as Humana's chief operating officer in the latter half of 2024. Broussard will remain with the company as a strategic advisor into 2025.",https://www.whas11.com/article/money/consumer/humana-ceo-bruce-broussard-stepping-down-successor-jim-rechtin-louisville-kentucky/417-b93ee41c-b68c-4220-b1ba-e74d74fd7f8b,1697016480
UNH,Higher Prices Drive Procter & Gamble's Better-Than-Expected Earnings,"Procter & Gamble (PG) reported stronger-than-expected Q1 FY 2024 earnings, with sales up 6% and profit up 17% year-over-year, primarily driven by higher product prices. While some segments saw declining sales volume due to these price increases, the overall financial performance remained robust. The company's successful management of prices and margins has been crucial in navigating inflation, leading to a significant increase in gross margin for the quarter.",https://www.investopedia.com/higher-prices-drive-up-procter-and-gamble-earnings-8358345,1697620800
UNH,Barclays appoints Jed Brody as Head of Americas Healthcare Banking,"Barclays has appointed Jed Brody as a Managing Director and Head of Americas Healthcare Banking, based in New York. Brody rejoins Barclays from Leerink Partners and has over 20 years of experience in the industry, including significant transaction work. This appointment is part of Barclays' continued investment in its Healthcare coverage, following other recent key hires in the sector.",https://www.businesswire.com/news/home/20231019544165/en/Barclays-appoints-Jed-Brody-as-Head-of-Americas-Healthcare-Banking,1697748492
UNH,A heart for people: The common thread in medical assistants,"HCA Healthcare recognizes its 4,000+ medical assistants annually during the third week of October for their vital role in patient care. This article highlights five HCA Healthcare medical assistants – Tracy Shortt, Hunter Lawson, Ella Floyd, Casey May, and Bonnie Greene – showcasing their dedication and compassion. Each individual shares their motivation for working in healthcare, emphasizing a common commitment to helping others and making a positive impact on patients' lives.",https://hcahealthcaretoday.com/2023/10/20/a-heart-for-people-the-common-thread-in-medical-assistants/,1697834796
UNH,6 Top Geriatric Psychiatry Services in San Diego,"This article highlights six top geriatric psychiatry services in San Diego, emphasizing the specialized care available for older adults facing mental health challenges such as depression, anxiety, and dementia. Each listed provider offers unique expertise, compassionate approaches, and comprehensive treatment plans tailored to the needs of seniors, aiming to enhance their quality of life. The piece also includes a FAQ section defining geriatric psychiatry and addressing common concerns about mental health in older adults.",https://lajolla.com/article/geriatric-psychiatry-san-diego/,1697835154
UNH,Centene Expects ‘Really Nice Tailwinds’ For Medicaid Behavioral Health Division,"Centene Corp. anticipates significant growth in its Medicaid behavioral health division due to state governors prioritizing behavioral health. The company, which acquired Magellan Health in 2022, sees opportunities to expand its services and integrate physical and mental health care. While behavioral health costs are not currently a major driver of overall medical expenses, Centene continues to monitor utilization, especially for substance use and opioid use disorder.",https://bhbusiness.com/2023/10/24/centene-expects-really-nice-tailwinds-for-medicaid-behavioral-health-division/,1698105600
UNH,Option Care Health resets M&A strategy after failed Amedisys bid,"Option Care Health is re-evaluating its merger and acquisition strategy following the unsuccessful bid for Amedisys. The company's President and CEO, John Rademacher, is leading this pivot. This strategic shift comes after the Amedisys deal did not materialize.",http://www.modernhealthcare.com/providers/option-care-health-john-rademacher-amedisys-deal/,1698728400
UNH,"How Quality, Utilization Will Shape Hospice M&A in 2024","The hospice industry's M&A landscape in 2024 will be significantly influenced by quality and utilization metrics, as a more diverse group of buyers, including private equity and health systems, engage in transactions. Payers, specifically, are showing increased interest due to hospice's value proposition in cost savings and quality outcomes. Providers like Stillwater Hospice and VITAS Healthcare emphasize the importance of demonstrating quality data and forming strategic partnerships to maintain competitiveness amidst ongoing consolidation and financial pressures.",https://hospicenews.com/2023/11/14/how-quality-utilization-will-shape-hospice-ma-in-2024/,1699990990
UNH,Lawsuit Over UnitedHealth Group’s AI Strategy Corroborates Home Health Providers’ Convener Claims,"A class action lawsuit has been filed against UnitedHealth Group (UNH) over its naviHealth subsidiary's alleged use of AI algorithms to deny care for Medicare Advantage beneficiaries. This lawsuit echoes long-standing complaints from home health providers regarding conveners' role in dictating care and potentially suppressing utilization. While Optum refutes the allegations, the case highlights growing concerns about AI's influence in healthcare and the practices of post-acute care conveners.",https://homehealthcarenews.com/2023/11/lawsuit-over-unitedhealth-groups-ai-strategy-corroborates-home-health-providers-convener-claims/,1700166057
UNH,Legendary value investor's firm launches new fund targeting ‘quality' stocks,"Legendary value investor Jeremy Grantham's firm, GMO, has launched its first active ETF, the GMO U.S. Quality ETF, focusing on ""quality"" stocks. Managed by Tom Hancock, the fund targets companies that can sustainably deploy capital at high rates of return, primarily in technology, healthcare, and consumer staples, offering potential tax advantages and ease of trading for clients. The ETF aims to identify ""battleship companies"" with strong balance sheets and competitive moats.",https://www.nbcdfw.com/news/business/money-report/legendary-value-investors-firm-launches-new-fund-targeting-quality-stocks/3391485/,1700337658
UNH,"At Hologic, women come first. And that help extends to employees in many stages of familyhood.","Hologic, a medical devices company focused on women's health, offers extensive benefits to support female employees through various stages of familyhood. These benefits include fertility services through Progyny, $10,000 child adoption reimbursements, free nurse lactation consultations, and breastmilk storage and delivery services via Milk Stork. The company aims to attract and retain female talent by providing comprehensive support, ultimately enabling new mothers to return to the workforce sooner.",https://www.sandiegouniontribune.com/2023/11/19/at-hologic-women-come-first-and-that-help-extends-to-employees-in-many-stages-of-familyhood/,1700380800
UNH,Cash-strapped Crozer Health turns to Temple and Jefferson for help maintaining services,"Crozer Health, facing severe financial difficulties under Prospect Medical Holdings, is seeking partnerships with Temple and Jefferson Health to maintain vital services and avoid further closures. The health system's troubles, including vendor payment issues and a state citation for closing a transplant program, mirror problems at other Prospect hospitals in Connecticut and Rhode Island. Amidst litigation and an ongoing agreement to sell, Crozer's future remains uncertain.",https://www.inquirer.com/health/crozer-health-prospect-medical-holdings-connecticut-rhode-island-20231122.html,1700629200
UNH,"UnitedHealth Group’s ‘Flawed’ AI Model Wrongfully Denies Elderly Patients Post-Acute Care Coverage, Class Action Alleges","A class-action lawsuit has been filed against UnitedHealth Group, UnitedHealthcare, and naviHealth, alleging that they use a ""flawed"" AI model called ""nH Predict"" to wrongfully deny post-acute care coverage to elderly patients with Medicare Advantage Plans. The lawsuit claims that this AI algorithm leads to premature denial of necessary medical care, forcing patients to leave facilities or pay out-of-pocket, contradicting Medicare Advantage plan coverage rules. The plaintiffs assert that the companies discipline employees who deviate from the AI's recommendations, prioritizing cost savings over personalized patient care, and that the high reversal rate of denied claims via appeals proves the model's inaccuracy.",https://www.classaction.org/news/unitedhealth-groups-flawed-ai-model-wrongfully-denies-elderly-patients-post-acute-care-coverage-class-action-alleges,1700684457
UNH,UnitedHealth forecasts 2024 revenues that top expectations,"UnitedHealth Group Inc. released its 2024 outlook, forecasting revenues of $400 billion to $403 billion, exceeding the FactSet consensus of $394 billion. The company expects adjusted earnings per share between $27.50 and $28.00, aligning with analyst estimates. UnitedHealth also reaffirmed its long-term EPS growth target of 13% to 16%.",https://www.marketwatch.com/story/unitedhealth-forecasts-2024-revenues-that-top-expectations-57ed5acd?gaa_at=eafs&gaa_n=AWEtsqfXPja-2UTcrZmwsD_1CSpxJccvrjAw9BbokQXhfqXFT3blsLMbHuKJ&gaa_ts=699a172c&gaa_sig=_Lz2M_H2VBIb9GSS1daso5IaboArtY2CBL03gWcVd-lLmfI04uhygbLwhfSq32s7fu7ycM_LIDM8nmWhkDE_yg%3D%3D,1701248520
UNH,Why Fidelity Low-Priced Stock Still Gets a High Rating,"Fidelity Low-Priced Stock (FLPSX) maintains its ""Silver"" Morningstar Medalist Rating due to the strength of its new co-lead managers, Morgen Peck and Sam Chamovitz, and its disciplined investment approach. The fund is completing a management transition from legendary manager Joel Tillinghast and continues to show strong performance, boasting diversified holdings with above-market profitability and below-average debt, along with significant international exposure. Peck and Chamovitz have made recent portfolio adjustments, including paring large-cap stocks and increasing small- and mid-cap holdings, while upholding the fund's unique risk/return profile.",https://www.morningstar.com/funds/why-fidelity-low-priced-stock-still-gets-high-rating,1701715636
UNH,Eli Lilly obesity drug now available in US pharmacies,"Eli Lilly's newly approved obesity treatment, Zepbound, is now available in U.S. pharmacies, with a potential cost of $550 per month for those without insurance coverage, which is half its list price. The drug enters a rapidly growing market, with Wall Street analysts projecting Zepbound sales to reach approximately $2 billion in 2024. Zepbound has already been added to the preferred medicines list by at least one major pharmacy benefit manager, Cigna's Express Scripts.",https://www.reuters.com/business/healthcare-pharmaceuticals/eli-lillys-obesity-drug-now-available-us-pharmacies-2023-12-05/,1701802426
UNH,"Applied Research Works, Inc. Announces Cozeva's Achievement in NCQA's Data Aggregator Validation Program","Applied Research Works, Inc. (ARW) announced that its product, Cozeva, has successfully passed NCQA's Data Aggregator Validation (DAV) program, including the addition of Cozeva User Interface Entered + Enhanced Natural Language Processing (NLP) and FHIR output. This achievement is expected to significantly improve HEDIS reporting for healthcare providers and payers by extending data collection timelines and reducing chart chase burden, ultimately enhancing data quality and provider participation. The DAV certification from NCQA allows ARW customers to bypass costly Primary Source Verification and efficiently gather clinical information, transforming healthcare data management.",https://www.accessnewswire.com/newsroom/en/healthcare-and-pharmaceutical/applied-research-works-inc.-announces-cozevas-achievement-in-ncqas-dat-814509,1701914400
UNH,"Cigna abandons pursuit of Humana, plans $10 billion share buyback, sources say","Cigna has reportedly ended its attempt to acquire Humana after the two companies failed to agree on a price. Following this decision, Cigna announced plans for an additional $10 billion in share repurchases, bringing the total to $11.3 billion, citing significant undervaluation of its shares. Cigna is also exploring the sale of its Medicare Advantage business, a move that could potentially aid future consolidation efforts and address antitrust concerns.",https://www.cnbc.com/2023/12/10/cigna-reportedly-abandons-pursuit-of-humana-plans-10-billion-share-buyback-sources-say.html,1702216980
UNH,Cigna’s ‘Bolt-On’ Deals Could Target Smaller Health Insurers Or Providers,"Cigna's CEO David Cordani announced that the company will pursue ""bolt-on acquisitions"" after reportedly abandoning a larger deal with Humana. These acquisitions could focus on smaller health insurers to bolster Cigna's presence in areas like Medicare Advantage or expand its commercial and employer coverage. Additionally, Cigna's Evernorth health services business might target doctor practices or other healthcare providers, following a trend seen with rivals like CVS Health and UnitedHealth Group.",https://www.forbes.com/sites/brucejapsen/2023/12/11/cignas-bolt-on-deals-could-target-smaller-health-insurers-or-providers/,1702320701
UNH,Survey: Majority of Healthcare Executives Foresee Better Organizational Health in 2024,"A new survey by AMN Healthcare reveals that 52% of healthcare executives anticipate better organizational health in 2024, an increase from 37% in the previous year, despite ongoing financial challenges and high leadership turnover. The survey also indicates that 66% of executives plan to seek new opportunities, and facilities are increasingly using interim leaders to fill vacancies. Expanding existing service lines and implementing cost reduction measures are identified as top revenue enhancement strategies for the coming year.",https://www.globenewswire.com/news-release/2023/12/12/2794776/0/en/Survey-Majority-of-Healthcare-Executives-Foresee-Better-Organizational-Health-in-2024.html,1702371600
UNH,"National Vision Holdings, Inc. Accepts the Resignation of Heather Cianfrocco as Director","National Vision Holdings, Inc. (EYE) announced that its Board of Directors accepted the resignation of Heather Cianfrocco as a director, effective December 7, 2023. Ms. Cianfrocco's resignation was due to a change in her role at UnitedHealth Group, and there were no disagreements with the Company. Following her departure, the Board reduced its size from nine to eight members.",https://www.marketscreener.com/quote/stock/NATIONAL-VISION-HOLDINGS--38226958/news/National-Vision-Holdings-Inc-Accepts-the-Resignation-of-Heather-Cianfrocco-as-Director-45556141/,1702397160
UNH,"Humana uses AI to deny elderly patients Medicare care, class action claims","A class action lawsuit has been filed against Humana Inc., alleging that the company uses an AI model, nH Predict, to unlawfully deny medically necessary care to elderly patients with Medicare Advantage plans. The plaintiffs claim Humana continues to use this flawed AI despite knowing its inaccuracies, leading to patients being denied care or prematurely removed from care facilities. The lawsuit seeks to represent a nationwide class and alleges unjust enrichment, breach of contract, and breach of good faith and fair dealing.",https://topclassactions.com/lawsuit-settlements/lawsuit-news/humana-uses-ai-to-deny-elderly-patients-medicare-care-class-action-claims/,1702997449
UNH,Humana sued for allegedly using AI for Medicare Advantage denials,"Humana is being sued in a class action lawsuit for allegedly using its nH Predict AI model to deny care to Medicare Advantage members. The lawsuit claims the AI model makes ""highly inaccurate"" recovery predictions, leading to premature termination of payments for rehabilitative care and forcing patients to end care early or use personal savings. This follows similar lawsuits against UnitedHealth Group, which developed nH Predict, and Cigna regarding their use of algorithms for claim denials.",https://www.healthcarefinancenews.com/news/humana-sued-allegedly-using-ai-medicare-advantage-denials,1702997460
UNH,UnitedHealth Could Be A Combination Of Dividend Growth And Capital Appreciation (NYSE:UNH),"UnitedHealth Group (UNH) is presented as a strong investment opportunity for 2024, combining dividend growth and capital appreciation potential. The company's robust financial health, featuring a strong balance sheet, low debt, and consistent growth in revenue, net income, and free cash flow over the last decade, underpins this outlook. UNH operates as a defensive stock within the healthcare sector through its UnitedHealthcare and Optum divisions, serving millions.",https://seekingalpha.com/article/4660263-unitedhealth-combination-dividend-growth-capital-appreciation-2024,1703840400
UNH,Our history,"This article chronicles the history of CVS Health, detailing key milestones from its founding in 1963 as a Consumer Value Store to its evolution into a major healthcare company. It highlights significant acquisitions, strategic shifts, and commitments to public health and community initiatives, including its response to the COVID-19 pandemic and recent acquisitions in 2023. The narrative emphasizes CVS Health's continuous growth and unwavering commitment to consumers, now serving over 100 million people daily.",https://www.cvshealth.com/about/our-strategy/company-history.html,1704067199
UNH,Here are Seacoast 10 to Watch young professionals winners for 2023,"The 2023 10 To Watch contest recognized young professionals under 40 in the Seacoast region at an awards ceremony on October 11 in Portsmouth. This year marked the 10th anniversary of the contest, presented by Catapult Seacoast and Local iQ, and sponsored by Bank of America, Heritage Home Services, and Eversource. The article details the achievements and community contributions of ten winners, including bankers, healers, marketing coordinators, housing advocates, and entrepreneurs.",https://www.seacoastonline.com/story/news/2023/10/12/seacoast-10-to-watch-young-professionals-winners-2023/71145944007/,1704067199
UNH,Digital Mental Health Startup Tava Health Lands $16M,"Tava Health, a virtual mental health company, has secured $16 million in fundraising and is seeking an additional $4 million to close the round. The company partners with employers to provide accessible, evidence-based mental health care, distinguishing itself from traditional EAPs by offering quicker access and ongoing support. This funding comes amidst a generally sluggish quarter for digital health investments, though digital behavioral health has shown relative strength with other notable deals.",https://bhbusiness.com/2024/01/02/digital-mental-health-startup-tava-health-lands-16m/,1704219054
UNH,"UnitedHealth’s rehab restrictions, Texas medical school drama, and health care’s biggest profits","This article covers several key issues in the healthcare industry, including UnitedHealth Group's alleged use of specific rules and an algorithm to deny rehab care for Medicare Advantage members. It also explores an analysis of the most profitable sectors in healthcare, the watch-worthy health policies in various states, and a critical look at how a medical school in Austin, Texas, prioritized its own development over providing care for indigent patients. Additionally, the article discusses a new appeals process for Medicare beneficiaries mislabeled as outpatients, and recent financial news from Devoted Health, UnitedHealth, Bright Health Group, and Regeneron Pharmaceuticals.",https://www.statnews.com/2024/01/02/unitedhealth-rehab-restriction-health-care-inc/,1704220722
UNH,One Year Later: Recapping Quality Growth in 2023,"The article reviews the performance of the WisdomTree U.S. Quality Growth Fund (QGRW) in 2023, one year after its launch. It highlights QGRW's outperformance against the Russell 1000 Growth Index, attributing much of this to its focus on high-quality growth stocks with strong profitability. The semi-annual rebalance and key characteristics of the index are also discussed, alongside potential portfolio construction strategies combining QGRW with the WisdomTree U.S. Quality Dividend Growth Fund (DGRW).",https://www.etftrends.com/model-portfolio-content-hub/one-year-later-recapping-quality-growth-2023/,1704602677
UNH,"UnitedHealth Group Inc. stock rises Tuesday, outperforms market","UnitedHealth Group Inc. (UNH) stock rose 0.34% to $538.37 on Tuesday, outperforming the broader market which saw declines in the S&P 500 and Dow Jones Industrial Average. This increase broke a two-day losing streak for the company's shares. The market faced a rough trading session overall.",https://www.marketwatch.com/data-news/unitedhealth-group-inc-stock-rises-tuesday-outperforms-market-dea10fdf-20e796842779?gaa_at=eafs&gaa_n=AWEtsqct9_L5PH5mTP13rdKBC7LnfGhNTSEwUnX5ZVldoX4BpwJ5RMX8u50U&gaa_ts=6999ff35&gaa_sig=MwuPqn85e-hwTiy-BXnF3wyuaeU7R-Hltzsm8v9t2HOqTw5cXZ8M9kblMTon8UY5_LG_sfV1pvYjfDtJSUZaPQ%3D%3D,1704817920
UNH,Marcus & Millichap sells 217-unit apartment community in St. Louis Park,"Marcus & Millichap successfully brokered the sale of Via Sol, a 217-unit multifamily property in St. Louis Park, Minnesota. The transaction involved both the representation of the seller, Place E-Generation One LLC, and the procurement of the buyer, Bigos-Via Sol LLC, by Abe Roberts, Will Balthrope, and Drew Garza. Completed in 2022, the property boasts sustainable infrastructure and a range of amenities, and is conveniently located near major corporate headquarters.",https://rejournals.com/marcus-millichap-sells-217-unit-apartment-community-in-st-louis-park/,1704997286
UNH,The UnitedHealth Group Inc (UNH) DCF Valuation: Is The Stock Undervalued?,"This article analyzes UnitedHealth Group Inc (UNH) using a Discounted Cash Flow (DCF) valuation model to determine if the stock is undervalued. Based on the DCF analysis, which included a 6% discount rate and 2% terminal growth rate, UNH appears to be undervalued with a margin of safety of 34.72%, suggesting an intrinsic value of $826.48 per share compared to a current market price of $539.54. The authors emphasize that this is a preliminary analysis and investors should conduct their own thorough research.",https://acquirersmultiple.com/2024/01/the-unitedhealth-group-inc-unh-dcf-valuation-is-the-stock-undervalued/,1704998321
UNH,UnitedHealth Group Looks Buyable After AI-Fueled Double Beat,"UnitedHealth Group (NYSE: UNH) reported a double beat on fourth-quarter earnings, exceeding analyst expectations for both EPS and revenue. Despite this, the stock initially dropped due to investor concerns over a sharp rise in medical expenses, particularly from its Medicare Advantage business. However, the company's Optum division, leveraging AI for revenue accuracy and efficiency, showed significant growth, and technical analysis suggests UNH stock could be a buy as it approaches its 100-day simple moving average.",https://www.marketbeat.com/originals/unitedhealth-group-looks-buyable-after-ai-fueled-double-beat/,1705084721
UNH,Key highlights from UnitedHealth Group’s (UNH) Q4 2023 earnings results,"UnitedHealth Group (NYSE: UNH) released its Q4 2023 earnings report, showing a significant increase in total revenues to $94.4 billion from $82.8 billion year-over-year. Net earnings attributable to common shareholders rose to $5.4 billion, or $5.83 per share, with adjusted EPS reaching $6.16. The company also returned $14.8 billion to shareholders during 2023 through dividends and share repurchases.",https://news.alphastreet.com/key-highlights-from-unitedhealth-groups-unh-q4-2023-earnings-results/,1705084721
UNH,UnitedHealth Earnings: Diversification Benefits On Display as Medical Utilization Rises,"UnitedHealth Group reported stronger-than-expected fourth-quarter results, driven by its diversified business model despite rising medical utilization. While medical insurance operating profit growth was constrained, the Optum franchises, particularly Optum Health and Optum Rx, benefited from these trends, offsetting weakness. Morningstar maintains its 2024 earnings forecast for UnitedHealth slightly above management's outlook, anticipating the company to outperform initial projections.",https://www.morningstar.com/stocks/unitedhealth-earnings-diversification-benefits-display-medical-utilization-rises,1705084721
UNH,"Global Medicine Spending to Reach $2.3 Trillion by 2028 as More Patients Get Access to Better Therapies, Says IQVIA Institute Report","A new IQVIA Institute report projects global medicine spending to hit $2.3 trillion by 2028, driven by increased patient access to novel therapies, especially in immunology, endocrinology, and oncology. This updated outlook raises the growth forecast despite lower expectations for COVID-19 vaccines and therapeutics, indicating that global use and spending are surpassing pre-pandemic rates. The report highlights significant growth drivers including innovative oncology drugs and GLP-1 agonists for obesity, while noting the impact of biosimilars on immunology spending.",https://www.stocktitan.net/news/IQV/global-medicine-spending-to-reach-2-3-trillion-by-2028-as-more-bw7x59dsjc9u.html,1705471200
UNH,Which companies are ‘Most Admired for HR’? Here are the leaders,"The 19th annual ""Most Admired for HR"" list, compiled by Korn Ferry and HRE, shows significant shifts, with DHL Group rising to No. 1. Megabanks and semiconductor companies also saw substantial climbing in rankings, while perennial leaders like Apple maintained high positions. The report highlights trends like emphasizing learning and development, strategic workforce planning, and a focus on culture alignment with business objectives for HR excellence.",https://hrexecutive.com/which-companies-are-most-admired-for-hr-here-are-the-leaders/,1705515445
UNH,Humana patients are using their insurance more than expected,"Humana announced a surprise increase in medical costs due to higher-than-anticipated insurance utilization, particularly in Medicare Advantage. This led to a significant drop in Humana's stock and a lowered profit outlook for 2024. The trend, believed to be industry-wide, could result in higher premiums in 2025.",https://www.axios.com/2024/01/18/humana-higher-prices-costs-insurance-health-care,1705536000
UNH,Humana Tumbles After Cutting 2023 Outlook On High Medical Costs,"Humana Inc. shares plummeted after the company cut its 2023 earnings outlook due to higher-than-expected medical costs and forecast sluggish enrollment growth for the current year. This news led to a decline in shares across the health insurance sector, although some losses were pared later in the day. Humana closed down 8% following the announcement.",https://www.bloomberg.com/news/articles/2024-01-18/humana-cuts-2023-earnings-outlook-on-high-medicare-costs,1705578960
UNH,"UnitedHealth Group Inc. stock falls Friday, underperforms market","UnitedHealth Group Inc. (UNH) stock fell 2.48% on Friday, closing at $503.56. This decline occurred despite a strong day for the broader market, with the S&P 500 Index rising 1.23% and the Dow Jones Industrial Average increasing by 1.05%. This marks the second consecutive day of losses for UnitedHealth Group's stock.",https://www.marketwatch.com/data-news/unitedhealth-group-inc-stock-falls-friday-underperforms-market-c7ba3e9e-fef63c1249c9?gaa_at=eafs&gaa_n=AWEtsqdVb8o6Z0IpB-sUbcfD_dC2f41g-1mk7fMZWglfTfUTfgAWZ5npiPAI&gaa_ts=6999ff35&gaa_sig=iW8yRvilk7NMDVMDZW0EVApLQ5qhEdsbfYCvKw97Lgh7uagEKuJj6ko-9taAnBgV77VCMsQ8azzwpokpqPupGQ%3D%3D,1705681920
UNH,Medicaid Innovation Collaborative Announces 5 Pilot Programs To Improve Outcomes for Medicaid Patients,"The Medicaid Innovation Collaborative (MIC) unveiled five new pilot programs in Kentucky, New York, and Iowa, aiming to enhance the health outcomes of Medicaid beneficiaries with chronic conditions, especially diabetes. These programs, funded by grants from the Helmsley Charitable Trust and Acumen America partners, focus on addressing health-related social needs such as food insecurity, housing, and transportation. The MIC emphasizes collaborating with tech-enabled solutions experienced in working with the Medicaid population to ensure effective and sustainable interventions.",https://medcitynews.com/2024/01/medicaid-pilot-programs-sdoh/,1705947691
UNH,A New Chapter in FreeStyle Libre Technology,"Abbott's new FreeStyle Libre 2 Plus sensor now integrates with Tandem Diabetes Care's t:slim X2 insulin pump, offering U.S. insulin pump users the benefits of an automated insulin delivery (AID) system. This integration allows for continuous glucose monitoring and automatic insulin adjustments, reinforcing Abbott's leadership in diabetes care. The sensor is notable for its 15-day wear time and marks the latest in a series of partnerships to streamline diabetes management.",https://www.abbott.com/corpnewsroom/strategy-and-strength/a-new-chapter-in-freestyle-libre-technology.html,1705968000
UNH,Humana’s stock falls to four-year low and drags rivals down with it,"Humana's stock dropped 13% after the company reported a widened quarterly loss and significantly cut its 2024 profit guidance due to surging medical costs for Medicare Advantage patients. This decline marks its lowest level in over four years and also pulled down shares of rival managed care companies like UnitedHealth Group, Cigna Group, and Elevance Health.",https://www.marketwatch.com/story/humanas-stock-tumbles-17-as-quarterly-loss-widens-amid-soaring-medical-costs-e2b828f0?gaa_at=eafs&gaa_n=AWEtsqdAAOfkW5Xxat5kJRz6FSFLkjlnX088gq0z89pNbabPucJ53iyz71f-&gaa_ts=6999f91b&gaa_sig=NNDs_6mHjOUlWjahN06hiybAc34L2xLLnu5OfMYztC2KP4bZwBaxbQnpGb8U0cAbNRmNaoa1DBvwfhEk4Bi6kg%3D%3D,1706165220
UNH,Humana's stock tanks as it cuts 2024 guidance amid soaring medical costs,"Humana's stock dropped sharply after the company cut its 2024 profit guidance by almost half due to soaring medical costs from Medicare Advantage patients. The healthcare provider's stock fell to a four-year low and impacted rivals like UnitedHealth Group, Cigna Group, and Elevance Health. This highlights a broader issue of rising medical expenses affecting managed care companies.",https://www.marketwatch.com/story/humanas-stock-tumbles-17-as-quarterly-loss-widens-amid-soaring-medical-costs-e2b828f0?gaa_at=eafs&gaa_n=AWEtsqfCniIgzFL92qqbDXeq6hNoddMwQ0H1q34g0xFnu-7cpJXTNwb0qq_f&gaa_ts=690756c0&gaa_sig=w8Ze8u1kMaoR4FFsVV_GqhGHkxnzepvJdPbGGlQ7LZgTESsmjOc2CtsYr-03RwJJuqoIj_O9EBEGKgwKiLtrnw%3D%3D,1706165220
UNH,"Humana stock plunges on dismal 2024 forecast, as insurers face soaring medical costs","Humana's stock plunged after the health insurer issued a grim 2024 earnings forecast, significantly below Wall Street's expectations. The company cited surging medical costs, particularly from older adults returning for delayed procedures, which is impacting the broader insurance industry. This forecast also negatively affected shares of other major health insurance companies.",https://www.cnbc.com/2024/01/25/humana-reports-grim-2024-forecast-due-to-soaring-medical-costs.html,1706181660
UNH,"Health insurer Humana warns of hit to 2025 profit, shares sink","Health insurer Humana's shares plunged 13% after the company warned that unprecedented increases in medical costs will negatively impact its 2024 earnings and push its 2025 profit target out of reach. Humana, which focuses on Medicare Advantage plans, reported a higher-than-expected benefit ratio and forecast significantly lower adjusted profits for both 2024 and 2025, while rivals have not yet indicated similar issues.",https://www.reuters.com/business/healthcare-pharmaceuticals/humana-forecasts-dismal-2024-profit-high-medical-costs-2024-01-25/,1706198520
UNH,Exclusive | Cigna Sells Medicare Business to Health Care Service Corp. for $3.3 Billion,"Cigna Group is selling its Medicare business to Health Care Service Corp. for $3.3 billion in cash. This deal includes Cigna's Medicare Advantage, Medicare supplement, Medicare drug plans, and its CareAllies unit, marking Cigna's exit from a significant growth sector in the health-insurance industry. The transaction is expected to close in 2025, pending regulatory approvals.",https://www.wsj.com/health/healthcare/cigna-sells-medicare-business-to-health-care-service-corp-for-3-3-billion-dd802727?gaa_at=eafs&gaa_n=AWEtsqdvOS2-9Ix7Bfs1TBz23Erp8XYOxBNVh25pTXNiQE7ehsE7rDFYNxd4&gaa_ts=6999f548&gaa_sig=WzVNCDdbucfJdchH_-iVigejLF7QwGiWSszQeDUtzi5NdZlJC75RvxRwAbiuKF8G7SpG36ksb8wOSBEwpUWr-g%3D%3D,1706723782
UNH,Aetna scored big Medicare Advantage gains in Southeastern Pa. for 2024,"Aetna achieved the largest net gain in Medicare Advantage customers in Southeastern Pennsylvania in 2024, adding over 13,000 new enrollees. The article highlights strong growth for major national providers like Humana and UnitedHealthcare in the region, while Independence Blue Cross maintains the largest market share. The Medicare Advantage market is experiencing pressure due to increased healthcare usage and federal rate cuts, impacting profitability for some companies.",https://www.inquirer.com/health/medicare-advantage-philadelphia-ibx-aetna-united-humana-20240131.html,1706723986
UNH,Tenet announces sale of seven hospitals in South Carolina and California,Tenet Healthcare Corporation has completed the sale of three South Carolina hospitals to Novant Health for approximately $2.4 billion and entered into an agreement to sell four California hospitals to UCI Health for $975 million. These transactions will help Tenet reduce leverage and are expected to positively impact the company's income tax expense in 2024. Tenet also anticipates exceeding its FY23 Adjusted EBITDA Outlook.,https://www.healthcarefinancenews.com/news/tenet-announces-sale-seven-hospitals-south-carolina-and-california,1706874480
UNH,Complications and Mortality Risk of CVC-Related Bloodstream Infections,"A retrospective analysis investigated the clinical burden of catheter-related bloodstream infections (CRBSIs) in hemodialysis patients with central venous catheters (CVCs). The study found that nearly 33% of CVC hemodialysis patients developed a CRBSI, which was associated with high rates of cardiovascular events and a 1-year mortality rate of 36%. The researchers highlight the critical need for early intervention to prevent CRBSIs due to their significant morbidity and mortality burden.",https://www.docwirenews.com/post/complications-and-mortality-risk-of-cvc-related-bloodstream-infections,1707091200
UNH,UnitedHealth Group Inc. stock underperforms Tuesday when compared to competitors despite daily gains,"UnitedHealth Group Inc. (UNH) stock rose 1.53% to $510.67 on Tuesday, performing positively in a generally up market where the S&P 500 and Dow Jones also saw gains. Despite the daily increase, the stock underperformed compared to some competitors. UnitedHealth Group Inc. closed $44.03 below its 52-week high of $554.70.",https://www.marketwatch.com/data-news/unitedhealth-group-inc-stock-underperforms-tuesday-when-compared-to-competitors-despite-daily-gains-4c58ac17-b8af8029a108?gaa_at=eafs&gaa_n=AWEtsqd1kEOdZmmt7r-T0CKyq-tB23tMeYPzhnXjZl8byHpY9TysAlM0Getg&gaa_ts=6999f17c&gaa_sig=cQVkTQQxtrs3WGN9auD6t68IHrNgOs5vfwmGmIaQas-UzEYZv-RbMynrTd4Kh9GCFg0q4sEm-wzFcrne8lIOWw%3D%3D,1707237120
UNH,UnitedHealth's chief operating officer Dirk McMahon to retire,"Dirk McMahon, the president and chief operating officer of UnitedHealth, is set to retire on April 1, 2024, after more than 20 years with the company. McMahon, 64, previously served as CEO of various units before assuming his current role in February 2021. This announcement follows Andrew Witty's appointment as CEO, succeeding David Wichmann.",https://www.reuters.com/business/healthcare-pharmaceuticals/unitedhealths-chief-operating-officer-dirk-mcmahon-retire-2024-02-07/,1707300960
UNH,Ipsen drug approved by FDA for early pancreatic cancer,"The FDA has approved Ipsen's Onivyde for use with chemotherapy in treating recently diagnosed metastatic pancreatic cancer, allowing for earlier intervention than its previous second-line use. This decision was based on Phase 3 trial results demonstrating improved survival and delayed tumor progression when Onivyde was combined with FOLFOX. The approval comes with a financial impact for Ipsen, triggering a $225 million milestone payment to Merrimack.",https://www.biopharmadive.com/news/ipsen-onivyde-fda-approval-first-line-pancreatic-cancer/707507/,1707868800
UNH,UnitedHealth Group Inc. stock underperforms Friday when compared to competitors despite daily gains,"UnitedHealth Group Inc. (UNH) stock saw a slight gain of 0.13% on Friday, closing at $521.55, despite a generally down day for the broader market. This marked the third consecutive day of gains for the stock. However, it still underperformed compared to its competitors, even as the S&P 500 Index and Dow Jones Industrial Average experienced declines.",https://www.marketwatch.com/data-news/unitedhealth-group-inc-stock-underperforms-friday-when-compared-to-competitors-despite-daily-gains-55439d56-412afa2bb512?gaa_at=eafs&gaa_n=AWEtsqcpntcHwCGuaQek9gaDg_bsR22AurCwzxfiCs9Ek_KSiGqPpkYMS0tC&gaa_ts=6999f17f&gaa_sig=hZjGpOUVcQtp2hEcXkIO-bTXiwER1Z54SD43rcKY0PmbcXBX9Qmo-FhVxuxz13AMAabAnplNttDLbOL3FqUthw%3D%3D,1708101060
UNH,Making Well-Being Programs Work for Millennials & Gen Z,"The article emphasizes the growing importance for employers to tailor well-being programs to meet the specific needs of Millennials and Gen Z, who together form a significant portion of the modern workforce. It highlights that these generations prioritize work-life balance and well-being, impacted by economic and societal challenges, and provides recommendations for benefits such as financial well-being, family support, mental health, and physical fitness programs to attract and retain them.",https://www.bbrown.com/us/insight/well-being-programs-for-millennials-gen-z/,1708188725
UNH,Travelers Insurance applies for AI software trademark,"Travelers Insurance has filed a trademark application for ""TRAVAI,"" an AI software intended for insurance claims processing, administration, and loss control management, among other tasks. This development comes as the insurance industry faces increasing scrutiny and regulatory guidance regarding the responsible use of AI, with some companies already facing lawsuits over alleged discriminatory or arbitrary AI-driven claim denials. The application highlights the growing integration of AI in insurance operations amidst regulatory efforts to ensure fairness and prevent bias.",https://www.repairerdrivennews.com/2024/02/22/travelers-insurance-applies-for-ai-software-trademark/,1708560000
UNH,Change Healthcare hit by cyberattack,"Change Healthcare, a UnitedHealth-owned healthcare technology company, experienced a cyberattack, leading to system disconnections and potential network disruptions. The company took its systems offline after detecting an ""outside threat,"" which it believes is isolated. This incident highlights the growing challenge of cyberattacks in the healthcare sector, following other recent high-profile breaches and concerns from regulators about cybersecurity standards.",https://www.healthcaredive.com/news/change-healthcare-cyberattack-unitedhealth/708249/,1708623613
UNH,FDA approves Alvotech and Teva’s Simlandi as interchangeable Humira biosimilar,"The US Food and Drug Administration (FDA) has approved Alvotech and Teva’s Simlandi (adalimumab-ryvk) injection as an interchangeable biosimilar to AbbVie’s Humira (adalimumab). Simlandi is the first high-concentration, citrate-free biosimilar to Humira to receive interchangeability status, which is significant as almost 88% of US prescriptions for adalimumab are for the high-concentration presentation. The approval was based on extensive evidence, including clinical data demonstrating similar efficacy and safety to Humira for conditions like moderate-to-severe chronic plaque psoriasis.",https://pmlive.com/pharma_news/fda-approves-alvotech-and-tevas-simlandi-as-interchangeable-humira-biosimilar/,1708965960
UNH,Change Healthcare clicked the wrong link,"The Change Healthcare cyberattack, attributed to a nation-state, has significantly disrupted the healthcare sector, prompting organizations like the AHA to advise disconnecting from its services. This incident highlights the substantial financial and operational risks cybersecurity breaches pose to healthcare organizations, some of which have incurred losses exceeding $100 million from similar attacks. Additionally, the article covers other major healthcare news, including R1 RCM's take-private offer, VillageMD's exit from Florida, and quarterly earnings reports from various healthcare companies.",https://hospitalogy.com/articles/2024-02-27/change-healthcare-clicked-the-wrong-link/,1709054853
UNH,"US launches antitrust investigation into UnitedHealth, WSJ reports","The U.S. Department of Justice has launched an antitrust investigation into UnitedHealth Group, according to a Wall Street Journal report. Investigators are interviewing healthcare industry representatives about the relationship between UnitedHealthcare's insurance unit and its Optum health services arm, and examining potential impacts of the company's doctor-group acquisitions and Medicare billing practices. This comes amid broader Biden administration efforts to lower healthcare costs and scrutinize pharmacy benefit managers.",https://www.reuters.com/business/healthcare-pharmaceuticals/us-launches-antitrust-investigation-into-unitedhealth-wsj-reports-2024-02-27/,1709055613
UNH,Pharmaceutical giant Cencora discloses a data breach,"Pharmaceutical giant Cencora disclosed a data breach after suffering a cyberattack that resulted in data exfiltration from its systems. The company, which had $238.6 billion in revenue for fiscal year 2022, discovered the breach on February 21, 2024, and initiated an investigation. While Cencora stated the incident has not materially impacted operations or financial condition yet, the specific nature of the attack is currently unknown.",https://securityaffairs.com/159716/data-breach/cencora-discloses-data-breach.html,1709078400
UNH,Healthcare Showing That Big Tech Isn't the Only Bull in Town,"The healthcare sector is outperforming the S&P 500 and is proving to be a resilient investment, even compared to big tech. The sector's long-term trend, supported by an aging population, makes it an appealing option for investors. For those looking to leverage its growth, the Direxion Daily Healthcare Bull 3X ETF (CURE) offers a triple-leveraged exposure to the Health Care Select Sector Index.",https://www.etftrends.com/leveraged-inverse-channel/health-care-showing-big-tech-not-only-bull-town/,1709078400
UNH,"Johnson & Johnson drug benefits suit ‘absolutely’ a wake-up call for employers, exec says","A recent lawsuit against Johnson & Johnson, alleging the company overpaid for prescription drugs through its employee health plans, serves as a critical warning for all employers. The suit highlights the lack of transparency in pharmacy benefit manager (PBM) dealings, making it difficult for employers to understand the true cost of drugs and negotiate favorable terms. Experts suggest that employers need to demand more data from PBMs and seek greater transparency in their contracts to ensure they are providing cost-effective benefits to their employees.",https://www.hrdive.com/news/johnson-johnson-drug-benefits-suit-wake-up-call-pbm/708921/,1709226853
UNH,Hackers behind UnitedHealth Group cyberattack reportedly identified,"The Blackcat ransomware group, also known as ALPHV or Noberus, has reportedly claimed responsibility for the cyberattack on UnitedHealth Group's Change Healthcare, stating they stole several terabytes of personal data from ""millions"" of patients. This data, which includes medical insurance and health records, was allegedly taken from UnitedHealth and its partners, such as Medicare, Tricare, and CVS Health. The attack caused significant disruptions in pharmacies across the U.S., with experts warning of potential identity theft and credit score downgrades for affected individuals.",https://www.foxbusiness.com/lifestyle/hackers-behind-unitedhealth-unit-cyberattack-reportedly-identified,1709228340
UNH,"Change Healthcare cyberattack outage could persist for weeks, UnitedHealth Group executive suggests",A UnitedHealth Group executive indicated that the outage caused by the Change Healthcare cyberattack could last for weeks. The company is establishing a loan program to assist healthcare providers who are unable to submit insurance claims due to the system being offline. This timeline offers more clarity than UnitedHealth had previously provided about the duration of the disruption.,https://www.statnews.com/2024/02/29/change-healthcare-cyber-attack-outage-will-last-for-weeks/,1709228413
UNH,Molina loses Medicaid contract in Virginia,"Molina Healthcare of Virginia was not re-awarded a Medicaid contract in Virginia, which it has held for eight years. This loss is a setback for Molina's membership growth plans in the safety-net insurance program, as it will impact the 140,000 individuals it currently covers in the state. Despite recent contract wins in other states, this marks Molina's second Medicaid state loss, following Indiana in October.",https://www.healthcaredive.com/news/molina-virginia-medicaid-contract-loss/709017/,1709251200
UNH,Insurers report significant reduction in claims data following Change Healthcare hack,"Humana and Elevance Health reported a 15% to 20% reduction in claims data from providers following the Change Healthcare cyberattack, which has disrupted healthcare operations nationwide. While Humana is still assessing the full impact, with up to 20% of claims dependent on Change, Elevance Health noted a shift in provider submissions to other clearinghouses like Availity, with their data reduction now at 10%. Both insurers plan to adjust their reserving approach in the first quarter due to the ongoing situation.",https://www.fiercehealthcare.com/payers/insurers-report-significant-reduction-claims-data-following-change-healthcare-hack,1709654933
UNH,Hacker forum post claims UnitedHealth paid $22 mln ransom in bid to recover data,"A post on a hacker forum claims that UnitedHealth Group paid $22 million in ransom to the ""Blackcat"" ransomware gang to recover their data and systems. While UnitedHealth has not confirmed the payment, a cryptocurrency tracing firm partially corroborated the claim. The cyberattack on UnitedHealth's Change Healthcare unit has caused significant disruption across the U.S. medical system.",https://www.reuters.com/technology/cybersecurity/hacker-forum-post-claims-unitedhealth-paid-22-mln-ransom-bid-recover-data-2024-03-05/,1709665560
UNH,"UnitedHealthcare, Humana, Aetna Continue To Outgain Peers In Medicare Advantage","UnitedHealthcare, Humana, and Aetna (CVS Health) continue to significantly outgain their peers in the Medicare Advantage market, attracting over 80% of new beneficiaries to for-profit plans. These major players also show strong ambitions in the home-based care sector through direct ownership or strategic investments. However, the industry is seeing a slowdown or decline in supplemental benefit offerings as plans adjust to rate cuts and new regulations.",https://homehealthcarenews.com/2024/03/unitedhealthcare-humana-aetna-continue-to-outgain-peers-in-medicare-advantage/,1709683200
UNH,"Evernorth expands GLP-1 program, unveils new Behavioral Health Care Group","Cigna's Evernorth arm announced an expansion to its GLP-1 management solution, EncircleRx, which now includes a financial guarantee for plan sponsors and clients, addressing the high cost of these therapies. Additionally, Evernorth launched a new Behavioral Health Care Group, an outpatient practice offering virtual and in-person services with guaranteed appointments within 72 hours, aiming to improve access and focus on value-based care in behavioral health. The initiative seeks to empower clinicians by reducing administrative burdens and enhance patient outcomes across various mental health needs.",https://www.fiercehealthcare.com/payers/evernorth-expands-glp-1-program-unveils-new-behavioral-health-care-group,1709826719
UNH,UnitedHealth to restore hacked medical claims and payment services mid-March,"UnitedHealth expects to restore its medical claims and payments platforms by mid-March following a cyberattack on its Change Healthcare unit. The pharmacy operations went back online on Thursday, with the payment platform scheduled for March 15 and the medical claims network for March 18. The attack by the ""Blackcat"" ransomware group in late February severely impacted U.S. healthcare providers, leading to calls for financial assistance from the government.",https://www.reuters.com/technology/cybersecurity/unitedhealth-says-online-platform-fully-functional-after-change-healthcare-hack-2024-03-08/,1709921220
UNH,Ensign CEO: Nursing Homes Have Decent Legal and Legislative Means To Challenge Staffing Proposal,"Ensign CEO Barry Port believes the nursing home industry has strong legal and legislative grounds to challenge the proposed federal staffing mandate due to a perceived disconnect between White House and union objectives and practical implementation. He anticipates significant industry churn if the rule is enforced, potentially creating acquisition opportunities for Ensign. Port also notes improvements in staffing metrics, moderated wage inflation, and strong reimbursement rates for Ensign.",https://skillednursingnews.com/2024/03/ensign-ceo-nursing-homes-have-decent-legal-and-legislative-means-to-challenge-staffing-proposal/,1710201600
UNH,5 Things To Know About Pharmacy Benefit Managers,"Pharmacy Benefit Managers (PBMs) are key middlemen in the prescription drug supply chain, often contributing to inflated drug costs for consumers and insurers through practices like retaining negotiated rebates and spread pricing. A lack of transparency in PBM operations, coupled with market consolidation, exacerbates these issues by allowing PBMs to prioritize profits over cost savings. Although PBMs are not the sole cause of high drug prices, bipartisan legislative efforts are underway to introduce greater transparency and reform, complementing broader drug pricing initiatives like those in the Inflation Reduction Act.",https://www.americanprogress.org/article/5-things-to-know-about-pharmacy-benefit-managers/,1710345119
UNH,GE HealthCare establishes foundation to advance access to care,"GE HealthCare has established the GE HealthCare Foundation, a philanthropic entity dedicated to improving equitable access to healthcare globally. The Foundation will initially focus on enhancing maternal health outcomes and plans to provide grants to non-profit organizations. Inaugural grantees include the Urban Institute, Lwala Community Alliance, Black Mamas Matter Alliance, and Project ECHO, with initiatives ranging from data analysis to training and community support.",https://www.massdevice.com/ge-healthcare-establishes-foundation-to-advance-access-to-care/,1710345904
UNH,US health department opens probe into UnitedHealth hack,"The U.S. Department of Health and Human Services has launched an investigation into the cyberattack on UnitedHealth Group's Change Healthcare, focusing on potential breaches of protected health data and compliance with HIPAA. This probe comes amid an ""unprecedented magnitude"" cyberattack that has significantly disrupted healthcare services across the country. UnitedHealth, which processes about 50% of U.S. medical claims, has committed to cooperating with the investigation and is working to restore systems and protect data.",https://www.reuters.com/technology/cybersecurity/hhs-opens-probe-into-hack-unitedhealth-unit-2024-03-13/,1710347933
UNH,MGV: Large Value Makes More Sense Now,"The article suggests a potential sector rotation as momentum favors large caps, but growth large caps show signs of fatigue. It highlights the Vanguard Mega Cap Value ETF (MGV) as a suitable investment for those bullish on large-cap value, noting its diversified portfolio including companies like Berkshire Hathaway and Exxon Mobil. The author, Michael A. Gayed, CFA, discusses his investment philosophy focused on risk-on/risk-off signals.",https://seekingalpha.com/article/4678841-mgv-large-value-makes-more-sense-now,1710790309
UNH,UnitedHealth says advanced over $2 bln in payments to providers,"UnitedHealth Group has advanced over $2 billion in payments to healthcare providers to assist them following a cybersecurity attack on its Change Healthcare unit. The company is restoring its medical claims software and other services, which were disrupted by the cyberattack on February 21. Change Healthcare processes about 50% of U.S. medical claims, affecting numerous healthcare entities.",https://www.reuters.com/business/healthcare-pharmaceuticals/unitedhealth-says-advanced-over-2-bln-payments-providers-2024-03-18/,1710837420
UNH,UnitedHealth Group Inc. stock outperforms competitors on strong trading day,"UnitedHealth Group Inc. (UNH) shares advanced 1.29% to $493.32 on Tuesday, outperforming competitors and the broader market. The S&P 500 Index rose 0.56% and the Dow Jones Industrial Average gained 0.83% on the same trading day. UnitedHealth Group Inc. closed $61.38 below its 52-week high of $554.70, reached on December 1st.",https://www.marketwatch.com/data-news/unitedhealth-group-inc-stock-outperforms-competitors-on-strong-trading-day-c43eeaf0-f006860b0d68?gaa_at=eafs&gaa_n=AWEtsqfzWcBQWLcAfdbx9ex407p7CE6IM0ZqDq_-Boi7-upF_B7RK5TpLvdc&gaa_ts=6999e31e&gaa_sig=bp0Uhq04J0kqriDVoiA5Wp0VR5MlFJt_f5VvnVdrccednhhC1zYZPZ-nIOTIZ1uhPLvBmEGDagoFVLsMeWuc3A%3D%3D,1710865860
UNH,"Food as Medicine | Employers, It’s Time to EAT","The ""Food as Medicine"" concept emphasizes using food to promote health and fight disease, a critical strategy given the prevalence of chronic conditions linked to the Western diet and food insecurity. This article urges employers to adopt an ""EAT"" approach to incorporate healthy eating into their wellness strategies. This involves establishing programs for access to nutritious food, adjusting the work environment to support healthy habits, and tailoring plan designs to cover medically necessary dietary interventions.",https://www.bbrown.com/us/insight/food-as-medicine/,1710949755
UNH,UnitedHealth says unit Change has restored and rebuilt functions handled by Amazon,"UnitedHealth announced that its Change Healthcare unit has fully restored and rebuilt its cloud-based medical claims services, which were crippled by a cyberattack in February. The restoration, assisted by cybersecurity firms like Palo Alto Networks and Mandiant, includes services previously handled by Amazon and involves rigorous security protocols. The attack severely impacted the U.S. healthcare system, prompting UnitedHealth to advance over $2 billion to affected providers and drawing government investigation.",https://www.reuters.com/technology/cybersecurity/unitedhealth-says-unit-change-has-restored-some-functions-handled-by-amazon-2024-03-20/,1710967560
UNH,How the Sleep Therapy Sector Is Responding to Philips Respironics’ Exit,"Philips Respironics' decision to discontinue several products and pause CPAP device sales for several years has significantly impacted the sleep therapy sector. Other medical device companies are scaling up operations and manufacturing capacity to meet the increased demand and fill the void left by Philips, while healthcare providers face challenges in finding replacements and navigating insurance coverage for patients. The situation is leading to a potential shift towards alternative sleep apnea therapies like oral appliances and positional therapies.",https://sleepreviewmag.com/sleep-treatments/therapy-devices/cpap-pap-devices/sleep-therapy-sector-responding-philips-respironics-exit/,1710979200
UNH,Palo Alto Networks CEO explains why he's partnering with companies like Nvidia,"Palo Alto Networks CEO Nikesh Arora is partnering with AI companies like Nvidia, Google, AWS, and OpenAI to protect customers from hackers who are increasingly using AI to conduct cyberattacks. Arora emphasized the transformative nature of AI and the necessity of embedding it into Palo Alto's products. The company is also working with Change Healthcare to establish a gold standard for healthcare cybersecurity following a recent cyberattack on the UnitedHealth subsidiary.",https://www.cnbc.com/2024/03/21/palo-alto-networks-ceo-explains-why-hes-partnering-with-nvidia.html,1711049340
UNH,Private payers initially deny nearly 15% of medical claims,"A new Premier Inc. survey revealed that nearly 15% of medical claims submitted to private payers are initially denied, including some pre-approved through prior authorizations. While over half of these initially denied claims are eventually paid, providers face significant costs and delays in pursuing reimbursement, with an estimated $10.6 billion wasted annually on claims that should have been paid at submission. The lengthy appeals process impacts providers' resources, patient satisfaction, and quality scores, with specific concerns raised about Medicare Advantage plans having high denial rates and costs to dispute.",https://www.techtarget.com/revcyclemanagement/news/366599884/Private-payers-initially-deny-nearly-15-of-medical-claims,1711384661
UNH,"Indiana AG Sues Drugmakers, PBMs Over High Insulin Prices","Indiana Attorney General Todd Rokita has filed a lawsuit against major drugmakers Sanofi-Aventis and Novo Nordisk, and PBMs CaremarkPCS Health, Express Scripts, CVS Health Corp., and Optum RX, alleging a conspiracy to inflate insulin prices by over 1000% despite decreasing manufacturing costs. The suit highlights that diabetes costs Indiana residents $5 billion annually and affects over 12% of the state's population. Rokita aims to set a precedent against pharmaceutical companies prioritizing profits over patient health.",https://www.healthleadersmedia.com/pharma/indiana-ag-sues-drugmakers-pbms-over-high-insulin-prices,1711554868
UNH,"UnitedHealth, Hilton Grand Vacations elevate CFOs to dual president roles","UnitedHealth Group and Hilton Grand Vacations Inc. have elevated their CFOs to dual president roles, a move reflecting the increasing operational responsibilities finance chiefs are taking on. This trend offers critical learning opportunities for CFOs aspiring to CEO positions, especially in sales and marketing, areas where they have traditionally lacked experience. The article highlights compensation changes for HGV's CFO, Daniel Mathewes, following his promotion.",https://www.cfodive.com/news/unitedhealth-hilton-grand-vacations-elevate-cfos-dual-president-compensation/711789/,1711670400
UNH,3 Strong Buy Healthcare Stocks to Add to Your Q2 Must-Watch List,"This article highlights three strong buy healthcare stocks – UnitedHealth Group (UNH), Abbott Laboratories (ABT), and Merck & Co. (MRK) – to consider for Q2, given the global aging population and projected growth in healthcare spending. Each company demonstrates resilience, innovation, and a strong dividend history. UNH is nearing Dividend Aristocrat status, ABT is a Dividend Aristocrat focused on diversification and new technologies, and MRK is leveraging AI and strategic acquisitions to grow its pipeline.",https://investorplace.com/2024/03/3-strong-buy-healthcare-stocks-to-add-to-your-q2-must-watch-list/,1711709460
UNH,"Why the CMS’ Medicare Advantage rate is hurting stocks of Humana, UnitedHealth","Shares of health insurers like Humana and UnitedHealth were negatively impacted after the Centers for Medicare and Medicaid Services (CMS) announced a lower-than-expected payment rate for Medicare Advantage plans. The CMS stated that government payments to MA plans are projected to increase by 3.7% in 2025, an amount that disappointed investors hoping for a larger boost. This news led to Humana's stock falling to a four-year low and UnitedHealth's stock declining towards a nine-month low.",https://www.marketwatch.com/story/medicare-advantage-rate-disappointment-sinks-stocks-of-unitedhealth-humana-f662322c?gaa_at=eafs&gaa_n=AWEtsqdx4uC2pDe4SSO6LqtEL7PEAfiNiEahBgyPiS1FHH3QbSP8wawFZv66&gaa_ts=6999cc7a&gaa_sig=FmTqde7tURBxT67r7EmebsDhWQ9HxmlEXcr7A4j1952m3biaZpWLOkw-ZskkJkagWV89O_8fXnZu_x22EqUiow%3D%3D,1712042940
UNH,Costco launches weight-loss program for members,"Costco is expanding its partnership with healthcare marketplace Sesame to offer a weight-loss program for its members. The program, which costs $179 for an initial three-month subscription, includes clinical consultation, a nutritional guide, and an individualized treatment program, with clinicians able to pair interventions with medications when appropriate (medication costs are separate). This initiative follows a previous partnership where Costco offered members discounted access to other healthcare services through Sesame.",https://chainstoreage.com/costco-launches-weight-loss-program-members,1712102400
UNH,"Protenus Awarded Drug Diversion Software Solutions Agreement With Premier, Inc.","Protenus has secured a national group purchasing agreement with Premier, Inc. for its Drug Diversion Software Solutions, effective March 1, 2024. This agreement allows Premier's extensive network of hospitals and healthcare providers to access Protenus's award-winning technology at pre-negotiated terms. The solution aims to help organizations efficiently detect and prevent drug diversion through automated surveillance of medical use transactions.",https://www.newswire.com/news/protenus-awarded-drug-diversion-software-solutions-agreement-with-22284165,1712240691
UNH,Ardent Health Opts for New Employee Benefits and Employee Experience with Quantum Health and Imagine360,"Ardent Health Services has partnered with Quantum Health and Imagine360 to offer new health benefits to its 23,000 employees and their dependents. This collaboration combines Quantum Health's navigation and care coordination with Imagine360's high-performance network and price protection to address rising healthcare costs and employee retention challenges within health systems. Both companies anticipate this model will be replicated by other self-insured employers seeking alternative managed care solutions and better employee healthcare experiences.",https://medcitynews.com/2024/04/ardent-health-opts-for-new-employee-benefits-and-employee-experience-with-quantum-health-and-imagine360/,1712240848
UNH,"CMS final rule on broker comp, health equity could shake up Medicare Advantage","The Centers for Medicare & Medicaid Services (CMS) has finalized a new rule for Contract Year 2025 Medicare Advantage and Part D, introducing significant changes to broker compensation, health equity requirements, mental health provisions, supplemental benefits, and biosimilars. Experts anticipate these changes will profoundly impact MA plans, requiring them to redesign their star ratings and quality approaches. A key aspect is the restriction on ""excessive compensation"" for brokers, aiming to eliminate financial incentives that swayed plan choices, alongside new protections against the sale of seniors' personal information.",https://www.fiercehealthcare.com/payers/industry-shook-cms-final-rule-broker-comp-health-equity,1712322120
UNH,BME: Trading At A Historical Discount To NAV (NYSE:BME),"The BlackRock Health Sciences Trust (BME), a diversified closed-end fund focusing on healthcare, offers a 6.35% dividend yield and is currently trading at a significant historical discount to its Net Asset Value (NAV) of nearly -8%. This presents an attractive investment opportunity given the projected growth in the healthcare industry and increased medical spending. However, a potential concern highlighted is the fund's continued reliance on return of capital to fund its distributions.",https://seekingalpha.com/article/4682361-bme-trading-at-a-historical-discount-to-nav,1712352545
UNH,Molina Hits Medicaid Renewal Snags,"Molina Healthcare is experiencing setbacks in its Medicaid contract renewal streak, losing bids in Indiana and Virginia after years of successful contract wins. This comes as a significant portion of Molina's Medicaid program revenue is up for re-procurement in the coming years, creating uncertainty despite the company's strong past performance. The company also faces pressure on its Medicare business due to anticipated lower payment rates from the Biden administration for 2025 Medicare Advantage plans.",https://labusinessjournal.com/featured/molia-healthcare/,1712534400
UNH,"VOOV: A Decent Passively Managed Value ETF, But Not The Best (NYSEARCA:VOOV)","This article evaluates the Vanguard S&P 500 Value Index Fund ETF Shares (VOOV), highlighting its strategy of weighting S&P 500 stocks based on value and growth metrics. It notes VOOV's significant allocation to financials and its diversified portfolio compared to the broader S&P 500. The author observes VOOV's good performance relative to peers over the past decade, despite some rivals performing better.",https://seekingalpha.com/article/4682729-voov-a-decent-passively-managed-value-etf-but-not-the-best,1712569981
UNH,‘There’s Not a Business Case’: Lack of Parity Hinders Transition to Value-Based Care,"The behavioral health industry's transition to value-based care is significantly hampered by a lack of financial parity and insufficient incentives, placing a disproportionate burden on providers and patients. Experts argue that without substantial investments from payers and governments, the necessary infrastructure for value-based care cannot be built, as current fee-for-service models fail to compensate for innovations or measurement-based care. This situation creates a challenging environment for providers, especially startups, who struggle to make a business case for adopting new, uncompensated technologies and services aimed at improving outcomes.",https://bhbusiness.com/2024/04/09/theres-not-a-business-case-lack-of-parity-hinders-transition-to-value-based-care/,1712672694
UNH,Japan Offers Lessons in Longevity,"Japan, with the world's fastest-aging population, offers critical insights for other nations grappling with increased longevity. The country faces challenges such as rising social costs, the need to boost productivity, and a shrinking labor force. Morgan Stanley Research highlights Japan's strategies, including managing healthcare and pension costs, leveraging technology for efficiency, and reskilling older workers, as potential models for global adaptation.",https://www.morganstanley.com/ideas/longevity-economy-japan-lesson,1712675613
UNH,"UnitedHealth Chair, Executives Sold $102 Million in Stock Before US Probe Became Public","UnitedHealth Group Inc. Chairman Stephen Hemsley and three senior executives sold stock worth $101.5 million in the four months before news of a federal antitrust investigation became public. The sales happened between October 16, 2023, and February 26, 2024. The company's stock dropped after the investigation was reported.",https://www.bloomberg.com/news/articles/2024-04-11/unitedhealth-unh-executives-sold-stock-before-us-probe-became-public,1712829600
UNH,"Mark Cuban praises Eli Lilly, explains one thing it’s doing right","Mark Cuban, co-founder of Cost Plus Drugs and owner of the Dallas Mavericks, has praised Eli Lilly’s new LillyDirect platform, suggesting it could be a template for other pharmaceutical manufacturers. LillyDirect offers direct-to-patient services for those with obesity, migraine, and diabetes, providing easier access to medicines, affordability solutions, and connections to telehealth providers. Cuban's own company is also exploring selling GLP-1 agonists.",https://bendbulletin.com/2024/04/12/mark-cuban-praises-eli-lilly-explains-one-thing-its-doing-right/,1712934612
UNH,"NationsBenefits, Instacart Team Up To Provide Online Grocery Services","NationsBenefits and Instacart have partnered to offer online grocery delivery services as a supplemental benefit for members of Medicare Advantage, Medicaid, and commercial health plans. This collaboration aims to improve access to healthy food, especially for vulnerable populations and those in food deserts, by allowing members to use their plan-sponsored funds for same-day delivery from a wide network of grocery stores. The move addresses transportation barriers and expands budget options for beneficiaries, aligning with the growing trend of healthcare organizations integrating ""food as medicine"" programs.",https://medcitynews.com/2024/04/nationsbenefits-instacart-team-up-to-provide-online-grocery-services/,1713104776
UNH,Elevance Health And Private Equity Firm To Invest In Primary Care,"Elevance Health has partnered with private equity firm Clayton, Dubilier & Rice to invest in and advance primary care delivery across multiple U.S. regions. This strategic partnership will combine assets from Elevance Health’s Carelon Health, apree health, and Millennium Physician Group to serve nearly one million consumers. The investment aims to expand access to advanced primary care for various health plans and improve healthcare quality.",https://www.forbes.com/sites/brucejapsen/2024/04/15/elevance-health-and-private-equity-firm-to-invest-in-primary-care/,1713186780
UNH,UnitedHealth hack looms over first-quarter earnings report,"UnitedHealth is expected to report higher medical costs in its first-quarter earnings due to a significant cyberattack that disrupted its systems. Analysts predict a ""messy"" quarter with an anticipated adjusted profit of $6.61 per share, down from earlier estimates, as the company incurs additional medical and legal costs. The hack, which affected prescription and medical claims processing, has led to billions in advanced reimbursements and suspended prior authorizations, impacting the company's financials despite efforts to restore services.",https://www.reuters.com/business/healthcare-pharmaceuticals/unitedhealth-hack-looms-over-first-quarter-earnings-report-2024-04-15/,1713197040
UNH,"UnitedHealth, CVS, Molina the big losers in Florida Medicaid contract awards","Humana, Centene, and Elevance Health won statewide Medicaid contracts in Florida, impacting approximately 4.8 million people. UnitedHealthcare, Aetna, Molina Healthcare, and AmeriHealth Caritas Florida, which previously held contracts, were not selected this time. Centene's success in Florida follows a recent protest over Medicaid scoring in Texas and contributed to a boost in its stock price.",https://www.fiercehealthcare.com/payers/unitedhealth-cvs-molina-big-losers-florida-medicaid-contract-awards,1713200400
UNH,Elevance partners with private equity firm on primary care,"Elevance is partnering with Clayton, Dubilier and Rice (CD&R) to expand its primary care offerings by integrating its Carelon health services business with two of CD&R's primary care portfolio companies. This deal aims to create a new care delivery model accessible to various insurers, positioning Elevance to compete with other major players like UnitedHealth and CVS in the care delivery sector. The partnership will serve nearly one million consumers and seeks to enhance advanced primary care with care coordination, referral management, and health coaching, though financial terms were not disclosed.",https://www.healthcaredive.com/news/elevance-private-equity-primary-care-partnership/713209/,1713225600
UNH,Change Healthcare breach could cost UnitedHealth $1.6B this year,The Change Healthcare cyberattack is projected to cost UnitedHealth $1.6 billion this year. This financial impact will affect UnitedHealth's income. The article highlights the significant repercussions of the breach on the healthcare giant.,http://www.modernhealthcare.com/insurance/change-healthcare-update-cyberattack-cost-unitedhealth/,1713269460
UNH,UnitedHealth Group Reports First Quarter 2024 Results,"UnitedHealth Group announced its first-quarter 2024 results, showcasing broad-based growth from its Optum and UnitedHealthcare segments despite the impact of the Change Healthcare cyberattack. The company's revenues reached $99.8 billion, with specific financial impacts from the cyberattack detailed as $0.74 per share. UnitedHealth Group has also advanced over $6 billion in funding to support affected healthcare providers.",https://www.unitedhealthgroup.com/newsroom/2024/2024-04-16-uhg-reports-first-quarter-results.html,1713281693
UNH,UnitedHealth CEO Defends Change Healthcare Deal After Hack,"UnitedHealth CEO Andrew Witty defended the company's acquisition of Change Healthcare following a major cyberattack, arguing that recovery would have been more difficult had Change Healthcare remained an independent entity. The attack caused widespread disruptions in the US healthcare system, leading to scrutiny from lawmakers and healthcare providers. UnitedHealth faces ongoing criticism and antitrust concerns regarding its expanding presence in the industry.",https://www.bloomberg.com/news/articles/2024-04-16/unitedhealth-ceo-defends-change-healthcare-deal-after-hack,1713281694
UNH,Why are US pharmacy benefit managers under fire?,"Pharmacy benefit managers (PBMs) are facing intense scrutiny from US lawmakers, drugmakers, and government officials for their role in high prescription drug costs. These companies, which negotiate drug benefits for health insurers, are being investigated by the Federal Trade Commission for practices like charging fees, reimbursing pharmacies, and possibly favoring more expensive drugs. Lawmakers are introducing bills to address issues such as ""spread pricing"" and to increase transparency in PBM negotiations, while the Department of Justice is also investigating some PBMs.",https://www.reuters.com/business/healthcare-pharmaceuticals/why-are-us-pharmacy-benefit-managers-under-fire-2024-04-16/,1713288060
UNH,UnitedHealth unit Change faces issue processing some medical claims,"UnitedHealth Group's technology unit, Change Healthcare, experienced and resolved an issue processing batches of medical claims for some customers. While a fix has been implemented and is being monitored, it is unclear if this incident is related to a wider February cyberattack that is expected to cost UnitedHealth up to $1.6 billion this year. Optum, Change's operator, stated that a ""small subset"" of customers may have been affected.",https://www.reuters.com/business/healthcare-pharmaceuticals/unitedhealth-unit-change-healthcare-faces-issue-processing-some-medical-claims-2024-04-18/,1713454494
UNH,"Elevance's higher premiums keep costs under control, boost quarterly profit","Elevance Health reported first-quarter profits above Wall Street estimates and slightly raised its annual earnings forecast, driven by higher premiums from commercial insurance plans. The company's smaller presence in the government-backed Medicare Advantage (MA) market helped keep medical costs under control, contributing to its strong financial performance. Elevance's shares rose over 5%, positively impacting rivals UnitedHealth, Centene Corp, and Humana.",https://www.reuters.com/business/healthcare-pharmaceuticals/elevance-beats-first-quarter-profit-estimates-higher-premiums-2024-04-18/,1713454620
UNH,"Digital Behavioral Health Providers Poised to Deliver Coveted Outcomes Data, but Contracts Remain Customized","Digital behavioral health providers are uniquely positioned to offer valuable outcomes data to payers and employers, who are increasingly shifting away from fee-for-service models. Their ability to track data over time allows for more nuanced and tailored outcome measures, addressing the diverse needs of patients with different behavioral health conditions. While no national standard for outcome measures exists, digital providers emphasize collaboration and flexibility to meet specific partnership goals, focusing on engagement, clinical outcomes, and reducing emergency room utilization.",https://bhbusiness.com/2024/04/19/digital-behavioral-health-providers-poised-to-deliver-coveted-outcomes-data-but-contracts-remain-customized/,1713537964
UNH,"Cardinal Health Loses Contracts With UnitedHealth's OptumRX, Stock Slips","Cardinal Health (CAH) shares fell after the company announced that its contracts with UnitedHealth Group's (UNH) OptumRX, which accounted for 16% of its 2023 revenue, would not be renewed. Despite the loss, Cardinal Health affirmed its 2024 adjusted EPS guidance and long-term targets, expecting to offset the impact through new customer wins and growth initiatives. The stock was down 5% following the news.",https://www.investopedia.com/cardinal-health-loses-contracts-with-unitedhealth-s-optumrx-stock-slips-8636909,1713744000
UNH,Cardinal Health Reaffirms Fiscal 2024 non-GAAP EPS Guidance and Long-term Targets Amidst Nonrenewal of OptumRx Customer Contracts,"Cardinal Health (NYSE: CAH) announced the nonrenewal of its pharmaceutical distribution contracts with OptumRx, effective June 2024. Despite this, the company reaffirmed its fiscal 2024 non-GAAP diluted EPS guidance of $7.20 to $7.35 and its long-term segment profit and consolidated non-GAAP EPS CAGR targets. Cardinal Health expects to offset the impact through new customer wins, specialty growth, and other actions, anticipating growth in fiscal 2025.",https://newsroom.cardinalhealth.com/2024-04-22-Cardinal-Health-Reaffirms-Fiscal-2024-non-GAAP-EPS-Guidance-and-Long-term-Targets-Amidst-Nonrenewal-of-OptumRx-Customer-Contracts,1713744000
UNH,"Another hospital sues MultiPlan, alleging scheme to ‘suppress’ payments","MultiPlan is facing a new class action lawsuit filed by Allegiance Health Management, alleging that MultiPlan and major health insurers conspired to ""fix, suppress, and stabilize"" out-of-network medical claim payments. This lawsuit underscores the ongoing tension between hospitals and MultiPlan, a data technology vendor that helps insurers determine out-of-network care payments. The legal action follows a New York Times investigation into MultiPlan's alleged practice of low-balling payments, highlighting the skewed incentives within the healthcare system where inflated out-of-network billing meets insurer efforts to minimize payments, leaving patients with high costs.",https://www.statnews.com/2024/04/26/multiplan-allegiance-lawsuit/,1714089600
UNH,Centene offers look at its Medicaid strategy in 2024,"Centene discussed its 2024 Medicaid strategy during its Q1 earnings call, highlighting progress in the redeterminations process and key contract wins. The company exceeded Q1 profit and revenue expectations and raised its full-year guidance, attributing success to strong performance across diversified platforms and strategic execution.",https://www.fiercehealthcare.com/payers/centene-boosts-guidance-it-posts-q1-revenue-profit-beat,1714116360
UNH,Cardinal Health lifts 2024 profit view on demand for costly specialty drugs,"Cardinal Health has raised its annual profit forecast for 2024, citing strong demand in its pharmaceutical unit for expensive specialty drugs used to treat complex conditions. The company now anticipates adjusted earnings between $7.30 and $7.40 per share, an increase from previous estimates. This growth comes despite reporting total sales that missed analysts' expectations and the upcoming expiration of significant contracts with UnitedHealth Group's OptumRx.",https://health.economictimes.indiatimes.com/news/pharma/pharma-industry/cardinal-health-lifts-2024-profit-view-on-demand-for-costly-specialty-drugs/109799413,1714718520
UNH,WeightWatchers Struggles to Adapt Amid GLP-1 Drug Boom,"WeightWatchers (WW International) is struggling to convince investors that GLP-1 weight-loss drugs like Ozempic are a positive development for its business model. Despite its efforts to adapt and integrate prescription services, investor skepticism remains. The article highlights the financial pressures on WeightWatchers as it navigates the impact of these new pharmaceutical treatments on the weight management industry.",https://www.bloomberg.com/news/newsletters/2024-05-04/weightwatchers-struggles-to-adapt-amid-glp-1-drug-boom,1714816800
UNH,"Talkspace Achieves Profitability, Reveals Medicare Push","Talkspace Inc. (Nasdaq: TALK) achieved its first profitable quarter since its 2021 IPO on an adjusted basis, driven by a strategic shift towards payer- and government-focused business lines. The company is significantly expanding its reach into traditional Medicare, planning to cover all 50 states by year-end, alongside discussions with Medicare Advantage plans. Despite its financial improvements and expansion efforts, Talkspace's stock price experienced a slight dip, though it remains up significantly over the past year.",https://bhbusiness.com/2024/05/07/talkspace-achieves-profitability-reveals-medicare-push/,1715040000
UNH,Change Healthcare lacked safeguards even as it gave security advice,"UnitedHealth Group CEO Andrew Witty testified that Change Healthcare, which his company acquired in 2022, lacked basic cybersecurity safeguards like multi-factor authentication despite experts at Change publishing articles on the need for such measures. This lapse allowed a cyber attack in February by the BlackCat/ALPHV group, crippling healthcare payments and leading to a $22 million ransom payment and potential exposure of millions of patient records. Critics, including Senator Ron Wyden, argue the attack could have been prevented with fundamental cybersecurity practices.",https://rollcall.com/2024/05/07/change-healthcare-lacked-safeguards-even-as-it-gave-security-advice/,1715091593
UNH,DocGo says hackers stole patient data in a recent cyberattack,"Mobile medical services provider DocGo has disclosed a cyberattack that compromised a limited number of healthcare records from its US-based ambulance transportation business. The company states that the incident has not had a material impact on its operations or financial condition and that it has contained the unauthorized activity. This incident highlights the heightened adversary activities targeting the healthcare sector, as seen in recent attacks on Change Healthcare and NextGen Healthcare.",https://www.csoonline.com/article/2099328/docgo-says-hackers-stole-patient-data-in-a-recent-cyberattack.html,1715137200
UNH,[UPDATED] Enhabit Will Remain a Standalone Business,"Enhabit, Inc. (NYSE: EHAB) has concluded its strategic review, opting to remain a standalone company instead of pursuing a sale or merger. The decision was influenced by macro headwinds, regulatory uncertainties, and a difficult healthcare operating environment, which prevented transaction proposals that would enhance shareholder value. Enhabit's management plans to focus on core business operations, leveraging momentum from late 2023 and early 2024 to drive future growth.",https://hospicenews.com/2024/05/08/enhabit-will-remain-a-standalone-business/,1715175882
UNH,Report: Amedisys May Sell 100 Locations to Advance UnitedHealth Group Deal,"Amedisys Inc. is reportedly considering selling over 100 home health and hospice locations to a private equity buyer to address antitrust concerns raised by regulators regarding its pending acquisition by UnitedHealth Group's Optum. This move, reported by The Capitol Forum, aims to facilitate the $3.3 billion deal, which the U.S. Department of Justice is currently scrutinizing for potential antitrust issues. UnitedHealth Group is also trying to sell 87 of Optum's locations, as both companies work to resolve regulatory hurdles that have caused investor concern and a dip in Amedisys stock values.",https://hospicenews.com/2024/05/08/amedisys-to-sell-100-locations-to-advance-unitedhealth-group-deal/,1715177993
UNH,Denied by AI: STAT series honored as 2024 Pulitzer Prize finalist,"The STAT series ""Denied by AI"" by Casey Ross and Bob Herman was recognized as a 2024 Pulitzer Prize finalist for investigative reporting. The series exposed how UnitedHealth Group utilized an unregulated algorithm to override clinical judgments, leading to denied care for severely ill older and disabled patients. This impactful reporting has prompted significant attention from Congress, federal agencies, and courts, leading to follow-up investigations and policy discussions regarding AI use in Medicare Advantage plans.",https://www.statnews.com/denied-by-ai-unitedhealth-investigative-series/,1715177993
UNH,"Medicaid, Medicare integration rule to shake up market",A new rule regarding Medicare and Medicaid integration is expected to significantly impact the D-SNP market. This regulatory change could lead to substantial shifts for companies operating in the dual-eligible special needs plans sector. The article highlights the potential for market disruption due to CMS's actions.,http://www.modernhealthcare.com/insurance/medicare-advantage-medicaid-dsnp-centene-molina/,1715248800
UNH,Syra Health reports 47% revenue growth YOY and more digital health earnings,"Syra Health, a healthcare technology company, reported a 47% increase in revenue year-over-year for Q1 2024, reaching $1.7 million, driven by growth in its Population Health and Healthcare Workforce solutions. Concurrently, Clover Health, a Medicare Advantage insurtech company, achieved profitability on an adjusted EBITDA basis for the first time in Q1 2024, with revenues of $346.9 million and an improved net loss. Both companies expressed confidence in their future guidance, with Syra Health anticipating $9 million to $11 million in 2024 revenue and Clover Health raising its 2024 adjusted EBITDA guidance.",https://www.mobihealthnews.com/news/syra-health-reports-47-revenue-growth-yoy-and-more-digital-health-earnings,1715264280
UNH,abrdn Life Sciences Investors (HQL) and abrdn Healthcare Investors (HQH) Announce an Additional 20% Increase in Distribution Rates Representing a 50% Increase Since January 2024,"abrdn Life Sciences Investors (HQL) and abrdn Healthcare Investors (HQH) have announced an additional 20% increase in their annualized distribution rates, bringing the total increase to 50% since January 2024. This raise, from 10% to 12% of rolling NAV, will take effect with distributions payable on June 28, 2024. The Funds' Boards considered long-term positive total returns and an optimistic outlook on the healthcare sector driven by an aging US population and ongoing innovation.",https://www.accessnewswire.com/newsroom/en/closed-end-funds-and-trusts/abrdn-life-sciences-investors-hql-and-abrdn-healthcare-investors-hqh-ann-861663,1715276700
UNH,Rick Scott tries to rewrite history on $1.7 billion Medicare fraud controversy,"Senator Rick Scott is attempting to reframe his past $1.7 billion Medicare fraud controversy as ""political persecution,"" drawing parallels to Donald Trump's current legal challenges. Critics, including a whistleblower from his former company Columbia/HCA, dispute this, pointing to Scott's previous admissions of corporate mistakes and the company's systemic defrauding of federal healthcare programs. Despite the controversy, Scott has successfully won multiple elections, often acknowledging responsibility while denying personal wrongdoing.",https://www.miamiherald.com/news/politics-government/article288431251.html,1715278800
UNH,Humana CEO Bruce Broussard to depart July 1,"Humana has announced that CEO Bruce Broussard will officially step down on July 1, after a decade leading the company. He will be succeeded by current Chief Operating Officer Jim Rechtin, who joined Humana in January. Broussard will remain as an advisor until early 2025, assisting with the transition and various company matters, while Humana continues to navigate challenges in the Medicare Advantage market.",https://www.healthcaredive.com/news/humana-ceo-transition-timeline-broussard-rechtin/716014/,1715694815
UNH,Jim Rechtin to become Humana CEO on July 1,"Jim Rechtin will take over as President and CEO of Humana on July 1, succeeding Bruce Broussard, who will transition to a strategic advisor role. Rechtin brings extensive healthcare experience, including previous leadership positions at Envision Healthcare and OptumCare. This leadership change comes as Humana adjusts its Medicare Advantage growth projections and reported a decrease in first-quarter net profit.",https://www.healthcarefinancenews.com/news/jim-rechtin-become-humana-ceo-july-1,1715771160
UNH,"Acadia Healthcare Eyes PHP, IOP Growth","Acadia Healthcare is focusing on expanding its partial hospitalization programs (PHPs) and intensive outpatient programs (IOPs) as a new growth avenue. The company sees these outpatient services as a way to provide a broader continuum of care, improve patient outcomes, and achieve significant financial upside due to lower capital requirements and cost-effectiveness compared to inpatient care. This move aligns with a broader industry trend of increasing investment and interest in the PHP and IOP space.",https://bhbusiness.com/2024/05/16/acadia-healthcare-eyes-php-iop-growth/,1715866199
UNH,Weight Loss Drugs: GLP-1 Agonists,"GLP-1 agonists are a new class of drugs that help with weight loss and were initially approved for type 2 diabetes. While effective for obesity, these medications are expensive and have significantly increased costs for employers. Employers are advised to use data to understand cost impact, implement prior authorization programs based on FDA guidelines and BMI, and consider additional management programs to control spending.",https://www.bbrown.com/us/insight/weight-loss-drugs-glp-1-agonists/,1716212194
UNH,Hims Debuts $199 Weight-Loss Shots at 85% Discount to Wegovy,"Hims & Hers Health Inc. is entering the weight-loss drug market by offering compounded versions of GLP-1s, the active ingredients found in popular drugs like Wegovy, for a significantly reduced price of $199 a month. This strategy allows customers to access these medications despite shortages and high costs of branded versions, leveraging FDA rules that permit compounding for drugs in short supply. The company's stock saw a substantial increase following the announcement, as Hims plans to further expand its offerings and integrate name-brand drugs when supply becomes adequate.",https://www.businessoffashion.com/news/beauty/hims-debuts-199-weight-loss-shots-at-85-discount-to-wegovy/,1716299562
UNH,Express Scripts enhances strategies to support access to care at independent pharmacies,"Express Scripts, through its IndependentRx initiative and collaboration with CPESN® USA, is expanding access to care via independent pharmacies, especially for Medicare beneficiaries with hypertension and diabetes. This effort, guided by its Independent Pharmacy Advisory Committee, aims to bridge care gaps and improve medication management at the community level. The collaboration is seen as a key step in strengthening the role of independent pharmacists and supporting small businesses.",https://www.prnewswire.com/news-releases/express-scripts-enhances-strategies-to-support-access-to-care-at-independent-pharmacies-302153530.html,1716451200
UNH,Optum buys fast-growing mental health provider Care Counseling,"UnitedHealth Group's Optum has acquired Care Counseling, a rapidly expanding outpatient mental health provider based in St. Louis Park. Care Counseling, co-founded in 2014 by Dr. Andrea Hutchinson and John Hutchinson, has grown to 300 employees and operates 10 locations in Minnesota. This acquisition integrates Care Counseling into Optum's Refresh Mental Health network.",https://www.bizjournals.com/twincities/news/2024/05/24/care-counseling-bought-unitedhealth-group.html,1716567300
UNH,Building partnerships to enhance the health and vitality of health care workers,"This article discusses the critical health and vitality challenges faced by healthcare workers, including high rates of overweight/obesity, back pain, and significant mental health issues such as burnout and substance use. Cigna Healthcare addresses these issues by forming specialized partnerships with hospitals and health systems, offering tailored solutions like customized benefit plans, 24/7 client support, on-site service coordinators, and shared medical management models. The initiatives aim to improve the overall well-being of healthcare professionals, enhance patient care, and address critical staffing shortages exacerbated by the pandemic.",https://newsroom.cigna.com/building-partnerships-to-enhance-the-health-and-vitality-of-health-care-workers,1717418863
UNH,"DEADLINE ALERT: Faruqi & Faruqi, LLP Investigates Claims on Behalf of Investors of Humana","Faruqi & Faruqi, LLP is investigating potential securities fraud claims against Humana Inc. (NYSE: HUM) on behalf of investors who suffered losses exceeding $100,000. The firm alleges that Humana downplayed increased medical costs from pent-up demand for healthcare procedures, leading to increased utilization rates and reduced profitability. Investors have until August 2, 2024, to seek the role of lead plaintiff in the federal securities class action lawsuit.",https://www.globenewswire.com/news-release/2024/06/03/2892639/683/en/DEADLINE-ALERT-Faruqi-Faruqi-LLP-Investigates-Claims-on-Behalf-of-Investors-of-Humana.html?utm_mediu_3=,1717419622
UNH,HeartFlow AI Plaque Analysis Achieves Major Milestone Towards Medicare Coverage,"HeartFlow announced a significant step towards Medicare coverage for its AI Plaque Analysis product, with five Medicare Administrative Contractors (MACs) releasing draft Local Coverage Determinations (LCDs). These draft LCDs recognize the importance of quantifying coronary artery plaque and highlight HeartFlow's technology in diagnosing and managing cardiovascular care. The company anticipates similar widespread coverage and adoption for Plaque Analysis as it achieved with its HeartFlow FFRCT product.",https://www.dicardiology.com/content/heartflow-ai-plaque-analysis-achieves-major-milestone-towards-medicare-coverage,1717459200
UNH,"The Spoon: Securian Financial, Fastenal rejoin Fortune 500","Minnesota now has 17 Fortune 500 companies again, as Securian Financial and Fastenal rejoined the list due to strong 2023 sales. The article also touches on local news including an investigation request into the Minnesota State Patrol, a proposed pay raise for Minneapolis police officers, and St. Paul road closures due to Mississippi River flooding.",https://www.axios.com/local/twin-cities/2024/06/05/the-spoon-securian-financial-fastenal-rejoin-fortune-500,1717545600
UNH,17 Minnesota Companies Land on 2024 Fortune 500 List,"Seventeen Minnesota-based companies made the 2024 Fortune 500 list, with two businesses, Securian Financial Group and Fastenal, returning to the ranking. While UnitedHealth Group held a top spot at fourth place, several financial firms saw significant jumps in their rankings. Minnesota continues to have a notable number of Fortune 500 companies on a per capita basis.",https://tcbmag.com/17-minnesota-companies-land-on-2024-fortune-500-list/,1717632000
UNH,Lawsuits over Change Healthcare data breach centralized in Minnesota,"A federal panel has centralized 49 lawsuits against UnitedHealth Group's Change Healthcare in Minnesota. These lawsuits accuse the payment processing unit of failing to protect personal data during a February cyber attack. The cases, involving both individual consumers and healthcare providers, will be overseen by U.S. District Judge Donovan Frank.",https://www.reuters.com/legal/litigation/lawsuits-over-change-healthcare-data-breach-centralized-minnesota-2024-06-07/,1717791480
UNH,Addus HomeCare expands personal care services to 2 new states with $350M deal,"Addus HomeCare is set to acquire Gentiva's personal care business for $350 million, expanding its personal care services into two new states: Texas and Missouri. This acquisition is expected to boost Addus' annualized revenues by approximately $280 million and is part of its strategic growth plan through accretive acquisitions. Meanwhile, Gentiva will sharpen its focus on its core hospice and palliative care businesses.",https://www.fiercehealthcare.com/providers/addus-homecare-expands-personal-care-services-3-new-states-350m-deal,1718037000
UNH,The J&J lawsuit should be a wakeup call to the PBM industry — and to companies everywhere,"A lawsuit filed against Johnson & Johnson by an employee, Ann Lewandowski, alleges overpayment for prescription drugs through its PBM, Express Scripts, leading to higher insurance premiums and out-of-pocket costs. This case highlights transparency issues and flawed evaluation models within the PBM industry, particularly concerning the dominance of the ""Big 3"" PBMs (CVS Caremark, Express Scripts, and OptumRx). The author argues it should prompt employers to seek more transparent, cost-effective pharmacy benefit solutions.",https://www.statnews.com/2024/06/12/jnj-lawsuit-wakeup-call-to-pbms-and-employers/,1718197415
UNH,US health dept says UnitedHealth can notify patients of data breach,"The U.S. Department of Health and Human Services has allowed healthcare providers to ask UnitedHealth Group to notify patients affected by the February data breach at its Change Healthcare unit. This decision brings relief to hospitals and providers who had urged the HHS to transfer the notification responsibility. UnitedHealth Group appreciates the clarification, which aligns with its goal to ease reporting obligations for its customers.",https://www.reuters.com/business/healthcare-pharmaceuticals/federal-authorities-say-unitedhealth-can-notify-victims-massive-data-breach-wsj-2024-06-12/,1718198705
UNH,Top 10: Healthcare Insurance Companies,"This article lists and describes the top 10 healthcare insurance companies in the United States by revenue, highlighting their headquarters, market share, and revenue. It also provides an overview of the global health insurance market, noting its projected growth and the US's dominance. The companies are presented in reverse order, culminating with the largest player.",https://healthcare-digital.com/top10/top-10-healthcare-insurance-companies,1718236800
UNH,CMS is recalculating 2024 Medicare Advantage Star Ratings,"The Centers for Medicare and Medicaid Services (CMS) is recalculating the 2024 Medicare Advantage Star Ratings, specifically for quality bonus payments, following two recent court rulings in favor of insurers SCAN Health Plan and Elevance Health. This recalculation will use the actual cut points from the 2023 Star Ratings as guardrails and will not decrease any contract's quality bonus payment rating. Affected plans have a limited window to resubmit their 2025 bids, though CMS has not yet decided whether to appeal the court judgments.",https://www.healthcarefinancenews.com/news/cms-recalculating-2024-medicare-advantage-star-ratings,1718368140
UNH,Evoke Pharma Reports Commercial Strategy Progress & Positive Momentum for GIMOTI,"Evoke Pharma announced significant progress in its commercial strategy for GIMOTI, including expanded Medicaid access and record-high prescription fills in April and May 2024. The company has also promoted Mark Kowieski to Chief Financial Officer to streamline operations and drive growth. These initiatives aim to enhance market penetration and accelerate revenue for GIMOTI.",https://finance.yahoo.com/news/evoke-pharma-reports-commercial-strategy-123000858.html,1718627400
UNH,UnitedHealth Group’s lawsuit against former executives over alleged trade secrets theft dismissed,"UnitedHealth Group's lawsuit against former executives Ken Ehlert and Mark Pollman, alleging they stole confidential information to create rival companies like Lore Health, has been dismissed. The parties settled all claims on mutually agreeable terms following arbitration, with neither side acknowledging fault. Lore Health, which recently launched an AI-driven social network, has raised $100 million from private investors and continues its operations unaffected by the litigation.",https://www.startribune.com/unitedhealth-groups-lawsuit-against-former-executives-over-alleged-trade-secrets-theft-dismissed/600374080,1718636400
UNH,"Rate of US uninsured to rise to 8.9% in the next decade, Congressional Budget Office says","The Congressional Budget Office (CBO) projects that the U.S. uninsured rate will increase to 8.9% over the next decade from 7.7% in 2024. This rise is attributed to increased immigration and reduced eligibility for 19-to-24 year-olds due to federal policy changes and the expiration of COVID-19 pandemic-era policies and Obamacare subsidies. While employer-sponsored plans are expected to grow, the CBO anticipates 32 million uninsured people by 2034, still lower than pre-pandemic levels due to an older U.S. population covered by Medicare.",https://www.reuters.com/business/finance/rate-us-uninsured-rise-89-next-decade-congressional-budget-office-says-2024-06-18/,1718751000
UNH,FDA lifts hold on PTC Huntington’s disease trial,"The FDA has lifted a partial clinical hold on PTC Therapeutics' Phase 2 trial for its Huntington's disease drug, PTC518, following new data. The data showed that the drug significantly suppressed levels of the mutant huntingtin protein in patients, meeting expectations and potentially allowing advancement to Phase 3 trials. This development positions PTC to compete with UniQure in the race for a Huntington's disease treatment.",https://www.biopharmadive.com/news/ptc-huntingtons-interim-data-fda-lift-hold/719385/,1718841600
UNH,Non-Emergency Medical Transportation Market Report,"The global Non-Emergency Medical Transportation (NEMT) market is projected to grow significantly, from $8.86 billion in 2023 to $13.31 billion by 2028, driven by an aging population, chronic diseases, and healthcare access initiatives. Key trends include technology integration, patient-centric solutions, and collaborations with ride-sharing platforms. North America currently leads the market, with major players including Transdev, FirstGroup, Lyft, ModivCare, and Falck.",https://www.globenewswire.com/news-release/2024/06/20/2901524/28124/en/Non-Emergency-Medical-Transportation-Market-Report-2024-2028-2033-Transdev-FirstGroup-Lyft-ModivCare-and-Falck-Dominate-the-Competitive-Landsacpe.html,1718866020
UNH,Meet the Four Executives Headlining the Drug Channels Leadership Forum,"The inaugural Drug Channels Leadership Forum in March 2025 will feature fireside chats with four prominent executives from leading drug channel companies: Cencora, Optum Rx, Eli Lilly and Company, and Walgreens Boots Alliance. Moderated by Adam J. Fein, Ph.D., the event aims to discuss crucial issues and strategic concerns affecting the prescription drug market and U.S. healthcare system through one-on-one conversations and panel discussions. Attendance and sponsorship opportunities are limited to maximize networking and learning value for stakeholders across the drug channel ecosystem.",https://www.drugchannels.net/2024/06/meet-four-executives-headlining-drug.html,1719187200
UNH,"Steward Health Care's physician group sale to Optum is off, regulator says","UnitedHealth Group’s Optum has reportedly backed out of its deal to acquire Steward Health Care’s physician group, a key part of Steward's bankruptcy liquidation plans. The Massachusetts Health Policy Commission (HPC) confirmed that Optum is no longer pursuing the acquisition. This development comes after significant scrutiny from lawmakers and critics regarding the potential anticompetitive implications of the deal, and amid concerns over Steward's financial troubles.",https://www.fiercehealthcare.com/finance/steward-health-cares-physician-group-sale-optum-regulator-says,1719581105
UNH,Amedisys Divests Locations in Advance of Optum Deal,"Amedisys has divested several home health locations to VitalCaring, which also acquired some UnitedHealth Group care centers, with financial terms undisclosed. This transaction comes as Optum, a subsidiary of UnitedHealth Group, prepares to complete its acquisition of Amedisys. The divestiture and Optum's larger acquisition strategy are under scrutiny for potential antitrust concerns by the U.S. Department of Justice.",https://hospicenews.com/2024/06/28/amedisys-divests-locations-in-advance-of-optum-deal/,1719581105
UNH,The Best Way to Prevent Falls in Older Adults? Not Vitamin D or Calcium Supplements,"New guidelines from the U.S. Preventive Services Task Force (USPSTF) emphasize structured exercise, particularly activities that improve balance, gait, and mobility, as the primary method for preventing falls in adults aged 65 and older. The guidelines also recommend doctors assess patients for other fall risk factors like vision and hearing problems. Notably, the USPSTF found no evidence that low-dose vitamin D and calcium supplements are effective in preventing falls and thus did not recommend them for this purpose.",https://www.verywellhealth.com/prevent-fall-risk-in-older-adults-uspstf-8670719,1719581131
UNH,Wave Life Sciences' Antisense Oligonucleotide WVE-003 Demonstrates Ability to Lower Mutant Huntingtin in Phase 1b/2a Trial,"Wave Life Sciences' WVE-003, an allele-selective antisense oligonucleotide, has demonstrated its ability to significantly reduce mutant huntingtin (mHTT) protein levels in the cerebrospinal fluid of Huntington disease patients, while preserving wild-type huntingtin (wtHTT) protein levels. Data from the SELECT-HD trial showed a mean reduction of mHTT by 46% at 8 weeks and 44% at 12 weeks after the last dose, favoring a quarterly or less frequent dosing approach. The drug was characterized as generally safe and well-tolerated, marking the first clinical demonstration of allele-selective silencing for a disease target.",https://www.cgtlive.com/view/wave-life-sciences-antisense-oligonucleotide-wve-003-demonstrates-ability-lower-mutant-huntingtin-phase-1b-2a-trial,1719792000
UNH,Amedisys Expects to Close UnitedHealth Group Deal By Q4,"Amedisys has divested some of its home health locations to VitalCaring, a move expected to facilitate the closure of its acquisition by UnitedHealth Group's Optum. This divestiture addresses antitrust concerns previously raised by regulatory bodies like the U.S. Department of Justice, increasing the likelihood of the deal closing in the second half of 2024. The acquisition, valued at $3.3 billion, comes after earlier scrutiny over Optum's previous large-scale healthcare acquisitions.",https://hospicenews.com/2024/07/02/amedisys-expects-to-close-unitedhealth-group-deal-by-q4/,1719923669
UNH,New Medicare Advantage star ratings give extra bonuses to multiple insurers,"More than two dozen Medicare Advantage insurers received higher quality ratings for 2024, as revealed by new federal data. This recalculation, spurred by federal court rulings against the Centers for Medicare and Medicaid Services' previous methodology, will grant ten major health insurance companies, including UnitedHealthcare and Aetna, significant taxpayer-funded bonuses. These ""star ratings"" indicate a plan's quality, and the upgrades mean hundreds of millions of dollars in extra revenue for the insurers.",https://www.statnews.com/2024/07/03/medicare-advantage-insurer-star-quality-ratings-extra-bonuses/,1720006608
UNH,After A 15% Fall This Year Is Monster Beverage A Better Pick Over Intuitive Surgical Stock?,"This article compares Monster Beverage (MNST) and Intuitive Surgical (ISRG) stocks, suggesting MNST is a better investment despite ISRG's historical revenue growth. The analysis highlights MNST's stronger profitability and recent outperformance in stock returns over the last three years. Given the current market conditions, the authors predict MNST will outperform ISRG in the next three years, attributing this to MNST's pricing actions, cost-cutting, and robust demand for energy drinks.",https://www.trefis.com/stock/isrg/articles/556646/after-a-15-fall-this-year-is-monster-beverage-a-better-pick-over-intuitive-surgical-stock/2024-07-03,1720008666
UNH,BME: Quality Healthcare Fund With 6% Income And An Attractive Discount (NYSE:BME),"BlackRock Health Sciences Trust (BME), a healthcare sector-specific closed-end fund, offers a 6.3% yield and trades at an attractive discount of nearly -8% below NAV. Despite a strong long-term record that has matched or exceeded the S&P 500, its recent performance has been suboptimal. The fund invests in a diversified portfolio of common stocks within the healthcare sector.",https://seekingalpha.com/article/4702597-bme-quality-healthcare-fund-with-6-percent-income-and-an-attractive-discount,1720393766
UNH,3 Stocks to Buy From the ‘Ultimate’ Buy-and-Hold Portfolio,"This article identifies three dividend-paying stocks—UnitedHealth Group (UNH), Walmart (WMT), and Brookfield Corporation (BN)—from Gordon Pape's ""Internet Wealth Builder Buy and Hold Portfolio."" These companies are chosen for their strong long-term growth profiles, industry leadership, and sound financial health. Despite recent challenges like cyberattacks for UNH or valuation concerns for WMT, the article highlights their resilience, analyst support, and strategic strengths, positioning them as ideal buy-and-hold investments.",https://investorplace.com/2024/07/3-stocks-to-buy-from-the-ultimate-buy-and-hold-portfolio/,1720438882
UNH,"Middlemen have outsized influence on U.S. drug prices due to market consolidation, FTC says","The FTC states that market consolidation among pharmacy benefit managers (PBMs) has given them excessive influence over prescription drug prices in the U.S. These PBMs, acting as middlemen, negotiate drug prices and set medication coverage lists, often benefiting themselves at the expense of smaller pharmacies and consumers. The report highlights that the three largest PBMs—UnitedHealth Group's Optum, CVS Caremark, and Cigna's Express Scripts—manage 79% of U.S. prescription drug claims and are vertically integrated with insurance companies and pharmacy chains, creating conflicts of interest.",https://www.cnbc.com/2024/07/09/middlemen-have-outsized-influence-on-us-drug-prices-due-to-market-consolidation-ftc-says.html,1720525380
UNH,HarmonyCares pockets $200M to expand in-home value-based primary care service,"HarmonyCares, a provider of in-home primary care, has secured $200 million in new funding to expand its services to additional states. The company, founded in 1993, operates in 15 states, offering a physician-driven model that includes ancillary services like home health, hospice, and radiology to senior Medicare patients. The investment, led by General Catalyst, McKesson Ventures, and a national payer, will also be used to develop new technology to improve clinical outcomes.",https://www.fiercehealthcare.com/providers/harmonycares-pockets-200m-expand-home-value-based-primary-care-service,1720527353
UNH,"Final Trades: Edwards Lifesciences, First Citizens, UnitedHealth and iShares US Real Estate ETF","The Investment Committee has shared their top stock picks for the second half of the year, featuring Edwards Lifesciences, First Citizens, UnitedHealth, and iShares US Real Estate ETF. This article focuses on video content discussing these final trades. The primary content is a video clip of the Investment Committee announcing their stock selections.",https://www.cnbc.com/video/2024/07/10/final-trades-edwards-lifesciences-first-citizens-unitedhealth-and-ishares-us-real-estate-etf.html,1720591730
UNH,Top 4 Must-Have Healthcare Stocks for Long-Term Growth,"The healthcare industry offers significant long-term growth opportunities driven by an aging global population, technological advancements, and rising healthcare costs. This article highlights four companies poised to benefit from these trends: UnitedHealth Group (UNH), DexCom (DXCM), CVS Health (CVS), and HCA Healthcare (HCA). Each company leverages different aspects of the evolving healthcare landscape, from managing health insurance for the elderly to developing cutting-edge medical devices and focusing on cost-effective care.",https://www.marketbeat.com/stock-ideas/top-4-must-have-healthcare-stocks-for-long-term-growth/,1720699665
UNH,Cardiovascular startup raises $260 million led by ex-Moderna execs’ new VC fund,"Cardurion Pharmaceuticals, a startup focusing on shelved cardiovascular drug candidates from Takeda Pharmaceuticals, has successfully raised $260 million in a Series B funding round. The funding was led by Ascenta Capital, a new venture capital firm founded by Lorence Kim and Evan Rachlin, both former executives from Moderna. Ascenta Capital emphasizes a patient- and operator-centric investment approach, including meeting with patients before making investment decisions.",https://www.statnews.com/2024/07/16/cardiovascular-startup-raises-260-million-former-moderna-execs/,1721133100
UNH,Elevance tumbles as health insurer warns Medicaid members are using more care,"Elevance Health's stock fell almost 6% after the insurer reported that its Medicaid members are using more care than states are compensating them for, despite beating Wall Street's earnings estimates. This follows a similar market reaction earlier in the year when another insurer warned about the ""disturbance"" in Medicaid, driven by states redetermining eligibility post-Covid-19 pandemic. The article indicates that Medicaid redeterminations are causing financial pressures on health insurers as patient utilization patterns shift.",https://www.statnews.com/2024/07/17/elevance-stock-earnings-medicaid-care/,1721174400
UNH,Top 10: MedTech Companies,"This article lists the top 10 MedTech companies by market capitalization, highlighting their origins, global operations, key products, and employee numbers. The companies featured include industry giants like Johnson & Johnson, UnitedHealth Group, Thermo Fisher Scientific, Abbott Laboratories, and Danaher, all contributing significantly to medical technology advancements worldwide. The MedTech industry encompasses diverse products and solutions from prevention to treatment, improving global healthcare.",https://healthcare-digital.com/technology-and-ai/top-10-medtech-companies,1721174400
UNH,ARDT Stock Price and Chart — NYSE:ARDT,"This article provides a detailed overview of Ardent Health, Inc. (ARDT) stock performance on the NYSE, including its current price, historical chart data, key financial statistics, and analyst ratings. It covers market capitalization, revenue, earnings, and future forecasts, offering insights into the company's operational performance and investment potential.",https://www.tradingview.com/symbols/NYSE-ARDT/,1721216284
UNH,Private Nursing Services Market Hits USD 1179 Billion by 2032,"The global private nursing services market is projected to grow from USD 609.7 billion in 2022 to USD 1179 billion by 2032, expanding at a 7% CAGR, driven by an aging population and rising chronic diseases. Despite challenges like rural accessibility and a shortage of skilled professionals, the market is adapting through technological advancements like remote monitoring and telehealth. Key players include The Ensign Group, Knight Health Holdings, and Genesis Healthcare, all contributing to the sector's evolution and continued expansion.",https://media.market.us/private-nursing-services-market-news/,1721216451
UNH,Health insurer Elevance cautious on Medicaid business this year,"Elevance Health's shares fell after the insurer indicated that medical costs would remain high this year due to increased claims from its government-backed Medicaid plans. The company anticipates higher care utilization by Medicaid members in the second half of 2024, leading to a revised full-year medical loss ratio forecast at the upper end of its initial range. Rival insurers also saw their shares drop amid similar concerns over Medicaid-related costs.",https://www.reuters.com/business/healthcare-pharmaceuticals/elevance-beats-profit-estimates-lower-than-expected-medical-costs-2024-07-17/,1721228520
UNH,Vermont latest state to sue PBMs for allegedly driving up drug prices,"Vermont has become the latest state to sue major pharmacy benefit managers (PBMs), accusing CVS Health's Caremark and Cigna Group's Express Scripts of artificially inflating prescription drug prices. The lawsuit alleges these PBMs steer patients towards more expensive medications, even when cheaper alternatives are available, and profit from the opaque fee system. This action aligns with similar lawsuits from other states and increased scrutiny from the U.S. Federal Trade Commission regarding PBM practices.",https://www.reuters.com/legal/government/vermont-latest-state-sue-pbms-allegedly-driving-up-drug-prices-2024-07-17/,1721309280
UNH,Global IT outage a 'huge wake-up call' for cyber insurance industry,"A global IT outage on July 19, caused by a faulty update from cybersecurity vendor CrowdStrike, is expected to lead to significant claims for the cyber insurance industry and trigger a reevaluation of policy coverage. The disruption, which impacted critical sectors like banking and aviation, highlights the systemic risk posed by single service providers and human error, rather than just malicious cyberattacks. Insurers anticipate a wave of business interruption claims, prompting a potential shift in how such non-malicious errors are underwritten and priced in future policies.",https://www.spglobal.com/market-intelligence/en/news-insights/articles/2024/7/global-it-outage-a-huge-wake-up-call-for-cyber-insurance-industry-82497559,1721606400
UNH,Inspire Medical appoints chief people officer,"Inspire Medical Systems has appointed Melissa Mann as its new Chief People Officer. Mann brings over 25 years of experience in human capital management, previously serving at UnitedHealth Group and Target Corporation. She will be responsible for shaping the company's human capital strategy and supporting its continued growth.",https://www.massdevice.com/inspire-medical-appoints-chief-people-officer/,1721650228
UNH,CVS Caremark® defines future of pharmacy benefit management,"CVS Caremark announced a renewed pledge to accelerate transparency, drive to the lowest net cost prescription drugs, strengthen pharmacy relations, and deliver the best clinical care in pharmacy. This initiative builds on their commitment to greater affordability for prescription drugs, promoting low-list price drugs, and innovating to increase transparency through solutions like TrueCost™. The company aims to make it easier for pharmacies to do business with them and to continue challenging pharmaceutical company price hikes.",https://www.cvshealth.com/news/pbm/cvs-caremark-defines-future-of-pharmacy-benefit-management.html,1721692800
UNH,"ConnectiCare sold to California-based Molina Healthcare for $350 million, affecting 140,000 members","Molina Healthcare has acquired ConnectiCare from EmblemHealth for $350 million, adding 140,000 members to its national base. This acquisition allows Molina Healthcare to expand its presence in the health insurance market, with ConnectiCare expecting $1.4 billion in premiums this year. The change in ownership signals potential operational shifts as Molina Healthcare implements its business strategies in Connecticut.",https://www.ctinsider.com/business/article/ct-connecticare-emblemhealth-molina-ca-insurance-19591255.php,1721692800
UNH,"To get a fair deal on Wegovy, buying Novo Nordisk might not be Medicare’s worst option","Medicare and Medicaid are grappling with the high cost of new weight loss drugs like Wegovy, with current spending on GLP-1s already in the billions. The article suggests that if broader coverage for obesity is enacted, the costs could be astronomical, potentially bankrupting parts of the federal health care budget. This financial challenge raises the question of whether unusual strategies, such as Medicare buying Novo Nordisk, might be considered to manage drug pricing effectively.",https://www.statnews.com/2024/07/23/wegovy-medicare-medicaid-costs-why-not-buy-manufacturer-novo-nordisk/,1721737199
UNH,"UnitedHealth Group’s Optum Cuts 100+ Jobs, Including Behavioral Health Roles","Optum, the services arm of UnitedHealth Group (NYSE: UNH), has laid off over 100 employees, including behavioral health managers, as part of a restructuring. This marks the second round of significant layoffs for Optum in recent months, following hundreds of eliminations and the discontinuation of its virtual care business in May. Despite publicly prioritizing behavioral health, UnitedHealth Group has faced challenges, including losing an appeal regarding federal behavioral health parity laws and significant impacts from the Change Healthcare cyberattack.",https://bhbusiness.com/2024/07/23/unitedhealths-optum-cuts-100-jobs-including-behavioral-health-roles/,1721738069
UNH,UnitedHealth is tapping the bond market as it moves to get ahead of election-related volatility,"UnitedHealth Group Inc. has launched a $12 billion, eight-part bond offering to refinance debt and prepare for potential market volatility related to the upcoming U.S. presidential election. The healthcare giant plans to use the proceeds for general corporate purposes, including refinancing short-term borrowings and repurchasing more expensive outstanding debt. This move follows the company's recent report of better-than-expected quarterly earnings.",https://www.marketwatch.com/story/unitedhealth-is-tapping-the-bond-market-as-it-moves-to-get-ahead-of-election-related-volatility-fc1ce564?gaa_at=eafs&gaa_n=AWEtsqdySmmv9JoIriQbLFvVt15pW93EY_whTZuatHwkPwSefRfW3yXPQKPy&gaa_ts=6999a9d8&gaa_sig=yysR6595v1OhSTRlLC0qHPwHQ5OsNY_sbQJwp4p4HqkrmqQYQLM_pcwtGEmErKSCH_IXcl38ieFIIJfvhJwKfw%3D%3D,1721741760
UNH,Molina’s Medicaid growth offsets worst of redeterminations pressures in Q2,"Molina Healthcare exceeded Wall Street's second-quarter earnings and revenue expectations despite concerns about its Medicaid business, reporting $9.9 billion in revenue thanks to new contracts and existing business growth. While net income was slightly down due to increased spending on Medicaid beneficiaries, company executives anticipate an improvement in Medicaid pressures in the second half of the year. Molina also remains open to further mergers and acquisitions, following two recent large purchases, and plans to launch a new subsidiary to manage its growth strategy in dual-eligible Medicare and Medicaid plans.",https://www.healthcaredive.com/news/molina-medicaid-growth-offset-redeterminations-q2-2024/722357/,1721909848
UNH,The future of women's health: Key takeaways for brands,"WPP's Health@WPP and the World Woman Foundation hosted panels at the Cannes Lions International Festival of Creativity to discuss the future of women's health. The sessions highlighted the need for greater equity, innovation, and empowerment, urging brands and advertisers to champion inclusive research, invest in women-led innovation, and amplify women's voices across different life stages. Key discussions covered the cultural impact of ""girlhood,"" the importance of community in reproductive health, addressing maternal healthcare inequities, destigmatizing menopause, and challenging ageism in media and the workplace for women over 40.",https://www.wpp.com/en/wpp-iq/2024/07/the-future-of-womens-health-key-takeaways-for-brands,1721997426
UNH,‘They must leave’: Coalition begins push for HCA to relinquish Mission,"A broad coalition in Western North Carolina, including doctors, patient advocates, and a state senator, is demanding that HCA Healthcare relinquish ownership of the Mission Health network. They assert that HCA has provided a suboptimal level of care since its $1.5 billion acquisition in 2019, leading to a ""marked divestment in staff, resources, and services."" The coalition, Reclaim Healthcare WNC, aims to replace HCA with a non-profit owner committed to regional healthcare needs.",https://www.northcarolinahealthnews.org/2024/07/27/coalition-mission-hospital-hca-healthcare/,1722038400
UNH,SouthCoast Health Data Breach Lawsuit Investigation,"Attorneys are investigating a potential class action lawsuit against SouthCoast Health following a data breach that occurred between June 15 and June 18, 2023. The breach exposed various types of personal information, including names, Social Security numbers, medical information, and financial data. Individuals affected by the breach may be able to recover compensation for privacy loss and related costs.",https://www.classaction.org/data-breach-lawsuits/southcoast-health-july-2024,1722384000
UNH,Cigna CEO promises ‘aggressive’ defense of pharmacy benefit managers,"Cigna's CEO, David Cordani, announced an ""aggressive"" defense strategy for its pharmacy benefit manager (PBM), Express Scripts, amidst increasing public and regulatory scrutiny over drug costs. The strategy includes enhanced lobbying efforts, sponsoring more PBM value research, and collaboration with independent pharmacists. This comes as Express Scripts continues to be a major revenue driver, contributing substantially to Cigna's impressive second-quarter financial results of $60.5 billion in revenue and $1.5 billion in net income, exceeding Wall Street expectations.",https://www.healthcaredive.com/news/cigna-aggressive-pharmacy-benefit-manager-defense/722638/,1722509600
UNH,Cigna CEO David Cordani defends PBMs as scrutiny of the industry ramps up,"Cigna CEO David Cordani defended pharmacy benefit managers (PBMs) during the company's earnings call, despite increasing regulatory scrutiny. He argued that PBMs like Cigna's Express Scripts play a crucial role in making expensive new pharmacological innovations more affordable by keeping cost-sharing relatively flat. Cigna reported strong second-quarter results, with revenue growing 25% year-over-year, largely driven by its Evernorth division and significant client wins for Express Scripts.",https://www.fiercehealthcare.com/payers/evernorth-drives-double-digit-revenue-growth-cigna-q2,1722509600
UNH,National Vision Appoints Caitlin Zulla to Board of Directors,"National Vision Holdings, Inc. has appointed Caitlin Zulla to its Board of Directors, a move effective immediately. Zulla, who brings extensive healthcare and financial expertise, currently serves as CEO of Optum Health East and will join the Board’s Compensation Committee. Her appointment is expected to support National Vision's long-term goals and strategic initiatives.",https://www.businesswire.com/news/home/20240801515969/en/National-Vision-Appoints-Caitlin-Zulla-to-Board-of-Directors,1722509971
UNH,National Vision Appoints Caitlin Zulla To Board Of Directors,"National Vision Holdings, Inc. announced the appointment of Caitlin Zulla to its Board of Directors, effective immediately. Zulla, CEO of Optum Health East, brings extensive healthcare and finance expertise to the Compensation Committee. Her appointment is part of the Board's strategy to refresh and support the company's long-term goals and value creation.",https://www.citybiz.co/article/585001/national-vision-appoints-caitlin-zulla-to-board-of-directors/,1722556800
UNH,UnitedHealth and HCA clash over hospital chain’s rates in ‘battle of the giants’,"A significant contract dispute has emerged between UnitedHealthcare, the largest private health insurer, and HCA Healthcare, the biggest hospital chain. If an agreement on rates isn't reached by September 1, 38 HCA hospitals and affiliated groups across four states (Texas, Colorado, South Carolina, and New Hampshire) will become out-of-network for UnitedHealthcare members, marking a major ""battle of the giants"" in the health care industry.",https://www.statnews.com/2024/08/02/unitedhealth-hca-healthcare-contract-dispute-goes-public/,1722556800
UNH,Enhabit Walks Away From UnitedHealthcare After ‘9 Months Of Unsuccessful Negotiations’,"Enhabit Inc. has decided to terminate its contract with UnitedHealthcare after nine months of unsuccessful negotiations, citing a focus on payer innovation strategy and better-reimbursing contracts. This decision was announced during the company's second-quarter earnings call, alongside discussions supporting the Preserving Access to Home Health Care Act to prevent payment cuts. Enhabit aims to reallocate clinical resources to fee-for-service Medicare patients and its 68 favorable contracts, confident in its ability to replace the census from UnitedHealthcare.",https://homehealthcarenews.com/2024/08/enhabit-walks-away-from-unitedhealthcare-after-9-months-of-unsuccessful-negotiations/,1722988800
UNH,NHC completes acquisition of White Oak Senior Living’s 15-property portfolio,"National HealthCare Corp. (NHC) has finalized its $221.4 million acquisition of White Oak Senior Living’s 15-property portfolio, expanding its presence in North and South Carolina. The deal includes continuing care retirement communities and nursing homes, adding 1,928 skilled nursing beds, 48 assisted living units, and 302 independent living units to NHC's operations. Both companies emphasized cultural alignment centered on excellent patient care.",https://www.mcknightsseniorliving.com/news/nhc-completes-acquisition-of-white-oak-senior-livings-15-property-portfolio/,1723075200
UNH,"Meet Karen Peck, 2024 Hall of Honor inductee","Karen Peck, a registered nurse with 35 years of experience in senior living, has been named a 2024 Hall of Honor inductee by McKnight's Women of Distinction. Starting at Brookdale Senior Living in 2011, she is known for her leadership, integrity, and significant contributions, including developing a nurse retention program that reduced turnover by 38%. Her responsibilities include overseeing healthcare services and quality for 90 assisted living communities and she has also received several awards for her advocacy and service in the long-term care field.",https://www.mcknightsseniorliving.com/news/meet-karen-peck-2024-hall-of-honor-inductee/,1723114211
UNH,"Insurers’ big profits stem from care delivery, not core business","Major health insurers like UnitedHealth Group and Cigna are increasingly deriving their profits from care delivery, pharmacy services, and other non-core businesses rather than traditional health insurance. This strategic shift, aimed at boosting profits and controlling costs by integrating various parts of the healthcare ecosystem, is drawing scrutiny from regulators and Congress due to concerns about potential conflicts of interest and monopolies. While proponents argue this approach can lead to better patient outcomes, critics worry about increased power concentrated in a few hands and the impact on healthcare consumers.",https://www.axios.com/2024/08/08/insurer-profits-health-care-delivery-pharmacy,1723114399
UNH,For-profit health systems see Medicaid supplemental payment bump in Q2,"Most leading for-profit health systems like Tenet Healthcare, HCA Healthcare, and Universal Health Services saw increased profits in Q2, partly due to an uptick in state Medicaid supplemental payments. These payments, which help cover the gap between Medicaid reimbursement rates and actual care costs, boosted revenues between $30 million and $125 million for these systems. While executives still argue that these funds don't fully cover costs, a new CMS rule allowing higher payment rate ceilings is expected to increase supplemental payments significantly in the coming years.",https://www.healthcaredive.com/news/health-systems-medicaid-supplemental-payments-second-quarter-earnings/723675/,1723460674
UNH,What directors can learn from cyber incident disclosures,"A Zscaler analysis of SEC filings reveals that cyber incidents, particularly ransomware attacks, significantly impact public companies, with consumer cyclical and healthcare sectors being the most frequent targets. The article highlights that over half of affected companies saw their stock prices remain below pre-incident levels a month after disclosure, emphasizing the importance of robust cybersecurity, zero-trust architectures, and critical third-party risk management for directors. It also notes that assessing materiality within the mandated four-day reporting window is challenging but crucial for accurate disclosures.",https://www.zscaler.com/cxorevolutionaries/insights/what-directors-can-learn-cyber-incident-disclosures,1723548902
UNH,When Payers Become Producers: Inside the PBM Private-Labeling Trend,"This article examines the increasing trend of Pharmacy Benefit Managers (PBMs) vertically integrating into biosimilar production, with major players like CVS Health, Cigna, and UnitedHealth Group launching their own biosimilar subsidiaries. A survey by MMIT reveals that most payers anticipate a positive impact on biosimilar competition, but also express concerns about increased contracting complexity and potential market saturation. The piece also discusses regulatory changes regarding biosimilar interchangeability and potential governmental pushback against the growing vertical integration in the PBM sector.",https://www.drugchannels.net/2024/08/when-payers-become-producers-inside-pbm.html,1723805159
UNH,"1,500 volunteers to pack thousands of meals for 9/11","Nearly 1,500 volunteers will pack 420,000 meals at the Curtis Culwell Center in observance of the 23rd anniversary of 9/11 and Hunger Action Month. This initiative, part of the 9/11 Day nonprofit's National Day of Service and Remembrance, aims to turn the somber anniversary into ""a day of doing good."" All meals packed in North Texas will be donated to the North Texas Food Bank to help food-insecure individuals and families.",https://planomagazine.com/meals-ntpa-911-day/,1724153418
UNH,Judge finds 'serious flaws' in AZ Medicaid program's contract awards,"An administrative law judge has identified ""serious flaws"" in how Arizona's Medicaid program awarded contracts, leading to a halt in planned coverage changes for thousands of residents. The judge recommended upholding appeals challenging the state's decision to grant long-term managed care contracts to affiliates of national for-profit companies, rather than local non-profits. This ruling impacts the contracts announced on December 1.",https://www.azcentral.com/story/money/business/health/2024/08/21/judge-finds-serious-flaws-in-az-medicaid-programs-contract-awards/74802357007/,1724237634
UNH,"Top US oilfield firm Halliburton hit by cyberattack, source says","U.S. oilfield services firm Halliburton was hit by a cyberattack on Wednesday, affecting certain company systems and global connectivity networks. Halliburton is working with external experts to address the issue, which has prompted some staff to disconnect from internal networks. The incident follows a series of cyberattacks on major U.S. companies and highlights the ongoing threat of ransomware, particularly for the energy industry.",https://www.reuters.com/technology/cybersecurity/top-us-oilfield-firm-halliburton-hit-by-cyberattack-2024-08-21/,1724276880
UNH,Humana to pay $90M to settle fraudulent Medicare bid lawsuit,"Humana has agreed to pay a $90 million settlement to the federal government to resolve allegations of submitting fraudulent bids for Medicare Part D prescription drug contracts between 2011 and 2017. The lawsuit, filed by a former Humana actuary, alleged the company overcharged the government by committing to provide a required level of coverage while planning to provide less, effectively keeping two sets of books. This settlement is significant as it marks the first resolution of its kind involving fraud in the Part D contracting process.",https://topclassactions.com/lawsuit-settlements/insurance/humana-to-pay-90m-to-settle-fraudulent-medicare-bid-lawsuit/,1724324748
UNH,Teladoc Health: Transforming telehealth operations with Copilot,"Teladoc Health has revolutionized its telehealth operations by implementing Microsoft Copilot for Microsoft 365, leading to significant time savings, increased efficiency, and improved employee satisfaction. Copilot automates routine tasks, streamlines processes, and enhances client service response times, setting a new standard in the telehealth industry. The integration of Copilot with other Microsoft tools like Power Automate and Power BI has further optimized client interactions and project management.",https://www.microsoft.com/en/customers/story/1805001416118108722-teladochealth-power-apps-health-provider-en-united-states,1724371200
UNH,"Halliburton alerts oil clients after cybersecurity breach, activates response plan","Halliburton Co. has alerted customers and activated its cybersecurity response plan after an unauthorized third party gained access to some of its systems. The company is investigating the incident and has notified law enforcement, taking some systems offline for protection. This event highlights the increasing cybersecurity risks faced by the energy sector, following other attacks on critical infrastructure.",https://www.worldoil.com/news/2024/8/23/halliburton-alerts-oil-clients-after-cybersecurity-breach-activates-response-plan/,1724371200
UNH,US Physical Therapy Industry on the Rise: Market Projected to Reach $87.83 Billion by 2031,"The U.S. physical therapy market is projected to reach $87.83 billion by 2031, growing from $46.75 billion in 2023 with an 8.2% Compound Annual Growth Rate. This growth is driven by increased patient autonomy and the vital role of physical therapists, despite challenges like practitioner burnout. Rehabilitation centers are leading market advancements, providing specialized care for recuperation.",https://www.globenewswire.com/news-release/2024/08/23/2934817/28124/en/US-Physical-Therapy-Industry-on-the-Rise-Market-Projected-to-Reach-87-83-Billion-by-2031.html,1724395680
UNH,"Executive Changes at Interim HealthCare, Amedisys, Traditions Health","This article details recent executive changes across three healthcare companies. Interim HealthCare appointed Rexanne Domico as its new President and COO. Michael North, CIO of Amedisys, is departing the company with a significant separation payout, amid its pending acquisition by Optum. Traditions Health also announced Jessica Hellwege as its new VP of Hospice Operations.",https://hospicenews.com/2024/08/23/executive-shake-ups-at-interim-healthcare-amedisys-traditions-health/,1724410313
UNH,Halliburton Warning Oil Clients After Cybersecurity Attack,"Halliburton Co., a major provider of fracking services, is alerting customers and law enforcement after an unauthorized third party accessed some of its systems, leading the company to take certain systems offline. This incident highlights the increasing vulnerability of the energy sector to cyberattacks, following similar incidents affecting other critical U.S. services. Halliburton is currently investigating the materiality of the breach and working on system restoration.",https://www.ttnews.com/articles/halliburton-oil-cyberattack,1724437920
UNH,Feds Killed Plan To Curb Medicare Advantage Overbilling After Industry Opposition,"A 2014 plan by federal officials to prevent Medicare Advantage insurers from overbilling the government was abandoned after significant industry opposition, newly released court documents reveal. This decision is central to a multibillion-dollar Justice Department civil fraud case against UnitedHealth Group, which alleges the insurer cheated Medicare by identifying additional diagnoses for higher payments while ignoring overcharges. Critics argue this points to a pattern of inadequate CMS oversight of Medicare Advantage plans, leading to billions in inflated government costs.",https://kffhealthnews.org/news/article/medicare-advantage-overbilling-diagnostic-codes-cms-killed-rule/,1724758241
UNH,UnitedHealth pledged a hands-off approach after buying a Connecticut medical group. Then it upended how doctors practice,"UnitedHealth Group promised a hands-off approach when acquiring ProHealth Physicians in Connecticut, assuring doctors they would lead primary care and better serve patients while the company handled business. However, nearly a decade later, the primary care network is significantly diminished, with doctors leaving and patients struggling to get appointments or complaining of questionable diagnoses. This has led to widespread disillusionment among patients who are now seeking care elsewhere.",https://www.statnews.com/2024/08/28/unitedhealth-optum-prohealth-physicians-care-squeezed-for-profit-doctors-say/,1724844641
UNH,Protesters Outside UnitedHealthcare Headquarters Allege Company Systemically Denies Care,"A protest outside UnitedHealth Group's headquarters led to 11 arrests, with demonstrators alleging the company systemically denies care. Organized by People's Action as part of its Care Over Cost campaign, the protest highlighted concerns about denied claims, prior authorizations, and and the use of AI in claims processing. This event coincided with UnitedHealth Group reporting $7.9 billion in quarterly profits, leading critics to accuse the company of prioritizing profits over patient care.",https://www.darkdaily.com/2024/08/30/protesters-outside-unitedhealthcare-headquarters-allege-company-systemically-denies-care/,1725017441
UNH,UnitedHealthcare to launch prior authorization gold card program,"UnitedHealthcare announced its plan to introduce a prior authorization gold card program. This initiative, detailed by Hayley DeSilva on September 3, 2024, aims to streamline the prior authorization process for certain healthcare providers.",http://www.modernhealthcare.com/insurance/unitedhealth-prior-authorization-gold-card-program/,1725371880
UNH,"Mississippi awards Medicaid contracts to Centene, Molina, TrueCare","Mississippi has awarded new four-year, $3.8 billion Medicaid managed care contracts to Centene subsidiary Magnolia Health, Molina, and newcomer TrueCare. These contracts resolve a two-year delay caused by challenges from UnitedHealth and Elevance regarding the bidding process. Molina and Magnolia Health are incumbents, while TrueCare, a nonprofit formed by the Mississippi Hospital Association, replaces UnitedHealthcare.",https://www.healthcaredive.com/news/mississippi-medicaid-contracts-centene-molina-truecare/726010/,1725531600
UNH,"With 90% institutional ownership, UnitedHealth Group Incorporated (NYSE:UNH) is a favorite amongst the big guns","UnitedHealth Group (NYSE:UNH) is favored by institutional investors, who collectively own 90% of the company, indicating significant influence over its share price. The Vanguard Group is the largest shareholder with 9.1%, and the top 18 shareholders together own 50%. Insiders hold less than 1% of the stock, while the general public owns about 10%.",https://finance.yahoo.com/news/90-institutional-ownership-unitedhealth-group-110016998.html,1725619157
UNH,"Mississippi Medicaid awarding contracts to Centene, Molina, TrueCare after 2-year delay","After a two-year delay caused by protests from UnitedHealthcare and Elevance Health, Mississippi Medicaid is finally awarding four-year contracts worth $3.8 billion to Centene subsidiary Magnolia Health Plan, Molina Healthcare, and TrueCare. The new contracts are expected to begin operations on July 1, 2025, with enrollment starting May 1, 2025. The protests over the blind bidding process are still being litigated, highlighting scrutiny faced by several states regarding their Medicaid contract award processes.",https://www.fiercehealthcare.com/payers/mississippi-medicaid-awarding-contracts-centene-molina-truecare-after-two-year-delay,1725632400
UNH,"CMS says data breach at contractor could affect more than 946,000 Medicare beneficiaries","A data breach at Wisconsin Physicians Service Insurance Corporation, a CMS contractor, may have exposed the personal and health information of over 946,000 Medicare beneficiaries. The breach stemmed from a vulnerability in the MOVEit file transfer software, which allowed an unauthorized party to copy files in late May 2023. While the vulnerability was later patched, a recent investigation revealed that data was compromised before the fix, though there are no reports of identity fraud or improper data use at this time.",https://www.healthcaredive.com/news/cms-wisconsin-physicians-service-insurance-corporation-moveit-data-breach/726416/,1725877648
UNH,"Essentia Health to drop from Medicare Advantage networks at UnitedHealthcare, Humana","Essentia Health announced it will drop from Medicare Advantage networks at UnitedHealthcare and Humana starting next year, impacting about 14,000 seniors in Minnesota. The health system cited high rates of claim denials, delayed payments, and excessive prior authorization requirements as reasons for the decision. Both insurers expressed a desire to continue negotiations to keep Essentia Health in their networks.",https://www.startribune.com/essentia-health-to-drop-from-medicare-advantage-networks-at-unitedhealthcare-humana/601141769,1725962760
UNH,PACS Group more than doubles senior living footprint with recent acquisition,"PACS Group, a major nursing home operator, has significantly expanded its senior living portfolio by acquiring 53 new communities from Prestige Care and Prestige Senior Living. This acquisition, which includes independent living, assisted living, and skilled nursing facilities across eight states, more than doubles PACS Group's senior living footprint and establishes a dedicated senior living vertical within the company. The move expands PACS Group's network to the Pacific Northwest and increases its senior living communities from 16 to 37, driven by a recognized market need for more senior living options.",https://www.mcknightsseniorliving.com/news/pacs-group-more-than-doubles-senior-living-footprint-with-recent-acquisition/,1726050323
UNH,"Economic, cyber worries among top CFO concerns: Travelers","A recent Travelers study reveals that CFOs are increasingly focused on mitigating business risks, with economic uncertainty, market competition, and inflation being their top concerns. Cybersecurity threats, interest rates, and regulatory compliance also rank high, prompting finance chiefs to prioritize proactive risk management strategies like employee education and cyber insurance. Despite these challenges, CFOs express optimism regarding their companies' financial stability and customer satisfaction.",https://www.cfodive.com/news/economic-cybersecurity-worries-cfo-concerns-travelers-inflation-interest-rates/726885/,1726099200
UNH,"In times of uncertainty, health-care ETFs offer a defensive investment choice","Health-care ETFs are presented as a defensive investment choice, offering growth potential driven by demographics and technological advancements despite market uncertainties. The article highlights several Canadian health-care ETFs, including Hamilton Healthcare Yield Maximizer ETF (TSX: LMAX), Harvest Healthcare Leaders Income ETF (TSX: HHL), and Brompton Global Healthcare Income & Growth ETF (TSX: HIG), detailing their strategies, holdings, and fees. Experts suggest that the sector's lower volatility, combined with the rising global demand for healthcare, makes these ETFs attractive for diversification and risk management, especially with covered-call strategies to enhance yields.",https://www.investmentexecutive.com/newspaper_/focus-on-products/in-times-of-uncertainty-health-care-etfs-offer-a-defensive-investment-choice/,1726186260
UNH,Cyberattacks plague health care. Critics call the federal response 'inadequate',"The U.S. healthcare system continues to be a prime target for cyberattacks, with critics labeling the federal government's response as insufficient and underfunded. The recent Change Healthcare hack highlighted widespread vulnerabilities beyond just hospitals, yet current federal strategies are seen as too narrow, focusing primarily on hospitals while neglecting other critical entities in the healthcare supply chain. Experts advocate for stronger mandates and incentives to improve cybersecurity across the entire sector.",https://www.npr.org/sections/shots-health-news/2024/09/17/nx-s1-5111590/cyberattacks-ransomware-health-care-federal-response,1726569557
UNH,Leidos Names Tina Jonas to Board; Tom Bell Quoted,"Leidos has appointed Tina Jonas, an aerospace and defense industry veteran, to its board of directors, effective September 25. Jonas will also serve on the board’s audit and finance committee. Leidos CEO Tom Bell highlighted Jonas's extensive leadership experience in government and industry, stating that her insights will be invaluable in supporting critical customer missions and driving innovation and growth for the organization.",https://www.govconwire.com/articles/leidos-names-tina-jonas-to-board-tom-bell-quoted,1726741023
UNH,3 Healthcare ETFs to Buy for Defensive Growth in 2024,"This article recommends three healthcare ETFs—iShares U.S. Healthcare Providers ETF (IHF), Vanguard Health Care Index Fund ETF Shares (VHT), and Health Care Select Sector SPDR Fund (XLV)—for defensive growth in 2024. It highlights the stability of the healthcare sector and its growth driven by digital transformation and increasing medical needs. The article details the holdings, performance, and financial metrics of each ETF, emphasizing their potential for robust returns.",https://www.entrepreneur.com/finance/3-healthcare-etfs-to-buy-for-defensive-growth-in-2024/480149,1726790400
UNH,'Stop ripping us off': Senate grills Novo Nordisk CEO on weight loss drug pricing,"Novo Nordisk's CEO, Lars Fruergaard Jørgensen, was grilled by the Senate over the high prices of the company's weight loss drug Wegovy and diabetes treatment Ozempic in the U.S. Senator Bernie Sanders accused the company of charging Americans significantly more than patients in other countries, demanding they ""stop ripping us off."" While Jørgensen did not explicitly promise price cuts, he committed to working with lawmakers on policy solutions and engaging with pharmacy benefit managers to address drug affordability, attributing high costs partly to the complex U.S. healthcare system and PBM negotiations.",https://www.cnbc.com/2024/09/24/novo-nordisk-ceo-to-testify-at-senate-over-weight-loss-drug-prices.html,1727161200
UNH,Health Information Exchange Market Set to Experience Robust Growth with a CAGR of 8.5%,"The Health Information Exchange (HIE) market is projected to grow at an 8.5% CAGR from 2024 to 2032, driven by the increasing need for secure patient information sharing among healthcare providers and systems. The market's expansion is attributed to the rising adoption of EHR systems, government initiatives for interoperability, and a focus on value-based care, despite challenges like data privacy concerns and high implementation costs. Key players include major healthcare technology companies such as Allscripts, Cerner, Epic Systems, and UnitedHealth Group.",https://www.openpr.com/news/3665764/health-information-exchange-market-set-to-experience-robust,1727172583
UNH,US Senator Sanders says middlemen won't punish Novo if it cuts weight-loss drug prices,"U.S. Senator Bernie Sanders stated that major pharmacy benefit managers (PBMs) have committed to expanding coverage for Novo Nordisk's Ozempic and Wegovy if the company reduces their list prices. This preempts the pharmaceutical industry's argument that price cuts lead to narrower coverage due to PBM rebate incentives. Despite criticism from Sanders regarding the high U.S. prices compared to other countries, Novo Nordisk CEO Lars Jorgensen did not commit to price reductions, expressing skepticism about PBMs' willingness to make the drugs more affordable.",https://www.reuters.com/business/healthcare-pharmaceuticals/novo-nordisk-ceo-faces-us-congress-scrutiny-over-weight-loss-drug-pricing-2024-09-24/,1727196660
UNH,3 Healthcare Investing Trends to Watch,"The Morgan Stanley Global Healthcare Conference highlighted three key investing trends: a rebounding M&A environment driven by potential interest rate reductions and capital deployment, the increasing investment in AI for productivity, cost reduction, and drug discovery, and innovations in digital health and biotechnology coupled with positive utilization trends for healthcare services and products. These trends suggest an evolving landscape for healthcare investing, with a focus on efficiency, technological advancement, and strategic mergers to unlock capital and drive growth.",https://www.morganstanley.com/ideas/healthcare-investing-trends-2024-beyond,1727222400
UNH,Acadia Healthcare to Pay $16.6 Million to Settle False Claims Allegations for Improper Billing of Behavioral Health Services,"Acadia Healthcare Company Inc. has agreed to pay $16.6 million to settle False Claims Act allegations for improperly billing Medicare, Medicaid, and TRICARE for medically unnecessary or prolonged behavioral health services. The settlement also includes $3.18 million to resolve state claims in Florida, Georgia, Michigan, and Nevada. Whistleblowers, former Acadia employees Franka Tirado, Brian Snyder, and Jamie Thompson, will receive $3.16 million from the federal settlement.",https://www.lawcommentary.com/articles/acadia-healthcare-to-pay-166-million-to-settle-false-claims-allegations-for-improper-billing-of-behavioral-health-services,1727395200
UNH,Evolving the Healthcare Consumer Experience,"Elevance Health's chief experience officer, Saurabh Tandon, discusses the evolution of healthcare consumer experience towards greater personalization and loyalty. He emphasizes moving beyond administrative functions to become a trusted health partner, using technology like AI to offer smooth, proactive, and individualized care. The goal is to build long-lasting relationships and provide support even before problems arise, akin to a 'My Health Advocate' model.",https://www.elevancehealth.com/our-approach-to-health/consumer-centered-health-system/evolving-the-healthcare-consumer-experience-means-improved-personalization,1727654400
UNH,"CVS is working with advisors on strategic review, sources say","CVS Health's board has engaged advisors to conduct a strategic review of its business amid potential activist pressure and a depressed stock price. One option being considered is a break up of the insurance and retail businesses. The company is facing challenges such as heightened medical costs in its insurance unit and declining sales in its retail segment due to inflation, softer consumer spending, and competition.",https://www.cnbc.com/2024/09/30/cvs-is-working-with-advisors-on-strategic-review-sources-say.html,1727726280
UNH,"PBM Private-Label Units Are Drawing Pharma Contracting, Scrutiny","The ""Big Three"" PBMs are increasingly rolling out private-label subsidiaries, particularly for biosimilars and generics, which offer both benefits and risks to pharmaceutical companies. These units are drawing significant scrutiny from government bodies like the FTC and Senate, who are investigating potential anti-competitive practices and impacts on consumer access to affordable drugs. Experts weigh in on the advantages of market reach and shared resources versus disadvantages such as brand dilution and increased regulatory issues stemming from these co-branding efforts.",https://aishealth.mmitnetwork.com/blogs/spotlight-on-market-access/pbm-private-label-units-are-drawing-pharma-contracting-scrutiny,1727913600
UNH,Humana faces financial challenges after lower-than-expected star ratings,Humana's stock plummeted after reporting a significant drop in its Medicare Advantage (MA) star ratings for 2025. This reduction in star ratings will impact the company's financial incentives and comes despite Humana believing there may be errors in CMS's calculations. Other major health insurers like CVS Health's Aetna and Elevance Health have also faced financial challenges due to lower star ratings.,https://www.healthcare-brew.com/stories/2024/10/04/humana-faces-financial-challenges-after-lower-than-expected-star-ratings,1728000000
UNH,"CVS Health Lays Off 3,000 Employees Amid Industry Challenges and Restructuring","CVS Health announced it will lay off nearly 3,000 corporate employees in 2024, representing about 1% of its workforce, as part of a $2 billion cost-saving initiative. This decision addresses industry challenges like shrinking reimbursement rates and regulatory pressures, following previous job cuts in 2023. The company is exploring a potential split of its retail and insurance divisions and is providing severance packages to affected employees.",https://retail-merchandiser.com/news/cvs-health-lays-off-3000-employees-amid-industry-challenges-and-restructuring/,1728259200
UNH,"Nine health plans to provide MI Coordinated Health starting Jan. 1, 2026.","The Michigan Department of Health and Human Services (MDHHS) has awarded contracts to nine health plans to launch MI Coordinated Health starting Jan. 1, 2026. This new benefit plan will serve individuals enrolled in both Medicare and Medicaid, initially in select counties before expanding statewide in 2027. It replaces the MI Health Link program and aims to improve healthcare for low-income seniors and people with disabilities through comprehensive care coordination.",https://www.sooleader.com/local-news/nine-health-plans-to-provide-mi-coordinated-health-starting-jan-1-2026-9637325,1728490740
UNH,"Alignment Healthcare Continues to Deliver High-Quality Medicare Advantage Plans, 4 Stars or Greater for 98% of Members in 2025","Alignment Healthcare has announced that 98% of its Medicare Advantage members will be enrolled in plans rated 4 stars or greater by CMS for 2025. This includes retaining a 5-star rating in North Carolina and Nevada for the third consecutive year, and a 4.5-star rating for its California PPO. The company attributes its consistent high ratings to its commitment to member health and delivering quality care.",https://finance.yahoo.com/news/alignment-healthcare-continues-deliver-high-120000924.html,1728636446
UNH,Medicare Advantage star ratings 2025—Who are the winners and losers?,"The 2025 Medicare Advantage star ratings show significant shifts, with insurtechs like Alignment Healthcare and Clover Health performing well, while traditional major players such as UnitedHealth and Humana experienced notable declines. Despite these drops for leading insurers, investor reactions have been mixed, with some stock prices remaining stable or even increasing. The new ratings are expected to lead to considerable plan switching during open enrollment, as plans with higher star ratings gain strategic advantages.",https://www.fiercehealthcare.com/payers/star-ratings-2025-who-are-winners-and-losers,1728636447
UNH,UnitedHealth Q3 Earnings Beat on Domestic Commercial Business,"UnitedHealth Group (UNH) reported a strong third quarter in 2024, with adjusted earnings per share and revenues surpassing analyst estimates due to growth in its domestic commercial business and Optum segments. Despite higher medical costs and a cyberattack impact, the company's operating earnings increased. However, membership declined in global commercial and Medicaid businesses, and operating cash flows decreased year-over-year.",https://finance.yahoo.com/news/unitedhealth-q3-earnings-beat-domestic-164200654.html,1728985172
UNH,UnitedHealth lowers adjusted profit outlook as cyberattack costs rise,"UnitedHealth Group has lowered the top end of its adjusted profit guidance for 2024, citing increased costs from a cyberattack on its subsidiary Change Healthcare. The insurer has recorded $2.5 billion in total impacts from the attack through the first nine months of the year, including $1.7 billion in direct response costs. Despite this, UnitedHealth exceeded investor expectations for revenue and earnings per share in the third quarter, driven by growth in its UnitedHealthcare and Optum divisions, though its Change Healthcare unit has not fully recovered.",https://www.healthcaredive.com/news/unitedhealth-q3-2024-earnings-change-cyberattack/729874/,1728985172
UNH,UnitedHealth Group CEO Witty bullish on Medicare Advantage,"Andrew Witty, CEO of UnitedHealth Group, expressed a positive outlook on Medicare Advantage. This article, published by Modern Healthcare, highlights Witty's bullish stance on the program.",http://www.modernhealthcare.com/insurance/unitedhealthcare-andrew-witty-medicare-advantage/,1728991860
UNH,CVS and Walgreens are ailing. Here's why,"Walgreens is closing 1,200 stores and CVS recently laid off 2,900 corporate staff as both pharmacy chains face significant financial challenges. The issues stem from overexpansion, changing shopper habits, fierce competition from online retailers and big-box stores, and an ailing relationship with health insurers that has driven down prescription profits. Both companies are now re-evaluating their business models and seeking new payment frameworks for prescriptions to turn fortunes around.",https://www.npr.org/2024/10/16/nx-s1-5154129/cvs-and-walgreens-closing-stores-why,1729064040
UNH,Elevance lowers guidance on ‘unprecedented’ Medicaid challenges,"Elevance Health lowered its 2024 profit guidance due to ""unprecedented challenges"" in its Medicaid business, stemming from increased costs and a mismatch between payment rates and member acuity following redeterminations. CEO Gail Boudreaux expects conditions to improve as states update payment rates, despite current rates being inadequate to cover rising medical costs. The insurer reported $1 billion in profit on $45.1 billion in revenue, missing analyst expectations on EPS but beating on revenue.",https://www.healthcaredive.com/news/elevance-q3-2024-earnings-lower-guidance-medicaid-challenges/730145/,1729123200
UNH,Elevance Health Latest Insurer Battered By Higher Medical Costs,"Elevance Health recently reported higher-than-expected medical care costs, leading to a more than 20% tumble in third-quarter profits. This trend mirrors that of other insurers and is attributed partly to pent-up demand for medical care post-pandemic and an influx of sick Medicaid patients. Consequently, Elevance Health has lowered its financial forecast for the remainder of 2024.",https://www.forbes.com/sites/brucejapsen/2024/10/17/elevance-health-latest-insurer-battered-by-higher-medical-costs/,1729148520
UNH,Elevance Health Will Add To Carelon Portfolio With Carebridge Acquisition,"Elevance Health announced its acquisition of Carebridge, a manager of home care and community-based services, to expand its Carelon healthcare services portfolio. The acquisition aims to strengthen Carelon's home health business and its capabilities in managing healthcare spending, despite Elevance Health's recent drop in third-quarter earnings. The financial terms of the deal have not yet been disclosed.",https://www.forbes.com/sites/brucejapsen/2024/10/17/elevance-health-ads-to-carelon-portfolio-with-carebridge-acquisition/,1729190400
UNH,"CVS replaces CEO Karen Lynch with exec David Joyner as profits, share price suffer","CVS has replaced CEO Karen Lynch with executive David Joyner, citing struggles with profitability and stock performance. The change comes amidst pressure from major shareholder Glenview Capital and ongoing challenges including higher medical costs. Joyner, previously president of pharmacy services, will now lead the company as it faces increased scrutiny over its PBM business and aims to improve its Medicare Advantage segment.",https://www.cnbc.com/2024/10/18/cvs-to-replace-ceo-karen-lynch-with-exec-david-joyner.html,1729234440
UNH,Cigna-Humana merger talks are back on: report,"Cigna and Humana have reportedly restarted informal merger discussions, though they are in early stages, with Cigna aiming to divest its Medicare Advantage business first. The potential merger could create a rival to industry giants like UnitedHealth Group, but faces scrutiny from federal regulators who have recently increased pre-merger notification requirements and have a history of blocking large healthcare mergers. Following the news, Humana's stock rose, while Cigna's shares dropped.",https://www.fiercehealthcare.com/payers/cigna-humana-merger-talks-are-back-report,1729274400
UNH,"CVS Health CEO Karen Lynch steps down, replaced by David Joyner, after 19% stock plunge","CVS Health CEO Karen Lynch has stepped down following a 19% stock plunge and repeated warnings about earnings falling short of Wall Street forecasts. She is replaced by David Joyner, the former CVS Caremark president, who will attempt to navigate the company through rising medical costs and financial pressures. The company also announced a preliminary third-quarter earnings forecast below analyst expectations, citing higher-than-expected medical cost trends.",https://www.cbsnews.com/news/cvs-health-ceo-karen-lynch-david-joyner/,1729281240
UNH,BME: Defensive Healthcare Exposure With A Tender Offer Opportunity (NYSE:BME),"The BlackRock Health Sciences Trust (BME) offers investors exposure to healthcare companies with a covered call strategy to support its distribution. The fund recently qualified for BlackRock's discount management program, although it was a close call. With a 6.15% distribution yield, BME is highlighted as a consistent and steady option in the closed-end fund (CEF) space.",https://seekingalpha.com/article/4727872-bme-defensive-healthcare-exposure-with-a-tender-offer-opportunity,1729407660
UNH,Humana sues to reverse cut to Medicare Advantage ratings,"Humana has filed a lawsuit to challenge a reduction in its Medicare Advantage star ratings. The company is seeking to reverse this cut, which impacts its Medicare Advantage plans. The article mentions other related news in the healthcare sector, including CMS's finalization of a Medicare pay hike for doctors.",http://www.modernhealthcare.com/insurance/humana-medicare-advantage-star-ratings-lawsuit-cms/,1729458480
UNH,Health insurance giants restart merger talks,"Health insurance giants Cigna and Humana have rekindled merger talks that were abandoned last year, a move that would create a new major player in the health-care industry, rivaling UnitedHealth. The timing of these renewed discussions is influenced by potential changes in antitrust oversight following the upcoming presidential election and challenges faced by competitors like CVS. However, Cigna still needs to complete the sale of its Medicare Advantage business, which could complicate regulatory approval for a Humana merger.",https://www.axios.com/2024/10/21/cigna-humana-merger-health-insurance,1729468800
UNH,State of Health Tech 2024,"Bessemer Venture Partners' 2024 State of Health Tech report highlights the sector's resilience and recovery, driven significantly by the rise of AI. The report details public and private market performance, introduces new benchmarks for ""AI Services-as-Software"" business models, and offers predictions for future trends including payer administration insourcing, transparency in pharmacy, AI-assisted clinical services, and value-based care systems.",https://www.bvp.com/atlas/state-of-health-tech-2024,1729468800
UNH,Trade Invesco Optimum Yield Diversified Commodity Strategy No K-1 ETF - PDBC CFD,"This article provides details for trading Invesco Optimum Yield Diversified Commodity Strategy No K-1 ETF (PDBC) as a CFD, highlighting current stock price data, historical performance, and key trading conditions. It notes that PDBC offers exposure to commodity futures without the K-1 tax hassle and employs active management to avoid negative roll yield. The article also includes relevant financial news and customer reviews related to the trading platform.",https://capital.com/en-eu/markets/shares/invesco-optimum-yield-diversified-commodity-strategy-no-k-1-etf-share-price-1,1729655508
UNH,"Not to be left out, Centene sues CMS over 2025 star ratings","Centene Corporation is suing CMS over its 2025 star ratings, claiming that a secret shopper call was miscategorized and unfairly penalized the insurer. The company estimates this single call could cost them $73 million in gross revenue and significantly impacted its overall star rating, leading to potential ineligibility for certain benefits. Centene joins other major insurers like UnitedHealth and Humana in challenging CMS star ratings, highlighting the critical financial implications of these evaluations.",https://www.fiercehealthcare.com/payers/not-be-left-out-centene-sues-cms-over-2025-star-ratings,1729687560
UNH,AI Powered Equity ETF (AIEQ) Stock Price Quote Today & Current Price Chart,"This article provides the current stock price quote and chart for the AI Powered Equity ETF (AIEQ), detailing its performance and investment strategy. It covers key financial statistics, trading conditions, and information about the fund's approach to investing in U.S.-listed equity securities using a proprietary AI model developed by EquBot LLC running on IBM Watson. The article also includes sections on related market news and customer reviews for the trading platform.",https://capital.com/en-eu/markets/shares/ai-powered-equity-etf-share-price,1729687905
UNH,Health insurer Centene eases investor fears with better-than-expected profit,"Centene (CNC.N) reported better-than-expected third-quarter earnings, driven by strong performance in its commercial health insurance plans, and maintained its annual profit forecast. This helped to alleviate investor concerns following cautious outlooks from rival insurers the previous week. The company's shares jumped nearly 12%, despite higher medical costs, as Centene anticipates these costs to ease next year.",https://www.reuters.com/business/healthcare-pharmaceuticals/centene-beats-quarterly-profit-estimates-commercial-plan-strength-2024-10-25/,1729867200
UNH,Tradr 1X Short Innovation Daily ETF (SARK) Stock Price Quote Today & Current Price Chart,"This article provides the current stock price quote and chart for the Tradr 1X Short Innovation Daily ETF (SARK), highlighting its performance data including current price, high, low, and 1-year change. It details the trading conditions for SARK CFDs, including spread, overnight funding adjustments, margin requirements, and commission. The article also describes SARK's investment strategy, which aims for the inverse (-1x) return of the ARK Innovation ETF for a single day, and includes related articles about other stock forecasts.",https://capital.com/en-eu/markets/shares/collaborative-investment-series-trust-tuttle-capital-short-innovation-etf-share-price,1730094735
UNH,"Pfizer tops earnings estimates, hikes full-year guidance as Covid products help sales","Pfizer reported third-quarter revenue and adjusted profit that significantly exceeded expectations, driven by strong sales of its Covid vaccine and antiviral pill, Paxlovid. The company subsequently raised its full-year guidance, despite facing activist pressure from Starboard Value regarding its capital deployment and investment strategies. Pfizer's non-Covid products, including those from its Seagen acquisition and Vyndaqel, also contributed to growth, though future sales of its blood thinner Eliquis may be affected by Medicare price negotiations.",https://www.cnbc.com/2024/10/29/pfizer-pfe-earnings-q3-2024.html,1730184840
UNH,2025 Healthcare Cost Outlook | Drivers & Trend Insights,"Large employers face significant financial hurdles in managing 2025 healthcare budgets, with costs expected to rise by an average of 6.7% after plan changes. Key drivers include broader economic inflation, rising prescription drug costs (especially GLP-1s), increased utilization of behavioral health services, and a growing volume of large claimants. The article advises employers to proactively manage costs by reviewing existing strategies, optimizing GLP-1 management, setting realistic budgets, and closely monitoring large claimant activity.",https://www.bbrown.com/us/insight/2025-healthcare-cost-outlook-drivers-trend-insights/,1730191966
UNH,Vail Resorts doubles mental health benefits access,"Vail Resorts has expanded its mental health benefits, now offering 12 free therapy sessions per year to employees, their dependents, and roommates, doubling the previous offering of six sessions. This coverage extends to all year-round workers and seasonal employees working both winter and summer seasons, while single-season employees receive six sessions. The initiative comes amid a growing focus on worker well-being and is available regardless of enrollment in the company's healthcare plan.",https://www.hrdive.com/news/vail-resorts-doubles-mental-health-benefits/731378/,1730193621
UNH,Alignment Healthcare Still Losing Money Even As Medicare Enrollment Rises,"Alignment Healthcare reported a net loss of $26.4 million in its third quarter, despite a nearly 58% increase in Medicare Advantage health plan members and a 62% rise in total revenue to $692.4 million. The company's medical expenses jumped significantly, impacting profitability, similar to larger rivals in the Medicare Advantage sector. Alignment, which went public in 2021, aims for profitability in 2025 as it navigates increased healthcare utilization post-pandemic.",https://www.forbes.com/sites/brucejapsen/2024/10/29/alignment-healthcare-still-losing-money-even-as-medicare-enrollment-rises/,1730217660
UNH,Humana increases revenue to $29.4 billion in Q3,"Humana reported a significant increase in revenue to $29.4 billion in Q3, up from $25.4 billion in Q3 2023, and raised its 2024 adjusted EPS outlook. Despite growth in Medicare Advantage membership and positive performance from CenterWell Primary Care, the insurer faces risks to its MA margin target due to unfavorable 2025 MA Star Ratings, prompting a lawsuit against CMS. The company plans additional long-term investments focusing on profitable membership growth and strengthening its Stars program.",https://www.healthcarefinancenews.com/news/humana-increases-revenue-294-billion-q3,1730292240
UNH,"Humana updates guidance as it beats on revenue, profit in Q3","Humana updated its full-year guidance after exceeding revenue and profit expectations in Q3, despite ongoing challenges in its Medicare Advantage star ratings performance. The insurer anticipates ""at least $16"" earnings per share for the year and reported substantial revenue growth, even as it faces a decline in star ratings for 2025 and plans to exit some MA markets. The company is actively investing to improve star ratings and expects membership growth for 2024 but foresees declines in 2025 due to market exits.",https://www.fiercehealthcare.com/payers/humana-updates-guidance-it-beats-revenue-profit-q3,1730292300
UNH,"FDA Says All Doses of Novo’s Ozempic, Wegovy Now Available","The FDA has announced that all doses of Novo Nordisk's GLP-1 drugs, Ozempic and Wegovy, are now available, though semaglutide still appears on the regulator's drug shortage list. This update follows a year of significant manufacturing investments by Novo Nordisk to meet demand. The article also highlights ongoing controversy surrounding Novo Holdings' acquisition of Catalent, with concerns raised by competitors and lawmakers about potential anti-competitive effects.",https://www.biospace.com/business/fda-says-all-doses-of-novos-ozempic-wegovy-now-available,1730366631
UNH,"People Moves: Marlene Creighton, Kraft Heinz Company","Marlene Creighton has been appointed as the new Chief Sales Officer for US retail operations at Kraft Heinz Company. With two decades of sales expertise from companies like Unilever, PepsiCo, and Mars, Creighton will lead global sales strategies and drive revenue growth. Her focus at Kraft Heinz is on transforming sales capabilities, enhancing customer relationships, and fostering growth through innovation and digital transformation.",https://manufacturingdigital.com/articles/people-moves-marlene-creighton,1730419200
UNH,Elevance Is Latest to Invest in Home Health with CareBridge Acquisition,"Elevance Health's subsidiary Carelon plans to acquire value-based home health company CareBridge for an estimated $2.7 billion. This acquisition positions Elevance to expand its home-based care services, following a trend among other insurers like UnitedHealth Group and Humana, amidst a shift towards value-based care in the healthcare industry. Carelon reported a 15% increase year over year in total operating revenue to $13.8 billion for Elevance's third quarter.",https://www.healthleadersmedia.com/ceo/elevance-latest-invest-home-health-carebridge-acquisition,1730678400
UNH,"Addus Taking ‘Conservative’ Approach to Hospice, Home Health M&A","Addus HomeCare Corporation is adopting a conservative approach to mergers and acquisitions in the near term as it integrates Gentiva’s personal care business, a deal expected to close in Q4. Despite this, the company is seeing more acquisition opportunities that could strengthen all three of its segments—personal care, home health, and hospice—and remains committed to strategic growth while maintaining financial discipline. The company reported strong Q3 2024 results, including a 7% year-over-year increase in total revenue and a 3.5% rise in hospice service line revenue, exceeding market forecasts in some areas.",https://hospicenews.com/2024/11/05/addus-taking-conservative-approach-to-hospice-home-health-ma/,1730764800
UNH,UnitedHealth Emails Reveal Tension Over Cuts to Doctor Pay,"Newly unsealed court documents reveal internal tension within UnitedHealth Group over systematic cuts to payments for out-of-network emergency room visits and mental health care. The records, stemming from litigation with a private equity-backed physician group, expose a dispute between financial giants in the US medical system concerning the insurer's practices of reducing doctor compensation. This issue highlights long-standing accusations from doctors that UnitedHealth underpays for services provided by clinicians outside its network.",https://www.bloomberg.com/news/articles/2024-11-05/unitedhealth-unilaterally-cut-doctors-pay-for-er-mental-health-records-show,1730823780
UNH,Are Wall Street Analysts Bullish on PPL Corporation Stock?,"PPL Corporation (PPL) stock has underperformed the broader S&P 500 Index and the Utilities Select Sector SPDR Fund (XLU) over the past year. Despite this, the company reported stronger-than-expected Q3 earnings, with increased operating revenue and adjusted EPS, leading to a ""Moderate Buy"" consensus rating from analysts, with a significant shift towards ""Strong Buy"" recommendations. Analysts anticipate continued EPS growth and a potential upside from current price levels.",https://www.barchart.com/story/news/35941130/are-wall-street-analysts-bullish-on-ppl-corporation-stock,1730850420
UNH,CVS Earnings: Full Extent of Weakness Seen in Aetna Operations,"CVS Health released its full third-quarter earnings, highlighting significant weaknesses in its Aetna medical insurance operations due to an ongoing mismatch in rates and elevated medical utilization, particularly in Medicare Advantage. Despite a substantial decline in adjusted operating profit for the Aetna segment, the retail pharmacy stores and healthcare services segments performed admirably. Morningstar maintains its fair value estimate of $93 per share, considering CVS stock undervalued, with potential relief for Medicare Advantage from Republican election wins.",https://www.morningstar.com/stocks/cvs-earnings-full-extent-weakness-seen-aetna-operations,1730851200
UNH,CVS CEO: ‘Lots of Headwinds in This Market’,"CVS Health's Q3 earnings reflect ongoing struggles in its Health Services division despite overall revenue growth, due to market headwinds and strategic overhauls. CEO David Joyner acknowledged underperformance in the Health Care Benefits segment and discussed restructuring efforts, including significant charges for pharmacy closures and workforce optimization. The company is focusing on integrated health services and digital innovation, such as SimplePay Health, to reposition for future profitability.",https://www.pymnts.com/earnings/2024/cvs-health-q3-results-reflect-struggles-digital-health-services-amid-strategic-overhaul/,1730851200
UNH,"New CVS Health CEO Shakes Up Management, Commits To Integrated Model","New CVS Health CEO David Joyner has restructured his management team by promoting Prem Shah to group president and hiring former UnitedHealth Group executive Steve Nelson to lead Aetna. This comes as CVS reported a significant drop in third-quarter net income. Joyner is committed to the company's integrated model, aiming to leverage its diverse businesses, including drugstores, PBM services, and Aetna, to improve financial and operational performance.",https://www.forbes.com/sites/brucejapsen/2024/11/06/new-cvs-health-ceo-shakes-up-management-commits-to-integrated-model/,1730874600
UNH,"CVS posts mixed results, holds off on guidance in Joyner's first earnings report as CEO","CVS Health reported mixed third-quarter results as higher medical costs squeezed its bottom line, leading to a decision to withhold forward-looking guidance. This marks CEO David Joyner's first earnings report at the helm, and the company also announced a new president for Aetna, Steve Nelson, formerly of UnitedHealthcare. Shares of CVS rose more than 10% on Wednesday despite the mixed results and ongoing challenges with medical costs.",https://www.cnbc.com/2024/11/06/cvs-health-cvs-earnings-q3-2024.html,1730874660
UNH,"Insurers prep for Trump admin friendly to Medicare Advantage and mergers, hostile to Medicaid and ACA","Following Donald Trump's victory, health insurers' stocks rose due to expectations of a more relaxed regulatory environment, particularly favoring Medicare Advantage plans and mergers. While some insurers like CVS Health, Humana, and UnitedHealth Group saw gains, others like Centene, Molina Healthcare, and Oscar Health experienced dips due to anticipated cuts to Medicaid funding and the potential expiration of ACA subsidies. The article also discusses the potential for increased mergers and acquisitions in healthcare, with regulatory bodies likely to be more lenient under a Trump administration.",https://www.fiercehealthcare.com/payers/insurers-prep-trump-admin-friendly-medicare-advantage-and-mergers-hostile-medicaid-and-aca,1730881209
UNH,Analysts Say ‘We Would Be Aggressive Buyers on Any Pullbacks’ in Microsoft Stock. Should You Be Too?,"Despite a slight dip after its latest earnings report due to increased capital expenditures, Microsoft (MSFT) is viewed by analysts, including Morgan Stanley's Keith Weiss, as a strong buy on any pullbacks. The company exceeded Q1 earnings expectations across all segments, particularly in Intelligent Cloud (Azure), and analysts project continued strong growth for its stock. With 41 out of 48 analysts recommending a ""Strong Buy"" and an average price target implying a 27% upside, the sentiment suggests that Microsoft's AI advancements and robust financial performance make it an attractive investment despite market fluctuations.",https://www.barchart.com/story/news/35967629/analysts-say-we-would-be-aggressive-buyers-on-any-pullbacks-in-microsoft-stock-should-you-be-too,1730906820
UNH,"CVS names former UnitedHealth exec to run Aetna, shares jump","CVS Health appointed Steve Nelson, a former UnitedHealth executive, to lead its Aetna insurance business following a period of rising medical costs and an earnings miss. Shares of CVS jumped nearly 13% on the news, which also coincided with other health insurers seeing boosts after the U.S. election. The company is undergoing restructuring, including layoffs and store closures, and did not provide a 2024 forecast.",https://www.reuters.com/business/healthcare-pharmaceuticals/cvs-taps-former-unitedhealth-executive-run-insurance-unit-aetna-2024-11-06/,1730921220
UNH,Cigna confirms it is not pursuing Humana acquisition,"Cigna has officially stated it is not pursuing an acquisition of Humana, putting an end to yearlong rumors of a potential merger. This confirmation follows earlier attempts by Cigna's CEO to downplay speculation and a failure to agree on price during prior discussions. Cigna plans to focus on share repurchases with excess cash rather than large-scale M&A.",https://www.healthcaredive.com/news/cigna-confirms-humana-deal-off/732488/,1731283200
UNH,"Enhabit, Inc. (NYSE:EHAB) Q3 2024 Earnings Call Transcript","Enhabit, Inc. (NYSE: EHAB) discussed its Q3 2024 earnings, highlighting sequential volume growth in its Hospice segment and improved efficiencies in Home Health. The company is actively managing challenges such as declining home health recertifications and United Healthcare negotiations, while also planning to consolidate or close underperforming branches and pursue de novo expansion. Enhabit provided revised 2024 guidance and outlined strategies for revenue growth and cost streamlining in 2025, including hospice reimbursement increases and payor innovation.",https://www.insidermonkey.com/blog/enhabit-inc-nyseehab-q3-2024-earnings-call-transcript-1388653/,1731313380
UNH,Justice Department sues to block UnitedHealth Group’s $3.3 billion purchase of Amedisys,"The Justice Department is suing to prevent UnitedHealth Group's $3.3 billion acquisition of Amedisys, a move it fears would reduce competition in the home health and hospice care markets. The antitrust complaint, joined by attorneys general from four states, argues that UnitedHealth's aggressive acquisition strategy stifles patient choice and limits employment options for healthcare professionals. This lawsuit follows UnitedHealth's previous acquisition of LHC Group Inc. and comes amidst the Biden administration's push for tougher antitrust enforcement.",https://apnews.com/article/unitedhealth-amedisys-merger-doj-lawsuit-b5789346dde22d6aec22a6d964d83b5b,1731400814
UNH,Focusing on value to deliver better care to Aetna® Medicare Advantage members,"CVS Health, through Aetna, is addressing cost and quality pressures in the U.S. health care system by enabling value-based care (VBC) models, particularly for Medicare Advantage members. VBC prioritizes patient health outcomes by incentivizing providers for high-quality, coordinated care, leading to improved health and lower costs. Aetna's VBC arrangements have resulted in better health outcomes for members, including fewer hospitalizations and significant cost savings, by fostering strong partnerships with over 1,200 value-based health care provider groups.",https://www.cvshealth.com/news/medicare/focusing-on-value-to-deliver-better-care-to-aetna-medicare-advantage-members.html,1731542400
UNH,"Glenview, Sachem Head, Third Point buy CVS shares during Q3-filings","Three prominent investment firms—Glenview Capital Management, Sachem Head Capital Management, and Third Point—increased or established new positions in CVS Health during the third quarter. These moves were made ahead of CVS tapping David Joyner to replace Karen Lynch as CEO, following a significant drop in the company's stock price and worsening financial forecasts. The investments signal a belief in impending changes at the ailing healthcare giant, with some investors already pushing for strategic shifts.",https://www.reuters.com/markets/us/glenview-sachem-head-third-point-buy-cvs-shares-during-q3-filings-2024-11-14/,1731629040
UNH,RFK Jr. may start a food and drug ‘culture war.’ Investors are running for cover.,"Donald Trump's nomination of Robert F. Kennedy Jr. to lead the Department of Health and Human Services has raised concerns among investors due to his vows to reform the food and drug industries. This move is seen as one of several unorthodox appointments by President-elect Trump. The HHS secretary position oversees a massive budget of over $1.7 trillion for healthcare products and services, causing investors to scramble to understand the potential market impact.",https://www.marketwatch.com/story/rfk-jr-may-start-a-food-and-drug-culture-war-investors-are-running-for-cover-5b7068ac?gaa_at=eafs&gaa_n=AWEtsqdKNJjvrB4IZkhbfWvBREDwaiSpvQ-rsi6YH8VEwuZSHl9ArTuLZdLP&gaa_ts=69075db7&gaa_sig=IgtCxx2O7avVuq6orQGEpPrGqQ2RVUr8XkaOuxylC8lpUWZSiGtZjWjQjsrLKqPkTdCacEh4cuLl6LTWsiYnCQ%3D%3D,1732027500
UNH,"Medicaid members, providers continue to face challenges with FSSA’s Pathways implementation","Medicaid members and providers in Indiana are still encountering significant problems with the state's new Pathways for Aging program. Issues include a support line that cannot provide basic information about insurers and timely processing of provider claims by managed care companies, leading to payment delays and interest charges. The Family and Social Services Administration acknowledges these challenges and is working with insurers to rectify them, with a temporary waiver for timely filing requirements remaining in place.",https://www.wfyi.org/news/articles/medicaid-members-providers-continue-to-face-challenges-with-fssas-pathways-implementation,1732263588
UNH,Lexaria: GLP-1 Drugs Expand Beyond Weight Loss Into Major Disease Treatments,"Lexaria Bioscience highlights the expanding therapeutic applications of GLP-1 drugs, moving beyond their initial use in diabetes and weight loss to treat a range of major diseases. The GLP-1 market is projected to grow significantly, with new research focusing on conditions such as heart disease, Alzheimer's, liver disease, sleep apnea, knee pain, and chronic kidney disease. Lexaria intends to continue its research and development using its DehydraTECH drug delivery platform to enhance the effectiveness of GLP-1 drugs for these emerging applications.",https://www.stocktitan.net/news/LEXX/revolutionizing-healthcare-lexaria-highlights-expanding-therapeutic-c768yzt8ut43.html,1732608990
UNH,"[UPDATED] Court Orders VitalCaring to Share 43% of Profits With Encompass Health, Enhabit","A federal judge in Delaware has ordered home health and hospice provider VitalCaring and its private equity backers, Vistria Group and Nautic Partners, to share 43% of their future profits with Encompass Health (NYSE: EHC) and Enhabit Inc. (NYSE: EHAB). This ruling stems from a lawsuit initiated by Encompass Health and Enhabit, alleging that VitalCaring's CEO, April Anthony, engaged in unethical practices and breached employment agreements following the 2022 spinoff of Enhabit from Encompass. The court appointed a trustee to manage the profit-sharing trust, a decision that could also impact UnitedHealth Group's acquisition of Amedisys, as Amedisys plans to divest some locations to VitalCaring.",https://homehealthcarenews.com/2024/12/court-orders-vitalcaring-to-share-43-of-profits-with-encompass-health/,1733209186
UNH,"P&G Taps into AI and Automation for Faster, Smarter Operations","Procter & Gamble is leveraging AI and automation to enhance various business operations, including media, marketing, and production. The company uses generative AI for concept generation and content testing, and automation for media scheduling and quality control in manufacturing plants. These innovations have resulted in significant efficiencies, cost reductions, and the ability to run some factory shifts without human supervision, contributing to a projected $2 billion in productivity gains.",https://consumergoods.com/pg-taps-ai-and-automation-faster-smarter-operations,1733210791
UNH,Staffing solutions company Aya Healthcare to buy Cross Country Healthcare in $615M deal,"Aya Healthcare plans to acquire Cross Country Healthcare for approximately $615 million in an all-cash transaction, representing a 67% premium to Cross Country’s closing price on Dec. 3. This acquisition aims to diversify Aya’s coverage with Cross Country’s clinical services in nonclinical settings and combine their tech-enabled workforce solutions. The deal is expected to close in the first half of 2025 following stockholder and regulatory approvals, after which Cross Country will become a private company.",https://www.fiercehealthcare.com/providers/staffing-solutions-company-aya-healthcare-buy-cross-country-healthcare-615m-deal,1733322600
UNH,Anthem Blue Cross Blue Shield reverses course on controversial anesthesia policy after widespread backlash,"Anthem Blue Cross Blue Shield has withdrawn a controversial policy change regarding anesthesia claims after significant public backlash, particularly heightened following the fatal shooting of UnitedHealthcare CEO Brian Thompson. Critics, including the American Society of Anesthesiologists, had argued the policy would deny claims for anesthesia care exceeding arbitrary time limits, regardless of medical necessity. Anthem cited ""widespread misinformation"" for its decision, asserting it would never deny medically necessary services.",https://www.fastcompany.com/91241537/anthem-blue-cross-blue-shield-reverses-course-controversial-anesthesia-policy-backlash,1733382005
UNH,Pharma execs share their projections for the industry in 2025,"Healthcare executives offer their predictions for the pharmaceutical industry in 2025, focusing on the continued impact of GLP-1 medications, the evolving role of compounding pharmacies, and the increasing integration of AI agents. They discuss how these elements will shape personalized care, chronic disease management, and operational efficiencies within the sector.",https://www.healthcare-brew.com/stories/2024/12/05/pharma-execs-projections-2025,1733383458
UNH,What Nashville public companies are paying to protect their CEOs,"Following the fatal shooting of UnitedHealthcare CEO Brian Thompson, companies are reassessing executive security. An analysis of filings from Greater Nashville's public companies reveals that security disclosures for top executives are uncommon. Dollar General Corp., for example, reported $51,692 in security and travel expenditures for its CEO, Todd Vasos.",https://www.bizjournals.com/nashville/news/2024/12/06/personal-security-ceo-public-companies-nashville.html,1733443200
UNH,Masimo update: SEC announces investigation of RTW Investments and role in proxy war voting,"The SEC has launched an investigation into RTW Investments' role in Masimo's recent proxy war, specifically regarding an ""empty voting"" scheme. Masimo alleges that former CEO Joe Kiani and RTW conspired to manipulate shareholder votes, rigging 19% in Kiani's favor through practices like put options or selling shares after record dates. While empty voting is not inherently illegal, Masimo claims evidence of an insider group, which is a red flag for the SEC and potentially the Department of Justice.",https://telecareaware.com/masimo-update-sec-announces-investigation-of-rtw-investments-and-role-in-proxy-war-voting/,1733469476
UNH,"Health insurers remove executive bios, images from websites after UnitedHealthcare CEO killing","Following the fatal shooting of UnitedHealthcare CEO Brian Thompson, major health insurers have begun removing images and biographies of their top executives from corporate websites. This move comes amid a wave of negative social media reactions to Thompson's killing, which highlighted widespread public anger and frustration with the health insurance industry over claims denials and coverage policies. While some companies removed entire leadership pages, others, like Centene and CVS, only scrubbed executive headshots, and Centene also moved its investor day to a virtual-only event.",https://www.healthcaredive.com/news/health-insurers-remove-executive-bios-images-unitedhealthcare-ceo-killing/734824/,1733469589
UNH,"Centene cancels in-person investor day in NYC, will be held virtually","Centene Corp. (NYSE: CNC) has canceled its in-person Investor Day event in New York City and will instead hold it virtually. This change comes in response to the shooting death of UnitedHealthcare CEO Brian Thompson outside the New York Hilton Midtown, where Thompson's company was hosting an event. Centene's CEO, Sarah London, expressed sadness over Thompson's death and offered support to those affected.",https://www.ksdk.com/article/news/local/business-journal/centene-cancels-in-person-investor-day-new-york-ceo-shooting/63-bcc50701-f3b0-492e-9707-07725c10888b,1733475360
UNH,"Centene cancels in-person investor day after UnitedHealthcare CEO killing, will hold event virtually","Centene has canceled its in-person investor day and will hold the event virtually following the killing of UnitedHealthcare CEO Brian Thompson. This decision comes as other healthcare companies, like CVS and Anthem Blue Cross Blue Shield, are also increasing security measures and removing executive photos from their websites. The industry is responding to the ""premeditated, targeted attack"" on Thompson, with a manhunt for the suspect underway.",https://www.foxbusiness.com/healthcare/centene-cancels-in-person-investor-day-after-unitedhealthcare-ceo-killing-hold-event-virtually,1733496000
UNH,First Trust Global Tactical Commodity Strategy Fund (FTGC) Stock Price Quote Today & Current Price Chart,"This article provides current and historical stock price data for the First Trust Global Tactical Commodity Strategy Fund (FTGC). It highlights the current trading price, daily performance metrics, and key statistics, along with details on CFD trading conditions. The page also features recent articles related to shares and client reviews of the Capital.com platform.",https://capital.com/en-int/markets/shares/first-trust-global-tactical-commodity-strategy-fund-share-price,1733514789
UNH,"Who is Luigi Mangione, suspect in the UnitedHealth CEO shooting?","Luigi Mangione, a 26-year-old former data engineer with an Ivy League background, has been arrested in connection with the fatal shooting of a UnitedHealth Group executive. He was found with a homemade gun and an anti-capitalist manifesto. Mangione's online activity suggests an admiration for the Unabomber and potential struggles with chronic back pain, raising questions about his motive and the broader public sentiment against the insurance industry.",https://timesofindia.indiatimes.com/world/us/who-is-luigi-mangione-suspect-in-the-unitedhealth-ceo-shooting/articleshow/116154879.cms,1733819040
UNH,US CEO murder suspect was Ivy League graduate who praised Unabomber,"Luigi Mangione, a 26-year-old Ivy League graduate and data engineer, has been arrested for the murder of healthcare CEO Brian Thompson in New York. Mangione, found with a homemade gun and an anti-capitalist manifesto, is seen by some as a folk hero protesting the insurance industry, while others view him as a symptom of societal breakdown.",https://www.scmp.com/news/world/united-states-canada/article/3290126/ceo-murder-suspect-luigi-mangione-was-ivy-league-graduate-who-praised-unabomber,1733841420
UNH,Schwab Fundamental U.S. Large Company ETF (FNDX) Stock Price Quote Today & Current Price Chart,"This article provides the current stock price quote and chart for the Schwab Fundamental U.S. Large Company ETF (FNDX), highlighting its current trading data, key statistics, and CFD trading conditions. It details aspects like spread, overnight funding adjustments, margin requirements, and commission. The page also features a section with related market articles and customer reviews for the trading platform.",https://capital.com/en-int/markets/shares/schwab-fundamental-u-s-large-company-etf-share-price,1733863918
UNH,Myriad Genetics Engages with UnitedHealthcare on Access to GeneSight Test Following Policy Update,"Myriad Genetics is actively engaging with UnitedHealthcare (UHC) following UHC's new medical policy, effective January 1, 2025, which restricts access to multi-gene panel pharmacogenetic tests, including Myriad's GeneSight test. Myriad is presenting clinical evidence and requesting continued access for UHC enrollees, particularly for primary care antidepressant prescribing. The company reaffirms its confidence in GeneSight's clinical validity despite the potential financial impact and acknowledges the recent passing of UHC's CEO.",https://www.quiverquant.com/news/Myriad+Genetics+Engages+with+UnitedHealthcare+on+Access+to+GeneSight+Test+Following+Policy+Update,1733873400
UNH,I used to do health insurance company PR. Here’s what I think the backlash is missing,"A former VP of corporate communications at Cigna explains how health insurance companies prioritize shareholder returns over patient care, leading to denials and delays. The article highlights how lobbying, PR campaigns, and strategic acquisitions allow these companies to divert premium dollars to profits, often at the expense of necessary medical services, and urges for policy changes to address Wall Street's influence on healthcare. The author draws parallels between the industry's practices and the public's growing frustration, especially in light of recent events involving UnitedHealth's CEO.",https://www.statnews.com/2024/12/11/wall-street-unitedhealthcare-ceo-shooting-brian-thompson/,1733900001
UNH,"UnitedHealth Group shares keep falling, other health insurance stocks follow, as criticism of the industry heats up","Shares of major health insurers like UnitedHealth Group, Cigna Group, and Elevance have declined significantly following the killing of UnitedHealthcare CEO Brian Thompson and the subsequent arrest of Luigi Mangione, who reportedly criticized the American healthcare system. This stock drop coincides with heightened public and political scrutiny of the insurance industry, including a new bipartisan bill aimed at forcing health insurers and drug middlemen to divest from their pharmacy businesses. Despite the criticism, one equity healthcare strategist believes the negative stock reaction will be short-lived.",https://www.fastcompany.com/91245106/unitedhealth-group-ciga-stock-price-falling-insurance-companies-criticism,1733900001
UNH,New PBM Legislation Sparks Healthcare Selloff on Wall Street,"A new bipartisan legislative proposal targeting pharmacy-benefit managers (PBMs) has been introduced in Congress, increasing pressure on these influential healthcare middlemen. This development has led to a selloff in the healthcare sector on Wall Street. Senators Elizabeth Warren and Josh Hawley are among the lawmakers behind this new legislation.",https://www.barrons.com/articles/pbm-legislation-unh-cvs-cigna-stock-e0f9cca1?gaa_at=eafs&gaa_n=AWEtsqd2po-rl-gZKo0vnjNjThCxCR6zSTbp_9Jt0pOVU5Pgh8E2f6js4gR2&gaa_ts=699959e2&gaa_sig=24_cB6e3qYKVIZDWuMcbsnmfwBgz8LpwM0M7-9whEP4gqIXUy4cxKkT_2Pv5jOOFB3qip3WvYPzDQ-_I7L-J6w%3D%3D,1733900001
UNH,Healthcare stocks fall as lawmakers push for bill to break up drug middlemen,"Shares of companies owning pharmacy benefit managers (PBMs) fell after a bipartisan bill was introduced that would force health insurers or drug middlemen to divest their pharmacy businesses. The bill aims to untangle conflicts of interest in the PBM market, which has been accused of manipulating drug costs and harming small pharmacies. Analyst opinion is mixed on the bill's chances of success, though the news impacted major healthcare insurers.",https://www.reuters.com/business/healthcare-pharmaceuticals/health-insurer-stocks-fall-wsj-says-lawmakers-set-break-up-pharmacy-benefit-2024-12-11/,1733950860
UNH,Centene expects to earn at least $166.5B in revenue for 2025,"Centene has released its earnings guidance for 2025, projecting revenues between $166.5 billion and $169.5 billion, and earnings per share of at least $7.25. The company also anticipates continued elevated utilization trends and reaffirmed its 2024 guidance. This announcement came shortly after the death of UnitedHealthcare CEO Brian Thompson, which led Centene to hold its investor event virtually.",https://www.fiercehealthcare.com/payers/centene-expects-earn-least-1665b-revenue-2025,1734012000
UNH,Centene anticipates tax credit extensions under Trump administration,"Centene expects the incoming Trump administration to extend tax credit refunds that help millions cover Obamacare plans, despite anticipated scrutiny on its Medicaid and Affordable Care Act businesses. The company also forecast 2025 profit above Wall Street expectations, banking on higher enrollments in its commercial business and expecting its Medicare business to break even by 2027. These comments were made at an investor conference, which also addressed industry challenges and sorrow after the recent death of a UnitedHealth Group executive.",https://www.reuters.com/business/healthcare-pharmaceuticals/health-insurer-centene-forecasts-2025-profit-above-expectations-2024-12-12/,1734026940
UNH,Centene projects $166.5 billion in revenue next year,"Centene projects revenue between $166.5 billion and $169.5 billion for 2025, with premium and service revenues estimated at $154 billion to $156 billion. The company also provided guidance for diluted EPS, HBR, and SG&A ratios, while reaffirming 2024 guidance. Centene plans to exit the Medicare Advantage market in six states in 2025 as part of a strategy to streamline operations and align with its Medicaid footprint.",https://www.healthcarefinancenews.com/news/centene-projects-1665-billion-revenue-next-year,1734368700
UNH,CVS’s stock seeing worst month in decades as drug seller is hit from both sides,"CVS Health Corp.'s stock is experiencing its worst month in decades, alongside other pharmacy-benefit-manager companies like UnitedHealth Group Inc. and Cigna Group. This downturn is attributed to increased scrutiny from political figures like Donald Trump and Elizabeth Warren, who criticize the roles of drug ""middlemen."" The controversy has also been fueled by recent events involving a UnitedHealth executive, bringing discussions of reform into the public forum.",https://www.marketwatch.com/story/cvss-stock-seeing-worst-month-in-decades-as-drug-seller-gets-criticism-from-both-parties-a1a85d78?gaa_at=eafs&gaa_n=AWEtsqcCTOM97mQv9FNlTZ6HClmXzHheOPz0wqn2DG6KhPTp4bZ59-QvsyAV&gaa_ts=69074fd6&gaa_sig=ikRXmX80pn-ghkkLDoK37KXQNR2sXWBpOqEcq5w-tVrfDl17KWcTMAUEROH0wAXJelnHXX94ImKbw963lYgN6g%3D%3D,1734435600
UNH,The Top 10 Home Health Care News Stories Of 2024,"This article compiles the top 10 home health care news stories of 2024, highlighting significant events and trends that impacted the industry. Key topics include regulatory changes like the 80-20 rule, legal battles such as the VitalCaring profit sharing order, and industry-wide challenges like high turnover rates. It also touches on major M&A activities and the potential impact of Supreme Court decisions and emerging technologies like AI.",https://homehealthcarenews.com/2024/12/the-top-10-home-health-care-news-stories-of-2024/,1734505186
UNH,Recent Optum Behavioral Health Rate Cuts Bring to Life Harsh Reality of the Payer-Provider Complex,"Optum's recent behavioral health rate cuts highlight the ongoing tension between payers and providers, driven by payers' need to control ballooning costs. While behavioral health spending has increased significantly, particularly with the rise of telehealth, health insurance companies prioritize financial performance. These cuts, exemplified by actions against autism therapy networks and digital practice platforms like Headway and Alma, create significant challenges for providers, suggesting a potential shift where more therapists may opt out of insurance networks.",https://bhbusiness.com/2024/12/19/recent-optum-behavioral-health-rate-cuts-bring-to-life-harsh-reality-of-the-payer-provider-complex/,1734592591
UNH,Teladoc Health Expands AI-Driven Virtual Care Solutions,"Teladoc Health has enhanced its Virtual Sitter solution with new AI-driven features to improve patient safety, especially by preventing falls, and to address healthcare workforce shortages. This technology uses AI to detect potential fall risks and allows remote staff to monitor more patients efficiently, thereby optimizing care delivery and supporting clinical teams. The innovation is part of Teladoc Health's broader strategy to integrate AI into its connected care offerings.",https://thehealthcaretechnologyreport.com/teladoc-health-expands-ai-driven-virtual-care-solutions/,1734680220
UNH,"Elevance Health Stock Plunges 29.6% in Q4: Buy, Hold or Sell?","Elevance Health (ELV) shares dropped nearly 30% in Q4, prompting a look into its investment potential. Despite weak analyst sentiment and headwinds like Medicaid membership decline and rising medical costs, the company's long-term prospects are supported by product expansions, robust ROIC, and an attractive valuation. Analysts suggest a significant upside, presenting a potential buy for value-driven investors.",https://www.nasdaq.com/articles/elevance-health-stock-plunges-296-q4-buy-hold-or-sell,1734706800
UNH,"Clinical Informatics Market Growth, Drivers, and Opportunities","The clinical informatics market is projected to reach USD 563.18 billion by 2030, growing at a CAGR of 16.0% from 2024. This growth is fueled by increasing adoption of electronic health records, demand for data-driven healthcare decisions, and integration of AI and analytics. Key drivers include telehealth and remote patient monitoring, while interoperability issues and a shortage of skilled IT professionals pose challenges.",https://www.marketsandmarkets.com/Market-Reports/clinical-informatics-market-159545339.html,1735283291
UNH,AI revolutionising everything from patient care to health communication: Delhi AIIMS director,"AIIMS, Delhi, is investing over Rs 300 crore in digital infrastructure to integrate AI, enhancing efficiency, reducing delays, and enabling research across patient care and health communication. Experts highlighted AI's role in simplifying health information and empowering patients but emphasized balancing technology with human empathy for compassionate care. The article also features Humeta, an AI model by Healthpresso, designed to make complex medical concepts accessible and reliable.",https://m.economictimes.com/tech/artificial-intelligence/ai-revolutionising-everything-from-patient-care-to-health-communication-delhi-aiims-director/articleshow/116823153.cms,1735651549
UNH,A $190 million phone call: Medicare Advantage insurance giant accuses government of stripping bonus payments after one bad ‘secret shopper’ call,"Elevance Health Inc. is suing the US government, alleging a single, allegedly missed ""secret shopper"" phone call led to a $190 million reduction in bonus payments and a projected $500 million revenue hit for 2025. The lawsuit challenges the Centers for Medicare and Medicaid Services' star rating system, arguing it disproportionately penalized Elevance based on a flawed assessment method. This case highlights insurers' reliance on government programs and their willingness to litigate over unfavorable policy outcomes.",https://fortune.com/well/2024/01/23/medicare-advantage-insurance-elevance-lawsuit-190-million-secret-shopper-phone-call/,1735689599
UNH,CVS Health shares rise as hedge fund pushes for change,"CVS Health shares rose after news that hedge fund Glenview Capital Management plans to meet with executives to propose improvements. The company has faced challenges, with its stock falling nearly 23% this year and its Aetna segment underperforming due to higher-than-expected Medicare costs. Glenview Capital has a history of activist involvement in healthcare and increased its holding in CVS by 440% in the second quarter.",https://fortune.com/2024/09/30/cvs-health-stock-hedge-fund-glenview-capital-acitvist-investor/,1735689599
UNH,CVS wants to become a medical powerhouse. Will long lines and understaffing hold it back?,"CVS Health aims to become a major healthcare provider by integrating its various businesses, including insurance, pharmacy benefits, retail, and healthcare delivery. However, this vision is jeopardized by challenges such as eroding retail profits, widespread staffing shortages leading to long lines, and cleanliness issues in stores. Experts question whether CVS can achieve its healthcare ambitions if it struggles with basic operational standards and employee satisfaction in its core retail business.",https://www.bostonglobe.com/2024/01/25/business/cvs-health-care-medical-retail/,1735689599
UNH,Quality ratings hit to key Medicare plan shakes Humana stock,"Humana's stock fell sharply after the health insurer announced a significant drop in its Medicare Advantage quality ratings, which will impact future bonus payments. The rating drop for a major national insurance plan could lead to a $1.9 billion revenue hit in 2026. Humana stated it is discussing the reduction with federal officials and plans to improve performance, while assuring the ratings will not affect its 2025 financial outlook.",https://apnews.com/article/humana-medicare-advantage-star-rating-24c77d3535589eb1330777650d9faf3e,1735689599
UNH,Baylor Scott & White Health no longer accepting Humana Medicare Advantage health insurance,"Baylor Scott & White Health announced that as of January 1, 2025, it will no longer be accepting Humana Medicare Advantage health insurance, leading to patients either changing providers or facing higher out-of-pocket costs. The medical system outlined options for affected members, including applying for continuity of care for up to 90 days, switching to another insurer during the Medicare Advantage Open Enrollment Period (January 1 to March 31), or continuing care at Baylor Scott & White with additional out-of-network costs. Alternative in-network insurers for 2025 like Baylor Scott & White Health Plan, Blue Cross and Blue Shield of Texas, and United Healthcare were also listed.",https://kdhnews.com/news/region/baylor-scott-white-health-no-longer-accepting-humana-medicare-advantage-health-insurance/article_6983dd51-1835-53a8-a379-2719ec2f2dee.html,1735711069
UNH,UnitedHealth units ordered to pay $165M for misleading consumers,"Three UnitedHealth-owned insurance companies, including HealthMarkets and its subsidiaries, have been ordered to pay over $165 million for deceptive practices in Massachusetts. A judge found that sales agents misled consumers into unknowingly purchasing supplemental health insurance between 2012 and 2016. The payment includes nearly $50.1 million in restitution and $115.1 million in civil penalties, marking the largest civil penalties recovered under the state's consumer protection law.",https://www.newsnationnow.com/health/unitedhealth-units-pay-165m-misleading-consumers/,1736318207
UNH,Breaking down claim denial rates by healthcare payer,"A recent Experian Health survey highlights rising claim denial rates, posing challenges for healthcare providers through increased revenue losses and staff burden. The article discusses how private payers tend to have higher denial rates compared to public payers, according to analyses by KFF and Premier Inc., although data accessibility remains an issue. It also touches on how appeals can overturn many denials but often require significant effort from providers, suggesting automation as a potential solution for denials management.",https://www.techtarget.com/revcyclemanagement/feature/Breaking-down-claim-denial-rates-by-healthcare-payer,1736401722
UNH,"Innovaccer clinches $275M series F funding to build out AI, cloud capabilities","Innovaccer has secured $275 million in Series F funding to significantly expand its AI and cloud capabilities, aiming to become a comprehensive AI solutions provider for healthcare. The company plans to introduce various AI copilots and agents for applications like utilization management and clinical decision support, and will also pursue strategic acquisitions. This funding round, which includes investments from B Capital Group and Kaiser Permanente, brings Innovaccer’s total raised capital to $675 million.",https://www.fiercehealthcare.com/health-tech/innovaccer-clinches-275m-series-f-funding-build-out-ai-cloud-capabilities,1736487982
UNH,UnitedHealth Stock Q4 Earnings Preview: Buy Now or Wait for Results?,"UnitedHealth (UNH) is preparing to report its Q4 2024 earnings on January 16, 2025, with analysts forecasting growth in both earnings and revenue, primarily driven by higher premiums and Optum's performance. Despite a history of beating estimates, the Zacks model doesn't conclusively predict an earnings beat this quarter due to a negative Earnings ESP. While the company benefits from strategic growth initiatives and a robust cash flow supporting shareholder returns, it faces near-term challenges from cyberattacks, regulatory investigations, rising medical costs, and declining global memberships.",https://www.nasdaq.com/articles/unitedhealth-stock-q4-earnings-preview-buy-now-or-wait-results,1736756700
UNH,Alignment Healthcare names new president as insurer eyes growth,"Alignment Healthcare has appointed Dawn Maroney as its new president to spearhead its next phase of growth. Maroney, a long-serving executive at Alignment with extensive experience in the insurance sector, will oversee daily operations as the Medicare Advantage payer aims to expand significantly beyond its current 182,000 members in six states. The appointment comes as Alignment reaffirms its 2024 guidance and projects strong earnings for 2025, buoyed by exceptionally strong recent growth and a favorable proposed Medicare Advantage rate hike for 2026.",https://www.healthcaredive.com/news/alignment-healthcare-new-president-dawn-maroney/737352/,1736918516
UNH,Humana Leads in Customer Experience in Forrester Health Insurance Report,"For the fourth consecutive year, Humana has been ranked No. 1 among health insurers for customer experience in Forrester's 2024 U.S. Health Insurers Customer Experience Index Rankings Survey. This recognition highlights Humana's commitment to customer satisfaction, despite an overall decline in customer experience scores across the health insurance industry. The report emphasizes that companies prioritizing customer experience tend to drive higher loyalty, reduce turnover, and increase market share.",https://www.managedhealthcareexecutive.com/view/humana-leads-in-customer-experience-in-forrester-health-insurance-report,1737093469
UNH,"MultiPlan, payer allies file to dismiss providers' consolidated antitrust lawsuit","MultiPlan and several health insurers have filed a motion to dismiss a consolidated antitrust lawsuit brought by numerous provider organizations, including the American Medical Association. The providers accuse MultiPlan of orchestrating a ""price-fixing cartel"" by collaborating with insurers to set out-of-network prices, leading to billions in underpayments. MultiPlan and the insurers dispute the allegations, asserting a lack of plausible antitrust claims and noting previous dismissals of similar lawsuits.",https://www.fiercehealthcare.com/payers/ama-leads-new-antitrust-lawsuit-against-multiplan-and-price-fixing-cartel,1737128700
UNH,GLP-1s and Brian Thompson’s killing loom large at top health-care conference,"The JPMorgan annual health-care conference in San Francisco was overshadowed by the recent killing of UnitedHealthcare CEO Brian Thompson, prompting discussions on health-care industry responsibility and security. Despite this somber backdrop, key topics of excitement included the potential of generative AI in health-care, the booming market for GLP-1 weight loss drugs, and uncertainty surrounding the incoming Trump administration's health-care policies. Executives expressed both concern for the industry's image and optimism for technological advancements.",https://www.cnbc.com/2025/01/18/glp-1s-brian-thomson-killing-loom-large-at-jpm-health.html,1737187200
UNH,How the Incoming Trump Administration Could Impact Home-Based Care,"The article discusses the potential impact of an incoming Trump administration on home-based care, highlighting that Republicans' focus on cost-cutting could present opportunities for providers. Experts suggest that the administration may increase investment in home-based care due to its proven ability to reduce overall healthcare costs, particularly concerning Medicare. However, successful advocacy from home-based care providers will be crucial to address ongoing issues and shape policy implementation.",https://homehealthcarenews.com/2025/01/how-the-incoming-trump-administration-could-impact-home-based-care/,1737437818
UNH,Medtronic Receives CMS National Coverage Analysis for Renal Denervation System,"Medtronic announced that the Centers for Medicare & Medicaid Services (CMS) is opening a national coverage analysis (NCA) for renal denervation procedures for hypertension. This analysis, initiated at Medtronic's request, could lead to a national Medicare coverage policy for the Symplicity Spyral renal denervation system, a U.S. FDA-approved breakthrough device. The expected completion date for the national coverage analysis is October 11, 2025.",https://www.dicardiology.com/content/medtronic-receives-cms-national-coverage-analysis-renal-denervation-system-0,1737936000
UNH,"Cigna to ‘listen to the public narrative,’ promises pharmacy benefit reforms","Cigna announced reform plans for its Express Scripts pharmacy benefits manager (PBM) to increase transparency and lower prescription drug costs for customers, prompted by public criticism of the healthcare industry and the murder of a UnitedHealthcare CEO. The company will also provide enhanced disclosures for both customers and plan sponsors. These changes come amid legislative efforts to separate PBMs from health insurers and after Cigna reported its 2024 earnings, impacted by higher stop-loss medical costs.",https://insurancenewsnet.com/innarticle/cigna-reports-stop-loss-insurance-losses-pbm-reforms-in-earnings-wrap,1738215433
UNH,"Omada Health’s CEO on IPOs, Amazon and GLP-1s","This article features an interview with the CEO of Omada Health, Sean Duffy, discussing critical topics impacting the health tech industry such as initial public offerings (IPOs), Amazon's role in healthcare, and the rise of GLP-1 medications. It hints at discussions around Omada Health's IPO plans and broader industry trends. The piece also includes mentions of other relevant healthcare news regarding legal actions, AI in prior authorization, and challenges faced by rural clinics.",http://www.modernhealthcare.com/digital-health/omada-health-sean-duffy-ipo-amazon/,1738299600
UNH,"From Beyond Lamb to Vegan Octopus Legs, Meet the Asian Students Taking on the Future of Food","The article highlights the winners of the 2025 ProVeg Food Innovation Challenge, where student-led teams from Asia-Pacific developed innovative plant-based food products such as self-heating vegan Hanwoo beef, plant-based octopus legs, and Beyond Lamb. These innovations, created with partner companies like Beyond Meat and Unilever, aim to address food security and climate concerns in Asia. The challenge underscores the role of alternative proteins in decarbonizing the agrifood sector and meeting the region's growing food demand.",https://www.greenqueen.com.hk/proveg-food-innovation-challenge-2025-asia-pacific-beyond-meat/,1738301703
UNH,"ACA plans denied one-fifth of in-network claims in 2023, KFF finds","A KFF study found that insurers selling Affordable Care Act plans on the federal exchange denied nearly one out of every five in-network claims in 2023, and over one-third of out-of-network claims. Insurers claim these figures are misleading, arguing that many initially denied claims are later approved after resubmission or correction, and that the KFF's sample size was too small. Despite insurer pushback, the KFF's methodology stated they did not count claims paid after an initial denial as ultimately denied, highlighting variations in denial rates among different insurers.",https://www.healthcaredive.com/news/aca-plans-denied-one-fifth-of-in-network-claims-2023-kff/738389/,1738303692
UNH,AdaptHealth announces Bunting’s return,"AdaptHealth announced that Dan Bunting has rejoined the company as senior vice president, business development. He will focus on opportunities with large payers and health systems, strategic mergers and acquisitions, and key partnerships. Bunting previously served as COO of Aerocare and brings over 40 years of HME experience to his new role.",https://www.hmenews.com/article/adapthealth-announces-bunting-s-return,1738555126
UNH,"Eyeing Ophthalmology in $850M Deal, Irving's McKesson To Snag Controlling Interest in PRISM Vision Holdings","Irving-based McKesson Corp. is set to acquire an 80% controlling interest in PRISM Vision Holdings LLC, a provider of ophthalmology and retina management services, in a deal valued at approximately $850 million. PRISM Vision physicians will retain a 20% stake in their company. This acquisition aims to expand McKesson's presence in community practice and specialty solutions, building a leading platform for retinal care and leveraging its expertise in practice management and clinical research.",https://dallasinnovates.com/eyeing-ophthalmology-in-850m-deal-irvings-mckesson-to-snag-controlling-interest-in-prism-vision-holdings/,1738644187
UNH,Molina reports higher-than-feared Medicaid costs; shares tumble,"Molina Healthcare reported higher-than-expected Medicaid costs, causing its shares to fall by nearly 9% in after-hours trading. The company's medical cost ratio of 90.2% surpassed estimates, reflecting a trend seen by larger peers due to the end of a pandemic-era federal policy. Despite this, Molina expects 2025 total revenue of $44 billion and adjusted profit of at least $24.5 per share, though its Q4 adjusted profit missed Wall Street estimates.","https://www.tradingview.com/news/reuters.com,2025:newsml_L4N3OW2DC:0-molina-reports-higher-than-feared-medicaid-costs-shares-tumble/",1738730818
UNH,"Ambulatory EHR Market Size to Hit USD 9.27 Billion by 2032,","The global Ambulatory EHR Market is projected to reach USD 9.27 billion by 2032, growing at a CAGR of 5.73% from 2024 to 2032, driven by technological innovations and increasing healthcare digitalization. Cloud-based solutions dominated the market in 2023 due to their scalability and cost-effectiveness, with practice management being the leading application and population health management growing rapidly. North America currently leads the market, while Asia Pacific is expected to show the highest CAGR in the forecast period.",https://www.globenewswire.com/news-release/2025/02/06/3022135/0/en/Ambulatory-EHR-Market-Size-to-Hit-USD-9-27-Billion-by-2032-Driven-by-Technological-Innovations-and-Increasing-Healthcare-Digitalization-SNS-Insider.html,1738834800
UNH,UnitedHealth Group Withdraws Motion To Dismiss DOJ’s Amedisys Lawsuit,UnitedHealth Group (NYSE: UNH) has withdrawn its motion to dismiss the U.S. Department of Justice’s antitrust lawsuit regarding its planned $3.3 billion acquisition of Amedisys. The DOJ's recent disclosure of specific counties allegedly impacted by the deal rendered UnitedHealth Group's previous motion moot. The company now intends to prepare for the lawsuit to proceed to trial.,https://hospicenews.com/2025/02/07/unitedhealth-group-withdraws-motion-to-dismiss-dojs-amedisys-lawsuit/,1738905253
UNH,Homecare Homebase Highlights Pennant Services' Success in Integrating Acute and Home-Based Care,"Homecare Homebase (HCHB) showcases how its platform assists Pennant Services in successfully integrating acute and home-based care through innovative joint ventures with acute care providers. Pennant Services leverages HCHB's platform to achieve seamless integration, enhance clinical collaboration, and improve patient outcomes across various healthcare systems. This collaboration bridges the gap between acute and home-based services, ensuring better care transitions and provider coordination.",https://www.prnewswire.com/news-releases/homecare-homebase-highlights-pennant-services-success-in-integrating-acute-and-home-based-care-302373875.html,1739250112
UNH,CVS Health CEO plans to cut 'egregious price hikes' after blasting $21m spike,"CVS Health CEO David Joyner announced plans to combat ""egregious price hikes"" from pharmaceutical manufacturers, aiming to lower prescription costs for consumers. Joyner cited a $21 million spike in drug spend in January 2025 alone and highlighted the role of Pharmacy Benefit Managers (PBMs) like CVS Caremark in negotiating down drug prices. The company is also completing a three-year plan to close 900 stores and has cut 2,900 jobs as part of aggressive cost-cutting strategies.",https://www.the-sun.com/money/13530867/cvs-health-ceo-blasts-pharmaceutical-manufacturer-costs/,1739334107
UNH,"Humana cites rate increases, utilization in $693M Q4 loss","Humana reported a $693 million loss in Q4 2024, contributing to total annual profits being halved compared to the previous year, despite a 10% revenue increase. The company attributes these losses to rising healthcare utilization and insufficient CMS rate increases, leading its CFO to emphasize the need for improved multi-year planning and efficiency. Humana also faces declining Medicare Advantage membership and has sued CMS over its 2025 Star Ratings.",https://www.healthcarefinancenews.com/news/humana-cites-rate-increases-utilization-693m-q4-loss,1739374860
UNH,"After ‘unprecedented’ investments, SNF-heavy CareTrust remains eager to deal amid Medicaid uncertainty","CareTrust REIT invested nearly $700 million in an ""unprecedented"" Q4 2024, yet remains keen on further deals in 2025, with $325 million already in the pipeline. CEO Dave Sedgwick expressed excitement about the company's growth trajectory and assured investors that Medicaid funding cuts are unlikely to significantly impact skilled nursing, despite investor concerns. However, the REIT is approaching its relationship with operator PACS with caution, awaiting their delayed earnings release.",https://www.mcknights.com/news/after-unprecedented-investments-snf-heavy-caretrust-remains-eager-to-deal-amid-medicaid-uncertainty/,1739420477
UNH,Cigna's customer-centric strategy could ripple across the sector,"Cigna's advancements in customer service are poised to influence other companies in the insurance sector. This customer-centric approach, detailed in the article, could set a new standard for the industry. The impact of Cigna's strategy may lead to broader changes in how health insurers engage with their customers.",http://www.modernhealthcare.com/insurance/cigna-customer-service-improvements/,1739422800
UNH,"These 2 ETFs Let You Invest in the S&P 500 Without Too Much of the ""Magnificent Seven""","This article suggests two ETFs, the Invesco S&P 500 Equal Weight ETF (RSP) and the Invesco S&P 500 Revenue ETF (RWL), as alternatives for investors seeking S&P 500 exposure without heavy reliance on the ""Magnificent Seven"" tech giants. These ETFs offer different weighting methodologies—equal weight and revenue-based—to provide more balanced diversification and potentially reduce risk compared to market-cap-weighted S&P 500 funds. While they may offer more muted gains during tech-led market rallies, they are presented as suitable for risk-averse investors.",https://www.theglobeandmail.com/investing/markets/markets-news/Motley%20Fool/30940396/these-2-etfs-let-you-invest-in-the-sp-500-without-too-much-of-the-magnificent-seven/,1739519100
UNH,Should Invesco S&P 500 Revenue ETF (RWL) Be on Your Investing Radar?,"The Invesco S&P 500 Revenue ETF (RWL) is a passively managed exchange-traded fund focused on the Large Cap Value segment of the US equity market, re-weighting S&P 500 constituents by revenue. With over $5.03 billion in assets and an expense ratio of 0.39%, RWL offers diversified exposure, primarily to Healthcare, Financials, and Consumer Staples sectors. The ETF holds a Zacks ETF Rank of 3 (Hold), making it a reasonable option for investors seeking exposure to large-cap value.",https://finance.yahoo.com/news/invesco-p-500-revenue-etf-112008204.html,1739557632
UNH,Elevance Health Bolsters Employer Insurance Business,Elevance Health has acquired Granular Insurance Company from Verily to strengthen its offerings for self-funded employer clients. The acquisition comes as Elevance faces challenges with declining Medicaid membership but sees growth in its employer group and Affordable Care Act health plan segments. The deal aims to enhance healthcare cost management solutions for employers by integrating Granular's technology and data.,https://www.forbes.com/sites/brucejapsen/2025/02/17/elevance-health-bolsters-employer-insurance-business/,1739775180
UNH,SiriusXM hires former Airbnb top lawyer,"SiriusXM Holdings has appointed Richard Baer as executive vice president, general counsel, and corporate secretary, effective March 3, 2025. Baer, formerly CLO at Airbnb, Liberty Media, UnitedHealth Group, and Qwest Communications, succeeds Patrick Donnelly, who is retiring after nearly 27 years with the company. Donnelly will transition to an advisory role to assist with Baer's integration.",https://www.governance-intelligence.com/careers/siriusxm-hires-former-airbnb-top-lawyer,1739938868
UNH,"Dr. Oz plans to sell insurance, hospital, and pharma stocks, step down from supplement company if confirmed","Mehmet Oz, President Trump's nominee to lead Medicare and Medicaid, has pledged to divest from significant stock holdings, including those in UnitedHealth Group and HCA Healthcare, if confirmed for the role. An ethics filing reveals Oz's substantial worth, with investments in various companies such as drugmakers and technology vendors. He also committed to resigning from advisory positions and divesting from several investment funds.",https://www.statnews.com/2025/02/19/dr-oz-ethics-financial-disclosures-net-worth-trump-pick-cms-unitedhealth-hca-stock/,1739939601
UNH,Humana plans to add up to 30 more primary care centers this year,"Humana announced plans to expand its primary care network by adding up to 30 new CenterWell and Conviva centers in 2025. This expansion will occur in 11 of the 15 states where Humana already operates, including new metro areas, and features 11 centers co-located at Walmart stores. Despite significant investment and rapid growth, Humana's primary care division continues to navigate the financial challenges of elevated medical spending in Medicare Advantage and Medicaid.",https://www.healthcaredive.com/news/humana-centerwell-conviva-primary-care-2025-expansion/740347/,1739939686
UNH,"U.S. Healthcare Staffing Market Size to Hit USD 33,860 Million by 2034","The U.S. healthcare staffing market is projected to reach USD 33,860 million by 2034, growing at a CAGR of 5.68% from 2025. This growth is driven by a persistent shortage of healthcare professionals, an aging population requiring more care, rising healthcare expenditures, and increasing chronic disease prevalence. Key trends include the adoption of advanced technology like AI for recruitment and telehealth expansion, evolving workforce models favoring temporary roles, and an emphasis on competitive compensation and benefits.",https://www.biospace.com/press-releases/u-s-healthcare-staffing-market-size-to-hit-usd-33-860-million-by-2034,1740025079
UNH,Oz pledges to divest from HCA Healthcare and UnitedHealth if confirmed,"Mehmet Oz, nominated to lead the Centers for Medicare and Medicaid Services, has committed to divesting his investments in various healthcare companies, including HCA Healthcare and United Health Group, if confirmed. These divestments would occur within 90 days of his confirmation. He also plans to resign from advisory roles and sell shares in other healthcare ventures, while retaining ownership in his cattle ranch and Turkish real estate.",https://www.axios.com/2025/02/20/oz-pledges-divest-hca-healthcare-unitedhealth-confirmed,1740026001
UNH,Health system finances squeezed by high specialist fees,"Health systems like HCA and Community Health Systems are facing financial strain due to high specialist fees. The article highlights this challenge, indicating a broader issue within the healthcare financial landscape. High specialist costs are impacting the financial health of major provider networks.",http://www.modernhealthcare.com/finance/hca-community-health-systems-specialist-fees/,1740027600
UNH,What UnitedHealth Group’s Plunge Means for Large-Cap Funds,"Shares of UnitedHealth Group (UNH) plummeted over 10% after The Wall Street Journal reported a Department of Justice investigation into the company's Medicare Advantage billing practices. This decline significantly impacted large-cap funds, as UNH is a widely held stock across various investment philosophies. While the rout serves as a stress test, diversified portfolios with moderately overweight positions in UNH are expected to manage the fallout.",https://www.morningstar.com/funds/what-unitedhealth-groups-plunge-means-large-cap-funds,1740112342
UNH,Moderna and Other Vaccine Stocks Climb Amid Concerns About Coronavirus Study in China,"Shares of vaccine manufacturers like Moderna, Pfizer, and Novavax rose on Friday due to concerns about a new coronavirus study from China identifying a bat coronavirus potentially capable of animal-to-human transmission. Conversely, international travel stocks, such as Norwegian Cruise Lines, declined. Former FDA Commissioner Scott Gottlieb downplayed the immediate risk, stating such findings are routine and the link to imminent danger is flimsy.",https://www.investopedia.com/moderna-and-other-vaccine-stocks-climb-amid-concerns-about-coronavirus-study-in-china-11684474,1740113234
UNH,UnitedHealth Stock Sinks on Reported DOJ Probe Into Medicare Advantage Billings,"Shares of UnitedHealth Group (UNH) fell by 7% following a report that the U.S. Department of Justice is investigating its Medicare Advantage billing practices. The Wall Street Journal reported the DOJ is probing whether the company over-diagnoses conditions to secure larger payouts from the Medicare Advantage program. UnitedHealth denied the allegations, calling the Journal's reporting ""misinformation"" and ""outrageous and false.""",https://www.investopedia.com/unitedhealth-stock-sinks-on-reported-doj-probe-into-medicare-advantage-billings-11683932,1740114853
UNH,Are Wall Street Analysts Predicting Quanta Services Stock Will Climb or Sink?,"Quanta Services, Inc. (PWR) has seen its shares outperform the broader market over the past 52 weeks due to strong demand for energy infrastructure and grid modernization, despite a recent dip after Q4 earnings. Analysts maintain a ""Strong Buy"" rating with significant potential upside, forecasting continued growth in fiscal 2025.",https://www.nasdaq.com/articles/are-wall-street-analysts-predicting-quanta-services-stock-will-climb-or-sink,1740143100
UNH,"Sherwin-Williams Is a Sleeper of the 100,000% Return Club","Sherwin-Williams (SHW) has quietly delivered massive returns for shareholders, achieving a 122,000% return since 1980. This success is attributed to its pervasive presence in the paint market, strategic acquisitions like Valspar, diligent cost-squeezing, and significant share buybacks. The company also maintains a modest but consistently growing dividend with a safe payout ratio, further contributing to its total shareholder return.",https://www.kiplinger.com/investing/stocks/sherwin-williams-shw-stock-100-000-percent-return-club,1740287270
UNH,"Under siege after a tragedy, UnitedHealth grapples with fresh security threats and a customer backlash","Following the shooting of a top executive in December, UnitedHealth Group has faced an increase in security threats and a backlash from customers. The company's campus experienced over 100 police calls in two months for surveillance and threat responses, highlighting a period of heightened vigilance. This article is part of a series examining UnitedHealth Group's extensive influence within the healthcare industry.",https://www.statnews.com/2025/02/25/unitedhealth-facing-security-threats-customer-backlash-starts-pushing-back-on-critics/,1740460453
UNH,Addus CEO Wary Of Medicaid Cuts But Believes Company Is Largely Insulated,"Addus HomeCare Corporation's CEO, Dirk Allison, addressed potential Medicaid program cuts, acknowledging proposed federal spending reductions of up to $2.3 trillion over 10 years, though the House's budget points to $880 billion. Allison believes most cuts won't directly impact Addus's client base, with only California and Washington potentially seeing effects from FMAP floor changes, representing 2% of Medicaid revenue. Despite concerns, the company is optimistic due to bipartisan support for the services they provide and is well-positioned to minimize the impact of budget proposals.",https://homehealthcarenews.com/2025/02/addus-ceo-wary-of-medicaid-cuts-but-believes-company-is-largely-insulated/,1740506897
UNH,Bridge Investment Group to be acquired by Apollo Global Management in $1.5 billion deal,"Apollo Global Management is set to acquire Bridge Investment Group in an all-stock transaction valued at approximately $1.5 billion. Bridge Investment Group, a major owner of US senior living properties, will operate as a stand-alone platform within Apollo's asset management business and retain its existing brand and management team. The acquisition aims to scale Apollo’s real estate equity platform and leverage Apollo’s integrated platform for future growth.",https://www.mcknightsseniorliving.com/news/bridge-investment-group-to-be-acquired-by-apollo-global-management-in-1-5-billion-deal/,1740507646
UNH,FDA sued over ‘reckless and arbitrary’ semaglutide decision,"The Outsourcing Facilities Association (OFA) has filed a lawsuit against the U.S. Food and Drug Administration (FDA) for removing semaglutide from the federal drug shortage list. The OFA argues that this decision is ""reckless and arbitrary,"" potentially depriving patients of essential treatment for various medical conditions, despite the FDA and Novo Nordisk's claims of increased supply. This lawsuit follows a similar action taken by the OFA against the FDA regarding tirzepatide's removal from the drug shortage list in 2024.",https://cardiovascularbusiness.com/topics/healthcare-management/healthcare-policy/fda-sued-semaglutide-drug-shortage-list,1740631847
UNH,Amedisys Sees Hospice Growth as DOJ-UnitedHealth Group Lawsuit Looms,"Amedisys reported significant hospice revenue growth in Q4 2024 and for the full year, despite incurring merger-related costs. This growth occurred as the company and UnitedHealth Group face an antitrust lawsuit from the U.S. Justice Department regarding their proposed $3.3 billion acquisition. The DOJ's concerns stem from potential negative impacts on competition, home-based care workers, and payers, reminiscent of a previous lawsuit against Optum's acquisition of Change Healthcare.",https://hospicenews.com/2025/02/27/amedisys-sees-hospice-growth-as-doj-unitedhealth-group-lawsuit-looms/,1740633253
UNH,From Losses to Profits: How Clover Health Turned Around Its Financials and What's Next,"Clover Health has achieved a significant financial turnaround in 2024, reporting a $70 million Adjusted EBITDA profit and a substantial improvement in its Insurance Benefits Expense Ratio (BER) to 81.2%. The company projects robust growth for 2025, including a 37% increase in insurance revenue and a 30% rise in Medicare Advantage membership, driven by its technology-first approach with the Clover Assistant platform and an upcoming 4.0 Star Rating. These improvements align with the company's strategy of leveraging AI-driven care management for better clinical outcomes and cost control, positioning them for sustained profitability and growth in the competitive Medicare Advantage market.",https://www.stocktitan.net/news/CLOV/clover-health-reports-fourth-quarter-and-full-year-2024-results-xqlhts1l2ne3.html,1740672300
UNH,Rare Disease Day: 7 experiences shared by families,"This article highlights seven personal stories from employees of The Cigna Group whose families are affected by rare diseases, coinciding with Rare Disease Day. It sheds light on the challenges and triumphs of living with conditions such as Aplastic Anemia, Hereditary Sensory Autonomic Neuropathy type IV, Growth Hormone Disorder, Mesothelioma, PURA Syndrome, Lupus Anticoagulant, and Tay Sachs Disease. The piece emphasizes the critical role of specialty pharmacies like Accredo in providing care and support for these patients.",https://newsroom.thecignagroup.com/rare-disease-day-experiences-shared-by-families,1740716347
UNH,FDA’s Removal of Semaglutide and the Evolving Tirzepatide Decisions: What Compounders Need to Know,"The FDA's decision to remove semaglutide from the drug shortage list and the evolving regulatory status of tirzepatide have significant implications for compounding pharmacies. This shift mandates an end to emergency compounding protocols, with specific deadlines for 503A and 503B facilities to cease compounding these medications. Legal challenges from the Outsourcing Facility Association and actions by drug manufacturers to classify these drugs as difficult-to-compound further complicate the landscape, requiring compounders to audit practices and stay informed to ensure compliance.",https://www.bipc.com/fdas-removal-of-semaglutide-and-the-evolving-tirzepatide-decisions-what-compounders-need-to-know,1740718247
UNH,UnitedHealth Group Incorporated (UNH): An Undervalued Wide Moat Stock to Buy According to Analysts,"UnitedHealth Group Incorporated (UNH) is highlighted as an undervalued wide moat stock to buy, according to analysts, due to its strong economic moat from cost advantages and network effects. BlackRock and BofA analysts anticipate a broadening market beyond big tech in 2025, with US equities expected to reclaim leadership, driven by corporate earnings strength and AI adoption. UNH, with an average upside potential of 36.5% and a forward P/E of 15.7x, is well-positioned for growth through strategic initiatives, an improved operating cost ratio, and a diversified portfolio in healthcare.",https://finance.yahoo.com/news/unitedhealth-group-incorporated-unh-undervalued-023512662.html,1740887562
UNH,Medicare Special Needs Plan enrollment beats expectations,"Enrollment in Medicare Special Needs Plans for 2025 has surpassed initial expectations. The article, published on March 3, 2025, also highlights winners and losers within this specific Medicare plan category.",http://www.modernhealthcare.com/insurance/special-needs-plans-2025-winners-and-losers/,1740978000
UNH,"The Ensign Group buys 5 nursing homes, enters 2 new states","The Ensign Group has acquired five nursing homes, expanding its operations into two new states. The financial details of the acquisition were not immediately available but the company announced the move to broaden its market presence. This strategic expansion is part of Ensign's growth initiatives in the healthcare sector.",http://www.modernhealthcare.com/providers/the-ensign-group-acqusitions-nursing-homes/,1741086480
UNH,UnitedHealth wins favorable ruling against US fraud case,"A court-appointed special master has found insufficient evidence to support the U.S. government's billion-dollar fraud case against UnitedHealth Group. The case accused UnitedHealth of retaining overpayments for patients on its Medicare insurance plans. Although not a final ruling, the recommendation could end the U.S. Department of Justice's claims against the health insurer.",https://www.reuters.com/business/healthcare-pharmaceuticals/unitedhealth-wins-favorable-ruling-against-us-fraud-case-2025-03-04/,1741109880
UNH,"Enhabit Plots Growth Path With Strategic Changes, Renewed UnitedHealth Agreement","Enhabit Home Health & Hospice reported a Q4 loss in 2024 due to exiting a Medicare Advantage agreement with UnitedHealthcare and the impact of hurricanes. Despite this, the company is strategically positioning for growth in 2025 through new payer contracts, cost-saving measures like branch consolidation and outsourcing, and a renewed agreement with UnitedHealthcare. Enhabit anticipates improved adjusted EBITDA and net service revenue for 2025 by focusing on admission growth and leveraging its payer innovation strategy.",https://homehealthcarenews.com/2025/03/enhabit-plots-growth-path-with-strategic-changes-renewed-unitedhealth-agreement/,1741230049
UNH,"Insure.com Names Best Auto, Home, Life and Health Insurance Companies for 2025","Insure.com has released its 13th annual rankings of the best auto, home, life, and health insurance companies for 2025. The rankings are based on consumer surveys and analysis of rate information, financial stability scores, and complaint records. Travelers, Amica, Northwestern Mutual, Kaiser Permanente, and UnitedHealthcare were among the top insurers identified across different categories.",https://www.businesswire.com/news/home/20250306626504/en/Insure.com-Names-Best-Auto-Home-Life-and-Health-Insurance-Companies-for-2025,1741233090
UNH,Vertex’s Non-Opioid Pain Drug Gets Some UnitedHealth Coverage,"Vertex Pharmaceuticals' new non-opioid painkiller, Journavx, has received initial coverage from UnitedHealth Group. However, it is currently placed on a tier that may make it more expensive than other pain treatments. UnitedHealth's Optum Rx unit is still evaluating the drug despite adding it to its approved lists to ensure immediate patient access.",https://www.bloomberg.com/news/articles/2025-03-06/vertex-non-opioid-pain-drug-gets-some-unitedhealth-coverage,1741281840
UNH,Law firm suing three major health insurance companies for ‘wrongfully’ rejecting claims with AI,"Clarkson Law Firm is filing class-action lawsuits against Cigna, Humana, and UnitedHealth Group, alleging wrongful rejection of insurance claims using AI. The firm claims Cigna's AI system rejected over 300,000 claims in two months, spending only 1.2 seconds per claim, leading to serious consequences, including patient deaths. The lawsuits highlight concerns about AI's role in healthcare decision-making and patient care.",https://www.wabe.org/law-firm-suing-three-major-health-insurance-companies-for-wrongfully-rejecting-claims-with-ai/,1741748938
UNH,AM Best Affirms Credit Ratings of UnitedHealth Group Incorporated and Its Subsidiaries,"AM Best has affirmed the ""a"" (Excellent) Long-Term Issuer Credit Ratings and the Long- and Short-Term Issuer Credit Ratings for UnitedHealth Group Incorporated, along with the A+ (Superior) Financial Strength Rating and ""aa-"" (Superior) Long-Term ICRs for its UnitedHealthcare subsidiaries. The outlook for these ratings remains stable, reflecting strong balance sheet strength, very strong operating performance, a very favorable business profile, and robust enterprise risk management. Despite an elevated financial leverage of 43.7% at year-end 2024 and a decline in operating performance in 2024 due to the Change Healthcare cyber breach and a non-cash loss from the sale of its South American business, core segments are expected to return to historical revenue and earnings growth trends.",https://finance.yahoo.com/news/am-best-affirms-credit-ratings-202000445.html,1741751562
UNH,"Tesla, Netflix among market cap stock movers on Wednesday","This article details market cap stock movers on a Wednesday, highlighting rallies in Tesla and Microchip Technology, alongside declines in Pure Storage and Netflix. It categorizes stock movements by mega-cap, large-cap, mid-cap, and small-cap companies, providing specific percentage changes and brief news catalysts for some of the featured stocks.",https://www.investing.com/news/stock-market-news/tesla-netflix-among-market-cap-stock-movers-on-wednesday-93CH-4389174,1741788120
UNH,CVS Weight Management program improves health outcomes while also lowering costs,"CVS Health's Weight Management program has enabled participants to achieve over 15% weight loss on average, with significant improvement for those using anti-obesity medications. The program, which integrates personalized nutrition planning and one-on-one dietitian support, also helps CVS Caremark clients reduce GLP-1 medication costs by up to 26%. This initiative highlights the benefits of combining medical interventions with lifestyle support to achieve sustainable weight loss and improve health outcomes.",https://www.cvshealth.com/news/pbm/cvs-weight-management-program-improves-health-outcomes-while-also-lowering-costs.html,1741920657
UNH,Nevada announces intent to award Medicaid contracts,"Nevada plans to award new Medicaid managed care contracts to five payers: UnitedHealth, Elevance, Centene, Molina, and newcomer CareSource, expanding coverage to all counties. While existing providers largely maintain their positions, Centene and CareSource secured contracts for rural areas in addition to urban centers, and UnitedHealth lost one populous county. The new contracts begin in January 2026, though the long-term outlook for Medicaid funding remains uncertain due to potential federal spending cuts.",https://www.healthcaredive.com/news/nevada-medicaid-managed-care-contract-awards/742462/,1741923183
UNH,"Addus’ Growing Home Health, Hospice M&A Appetite","Addus HomeCare Corporation is anticipating continued growth in its home health and hospice segments, driven by both organic expansion and strategic mergers and acquisitions. While large-scale M&A opportunities have been limited, the company expects more favorable market conditions for buyers and plans to focus on smaller, strategic tuck-in acquisitions, especially those complementing its personal care business. Addus recently saw boosted hospice admissions and is expanding its sales leadership to support growth in home health and hospice services.",https://hospicenews.com/2025/03/18/addus-growing-home-health-hospice-ma-appetite/,1742265096
UNH,UnitedHealth to reimburse pharmacies more for brand-name drugs,"UnitedHealth's OptumRx is set to increase reimbursements to pharmacies for brand-name drugs. This change was reported by Bloomberg on March 20, 2025, at 09:23 AM CDT. The article highlights this significant development in the pharmaceutical reimbursement landscape.",http://www.modernhealthcare.com/insurance/unitedhealth-optumrx-brand-name-drugs/,1742462580
UNH,DOJ backs up providers in suit against Claritev,"The Department of Justice (DOJ) has formally agreed with providers that Claritev (formerly MultiPlan) conspired with health insurers to underpay doctors through an algorithm-based tool. This stance, outlined in a statement of interest, validates the ongoing lawsuits from numerous healthcare entities and signals the DOJ's increased scrutiny on algorithmic collusion and information sharing that could stifle competition. Claritev, however, maintains the lawsuits are without merit.",https://www.healthcaredive.com/news/doj-multiplan-claritev-provider-suit/743660/,1742957436
UNH,Michigan Medicaid customer contact center is certified as a Center of Excellence,"The customer service operations provided by Maximus for Michigan's Medicaid program have been re-certified as a Center of Excellence by BenchMarkPortal. This recognition highlights their success in meeting stringent standards for efficient and effective customer service delivery, a status they have maintained since 2014. Maximus uses technology, including AI, to enhance service quality and help Michigan residents access health insurance information and make informed choices.",https://maximus.com/news-and-events/michigan-center-of-excellence,1743046366
UNH,Their physical therapy coverage ran out before they could walk again,"This article highlights a critical issue in health insurance: rigid caps on physical and occupational therapy sessions, which often leave patients unable to complete their recovery. Personal stories illustrate how individuals with severe injuries are cut off from necessary treatment, forcing them to pay out-of-pocket or remain impaired. The Affordable Care Act requires rehab coverage but allows session caps, leading to a system where many patients receive insufficient care, unlike Medicare which offers more flexibility.",https://www.cbsnews.com/news/physical-therapy-insurance-coverage-session-limits/,1743067740
UNH,"UnitedHealth has scrapped mentions of DEI from website, TechCrunch reports","UnitedHealth Group has reportedly removed most mentions of its diversity, equity, and inclusion (DEI) policies from its website, with previous DEI-dedicated pages now redirecting to ""page not found"" errors. TechCrunch observed this change in real-time, noting that the company replaced these pages with one titled ""Culture of Belonging."" UnitedHealth stated it complies with laws while supporting communities but did not elaborate on the policy shift.",https://www.reuters.com/business/healthcare-pharmaceuticals/unitedhealth-has-scrapped-mentions-dei-website-techcrunch-reports-2025-03-26/,1743073200
UNH,Payer Roundup—CEO ousted at Centene company; Nevada awards Medicaid contracts,"This article provides a roundup of payer-centric news from March 2025, covering topics such as a Centene subsidiary CEO's firing over a spying scandal, Nevada's award of Medicaid contracts, the launch of a new DOJ task force targeting anticompetitive regulations, and the financial performance of various Blue Cross Blue Shield plans. It also discusses legal challenges related to Medicare Advantage star ratings and ERISA lawsuits, as well as legislative efforts regarding ACA navigators and studies on the benefits of anti-obesity medications and Medicare Advantage plans.",https://www.fiercehealthcare.com/payers/payer-roundup-ceo-ousted-after-spying-scandal-nevada-awards-medicaid-contracts,1743130158
UNH,"Commercial Alerts: Now Available With EHR, Claims And Prescription Data","Quest Diagnostics has launched Commercial Alerts, a service that combines near real-time lab data with EHR, claims, and prescription data to help pharmaceutical teams identify and engage healthcare professionals (HCPs) treating eligible patients. This system aims to refine targeting, optimize engagement, and accelerate therapy adoption by providing insights into physician ordering patterns and treatment histories during critical decision-making windows. The service emphasizes data accuracy, clinical relevance, and HIPAA compliance, leveraging Quest's extensive network and diagnostic leadership to enhance pharma marketing and commercialization efforts.",https://www.clinicalleader.com/doc/commercial-alerts-now-available-with-ehr-claims-and-prescription-data-0001,1743130323
UNH,"Is Elevance Health, Inc.'s (NYSE:ELV) Latest Stock Performance A Reflection Of Its Financial Health?","Elevance Health's stock has risen 16% in the past three months, prompting an examination of its financial health, particularly its Return on Equity (ROE). The company boasts an acceptable ROE of 14%, outperforming the industry average of 11%, and has shown decent net income growth of 6.0% over the last five years. With a low payout ratio of 21% and significant reinvestment into the business, future ROE is expected to increase to 20%, suggesting a strong correlation between its financial performance and stock appreciation.",https://simplywall.st/stocks/us/healthcare/nyse-elv/elevance-health/news/is-elevance-health-incs-nyseelv-latest-stock-performance-a-r,1743130864
UNH,"VHT: Strong Growth Outlook, But Still Overpriced (NYSEARCA:VHT)","The Vanguard Health Care ETF (VHT) is rated a hold due to high valuations and low profitability among its top holdings, despite significant growth potential in the healthcare sector. Key holdings like Eli Lilly, UnitedHealth, and AbbVie face valuation and legal concerns, impacting the fund's overall appeal. Competing ETFs, such as XLV, offer better performance and lower fees, making them more attractive alternatives to VHT.",https://seekingalpha.com/article/4771312-vht-strong-growth-outlook-but-still-overpriced,1743164832
UNH,"HUMANA ALERT: Bragar Eagel & Squire, P.C. is Investigating Humana Inc. on Behalf of Long-Term Stockholders and Encourages Investors to Contact the Firm","Bragar Eagel & Squire, P.C. is investigating Humana Inc. on behalf of long-term stockholders due to a class action lawsuit filed for alleged misleading statements made between July 2022 and January 2024. The lawsuit claims Humana downplayed increased medical costs and utilization rates, leading to significant stock price drops following various disclosures about higher expenses and a reported loss. Stockholders are encouraged to contact the firm if they have information or questions regarding these claims.","https://www.tradingview.com/news/reuters.com,2025-04-01:newsml_GNX25cjhT:0-humana-alert-bragar-eagel-squire-p-c-is-investigating-humana-inc-on-behalf-of-long-term-stockholders-and-encourages-investors-to-contact-the-firm/",1743390538
UNH,VHT ETF Holdings List — AMEX:VHT,"This article provides a detailed list of the top holdings for the Vanguard Health Care ETF (VHT) as of November 28, 2025. It includes information on the symbol, weight percentage, shares, and market value for each company held in the ETF. Key holdings include Eli Lilly and Company, AbbVie, Inc., and Johnson & Johnson.",https://www.tradingview.com/symbols/AMEX-VHT/holdings/,1743505760
UNH,"Final Trades: Kinsale Capital, PG&E Corp and UnitedHealth","The Investment Committee on CNBC's Halftime Report discusses their top stock picks for the second half of the year. The three companies highlighted as ""Final Trades"" are Kinsale Capital (KNSL), PG&E Corp (PCG), and UnitedHealth (UNH). This segment provides insights into these companies as potential investment opportunities.",https://www.cnbc.com/video/2025/04/01/final-trades-kinsale-capital-pge-corp-and-unitedhealth.html,1743524940
UNH,"Health insurers slash thousands of jobs, more cuts ahead","The article reports that major health insurers like UnitedHealth, Aetna, and Humana have implemented significant job cuts, with more layoffs anticipated in the future. The piece also includes featured stories on legal challenges faced by OhioHealth, AI partnerships in health tech for prior authorization, lawsuits against OpenLoop Health for an alleged data breach, and the impact of CMS's decision to end a primary care program on rural clinics.",http://www.modernhealthcare.com/insurance/unitedhealth-aetna-humana-job-cuts-layoffs/,1743559035
UNH,FTC puts hold on insulin lawsuit against drug middlemen,"The Federal Trade Commission has paused its lawsuit against pharmacy-benefit manager (PBM) units of UnitedHealth, Cigna, and CVS Health concerning insulin prices. This hold comes after the Trump administration fired two Democratic commissioners who had voted in favor of the lawsuit. The FTC stated the case is on hold for 105 days due to a lack of sitting commissioners available to participate.",https://www.reuters.com/business/healthcare-pharmaceuticals/ftc-puts-hold-insulin-lawsuit-against-drug-middlemen-2025-04-02/,1743633060
UNH,"UnitedHealth, Humana and other health-insurance stocks are surging after this ‘big win’","Health insurance stocks, including UnitedHealth and Humana, are expected to see significant gains after the Centers for Medicare and Medicaid Services announced higher-than-anticipated Medicare Advantage payment rate increases for 2026. The CMS revealed a 5.06% average revenue change, exceeding the previously noted 2.23% and investor expectations. This development is being viewed as a ""big win"" for insurers.",https://www.marketwatch.com/story/unitedhealth-humana-and-other-health-insurance-stocks-are-surging-after-this-big-win-f1d237bc?gaa_at=eafs&gaa_n=AWEtsqfoUjQyg5e61sTDNsvlYrhfBAd4PdR7Q5mitVNUYJXoFuhPBH7TD4JD&gaa_ts=6999128f&gaa_sig=HlhCELi48NM4VOqXIWOPM05F9VjwSeALVj9LG61bnxhDxukX1MIBqvP2mu8XmKsKfptsdXxbyLECJxtZTWcnlg%3D%3D,1744056840
UNH,CMS finalizes 5.06% Medicare Advantage benchmark increase,"The Centers for Medicare & Medicaid Services (CMS) finalized a 5.06% increase, or $25 billion, in average benchmark payments to Medicare Advantage (MA) plans, a nearly three-percentage-point rise over initial proposals. This decision, attributed to an effective growth rate increase from 5.93% to 9.04% due to updated data, is seen as favorable to payers, with several insurer stocks rising post-announcement. While some advocacy groups supported the increase and the continued phase-in of risk adjustment models, critics argue it adds to existing overpayments and diverts focus from physician payment updates and addressing damaging MA plan practices.",https://www.fiercehealthcare.com/payers/cms-finalizes-506-medicare-advantage-benchmark-increase,1744110540
UNH,Medicare Advantage plans reaped $33B extra from 'coding intensity',"Medicare Advantage plans gained an additional $33 billion due to ""coding intensity,"" indicating elevated payments for services. Major players like UnitedHealth and Humana reportedly benefited significantly from this practice. The article highlights concerns over financial implications within the Medicare Advantage system.",http://www.modernhealthcare.com/insurance/unitedhealth-humana-medicare-advantage-coding/,1744120500
UNH,The consistency of health insurance coverage in small businesses: industry challenges and insights,"This study examines the consistency of health insurance coverage among small businesses, highlighting how increasing premium costs lead many to discontinue coverage while continuing to operate, suggesting a strategic financial decision rather than impending closure. It reveals significant industry-specific sensitivities to health insurance burdens, with restaurants and personal services being particularly vulnerable. The research also shows that for employer firms, a decrease in the health insurance payroll burden is often offset by substantial increases in payroll expenses, particularly post-COVID-19.",https://www.jpmorganchase.com/institute/all-topics/business-growth-and-entrepreneurship/small-business-health-insurance-consistency,1744249951
UNH,Is UnitedHealth Group Incorporated (UNH) the Best Medical Stock to Buy According to Billionaires?,"This article examines the position of UnitedHealth Group Incorporated (UNH) among top medical stocks favored by billionaires. It discusses why the healthcare sector, particularly managed care companies like UNH, is seen as somewhat of a safe haven during market uncertainties like tariffs, despite other pressures such as patent cliffs and pricing concessions. UnitedHealth Group is highlighted for its strong financial performance, expanding operations through its UnitedHealthcare and Optum divisions, and its commitment to returning capital to shareholders, leading to its high ranking among medical stocks according to notable investors.",https://finance.yahoo.com/news/unitedhealth-group-incorporated-unh-best-215715708.html,1744511170
UNH,"Nashville’s already a healthcare hub, and it’s looking to get even bigger","Nashville is solidifying its reputation as a major healthcare hub, highlighted by Oracle Corp.'s decision to move its global headquarters there. This move, driven by Oracle's focus on healthcare and its acquisition of Cerner, is expected to further attract healthcare companies and tech talent to the city. The presence of major healthcare systems like HCA Healthcare and new medical schools, combined with the city's quality of life and lack of state income tax, contribute to Nashville's growing appeal in the healthcare sector.",https://www.chiefhealthcareexecutive.com/view/nashville-s-already-a-healthcare-hub-and-it-s-looking-to-get-even-bigger,1744596093
UNH,DaVita hit by ransomware attack,"Kidney dialysis firm DaVita recently announced that it was hit by a ransomware attack that encrypted parts of its network. While the full scope of the attack and its potential impact are still unknown, the company has activated backup systems and manual processes to ensure no disruption to patient care. This incident follows a year of significant cybersecurity threats to the healthcare sector, including major breaches at Change Healthcare and Ascension.",https://www.cybersecuritydive.com/news/davita-ransomware-attack-kidney-dialysis/745400/,1744680390
UNH,Device maker that helped UnitedHealth collect billions offers to settle fraud claims with DOJ,"Semler Scientific has offered to pay the Department of Justice nearly $30 million to settle federal healthcare fraud claims related to its QuantaFlo peripheral artery disease test. The product, utilized by major insurers like UnitedHealth Group, is at the center of an investigation into whether federal programs paid improper claims based on its use, potentially violating the False Claims Act. Semler disclosed the preliminary agreement in an SEC filing but acknowledged the government could still reject the offer, stating it would vigorously defend itself if a settlement isn't reached.",https://www.statnews.com/2025/04/16/semler-scientific-quantaflo-unitedhealth-group-peripheral-artery-disease-doj-settle/,1744770055
UNH,"Healthcare ETFs Tug of War: Insurers Tumble, Pharma Surges","The U.S. healthcare sector experienced a turbulent trading session on April 17, 2025, with insurer stocks falling due to UnitedHealth's earnings disappointment. However, strong gains from drugmakers, particularly Eli Lilly, helped offset broader sector losses. This led to a ""tug of war"" within healthcare ETFs, where pharmaceutical-focused funds surged while those heavily invested in healthcare providers declined.",https://www.tradingview.com/news/zacks:77033e263094b:0-healthcare-etfs-tug-of-war-insurers-tumble-pharma-surges/,1744848000
UNH,UnitedHealth Group and other health insurance stock prices are tumbling today. Here’s why,"UnitedHealth Group's stock plunged over 22% after reporting underwhelming first-quarter earnings and lowering its 2025 earnings forecast, citing higher-than-expected medical service utilization in Medicare Advantage plans and challenges with Optum Health. This news also caused other health insurance stocks like Humana, Elevance Health, and CVS Health to tumble. CEO Andrew Witty acknowledged the company ""did not perform up to our expectations"" but expressed confidence in addressing the challenges.",https://www.fastcompany.com/91318749/unitedhealth-group-stock-price-falls-insurance-sector-hit-heres-why,1744848000
UNH,"S&P 500 Futures Up in Premarket Trading; UnitedHealth Group, Humana Lag","S&P 500 futures are up in premarket trading, with Regions Financial Corp. (RF) rising 12.5% and Eli Lilly & Co. (LLY) up 11.1%. However, UnitedHealth Group and Humana are lagging the broader market trend. The article indicates a positive sentiment in early trading ahead of the U.S. market open.",https://www.barrons.com/articles/s-p-500-futures-up-in-premarket-trading-unitedhealth-group-humana-lag-f129b189?gaa_at=eafs&gaa_n=AWEtsqdi3fYkR0e_IscCJi8vjJuh48iHheGM7u1_xwQySAaco5hes47ZJjRz&gaa_ts=69991290&gaa_sig=hxEalWPoAwTEC1b5dU8nCrBPDN8wuW_JmrlXV_JZv9Enpg2tJ248RbpKUxqsEdUC8yXIBkNT1Jf3hjuuhf-BgQ%3D%3D,1744854541
UNH,UnitedHealth cuts profit outlook by $3 billion as more Medicare patients get care,"UnitedHealth Group has significantly cut its 2025 profit outlook by over $3 billion, reducing its earnings per share expectation to $24.90 from $28.40. This decision comes after a surprising surge in medical care utilization among its Medicare Advantage members, exceeding previous forecasts. Executives expressed extreme disappointment, calling the results ""unusual and unacceptable.""",https://www.statnews.com/2025/04/17/unitedhealth-first-quarter-earnings-2025-cut-profits-3-billion-medicare-patients/,1744856770
UNH,UnitedHealth stock craters in worst day since 1998 on 'unusual and unacceptable' results,"UnitedHealth (UNH) stock experienced its largest single-day drop since 1998, falling over 22% after missing first-quarter earnings expectations and cutting its full-year profit guidance. CEO Andrew Witty described the results as ""unusual and unacceptable,"" attributing the poor performance to higher-than-anticipated costs related to Medicare Advantage and Optum businesses, exacerbated by policy changes reducing reimbursement rates and increased healthcare utilization by senior patients. Despite these challenges, Witty emphasized the company's continued growth and solid foundation for future improvement.",https://finance.yahoo.com/news/unitedhealth-stock-craters-in-worst-day-since-1998-on-unusual-and-unacceptable-results-131137700.html,1744856770
UNH,UnitedHealth Stock Is Having Its Worst Day in 25 Years After Earnings. Here’s Why.,"UnitedHealth Group's stock experienced its worst day in 25 years after the company reported first-quarter earnings that fell short of expectations. The health insurer also significantly reduced its full-year financial outlook, causing a notable decline in its share price. This underperformance occurred despite the company's stock generally outperforming major indices earlier in 2025.",https://www.barrons.com/articles/united-health-unh-earnings-stock-price-b66e5659?gaa_at=eafs&gaa_n=AWEtsqeG39WjVTtgqe1uETt5D9YljBctqLBBoLhAE64_YaexwZypIcV9YS7_&gaa_ts=69991b33&gaa_sig=WMbBAA4zVINTWu07a_NCQOxJiNpz115ZLn4xMMj4-AETVIx1bPkchkYY2qcWqmjQJbUDZy6yxRBIO66hYonj8Q%3D%3D,1744856770
UNH,Prior authorization reform heads to governor's desk after final Senate approval,"Indiana's Senate Bill 480, focused on prior authorization reforms, has passed both chambers and is headed to the governor's desk. The bill prohibits private insurers from requiring prior authorization for the first 12 physical therapy or chiropractic visits for new injuries and mandates that prior authorization claims be reviewed by a clinical peer with similar experience or specialization. While the bill has undergone significant changes and compromises, lawmakers consider it an important step towards addressing healthcare costs in Indiana.",https://www.wfyi.org/news/articles/prior-authorization-reform-heads-to-governors-desk-after-final-senate-approval,1744856786
UNH,Home health providers want a cut of Medicare Advantage pay hike,"Home health providers are seeking a share of the Medicare Advantage rate increase, hoping to boost their pay. The article, by Diane Eastabrook, highlights the desire of these providers to benefit from the financial adjustments within the Medicare Advantage system. This comes amidst broader discussions in healthcare about payment models and provider compensation.",http://www.modernhealthcare.com/providers/medicare-advantage-rate-increase-home-health/,1744866000
UNH,UnitedHealth Group Inc berichtet über die Ergebnisse für das am 31. März abgeschlossene Quartal - Earnings Summary,"UnitedHealth Group Inc reported adjusted quarterly earnings of $7.20 per share for the quarter ending March 31, which was higher than the previous year but missed the average analyst estimate of $7.29 per share. Revenue increased by 9.5% year-over-year to $109.58 billion, falling short of the expected $111.60 billion. Despite missing earnings estimates for the latest quarter, the company's stock has risen by 11.7% this quarter and 15.7% year-to-date, with analysts maintaining a ""Buy"" rating and a 12-month price target of $642.00.",https://br.tradingview.com/news/reuters.com%2C2025%3Anewsml_L8N3QV1BP%3A0/,1744914463
UNH,Why UnitedHealth Group’s Shares Have Taken a Tumble,"UnitedHealth Group's shares fell over 22% after its first-quarter earnings, attributed mainly to challenges in its Medicare Advantage business. The company cited unexpected care activity rates and changes in Optum Medicare membership profiles, leading to a revised earnings per share outlook for 2025. Experts suggest the company will work to resolve these issues, potentially through cost-cutting measures, amidst concerns about the impact on patient care and taxpayer-funded programs.",https://medcitynews.com/2025/04/unitedhealth-group-shares-stock/,1745140380
UNH,UnitedHealth Group swings to Q1 net profit,"UnitedHealth Group reported a Q1 net income of $6.29 billion, a significant swing from a $1.41 billion loss a year prior, despite challenges like increased Medicare Advantage utilization and changes in Optum Health's Medicaid membership. The company also saw total revenue rise to $109.58 billion, supported by strong member retention and OptumRx revenue growth. The article also provides an update on the ongoing legal case related to the death of former UnitedHealthcare CEO Brian Thompson.",https://www.insurancebusinessmag.com/us/news/life-insurance/unitedhealth-group-swings-to-q1-net-profit-532656.aspx,1745193600
UNH,Nexalin Technology Expresses Strong Support for Health Tech Investment Act to Advance Medicare Reimbursement for AI-Enabled Devices,"Nexalin Technology supports the Health Tech Investment Act (S. 1399), bipartisan legislation aimed at expanding Medicare reimbursement for FDA-cleared AI-enabled medical devices. The company's Gen-3 HALO Clarity™ neurostimulation device, which integrates AI for treatment and patient monitoring, would benefit from this transitional reimbursement mechanism. This legislation is crucial for fostering innovation in mental health care by ensuring coverage for advanced technological solutions.",https://www.manilatimes.net/2025/04/21/tmt-newswire/globenewswire/nexalin-technology-expresses-strong-support-for-health-tech-investment-act-to-advance-medicare-reimbursement-for-ai-enabled-devices/2095730,1745200836
UNH,Elevance dodges high MA medical costs that sunk United,"Elevance Health has successfully navigated rising Medicare Advantage (MA) utilization in Q1 2025, reporting strong earnings and maintaining its full-year predictions, in contrast to UnitedHealth Group. The company attributed its success to planning for increased utilization, primarily in Medicaid, and is actively pursuing a 7-9% growth in MA membership this year. Elevance is also strategically managing new MA members by encouraging early wellness visits to optimize Centers for Medicare and Medicaid Services reimbursements.",https://www.healthcare-brew.com/stories/2025/04/22/elevance-high-ma-medical-costs-united,1745285252
UNH,"UnitedHealth's Witty, Cigna's Cordani top insurance CEO pay ranking","The article highlights that the CEOs of UnitedHealth and Cigna, Andrew Witty and David Cordani respectively, led the compensation ranking among insurance executives. Their compensation reportedly saw an increase of over 10% in 2024. The piece focuses on executive pay trends within the insurance industry.",http://www.modernhealthcare.com/insurance/unitedhealth-cigna-ceo-compensation-2024/,1745333400
UNH,"After Thompson killing, health insurers poured money into security","Following the murder of UnitedHealthcare CEO Brian Thompson in December 2024, health insurance companies like UnitedHealth and Centene significantly increased spending on executive security. This article details the financial investments made by these insurers to enhance the safety of their leadership.",http://www.modernhealthcare.com/insurance/unitedhealth-centene-molina-executive-security/,1745384400
UNH,"Ameris Bank pumps $500,000 into hospital through HEART program","Ameris Bank has donated $500,000 to Liberty Regional Medical Center (LRMC) through the Georgia HEART Hospital Program, an initiative allowing individuals and corporations to receive state income tax credits for contributions to rural hospitals. This marks Ameris Bank's eighth consecutive year participating, bringing their total contributions to LRMC to $2.35 million since 2018, which has funded projects like a wound care center and the Moms Heart Matters program. Statewide, Ameris Bank disbursed $1.694 million to 17 rural hospitals this year, with the LRMC donation being the largest alongside a similar amount to Colquitt Regional Medical Center.",https://coastalcourier.com/news/ameris-bank-pumps-500000-into-hospital-through-heart-program/,1745456379
UNH,"Bristol Myers Squibb tops quarterly estimates, hikes outlook as drugmaker braces for tariffs","Bristol Myers Squibb beat first-quarter estimates and raised its full-year revenue and profit guidance, driven by strong drug sales and cost-cutting measures. The updated outlook factors in current tariffs on U.S. products to China but excludes potential tariffs on pharmaceutical imports to the U.S., with the company preparing mitigation efforts. This comes as the company aims to offset revenue losses from drugs losing exclusivity with new growth-driver medications.",https://www.cnbc.com/2025/04/24/bristol-myers-squibb-bmy-earnings-q1-2025.html,1745478060
UNH,"Novo Nordisk scores major legal win that bars many compounded versions of Wegovy, Ozempic","Novo Nordisk has won a significant legal victory, largely restricting compounding pharmacies from selling cheaper, unapproved versions of its blockbuster weight loss drug Wegovy and diabetes treatment Ozempic. A federal judge denied a preliminary injunction from the Outsourcing Facilities Association, upholding the FDA's determination that the semaglutide shortage is resolved. This decision allows the FDA to take action against pharmacies making compounded versions, strengthening Novo Nordisk's efforts to combat the sale of unauthorized semaglutide products.",https://www.cnbc.com/2025/04/25/novo-nordisk-legal-win-bars-many-compounded-wegovy-ozempic-drugs.html,1745546429
UNH,Obamacare Leads Centene To $1.3 Billion Profit And A 2025 Revenue Boost,"Centene reported first-quarter profits of $1.3 billion, driven by a significant increase in Obamacare enrollment, which boosted its ""commercial marketplace"" business by 29%. This growth led Centene to increase its 2025 premium and service revenue guidance by $6 billion, now ranging from $164 billion to $166 billion. The strong performance in Obamacare and Medicare Advantage enrollment comes despite a slight drop in Medicaid enrollees.",https://www.forbes.com/sites/brucejapsen/2025/04/25/obamacare-leads-centene-to-13-billion-profit-and-a-revenue-boost/,1745564340
UNH,"When Hospitals Ditch Medicare Advantage Plans, Thousands of Members Get To Leave, Too","As hospital systems increasingly drop Medicare Advantage plans due to financial disputes and administrative burdens, thousands of members are forced to choose between their doctors and their insurance. While some fortunate members qualify for special enrollment periods to switch plans or return to traditional Medicare, the Centers for Medicare & Medicaid Services' inconsistent handling of these situations and lack of transparency are creating significant challenges for beneficiaries and drawing criticism from lawmakers and state insurance regulators. These disputes highlight the growing tension between popular Medicare Advantage plans and healthcare providers, often leaving seniors in a precarious position regarding their healthcare access and costs.",https://kffhealthnews.org/news/article/hospitals-abandon-medicare-advantage-plans-members-quit-too/,1745804940
UNH,7-Eleven teams with Live Nation for nostalgic music festival activations,"7-Eleven is partnering with Live Nation to engage Millennial and Gen Z consumers through music festival activations, including serving as the first naming-rights partner for the When We Were Young Festival. The convenience chain will create immersive, nostalgic experiences at this and other festivals like The Governors Ball and Rolling Loud. This move comes as 7-Eleven's parent company, Seven & i Holdings, reported declining same-store sales in the U.S., signaling a marketing push to connect with cultural trends.",https://www.marketingdive.com/news/7-eleven-live-nation-nostalgic-music-festival-activations/746466/,1745805329
UNH,UnitedHealth Group avoids shareholder vote on coverage denial audits in wake of CEO killing,UnitedHealth Group has avoided shareholder votes on proposals that would have required audits of their healthcare denial practices. One proposal was withdrawn by a faith-based group aiming to resubmit next year after the SEC indicated a change in how shareholder proposals would be reviewed. Another proposal was dismissed due to a missed filing deadline.,https://www.startribune.com/unitedhealth-group-avoids-shareholder-vote-on-coverage-denial-audits-in-wake-of-ceo-killing/601339406,1745857500
UNH,Novo Nordisk Partners With Telehealth Platforms to Expand Wegovy Access,"Novo Nordisk is partnering with telehealth platforms including Hims & Hers Health, Inc., LifeMD, and Ro to expand access to its weight-loss drug, Wegovy (semaglutide). This collaboration aims to allow self-paying patients to directly access NovoCare Pharmacy through these platforms, enabling home delivery of all Wegovy doses. The initiative seeks to provide authentic, FDA-approved Wegovy to patients, including those with commercial insurance without obesity medication coverage, at a reduced monthly cost.",https://www.empr.com/news/novo-nordisk-partners-with-telehealth-platforms-to-expand-wegovy-access/,1745891293
UNH,3 DMC hospitals receive failing safety grades as Tenet reports $406M profit,"Three Detroit Medical Center (DMC) hospitals—Detroit Receiving, Sinai-Grace, and Harper University Hospital—received ""F"" safety grades from The Leapfrog Group, making them among the nation's worst for patient safety. DMC, owned by Tenet Healthcare Corp., disputes these grades, alleging Leapfrog uses ""fabricated data"" and operates a ""pay-to-play scheme,"" while Tenet itself reported a $406 million profit in the first quarter of 2025. This controversy highlights ongoing debates about hospital ranking methodologies and patient safety.",https://www.crainsdetroit.com/health-care/3-dmc-hospitals-rated-f-leapfrog-group,1746057660
UNH,12 top ways artificial intelligence will impact healthcare,"This article details 12 key ways artificial intelligence (AI) is transforming healthcare, ranging from clinical decision support and drug discovery to patient engagement and robotic surgery. It highlights AI's role in improving efficiency, reducing costs, personalizing treatments, and enhancing patient outcomes across various medical applications. The authors emphasize that AI is here to stay in healthcare, with its influence expected to grow significantly.",https://www.techtarget.com/healthtechanalytics/feature/Top-12-ways-artificial-intelligence-will-impact-healthcare,1746060863
UNH,"Amedisys to Divest Hospice, Home Health Locations to BrightSpring, The Pennant Group","Amedisys Inc. is divesting several home health and hospice locations to affiliates of BrightSpring Health Services and The Pennant Group. This strategic move precedes its acquisition by Optum, a subsidiary of UnitedHealth Group, and aims to address antitrust concerns raised by the U.S. Department of Justice regarding market competition. The sale is contingent upon the successful completion of the Optum acquisition.",https://hospicenews.com/2025/05/02/amedisys-to-divest-hospice-home-health-locations-to-brightspring-the-pennant-group/,1746229664
UNH,Cigna’s Earnings Are Here. Here’s What to Know.,"Cigna reported better-than-expected first-quarter earnings, indicating a strong performance for the health insurer. This positive result helps to alleviate concerns about the broader health insurance sector, especially following UnitedHealth Group's report last month. Cigna is the last major health insurer to provide its quarterly update.",https://www.barrons.com/articles/cigna-stock-price-earnings-f9faba40?gaa_at=eafs&gaa_n=AWEtsqesaodJUeLj-pGq5jgALyCY1otKUPDh2yMAixlyVh7NUJRFkgS7--e7&gaa_ts=6998f691&gaa_sig=S_SQJAbXNg7EvqMz4yTPXj9OiPYzlyFtVt23SOa5G8wAedI4Mb9SZj0bDay8GrBUdabLGlrZlBmvx-SoOGnOww%3D%3D,1746229775
UNH,The Administrative Drivers Behind Modern Healthcare Delivery: Medicare,"This article examines the potential administrative changes to Medicare under the current administration, focusing on impacts to Medicare Part C (Medicare Advantage), Medicare Part D (prescription drug pricing), and telehealth coverage. It highlights how these proposed shifts, particularly in deregulation and reimbursement structures, could necessitate strategic adjustments for healthcare providers to maintain competitiveness and continue delivering quality care. The piece also discusses the potential consequences for patient access, affordability, and provider operations across various healthcare services.",https://www.fticonsulting.com/insights/articles/administrative-drivers-behind-modern-healthcare-delivery-medicare,1746403470
UNH,Occupancy falls at New York Hilton Midtown,"Occupancy at the New York Hilton Midtown, one of the city's largest hotels, dropped to 71% in the first quarter from 75% a year ago, leading its owner, Park Hotels & Resorts, to project potential unprofitability for the year. This decline is attributed to a fall in overseas guests, particularly from Canada and Japan, and broader trade-war tensions, causing the company to revise its 2025 net income projections downward. Despite the struggles at the Hilton Midtown and in Hawaii, the CEO remains cautiously optimistic about the New York market due to the perceived strength of the U.S. economy.",https://www.crainsnewyork.com/real-estate/occupancy-falls-new-york-hilton-midtown,1746405241
UNH,"UnitedHealth Now Has 1,000 AI Use Cases, Including in Claims","UnitedHealth Group has integrated 1,000 artificial intelligence applications across its insurance, health delivery, and pharmacy sectors. These AI tools are used for tasks such as transcribing clinician conversations, summarizing data, processing claims, and powering chatbots. Despite the extensive use of AI, the company assures that AI will not be solely responsible for denying claims.",https://www.wsj.com/articles/unitedhealth-now-has-1-000-ai-use-cases-including-in-claims-f3387ca3?gaa_at=eafs&gaa_n=AWEtsqc7p2qdQtfPDPzthlspT7DXedj96gw0SBoO-PcYuXfYpkHyY6rzLORO&gaa_ts=699905f8&gaa_sig=xeNKanxSfgoIH3-LjcAXn4LaIbXRZX6kELFcoXXLLP5Y1BaRU1wWmJQCsjdoIt_4M8FdXKyY6qUuOmHSZUwY2Q%3D%3D,1746406517
UNH,Judge Finds in Favor of Knight-Swift in 401(k) Forfeiture Case,"A federal judge has dismissed a class action lawsuit against Knight-Swift Transportation Holdings Inc., ruling that the company did not misuse forfeited 401(k) assets to offset company contributions instead of paying plan expenses. The court found that the company's actions aligned with the plan's terms and federal regulations, as employer obligations are governed by the written plan document, not external filings like Form 5500. This decision is seen as favorable for plan sponsors, although its impact may vary as similar ERISA lawsuits continue across the country.",https://www.planadviser.com/judge-finds-favor-knight-swift-401k-forfeiture-case/,1746436164
UNH,Medicare – It’s Not Just for Retirees,"As more Americans work past age 65, Medicare is becoming increasingly relevant for active employees, not just retirees. Employers can benefit from educating their workforce about Medicare options, as it can reduce employee confusion and potentially lower health benefit costs for the organization. Providing Medicare education and assistance helps employees make informed decisions, avoid penalties, and ensure appropriate coverage.",https://www.bbrown.com/us/insight/medicare-its-not-just-for-retirees/,1746575246
UNH,"UnitedHealth, Amedisys reach new deal to sell home health and hospice locations if merger approved","UnitedHealth and Amedisys have agreed to divest certain home care and hospice centers to BrightSpring Health Services and Pennant Group to gain approval for their merger. This new deal follows a previous attempt to sell assets that was scrapped, and it aims to resolve antitrust concerns raised by the Department of Justice, which sued to block the acquisition last year. The sales are contingent on the closure of UnitedHealth’s $3.3 billion acquisition of Amedisys.",https://www.healthcaredive.com/news/unitedhealth-amedysis-sell-home-care-hospice-brightspring-pennant-group/747145/,1746575263
UNH,Health insurers see signs of life in Q1,"In the first quarter, most major publicly traded health insurers surpassed Wall Street expectations, indicating a recovery in profitability after a challenging 2024. The notable exception was UnitedHealth, which underperformed due to higher-than-expected medical utilization and struggles in its value-based care arm. Other insurers, such as Humana and Aetna, saw significant improvements in operating income by raising premiums and cutting benefits, though concerns remain about shifting utilization trends and policy uncertainties.",https://www.healthcaredive.com/news/health-insurer-profits-improve-q1-2025/747185/,1746577433
UNH,Axios Event: Top 5 takeaways from Axios' inaugural Future of Health Summit,"Axios held its inaugural Future of Health Summit on May 14, 2025, in Washington, D.C., covering health care policy, technology, and scientific research. Key takeaways included discussions on rising cancer diagnoses among young people, the ""crisis of trust"" in health care institutions, concerns about vaccine skepticism, and the transformative potential of AI in medicine. Leaders from Adtalem, UnitedHealth Group, and Danone also shared insights on AI's role in addressing staffing shortages and the growing importance of nutrition for health.",https://www.axios.com/2025/05/07/axios-event-future-of-health-summit-washingtondc,1746661085
UNH,"Despite Some Home Health Challenges, Enhabit Looks Forward To Growth In 2025","Enhabit Inc. (NYSE: EHAB) is anticipating growth in 2025 by executing strategic plans including new payer contracts and cost-saving measures, despite reporting decreased home health care services revenue in Q1 2025. The company's President and CEO, Barb Jacobsmeyer, noted an optimistic start to the year due to renegotiated contracts and a focus on census growth. Enhabit also reported sequential growth in home health census and cost reductions through technology and branch consolidations.",https://homehealthcarenews.com/2025/05/despite-some-home-health-challenges-enhabit-looks-forward-to-growth-in-2025/,1746662400
UNH,Which Firms Are Most Exposed To Prasad’s Possible Accelerated Approvals Clampdown?,"This article discusses the potential impact of Vinay Prasad's possible appointment to lead the US FDA's CBER on accelerated approvals. It suggests that tougher approval standards may follow, potentially affecting companies like Sarepta Therapeutics, Arcellx, uniQure N.V., Fate Therapeutics, Nkarta, Inc., Kyverna Therapeutics, Inc., and Cabaletta Bio, Inc. The piece is part of a broader discussion on changes within the FDA and their implications for the pharmaceutical industry.",https://insights.citeline.com/scrip/advanced-therapies/cell-therapies/which-firms-are-most-exposed-to-prasads-expected-accelerated-approvals-clampdown-7RX56E5CP5EKHBANCCJDUTTD3Y/,1746833710
UNH,"DOJ Rejects Amedisys, UnitedHealth’s Divestiture to BrightSpring, Pennant","The U.S. Department of Justice (DOJ) has rejected the proposed divestiture of Amedisys' home health and hospice assets to BrightSpring Health Services and The Pennant Group. This rejection comes as a remedy to an ongoing lawsuit filed by the DOJ in November 2024 to block UnitedHealth Group's acquisition of Amedisys, citing concerns that the merger would restrict competition in the hospice and home health markets. The case is scheduled for mediation conferences in August to discuss a potential resolution.",https://hospicenews.com/2025/05/12/doj-rejects-amedisys-unitedhealths-divestiture-to-brightspring-pennant/,1747093664
UNH,UnitedHealth Pulls 2025 Outlook and Replaces CEO,"UnitedHealth shares fell significantly after the company pulled its 2025 guidance due to surging medical utilization and replaced CEO Andrew Witty with Stephen Hemsley. While Morningstar maintains its fair value estimate of $530 per share, it has raised the Uncertainty Rating to High due to the company-specific challenges and executive shakeup. Despite near-term concerns, UnitedHealth remains Morningstar's strongest managed care organization, with long-term growth potential.",https://www.morningstar.com/stocks/unitedhealth-pulls-2025-outlook-replaces-ceo,1747094400
UNH,AI and HIPAA compliance: How to navigate major risks,"The article discusses the growing use of AI in healthcare and the significant challenges it poses for HIPAA compliance. It highlights eight ways AI can jeopardize patient data protection, including regulatory misalignment, cloud-based data transmissions, and risks associated with AI training data and public large language models. The piece concludes by outlining twelve best practices for healthcare organizations to navigate these risks and ensure AI is applied responsibly while adhering to HIPAA regulations.",https://www.techtarget.com/healthtechanalytics/feature/AI-and-HIPAA-compliance-How-to-navigate-major-risks,1747097663
UNH,"UnitedHealth Group CEO Andrew Witty steps down, company suspends annual forecast","UnitedHealth Group CEO Andrew Witty is stepping down immediately for ""personal reasons,"" leading the company to suspend its 2025 forecast and causing shares to tumble. Stephen Hemsley, who previously served as CEO from 2006 to 2017, will succeed Witty. The company cited higher medical costs for new enrollees in Medicare plans as a primary reason for pulling its guidance, with expected growth only returning in 2026.",https://www.cnbc.com/2025/05/13/unitedhealth-group-ceo-andrew-witty-steps-down.html,1747126920
UNH,UnitedHealth Replaces CEO as Its Medicare Strategy Sputters,"UnitedHealth Group Inc. (UNH) unexpectedly replaced its chief executive and suspended its 2025 earnings guidance, raising questions about the company's cost predictions. Stephen Hemsley, former CEO and current Chairman, has returned to the top role, with Andrew Witty resigning for ""personal reasons."" The health insurer also mentioned the murder of its top insurance executive in New York last December.",https://www.bloomberg.com/news/articles/2025-05-13/unitedhealth-unh-group-names-new-ceo-suspends-2025-outlook,1747132560
UNH,"UnitedHealth’s troubles get worse, as 2025 outlook suspended and CEO steps down","UnitedHealth Group Inc. stock tumbled after the company suspended its full-year financial guidance due to unexpectedly rising medical costs. Adding to the troubles, CEO Andrew Witty stepped down for personal reasons after four years in the role. The news cut the Dow's price by over 400 points, highlighting concerns over accelerating care activity and higher-than-expected Medicare costs.",https://www.marketwatch.com/story/unitedhealths-stock-sinks-after-ceo-steps-down-outlook-suspended-as-costs-rise-582cd1b7?gaa_at=eafs&gaa_n=AWEtsqfWJFH2jKZB-JTkTkQNZV7pW0Y0Ig8jYeSAunppOgTIF9PV5WASefBx&gaa_ts=690749e8&gaa_sig=g0ldmgb8IIbf0xnYDRo46Cg2g3oXNrkPTlXg7H3ldTmMe5iOUBLe7duecJNj5zpQdD6VhmWReCDwnRc0nyr36Q%3D%3D,1747135920
UNH,"UnitedHealth Group abruptly replaces CEO Andrew Witty, deepening a terrible year","UnitedHealth Group (UNH) has abruptly replaced CEO Andrew Witty with former CEO Stephen J. Hemsley, effective immediately, as the company faces mounting financial problems and public anger. This change comes amidst significant challenges, including a massive cyberattack on its Change Healthcare subsidiary and rising medical costs in its Medicare Advantage business, leading to a stock plunge and the suspension of its 2025 outlook. The health care conglomerate, also owner of UnitedHealthcare, has been experiencing a turbulent period, compounded by the December killing of UnitedHealthcare CEO Brian Thompson.",https://www.npr.org/2025/05/13/nx-s1-5396614/unitedhealth-group-terrible-year-replaces-ceo-andrew-witty,1747136760
UNH,Millions of Americans may lose health insurance under GOP tax plan. Here’s who will be affected most.,"House Republicans are preparing to advance a budget bill that the Congressional Budget Office estimates would cut federal healthcare spending by over $700 billion in a decade, primarily through cuts to Medicaid. This proposed plan could lead to the largest reduction in Medicaid in U.S. history, potentially causing millions of Americans to lose their health insurance.",https://www.marketwatch.com/story/millions-of-americans-may-lose-health-insurance-under-gop-tax-plan-heres-who-will-be-affected-most-bd965669?gaa_at=eafs&gaa_n=AWEtsqdPcMeUgroiSliNbNV3DHm80sP3ulaDZU09-QSc69n-2tD2LdtCOmtr&gaa_ts=6998fe9a&gaa_sig=614Qkn8HbbhfT9sX7gfF-LskwU2kTt1UAKyHG_k3JILLZiK01epgosltXE2aH8kjooOqAUARTrGTIfhiiaifdA%3D%3D,1747156500
UNH,"S&P 500 closes higher Tuesday, wiping out 2025 loss, as Nvidia surges: Live updates","The S&P 500 closed higher on Tuesday, wiping out its 2025 losses and turning positive for the year, driven by easing U.S.-China trade tensions and a surge in Nvidia shares. Nvidia's stock jumped over 5% after news of a significant AI chip deal with Saudi Arabia, contributing to the broader market's gains. The market also reacted positively to softer-than-expected inflation data and a substantial investment announcement from Saudi Arabia in the U.S.",https://www.cnbc.com/2025/05/12/stock-market-today-live-updates.html,1747179462
UNH,"Providers, payers brace for regulatory uncertainty in Q1","The healthcare industry is anticipating significant regulatory changes in late 2025, which were a major topic during Q1 earnings calls. Tariffs, Medicaid cuts, and the potential end of enhanced ACA subsidies are expected to impact both payers and providers, with UnitedHealth Group notably reporting an unusual miss and CEO departure amidst these upcoming challenges. A ""Podnosis"" episode delves into these Q1 earnings and what the future holds for the healthcare sector.",https://www.fiercehealthcare.com/providers/providers-payers-brace-regulatory-uncertainty-q1,1747182233
UNH,Wall Street Gutted Steward Health Care. Patients Paid the Price.,"This investigative article details how private equity firms, particularly Cerberus Capital Management and Medical Properties Trust, exploited Steward Health Care, leading to its bankruptcy and a significant decline in patient care. It highlights the human cost through the tragic death of Sungida Rashid due to a lack of essential medical supplies at a Steward hospital. The article uncovers a pattern of cost-cutting, asset stripping, and alleged malpractice across Steward's facilities, demonstrating how profit motives compromised healthcare quality.",https://www.motherjones.com/politics/2025/05/steward-health-care-medical-properties-trust-hospitals-bankruptcy-ralph-de-la-torre/,1747182252
UNH,UnitedHealth Group stock price nears 5-year low as bad news piles up for the health insurance giant,"UnitedHealth Group's stock price plummeted to a near five-year low amid a cascade of negative news, including a rumored DOJ criminal investigation into Medicare fraud, the abrupt resignation of CEO Andrew Witty, and the suspension of its 2025 financial outlook. The company's shares fell significantly following these announcements, with the latest drop occurring after reports of the DOJ probe, which UnitedHealth Group denies being notified about. These events have made investors nervous and contributed to a substantial decline in the stock's value since the beginning of the year.",https://www.fastcompany.com/91335192/unitedhealth-group-stock-price-united-healthcare-parent-sinking-bad-news,1747267200
UNH,UnitedHealth: Shares Dive on Wall Street Journal Report of Criminal Probe in Medicare Advantage,"UnitedHealth Group's shares dived following a Wall Street Journal report of a criminal probe into its Medicare Advantage risk-rating practices, adding to investor concerns after the CEO's departure and suspended 2025 guidance. While appearing significantly undervalued, the company faces elevated uncertainty and potential share volatility due to these regulatory challenges. Morningstar maintains its narrow-moat rating, noting the company's conservative balance sheet should help it navigate the current storms.",https://www.morningstar.com/stocks/unitedhealth-shares-dive-wall-street-journal-report-criminal-probe-medicare-advantage,1747267200
UNH,McKesson To Spin-Off Its Medical-Surgical Solutions Business,"McKesson Corporation announced its intention to spin off its Medical-Surgical Solutions segment into an independent company, aiming to enhance strategic focus and unlock shareholder value. This move aligns with McKesson's strategy of disciplined portfolio management, allowing the parent company to concentrate on high-growth areas like oncology and biopharma solutions, while the NewCo focuses on medical-surgical supply and services. The separation is expected to result in two well-capitalized companies, each better positioned to pursue its own strategic growth priorities.",https://www.forbes.com/sites/joecornell/2025/05/15/mckesson-to-spin-off-its-medical-surgical-solutions-business/,1747317840
UNH,Jayapal Leads Amicus Brief Opposing UnitedHealth Efforts to Scam Taxpayers through Medicare Advantage,"U.S. Representative Pramila Jayapal is leading an amicus brief against UnitedHealth Group, alleging the company uses inaccurate diagnosis codes to inflate Medicare Advantage payments, effectively embezzling from taxpayers. The brief argues that Medicare Advantage, despite its initial aim, is costing taxpayers more and enriching private insurers like UnitedHealth, which has a 28% market share and $400 billion in revenue. Jayapal and other Members of Congress are pushing for accountability concerning potentially fraudulent Medicare funds, citing estimated overpayments of $1.2 trillion to MA plans between 2025-2034 without intervention.",https://jayapal.house.gov/2025/05/16/jayapal-leads-amicus-brief-opposing-unitedhealth-efforts-to-scam-taxpayers-through-medicare-advantage/,1747353600
UNH,"Puerto Rico stock index up 8.1% YTD, beating U.S. markets","Puerto Rico's financial markets are showing significant strength in 2025, with the Birling Capital Puerto Rico Stock Index (PRSI) up 8.14% year to date, outperforming major U.S. indices. This growth, driven by strong corporate earnings from companies like FirstBank, Popular Inc., and Evertec, reflects renewed investor confidence. Despite some economic headwinds, Birling Capital indicates cautious optimism for the island's market, highlighting positive trends in specific sectors and historical performance under past governors.",https://newsismybusiness.com/puerto-rico-stock-index-up-8-1-ytd-beating-u-s-markets/,1747353835
UNH,Elevance Health (ELV) Stock: Analysts See 30% Upside for This Dividend Growth Stock,"Elevance Health (ELV) is seen by analysts as a dividend growth stock with significant upside potential, despite a recent 10% dip due to rising medical costs and investor concerns. Analysts project a 30% upside with an average price target of $505/share, noting the stock's attractive forward dividend yield of 1.8% and a low dividend payout ratio of under 20%. The company has consistently increased its dividends for 12 years and is expected to resume double-digit earnings growth by 2026, making it an appealing option for long-term dividend-focused investors.",https://www.tikr.com/blog/elevance-health-elv-stock-analysts-see-30-upside-for-this-dividend-growth-stock,1747440172
UNH,Clean energy stocks shine bright as improved trade outlook sparks rally,"Clean energy stocks, particularly solar names, experienced a significant rally following an improved U.S.-China trade outlook, which included tariff cuts and prompted economists to upgrade growth forecasts. This surge occurred despite a broader equity rally and strong performance in semiconductors, with First Solar Inc. leading the clean energy sector. Meanwhile, UnitedHealth Group faced a severe crisis with a 27% stock drop, CEO resignation, and a criminal probe, while economic data showed softening inflation but cautious consumer sentiment.",https://www.freep.com/story/money/business/2025/05/17/clean-energy-stocks-trade-outlook-rally/83671261007/,1747443028
UNH,UnitedHealth: Uma das maiores empresas americanas está prestes a implodir,"UnitedHealth Group, uma das maiores empresas americanas e membro do Dow Jones, está em crise após a renúncia abrupta do CEO Andrew Witty e a revelação de uma investigação criminal federal por possível fraude no Medicare. As ações da empresa perderam US$ 288 bilhões em um mês, e ela agora enfrenta intenso escrutínio governamental e a volta do ex-CEO Stephen Hemsley para tentar estabilizar a situação. A crise é agravada por uma queda drástica na confiança dos investidores e a retirada das projeções financeiras de 2025.",https://www.cnnbrasil.com.br/economia/negocios/unitedhealth-uma-das-maiores-empresas-americanas-esta-prestes-a-implodir/,1747480500
UNH,Community Insurance’s Nancy Elam earns national recognition for health coverage enrollments,"Nancy Elam of Community Insurance has been recognized as an Elite member of the 2025 Marketplace Circle of Champions by the Centers for Medicare & Medicaid Services (CMS). This honor is for enrolling over 100 consumers in qualified health coverage, highlighting her dedication to expanding access to affordable healthcare. Her achievement places her among a select group of insurance professionals nationwide.",https://www.whiterivernow.com/2025/05/19/community-insurances-nancy-elam-earns-national-recognition-for-health-coverage-enrollments/,1747613069
UNH,Noteworthy False Claims Act Settlement Demonstrates DOJ’s Continued Scrutiny of Arrangements Between Hospitals and Physician Practices,"Fresno Community Hospital and Medical Center (CHS) and Physicians Network Advantage, Inc. (PNA) recently settled False Claims Act allegations for $31.5 million, related to violations of the anti-kickback statute and Stark Law. The settlement stemmed from CHS's efforts to help physicians adopt electronic health records (EHR) through PNA, which allegedly included improper inducements not compliant with AKS safe harbors or Stark Law exceptions. This case highlights the Department of Justice's ongoing focus on enforcing these regulations against hospitals and health systems, particularly concerning EHR technology arrangements.",https://www.mintz.com/insights-center/viewpoints/2146/2025-05-19-noteworthy-false-claims-act-settlement-demonstrates-dojs,1747698572
UNH,UnitedHealth downgraded by investment banks,"UnitedHealth has been downgraded by investment banks TD Cowen, Raymond James, and Bank of America following a series of setbacks including pulled profit guidance, a CEO change, and a reported criminal investigation by the Justice Department. These issues have caused UnitedHealth's stock to plummet to pre-pandemic lows in a month, erasing five years of gains and leading analysts to reverse their bullish outlook. Despite this, insider stock purchases, including a significant buy from new CEO Stephen Hemsley, indicate some investor confidence in the company's future under his leadership.",https://www.healthcaredive.com/news/unitedhealth-downgraded-td-cowen-bofa-raymond-james/748516/,1747699200
UNH,Could BetterHelp expand insurance access? Teladoc’s uplift acquisition s,"Teladoc Health, parent company of BetterHelp, recently acquired Uplift, a virtual mental health platform known for its relationships with insurance providers. This acquisition suggests that BetterHelp may be exploring options to integrate insurance coverage into its subscription-based online therapy services, potentially making mental health care more accessible and affordable for a wider range of users. While BetterHelp currently operates on a direct-payment model, this move could lead to expanded accessibility, continuity of care, and greater provider options in the future.",https://www.jpost.com/consumerism/article-854856,1747788769
UNH,"Wolfspeed, UnitedHealth, Nvidia, Target, Lowe’s, Alphabet, Fair Isaac, XPeng, and More Movers","The article lists several companies including Wolfspeed, UnitedHealth, Nvidia, Target, Lowe’s, Alphabet, Fair Isaac, and XPeng, whose stocks moved significantly. This movement occurred on a day that marked the worst in a month for stocks, following a spike in Treasury yields after a weak 20-year bond auction. The piece highlights key players in various sectors amidst a volatile market environment.",https://www.barrons.com/articles/stock-movers-318f6821?gaa_at=eafs&gaa_n=AWEtsqeFjqwT9dQ6fE1W7wqcaJzAXhxWI1zS8zri-Y7ta1VUxSysbqX3TBqG&gaa_ts=699906c2&gaa_sig=5TZwiuElQ4EfpFWKbANzLTX0UI96teR7wFcmjVfcCMD-O6E46g9NbAlu8ATdcFV1-KEyouUDQVAhJnjJSkF3PA%3D%3D,1747789119
UNH,Revealed: UnitedHealth secretly paid nursing homes to reduce hospital transfers,"A Guardian investigation reveals UnitedHealth Group secretly paid nursing homes bonuses to reduce hospital transfers for residents, a tactic that saved the company millions but allegedly risked residents' health. Whistleblowers and internal documents suggest these cost-cutting measures, part of UnitedHealth's Medicare Advantage program, led to delayed care and potentially harmful outcomes for some patients. The company denies preventing transfers and states its programs improve health outcomes and prevent unnecessary hospitalizations.",https://www.theguardian.com/us-news/2025/may/21/unitedhealth-nursing-homes-payments-hospital-transfers,1747807200
UNH,Some digital health companies brace for headwinds amid market volatility while others eye opportunities: Q1 recap,"Digital health companies experienced mixed results in Q1 amid market volatility, tariffs, and policy changes. While some, like Amwell and Talkspace, saw opportunities in efficiency and payer-focused strategies, others, such as DocGo, faced significant headwinds due to government policy impacts. Doximity and Waystar showed strong performance, with Doximity anticipating potential slowdowns but investing in AI, and Waystar highlighting its recession-resistant model and AI advancements.",https://www.fiercehealthcare.com/health-tech/health-tech-companies-brace-headwinds-economic-uncertainty-impacts-payer-provider,1747828800
UNH,UnitedHealth falls on report it secretly paid nursing homes to reduce hospital transfers,"UnitedHealth shares fell over 6% after a report alleged the company secretly paid nursing homes to reduce hospital transfers, a move that saved millions but risked residents' health. This adds to a series of recent negative events for the healthcare conglomerate, including a cyberattack and probes into its practices, prompting HSBC to downgrade the stock to ""reduce."" Former CEO Stephen Hemsley has returned to lead the company through the current crisis.",https://www.reuters.com/business/healthcare-pharmaceuticals/unitedhealth-falls-after-report-it-secretly-paid-nursing-homes-reduce-hospital-2025-05-21/,1747861800
UNH,Hinge Health: Reimagining possibilities and better outcomes with virtual care,"This article highlights Hinge Health's journey from a bold vision to a successful virtual care platform for musculoskeletal health, founded by Daniel Perez and Gabriel Mecklenburg. It emphasizes the company's commitment to relentless product innovation, a patient-first approach, and strong leadership, which collectively transformed healthcare outcomes and experiences. The article also touches on Hinge Health's financial performance, noting $390M in revenue in 2024 and significant growth.",https://www.bvp.com/atlas/hinge-health-ipo,1747872606
UNH,LifeMD Launches $299 Introductory Wegovy® Bundle for Self-Pay Patients in Collaboration with Novo Nordisk,"LifeMD has introduced a limited-time $299 introductory bundle for new self-pay patients seeking Wegovy® prescriptions and virtual weight management support. This initiative, a collaboration with Novo Nordisk, aims to make FDA-approved GLP-1 therapy more affordable and accessible, particularly for those without insurance coverage for weight-loss medications. The bundle includes the discounted medication and LifeMD's integrated clinical care and support, offering an alternative to compounded therapies.",https://hitconsultant.net/2025/05/22/lifemd-launches-299-introductory-wegovy-bundle-for-self-pay-patients/,1747873271
UNH,"TD Cowen Downgrades UnitedHealth (UNH) to Hold, Cuts PT","TD Cowen downgraded UnitedHealth Group (UNH) to Hold from Buy and reduced its price target to $308 from $520. This downgrade is due to rising medical costs in UnitedHealth's Medicare Advantage business, which has led to a reduced annual profit forecast and investor concern. Analysts suggest these issues could affect other insurance companies with similar plans.",https://finance.yahoo.com/news/td-cowen-downgrades-unitedhealth-unh-094937958.html,1747957838
UNH,M&A on upswing for public home care companies,"Publicly traded home care companies are showing an increase in merger and acquisition (M&A) activities, as detailed in Mertz Taggart's quarterly report. Key players like Addus HomeCare, Aveanna Healthcare, BrightSpring Health Services, Option Care Health, and The Pennant Group are expanding their footprints and service offerings through strategic acquisitions. These companies are focusing on both tuck-in and larger deals to enhance their market presence and achieve growth objectives.",https://www.mcknightsseniorliving.com/news/ma-on-upswing-for-public-home-care-companies/,1748476064
UNH,DIA: UnitedHealth's Tumble Shows Flaw In Dow Jones' Price-Weighted Index Composition,"The Dow Jones Industrial Average, while a respected benchmark, has a price-weighted construction that makes it suboptimal for many investors. Recent events, such as UnitedHealth's significant decline, highlight the inherent concentration risk within the Dow index. The Dow has underperformed other major large-cap U.S. indexes like the S&P 500 and Nasdaq 100 over the past five, ten, and fifteen years, suggesting that better alternatives exist for investors.",https://seekingalpha.com/article/4790725-dia-unitedhealths-tumble-shows-flaw-index-composition,1748484960
UNH,Top digital health funding: R1 gets backing from Khosla,"The article reports on digital health funding, specifically highlighting that R1 has secured backing from Khosla. It also mentions other companies in the digital health funding news, such as Brooklyn Health and Samsung, within the broader context of health tech developments.",http://www.modernhealthcare.com/digital-health/top-funding-r1-brooklyn-health-samsung/,1748581200
UNH,Hot ride continues: Senior care and housing REIT conditions ‘best ever seen’,"Senior care and housing REITs are experiencing unprecedented favorable conditions, driven by demographics, limited new development, and strong financial performance. CEOs and analysts predict this positive trend will continue due to the aging baby boomer population, high construction costs, and increasing M&A activity, ensuring a long runway for growth. Despite potential minor challenges, industry fundamentals remain robust.",https://www.mcknights.com/news/hot-ride-continues-senior-care-and-housing-reit-conditions-best-ever-seen/,1748651143
UNH,"Analysis: The No Good, Very Bad Year for UnitedHealth","UnitedHealth Group has experienced a challenging year marked by a significant stock drop, CEO change, and increasing regulatory scrutiny, primarily due to its aggressive Medicare Advantage strategy and the evolving healthcare landscape. Experts point to issues like a too-generous plan design in Medicare Advantage leading to higher utilization and concerns about vertical integration, although some believe the company's issues are solvable. UnitedHealth faces investigations and lawsuits, but analysts suggest it will likely recover, possibly by adjusting its Medicare Advantage benefits and navigating regulatory challenges.",https://medcitynews.com/2025/06/united-health-group-year-challenge/,1748773560
UNH,UnitedHealth Declines 40.4% YTD: Here's Why it's Still Not a Bargain,"UnitedHealth (UNH) shares have plummeted 40.4% year-to-date due to mounting headwinds, including missed Q1 earnings, rising medical costs in Medicare Advantage, a CEO change amidst a criminal investigation, and regulatory scrutiny. Despite appearing attractively priced, the stock faces significant risks from regulatory pressures, cost increases, and reputational damage, making it a ""Strong Sell"" according to Zacks. While UnitedHealth has competitive advantages and strong cash flow, investors are advised to wait for greater stability before considering an investment.",https://www.theglobeandmail.com/investing/markets/stocks/HUM-N/pressreleases/32678042/unitedhealth-declines-40-4-ytd-here-s-why-it-s-still-not-a-bargain/,1748903634
UNH,Managing Multiple Medication Risks: How Humana Supports Patient Safety and Better Outcomes,"Humana addresses the significant challenges and risks associated with polypharmacy, especially in elderly and injured patients, due to complex health conditions and age-related changes in drug metabolism. The article outlines best practices for effective pharmacy management, including robust monitoring systems, clear communication, appropriate prior authorization, and patient education. Humana's comprehensive approach leverages Medicare Star Measures for quality improvement and provides multi-channel support to ensure medication safety and better health outcomes.",https://riskandinsurance.com/content-managing-multiple-medication-risks-how-humana-supports-patient-safety-and-better-outcomes/,1748904058
UNH,These are the Alabama companies that made the Fortune 500,"Two Birmingham-based companies, Regions Financial Corp. and Vulcan Materials Corp., have once again made the annual Fortune 500 list, which ranks companies by revenue. Regions Financial is ranked 433 with $9.4 billion in revenue, and Vulcan Materials is ranked 500 with $7.4 billion in revenue. This marks the 71st year for the Fortune 500 ranking, with Walmart holding the top spot.",https://www.al.com/news/2025/06/these-are-the-alabama-companies-that-made-the-fortune-500.html,1748936640
UNH,CVS Health to Invest $20 Billion to Build ‘Tech-Enabled Consumer Health Experience’,"CVS Health plans to invest $20 billion over the next decade to develop a ""tech-enabled consumer health experience."" This initiative aims to improve interoperability within the healthcare sector, creating a single patient record to address customer pain points like lack of connectivity and real-time decision-making, and to provide more transparent cost estimates. The company believes that consumers are willing to share data with trusted brands for a better experience, and this aligns with their broader digital strategy to enhance simplicity and efficiency.",https://www.pymnts.com/healthcare/2025/cvs-health-to-invest-20-billion-to-build-tech-enabled-consumer-health-experience/,1748989851
UNH,Two Birmingham companies make the Fortune 500 list. Here's how much they're worth,"Two Birmingham-based companies, Regions Financial and Vulcan Materials, have once again secured spots on the Fortune 500 list for 2025. Regions Financial, a banking giant, ranked 433 with $9.373 billion in revenue, while construction aggregates producer Vulcan Materials came in at number 500 with $7.4 billion in revenue. The article also lists the top ten companies on the 2025 Fortune 500 list.",https://www.tuscaloosanews.com/story/news/2025/06/03/which-birmingham-companies-made-the-2025-fortune-500-listwhat-we-know/84009146007/,1748993503
UNH,June 2025 US stock market outlook: Has the storm passed?,"The US stock market is currently trading at a 3% discount to fair value, but Morningstar warns of impending volatility due to trade tariffs, slowing economic growth, and rising Treasury yields. Investors are advised to be cautious, overweight value and small-cap stocks, and prepare for potential market downturns despite the current calm. Several sectors and specific stocks are highlighted for their current valuations and performance.",https://www.morningstar.com.au/markets/june-2025-us-stock-market-outlook-has-storm-passed,1748995200
UNH,"With Its Stock Down Over 50%, What’s Next for UnitedHealth?","UnitedHealth's stock has fallen over 50% due to missed earnings, withdrawn guidance, and regulatory scrutiny over its Medicare Advantage program, compounded by the tragic murder of an executive. A former CEO has returned to address these challenges, particularly around surging medical utilization and potential overpayments in Medicare Advantage, with Morningstar analysts rating the stock as moderately undervalued despite high uncertainty.",https://www.morningstar.com/stocks/with-its-stock-down-over-50-whats-next-unitedhealth,1749081600
UNH,"Humana to back curbs to Medicare Advantage billing practices, WSJ reports","Humana (HUM.N) has indicated to congressional staffers its support for measures that would restrict Medicare Advantage billing practices currently yielding billions in extra payments. The company is willing to endorse new limits on payments derived from diagnoses recorded by nurse practitioners during in-home visits. This move follows scrutiny and reports, including by the Wall Street Journal, regarding potential misuse of billing rules within Medicare Advantage plans, specifically mentioning an examination by the U.S. Department of Justice into UnitedHealth's (UNH.N) practices.",https://www.reuters.com/business/healthcare-pharmaceuticals/humana-back-curbs-medicare-advantage-billing-practices-wsj-reports-2025-06-05/,1749118980
UNH,Decoding workforce vitality: Understanding drivers across job types can enhance productivity,"The Cigna Group's 2024 Vitality in America research highlights that workforce vitality varies significantly by occupation. Employers should customize benefits, programs, and perks based on the unique needs and challenges of different job types to foster a culture of vitality. Strong leadership and appropriate recognition are also crucial for improving employee well-being and productivity across all occupational groups.",https://newsroom.thecignagroup.com/decoding-workforce-vitality,1749248259
UNH,"UnitedHealth Group, Humana support Medicare Advantage home visit changes","The two largest Medicare Advantage insurers, UnitedHealth Group and Humana, are advocating for reforms to the federal program to control specific billing practices, particularly those related to at-home health risk assessments. This comes as senators consider adding MA overpayment reform to upcoming legislation. Both companies have proposed measures such as limiting payments for diagnoses found only during at-home visits and requiring timely follow-up care, with UnitedHealthcare also suggesting annual audits on HRAs.",https://www.fiercehealthcare.com/payers/unitedhealth-group-humana-support-medicare-advantage-home-visit-changes,1749249658
UNH,3 Oversold Stocks Flashing Bullish Reversal Signals,"This article highlights three oversold stocks—Copart Inc. (CPRT), Cooper Companies Inc. (COO), and UnitedHealth Group Inc. (UNH)—that are displaying bullish reversal signals according to their Relative Strength Index (RSI) and other technical indicators. Copart is oversold after an underwhelming earnings report but analysts maintain a Neutral rating with a higher price target. Cooper Companies surprised with strong earnings, sparking a potential turnaround, while UnitedHealth, despite a challenging year, is showing signs of life with analyst support and a potential base formation.",https://finviz.com/news/75914/3-oversold-stocks-flashing-bullish-reversal-signals,1749289620
UNH,3 Oversold Stocks Flashing Bullish Reversal Signals,"This article identifies three stocks—Copart Inc. (CPRT), Cooper Companies Inc. (COO), and UnitedHealth Group Inc. (UNH)—that are currently oversold and exhibiting bullish reversal signals according to the Relative Strength Index (RSI). Each company recently experienced significant price drops due to various factors like underwhelming earnings or negative headlines, yet analysts maintain positive outlooks and see potential for attractive risk/reward scenarios. The article suggests these stocks could be poised for sharp bounces or sustained recoveries, making them appealing for investors looking for reversal trades.",https://www.theglobeandmail.com/investing/markets/stocks/COO/pressreleases/32775883/3-oversold-stocks-flashing-bullish-reversal-signals/,1749334731
UNH,"Exclusive: UnitedHealth eyes $1 billion deal to exit Latin America as insurer refocuses on US, sources say","UnitedHealth Group is reportedly weighing multiple bids for its Latin American operations, specifically its Banmedica subsidiary in Colombia and Chile, for approximately $1 billion. This move comes as the company faces significant challenges, including a CEO change, a criminal accounting probe, and substantial losses in the region, prompting a refocus on its U.S. operations. Several private equity firms and healthcare providers have submitted non-binding bids, with a deadline for binding proposals expected by July.",https://www.reuters.com/business/healthcare-pharmaceuticals/unitedhealth-eyes-1-billion-deal-exit-latin-america-insurer-refocuses-us-sources-2025-06-09/,1749469020
UNH,UnitedHealth weighs bids for Latin America operations: Reuters,"UnitedHealth Group is considering bids totaling around $1 billion for its Latin American operations, specifically its Banmédica subsidiary in Colombia and Chile. This move follows a $7.1 billion loss from its previous exit from the Brazilian market and is part of a broader strategy to divest its South American businesses. The company is actively seeking to complete the sale this summer amidst ongoing financial challenges in the U.S.",https://www.fiercehealthcare.com/payers/unitedhealth-weighs-bids-latin-america-operations-reuters,1749482700
UNH,Healthcare company Molina laying off hundreds of employees in Henrico,"Molina Healthcare is closing its office in Henrico, Virginia, and laying off 268 employees as it prepares to end its contract with the Virginia Department of Medical Assistance Services. The Fortune 500 company, which manages government-sponsored healthcare programs, will cease being a Medicaid provider in Virginia as of July 1. Medicaid members previously covered by Molina will be transferred to Humana Healthy Horizons or can opt for alternative coverage.",https://richmondbizsense.com/2025/06/10/healthcare-company-molina-laying-off-hundreds-of-employees-in-henrico/,1749596508
UNH,Why UnitedHealth Stock Imploded Last Month,"UnitedHealth Group's stock experienced a significant drop in May due to new allegations of fraud, misconduct, and the sudden resignation of its CEO, Andrew Witty, who cited ""personal reasons."" The company is facing a criminal investigation by the DOJ for Medicare fraud and was reported to be making secret bonus payments to nursing homes to avoid hospitalizations. These issues have severely shaken investor confidence, prompting a recommendation to stay away from the stock.",https://finance.yahoo.com/news/why-unitedhealth-stock-imploded-last-231145512.html,1749597669
UNH,UnitedHealth Group’s affordable housing investments surpass $1.2B,"UnitedHealth Group has invested over $1.2 billion in affordable and mixed-income housing since 2011, creating and preserving 32,000 homes across 33 states and the District of Columbia. These investments aim to address social drivers of health by providing safe, stable housing, often integrated with on-site supportive services and health programs. The article highlights projects in eight communities, including renovations for senior housing in Modesto, California, and a new mixed-use development in Minneapolis, Minnesota,",https://www.unitedhealthgroup.com/newsroom/posts/2025/2025-06-affordable-housing-investments-surpass-1-2-billion.html,1749600000
UNH,"Aetna authorizes $18,350 claim for Helius Medical’s PoNS device","Aetna Healthcare has authorized a claim for Helius Medical Technologies' Portable Neuromodulation Stimulator (PoNS) device at an out-of-network negotiated price of $18,350. This marks Aetna as the third major healthcare provider, following Anthem and United Healthcare, to reimburse for the PoNS device, a non-implantable neuromodulation therapy for gait and balance deficits. Despite this authorization, Helius faces challenges with declining revenue, weak gross profit margins, and significant stock volatility, while actively pursuing broader in-network coverage and reimbursement from CMS.",https://www.investing.com/news/company-news/aetna-authorizes-18350-claim-for-helius-medicals-pons-device-93CH-4090596,1749625500
UNH,"Helius Medical Technologies, Inc. Announces Authorized Claim for Payment by Major Healthcare Payer for its Portable Neuromodulation Stimulator (PoNS®) Device","Helius Medical Technologies, Inc. announced that Aetna Healthcare, a major payer, has authorized a claim for payment for its Portable Neuromodulation Stimulator (PoNS) Device at an out-of-network negotiated price. This marks the third major payer, following Anthem and United, to provide reimbursement for the PoNS device, a significant step for Helius in expanding access to its neuromodulation therapy for balance and gait deficits, especially for individuals with multiple sclerosis. The company is actively pursuing broader in-network coverage and consistent reimbursement rates comparable to those offered by the VA/DoD.",https://finance.yahoo.com/news/helius-medical-technologies-inc-announces-110000890.html,1749657578
UNH,Supreme Court Avoids Class-Action Review Due to Mootness Concerns,"The U.S. Supreme Court dismissed a writ of certiorari in Labcorp v. Davis, avoiding a crucial question about class-action certification under Federal Rule of Civil Procedure 23 regarding classes with both injured and uninjured members. The case involved accessibility issues at Labcorp's self-service kiosks, leading to a proposed class action under the ADA and California's Unruh Civil Rights Act. Justice Kavanaugh's dissent criticized the dismissal, arguing that including uninjured members in a damages class action contradicts Rule 23 and precedents, leading to inflated liability risks for businesses.",https://www.consumerfinancialserviceslawmonitor.com/2025/06/supreme-court-avoids-class-action-review-due-to-mootness-concerns/,1749682187
UNH,How to weigh up companies after a big share price fall,"This article explores how investors should evaluate companies after a significant share price decline, drawing on research by Michael Mauboussin. It highlights the frequency of major drawdowns and the low recovery rate for many stocks, while also providing six key questions investors should ask to identify potential winners and avoid losers in such scenarios.",https://www.morningstar.com.au/personal-finance/how-weigh-up-companies-after-big-share-price-fall,1749686400
UNH,Health Plans and Managed Care,"FTI Consulting offers expert services in Health Plans & Managed Care, assisting clients with operational issues, strategic growth, and value-based care initiatives. Their expertise covers health plan operations, strategic programs for diverse membership bases, and the transition to a value-based healthcare model. They work with various clients, from local managed care organizations to national health plans, addressing strategy, efficiency, compliance, and network development.",https://www.fticonsulting.com/insights/service-sheets/health-plans-managed-care,1749854123
UNH,Leveraging AI Streamline IDR CMS,"Maximus has implemented an AI and RPA-powered system to streamline the independent dispute resolution (IDR) process for the Centers for Medicare & Medicaid Services (CMS) under the federal No Surprises Act (NSA). This solution addresses high volumes of pending cases and bottlenecks by automating eligibility determinations and communications, significantly reducing manual tasks, labor costs, and processing time. As a result, Maximus fully processed a large backlog of disputes, improved resolution times to a median of two business days, and increased daily workload capacity to over 700 cases, with up to 45% resolved using automation.",https://maximus.com/case-studies/leveraging-ai-streamline-idr-cms,1750201286
UNH,Should SPDR Dow Jones Industrial Average ETF (DIA) Be on Your Investing Radar?,"The SPDR Dow Jones Industrial Average ETF (DIA) is a passively managed ETF designed for broad exposure to the Large Cap Value segment of the US equity market. With over $37.79 billion in assets and a low expense ratio of 0.16%, it's considered a cost-effective option. The ETF holds a Zacks ETF Rank of 1 (Strong Buy) and has shown a year-to-date performance of -0.06% and a one-year gain of 10.54% as of June 18, 2025.",https://finance.yahoo.com/news/spdr-dow-jones-industrial-average-102005938.html,1750204800
UNH,Should You Invest in the iShares U.S. Healthcare Providers ETF (IHF)?,"The iShares U.S. Healthcare Providers ETF (IHF) offers a passively managed, low-cost way to invest in the Healthcare Providers segment. With $656.05 million in assets and an expense ratio of 0.40%, it mirrors the Dow Jones U.S. Select HealthCare Providers Index. The fund's top holdings include UnitedHealth Group, Elevance Health, and Cigna, and it has a Zacks ETF Rank of 3 (Hold).",https://www.sharewise.com/us/news_articles/Should_You_Invest_in_the_iShares_US_Healthcare_Providers_ETF_IHF_Zacks_20250618_1220/amp,1750249207
UNH,Surgery Partners reaffirms public market strategy following Bain Capital proposal review,"Surgery Partners has rejected a take-private offer from its largest shareholder, Bain Capital, opting instead to maintain its public market strategy. A special committee concluded that the company is best positioned for value delivery as a publicly listed entity, despite Bain's proposal to acquire remaining shares at $25.75 each. Surgery Partners reaffirmed its full-year revenue guidance and plans an investor day to detail its long-term outlook, highlighting continued private equity interest in healthcare services.",https://pe-insights.com/surgery-partners-reaffirms-public-market-strategy-following-bain-capital-proposal-review/,1750374712
UNH,Major insurer hit by giant cyberattack,"Aflac confirmed a cyberattack detected on June 12, carried out by an ""advanced cybercrime group"" that may have exposed sensitive customer data, including Social Security numbers and health records. The incident has led to increased scrutiny on digital security for insurers and is pressuring companies to invest more in cybersecurity measures, as brokers begin to prioritize operational resilience alongside financial strength. Aflac's shares dropped 1.3% in premarket trading following the announcement.",https://www.insurancebusinessmag.com/us/news/breaking-news/major-insurer-hit-by-giant-cyberattack-539945.aspx,1750377600
UNH,Insurer Aflac Investigating Possible Data Breach,"Aflac is investigating a data breach on its U.S. network, identified on June 12 and attributed to the sophisticated cybercrime group Scattered Spider. The attack potentially exposed personal information, such as social security numbers and health-related details, of its more than 50 million policyholders. Aflac has engaged third-party cybersecurity experts to assist with the investigation, which is in its early stages.",https://www.insurancejournal.com/news/national/2025/06/20/828640.htm,1750377600
UNH,The Dividend Stocks Outpacing the Market in 2025,"Dividend strategies have outperformed the broader stock market in 2025, driven by a shift from technology to more defensive, high-yielding sectors like utilities and financial services. The Morningstar Dividend Leaders Index, a concentrated index of high-yielding stocks, has seen significant gains due to strong performances from a few key holdings such as Philip Morris, IBM, and CVS Health. This contrasts with 2024, when dividend indexes generally lagged the market.",https://www.morningstar.com/markets/dividend-stocks-that-have-outpaced-market-2025,1750459008
UNH,Dozens of insurers vow to ease off prior authorizations,"Dozens of insurance companies, including UnitedHealth and Aetna, have committed to easing prior authorization requirements. This move comes as healthcare providers and patients have increasingly criticized the burdensome process. The change is aimed at streamlining healthcare access and reducing administrative hurdles.",http://www.modernhealthcare.com/insurance/mh-prior-authorizations-unitedhealthcare-aetna-elevance-cigna/,1750651200
UNH,Major insurers pledge to improve preauthorization,"Major insurers and industry groups have agreed to address issues with prior authorization, a process often criticized for delaying or denying medical treatments. This voluntary agreement, announced by HHS officials, aims to increase transparency, reduce the number of services requiring prior authorization, and standardize electronic submissions. Despite the pledge, HHS acknowledges that additional regulatory action may be necessary if the industry's self-correction proves insufficient, echoing past unfulfilled commitments.",https://rollcall.com/2025/06/23/major-insurers-pledge-to-improve-preauthorization/,1750698600
UNH,UnitedHealth appoints new CEO to run health services division,"UnitedHealth Group has appointed Patrick Conway as the new CEO of its health services segment, Optum Health. This leadership change follows an internal memo and comes after the company recently named Stephen Hemsley as the new company-wide CEO amidst an earnings miss and a criminal probe into billing practices. Conway's experience in value-based care was cited as a key factor in his appointment.",https://www.reuters.com/legal/transactional/unitedhealth-appoints-new-ceo-run-health-services-division-2025-06-26/,1750930740
UNH,"Best Buy Sells Current Health, Pivoting Away From Hospital at Home","Best Buy has sold digital home health company Current Health back to its co-founder, less than four years after acquiring it. This move signifies a shift in the Hospital at Home strategy, suggesting a need for more integrated and personal care delivery. Health systems may now re-evaluate their approaches to home-based care, potentially moving away from ""Big Box"" retail support towards more direct, hospital-supported models.",https://www.healthleadersmedia.com/innovation/best-buy-sells-current-health-pivoting-away-hospital-home,1750975712
UNH,"Avant, Ainnova Bring AI Diabetes Tech to Mexico","Avant Technologies, with its Vision AI platform, and Ainnova Tech are collaborating to expand AI-powered diabetes detection and treatment into Mexico, building on their existing programs in Costa Rica. Avant plans to acquire Ainnova Tech to streamline operations and further develop its AI system for early detection of diabetic retinopathy and other conditions. This initiative seeks to provide accessible, low-cost screenings in underserved areas and integrate AI with pharmaceutical and clinical services to improve patient outcomes across Latin America.",https://mexicobusiness.news/health/news/avant-ainnova-bring-ai-diabetes-tech-mexico,1751303400
UNH,"Novo Nordisk, Weight Watchers expand collaboration","WeightWatchers and Novo Nordisk have expanded their collaboration to enhance access to FDA-approved Wegovy® through WeightWatchers Clinic. This partnership aims to simplify prescription processes, offer bundled pricing, and provide a limited-time savings offer on Wegovy®, making it more affordable for eligible cash-pay members. Both organizations will also explore research initiatives to demonstrate the value of combining Wegovy® with WeightWatchers' holistic support model for improved long-term outcomes in weight management.",https://www.pharmalive.com/novo-nordisk-weight-watchers-expand-collaboration/,1751407336
UNH,Centene stock sinks as insurer withdraws 2025 guidance,"Centene's stock plummeted by nearly 40% after the insurer withdrew its 2025 guidance, citing an actuarial report that predicted lower-than-expected growth in Affordable Care Act marketplaces. The projected risk adjustment transfer for 2025 is estimated to be $1.8 billion lower, impacting earnings per share by $2.75. Other insurance companies like Elevance Health, UnitedHealth Group, and Molina Healthcare also saw their stocks decline following Centene's announcement.",https://www.fiercehealthcare.com/payers/centene-stock-sinks-insurer-withdraws-2025-guidance,1751488749
UNH,Why Ambulatory Surgery Centers Are on the Rise,"Ambulatory Surgery Centers (ASCs) are experiencing significant growth, driven by an aging population, cost-efficiency compared to hospitals, and technological advancements enabling more procedures. These centers offer a more affordable and convenient option for outpatient surgeries, with revenue projected to increase from $45 billion to $57 billion by 2030. ASCs also attract investment from hospitals, health systems, and private equity due to their specialized focus and ability to streamline patient care.",https://www.claconnect.com/en/resources/articles/25/ambulatory-surgery-centers,1751492585
UNH,"Centene stock crashes 40% as enrollments drop and costs surge, 2025 outlook pulled","Centene (CNC) stock plummeted 40% after the healthcare company withdrew its 2025 earnings forecast, citing slower enrollment growth and higher-than-anticipated patient illness rates. This led to a projected $2.75 per share reduction in earnings and a $1.8 billion cut in revenue expectations, sending shares to their lowest point since 2017. Analysts reacted with downgrades, and Centene announced plans to reprice its 2026 marketplace plans to address these unexpected costs and trends in the ACA and Medicaid markets.",https://m.economictimes.com/news/international/us/centene-stock-crashes-40-as-enrollments-drop-and-costs-surge-2025-outlook-pulled/articleshow/122210035.cms,1751493360
UNH,Should You Buy Oscar Health Stock At $17?,"Following a significant industry downturn caused by Centene's revised financial outlook, Oscar Health stock dropped 19% but is still up 23% year-to-date and trades around $17, 30% below its 52-week peak. Despite industry-wide challenges of rising medical costs and thin profit margins, Oscar Health's strong revenue growth and technological framework suggest it could be a solid investment at its current valuation. However, investors should consider the inherent volatility and risk associated with single-stock investments in the health insurance sector.",https://www.forbes.com/sites/greatspeculations/2025/07/03/oscar-health-should-you-buy-oscr-stock-at-17/,1751533200
UNH,"PLTY ETF Soars on Palantir Volatility, 90% Yield Sparks Buy Signal","The ARTICLE discusses the PLTY ETF, which leverages Palantir's (PLTR) high implied volatility and earnings event risk to generate substantial income, with an annualized yield approaching 90-100%. PLTY uses synthetic covered calls on PLTR, selling short-dated call options to collect premiums, and is positioned as an ideal investment for those bullish on Palantir's long-term prospects but cautious about its valuation. The ETF thrives in sideways or modestly upward trending markets, offering a hedged play and significant yield during anticipated Palantir volatility.",https://www.tradingnews.com/news/plty-etf-90-percent-yield-from-palantir-volatility-makes-this-top-buy,1751862214
UNH,July 2025 Regulatory & Legislative Update,"This July 2025 Regulatory & Legislative Update details significant legislative and judicial developments impacting benefits, tax, and healthcare. Key changes include permanent HSA/telehealth compatibility, increased dependent care assistance amounts, and amendments to paid sick leave laws in Nebraska, Pittsburgh, and New York City. The update also covers Supreme Court decisions on preventive services and reproductive health privacy, and changes to marketplace integrity and affordability rules.",https://www.cbiz.com/insights/article/july-2025-regulatory-legislative-update,1751920648
UNH,"Dialysis Industry Is Now the Most Concentrated in Healthcare, Study Finds, With Prices Far Higher in Monopoly Areas","A new study published in JAMA Health Forum reveals that the dialysis industry has become the most concentrated sector in healthcare, with significant implications for pricing. The two largest chains, DaVita Inc. and Fresenius Medical Care, now own nearly 80% of U.S. facilities. This consolidation has led to higher prices for commercial insurers and increased medical director compensation in monopoly areas, without evidence of improved quality of care.",https://www.managedhealthcareexecutive.com/view/dialysis-industry-is-now-the-most-concentrated-in-healthcare-study-finds-with-prices-far-higher-in-monopoly-areas,1752007729
UNH,2 Undervalued Stocks That Just Raised Dividends,"This article identifies two undervalued stocks, Sun Communities (SUI) and UnitedHealth Group (UNH), that recently increased their dividends. Morningstar analysts consider these companies 4-star rated and offer potential for both increased dividend yields and capital appreciation. The article details the screening methodology used to find such stocks, focusing on dividend increases of 2% or more and Morningstar's fair value estimates.",https://www.morningstar.com/stocks/2-undervalued-stocks-that-just-raised-dividends-5,1752011151
UNH,Moderna gets full US approval for COVID shot in at-risk children 6 months and older,"The U.S. Food and Drug Administration has granted full approval for Moderna's COVID-19 vaccine, Spikevax, for children aged 6 months through 11 years who are at an increased risk of the disease. This move faces controversy as Health Secretary Robert F. Kennedy Jr. has previously questioned vaccine safety and replaced members of the CDC's Advisory Committee on Immunization Practices with vaccine skeptics. Despite this, the CDC continues to recommend updated COVID vaccines for everyone aged six months and older, with shots remaining an option for healthy children when parents and doctors agree.",https://www.reuters.com/business/healthcare-pharmaceuticals/moderna-gets-full-us-approval-covid-vaccine-children-6-months-older-2025-07-10/,1752121620
UNH,"DoorDash, Westinghouse Air Brake Technologies And A Health Care Stock On CNBC's 'Final Trades'","CNBC's ""Halftime Report Final Trades"" highlighted Westinghouse Air Brake Technologies, UnitedHealth Group, and DoorDash. Analysts Jim Lebenthal and Ken Hoexter favored Westinghouse Air Brake, while Stephen Weiss picked UnitedHealth Group despite legal pressures. Joseph M. Terranova singled out DoorDash for its strong pricing power ahead of Q2 earnings.",https://www.benzinga.com/trading-ideas/long-ideas/25/07/46341225/doordash-westinghouse-air-brake-technologies-and-a-health-care-stock-on-cnbcs-final-trades,1752136440
UNH,XLV vs. XLK: Time to Rotate Into Healthcare?,"This article examines whether it's time for investors to rotate from high-performing technology stocks (XLK) into the underperforming, yet defensive, healthcare sector (XLV). It highlights the significant divergence in performance, with tech surging while healthcare lagged, and discusses factors like stretched valuations in tech and the defensive nature of healthcare, especially given an aging population and consistent demand for services. Despite political rhetoric, the article suggests that healthcare offers compelling long-term exposure and a potential tactical opportunity for rebalancing portfolios.",https://www.etf.com/sections/advisor-center/xlv-vs-xlk-time-rotate-healthcare,1752145127
UNH,Evolving healthcare in Southern and Southeast Asia,"This article examines the significant transformations in healthcare across Southern and Southeast Asia, driven by rapid demographic shifts, technological advancements, and changing socioeconomic conditions. It highlights the challenges posed by an aging population and the rise of non-communicable diseases, alongside disparities in healthcare accessibility and funding shortfalls. The author discusses key trends like increased government financing, the embrace of digital health solutions, a growing focus on wellness and preventative care, and specialized attention to elderly care as these nations strive for more accessible and patient-centered healthcare systems.",https://www.openaccessgovernment.org/evolving-healthcare-in-southern-and-southeast-asia/192850/,1752180577
UNH,THW Stock: 13%-Yielding Health-Care Fund Pays Monthly,"The abrdn World Healthcare Fund (NYSE:THW) offers investors exposure to global health-care companies with a high dividend yield of over 13%, paid monthly. This closed-end fund invests across pharmaceuticals, biotech, medical devices, and health-care services, holding major names like Johnson & Johnson and UnitedHealth Group Inc. While attractive for income, potential investors should be aware of risks including dividend continuity, leverage, sector-specific risks, and Net Asset Value erosion.",https://www.incomeinvestors.com/thw-stock-13-percent-yielding-health-care-fund-pays-monthly/77380/,1752477000
UNH,A New York Times investigation reveals UnitedHealth Group’s attempts to escape scrutiny,"A New York Times investigation uncovered a widespread campaign by UnitedHealth Group to suppress criticism through legal threats. The company, which is Minnesota's largest employer, allegedly targeted filmmakers, news outlets, and doctors who published negative information. UnitedHealth defended its actions by stating it has an obligation to correct false claims.",https://minnesotareformer.com/briefs/a-new-york-times-investigation-reveals-unitedhealth-groups-attempts-to-escape-scrutiny/,1752501780
UNH,"Employers can help keep caregivers in the workforce, experts say","Experts from Bank of America, the Milken Institute, and Hanover Insurance discussed strategies for employers to retain caregivers, including expanded leave, flexible work options, and employee resource groups. They highlighted the significant financial and human costs associated with caregiving-related absenteeism and turnover, emphasizing the need for more inclusive workplace policies. Companies like Bank of America and Hanover Insurance have already implemented benefits such as free consultations, legal services, and expanded definitions of family care to support employees juggling work and caregiving responsibilities.",https://www.hr-brew.com/stories/2025/07/14/employers-can-help-keep-caregivers-in-the-workforce-experts-say,1752616027
UNH,"UnitedHealth Has 2,694 Subsidiaries and Affiliates. Is It Too Big to Manage?","UnitedHealth Group has expanded significantly, accumulating 2,694 subsidiaries and affiliates, leading to questions about whether it has become too large to manage effectively. Critics argue that this vast growth, driven by a ""profit-mining enterprise"" and a merger spree, creates ""weaponized complexity"" for regulators and raises concerns about governance and patient care quality. Despite a recent stock sell-off, some investors still believe in its value-based care strategy, while regulators are scrutinizing potential Medicare fraud issues.",https://prospect.org/2025/07/16/2025-07-16-unitedhealth-has-2694-subsidiaries-and-affiliates/,1752624000
UNH,VanEck Pharmaceutical ETF (PPHus) Stock Price Quote Today & Current Price Chart,"This article provides current trading data for the VanEck Pharmaceutical ETF (PPHus), including its real-time stock price of 108.65, daily high/low, and detailed CFD trading conditions such as spreads, overnight funding adjustments, and margin requirements. It also lists key statistics like previous close and 1-year change, alongside related market news and customer reviews for the Capital.com platform.",https://capital.com/en-int/markets/shares/vaneck-pharmaceutical-etf-share-price-2,1752641594
UNH,Healthcare ETF XLV Rebounds to $138 as S&P 500 Opens Higher,"The Health Care Select Sector SPDR Fund (XLV) is currently undervalued, trading at a 16x-17x forward P/E despite projected 2025 earnings growth of 14.3%. With an ultra-low expense ratio, high dividend yield, and concentration in innovative pharmaceutical giants, XLV presents a compelling long-term investment opportunity. Despite political risks like potential Medicare/Medicaid cuts and drug price mandates, AI integration and expansion into biotech and life sciences offer significant future upside, reinforcing a ""Buy"" rating for investors seeking defensive growth.",https://www.tradingnews.com/news/xlv-etf-jumps-to-138-usd,1752642582
UNH,Marsh & McLennan Companies (MMC) Slid on Concerns Over Softening Insurance Cycle,"Marsh & McLennan Companies (MMC) experienced a decline in its stock performance due to concerns over a softening insurance cycle. The L1 Capital International Fund's second-quarter 2025 investor letter noted that MMC detracted from the fund's returns, despite the company reporting a 9% increase in first-quarter revenue to $7.1 billion. While acknowledging MMC's potential, the fund suggests that certain AI stocks may offer greater upside and less downside risk.",https://finance.yahoo.com/news/marsh-mclennan-companies-mmc-slid-121855907.html,1752754114
UNH,"Elevance lowers profit outlook, warns things will get worse for health insurers","Elevance Health has become the fourth major health insurer to reduce or withdraw its profit forecast, signaling a worsening outlook for the sector. The company attributed this change to higher-than-expected healthcare utilization by its members, especially in its Affordable Care Act and Medicaid businesses. As a result, Elevance has lowered its full-year profit outlook by 13% and anticipates these increased costs will carry into 2026.",https://www.statnews.com/2025/07/17/elevance-fourth-us-health-insurer-to-lower-or-scrap-forecasts/,1752785398
UNH,"MediaAlpha, Inc. to Release Q2 2025 Financial Results on August 6, 2025","MediaAlpha, Inc. (NYSE: MAX) will release its second quarter 2025 financial results on Wednesday, August 6, 2025, after market close, followed by a conference call at 2:00 p.m. Pacific Time. The company, a leading programmatic customer acquisition platform in the insurance industry, also highlighted its strong market position with nearly 119 million consumer referrals in 2024 and $1.5 billion in programmatic advertising spend. Investors and analysts can access the webcast or dial in for the Q&A session.",https://www.quiverquant.com/news/MediaAlpha%2C+Inc.+to+Release+Q2+2025+Financial+Results+on+August+6%2C+2025,1752844200
UNH,"UNHG ETF Analysis: Dividends, Returns NASDAQ:UNHG","This article provides a detailed analysis of the Leverage Shares 2X Long UNH Daily ETF (UNHG), highlighting its objective to provide 200% leveraged exposure to UnitedHealth Group Inc. (UNH) stock. It outlines key financial metrics such as AUM, dividend yield, and expense ratio, and emphasizes that UNHG is a high-risk, short-term tactical tool due to its leveraged nature and daily rebalancing. The fund's potential for significant losses even if the underlying asset strengthens is also discussed.",https://www.tradingview.com/symbols/NASDAQ-UNHG/analysis/,1753087961
UNH,UnitedHealth Group: Undervaluation Of A Healthcare Titan,"UnitedHealth Group's stock has seen a sharp decline due to recent challenges, including an earnings miss and CEO departure, presenting a potential undervaluation opportunity. Despite these setbacks, the company maintains strong long-term growth prospects, industry-leading margins, and strategic advantages through its Optum segment and dominant Medicare Advantage position. Analysts foresee a return to double-digit EPS growth, making the current depressed stock price attractive for long-term investors seeking undervalued blue-chip exposure.",https://seekingalpha.com/article/4802827-unitedhealth-groupundervaluation-of-a-healthcare-titan,1753134543
UNH,"Humana pledges to accelerate reductions in time, number of prior authorizations","Humana announced a plan to significantly reduce prior authorization requirements and expedite the approval process by January 2026. The insurer aims to eliminate approximately one-third of prior authorizations for outpatient services, implement a national gold card program for high-performing physicians, and commit to a one-business-day turnaround for 95% of requests. This initiative builds on industry efforts to streamline prior authorizations and seeks to improve the healthcare experience for patients, providers, and caregivers.",https://www.medicaleconomics.com/view/humana-pledges-to-accelerate-reductions-in-time-number-of-prior-authorizations,1753218454
UNH,UnitedHealth Group (UNH) Traded Down Following Softer Results and Reduced Guidance,"UnitedHealth Group (UNH) shares traded down after reporting softer first-quarter earnings and subsequently reducing its guidance. Aristotle Atlantic Partners noted that the issues stemmed from higher utilization in Medicare Advantage and a negative new member mix, leading to increased medical care ratios and higher acuity levels. Despite these challenges, the company believes these issues are rectifiable in the next rate cycle.",https://finance.yahoo.com/news/unitedhealth-group-unh-traded-down-120838057.html,1753220943
UNH,Leverage Shares 2X Long UNH Daily ETF,"This article provides a detailed profile of the UNHG Leverage Shares 2X Long UNH Daily ETF, including its current price, vital statistics, holdings, performance metrics, and technical analysis. It covers key financial data such as expense ratio, inception date, AUM, historical trading data, and comparisons with alternative ETFs in its category and segment. The article also includes news pertinent to ETFs and financial markets.",https://etfdb.com/etf/UNHG/,1753264339
UNH,3 Dividend Stocks Offering Yields From 3% To 4.9%,"The United States market is experiencing an upswing, with a 1.7% increase over the past week and an 18% rise over the past year. In this environment, selecting dividend stocks with attractive yields and growth potential can be a strategic choice. This article highlights three such dividend stocks: Brookline Bancorp (BRKL) with a 4.9% yield, United Bankshares (UBSI) with a 4% yield, and UnitedHealth Group (UNH) with a 3% yield, all demonstrating stable dividend payments and robust financial performance.",https://simplywall.st/stocks/us/healthcare/nyse-unh/unitedhealth-group/news/3-dividend-stocks-offering-yields-from-3-to-49,1753389569
UNH,유나이티드헬스 주식에 크게 베팅하고 싶다면? 새로운 레버리지 ETF 출시,"Leverage Shares가 7월 22일 거래소에 Leverage Shares 2X Long UNH Daily ETF (NASDAQ: UNHG)를 상장하며 유나이티드헬스 그룹(NYSE: UNH)의 주식에 대한 200% 일일 노출을 제공한다. 이 ETF는 단 0.75%의 비용 비율로, 유나이티드헬스의 헬스케어 및 보험 산업 내 강력한 위상과 고령화 인구, 의료비 증가에 따른 성장 잠재력을 활용하려는 투자자들을 위한 단기 전략 도구이다. 또한, Themes China Generative AI ETF (BATS: DRGN)와 같은 다른 테마 ETF도 함께 출시되어, 고정밀 거래 수단에 대한 시장의 증가하는 수요를 보여준다.",https://kr.benzinga.com/news/usa/stocks/%EC%9C%A0%EB%82%98%EC%9D%B4%ED%8B%B0%EB%93%9C%ED%97%AC%EC%8A%A4-%EC%A3%BC%EC%8B%9D%EC%97%90-%ED%81%AC%EA%B2%8C-%EB%B2%A0%ED%8C%85%ED%95%98%EA%B3%A0-%EC%8B%B6%EB%8B%A4%EB%A9%B4-%EC%83%88%EB%A1%9C/,1753393738
UNH,Centene raises Wall Street optimism that Medicaid insurers can improve profits,"Centene's announcement that it expects to raise rates charged to states for 2026 Medicaid health plans and strengthen profit margins has boosted investor confidence in Medicaid insurers. Despite reporting a second-quarter loss, Centene's shares rose, along with rival companies UnitedHealth, CVS Health, and Humana. This optimism stems from efforts to align state payments with increased medical costs and improve cost management, addressing previous concerns about lagging reimbursements and the disruptions caused by Medicaid redeterminations and new work requirements.",https://www.reuters.com/legal/litigation/centene-raises-wall-street-optimism-that-medicaid-insurers-can-improve-profits-2025-07-25/,1753430100
UNH,"ARKG: April's Wash-Out Low Is Encouraging, Healthcare Still Soft (BATS:ARKG)","The article provides a ""soft buy"" rating for the ARK Genomic Revolution ETF (ARKG), citing its significant rebound from April lows and improving valuation despite ongoing weakness in the broader healthcare sector. It highlights ARKG's concentrated, high risk/reward portfolio focused on genomics but notes the absence of a dividend. The author emphasizes that future performance will depend on the healthcare sector's strength, macroeconomic factors, and sustained investor risk appetite for high-beta assets.",https://seekingalpha.com/article/4804450-arkg-aprils-wash-out-low-is-encouraging-health-care-still-soft,1753436580
UNH,UNHG Stock Fund Price and Chart — BOATS:UNHG,"The UNHG Leverage Shares 2X Long UNH Daily ETF (BOATS:UNHG) is designed for short-term bullish bets on UnitedHealth Group Inc. stock, seeking 200% daily leveraged exposure through swap agreements. The fund rebalances daily and is considered high-risk, as it does not maintain a defensive position and can lead to significant losses if UNH's value declines. With an inception date of July 22, 2025, and current assets under management of $150.95 million, it charges an expense ratio of 0.75% and pays dividends with a 15.82% yield.",https://www.tradingview.com/symbols/BOATS-UNHG/,1753519919
UNH,UnitedHealth Grew to Be a Leviathan. Then Came the Backlash.,"UnitedHealth Group, which grew into a healthcare giant, has faced significant setbacks including a major cyberattack, federal investigations, a leadership change, and disappointing profits. Former CEO Stephen Hemsley has returned to lead the company, aiming to regain investor confidence and navigate public skepticism regarding its role in the healthcare system. The company's future strategy involves leveraging its size for steady profits, but it faces challenges in repairing its tarnished image and financial prospects amidst regulatory resistance to further acquisitions.",https://www.nytimes.com/2025/07/28/health/unitedhealth-backlash.html,1753660800
UNH,"Elevance Health’s AI Strategy: Analysis of Dominance in Insurance, Healthcare AI","This report analyzes Elevance Health's comprehensive AI strategy, which it posits will lead to market dominance in health insurance. The strategy is built on four pillars: a proprietary data ecosystem, integrated technology platforms (Sydney Health and HealthOS), a robust Responsible AI framework, and embedding AI into core operations for tangible value. The report details how this integrated approach creates a compounding competitive advantage for Elevance Health.",https://www.klover.ai/elevance-health-ai-strategy-analysis-of-dominance-in-insurance-healthcare-ai/,1753661294
UNH,UnitedHealth acknowledges federal probe into Medicare Advantage practices,"UnitedHealth Group has officially acknowledged a federal probe by the U.S. Department of Justice into alleged criminal healthcare fraud concerning its Medicare Advantage practices. The company stated it is confident in its business practices and is cooperating with the DOJ, while also launching its own third-party reviews. This probe comes amidst other legal challenges for UHG, including lawsuits regarding AI use in claim denials, an antitrust suit over a planned merger, and a shareholder suit alleging misleading financial guidance.",https://www.healthcarefinancenews.com/news/unitedhealth-acknowledges-federal-probe-medicare-advantage-practices,1753714500
UNH,CVS Health’s AI Strategy: Analysis of Dominance in Healthcare AI,"This article analyzes CVS Health's comprehensive AI strategy, emphasizing its unique position to dominate the healthcare AI landscape through a vertically integrated ecosystem. The strategy is built on four pillars: a robust data ecosystem, a heavily funded strategic blueprint, enterprise-wide AI execution, and a strong competitive moat. CVS Health's approach leverages its vast data assets, strategic acquisitions, and partnerships to drive personalized, connected, preventative, and accessible healthcare solutions.",https://www.klover.ai/cvs-health-ai-strategy-analysis-of-dominance-in-healthcare-ai/,1753726049
UNH,UnitedHealth Group falls short of expectations,"UnitedHealth Group cut its 2025 earnings forecast after first-quarter results showed a surge in medical costs for its Medicare Advantage business, leading to a significant stock sell-off. The insurer missed Wall Street expectations for adjusted earnings and revenue, primarily due to higher-than-projected care utilization among Medicare Advantage enrollees. Despite the challenges, UnitedHealth still reported a $6.3 billion profit for the quarter.",https://www.insurancebusinessmag.com/us/news/life-insurance/unitedhealth-group-falls-short-of-expectations-544232.aspx,1753747200
UNH,UnitedHealth CEO says some parts of business need ‘fundamental reorientation’,"UnitedHealth Group's CEO Stephen Hemsley announced lower profit expectations for 2025 due to higher medical costs and increased regulatory scrutiny. The company plans to reorient parts of its business, including Medicare Advantage and Optum Health, which will impact older adults, employers, and provider choices. These changes are expected to boost the bottom line by 2026 but may lead to significant shifts in the health care economy.",https://www.statnews.com/2025/07/29/unitedhealth-insurance-profit-stephen-hemsley-health-care/,1753747200
UNH,"UnitedHealth Group plans ""remediation actions"" as insurance costs balloon","UnitedHealth Group's stock continues to decline after the insurer warned that escalating medical costs will impact its earnings. The company reported a significant increase in its medical care ratio, leading to a revised lower earnings outlook for 2025. In response, UnitedHealth plans ""remediation actions"" including stricter audits, narrower networks, and increased use of AI to control costs.",https://www.axios.com/2025/07/29/unitedhealth-group-earnings-unh,1753747200
UNH,UnitedHealth Group Q2 2025 Financial Results and Outlook,"UnitedHealth Group (UNH) has released its Q2 2025 financial results, reporting revenues of $111.6 billion and adjusted net earnings of $4.08 per share. The company re-established its full-year 2025 guidance, projecting revenues between $445.5 billion and $448.0 billion and adjusted earnings of at least $16.00 per share, anticipating a return to earnings growth in 2026 despite challenges in some segments. Both UnitedHealthcare and Optum faced specific challenges, but the company remains focused on strategic initiatives, including a dividend increase and shareholder returns, while emphasizing operational strengthening for future growth.",https://br.tradingview.com/news/tradingview%3A987b628d0bee8%3A0-unitedhealth-group-q2-2025-financial-results-and-outlook/?utm_source=chatgpt.com,1753754303
UNH,UnitedHealth says 2025 earnings will be worse than expected as high medical costs dog insurers,"UnitedHealth Group issued a lower-than-expected 2025 earnings outlook due to persistent high medical costs, particularly in Medicare Advantage plans. The company anticipates 2025 adjusted earnings of at least $16 per share, significantly below Wall Street's $20.91 per share expectation, and its stock fell over 7% post-announcement. This guidance comes amid increased scrutiny, including a Department of Justice investigation and previous operational missteps contributing to a 44% year-to-date stock decline.",https://www.cnbc.com/2025/07/29/unitedhealth-group-unh-earnings-report-q2-2025.html,1753769640
UNH,"UnitedHealth signals prolonged pain with new, far lower profit forecast, shares fall","UnitedHealth Group issued a significantly lower full-year profit forecast, projecting at least $16 per share, well below analyst estimates. This revised outlook, revealed after suspending its prior forecast, is attributed to billions in unexpected higher medical costs and poor planning, causing the company's shares to fall nearly 5%. The company expects to return to profit growth in 2026 but faces challenges including underperformance from its Optum pharmacy benefit manager unit.",https://www.reuters.com/business/healthcare-pharmaceuticals/unitedhealth-signals-prolonged-pain-with-new-far-lower-profit-forecast-shares-2025-07-29/,1753804080
UNH,"CVS shares pop on earnings beat and outlook, as retail pharmacy and insurance units improve","CVS Health reported strong second-quarter earnings and revenue, exceeding analyst expectations, and subsequently raised its adjusted profit outlook for 2025. The company's performance was bolstered by a robust retail pharmacy segment and improvements in its Aetna insurance unit, despite ongoing challenges with higher medical costs in the insurance industry. CVS CEO David Joyner highlighted the success of new technology in pharmacy operations and strategic investments, while the company also continues efforts to cut costs and optimize its store footprint.",https://www.cnbc.com/2025/07/31/cvs-health-cvs-earnings-report-q2-2025.html,1753943520
UNH,Cigna Profits Hit $1.5 Billion Despite Higher Costs,"Cigna Group reported a second-quarter profit of $1.5 billion, matching the previous year's performance, driven by strong growth in its Evernorth health services business. Despite this, the company faced rising ""stop loss medical costs"" in its employer health benefits segment, which led to a slight increase in its medical cost ratio. Cigna reaffirmed its 2025 financial outlook, projecting adjusted income from operations of at least $29.60 per share, showcasing confidence in its disciplined execution and business mix.",https://www.forbes.com/sites/brucejapsen/2025/07/31/cigna-profits-hit-15-billion-despite-higher-costs/,1753944300
UNH,UnitedHealth replaces CFO Rex in another management shake-up,"UnitedHealth Group announced it is replacing its CFO, John Rex, with Wayne DeVeydt, former finance chief of rival Elevance. This change is part of ongoing management adjustments as the company grapples with rising medical costs, federal investigations, and the aftermath of a cyberattack. DeVeydt will join after UnitedHealth recently reinstated Stephen Hemsley as CEO and provided a revised full-year profit forecast.",https://www.reuters.com/business/healthcare-pharmaceuticals/unitedhealth-replaces-cfo-rex-another-management-shake-up-2025-07-31/,1753957140
UNH,CVS raises profit forecast as cost controls drive earnings beat,"CVS Health raised its full-year profit forecast after beating Wall Street's quarterly earnings estimates, driven by strong cost controls in its Aetna health insurance business. The company's shares jumped over 5% as it reported improved performance across its pharmacy chain and pharmacy benefit management segments, contrasting with rivals facing higher medical costs. CVS also plans to close 250 pharmacies this year to cut costs and is adjusting its government-sponsored health insurance plans.",https://www.reuters.com/legal/litigation/cvs-raises-profit-forecast-cost-controls-drive-earnings-beat-2025-07-31/,1753974720
UNH,CVS Health Earnings: Turnaround Efforts and Individual Plan Benefits Boost 2025 Outlook,"CVS Health's second-quarter results showed an 8% revenue growth and a 39% increase in medical insurance adjusted operating profit, leading management to raise its 2025 adjusted EPS outlook. This positive performance, driven by individual plan benefits and turnaround efforts, sets CVS apart from its peers and has led Morningstar to increase its fair value estimate for CVS stock to $92 per share. Despite these gains, the company faces high uncertainty regarding future cash flows due to regulatory pressures in various healthcare sectors.",https://www.morningstar.com/stocks/cvs-health-earnings-turnaround-efforts-individual-plan-benefits-boost-2025-outlook,1753994813
UNH,"At US$22.49, Is It Time To Put Progyny, Inc. (NASDAQ:PGNY) On Your Watch List?","Progyny, Inc. (NASDAQ:PGNY) has experienced significant share price volatility, rising to US$24.27 and falling to US$20.52, currently trading at US$22.49. The company appears expensive based on its PE ratio of 36.72x, which is above the industry average of 20.27x, but its earnings are expected to double in the coming years. While growth prospects are optimistic, investors should be cautious as the stock seems to be trading at a premium compared to its peers.",https://simplywall.st/stocks/us/healthcare/nasdaq-pgny/progyny/news/at-us2249-is-it-time-to-put-progyny-inc-nasdaqpgny-on-your-w,1754114318
UNH,DaVita (DVA) To Report Earnings Tomorrow: Here Is What To Expect,"DaVita (DVA) is set to report its earnings tomorrow after market hours. Analysts expect the dialysis provider's revenue to grow by 5.3% year-on-year to $3.36 billion, with adjusted earnings projected at $2.75 per share. The company has a history of exceeding revenue estimates, and recent peer performance shows mixed results within the healthcare sector.",https://finance.yahoo.com/news/davita-dva-report-earnings-tomorrow-030502724.html,1754247983
UNH,Centene board member DeVeydt departs for CFO role at rival UnitedHealth Group,"A board member at Centene has left the company to take on a top leadership position as CFO at UnitedHealth Group, one of Centene's main competitors in the health insurance sector. The departure of DeVeydt marks a significant move between two major players in the healthcare industry.",https://www.bizjournals.com/stlouis/news/2025/08/04/centene-director-quits-united-healthcare.html,1754334137
UNH,"Heartflow prices IPO, aiming to net about $180M","Heartflow, a company specializing in software for 3D heart models, has priced its initial public offering (IPO) on Nasdaq, expecting to raise approximately $180 million after fees by offering 12.5 million shares at $15 to $17 each. The company plans to use the net proceeds for sales, marketing, and research and development. This news follows UnitedHealthcare's decision to cover Heartflow's plaque analysis software, aligning with recent EviCore guidelines.",https://www.medtechdive.com/news/heartflow-prices-ipo/756660/,1754334988
UNH,O'Reilly Automotive alleges price-fixing scheme in lawsuit against major drug companies,"O'Reilly Automotive Inc. has filed a lawsuit against several major pharmaceutical companies, including Eli Lilly, Novo Nordisk, and Sanofi, alleging a price-fixing scheme involving diabetes medications and pharmacy benefit managers. The lawsuit, filed in New Jersey, claims that this collusion artificially inflated drug prices, financially harming O'Reilly Automotive's self-funded insurance plan for its 45,000 beneficiaries. O'Reilly Automotive is seeking a jury trial, punitive damages, and reimbursement of legal costs.","https://sbj.net/stories/oreilly-automotive-alleges-price-fixing-scheme-in-lawsuit-against-major-drug-companies,100656",1754398320
UNH,Top US Hospitals Rely on Spok: 90% of America's Best Hospitals Trust This Tech Provider,"Spok, Inc., a leader in healthcare communications, announced that 18 out of 20 hospitals on the 2025-26 U.S. News & World Report Best Hospitals Honor Roll utilize its technology for care coordination. This highlights Spok's consistent role in supporting top-tier healthcare organizations over the past decade. The company's CEO emphasized their pride in contributing to clinical excellence and improving patient care.",https://www.stocktitan.net/news/SPOK/spok-powered-hospitals-achieve-recognition-on-u-s-news-world-report-sdb2y73poryt.html,1754420246
UNH,"[UPDATED] DOJ to Clear Way for Amedisys, UnitedHealth Group Transaction","The U.S. Department of Justice (DOJ) has likely cleared the acquisition of Amedisys by UnitedHealth Group (Optum) after reaching an agreement to resolve antitrust concerns. This resolution involves the divestiture of 164 home health and hospice locations and one palliative care facility across 19 states to BrightSpring Health Services affiliates and The Pennant Group affiliates. The agreement, which still requires judicial approval, also includes a $1.1 million civil penalty for Amedisys and antitrust compliance training.",https://hospicenews.com/2025/08/07/doj-to-clear-way-for-amedisys-unitedhealth-group-transaction/,1754524800
UNH,"US Senators Wyden, Warren launch probe into UnitedHealth's nursing home practices","U.S. Senators Ron Wyden and Elizabeth Warren have initiated an investigation into UnitedHealth Group over allegations that the company secretly paid nursing homes bonuses to reduce hospital transfers of sick residents. This probe follows a Guardian report detailing these cost-cutting tactics, raising concerns about their impact on residents' health. UnitedHealth denies wrongdoing, stating the U.S. Department of Justice previously found no evidence of it, and is also under investigation by the DoJ for its Medicare business.",https://www.reuters.com/legal/government/us-senators-wyden-warren-launch-probe-into-unitedhealths-nursing-home-practices-2025-08-07/,1754574000
UNH,GURU Stock Institutional Owners,"This page provides an overview of institutional ownership for the Global X Guru Index ETF (GURU), detailing changes in shares held and market value by institutional investors and derivatives owners. It also includes sections for GURU's insider trading activity, corporate lobbying, revenue breakdown, and analyst ratings, along with disclaimers about historical backtesting performance and data inaccuracies.",https://www.quiverquant.com/stock/GURU/institutions/,1754712690
UNH,Empowering employees to drive innovation at The Cigna Group,"The Cigna Group's annual iTournament celebrated its seventh year, challenging employees to innovate solutions for health care challenges, resulting in a record 220 proposals. This year's top prize went to Team Two for their plan to reimagine prior authorization, while Michael Hall's team won the People's Choice Award for a compassionate intake process for neurodiverse patients. The initiative empowers employees to develop practical, empathetic solutions aimed at improving patient outcomes.",https://newsroom.thecignagroup.com/itournament-empowering-employees-to-drive-innovation,1754870400
UNH,"DOJ: UHG, Amedisys Must Divest 164 Locations for Acquisition to Proceed","The Department of Justice has reached a proposed settlement with UnitedHealth Group and Amedisys regarding UnitedHealth's $3.3 billion acquisition of home health provider Amedisys. The settlement requires the divestiture of 164 home health and hospice locations across 19 states to BrightSpring Health Services or The Pennant Group, amounting to $528 million in annual revenue. While UnitedHealth and Amedisys expressed satisfaction, critics like the American Economic Liberties Project raise concerns about the proposed buyers' competitive and ethical standing, especially regarding patient welfare.",https://dealbreaker.com/2025/08/doj-uhg-amedisys-must-divest-164-locations-for-acquisition-to-proceed,1754919951
UNH,When a Healthcare Giant Gets Sick: Elevance Health's 20% YTD Decline,"Elevance Health (ELV) has experienced a significant 20.3% decline year-to-date in 2025 due to shrinking Medicaid and Medicare Supplement memberships, rising medical costs, and a lowered full-year outlook. Despite its current struggles and a ""Strong Sell"" rating from Zacks, the company retains long-term growth potential through product expansion, diversification, and strategic acquisitions, although investors are advised to remain on the sidelines until clearer signs of recovery emerge.",https://www.theglobeandmail.com/investing/markets/stocks/UNH-N/pressreleases/34053498/when-a-healthcare-giant-gets-sick-elevance-health-s-20-ytd-decline/,1754939246
UNH,"Medical Uniforms Market Size, Share | Growth Report [2032]","The global medical uniforms market was valued at USD 9.97 billion in 2024 and is projected to reach USD 20.49 billion by 2032, exhibiting a compound annual growth rate (CAGR) of 9.7% during the forecast period. This growth is primarily driven by rising hospital admissions, increasing surgical procedures, and the rapidly developing healthcare infrastructure, particularly in the Asia Pacific region which dominated the market in 2024. Key trends include a focus on fashionable and functional medical apparel, technological advancements, and the increasing adoption of e-commerce platforms for procurement.",https://www.fortunebusinessinsights.com/medical-uniforms-market-113594,1754942672
UNH,How health systems’ urgent care strategies are shifting,"The article discusses how health systems like Ardent Health, HonorHealth, and UPMC are adapting their urgent care strategies. It also touches upon related topics in healthcare technology, such as AI's role in prior authorization and legal issues faced by digital health companies.",http://www.modernhealthcare.com/providers/mh-ardent-health-honor-health-upmc-urgent-care/,1754974800
UNH,HeartFlow Completes $316.7 Million IPO as AI-Powered Cardiac Diagnostics Company Goes Public,"HeartFlow, an AI-powered cardiac diagnostics company, successfully completed its IPO, raising $316.7 million and trading on Nasdaq under HTFL. The company's technology uses AI to create 3D heart models from CCTA scans for early CAD detection, blood flow evaluation, and plaque analysis. This IPO follows significant developments including UnitedHealthcare extending coverage for their Plaque Analysis and a recent $98 million investment round.",https://hlth.com/insights/news/heartflow-completes-316-7-million-ipo-as-ai-powered-cardiac-diagnostics-company-goes-public-2025-08-13,1755109655
UNH,"Tom Gayner Top Portfolio Trims: Packaging, Industrials, and Healthcare","Tom Gayner of Markel Group Inc. made significant trims to his portfolio in Q2 2025, reducing exposure to companies like Graphic Packaging Holding Co, 3M Co, and O-I Glass Inc. These sales reflect a strategic shift away from cyclical, capital-intensive, or risk-laden businesses. Smaller adjustments were also made to high-quality healthcare holdings, IQVIA Holdings Inc and UnitedHealth Group Inc, likely for portfolio balancing or profit-taking.",https://acquirersmultiple.com/2025/08/tom-gayner-top-portfolio-trims-packaging-industrials-and-healthcare/,1755112402
UNH,"Warren Buffett's company reveals new investments in Nucor, UnitedHealth and two big homebuilders","Berkshire Hathaway has disclosed new investments in steelmaker Nucor, insurer UnitedHealth, and homebuilders Lennar and DR Horton. While Warren Buffett handles the company's largest investments, it is unclear if he personally directed all these new stakes, as some are valued under $1 billion. The UnitedHealth stake, valued at $1.57 billion, implies it could be Buffett's doing, while the other smaller investments might be from Berkshire's other investment managers.",https://apnews.com/article/warren-buffett-berkshire-hathaway-lennar-nucor-drhorton-8ded0e379e9e29dab9af66a88dc1e9a2,1755198329
UNH,Fund Update: BERKSHIRE HATHAWAY INC opened a $1.6B position in UNH stock,"BERKSHIRE HATHAWAY INC has opened a new $1.6 billion position in UNH stock, as revealed in a recent SEC 13F filing for the Q2 2025 reporting period. The article also details other significant institutional investor activity, insider trading, government contracts, congressional stock trading, and analyst ratings for UNH. This comprehensive update provides various perspectives on the stock's recent market movements.",https://www.quiverquant.com/news/Fund+Update%3A+BERKSHIRE+HATHAWAY+INC+opened+a+%241.6B+position+in+UNH+stock,1755202260
UNH,Buffett's Berkshire acquires 5 million shares in UnitedHealth,"Warren Buffett's Berkshire Hathaway has acquired 5 million shares in UnitedHealth Group, causing the health insurer's stock to rise 7% in extended trading. This investment marks Buffett's return to UnitedHealth after selling his previous stake in 2010. The move comes as UnitedHealth faces significant challenges, including soaring medical costs, federal investigations, a cyberattack, and a lowered profit forecast.",https://www.reuters.com/business/healthcare-pharmaceuticals/buffetts-berkshire-acquires-5-million-shares-unitedhealth-2025-08-14/,1755203100
UNH,"Warren Buffett's company reveals new investments in Nucor, UnitedHealth and two big homebuilders","Berkshire Hathaway disclosed new investments in steelmaker Nucor, insurer UnitedHealth, and homebuilders Lennar and DR Horton. While most new stakes are under $1 billion, the UnitedHealth investment at $1.57 billion could be a direct move by Warren Buffett. These filings offer a quarterly glimpse into Berkshire's $258 billion portfolio, with investors closely watching Buffett's investment decisions.",https://finance.yahoo.com/news/warren-buffetts-company-reveals-investments-210040642.html,1755205240
UNH,Buffett’s $1.6B UnitedHealth Buy Triggers 28% ETF Surge,"Warren Buffett's Berkshire Hathaway disclosed a new $1.6 billion stake in UnitedHealth Group Inc., causing the stock and healthcare ETFs to surge. UnitedHealth shares jumped 14% on the news, with the leveraged fund Leverage Shares 2x Long UNH Daily ETF experiencing a 28% spike. This rally comes after a brutal year for UnitedHealth, which saw its stock plunge due to various negative events and a federal investigation.",https://www.etf.com/sections/features/buffetts-16b-unitedhealth-buy-triggers-28-etf-surge,1755216000
UNH,UNH stock: UnitedHealth Group shares climb as Buffett's Berkshire Hathaway discloses stake in the insurer,"UnitedHealth Group shares surged after Warren Buffett's Berkshire Hathaway disclosed a $1.57 billion stake in the insurer, purchasing approximately 5 million shares last quarter. This investment signals confidence in UnitedHealth, despite ongoing federal investigations into its Medicare business and recent stock volatility following a CEO shooting and downgraded forecasts. Investors often track Berkshire's filings for insights into Buffett's investment strategies.",https://6abc.com/post/unh-stock-unitedhealth-group-shares-climb-buffetts-berkshire-hathaway-discloses-stake-insurer/17546054/,1755216000
UNH,UNH stock: Why are UnitedHealth Group shares surging over 11% today? It's because of this big reveal,"UnitedHealth Group (UNH) shares surged nearly 11.8% in premarket trading after Berkshire Hathaway, led by Warren Buffett, revealed a significant acquisition of over 5 million UNH shares worth about $1.6 billion in June. This ""Warren Buffett effect"" is likely driving investor interest, despite UNH currently facing federal criminal and civil investigations regarding its Medicare business and a host of other challenges leading to a significant year-to-date decline in its stock price. Investors are hoping to ride this Buffett-inspired boost, anticipating a turnaround, though the underlying issues for UNH remain.",https://www.fastcompany.com/91386728/why-is-unh-united-health-stock-price-surging-today-because-of-this-big-reveal,1755216000
UNH,Is UnitedHealth Group a Buy After Warren Buffett Enters the Picture?,"Warren Buffett's Berkshire Hathaway has taken a $1.6 billion stake in UnitedHealth Group, causing its shares to jump despite a 46% year-to-date plummet due to federal probes and surging medical costs. The company is trading near a decade-low valuation at 12 times earnings, making it an attractive prospect for value investors like Buffett, while Wall Street analysts remain largely bullish. This investment suggests a belief in a mean reversion story, as the healthcare giant's fundamental advantages are expected to overcome temporary challenges.",https://www.fool.com/investing/2025/08/15/is-unitedhealth-group-a-buy-after-warren-buffett-e/,1755238500
UNH,3 Dividend Stocks Offering Yields Up To 5.1%,"This article highlights three dividend stocks – Cullen/Frost Bankers (CFR), Interpublic Group of Companies (IPG), and Valero Energy (VLO) – that offer attractive yields while navigating a fluctuating market. It details their financial overviews, dividend ratings, payout ratios, and recent company activities. The article emphasizes the importance of dividend stocks for income and stability amidst changing economic conditions and Federal Reserve policies.",https://simplywall.st/stocks/us/energy/nyse-vlo/valero-energy/news/3-dividend-stocks-offering-yields-up-to-51-1,1755283636
UNH,"S&P 500 Futures Rise in Premarket Trading; Applied Materials, Sandisk Lag","S&P 500 futures showed a premarket rise, with UnitedHealth Group Inc. (UNH) and Nu Holdings Ltd. Cl A (NU) leading the gains. However, Applied Materials and Sandisk lagged in early trading, indicating mixed sentiment ahead of the market open.",https://www.barrons.com/articles/s-p-500-futures-rise-in-premarket-trading-applied-materials-sandisk-lag-bfbee868?gaa_at=eafs&gaa_n=AWEtsqdQbqNPzviNlc6IuL1xunA-qu5e0iWFoKi3vHD5NwVbWvr_ctJmeD8R&gaa_ts=6998c213&gaa_sig=XtxOLmyLb6ndt1iusHxBdfzo6MxTW8wdPsy767tf6dYiHtTp5MZwQt3djI8mQdxGQQl8uy-5AjhkjeEnQzFtzw%3D%3D,1755288335
UNH,Why Aflac dropped GLP-1 coverage and expanded its wellness offerings,"Aflac stopped covering GLP-1 medications for weight loss for its US employees due to escalating costs, estimating millions of dollars spent annually on these drugs. Concurrently, the insurance company expanded its wellness offerings by providing all 6,000 US employees with free gym memberships through Wellhub. While some employees still seek GLP-1 coverage, Aflac is monitoring future research on the drugs' impact on other health conditions and spending.",https://www.hr-brew.com/stories/2025/08/18/aflac-drops-glp-1-coverage-expands-wellness,1755475200
UNH,Invest Like Warren Buffett With These ETFs,"This article analyzes Warren Buffett's recent investment moves through Berkshire Hathaway's quarterly Form 13-F filings to identify investment strategies and related ETFs. It highlights his new position in UnitedHealth Group, increased focus on homebuilders like Nucor and D.R. Horton, and continued reliance on consumer staples, while noting recent reductions in Apple and Bank of America holdings. The piece suggests ETFs that align with these investment patterns for investors looking to mirror Buffett's approach.",https://www.theglobeandmail.com/investing/markets/stocks/LAMR/pressreleases/34219567/invest-like-warren-buffett-with-these-etfs/,1755500160
UNH,Warren Buffett Just Invested $3.9 Billion in 12 Stocks. Here's the Best of the Bunch.,"Warren Buffett's Berkshire Hathaway was a net seller of stocks in Q2 2025, but still invested $3.9 billion across 12 stocks, including three new positions. This article analyzes these purchases, highlighting Heico as the biggest winner so far in 2025 and UnitedHealth Group as the ""best of the bunch"" due to its attractive valuation, resilient business, and significant investment amount by Buffett. The author suggests UnitedHealth Group is poised for significant gains and is a textbook ""Buffett stock.""",https://finviz.com/news/143814/warren-buffett-just-invested-39-billion-in-12-stocks-heres-the-best-of-the-bunch,1755578820
UNH,Should You Invest in the VHT ETF in 2025?,"The article examines the Vanguard Health Care ETF (VHT) as a potential investment in 2025, highlighting its role as a defensive play with growth potential due to demographic trends and medical innovation. It discusses the VHT's broad diversification across the healthcare sector, its comparison to other ETFs, and the inherent risks like regulatory changes and valuation concerns. The piece concludes that VHT is a strong candidate for diversified portfolios seeking stability and exposure to cutting-edge medical advancements.",https://www.ebc.com/forex/should-you-invest-in-the-vht-etf-in-2025,1755665477
