ticker,title,summary,link,published
V,Opinion: Half of investment-grade bonds are only one step away from junk status,"This article discusses the precarious position of investment-grade bonds, noting that a significant portion is on the brink of becoming ""junk"" status. This situation arose as companies took advantage of cheap credit. The S&P 500 Index experienced a substantial decline in December, indicating potential market instability.",https://www.marketwatch.com/story/half-of-investment-grade-bonds-are-only-one-step-away-from-junk-status-2019-01-07?gaa_at=eafs&gaa_n=AWEtsqfkNY2wcfDkwoJFno3neXGOg2rGbdF_xgSKNbCcocTMy_FlGbBoVkE-&gaa_ts=6907f1dd&gaa_sig=Q3ZMiAu-W1Kb0tG6eWW3t8uEHTgdwqsPyy5flGVUNA6yWguhXQl7Juz1FmLItNGtKiQ7jRMgMxjcfBLO6nkoyQ%3D%3D,1546968600
V,A.J. Gallagher’s 'clean coal' business draws ire of green investors,"Two prominent green investors, Green Century Funds and Calvert Funds, are re-evaluating their holdings in Arthur J. Gallagher & Co. following a Reuters investigation into the insurer's lucrative ""clean coal"" business. The investigation revealed that Gallagher's involvement in refined coal, despite government subsidies, has raised concerns about increased smog and elevated carcinogens in drinking water. This situation highlights the challenges in defining and vetting environmental credentials within the rapidly growing green investment sector.",https://www.reuters.com/article/business/aj-gallaghers-clean-coal-business-draws-ire-of-green-investors-idUSKCN1PC1AJ/,1547817660
V,Cramer Remix: 'It's too soon' to buy even this top-notch industrial stock,"Jim Cramer advises against buying Emerson Electric despite its quality, citing macroeconomic concerns like trade talks with China and oil prices. He also expressed frustration with hedge funds' influence on market swings based solely on oil prices and called for federal regulators to investigate rapid sell-offs like the one on Christmas Eve. Additionally, Cramer discussed backlash from his suggestion for Apple to acquire Epic Systems and gave his preferred fintech stocks: Mastercard, PayPal, and Visa.",https://www.cnbc.com/2019/01/23/cramer-remix-its-too-soon-to-buy-this-top-notch-industrial-stock.html,1548270000
V,A New Marriott Card Lineup Lets AmEx Launch a Contactless Expansion,"American Express is expanding its contactless card portfolio by leveraging its cobranded relationship with Marriott International. The new line of AmEx-Marriott ""Bonvoy"" cards will all feature contactless payment capabilities, building on AmEx's existing contactless offerings for Hilton and its Gold card portfolio. This move comes as other major issuers like JPMorgan Chase are also increasing their contactless card issuance in the U.S.",https://www.digitaltransactions.net/a-new-marriott-card-lineup-lets-amex-launch-a-contactless-expansion/,1548719491
V,"Kroger Plans to Widen It Ban on Visa Cards, Citing ‘Excessive’ Fees","Kroger (KR) plans to expand its ban on Visa (V) credit cards to its Smith's Food and Drug division, citing ""excessive"" fees, particularly from premium cards. This move follows a similar ban implemented at its Foods Co. Supermarkets unit in California in July. Starting April 3, Smith's stores will no longer accept Visa credit cards, though Visa debit cards will still be permitted.",https://www.bloomberg.com/news/articles/2019-03-01/kroger-plans-to-widen-ban-on-visa-cards-citing-excessive-fees,1551447000
V,What Are Visa's Key Value Drivers?,"This article examines the primary value drivers for Visa (NYSE: V) stock, including its strong performance in recent quarters and key revenue streams. It details the contributions of data processing revenue, services revenue, and international transaction revenue to the company's valuation. The analysis also touches on the potential impact of market expansion into China and global digital payment trends.",https://www.forbes.com/sites/greatspeculations/2019/03/13/what-are-visas-key-value-drivers/,1552466100
V,The Story Behind the Real (And Fake) Names on Credit Cards,"This article delves into the origins of placeholder names seen on credit card marketing materials, revealing whether they belong to real people or fictional identities. It uncovers the stories behind names like CF Frost on American Express cards, D. Barrett on Chase cards, and Chris L Martin on Bank of America promotions. The piece explains why banks use these names to engage potential customers and reflects on the broader practice of displaying a name on a credit card.",https://thepointsguy.com/news/story-behind-names-on-credit-cards/,1552780292
V,Apple Card vs. American Express Platinum: A High-End Credit Card Face-Off,"This article compares the new Apple Card with the American Express Platinum, highlighting their features, fees, interest rates, and perks. While Apple aims to disrupt the credit card industry with its fee-free model and integrated ecosystem, American Express Platinum offers a suite of luxury benefits. The comparison aims to help consumers understand where Apple Card fits into the high-end credit card market.",https://fortune.com/2019/04/02/apple-card-american-express-platinum/,1554249090
V,"Earnings preview: American Express (AXP) to cash in on cardmember spending, partnerships in Q1","American Express (AXP) is expected to report diluted earnings of $1.98 per share on revenues of $10.45 billion for Q1 2019, driven by increased cardmember spending and strategic partnerships. The company has consistently topped earnings expectations, and analysts have a mixed ""hold"" and ""buy"" rating on the stock with an average price target of around $118.",https://news.alphastreet.com/american-express-axp-q1-2019-earnings-preview/,1555458690
V,"A New Life For Visa API Portal, Visa Next","Visa has re-branded its API portal as ""Visa Next,"" adding new APIs and re-packaging services for issuing banks and partners to compete with Fintech payment platforms. Visa Next offers APIs for creating digital card accounts, instant activation, and tokenization for e-commerce and mobile wallets. Banks utilizing these APIs will need to address regulatory issues such as recipient screening, consent tracking, and KYC for various use cases like payments to 1099 workers.",https://www.paymentsjournal.com/a-new-life-for-visa-api-portal-visa-next/,1555896964
V,fy19q2pressreleasefinal.htm,"Visa Inc. reported robust fiscal second quarter 2019 results with net income up 14% to $3.0 billion and diluted earnings per share up 17% to $1.31. Net revenues increased by 8% to $5.5 billion, driven by growth in payments volume, cross-border volume, and processed transactions. The company reaffirmed its full-year 2019 financial outlook while updating guidance for client incentives and effective tax rate.",https://www.sec.gov/Archives/edgar/data/1403161/000140316119000014/fy19q2pressreleasefinal.htm,1556069764
V,Visa partners with PalmPay to drive financial inclusion across Africa,"Visa has partnered with PalmPay, a new Fintech player in Africa, to enhance financial inclusion across the continent through digital payment services. This collaboration will see PalmPay launch an app with a mobile wallet in Nigeria, Ghana, and Tanzania, offering various financial products and enabling both individual and merchant payments. The initiative aims to address the cash-centric nature of the region and provide access to digital payments for the unbanked.",https://www.graphic.com.gh/business/business-news/visa-partners-with-palmpay-to-drive-financial-inclusion-across-africa.html,1556172720
V,American Express Enters The Reservation Game With Resy Acquisition,"American Express has acquired Resy, a reservation booking and management platform, to strengthen its presence in the highly competitive online reservation systems market. This move aims to make American Express more central to its customers' daily lives and retain card members by offering enhanced access to dining experiences. Resy, valued at $53 million USD and having previously acquired competitor Reserve, will continue to be led by its co-founders.",https://www.forbes.com/sites/lesliewu/2019/05/15/american-express-enters-the-reservation-game-with-resy-acquisition/,1557956940
V,SWOT Analysis of American Express - AMEX SWOT Analysis,"This article provides a comprehensive SWOT analysis of American Express, detailing its strengths such as strong brand recognition and high market capital, and weaknesses like a declining traveler's cheque business and lack of debit cards. It also identifies opportunities for market expansion and increased product offerings, alongside threats from strong competitors and volatile economic conditions. The analysis highlights AMEX's position as a prestigious financial service provider and outlines potential areas for growth and concern.",https://www.marketing91.com/swot-analysis-american-express/,1558050691
V,Macro retoma su campaña para promover el uso de la tarjeta de débito entre sus clientes,"Banco Macro has relaunched its financial education campaign to encourage the use of debit cards by offering various prizes. For every 100 pesos spent with a Visa debit card, customers gets a chance to win a motorcycle or two 43-inch Smart TVs each month. The first drawing is scheduled for June 10, covering purchases made in May, with subsequent monthly drawings until December.",https://insalta.info/enfoque/macro-retoma-su-campana-para-promover-el-uso-de-la-tarjeta-de-debito-entre-sus-clientes,1559050553
V,VGT ETF Down On Tech Stock Woes,"The Vanguard Information Technology ETF (VGT) experienced a downturn due to woes in the technology stock market, particularly with the Nasdaq being rattled. The article highlights Apple's decline due to regulatory concerns and mentions the broader risk associated with the concentration of VGT's portfolio in a few major tech companies. Analysts from D.A. Davidson noted increasing regulatory disruption potential for tech titans like Amazon, Apple, Facebook, and Google globally.",https://www.etftrends.com/innovative-etfs-channel/vgt-etf-down-on-tech-stock-woes/,1559525775
V,"IEEFA report: GE made a massive bet on the future of natural gas and thermal coal, and lost","A new IEEFA report reveals that General Electric (GE) and its major shareholders, including BlackRock, lost billions due to misjudging the global energy transition away from fossil fuels. GE lost investors an astounding US$193 billion in three years, representing 74% of its market capitalization, by failing to recognize the declining costs of renewables and increased energy efficiency. The report criticizes shareholders like BlackRock for not pushing back against GE's misguided strategy and urges divestment from fossil fuels into zero-emission industries.",https://ieefa.org/articles/ieefa-report-ge-made-massive-bet-future-natural-gas-and-thermal-coal-and-lost,1559780809
V,Visa to acquire Rambus’ payments and ticketing business,"Visa announced its acquisition of Rambus’ payments and ticketing businesses to extend enhanced security benefits of tokenization beyond Visa cards to other transaction types, including domestic card networks and real-time payment systems. This move aims to facilitate safer, more secure payments across all forms of global commerce by combining Visa's network tokenization capabilities with Rambus' local and account tokenization technology. The acquisition will also bolster Visa's transit and mobility solutions offerings with Rambus' digital ticketing expertise.",https://www.nfcw.com/2019/06/25/363334/visa-to-acquire-rambus-payments-and-ticketing-business/,1561425351
V,"CaixaBank, Global Payments and Ingenico Group partner to create an international innovation programme supporting startups in the fintech and business sectors","CaixaBank, Global Payments, and Ingenico Group have partnered to create Zone2boost, an international innovation program supporting fintech and business startups. This initiative will identify, fund, and mentor innovative technology projects, aiming to promote the development of new products and services in the sector. The program, kicking off in Barcelona with a €5 million investment over three years, will provide startups with funding, co-working spaces, and advisory services.",https://www.caixabank.com/en/headlines/news/caixabank-global-payments-and-ingenico-group-partner-to-create-an-international-innovation-programme-supporting-startups-in-the-fintech-and-business-sectors-juan-antonio-alcaraz,1561633200
V,PayPal Launches Instant Transfer in Canada Using Visa Direct,"PayPal Holdings Inc. has introduced Instant Transfer capabilities for individuals and small businesses in Canada, leveraging Visa Direct for real-time push-payments. This service allows users to move money from a PayPal account to a bank account via a Visa debit card for a 1% fee, up to $10. The expansion aims to provide quicker access to funds for Canadian users, following a similar launch in the U.S. earlier in the year.",https://www.digitaltransactions.net/paypal-launches-instant-transfer-in-canada-using-visa-direct/,1562029877
V,Techron Advantage Cards from Chevron/Synchrony Get a Boost,"Chevron and Synchrony Financial have boosted their Techron Advantage Cards program. Customers can now earn up to 47¢ per gallon in Fuel Credits through various offers, including increased savings for premium fuel, new account bonuses, and Visa card purchases outside of fuel merchants, with the limited-time offer valid through December 31, 2019.",https://fuelsmarketnews.com/techron-advantage-cards-from-chevron-synchrony-get-a-boost/,1562030789
V,Sustainable Funds in the U.S. Saw Record Flows in the First Half of 2019,"U.S. sustainable funds achieved record-breaking net flows of an estimated $8.9 billion in the first half of 2019, surpassing the total for all of 2018. This trend is driven by an increase in available funds, more passive investment options, and major financial players entering the sustainable investing space. The strong inflows are expected to continue as investor interest grows and more funds establish solid track records.",https://www.morningstar.com/sustainable-investing/sustainable-funds-us-saw-record-flows-first-half-2019,1562820248
V,Profile: Dennis Howard runs fast-growing Schwab tech hub in Austin,"Dennis Howard, CIO of Charles Schwab, leads the company's rapidly expanding tech hub in Austin. He oversees the technology operations for a company with approximately 20,000 employees and $3.5 trillion in client assets, having been influenced by his father's early advice about the future of computers. Before his role at Schwab, Howard was involved in IT at Visa and public policy in Washington D.C.",https://www.bizjournals.com/austin/news/2019/07/12/profile-dennis-howard-runs-fast-growing-charles.html,1562894196
V,"As auto talks open, a wide divide separates Detroit carmakers, UAW","Negotiations between Ford Motor Co. and the United Auto Workers (UAW) have begun with a significant divide, as the UAW seeks job security and a share of record profits, while Ford aims to cut costs amid an industry shift towards autonomous and electric vehicles. UAW President Gary Jones emphasized that laborers deserve their due and warned against a ""race to the bottom"" despite corporate profits, while Ford leadership highlighted the need to remain competitive and address tough issues like health care costs and temporary employees. The article details the complex challenges facing both sides, including future technology investments, regulatory uncertainties, and the potential for strikes.",https://www.detroitnews.com/story/business/autos/ford/2019/07/15/ford-uaw-contract-negotiations-handshake/1704815001/,1563149819
V,"Best Visa credit card in India: Types, features and benefits","This article provides a comprehensive guide to Visa credit cards in India, outlining different card types such as Classic, Gold, Platinum, Signature, and Infinite, along with their respective features and benefits. It also explains how to obtain a Visa credit card, how the Visa network operates, and essential tips for secure usage. Additionally, the article lists several Indian banks offering Visa credit cards and highlights options with no annual fee.",https://www.moneycontrol.com/news/business/personal-finance/best-visa-credit-card-in-india-types-features-benefits-pf3-4135571.html,1563360420
V,Travelers Companies Now Sends Insurance Claim Payments Via PayPal,"Travelers Companies, Inc. announced that its insurance customers can now receive claim payments via PayPal, allowing for faster reimbursement for auto, property, and general liability claims. This move aims to accelerate the recovery process for claimants, with plans to extend PayPal access to workers' compensation claimants in 2020. This initiative highlights a broader trend in the insurance industry towards adopting emerging technologies for more efficient and quicker disbursements, moving away from traditional slow-moving payment methods.",https://www.pymnts.com/digital-payments/2019/travelers-insurance-claim-payments-paypal/,1564536700
V,Inside the turnarounds at Western Union and MoneyGram,"This article examines the turnaround efforts at Western Union and MoneyGram, two major players in the cash payout space. It highlights Western Union's cost-cutting measures and strategic shifts towards digital and account-to-account payouts, while MoneyGram shows growth in digital transactions despite challenges in certain corridors. The article also provides a comparison of revenue per employee among major financial services companies, positioning Western Union towards the bottom and Visa as a leader.",https://www.fxcintel.com/research/analysis/inside-the-turnarounds-at-western-union-and-moneygram,1565228490
V,"Here are 2019’s biggest stock market winners and losers in the Dow, S&P 500 and Nasdaq","This article reviews the biggest stock market winners and losers across the Dow, S&P 500, and Nasdaq for 2019 up to August 29th. It highlights top performers like Chipotle, AMD, Apple, and Visa, and notes disappointing results for Macy’s and Kraft Heinz. Despite ongoing media narratives, the U.S. stock market has shown strong returns year-to-date, with the Dow, S&P 500, and Nasdaq Composite Index all posting significant gains.",https://www.marketwatch.com/story/here-are-2019s-biggest-stock-market-winners-and-losers-in-the-dow-sp-500-and-nasdaq-2019-08-29?gaa_at=eafs&gaa_n=AWEtsqemqiQI1N-Hwm7k2pUoRn4Kvu2nxzGYxOm_deyRxr-IRrSDH_8E5QYg&gaa_ts=6907f66d&gaa_sig=fLdMEfZKzh9kSDmoj2uzbu9HLHPiB4FMP0_1vxhDloHwggwwoHqydE1u5xryBhUPfG514cAUOpD6r3kCZXYHxw%3D%3D,1567148880
V,IFA 2019: Presenting SoftPOS – A Solution that Turns Smartphones and Tablets into a Contactless Payment Terminal,"First Data (now Fiserv), Visa, and Samsung Electronics are showcasing their new SoftPOS solution at IFA 2019, which transforms smartphones and tablets into contactless payment terminals without additional equipment. This technology enables contactless transactions of any amount using embedded NFC functionality on mobile devices, accepting payments from cards, other NFC-enabled phones, or wearables. A pilot program for SoftPOS will launch in Poland by the end of 2019, with plans for expansion to EMEA and APAC regions.",https://news.samsung.com/global/ifa-2019-presenting-softpos-a-solution-that-turns-smartphones-and-tablets-into-a-contactless-payment-terminal,1567733764
V,Equinix Taps Uber Vet for CTO Slot,"Equinix has appointed Justin Dustzadeh, formerly Uber's head of global network and software platform, as its new Chief Technology Officer. Dustzadeh will be responsible for developing the company's technology roadmap, leading innovation, and contributing to its leadership in the cloud ecosystem. His extensive background includes roles at Visa, Huawei, Ericsson, and AT&T.",https://www.lightreading.com/cloud/equinix-taps-uber-vet-for-cto-slot,1569197790
V,Wells Fargo appoints Charles Scharf as new CEO,"Wells Fargo has appointed Charles Scharf as its new CEO, making him the third chief executive in as many years, as the bank attempts to move past a series of scandals. Scharf will take over from C. Allen Parker on October 21st, after the bank has faced issues including millions of fake checking accounts and a $1 billion fine from federal regulators. Wall Street reacted positively to the news, with Wells Fargo shares rising almost 3%.",https://www.abc10.com/article/news/nation-world/wells-fargo-appoints-charles-scharf-as-new-ceo/507-a3bf1237-3eb8-431f-9b30-7649bc93178c,1569567900
V,Wells Fargo Names Charles W. Scharf Chief Executive Officer and President,"Wells Fargo & Company announced the appointment of Charles W. Scharf as its new chief executive officer and president, effective October 21, 2019. Scharf, formerly CEO of Bank of New York Mellon and Visa Inc., will also join the Board of Directors. C. Allen Parker, the interim CEO, will support the transition and continue as general counsel.",https://newsroom.wf.com/news-releases/news-details/2019/Wells-Fargo-Names-Charles-W.-Scharf-Chief-Executive-Officer-and-President/default.aspx,1569574800
V,Scandal-Plagued Wells Fargo Taps BNY Mellon’s Charles Scharf as New CEO,"Wells Fargo has named Charles Scharf, CEO of Bank of New York Mellon Corp., as its new chief executive officer, effective October 21. Scharf is tasked with turning around the bank after a series of scandals and improving its relationship with Washington regulators. He faces challenges including ongoing investigations, a growth restriction from the Federal Reserve, and declining revenue and loan balances.",https://fortune.com/2019/09/27/wells-fargo-new-ceo-charles-scharf/,1569628576
V,Humana names Jennifer Bazante chief marketing officer - Bizwomen,"Humana Inc. has appointed Jennifer Bazante to the newly created role of chief marketing officer, where she will be responsible for strategies related to member acquisition, engagement, brand equity, and direct-to-consumer and business-to-business marketing. Bazante has been with Humana since 2014 and previously held the position of senior vice president of brand and acquisition marketing. This appointment follows another recent leadership change at Humana, with Karen Katz elected to the board of directors, indicating a focus on retail and customer experience.",https://www.bizjournals.com/wichita/bizwomen/news/latest-news/2019/10/humana-names-new-top-executive.html,1570001640
V,7 Things You Don’t Know About Wells Fargo’s New CEO,"This article introduces Charlie Scharf as the new CEO of Wells Fargo, highlighting his background working with Wall Street legends like Jamie Dimon and Sandy Weill, his previous leadership roles at Visa and BNY Mellon, and his family-first management philosophy that led him to resign from Visa. It delves into his management style, his belief in constant evolution, and his perspective on key issues facing the banking industry, such as digital transformation and branch networks. The article suggests that Scharf's experience and approach position him uniquely to lead Wells Fargo through its recovery from recent scandals.",https://thefinancialbrand.com/news/bank-culture/wells-fargo-ceo-scharf-visa-dimon-89076,1570412215
V,"Intuit QuickBooks and Visa Enable Real-Time Access to Funds Anytime, Anywhere for Small Businesses","Intuit QuickBooks and Visa have partnered to introduce Instant Deposit, a new feature for QuickBooks Payments users that enables real-time access to funds. This initiative aims to address a major challenge for small businesses: cash flow, by allowing them to deposit payments directly to their eligible debit cards via Visa Direct 24/7. The service, which carries a 1% additional fee, is rolling out to U.S. customers and is expected to be generally available by the end of 2019.",https://investors.intuit.com/news-events/press-releases/detail/257/intuit-quickbooks-and-visa-enable-real-time-access-to-funds-anytime-anywhere-for-small-businesses,1570609800
V,Huntington Bancshares to cut 150 to 200 jobs in cost-cutting move,"Huntington Bancshares announced it will cut 150 to 200 jobs across its Midwest operations in response to a rapidly changing interest rate environment impacting revenue. The bank stated it needs to reduce expenses and adjust staffing levels, despite understanding the decision's weight on its employees. Separately, the company announced Zachary Wasserman will replace Mac McCullough as the new CFO, effective November 4th.",https://www.dispatch.com/story/business/2019/10/17/huntington-bancshares-to-cut-150/2502418007/,1571272294
V,Huntington Bank taps veteran Visa executive as new CFO,Huntington Bank has hired a veteran Visa executive as its new Chief Financial Officer. This appointment comes as the company is strategically strengthening its financial position in anticipation of a potential economic downturn. The article also provides related content about Huntington Bank's financial standing and growth strategies.,https://www.bizjournals.com/columbus/news/2019/10/17/huntington-bank-taps-veteran-visa-executive-as-new.html,1571272294
V,Huntington Announces Appointment of New Chief Financial Officer,"Huntington Bancshares, Inc. announced the appointment of Zachary J. Wasserman as its new senior executive vice president and chief financial officer, effective November 4, 2019. Wasserman, with previous experience at Visa, Inc. and American Express, will be responsible for finance, strategic planning, mergers and acquisitions, investor relations, treasury, tax, and accounting. He will succeed Howell D. ""Mac"" McCullough, who is retiring at the end of 2019.",https://www.prnewswire.com/news-releases/huntington-announces-appointment-of-new-chief-financial-officer-300940846.html,1571328300
V,"Huntington Bancshares hires new CFO, will lay off up to 200 workers","Huntington Bancshares announced it will cut 150 to 200 jobs due to volatile interest rates impacting revenue, while simultaneously appointing Zachary Wasserman as its new CFO, effective November 4. Current CFO Mac McCullough will stay on until December 31 for a smooth transition. The bank clarified there is no correlation between the new CFO hiring and the layoffs.",https://www.cfodive.com/news/huntington-bancshares-hires-new-cfo-lays-off-200-workers/565472/,1571617894
V,"Visa, Mastercard and Amex Develop Remedy for Abandoned Online Purchases","Visa, Mastercard, American Express, and Discover Financial Services have collaborated to create a one-click checkout option to combat online cart abandonment. This new ""click to pay"" button aims to simplify mobile purchases by eliminating the need to re-enter credit card details, competing with established services like PayPal and Apple Pay. Early adopters include Saks Fifth Avenue, Staples, and Papa John’s, with the card companies phasing out their previous individual checkout solutions.",https://www.businessoffashion.com/news/technology/visa-mastercard-and-amex-say-they-just-made-mobile-shopping-a-lot-easier/,1571708164
V,"Visa, Mastercard Say They Just Made Mobile Shopping a Lot Easier","Visa, Mastercard, American Express, and Discover have partnered to launch a one-click checkout option for online mobile shopping, aiming to simplify the purchasing process and reduce ""online cart abandonment."" This new service competes with existing offerings from PayPal and Apple Pay by allowing consumers to save their payment details and bypass the need to manually enter credit card information for each transaction. The initiative seeks to address the frustration associated with inputting credit card details on small screens, which currently costs retailers billions in lost sales.",https://www.bloomberg.com/news/articles/2019-10-22/visa-mastercard-amex-debut-competitor-to-paypal-apple-pay,1571731200
V,Cashless no more: Kroger Visa credit card ban ended following year-long fight over fees,"Kroger has ended its more than year-long ban on Visa credit cards, now accepting them at all of its stores nationwide. The supermarket giant had previously stopped accepting Visa at some subsidiaries due to ""excessive fees,"" but has since reversed its decision. While the specific terms of the resolution are unknown, analysts view this as a win for Visa and the broader card industry, avoiding potential consumer-unfriendly surcharges or lost sales for merchants.",https://www.cbsnews.com/news/kroger-visa-credit-card-ban-ended-following-fight-over-fees/,1572456300
V,American Express Relaunched the Green Card—And It's Greener Than the Original,"American Express has relaunched its Green Card, now named Green from Amex, featuring a design primarily manufactured from plastic recovered from oceans and coasts in partnership with Parley for the Oceans. This initiative is part of Amex's broader commitment to eliminate single-use plastics and includes a card recycling program and options for customers to redeem reward points for eco-friendly products. Other financial institutions like Mastercard and Visa are also taking steps to reduce their environmental impact, reflecting a growing consumer demand for environmentally conscious companies.",https://triplepundit.com/2019/american-express-relaunched-green-card-and-its-greener-original/,1572565891
V,Shaking the Latin American Equilibrium: The Petrobras & Odebrecht Corruption Scandals,"This article details the massive Petrobras and Odebrecht corruption scandals, which began as a small money laundering investigation in Brazil and uncovered widespread bribery and fraud across Latin America. It examines the profound impact of these scandals, including major settlements with U.S. authorities and the resulting push for political and corporate reform in the region. The author discusses how these events are challenging deeply entrenched institutional corruption, possibly leading to more transparent and competitive markets.",https://news.law.fordham.edu/jcfl/2019/11/04/shaking-the-latin-american-equilibrium-the-petrobras-odebrecht-corruption-scandals/,1572829576
V,"Visa moving global HQ, up to 1,500 employees to Giants' Mission Rock","Visa announced its decision to move its global headquarters and up to 1,500 employees to the Giants' Mission Rock development in San Francisco. The company will occupy a 300,000-square-foot, 13-story office building, while maintaining its offices in Foster City. This move signifies a major corporate relocation to the new Mission Rock development.",https://www.bizjournals.com/sanfrancisco/news/2019/11/06/visa-moving-global-hq-1-500-employees-to-giants.html,1573057320
V,Phil Heasley Announces Retirement From ACI Worldwide,"Phil Heasley, president of ACI Worldwide, a leading global payments player, announced his retirement after 15 years at the helm. His retirement comes as ACI Worldwide reports strong performance, with 3Q19 revenue growing 45% and anticipated full-year 2019 revenue between $1.315 billion and $1.345 billion. Heasley, who spent four decades in the payments industry, previously held executive positions at Paypower, First USA Bank, U.S. Bancorp, and Citicorp.",https://www.paymentsjournal.com/phil-heasley-announces-retirement-from-aci-worldwide/,1573170098
V,Phil Heasley retires from ACI Worldwide,"Phil Heasley has announced his retirement from ACI Worldwide after 15 years as president, CEO, and board member. The announcement comes at a time when ACI is performing strongly, following its entry into the industry in 1975. Heasley had a significant impact on the payments industry, previously holding executive roles at Paypower, First USA Bank, US Bancorp, and Citicorp.",https://www.fintechfutures.com/fintech/phil-heasley-retires-from-aci-worldwide,1573602098
V,"Elavon to acquire Sage Pay, a gateway that competes with Stripe, PayPal and Adyen, for $300M","Elavon, a subsidiary of US Bancorp, announced its acquisition of Sage Pay for £232 million ($300 million). This deal aims to boost Elavon's presence in the European e-commerce market, particularly in the UK and Ireland, and reflects the ongoing consolidation trend in the fragmented payment processing industry. Sage Group, Sage Pay's owner, is divesting payment assets to focus on accounting and payroll software.",https://techcrunch.com/2019/11/18/elavon-to-acquire-sage-pay-a-gateway-that-competes-with-stripe-paypal-and-adyen-for-300m/,1574041560
V,American Express offers merchants up to $450K sign-on bonus to boost acceptance,"American Express is offering sign-on bonuses of $10,000 to $450,000 to encourage businesses to accept its payment cards, aiming to close the acceptance gap with Mastercard and Visa. This strategy is part of a multiyear effort to expand its merchant network and counter higher interchange fees, despite AmEx customers typically spending more. The company has focused on strategically targeting holdout merchants and salesforce incentives to achieve this growth.",https://www.bankingdive.com/news/american-express-offers-signing-bonuses-boost-merchant-acceptance/567620/,1574207489
V,"PAGS Stock Price, Quote & Chart | PAGSEGURO DIGITAL LTD-CL A (NYSE:PAGS)","This article provides a detailed overview of PagSeguro Digital Ltd. (NYSE: PAGS) stock, including its current price of $9.37, performance metrics, and key statistics. It also covers technical and fundamental analysis ratings from ChartMill, recent earnings reports, analyst forecasts, and company profile information. Investors can find data on market capitalization, P/E ratio, dividend yield, and future growth expectations for this financial technology company.",https://www.chartmill.com/stock/quote/PAGS/profile,1575013969
V,Visa and MoneyGram Partner on Debit Card Cross Border Transactions,"MoneyGram has partnered with Visa to enhance its debit card solution, allowing nearly instant cross-border fund transfers to select countries via Visa Direct. This expansion leverages Visa's real-time push payments platform for international P2P debit card deposit services, starting with the U.S. to Spain and the Philippines. The collaboration aims to capitalize on the growing demand for real-time P2P payments, especially through mobile transactions, and boost MoneyGram's digital business.",https://www.paymentsjournal.com/visa-and-moneygram-partner-on-debit-card-cross-border-transactions/,1575593515
V,"MoneyGram expands Visa Direct service to Spain, Philippines","MoneyGram International Inc. has expanded its debit card deposit service to Spain and the Philippines through Visa Direct, a real-time push payments platform. This expansion builds on their initial launch last year and marks MoneyGram as the first company to enable cross-border transfers from the U.S. using Visa Direct, with further expansion planned. The service allows customers to send funds to eligible Visa-branded debit cards via the MoneyGram app or website.",https://www.atmmarketplace.com/news/moneygram-expands-visa-direct-service-to-spain-philippines/,1575593515
V,"Vanguard Information Technology ETF: Expensive, But Should Be Okay To Continue To Own","The article analyzes the Vanguard Information Technology ETF (VGT), noting its portfolio of large-cap technology stocks with competitive positions. Despite its current premium valuation, the fund is deemed suitable for continued ownership due to the long-term growth outlook of its holdings and their ""moaty"" characteristics like recurring revenues and strong ecosystems.",https://www.etftrends.com/vanguard-information-technology-etf-expensive-but-should-be-okay-to-continue-to-own/,1577064975
V,Visa buys fintech startup Plaid for $5.3B,"Visa Inc. has announced a deal to acquire fintech startup Plaid Financial Inc. for $5.3 billion in an all-cash transaction. Plaid, founded in 2013, provides a financial application programming interface that connects various apps and services with traditional financial institutions. The acquisition is expected to expand Visa's addressable market and enhance payment capabilities for fintech developers, with Plaid continuing to operate as a separate business unit under Visa's ownership.",https://siliconangle.com/2020/01/13/visa-buys-fintech-startup-plaid-5-3b/,1578942480
V,Top 10 Tech Acquisitions of 2019 | YearEnder | Toolbox,"The article reviews the top 10 tech acquisitions of 2019, totaling $100 billion, by major tech and financial giants like Apple, Nvidia, Salesforce, FIS Global, Mastercard, and PayPal. These acquisitions aimed to diversify product offerings, introduce new features, and expand market presence in areas such as fintech, security, software, and hardware. The article also discusses key lessons businesses can learn from these acquisition trends, highlighting the drive for digital transformation and customer-centricity.",https://www.spiceworks.com/finance/fintech/articles/top-10-tech-acquisitions-of-2019/,1579213602
V,"Stock that rose 8,500% in Hong Kong resumes trading with HK$19b plunge","China Ding Yi Feng Holdings plunged 68% upon resuming trading after a 10-month halt, wiping out HK$19 billion in market value. The suspension followed a 8,500% rally and suspected market manipulation, leading Hong Kong regulators to commence proceedings against individuals linked to the company. The stock had previously been included in major indexes and attracted funds like BlackRock and Vanguard.",https://www.businesstimes.com.sg/companies-markets/capital-markets-currencies/stock-rose-8500-hong-kong-resumes-trading-hk19b-plunge,1579753080
V,"American Express catches up to Visa, Mastercard in acceptance, it reports","American Express announced it has achieved ""virtual parity"" in merchant acceptance with Visa and Mastercard by adding 1 million U.S. merchants last year. This achievement is attributed to programs like OptBlue, which enticed small businesses with lower costs, and sign-on bonuses. Despite lingering public perception of higher fees, the gap in interchange fees between AmEx and its competitors is narrowing.",https://www.bankingdive.com/news/american-express-catches-up-to-visa-mastercard-in-acceptance-it-reports/571057/,1579902423
V,"Swiping their way higher: Visa, Mastercard could be the next $1 trillion companies","Visa and Mastercard are rapidly increasing in market value, with stocks up roughly 50% in the past year, leading some to believe they could be the next $1 trillion companies by 2023. Their growth is driven by the global shift towards cashless financial transactions and online shopping, with both companies holding significant shares of the credit and debit card market. Despite potential risks from increased competition and regulation, both firms are actively seeking acquisitions to boost their financial technology integration.",https://www.reuters.com/article/business/swiping-their-way-higher-visa-mastercard-could-be-the-next-1-trillion-compani-idUSKBN1ZU0J9/,1580488680
V,Remitly Launches Passbook – Banking Designed for Immigrants,"Remitly has launched Passbook, a new banking solution specifically designed for immigrants in the U.S. Passbook offers an online, no-fee account that eliminates common barriers to financial services, such as the need for a social security number, and includes immigrant-friendly features like global usability and customizable Visa Debit Cards. The service aims to transform banking for the over 44 million first-generation adult immigrants in the U.S., building on Remitly's mission to support this community.",https://www.businesswire.com/news/home/20200203005224/en/Remitly-Launches-Passbook-Banking-Designed-for-Immigrants,1580771470
V,Payment Processing Solutions Market - A Multi-Billion Dollar Market Identifying Hidden Gems,"HTF Market Intelligence Consulting Pvt. Ltd. published a new research study on the Global Payment Processing Solutions Market. The report offers a detailed product outlook, elaborates on market reviews until 2025, and identifies key players such as Wirecard AG, Visa Inc., and PayPal Holdings, Inc. The study segments the market by type, application, and region, providing qualitative and quantitative data to help companies understand market dynamics and develop strategic recommendations.",https://www.openpr.com/news/1929479/payment-processing-solutions-market-a-multi-billion-dollar,1581513840
V,Despegar.com launches co-branded credit card in Brazil in partnership with Santander and Visa to complement its loyalty program,"Despegar.com's Brazilian subsidiary, Decolar, has partnered with Visa and Banco Santander (Brasil) S.A. to launch a co-branded credit card in Brazil. This new ""Passaporte Decolar"" card enhances Despegar's loyalty program, allowing customers to redeem accumulated points for travel products and services and offering online approval before the first travel purchase. This initiative aims to deepen customer engagement and expand brand awareness by rewarding customer loyalty.",https://www.banking-gateway.com/news/despegar-com-launches-co-branded-credit-card-in-brazil-in-partnership-with-santander-and-visa-to-complement-its-loyalty-program/,1581930589
V,Intuit near deal to buy Credit Karma for $7B,"Intuit, the maker of TurboTax and QuickBooks, is reportedly nearing a deal to acquire personal-finance portal Credit Karma for approximately $7 billion in cash and stock. This acquisition would be Intuit's largest ever and signifies a strategic move to expand its presence in consumer finance. The deal would allow both companies to refine customer recommendations by leveraging a larger trove of financial data.",https://www.foxbusiness.com/markets/intuit-credit-karma-deal,1582439760
V,TurboTax maker Intuit is buying personal finance site Credit Karma,"Intuit Inc., the company behind TurboTax, announced its acquisition of personal finance website Credit Karma Inc. for approximately $7.1 billion in cash and stock. Credit Karma, known for offering free credit scores and other financial services to over 100 million users, recently launched a free tax-filing platform, directly competing with TurboTax. This acquisition is part of a larger trend of mergers and acquisitions in the fintech industry, as established companies look to acquire startups for growth.",https://www.latimes.com/business/story/2020-02-24/turbotax-maker-intuit-buying-credit-karma,1582560360
V,Fintech company Intuit to buy Credit Karma for $7.1 billion,"Intuit, known for TurboTax and QuickBooks, announced its acquisition of Credit Karma for approximately $7.1 billion in cash and stock. This move expands Intuit's presence in consumer finance technology, aiming to create a personalized financial assistant platform. Credit Karma, which provides free credit score monitoring and recommends financial products, reported nearly $1 billion in unaudited revenue in 2019.",https://www.cnn.com/2020/02/24/tech/intuit-acquires-credit-karma,1582573320
V,"American Express, Dow Inc. share losses contribute to Dow's nearly 850-point fall","The Dow Jones Industrial Average is experiencing a significant decline, largely due to losses in American Express and Dow Inc. shares. American Express shares are down 5.6% and Dow Inc. shares are down 5.4%, contributing substantially to the index's nearly 850-point intraday fall. Other companies like Visa, UnitedHealth, and United Technologies are also adding to the market downturn.",https://www.marketwatch.com/story/american-express-dow-inc-share-losses-contribute-to-dows-nearly-850-point-fall-2020-02-25?gaa_at=eafs&gaa_n=AWEtsqcl18H3xuUItq1u8VAkY03TovgWUeIQpuUHLe8J-vYk9uIGjKydUDDL&gaa_ts=6907d937&gaa_sig=MUM1lvBA0kaJIqhxEMYt7_l0PjM9JoZKdDcVFO4m1TPLz9FZV2WvdKkr7I6x502yr8QNd8Kn5EDtHTENCjrM6Q%3D%3D,1582644120
V,Visa Plans to Offer Credit Cards in Sudan After U.S. Sanctions End,"Visa Inc. is collaborating with three Sudanese banks to introduce its payment products in Sudan. This move follows the lifting of U.S. sanctions and a change in leadership in the North African country, signifying a new entry for Western businesses into the Sudanese market. The effort aims to expand electronic banking services in Sudan.",https://www.bloomberg.com/news/articles/2020-03-02/visa-working-with-sudanese-banks-to-expand-electronic-payments,1583175300
V,Technology trumps consumer staples in the hunt for quality,"This article argues that the traditional strength of consumer staples has waned, while the technology sector now offers superior investment opportunities, particularly when viewed through a ""franchise power/growth framework."" It highlights the shift in leadership from consumer staples to IT, attributing technology's rise to strong business franchises, network effects, and a move towards subscription-based software models. The author also compares the portfolio weightings and performance of various quality investment funds, showing a trend towards higher tech exposure.",https://masterinvestor.co.uk/equities/technology-trumps-consumer-staples-in-the-hunt-for-quality/,1583361411
V,XP Inc. Reports 4Q19 and Fiscal Year 2019 Financial Results,"XP Inc. reported strong financial results for Q4 2019 and the full fiscal year 2019, driven by significant growth in Assets Under Custody and active clients, coupled with a successful IPO. The company achieved a 72% increase in Gross Revenue to R$5.5 billion and a 119% rise in Adjusted Net Income to R$1.1 billion for 2019. XP Inc. also highlighted its strategic partnership with Visa to enter the debit and credit card market in Brazil, aiming to offer a complete banking experience and further disrupt the financial sector.",https://www.globenewswire.com/news-release/2020/03/17/2002188/0/en/XP-Inc-Reports-4Q19-and-Fiscal-Year-2019-Financial-Results.html,1584461100
V,Pesapal to become Visa Principal Member driving small business acquisition and issuing,"Visa Inc. has partnered with Pesapal to enable digital payments for consumers and businesses in Africa, especially focusing on small businesses. Pesapal, now a Visa Principal Member, will leverage Visa's capabilities to allow more small businesses to accept various Visa payments, while also enhancing contactless payment options for consumers through Pesapal Mobile. This collaboration aims to expand payment acceptance and drive financial inclusion across Africa.",https://tech-ish.com/2020/04/27/pesapal-visa-partnership/,1588030320
V,A financial account optimized for commerce | Shopify Balance,"Shopify Balance is an all-in-one financial account designed for e-commerce businesses, offering features like fast payouts, APY rewards, and no monthly fees. It allows merchants to manage funds, earn rewards, and simplify finances directly within their Shopify admin. The service provides up to six free accounts, FDIC insurance eligibility, and a Visa® Commercial Credit card to help businesses track spending and optimize cash flow.",https://www.shopify.com/balance,1590016580
V,"What Kind Of Shareholder Appears On The Arrowhead Pharmaceuticals, Inc.'s (NASDAQ:ARWR) Shareholder Register?","This article analyzes the shareholder structure of Arrowhead Pharmaceuticals, Inc. (NASDAQ:ARWR), revealing that institutional investors hold a significant 66% stake, while the general public owns 31% and insiders hold shares worth US$100m. BlackRock, Inc. and The Vanguard Group, Inc. are identified as the two largest institutional shareholders. The article emphasizes the power wielded by institutional investors due to their collective ownership and notes the positive signal of insider ownership.",https://simplywall.st/stocks/us/pharmaceuticals-biotech/nasdaq-arwr/arrowhead-pharmaceuticals/news/what-kind-of-shareholder-appears-on-the-arrowhead-pharmaceuticals-inc-s-nasdaqarwr-shareholder-register-2/amp,1590356798
V,Trump Administration Will Not Renew Marriott OFAC License To Manage Hotels In Cuba,"The Trump Administration announced its decision not to renew Marriott International's OFAC license to manage hotels in Cuba, specifically the Four Points Sheraton in Havana, forcing Marriott to cease operations by August 31. This move is seen as a continuation of the administration's policy to reverse Obama-era initiatives with Cuba, viewing commercial activities as unduly benefiting the Cuban government. Marriott expressed disappointment but hopes to return if U.S. government policy changes.",https://www.cubatrade.org/blog/2020/6/5/trump-administration-will-not-renew-marriott-ofac-license-to-manage-hotels-in-cuba,1591397199
V,Visa to establish office in BD,"Visa Inc. announced plans to establish a country liaison office in Dhaka, Bangladesh, by the end of 2020. This move aims to introduce new services, drive social impact programs, and contribute to Bangladesh's economic growth and digital payment ecosystem. Having operated in Bangladesh since 1988, Visa seeks to further leverage the rapid growth of digital payments in the country with a dedicated local team.",https://thefinancialexpress.com.bd/home/visa-to-establish-office-in-bd-1592398629,1592420220
V,Visa On How To Make Plastic Cards Sustainable,"Visa has partnered with CPI Card Group to launch new ""Earthwise High Content Cards"" made from up to 98% upcycled plastic, aiming to reduce plastic waste. Douglas Sabo, Visa's global head of corporate responsibility and sustainability, highlighted that these cards are made from post-industrial rPETG plastic, are EMV compliant, and support contactless payments. The initiative responds to consumer demand for environmentally conscious financial institutions, with CPI's survey showing 73% of respondents want their FIs to be eco-conscious.",https://www.pymnts.com/visa/2020/sustainable-lifecycles-environmental-benefits-upcycled-plastic-cards/,1592607975
V,"Verizon, Synchrony launching consumer credit card","Verizon is launching a consumer credit card in partnership with Synchrony, offering rewards on various purchases, particularly groceries and fuel, and on Verizon services. The card is exclusively for existing Verizon wireless customers, with rewards paid in Verizon Dollars redeemable for Verizon purchases. This move reflects a response to consumer trends influenced by the coronavirus pandemic.",https://www.bankingdive.com/news/verizon-synchrony-consumer-credit-card/580447/,1593040918
V,Why Digital Turbine (APPS) Stock is a Compelling Investment Case,"This article highlights Digital Turbine Inc. (APPS) as a compelling investment, based on Greenhaven Road Capital's bullish thesis. The firm, which pitched APPS in February 2020, noted the company's strong revenue growth in both U.S. and international markets through partnerships with major carriers and app companies. The article also points out increased bullish hedge fund positions and Digital Turbine's significant stock performance since Greenhaven Road Capital's initial recommendation.",https://www.insidermonkey.com/blog/why-digital-turbine-apps-stock-is-a-compelling-investment-case-861891/,1594300260
V,Canada is now the only Five Eyes member to not ban or restrict use of Huawei 5G equipment,"Canada remains the sole member of the Five Eyes intelligence alliance that has not banned or restricted Huawei's 5G equipment, following Britain's recent decision to prohibit new Huawei gear and remove existing components by 2027. This move has amplified pressure on the Canadian government from opposition parties and allies, including the U.S., who view Huawei as a security risk due to its ties with the Chinese government. Despite this, a decision from Ottawa is not expected soon, with cabinet having only discussed the issue once, although options like an outright ban or conditional inclusion are being considered.",https://www.theglobeandmail.com/politics/article-canada-now-only-member-of-five-eyes-alliance-to-have-not-banned-huawei/,1594710616
V,Student loans center of 401(k) perk for Allianz workers,"Allianz Life has introduced a new benefit allowing employee student loan repayments to count towards their 401(k) employer match. This initiative, following a precedent set by Abbott Laboratories, helps employees overcome the challenge of saving for retirement while managing student debt. Allianz will consider loan payments as contributions to reach the full 7.5% company 401(k) match, even if employees don't make personal 401(k) contributions.",https://www.investmentnews.com/retirement-planning/student-loans-center-of-401k-perk-for-allianz-workers/195112,1594796706
V,JPMorgan Chase partners with fintech start-up Marqeta to launch 'virtual' credit cards,"JPMorgan Chase is partnering with fintech start-up Marqeta to offer ""virtual"" credit cards for its commercial cardholders, allowing immediate use in mobile wallets. This eliminates the need for physical plastic cards and helps address needs intensified by the pandemic, such as remote work and contactless payments. Marqeta, which provides similar technology to DoorDash and Instacart, offers speed and modern technology that would take established financial institutions years to develop in-house.",https://www.cnbc.com/2020/07/28/jpmorgan-partners-with-marqeta-to-launch-virtual-credit-cards.html,1595921655
V,Visa beats estimates as quarterly profit falls 23%,"Visa Inc. reported a 23% drop in quarterly profit, beating analysts' estimates despite consumer spending pressure from high unemployment due to coronavirus lockdowns. Net income fell to $2.37 billion, or $1.07 per Class A share, reflecting a 10% decrease in total payments volume and a 37% drop in cross-border volume. This marks the first year-over-year decline in quarterly revenue and adjusted net income since Visa went public in 2008.",https://www.reuters.com/article/us-visa-results/visa-beats-estimates-as-quarterly-profit-falls-23-idUSKCN24T2RU/,1595990160
V,"In the search for a new king of credit cards, some surprise names emerge","The credit card market is dynamic, with rewards constantly changing, making the search for a ""king of credit cards"" an ongoing process. Non-bank providers like Rogers World Elite Mastercard and Brim Financial have emerged as strong contenders, offering competitive rewards and no foreign transaction fees, challenging traditional bank offerings. Consumers are advised to look beyond their primary banks and compare features to find cards that best suit their spending habits and reward preferences, as even top-tier cards can be devalued over time.",https://www.theglobeandmail.com/investing/personal-finance/household-finances/article-in-the-search-for-a-new-king-of-credit-cards-some-surprise-names/,1596093369
V,"Sprint stores get rebrand, begin operating under T-Mobile brand","Sprint retail stores nationwide are officially beginning to operate under the T-Mobile brand following the $26 billion merger completed in April. The majority of Sprint stores have been updated with T-Mobile branding and can now serve both Sprint and T-Mobile customers, aiming to deliver a superior 5G network and enhance competition. T-Mobile also announced a new ""Scam Shield"" initiative to protect customers from robocalls and expects significant new postpaid subscriptions despite additional merger and pandemic-related costs.",https://www.foxbusiness.com/markets/sprint-stores-rebranding-t-mobile,1596374640
V,BBVA te invita al Cosquín Rock Festival Online este fin de semana,"BBVA is inviting customers to the Cosquín Rock Festival Online this weekend, which will be a two-day interactive and immersive digital event featuring over 50 artists from across Hispanoamerica. BBVA customers in Argentina can purchase tickets with Visa and Mastercard credit cards in three interest-free installments. The festival promises a unique online experience including chat functions, meet & greets, and VR experiences.",https://indiehoy.com/espacio-publicitario/bbva-te-invita-al-cosquin-rock-online-este-fin-de-semana/,1596780553
V,American Express Said to Be in Talks to Buy Kabbage for $850 Million,"American Express is reportedly in advanced talks to acquire online lender Kabbage for an all-cash deal worth up to $850 million. This potential acquisition would further solidify American Express's presence in the small-business market, a sector from which 30% of its revenue is derived. The move follows similar high-value fintech acquisitions by Mastercard and Visa, indicating a broader trend among traditional card networks to integrate fintech innovation.",https://pe-insights.com/american-express-said-to-be-in-talks-to-buy-kabbage-for-850-million/,1597096025
V,American Express makes Kabbage acquisition official,"American Express has officially acquired Kabbage's team, fintech products, data platform, and intellectual property for small businesses. The deal significantly enhances AmEx's reach into the small business market, which accounts for about 30% of its revenue, and comes after Kabbage played a major role in the Paycheck Protection Program. This acquisition is part of a larger trend of credit-card networks bolstering their technology assets through fintech acquisitions.",https://www.bankingdive.com/news/american-express-kabbage-acquisition-talks/583307/,1597182424
V,"BMW, MINI and BMW Motorrad Enthusiasts Have a New Way to Display Their Brand Affinity, Earn Rewards with New Credit Cards from U.S. Bank.","BMW Group Financial Services and U.S. Bank have launched a new suite of Mastercard credit cards for BMW, MINI, and BMW Motorrad enthusiasts. These cards offer accelerated rewards on purchases, including up to 5x at dealerships, and provide convenient features like contactless payments and a digital application process with instant approval for immediate use. The initiative aims to enhance customer loyalty and provide greater value and functionality to brand enthusiasts.",https://www.press.bmwgroup.com/usa/article/detail/T0314505EN_US/bmw-mini-and-bmw-motorrad-enthusiasts-have-a-new-way-to-display-their-brand-affinity-earn-rewards-with-new-credit-cards-from-u-s-bank?language=en_US,1597966309
V,Bring Colour Back to the South East Asian Payments Landscape,"Southeast Asia is a key region for innovation and growth in real-time payments, with its internet economy projected to triple by 2025. A new paper highlights real-time payments, ISO 20022, and QR codes as critical enablers for the region's economic recovery and integration. Countries like Singapore, Thailand, and Malaysia are leading the way in payments modernization and digital overlay services, with efforts underway for greater cross-border interoperability.",https://fintechnews.sg/43082/mobilepayments/bring-colour-back-to-the-south-east-asian-payments-landscape/,1598305055
V,"BDO Network Bank ATMs now accept Visa, KFTC international cards","BDO Network Bank announced that its ATMs now accept Visa and KFTC International cards, expanding cash access for cardholders with internationally-issued cards across its 250+ ATMs nationwide. This development aims to benefit foreign visitors, especially Korean nationals, given their significant presence in the Philippines as tourists and migrants. The bank plans to double its branches in the next four years to further reach unserved and underserved markets.",https://www.sunstar.com.ph/manila/business/bdo-network-bank-atms-now-accept-visa-kftc-international-cards,1598434320
V,PNC Treasury Management Launches Business-to-Consumer Payment Capability,"PNC Treasury Management has expanded its payment offerings by adding push-to-debit card capabilities called Direct to Debit Card, developed in collaboration with Visa. This new solution allows businesses to send payments to consumers 24/7 through an eligible debit card, enhancing convenience and immediacy for various business needs such as payroll and independent contractor payments. PNC continues to invest in innovative payment solutions to transform the industry.",https://pnc.mediaroom.com/2020-09-01-PNC-Treasury-Management-Launches-Business-to-Consumer-Payment-Capability,1598939206
V,"Amid Covid’s Impact, Installment Pay Gets a Lift With New Offerings From Mastercard And Sezzle","Mastercard and online installment startup Sezzle are expanding their installment payment offerings, capitalizing on increased consumer demand due to Covid-19's impact. Mastercard is integrating with TSYS and other technology providers to allow cardholders to elect installment payments before, during, or after a purchase. Sezzle is launching a virtual card compatible with Google Pay and Apple Pay, enabling its buy-now-pay-later service for in-store purchases for the first time.",https://www.digitaltransactions.net/amid-covids-impact-installment-pay-gets-a-lift-with-new-offerings-from-mastercard-and-sezzle/,1599024411
V,Axis Global Equity Alpha Fund of Fund Review: Should You Invest?,"This article reviews the Axis Global Equity Alpha Fund of Fund, which invests in Schroder International Selection Fund Global Equity Alpha. The author discusses the underlying fund's performance against its benchmark, highlighting a poor track record and high expense ratios, especially for the regular plan. The article concludes by recommending investors consider alternatives with lower expenses, such as the Motilal Oswal S&P 500 Index Fund, for international diversification.",https://freefincal.com/axis-global-equity-alpha-fund-of-fund-review-should-you-invest/,1599393600
V,Deal Closed | British Columbia Investment Management Corporation | Acquisition of 100 per cent stake in Tower Infrastructure Trust,"British Columbia Investment Management Corporation (BCI), in partnership with Brookfield Infrastructure Partners L.P. and other investors, has finalized the acquisition of a 100% stake in Tower Infrastructure Trust from the Reliance Group. This InvIT holds all shares in Reliance Jio Infratel Private Limited (RJIPL), which manages approximately 135,000 communications towers. The total equity commitment for this transaction, aimed at expanding Jio's telecommunication network to about 175,000 towers, was approximately USD 3.4 billion.",https://www.bwlegalworld.com/article/deal-closed-british-columbia-investment-management-corporation-acquisition-of-100-per-cent-stake-in-tower-infrastructure-trust-318689,1599714533
V,CMO Of The Week: Intuit’s Lara Hood Balazs,"This article features Lara Hood Balazs, CMO and General Manager – Strategic Partner Group at Intuit, highlighting how her team rapidly adapted marketing strategies during the COVID-19 pandemic, particularly after the tax deadline extension. Balazs discusses Intuit's initiatives like the QuickBooks PPP program and their support for the Black and LGBTQ+ communities. She also elaborates on the company's shift from live events to virtual platforms and her philosophy of customer-centric marketing.",https://brand-innovators.com/cmo-of-the-week-intuits-lara-hood-balazs/,1600147885
V,The digital transformation: speed and convenience drive B2C payments,"Digital transformation is rapidly changing B2C payments, driven by customer demand for speed and convenience, especially among Millennials. The article highlights how technological advancements, particularly mobile technology and payment networks, are enabling businesses to digitize low-value consumer payments like refunds and rebates, significantly reducing costs and enhancing customer satisfaction. This shift leverages network effects, contextual remittance, and enhanced security measures to create a strong value proposition for both payers and customers.",https://www.jpmorgan.com/insights/treasury/payables-disbursements/digital-transformation,1600148001
V,"Market value of big fintech companies rises to $1 trillion, more than the largest banks","The market capitalization of major fintech companies like Visa, MasterCard, Square, and PayPal has surpassed $1 trillion, exceeding the value of the six largest U.S. banks. This shift reflects investors' favor towards software-based tech companies during the pandemic and fintech's increasing push into traditional banking services. Meanwhile, traditional banks face pressure from low interest rates and potential loan defaults.",https://www.cnbc.com/2020/09/16/market-value-of-big-fintech-companies-rises-to-1-trillion-more-than-the-largest-banks.html,1600243080
V,10 monopolies and why they make good investments,"This article explores the investment potential of monopolies and oligopolies, guided by insights from Peter Thiel and Warren Buffett on competitive advantage. It identifies ten companies with strong monopolistic or oligopolistic market positions, such as Amazon, Google, Facebook, Visa, and Airbus, highlighting their market shares and business models. The author also discusses the transient nature of monopolies, using examples like Kodak and Nokia, and suggests investing in a ""moat"" ETF for diversified exposure to such companies.",https://drwealth.com/10-monopolies-and-why-they-make-good-investments/,1600383118
V,Wells Fargo CEO Scharf comes under fire over diversity comments,"Wells Fargo CEO Charlie Scharf faced significant backlash for comments made in June regarding the limited pool of Black talent for senior roles, despite the bank's pledge to double Black leadership and tie diversity efforts to executive compensation. Scharf later apologized, clarifying that his remarks were ""insensitive"" and stemmed from ""unconscious bias."" The controversy highlights broader issues of racial diversity in the financial industry, prompting other major banks and financial companies to announce their own diversity initiatives.",https://www.bankingdive.com/news/wells-fargo-ceo-charlie-scharf-diversity/585736/,1600840902
V,ETF of the Week: Renaissance IPO ETF (IPO),"This article discusses the Renaissance IPO ETF (IPO), highlighting its strong performance in 2020 despite the pandemic and the resurgence of IPO activity. It explains how the ETF invests in newly public U.S. companies and diversifies core equity portfolios by offering exposure to unseasoned firms. The success of Snowflake's IPO is used as a recent example of the market's strength.",https://www.etftrends.com/etf-of-the-week-renaissance-ipo-etf-ipo-2/,1600970273
V,PayPal Adds QR Codes to a Visa-Branded Venmo Card Issued by Synchrony With an NFC Chip,"PayPal has launched a new Visa-branded credit card for its Venmo peer-to-peer payment service, featuring both a QR code for P2P transfers and an NFC chip for merchant acceptance. Issued by Synchrony Financial, the card aims to boost Venmo's revenue and offers personalized cash back rewards. This innovative card combines dual contactless technologies to position PayPal strongly in both physical and digital transactions, particularly as consumers increasingly opt for contactless payments.",https://www.digitaltransactions.net/paypal-adds-qr-codes-to-a-visa-branded-venmo-card-issued-by-synchrony-with-an-nfc-chip/,1601873099
V,"Press Release: Introducing the Venmo Credit Card - Oct 5, 2020","Venmo has introduced its first-ever Venmo Credit Card, issued by Synchrony and powered by Visa. This mobile-first credit card offers automatic cash back on every eligible purchase, dynamically personalizing rewards based on spending habits, and allows users to manage all card activities directly within the Venmo app. Key features include up to 3% cash back on top spending categories, custom card designs with QR codes, and virtual card access for secure online shopping.",https://newsroom.paypal-corp.com/2020-10-05-Introducing-the-Venmo-Credit-Card,1601873558
V,"BBVA launches Aqua, the first card without numbers or a CVV","BBVA has launched Aqua, a new line of credit cards in Spain that enhances security by featuring a dynamic CVV code and omitting printed card numbers or expiration dates. This innovation aims to prevent fraudulent use both online and physically. The associated BBVA app also provides renewed payment management, allowing customers to easily access card details and control expenses, with plans for a global rollout of this experience.",https://www.bbva.com/en/es/bbva-launches-aqua-the-first-card-without-numbers-or-a-cvv/,1602648415
V,"TD Bank files lawsuit against Plaid, accusing it of trademark infringement","TD Bank Group's U.S. subsidiary has filed a lawsuit against Plaid Technologies Inc., accusing the data aggregator of trademark infringement. TD Bank claims Plaid unlawfully uses its logo and green color scheme to deceive customers into providing personal financial data, which Plaid then stores, mines, and sells to third parties. The bank is seeking a court order for Plaid to cease and desist its unauthorized use of TD's intellectual property.",https://www.theglobeandmail.com/business/article-td-bank-files-lawsuit-against-plaid-accusing-it-of-trademark-2/,1602651220
V,Conduent Transportation Receives 'Visa Ready for Transit' Certification for its ATLAS® Ops Fare Collection System to Boost Contactless Payments for Mass Transit Systems Globally,"Conduent Transportation's ATLAS® Ops fare collection system has received Visa Ready for Transit certification, promoting the use of contactless payments in mass transit globally. This certification validates the system's ability to offer secure and streamlined fare collection methods, including contactless cards and digital wallets. The move helps transit agencies meet the increased demand for touchless solutions, addressing concerns highlighted by the COVID-19 pandemic and improving the overall rider experience.",https://www.prnewswire.com/news-releases/conduent-transportation-receives-visa-ready-for-transit-certification-for-its-atlas-ops-fare-collection-system-to-boost-contactless-payments-for-mass-transit-systems-globally-301152653.html,1602751500
V,An Option for Every Customer: Regions Bank Partners with Visa® to Curate Four Distinct Credit Card Offerings,"Regions Bank has partnered with Visa to offer four distinct credit card options designed to meet the varying financial needs of its customers, ranging from rewards cards for those with excellent credit to secured options for building credit. The bank's ""Regions 360"" strategy focuses on a holistic view of customer financial needs, offering products tailored to different life stages and credit profiles. These offerings include cards with intro APRs, rewards points, and an innovative mobile app feature called LockIt for enhanced security.",https://www.cardrates.com/news/regions-bank-offers-customers-four-distinct-visa-credit-cards/,1603149075
V,MoneyGram and PayMaya introduce real-time payment solution for fund transfer from United States to the Philippines using Visa Direct,"MoneyGram and PayMaya Philippines have partnered to launch a new digital service enabling real-time money transfers from the United States to the Philippines via Visa Direct. U.S. customers can use the MoneyGram app or website to send funds instantly to any PayMaya Visa cardholder in the Philippines, facilitating quicker and more convenient remittances. This collaboration aims to enhance the customer experience and drive digital growth in one of the largest remittance markets globally.",https://ffnews.com/newsarticle/moneygram-and-paymaya-introduce-real-time-payment-solution-for-fund-transfer-from-united-states-to-the-philippines-using-visa-direct/,1603168536
V,PayPal launches crypto payment platform,"PayPal is launching a new service allowing U.S. customers to buy, sell, and hold various cryptocurrencies, and eventually use them to pay at 26 million merchants. This move is expected to significantly increase the mainstream acceptance of digital currencies, with PayPal managing price volatility risks for merchants by converting crypto to fiat for transactions. The service will initially include Bitcoin, Ethereum, Bitcoin Cash, and Litecoin, and will expand to Venmo and international markets.",https://www.bankingdive.com/news/paypal-cryptocurrency-payments/587543/,1603341899
V,Urban One Expands Into Financial Industry With One VIP Prepaid Debit Card.,"Urban One has launched One VIP, a prepaid Visa debit card designed for Black consumers, featuring a rewards program and a ""Buy Black"" initiative. This financial solution aims to provide access and empowerment while circulating Black dollars within the community, with a portion of rewards supporting charities focusing on people of color. The company sees this as a significant step to financially include and empower the Black community through tailored financial products.",https://www.insideradio.com/free/urban-one-expands-into-financial-industry-with-one-vip-prepaid-debit-card/article_bf094cd8-148e-11eb-bf99-ab0ae34758f0.html,1603342593
V,Amazon Pay ICICI Bank credit card is fastest to cross 1 million milestone,"The Amazon Pay ICICI Bank co-branded credit card has rapidly surpassed 1 million cards issued in less than 20 months, becoming the fastest in India to reach this milestone. This success is attributed to its unique benefits such as unlimited rewards, instant issuance, direct crediting of points to Amazon Pay balance, and the introduction of a Video KYC facility. The card is now available to any registered Amazon India customer, including non-ICICI Bank clients, and offers various rewards and no-fee spending options.",https://www.livemint.com/industry/banking/amazon-pay-icici-bank-credit-card-is-fastest-to-cross-1-million-milestone-11603865789378.html,1603859256
V,The Truth About Prepaid Cards,"This article examines prepaid cards, distinguishing common misconceptions from their actual utility. It explains that while these cards do not build credit, they can be a financially sensible option for managing expenses or providing temporary financial stability, especially for the underbanked. The piece emphasizes evaluating costs, understanding fine print, and considering prepaid cards as part of a broader financial strategy.",https://www.essence.com/news/money-career/the-truth-about-prepaid-cards/,1603860902
V,Apple loses $450b in value on iPhone woes,"Apple Inc. has lost $450 billion in market value since its peak last month, with a recent 5.6% drop wiping out over $120 billion. The decline follows disappointing iPhone sales that missed analysts' estimates and a lack of holiday quarter guidance. This slump, along with other tech giants' performance, is raising concerns about future growth in the sector.",https://gulfnews.com/business/markets/apple-loses-450b-in-value-on-iphone-woes-1.1604138405534,1604152500
V,BMO and Visa Canada Collaborate to Introduce Two New Reward Credit Cards to meet Canadians Lifestyle Needs,"BMO Bank of Montreal and Visa Canada have partnered to launch two new reward credit cards, the BMO eclipse Visa Infinite and BMO eclipse Visa Infinite Privilege, designed to cater to Canadians' evolving lifestyle needs. These cards offer accelerated rewards earning potential, with up to 5x points on everyday purchases, tailored to daily spending habits, leveraging Visa's extensive payment network and benefits. The collaboration aims to provide greater flexibility and immediate, relevant rewards to cardholders, aligning with changes in consumer spending patterns observed during the early stages of post-pandemic recovery.",https://newsroom.bmo.com/2020-11-03-BMO-and-Visa-Canada-Collaborate-to-Introduce-Two-New-Reward-Credit-Cards-to-meet-Canadians-Lifestyle-Needs,1604446320
V,JPMorgan Chase’s QuickAccept first step to building SMB ecosystem,"JPMorgan Chase's QuickAccept payment acceptance solution, built on WePay technology, is the first step in the bank's vision to create a comprehensive ecosystem for small- to medium-sized businesses (SMBs). The solution offers SMBs real-time, fee-free access to funds accepted at the point of sale, a key differentiator in a competitive market. JPMorgan Chase aims to integrate payment acceptance with other financial services, leveraging its banking infrastructure to provide a one-stop-shop for diverse SMB needs.",https://www.jpmorgan.com/insights/payments/merchant-services/jpmc-chases-quickaccept-first-step-to-building-smb-ecosystem,1604545552
V,Visa's Pursuit of Plaid Looks Too Much Like Facebook-Instagram,"The Department of Justice filed a lawsuit to block Visa's $5.3 billion acquisition of Plaid, arguing it eliminates a competitive threat in the payments market. Regulators are learning from past mistakes with Big Tech, such as Facebook's acquisition of Instagram, and are now taking a longer-term view on potential market impact. The article suggests Visa's attempt to acquire Plaid mirrors Facebook's acquisition of Instagram, highlighting how an established giant aims to absorb an emerging competitor.",https://ca.finance.yahoo.com/news/visas-pursuit-plaid-looks-too-210035629.html,1604619120
V,Van Eck targets China’s retail fund market,"Van Eck has submitted an application to the China Securities Regulatory Commission (CSRC) to establish a public mutual fund company in mainland China, aiming to tap into the RMB 17.8trn retail mutual fund market. The firm plans to offer ETF products, including thematic ETFs, and multi-asset allocation solutions, leveraging its extensive experience in Chinese capital markets since 1992. Additionally, Van Eck intends to apply for a Qualified Domestic Limited Partnership (QDLP) license, allowing it to raise funds in China for offshore investments.",https://fundselectorasia.com/van-eck-targets-chinas-retail-fund-market/,1604699802
V,El Banco BBVA lanzó junto a Visa una billetera digital para hacer pagos con tecnología contactless,"BBVA Argentina, in collaboration with Visa, has officially launched a new NFC digital wallet, enabling customers to make contactless payments with their Visa debit or credit cards using their mobile phones. This is a first-of-its-kind development for Visa with an Argentine bank, making transactions quicker and more secure through tokenization. The system is currently available via the BBVA Go app for Android users and aims to capitalize on the 300% growth in digital wallet usage during the pandemic and the 75% of POS terminals in Argentina that support contactless payments.",https://www.elchubut.com.ar/nacionales/2020-11-10-18-11-0-el-banco-bbva-lanzo-junto-a-visa-una-billetera-digital-para-hacer-pagos-con-tecnologia-contactless,1605031860
V,HDFC Bank aims to grow merchant payments base to 20 million in 3 years,"HDFC Bank plans to expand its merchant network from 2 million to 20 million within the next three years. This expansion is supported by the upgraded Smart Hub platform, which offers various digital tools like a digital ledger, billing software, and inventory management. The bank intends to cross-sell loans and credit cards, including 'buy now, pay later' options, to further drive growth and deepen digital payment penetration across India.",https://www.medianama.com/2020/11/223-hdfc-bank-merchant-base-smart-hub/,1605065189
V,Why Regulators Are Saying ‘Yes’ to Mastercard-Finicity But ‘No’ to Visa-Plaid,"Regulators have approved Mastercard's $825 million acquisition of data-networking company Finicity, while simultaneously suing to block Visa's $5.3 billion bid for its rival, Plaid. The disparity in regulatory action stems from the Department of Justice's concern that Visa's acquisition of Plaid would eliminate a potential competitor in the debit-networking sphere, thereby strengthening what it perceives as Visa's monopolistic position in that market. Conversely, the DoJ views Mastercard's acquisition as less likely to create such an anti-competitive environment, given Mastercard's different market position.",https://www.digitaltransactions.net/why-regulators-are-saying-yes-to-mastercard-finicity-but-no-to-visa-plaid/,1605584137
V,"Looking Closer At T. Rowe Price's Dividend Growth ETF, 'TDVG'","The T. Rowe Price Dividend Growth ETF (TDVG), launched in August 2020, is an actively managed ETF that seeks dividend income and long-term capital growth by investing in dividend-paying companies expected to increase their dividends over time. Managed by Tom Huber, this ETF typically holds 100-125 stocks like Microsoft, Apple, and Visa, focusing on business model durability and financial health with a ""growth-at-a-discount"" approach. It's designed for investors seeking a mix of income and capital appreciation from an experienced management team.",https://www.etftrends.com/active-etf-channel/looking-closer-at-trowe-price-dividend-growth-etf-tdvg/,1605695336
V,GM vs. Ford: What their EV split reveals,"General Motors and Ford are pursuing differing strategies for electrification, with GM aggressively investing in EVs and battery production, aiming to be a top seller, while Ford takes a more cautious approach, focusing on a few key models and buying batteries from suppliers. GM plans to invest $27 billion in EVs by 2025 and roll out 30 models, including significant battery advancements, whereas Ford will focus on making its EV endeavor profitable through services and targeted vehicle electrification. Experts believe GM's ambitious plans could significantly impact the U.S. auto industry and the global EV market.",https://www.eenews.net/articles/gm-vs-ford-what-their-ev-split-reveals/,1605856980
V,HDFC bank services restored after hours of an outage affecting UPI and card payments,"HDFC Bank's services, including UPI, card payments, and ATM transactions, were restored on Sunday after an outage that began Saturday evening. Customers had reported issues with online banking, credit/debit cards, and linked third-party services. The bank acknowledged the outage was due to a data center issue and apologized for the inconvenience, though intermittent problems may still occur as systems stabilize.",https://www.indiatoday.in/technology/news/story/hdfc-bank-services-restored-after-hours-of-an-outage-affecting-upi-and-card-payments-1743015-2020-11-22,1606015589
V,Behind BNY Mellon’s war against B2B checks,"BNY Mellon is leading an effort to modernize B2B payments, moving away from labor-intensive and fraud-prone paper checks towards efficient digital solutions. They are utilizing tools like Bottomline Technologies' Paymode-X, The Clearing House’s Real-Time Payments (RTP) network, and Zelle to offer faster, more secure transactions with integrated data exchange. The bank's initiatives aim to mirror the ease of consumer payment experiences while providing the robust security and documentation features required by businesses, positioning them as an innovator in the rapidly evolving financial landscape.",https://www.bankingdive.com/news/behind-bny-mellons-war-against-b2b-checks/589711/,1606273784
V,"Digital Currencies (XBT, EXT, XRP) Are Set to Go Mainstream Says PayPal CEO","PayPal CEO Dan Schulman believes digital currencies are poised to go mainstream as more merchants adopt a ""digital first"" approach to payments. He noted that the shift towards smartphone payments, QR codes, and digital wallets creates a natural environment for digital currencies to flourish. This outlook was shared at the Web Summit conference, emphasizing the growing integration of digital payment solutions.",https://www.bloomberg.com/news/articles/2020-12-02/paypal-ceo-says-digital-currencies-are-set-to-go-mainstream,1606914780
V,"BBVA, first bank to issue recycled plastic cards in Argentina","BBVA has become the first bank in Argentina to issue credit cards made from 85.5 percent recycled PVC plastic, demonstrating its commitment to sustainability and the fight against climate change. Initially available for Visa International and Visa Gold credit card renewals, this initiative will later expand to all BBVA credit and debit cards, featuring a ""sustainability seal."" This move responds to increasing environmental awareness among customers and aligns with Sustainable Development Goals.",https://www.bbva.com/en/ar/sustainability/bbva-first-bank-to-issue-recycled-plastic-cards-in-argentina/,1607048171
V,"Fidelity National Information Services Inc. stock rises Friday, outperforms market","Shares of Fidelity National Information Services Inc. (FIS) rose 1.75% on Friday, closing at $149.86 and outperforming both the S&P 500 Index and the Dow Jones Industrial Average. This increase ended a two-day losing streak for the company's stock. Despite the rise, the stock remained $8.35 below its 52-week high.",https://www.marketwatch.com/story/fidelity-national-information-services-inc-stock-rises-friday-outperforms-market-01607126236?gaa_at=eafs&gaa_n=AWEtsqdjw6j0PqRLnysJD2ljdvFlcZPlB3RrrmN1JpgfFp5EnThU96_PhJVy&gaa_ts=699bbede&gaa_sig=znD9MovEwF-q3fOXSLcVA5sLY5CCuNg0DeTSGLFzq8W2aC8ntU628Cwtld5z1A4LK_PLAotmJUSoVijDjbOjRA%3D%3D,1607108220
V,BBVA con tarjetas de plástico reciclado,"BBVA in Argentina is launching recycled plastic cards, made from 85.5% PVC derived from plastic waste, becoming the first entity in the country to do so. These cards will initially be available for Visa International and Visa Gold credit card renewals starting April 2021, and will feature a ""sustainability seal."" This initiative is part of BBVA's broader commitment to sustainability, which also includes a digital tool for SMEs to calculate carbon footprints and efforts to reduce its own CO2 emissions.",https://www.visionsustentable.com/2020/12/08/bbva-con-tarjetas-de-plastico-reciclado/,1607393771
V,Deal of the Year: American Express buys Kabbage,"American Express acquired Kabbage's team, fintech products, data platform, and internet protocol for small businesses in a deal estimated between $750 million and $1 billion. This acquisition highlights both companies' strategies to expand beyond their traditional services, with Kabbage moving beyond lending into checking accounts and AmEx aiming to strengthen its small-business offerings and become more essential to its customers. The move by American Express follows similar acquisitions by Visa and Mastercard, demonstrating a broader trend in the payments industry to integrate data aggregation and expand services.",https://www.bankingdive.com/news/deal-of-year-kabbage-american-express-2020/589504/,1607550424
V,Tipalti extends credit card capability through new partnership,"Tipalti has partnered with Plastiq to allow businesses to pay invoices using corporate credit cards, even if suppliers don't accept them directly. This collaboration aims to provide businesses with increased access to capital, card rewards, and improved short-term cash flow, automating accounts payable processes. While offering flexibility, the solution involves a fee from Plastiq, and companies must carefully weigh the benefits against potential costs and risks.",https://www.enterprisetimes.co.uk/2020/12/10/tipalti-extends-credit-card-capability-through-new-partnership/,1607566548
V,Cuando los datos de tu tarjeta acaban en manos de estafadores,"This article details a systematic scam affecting BBVA Perú clients, where personal and credit card data are compromised through telemarketing and courier services. Victims, often led to believe they are interacting with the bank, are tricked into returning their newly issued cards, which are then used by fraudsters to withdraw funds. The BBVA has acknowledged the scam but has not fully disclosed its investigation results or security measures, while affected clients are organizing to demand accountability.",https://sudaca.pe/noticia/informes/cuando-los-datos-de-tu-tarjeta-acaban-en-manos-de-estafadores/,1607652982
V,"As Digital Payments Heat Up, Fiserv Agrees to Acquire Card-Control Technology Provider Ondot","Fiserv Inc. announced its agreement to acquire Ondot Systems Inc., a provider of card-control technology, for an undisclosed sum. The acquisition aims to enhance Fiserv's digital offerings by leveraging Ondot's platform to accelerate digital customer acquisition, improve card activation, and reduce service costs, thereby delivering a unified digital experience to clients. Ondot's technology allows cardholders greater control over their card usage, improves transaction recognition, and facilitates instant digital card issuance and activation.",https://www.digitaltransactions.net/as-digital-payments-heat-up-fiserv-agrees-to-acquire-card-control-technology-provider-ondot/,1608157011
V,The Intriguing Verizon Visa Credit Card,"This article reviews the Verizon Visa Credit Card, highlighting its benefits for Verizon Wireless customers. It details the card's features such as no annual fee, no foreign transaction fees, up to 4% back in Verizon Dollars on specific categories, and a sign-up bonus of $100 Verizon Dollars. The review emphasizes that while niche, the card offers substantial value through rewards and credits for those who are Verizon customers, making it a potentially lucrative option for managing Verizon-related expenses.",https://onemileatatime.com/verizon-credit-card/,1608173761
V,Why Wall Street Would Love to See a Merger of FIS and Global Payments,"Although merger talks between Global Payments (GPN) and Fidelity National Information Services (FIS) have reportedly ended, analysts remain bullish on both stocks, viewing the discussions as a positive indicator for valuations and future industry consolidation. Wall Street believes a merger would create significant synergies and cost savings, boosting FIS's revenue and earnings per share. The payment processing industry has seen considerable consolidation recently, and a combination of FIS and Global Payments would strengthen their market position.",https://www.barrons.com/articles/why-wall-street-would-love-to-see-a-merger-of-fis-and-global-payments-51608567307?gaa_at=eafs&gaa_n=AWEtsqd8oRtufTBfow9npNNhDc73uFH8xE8ce4SDbVm_68wVWoiVDZIYDMZI&gaa_ts=699bbee3&gaa_sig=17OAyq0GY4W9Bpeb4EsjpFJ7xBaMj5ADSGKXVzAzG0atRehoucVjO94oobcM1lJvbKZ_u0So1SiOagvOFozfrw%3D%3D,1608517728
V,The Soaring Stock Index You’ve Never Heard Of - WSJ,"The article discusses the S&P Completion Index, a lesser-known stock index that significantly outperformed the S&P 500 largely due to Tesla's presence. Tesla, which was the biggest stock in the Completion Index, has now moved to the S&P 500, impacting the performance of both indices and related ETFs. This shift has already led to a decline in Tesla's stock and changes in the performance of funds tracking these indices.",https://www.wsj.com/finance/stocks/the-soaring-stock-index-youve-never-heard-of-11608633002?gaa_at=eafs&gaa_n=AWEtsqecGbJ7IaXquD7UYVCCcLdyRk4evIY_R3wCYU0sCQaIUckybCHWZS64&gaa_ts=6907ee1e&gaa_sig=lvyjL0YDLTFGdKaLD93xtoa4fu_cl209C29gZUEWwiq9CqxEdJOqZLADLdzLMLhKjwAehJ1n1G-nsNzdkNzLlA%3D%3D,1608680177
V,"Alibaba,Tencent shares fall after reports of US investment ban","Shares of Chinese tech giants Alibaba and Tencent dropped following reports that the Trump administration was considering banning U.S. investments in the companies. This potential move is seen as a significant escalation in U.S.-China tensions. The ban could impact capital markets, given the combined $1.3 trillion market value of Alibaba and Tencent.",https://www.aljazeera.com/economy/2021/1/7/bb-alibabatencent-shares-fall-after-reports-of-us-investment-ban,1609982621
V,Mastercard And Partners Will Test Common Android Phones And Tablets As Contactless POS Devices,"Mastercard is launching ""Tap on Phone,"" a service that allows common Android smartphones and tablets to accept contactless payments without additional hardware. This initiative, developed by Mastercard Labs, aims to leverage the increasing adoption of contactless payments by consumers and merchants. Mastercard has partnered with NMI, Global Payments Inc., and CEG for distribution and initial testing, while adhering to PCI Security Standards.",https://www.digitaltransactions.net/mastercard-and-partners-will-test-common-android-phones-and-tablets-as-contactless-pos-devices/,1610329225
V,Value vs. Growth: Widest Performance Gap on Record,"In 2020, large-growth funds significantly outperformed large-value funds, with an average return of 34.8% compared to value's performance. This 32 percentage point gap marked the widest performance difference on record, surpassing even the dot-com bubble year of 1999. The consistent underperformance of value strategies, especially amplified in 2020, has led to a substantial widening of longer-term return gaps across various market capitalizations.",https://www.morningstar.com/funds/value-vs-growth-widest-performance-gap-record,1610397099
V,Truist named official retail banking partner of National Football League,"Truist Financial has entered a multi-year sponsorship agreement to become the official retail banking partner of the National Football League (NFL), leveraging its existing partnership with Visa. This collaboration will grant Truist retail banking and marketing rights for NFL events and fan experiences, with a focus on community support through financial education and economic empowerment. The partnership launched with an ad campaign during the Super Wild Card weekend and will feature visible Truist branding during NFL programming.",https://www.retailbankerinternational.com/news/truist-named-official-retail-banking-partner-of-national-football-league/,1610417132
V,"Visa, Plaid call off $5.3 bln deal","Visa and financial technology company Plaid have terminated their $5.3 billion merger agreement following a U.S. government antitrust lawsuit. The deal was originally proposed in January 2020 and was scrapped to avoid protracted litigation, despite Visa's confidence in prevailing in court. The U.S. Justice Department had argued that the acquisition would eliminate a competitive threat to Visa's alleged monopoly in online debit transactions.",https://www.reuters.com/business/visa-plaid-call-off-53-bln-deal-2021-01-13/,1610488440
V,Visa Elevates Top Lawyers as DOJ Scrutiny Scuttles Plaid Deal,"Visa Inc. promoted two top lawyers, Kelly Mahon Tullier and Julie Rottenberg, to new roles as the company prepared for a potential antitrust challenge from the Justice Department. This announcement came shortly before Visa terminated its $5.3 billion acquisition of Plaid Inc., which the DOJ had sued to block. Mahon Tullier was named executive vice president and chief legal and administration officer, highlighting a significant internal restructuring amidst the legal battle.",https://news.bloomberglaw.com/business-and-practice/visa-elevates-top-lawyers-as-doj-scrutiny-scuttles-plaid-deal,1610493960
V,British Aircraft Company Cuts Supplies to Turkish Drone Manufacturer,"Andair, a British aircraft components company, has ceased supplying products to BAYKAR, a Turkish drone manufacturer, after an Armenian Embassy request and an internal investigation confirmed their parts were used in military drones during the Artsakh war. This follows similar actions by Canadian company WESCAM (due to government ban) and Austrian company Rotax, making Andair the third supplier to stop providing components to BAYKAR amid international pressure regarding Turkey's use of drones. American company Viasat also faced protests and indicated an intent to cut supplies to Turkey.",https://hetq.am/en/article/126227,1610502506
V,ICICI Bank ties up with Niyo to issue prepaid cards to MSMEs,"ICICI Bank has partnered with fintech Niyo to introduce the 'ICICI Bank Niyo Bharat Payroll Card' for workers of Micro, Small & Medium Enterprises (MSMEs). This prepaid card, powered by Visa, allows MSMEs to disburse salaries to their blue-collar workers up to ₹1 lakh, providing them with digital banking convenience and financial inclusion. The partnership aims to bring under-banked workers into the formal economy through a state-of-the-art salary disbursement solution that enables ATM withdrawals, online transactions, and PoS payments, supported by a multilingual mobile app and accidental death insurance.",https://www.livemint.com/industry/banking/icici-bank-ties-up-with-niyo-to-issue-prepaid-cards-to-msmes-11610601006564.html,1610622190
V,ICICI Bank introduces prepaid cards for blue-collar workers with Niyo,"ICICI Bank has partnered with fintech company Niyo to launch prepaid cards for blue-collar workers in Micro, Small & Medium Enterprises (MSMEs) in India. These Visa-branded cards, known as the 'ICICI Bank Niyo Bharat Payroll Card', aim to bring under-banked workers into the formal banking ecosystem, offering convenience and digital banking safety. Employers can load up to INR100,000 onto the cards, enabling workers to make withdrawals, online purchases, and PoS payments, supported by a multilingual Niyo Bharat Mobile app and on-site KYC verification.",https://www.electronicpaymentsinternational.com/news/icici-bank-introduces-prepaid-cards-for-blue-collar-workers-with-niyo/,1610674990
V,"Goldman, Marqeta partner to launch Marcus checking accounts this year","Goldman Sachs is partnering with digital payments startup Marqeta to launch checking accounts for its consumer bank Marcus this year. The collaboration will leverage Marqeta's technology to issue debit cards connected to mobile wallets and provide customers with real-time spending data. Goldman is also considering acquisitions to bolster Marcus, although management has set a high bar for large and transformative deals.",https://www.bankingdive.com/news/goldman-marqeta-marcus-checking-accounts-2021/593461/,1610742152
V,V - Visa Inc - Ordinary Shares - Class A Company Profile & Facts,"This article provides a company profile and key facts for Visa Inc. (XNYS:V), detailing its market capitalization, PE ratios, estimated revenue and EPS, and various moving averages. It also includes contact information, employee count, and a description of Visa's digital payment services and offerings.",https://www.cmlviz.com/stocks/V/profile,1610746097
V,"Hedge Fund and Insider Trading News: Steve Cohen, Dan Loeb, Kyma Capital, Elliott Management, Renaissance Technologies, Canadian Natural Resources Ltd (CNQ), Driven Brands Holdings Inc (DRVN), and More","This article compiles various news items related to hedge funds and insider trading, featuring prominent figures like Steve Cohen, Dan Loeb, and insights into firms such as Kyma Capital, Elliott Management, and Renaissance Technologies. Key topics include high-profile controversies, investment philosophies of billionaires like Warren Buffett, significant property acquisitions, and disputes involving international financial players. It also touches upon regional market impacts on hedge fund operations.",https://www.insidermonkey.com/blog/hedge-fund-and-insider-trading-news-steve-cohen-dan-loeb-kyma-capital-elliott-management-renaissance-technologies-canadian-natural-resources-ltd-cnq-driven-brands-holdings-inc-drvn-and-mor-915039/,1611062760
V,Fifth Third CEO ‘very concerned’ about fintechs,"Fifth Third Bancorp's CEO, Greg Carmichael, expressed significant concern about unregulated fintech firms posing a long-term threat to the banking industry, especially if they gain access to the banking system. This sentiment was echoed by JPMorgan Chase CEO Jamie Dimon, who also highlighted issues with ""unfair competition"" and data usage by companies like Plaid. Despite these concerns, Fifth Third reported adding new customers and provided financial outlooks for the upcoming quarters, including expected loan growth and details on its fourth-quarter earnings report.",https://www.americanbanker.com/news/fifth-third-ceo-very-concerned-about-fintechs,1611245580
V,BMO and Canada’s Drag Race Winner Priyanka Target Millennial Audience in New Campaign,"BMO has launched a new campaign for its eclipse Visa Infinite rewards card, starring Canada’s Drag Race winner, Priyanka, and TV personality Valerie Roberts. The campaign targets millennial Canadians, utilizing influencer-generated content and YouTube Director Mix for personalized video ads. It highlights the card's 5X points on everyday purchases, aligning with millennials' evolving consumer habits, especially during the pandemic.",https://lbbonline.com/news/bmo-and-canadas-drag-race-winner-priyanka-target-millennial-audience-in-new-campaign,1611537900
V,ConocoPhillips-styled Indian overseas assets seizure to collect $1.4 bn Cairn award,"Cairn Energy is preparing to seize Indian overseas assets to collect a $1.4 billion arbitration award against the Indian government's retrospective tax demand, similar to how ConocoPhillips seized Venezuelan assets. The British firm has already identified potential assets, including bank accounts, airplanes, and ships, and has registered its claim in several countries. Cairn's CEO emphasized the award is ""final and binding"" and failure to comply would violate international rules.",https://m.economictimes.com/industry/energy/oil-gas/conocophillips-styled-indian-overseas-assets-seizure-to-collect-1-4-bn-cairn-award/articleshow/80463076.cms,1611676320
V,Universal Music Group IPO coming ‘early 2022 at the latest’; Tencent completes acquisition of further 10% in UMG,"A Tencent-led consortium has increased its stake in Universal Music Group (UMG) from 10% to 20% through a €3 billion acquisition, based on a €30 billion enterprise valuation. Vivendi, UMG's parent company, announced this transaction and stated that an IPO for UMG is now planned for ""early 2022 at the latest,"" which could help Vivendi reduce debt and fund future acquisitions. This move aims to further develop UMG's activities in Asia and broaden opportunities for artists.",https://www.musicbusinessworldwide.com/universal-music-group-ipo-coming-early-2022-at-the-latest-tencent-completes-acquisition-of-further-10-in-umg/,1611885966
V,NatWest Group switches all debit cards to Mastercard,"NatWest Group has moved all of its retail and business debit cards, totaling 16 million cards across NatWest, RBS, Ulster Bank, and Coutts brands, from Visa to Mastercard. This strategic shift follows similar moves by other major banks and aims to provide more tailored payment options and enhanced digital experiences for cardholders. Mastercard anticipates that this will expand its debit card presence to one in three consumer debit cards in the UK and one in four in Ireland.",https://www.electronicpaymentsinternational.com/news/natwest-switches-debit-cards-to-mastercard/,1612472185
V,Amer Pasha to join Nutshell Communications as Chief of Strategy & Planning,"Amer Pasha, a professional with over 30 years of experience across various regions, has joined Nutshell Communications as Chief of Strategy & Planning. He previously held a significant role at Visa Inc. leading strategic sales management for the CEMEA region and was Country Manager for Coca-Cola Export Corporation in Pakistan & Afghanistan. Muhammad Azfar Ahsan, Founder & CEO of Nutshell Communications, expressed his enthusiasm, highlighting Pasha's experience as instrumental in achieving the company's vision and benefiting the Public Relations and communications industry in Pakistan.",https://www.biztoday.news/2021/02/10/amer-pasha-to-join-nutshell-communications-as-chief-of-strategy-planning/,1612992498
V,Auxílio faz Caixa ter mais força em sociedade com BB e Bradesco na Elo,"The article discusses the ongoing dispute between Caixa, Banco do Brasil, and Bradesco over their ownership stakes in Elo, a Brazilian card brand. The key point of contention is whether the emergency aid payments distributed by Caixa should count towards its share in Elo, as these payments significantly boosted Caixa's card issuance and transaction volumes. This re-evaluation of ownership occurs every four years, with the next one due soon, and the other banks are questioning the inclusion of emergency aid data, arguing it distorts the true market share generation.",https://economia.uol.com.br/noticias/redacao/2021/02/15/caixa-surfa-auxilio-emergencial-para-ganhar-com-elo-bb-e-bradesco-perdem.htm,1613349234
V,"KOHO launches affordable, TransUnion-linked credit-building tool","Canadian fintech company KOHO has introduced an affordable credit-building tool, KOHO Credit Building, aimed at providing transparency and accessibility to Canadians. For $7 a month, the service reports all user activity to TransUnion, allowing individuals to effectively manage and improve their credit scores. This new offering expands on KOHO's existing financial services, which include a no-hidden-fee platform with a prepaid VISA card and an Early Payroll feature for accessing funds early.",https://www.mpamag.com/ca/news/general/koho-launches-affordable-transunion-linked-credit-building-tool/287051,1613351627
V,Warren Buffett’s Berkshire Hathaway Bought Verizon and Chevron. Here’s What Else It Traded.,"Warren Buffett’s Berkshire Hathaway made notable changes to its investment portfolio during the fourth quarter. Beyond the acquisitions of Verizon Communications and Chevron, the company also bought Merck, Bristol-Myers, and AbbVie. Concurrently, Berkshire Hathaway divested its holdings in Pfizer and trimmed some of its Apple stock.",https://www.barrons.com/articles/warren-buffetts-berkshire-hathaway-sold-pfizer-gm-stock-51613517983?gaa_at=eafs&gaa_n=AWEtsqcvZuWOMkOXFR5jrg_7-qGnA4mOWsbclSmmvKecoPImzpAhRD0BIPGm&gaa_ts=699ba2f1&gaa_sig=NFXm8cG3_SGQzbmQHZ9Hvb2YIx58e2My_ZpuhZhV97P3z6h4dibYPOJywAxZTIZVrf8-9-_n3aZpjw1zKyWiTQ%3D%3D,1613435377
V,Article: Available Now - Get the Most out of Venmo with the Venmo Credit Card,"The Venmo Credit Card is now available for all eligible Venmo customers to apply through the app. This no-annual-fee card, issued by Synchrony and powered by Visa, allows users to earn up to 3% cash back on their top spending categories, which adjusts automatically. Designed for integration with the Venmo app, it enables users to track spending, split payments, and manage cash back directly.",https://newsroom.paypal-corp.com/Available-Now-Get-the-Most-out-of-Venmo-with-the-Venmo-Credit-Card,1613437918
V,Visa finally finds country manager for Bangladesh office,"Visa has appointed Soumya Basu as its country manager for Bangladesh, Nepal, and Bhutan, moving closer to establishing a physical liaison office in Bangladesh. Basu's appointment is expected to help Visa introduce world-class digital payment products and solutions and strengthen its market leadership in the region. This move comes as card payments are increasingly on the rise in Bangladesh, with monthly card transactions and the total number of cards in circulation showing significant year-on-year growth.",https://www.dhakatribune.com/business/banks/238776/visa-finally-finds-country-manager-for-bangladesh,1613506200
V,Melvin Capital raised put option on GameStop Class A shares to 6 mln in Q4 2020,"Melvin Capital Management increased its put option on GameStop Class A shares to 6 million in Q4 2020 from 5.4 million, according to a disclosure, though this doesn't reflect January's liquidation of its GameStop position. The hedge fund also reported new positions and increased stakes in other companies like Airbnb, Facebook, Mastercard, Visa, Hilton Worldwide Holdings, and Nike. These details come from regulatory 13F filings, which provide insight into institutional investors' quarterly holdings.",https://www.reuters.com/business/finance/melvin-capital-raised-put-option-gamestop-class-shares-6-mln-q4-2020-2021-02-17/,1613526660
V,Weyerhaeuser names new CFO,"Weyerhaeuser has appointed Nancy Loewe as its new Senior Vice President and Chief Financial Officer, effective March 8. Loewe brings over 20 years of financial and operating experience from companies like Visa, Kimberly-Clark, and PepsiCo's Frito-Lay. Her appointment follows Russell Hagen moving to a new role as Senior Vice President and Chief Development Officer.",https://www.hbsdealer.com/weyerhaeuser-names-new-cfo,1613684190
V,La primera tarjeta de crédito en España cumple medio siglo,"BBVA, originally Banco de Bilbao, introduced the first credit card in Spain in 1971, revolutionizing payment methods by offering an alternative to physical cash. Fifty years later, BBVA continues to innovate with its cards made from recycled materials and its Aqua card, which features enhanced security through the absence of embossed numbers and a dynamic CVV. The article highlights the evolution of these cards from basic plastic to sophisticated digital payment options, emphasizing increased security measures and sustainability efforts.",https://www.bbva.com/es/es/la-primera-tarjeta-de-credito-en-espana-cumple-medio-siglo/,1613694839
V,Discover and Sezzle Partner On Buy Now-Pay Later,"Discover and Sezzle have announced a partnership that will integrate Sezzle's buy now, pay later (BNPL) options into the Discover Global Network, allowing select U.S. merchants to offer interest-free installment payments. This collaboration aims to accelerate Sezzle's business development and provide Discover's merchants with more payment flexibility as the BNPL market continues its significant growth. The article highlights the increasing popularity of BNPL for consumers and the card networks' interest in this expanding payment method, especially for higher ticket items.",https://www.paymentsjournal.com/discover-and-sezzle-partner-on-buy-now-pay-later/,1613769114
V,FinTech Trends Beyond Digital Payments,"This article discusses FinTech trends beyond digital payments that are powering the sector's long-term growth, focusing on Buy Now Pay Later (BNPL) services, cryptocurrency integration in digital wallets, and cloud banking solutions. It highlights how these innovations are disrupting traditional financial services and creating new opportunities for consumers, merchants, and financial institutions while outlining the market potential and differing business models within each trend.",https://www.globalxetfs.com/articles/fintech-trends-beyond-digital-payments/,1614370592
V,PayPal Business Model,"This article details the business model of PayPal, a fintech and two-sided platform connecting merchants and consumers. It covers PayPal's history, solutions, ownership, mission statement, and various revenue streams, including transaction fees and credit services. The analysis also includes PayPal's Business Model Canvas, customer segments, value propositions, channels, relationships, resources, activities, partners, cost structure, competencies, and a SWOT analysis, highlighting its global reach and convenience.",https://businessmodelanalyst.com/paypal-business-model/,1614373569
V,"Banco Santander lanza Getnet, una nueva red de pagos en Chile","Banco Santander has officially launched Getnet, its new payment network in Chile, after several months of testing with over 250 businesses. This initiative aims to increase competition in the Chilean payments market by offering faster payment processing (same-day or multiple times daily), compatibility with various card types, and competitive commission rates. Getnet provides different plans for businesses and aims to be an innovative and secure solution for transactions.",https://www.iproup.com/innovacion/20998-banco-santander-lanza-getnet-una-nueva-red-de-pagos-en-chile,1614728760
V,"American Express Co. stock falls Tuesday, underperforms market","American Express Co. (AXP) stock fell 3.44% on Tuesday, closing at $145.10, despite an overall positive trading session for the broader market. This drop ended a six-day winning streak and left the stock $6.36 short of its 52-week high reached the previous day. The company's performance lagged behind competitors like Visa Inc. and Mastercard Inc.",https://www.marketwatch.com/story/american-express-co-stock-falls-tuesday-underperforms-market-01615327198-c29a82ef4254?gaa_at=eafs&gaa_n=AWEtsqdaMtX0pxjtHRLLfhz7AyZ-PT77FmiHohWy2gvPV0GgtpEbyHchH6r1&gaa_ts=699b9824&gaa_sig=77sISmPwhCehQAug3FUmb4CfrVAt9O-7y3hh564bOFoLHb5KySaaxnhooGivcaKIGHohnLi8voaU96heczeUjg%3D%3D,1615309140
V,"African payments company Flutterwave raises $170M, now valued at over $1B","African payments company Flutterwave has successfully closed a $170 million Series C funding round, pushing its valuation to over $1 billion. The investment was led by Avenir Growth Capital and Tiger Global, with participation from several other investors. This funding highlights strong investor confidence in the growth of fintech services across Africa, and Flutterwave plans to use the capital to accelerate customer acquisition, enhance existing products like Barter, and introduce new offerings.",https://techcrunch.com/2021/03/09/african-payments-company-flutterwave-raises-170m-now-valued-at-over-1b/,1615333931
V,Inside The Call: Zumiez Looks To Capitalize On Skate’s Discovery During Pandemic,"Zumiez Inc. saw strong fourth-quarter results, driven by a significant increase in skateboarding hard goods sales, which surged during the pandemic. The company plans to convert new skateboarders into loyal customers by expanding its inventory in this category. While footwear sales declined, Zumiez aims to revitalize this area by introducing new brands, and anticipates overall growth for 2021, with plans to open 22 new stores.",https://sgbonline.com/zumiez-looks-to-capitalize-on-skates-discovery-during-pandemic/,1615508962
V,Active Advantages + Value's Vigor: Fidelity's FBCV ETF,"This article discusses the Fidelity Blue Chip Value ETF (FBCV), an actively managed non-transparent ETF, as a potential investment for those seeking an active approach to value stocks. With value stocks showing renewed strength and attracting significant inflows, FBCV focuses on undervalued blue-chip companies with large or medium market capitalizations. The fund aims to capitalize on market sentiment improvements, abating recession fears, and attractive valuations for value stocks.",https://www.etftrends.com/active-etf-channel/active-advantages-values-vigor-fbcv-etf/,1615536585
V,Emerald Card clients have received their third stimulus,"H&R Block announced that third stimulus payments to Emerald Cards finished processing on March 16, 2021, ahead of the IRS's anticipated March 17th arrival for the first wave of payments. The company partnered with the IRS to ensure a smoother process for its clients receiving these crucial payments. Clients can check their payment status via the myBlock mobile app, Emerald Card support line, or the IRS Get My Payment site.",https://www.hrblock.com/tax-center/newsroom/irs/third-stimulus-payments-processed/,1615938418
V,"Kroger rushed to launch on-demand pay, and it's not alone","Amidst the pandemic, The Kroger Co. accelerated the rollout of an on-demand pay platform, DailyPay, to over 400,000 employees, despite typically avoiding such rapid vendor implementations. This decision reflects a broader trend, as the on-demand pay market experienced significant growth in 2020, driven by employers recognizing the financial fragility of their workforce. The system also proved useful during a cold snap in Southern states when mailed paychecks couldn't reach employees.",https://www.techtarget.com/searchhrsoftware/news/252498140/Kroger-rushed-to-launch-on-demand-pay-and-its-not-alone,1616027040
V,Women in Business: Nmachi Jidenma,"Nmachi Jidenma, Head of Scouts & Partnerships at Sequoia Capital, is highlighted for her significant contributions to venture capital and business development. Her career includes leading global strategy at WhatsApp, driving strategic partnerships at Facebook, and spearheading global business development at PayPal. Jidenma is also actively involved in philanthropic work and serves on several boards, demonstrating her influence across various sectors.",https://businessday.ng/interview/women-in-business/article/women-in-business-nmachi-jidenma/,1616803036
V,Galicia lanzó Inviu: invirtió US$ 15 millones y planea captar 30.000 inversores,"Grupo Financiero Galicia launched Inviu, an invest-tech platform, after investing US$15 million. The platform allows users to access investments and receive advice from financial advisors, aiming to simplify investing for Argentinians. Inviu seeks to attract 30,000 investors and manage $600 million in portfolios by the end of the year.",https://eleconomista.com.ar/negocios/galicia-lanzo-inviu-invirtio-us-15-millones-planea-captar-30000-inversores-n42288,1616975829
V,Visa Will Start Settling Transactions With Crypto Partners In USDC On Ethereum,"Visa is launching a pilot program to settle transactions with its crypto partners using USDC on the Ethereum blockchain, eliminating the need for fiat currency conversions. This initiative, starting with Crypto.com and enabled by Anchorage, aims to streamline operations and potentially pave the way for Visa's involvement with Central Bank Digital Currencies (CBDCs). The credit card giant plans to expand this offering to more partners later this year.",https://www.forbes.com/sites/ninabambysheva/2021/03/29/visa-to-start-settling-transactions-with-bitcoin-partners-in-usdc/,1616994000
V,71.7% of All Payments in India to be Digital by 2025,"A report by ACI Worldwide and GlobalData predicts that 71.7% of all payments in India will be digital by 2025, driven by a significant increase in real-time and electronic transactions. India led globally in real-time payment transactions in 2020 with 25.5 billion, and the pandemic has accelerated the adoption of digital payments worldwide. Mobile wallet usage also reached a historic high in 2020.",https://digitalterminal.in/news/22204.html,1617403833
V,"Vanguard Launches an Active Ultra-Short Bond ETF, 'VUSB'","Vanguard has launched its first active bond ETF, the Vanguard Ultra-Short Bond ETF (VUSB), offering a low-cost, diversified option for investors seeking income and limited price volatility for cash needs in the 6 to 18-month range. With an expense ratio of 0.10%, VUSB provides an alternative to money market funds and short-term bond funds, managed by an experienced in-house fixed income team. The ETF offers benefits such as a lower entry price point ($50/share) and the flexibility of intraday trading, distinguishing itself with a one-year duration designed to balance interest rate and credit spread sensitivities.",https://www.etftrends.com/vanguard-launches-active-ultra-short-bond-etf-vusb/,1617825090
V,JD.com Links Up With Visa to Promote Global Sales,"JD.com's global sales unit and Visa Inc. have partnered to launch an online merchant subsidies program aimed at consumers in Hong Kong, Macau, Taiwan, and other overseas markets. This collaboration focuses on building new infrastructure for cross-border e-commerce and enhancing the consumer payment experience, particularly among small and medium-sized merchants. The initiative addresses challenges faced by cross-border e-commerce during the pandemic, reflecting a surge in global online shopping demand.",https://www.caixinglobal.com/2021-04-08/jdcom-links-up-with-visa-to-promote-global-sales-101687046.html,1617853800
V,Map: How Countries’ Stock Markets Stack Up on ESG Practices and Carbon Risk,"This article examines global stock markets' performance on ESG practices and carbon risk, based on the Morningstar Sustainability Atlas. It highlights that European countries, especially the Netherlands, lead in sustainability scores, while emerging markets generally lag. The report also identifies countries with the lowest carbon risk, such as Switzerland and the U.S., contrasting them with high-risk nations like Russia due to their energy sector exposure.",https://www.morningstar.com/sustainable-investing/map-how-countries-stock-markets-stack-up-esg-practices-carbon-risk,1618608497
V,"With the Deadline Having Passed, Less Than Half of Sellers Comply With Gas Pump EMV","Less than half of fuel and convenience store sellers have complied with the EMV mandate for gas pumps, despite the April 17th deadline, according to a survey by ACI Worldwide Inc. This means liability for fraud at non-compliant pumps now shifts to the merchants. Issues such as a shortage of technicians and the COVID-19 pandemic have been cited as reasons for the delayed compliance, with many sellers still uncertain when they will achieve full EMV readiness.",https://www.digitaltransactions.net/with-the-deadline-having-passed-less-than-half-of-sellers-comply-with-gas-pump-emv/,1618872633
V,Volvo Trucks’ Customer Saia Takes Delivery of Two Volvo VNR Electrics,"Saia LTL Freight, a national transportation and logistics provider, has taken delivery of two Volvo VNR Electric trucks for its Los Angeles facility. These are the first zero tailpipe emission, battery-electric Class 8 trucks in Saia's fleet, deployed as part of the Volvo LIGHTS project to integrate electric trucks into the North American transport industry. Saia aims to leverage these vehicles to identify ideal routes for future battery-electric truck integration and further reduce its carbon footprint.",https://www.volvogroup.com/en/news-and-media/news/2021/apr/volvo-truck-customer-saia.html,1619039486
V,"India c.bank bans AmEx, Diners Club from issuing new cards for violating data rules","The Reserve Bank of India (RBI) has banned American Express and Diners Club International from issuing new cards to domestic customers starting May 1 due to violations of local data storage rules. Both companies had failed to comply with the directive requiring Indian payments data to be stored locally for supervisory access. American Express and Discover Financial Services, owner of Diners Club, expressed disappointment but are working with the RBI to resolve the concerns.",https://www.reuters.com/business/india-cbank-bans-amex-diners-club-issuing-new-cards-violating-data-rules-2021-04-23/,1619196240
V,India restricts American Express from adding new customers for violating data storage rules,"India's central bank, the Reserve Bank of India (RBI), has barred American Express and Diners Club from onboarding new customers starting May 1 due to violations of local data-storage regulations. These rules, introduced in 2018, mandate payments firms to store all Indian transaction data within the country. While existing customers remain unaffected, American Express expressed disappointment but is working with the RBI to resolve the issue.",https://techcrunch.com/2021/04/23/india-restricts-american-express-from-adding-new-customers-for-violating-data-storage-rules/,1619218437
V,"Sooner Than We Think? We Spoke with Murray Thom, D-Wave's VP of Product Management, About Production-Ready Quantum Apps","This interview with Murray Thom, D-Wave's VP of Product Management, explores the practical applications of quantum computing, especially D-Wave's annealing approach for optimization problems. Thom discusses how companies like Volkswagen and Save-On-Foods are already using quantum technology for real-world business gains, despite skepticism. He also emphasizes the importance of hybrid quantum-classical systems and encourages students and developers to engage with the quantum ecosystem by starting with available cloud services.",https://thequantuminsider.com/2021/04/25/sooner-than-we-think-we-spoke-with-murray-thom-d-waves-vp-of-product-management-about-production-ready-quantum-apps/,1619393159
V,52% of gas station merchants fall short of new chip card standard,"Only about 48% of major U.S. gas station merchants were expected to meet the April 17 deadline for installing EMV chip card readers, leaving over half vulnerable to fraud costs. These merchants will now bear the expense of counterfeit fraud at pumps not equipped with the new chip technology, while those compliant will have fraud losses covered by card issuers. The delay in adoption is attributed to challenges like technician and parts availability, overseas manufacturing, and the impact of the COVID-19 pandemic.",https://www.paymentsdive.com/news/gas-station-chip-card-aci-worldwide/599004/,1619477433
V,Merchants Can Offer More Touch-free Ways to Pay as Fiserv Brings PayPal and Venmo QR Code Payments to the Point of Sale,"Fiserv is enabling merchants of all sizes to accept PayPal and Venmo QR code payments at the point of sale through its Clover and Carat platforms, addressing the growing consumer demand for touch-free payment options. This partnership will allow businesses, including sports and entertainment venues like the Phoenix Suns Arena, to offer more convenient and secure payment methods, fostering customer loyalty and digital engagement. The initiative aims to streamline payment capabilities for merchants while adapting to evolving consumer preferences for digital and touch-free transactions.",https://www.businesswire.com/news/home/20210427005410/en/Merchants-Can-Offer-More-Touch-free-Ways-to-Pay-as-Fiserv-Brings-PayPal-and-Venmo-QR-Code-Payments-to-the-Point-of-Sale,1619554588
V,Mastercard partners with Gemini exchange to launch cryptocurrency rewards credit card,"Mastercard Inc. and U.S. cryptocurrency exchange Gemini are launching the first credit card that offers digital currency rewards on purchases. Users can earn up to 3 percent back in bitcoin or other cryptocurrencies, which will be deposited into their Gemini account. This move reflects deepening involvement of major payment firms in the emerging asset class.",https://www.theglobeandmail.com/business/international-business/article-mastercard-partners-with-gemini-exchange-to-launch-cryptocurrency/,1619556158
V,ICICI Bank is betting big on Artificial Intelligence and Machine Learning,"ICICI Bank is heavily investing in Artificial Intelligence (AI) and Machine Learning (ML) to reduce internal costs and boost deposit and lending growth, reporting a net profit of Rs 4,402 crore in Q4 FY21. The bank uses AI/ML to acquire customers faster, monitor spending and credit behavior, and develop scorecards for credit decisioning, particularly for unsecured products. It also leverages transaction data from digital payments like UPI to enhance customer behavior analytics and improve product penetration.",https://www.medianama.com/2021/04/223-icici-bank-benefits-ai-ml/,1619651522
V,FIS links with NYDIG to offer Bitcoin services,"FIS, a major U.S. payments processor, is partnering with NYDIG to allow its bank clients to offer Bitcoin services, including buying, selling, and holding the cryptocurrency. This move responds to growing customer demand and aims to help banks attract and retain customers while providing fee income. FIS is also acquiring a stake in NYDIG, a company specializing in Bitcoin technology and financial services.",https://www.paymentsdive.com/news/fis-links-with-nydig-to-offer-bitcoin-services/599668/,1620339475
V,Toast Appoints Elena Gomez as Chief Financial Officer,"Toast, a cloud-based technology platform for restaurants, announced the appointment of Elena Gomez as its new Chief Financial Officer, effective immediately. Gomez brings over 25 years of experience from companies like Salesforce and Zendesk, where she helped scale Zendesk to over $1 billion in annual revenue. In her new role, she will lead Toast's finance organization, including accounting, treasury, financial planning, and business operations, as Toast continues to evolve its platform and commitment to digital transformation in the restaurant industry.",https://pos.toasttab.com/news/toast-appoints-elena-gomez-as-chief-financial-officer,1620341097
V,Visa vs. Mastercard — should you buy either stock now?,"This article questions whether investors should buy Visa or Mastercard stock despite their high valuations due to their expected brisk earnings growth. Both companies are highlighted as mature and stable within the highly profitable payment processing industry, which avoids the credit risk and capital requirements of traditional lenders.",https://www.marketwatch.com/story/visa-vs-mastercard-should-you-buy-either-stock-now-11620396184?gaa_at=eafs&gaa_n=AWEtsqdiK35gQql7kgqBwbZNQfximRnfhfFEm06KVNE0UgjchR6KEP5N16Mq&gaa_ts=6907cff2&gaa_sig=36CFLVMrVr9IkphoB-R6PSV1lXDaNaFh9YcFVtAuN_nrKjt9gR7Hy6kyGmSQsql87ZtuUSNTtOWx06ALP4whGw%3D%3D,1620381780
V,"Hot Sale 2021 en bancos: ¿qué descuentos, ofertas y promociones ofrece cada uno?","The Hot Sale 2021 in Argentina will feature major discounts from 900 companies and brands. Additionally, several banks will offer extra benefits for their credit and debit cardholders, including discounts, interest-free installments, and special promotions on their online stores and partner brands. Each bank, such as BBVA, ICBC, Macro, Santander, Supervielle, Comafi, and Galicia, has specific deals ranging from percentage savings to extended interest-free payment plans.",https://argentina.as.com/argentina/2021/05/07/actualidad/1620397473_002872.html,1620425178
V,Innovator Interviews: Expedia Brand’s SVP & General Manager Shiv Singh,"Shiv Singh, SVP & GM of Expedia, discusses his passion for travel and his vision for Expedia's future, especially as the world recovers from the pandemic. He emphasizes building consumer trust through flexible booking options and health advisories, and leveraging Expedia's strong performance marketing while enhancing brand connections. Singh believes travel is a ""force for good"" and highlights the brand's commitment to supporting travelers and partners in a post-COVID world.",https://brand-innovators.com/innovator-interviews-expedia-brands-svp-general-manager-shiv-singh/,1620425815
V,Amex pushing beyond cards to woo small businesses,"American Express is expanding its services beyond traditional payment cards to better serve small and midsize businesses, a crucial segment accounting for a significant portion of its loan mix and card member receivables. The company is offering a range of supplier payment and cash-flow management solutions, including its One AP automation platform and Kabbage for lending and working capital, aiming to deepen relationships with existing clients and attract new ones. This move reflects a broader industry trend towards B2B solutions, with Amex leveraging its closed-loop system and bank charter to differentiate itself from competitors like Visa and Mastercard.",https://www.americanbanker.com/news/amex-pushing-beyond-cards-to-woo-small-businesses,1620684364
V,Under the hood of Australia’s largest sustainable ETF,"This article examines the BetaShares Global Sustainability Leaders ETF (ASX:ETHI), Australia's largest sustainable fund, highlighting its strong performance and strict exclusion criteria while also noting the inclusion of companies accused of tax evasion. It delves into the fund's methodology, its holdings (dominated by tech and financial services), and its performance compared to other funds, discussing the complexities of defining ""sustainable"" in investing. The piece also raises concerns about animal testing and tax minimization among some of ETHI's holdings.",https://www.morningstar.com.au/funds/under-the-hood-of-australias-largest-sustainable-etf,1620852158
V,US Bank and Plaid ink data sharing deal,"US Bank has partnered with Plaid to enable its customers to securely connect their accounts to third-party financial apps. This integration provides an API-based, credential-less open finance experience, allowing customers to share data with thousands of fintechs while maintaining control over permissions through both US Bank My Controls and Plaid Portal. The collaboration highlights a move towards more secure and transparent digital financial ecosystems through API adoption.",https://www.finextra.com/newsarticle/38050/us-bank-and-plaid-ink-data-sharing-deal,1620941284
V,Moneygram to Rollout “Buy & Sell BTC in Cash” Across its US Locations,"MoneyGram International, a money transfer company, has partnered with Coinme Inc., a licensed digital currency exchange, to allow customers to buy and sell Bitcoin (BTC) for cash across its U.S. locations. This collaboration aims to provide a more accessible way for millions to engage with cryptocurrency, especially first-time buyers who may be intimidated by online exchanges. The service will bridge cryptocurrency with local fiat currency through MoneyGram's extensive retail network, with plans for international expansion.",https://www.securities.io/moneygram-to-rollout-buy-sell-btc-in-cash-across-its-us-locations/,1620945000
V,Alan J. Ruffier,"Alan Ruffier is a Senior Managing Director in FTI Consulting's Trial & Arbitration Support practice, specializing in visually communicating case-related information for various litigation matters. He works with top law firms and corporations, leveraging computer technologies to create demonstrative exhibits for trials across 35 states. Notable cases include product liability litigation for Wyeth, the Visa CheckCard/MasterMoney Antitrust Litigation, and patent cases for TiVo.",https://www.fticonsulting.com/experts/alan-j-ruffier,1621203437
V,"Stripe, PayPal drive payments acquisitions spree with 2 more deals","The payments industry continues its acquisition spree, with Stripe acquiring online fraud prevention company Bouncer and PayPal purchasing returns processor Happy Returns. These deals highlight a strong appetite for consolidation among fintechs, particularly in the returns processing space, driven by the shift to digital payments and increased venture capital investments, despite potential challenges related to managing fragmented technologies.",https://www.paymentsdive.com/news/stripe-bouncer-paypal-happy-returns-returnly-curv-acquisition/600263/,1621290066
V,6 tips for better digital learning in the workplace,"The article provides six tips for improving digital learning in the workplace, emphasizing the need for flexible learning paths, opportunities for soft skill development, consumer-like learning experiences, increased engagement through gamification, exploration of VR and AR, and a purpose-driven strategy. These strategies aim to help companies upskill and reskill their workforces in the rapidly evolving corporate training landscape.",https://www.techtarget.com/searchhrsoftware/feature/10-LD-trends-for-the-next-normal,1621377929
V,First Data exec buys West Palm Beach condo unit for $17M (Photos),"A former First Data executive recently purchased a condo unit in the Bristol Palm Beach for $17 million, demonstrating a significant increase in its value since its previous sale two years prior. The article highlights other high-value condo transactions in South Florida, particularly within the Bristol Palm Beach development. The sale involves Robert Grossman, co-owner of Southern Container Corp., who sold the unit.",https://www.bizjournals.com/southflorida/news/2021/05/19/bristol-palm-beach-condo-sold-to-joe-plumeri.html,1621462457
V,3 Value ETFs to Stabilize Your Portfolio,"This article highlights how value-based ETFs can help stabilize portfolios during market volatility, especially after a tech and cryptocurrency sell-off. It discusses value equities' decreased sensitivity to extreme market swings compared to growth equities. The article recommends three specific value ETFs: Vanguard Value ETF (VTV), iShares Russell 1000 Value ETF (IWD), and SPDR Portfolio S&P 500 Value ETF (SPYV), detailing their characteristics and investment strategies.",https://www.etftrends.com/smart-beta-channel/3-value-etfs-to-stabilize-portfolio/,1621629142
V,"Payments giant FIS makes another crypto move, expanding in Europe","Payments giant FIS is expanding its crypto services in Europe through a new partnership with UK-based cryptocurrency exchange CEX.IO. FIS will provide card management and processing for CEX.IO's new line of crypto-based debit cards. This move follows FIS's earlier announcement to enable its bank clients to offer Bitcoin services, highlighting the increasing mainstream adoption of cryptocurrencies among major financial players.",https://www.paymentsdive.com/news/fidelity-National-Information-Services-cryptocurrency-europe-expansion/600653/,1621894675
V,BlackRock backs 3 director nominees challenging Exxon board — sources,"BlackRock, Exxon Mobil Corp’s second largest shareholder, has voted to support three of the four director candidates nominated by hedge fund Engine No. 1 to join Exxon's board. This move signals a growing seriousness among investors regarding climate change and adds pressure on Exxon and other oil companies to address their carbon footprint. Engine No. 1, despite its small stake, has gained traction with its criticism of Exxon's slow approach to reducing emissions, highlighting the increasing importance of ESG factors in investment decisions.",https://financialpost.com/commodities/energy/blackrock-backs-3-director-nominees-challenging-exxon-board-sources,1621980462
V,"PR News | Prosek, ICR Deliver Flywire’s Timely IPO - Wed., May 26, 2021","Prosek Partners and ICR Inc. are handling public relations and investor relations for Flywire, a global payments company that successfully raised $250 million in its initial public offering (IPO). Flywire plans to use these funds for technology development, solutions, and potential acquisitions. The IPO's timing is strategic, coinciding with an anticipated surge in post-pandemic travel, for which consumers are seeking seamless payment options.",https://www.odwyerpr.com/story/public/16225/2021-05-26/prosek-icr-deliver-flywires-timely-ipo.html,1622067510
V,Coinbase crypto partner Circle raises $440 million from Fidelity and others,"Cryptocurrency startup Circle, a Coinbase partner, has successfully raised $440 million in new funding from investors including Fidelity and FTX. This funding round highlights the growing investor appetite for crypto companies, coinciding with Coinbase's market debut and Circle's own plans to go public via a SPAC at a $4 billion valuation. Circle is increasingly focusing on its USD Coin (USDC) stablecoin, which has seen significant growth and adoption for digital payments.",https://fortune.com/2021/05/28/crypto-startup-circle-fidelity-ftx-stablecoin-usdc-coinbase-funding-spac/,1622232758
V,"Parthenon Capital, Tiger Global fuel payments sector ‘boom’","The payments sector is experiencing a significant boom, driven by increased investment from private equity, venture capital, and hedge funds, as well as accelerated digital adoption due to COVID-19. This has led to rising fundraising amounts and valuations for payment technology companies. Firms like Parthenon Capital and FTV Capital, who have long specialized in payments, are now facing heightened competition from major investors like Tiger Global, pushing up prices and making deal-making more challenging.",https://www.paymentsdive.com/news/private-equity-venture-capital-industry-growth/600965/,1622240466
V,South Korea’s Shinhan Bank Collaborates with Wise,"South Korea's Shinhan Bank has partnered with Wise (formerly TransferWise), a London-based fintech company, to significantly enhance its international money transfer services. This collaboration enables Shinhan Bank customers to conduct cheaper and faster international transfers from USD to 27 countries, including Canada, the US, the UK, and Australia. The integration aligns with Shinhan Bank's goal of making banking more convenient and Wise's mission to facilitate easier, faster, and more affordable cross-border money movement.",https://www.financemagnates.com/fintech/news/south-koreas-shinhan-bank-collaborates-with-wise/,1622757086
V,10 Largest Class Action Settlements in American History,"This article lists and describes the ten largest class action settlements in American history, detailing the circumstances and monetary values of each. These settlements range from issues like defective breast implants and accounting fraud to major events like the Volkswagen emissions scandal and the BP Gulf of Mexico oil spill, with the largest being the 1998 Big Tobacco settlement. The piece highlights how these lawsuits have impacted consumers and speculates on future large settlements, particularly in technology and privacy.",https://topclassactions.com/in-depth/10-largest-class-action-settlements-in-american-history/,1623101339
V,"Wells Fargo Announces Active Cash℠ Credit Card, Cash Back Card is First in New Multi-Card Suite","Wells Fargo announced the launch of its new Active Cash℠ Credit Card, the first in a new suite of consumer credit cards. This cash back card offers unlimited 2% cash rewards on purchases with no annual fee and an introductory 0% APR. The new portfolio signals a renewed focus on credit cards for Wells Fargo, with additional cards planned for later this year and 2022.",https://www.businesswire.com/news/home/20210608005295/en/Wells-Fargo-Announces-Active-Cash-Credit-Card-Cash-Back-Card-is-First-in-New-Multi-Card-Suite,1623187964
V,Amazon reviewing bids to replace JPMorgan as credit card partner - source,"Amazon is reportedly looking for a new credit card partner to replace JPMorgan Chase & Co. The e-commerce giant has issued a 'request for proposal' for its co-branded credit card portfolio, which is valued at over $15 billion in credit card lending. American Express Co and Synchrony Financial are among the companies that have submitted bids for the partnership.",https://www.reuters.com/business/amazon-reviewing-bids-replace-jpmorgan-credit-card-partner-source-2021-06-09/,1623208860
V,BofA’s Pay to Card Brings the Bank Into the Fast-Developing Market for Speedy Payouts,"Bank of America has launched Pay to Card, a new service allowing fast payouts to consumers globally, responding to increased demand from the gig economy and e-commerce growth. The service processes payments within five minutes domestically and often within half an hour internationally, leveraging debit card details for consistency across borders. Analysts see BofA having an advantage due to its existing business clients and consumers compared to fintechs that have developed similar payout platforms.",https://www.digitaltransactions.net/bofas-pay-to-card-brings-the-bank-into-the-fast-developing-market-for-speedy-payouts/,1623440822
V,"Así serán las nuevas tarjetas de BBVA con biometría, sin datos y sustentables","BBVA announced a new generation of credit and debit cards for its Mexican and Latin American customers. These cards, dubbed ""Aqua,"" will enhance security by omitting printed data, featuring dynamic CVV codes, and incorporating contactless and biometric (Smart Key) technology. Additionally, they will be environmentally friendly, made from up to 86% recycled materials, aligning with BBVA's global environmental objectives.",https://www.unocero.com/noticias/tarjetas-aqua-bbva-biometricas-contactless-sustentables-y-sin-datos-impresos/,1623705184
V,"Williams-Sonoma, Inc. Introduces Strategic Partnership with Capital One And Expands Cross-Brand Loyalty Programs","Williams-Sonoma, Inc. announced a strategic partnership with Capital One, making Capital One the exclusive long-term issuing partner for new co-brand and private-label credit card programs. This collaboration will expand cross-brand loyalty programs, allowing customers to earn and redeem rewards across Williams-Sonoma, Pottery Barn, West Elm, and other brands. The new credit cards and loyalty enhancements are expected to launch before the end of 2021, with Capital One acquiring the existing Williams-Sonoma, Inc. credit card accounts.",https://www.prnewswire.com/news-releases/williams-sonoma-inc-introduces-strategic-partnership-with-capital-one-and-expands-cross-brand-loyalty-programs-301313041.html,1623774600
V,Visa pilots US merchant phone-tap system,"Visa has launched a tap-to-phone payment pilot program for U.S. merchants, allowing them to accept contactless payments via their Android smartphones without additional hardware. The initiative, initially rolling out in Washington D.C. and then five other major cities, aims to support small and medium-sized businesses in adapting to increased digital payment preferences post-pandemic. This technology has been available in 30 other countries since last year and helps reduce friction, limit touch, and lessen reliance on cash transactions.",https://www.paymentsdive.com/news/visas-tap-to-phone-pilot-comes-to-the-us/601962/,1623878963
V,"Plaid, Visa, and the best fintech deal that never happened","This article details the failed $5.3 billion acquisition of fintech data startup Plaid by payments giant Visa. The deal, announced in 2020, was blocked by the Department of Justice on antitrust grounds, which accused Visa of attempting to stifle competition from a ""nascent competitive threat."" Following the termination of the merger, Plaid secured new funding that valued the company at $13.4 billion, demonstrating its significantly increased market value and independent growth potential, especially given the accelerated digital finance adoption during the pandemic.",https://fortune.com/2021/06/16/plaid-visa-fintech-unicorns-zach-perret/,1623880678
V,"Suit Claims Visa, MasterCard Are Fixing Prices On Square Fees","Visa and MasterCard are facing a new class-action lawsuit from small business owners. The lawsuit alleges that the credit card companies conspired with banks to illegally increase transaction fees on purchases made via Square devices, violating antitrust laws in 26 states. The complaint was filed on June 16, 2021, in the US District Court for the Eastern District of New York.",https://www.pymnts.com/cpi-posts/square-suit-claims-visa-mastercard-are-fixing-prices-on-fees/,1623965894
V,Oficial en Argentina: los bancos comunican que Visa no brinda más el seguro de alquiler de autos,"Banks in Argentina, specifically BBVA, have officially announced that Visa will discontinue its car rental insurance benefit starting July 1, 2021. This change affects rentals commencing on or after that date, regardless of when they were paid. The article advises travelers to review insurance coverage carefully to avoid surprises, especially since Mastercard's car rental insurance (which requires declining the Collision Damage Waiver) is still available.",https://www.infoviajera.com/2021/06/oficial-en-argentina-los-bancos-comunican-que-visa-no-brinda-mas-el-seguro-de-alquiler-de-autos/,1624137177
V,Fiserv appoints Guy Chiarello as Chief Operating Officer,"Fiserv, Inc. (NASDAQ:FISV) announced several executive appointments, including Guy Chiarello as Chief Operating Officer. Suzan Kereere will join as Chief Growth Officer, and Adam Rosman will rejoin as Chief Administrative Officer and Chief Legal Officer. These appointments aim to enhance client experience, drive strategy, and support future growth for the company.",https://fxnewsgroup.com/forex-news/executives/fiserv-appoints-guy-chiarello-as-chief-operating-officer/,1624565788
V,Passbook by Remitly Launches Suite of New Features,"Remitly's Passbook app has launched several new digital banking features to better serve immigrants, including a streamlined identity verification process, faster bank transfers, early payday access, person-to-person payments, and immediate activation of the Passbook Visa debit card. These enhancements aim to address common barriers immigrants face in accessing banking services, such as high fees and restrictive documentation. The company emphasizes its commitment to financial inclusion and responding to direct customer feedback to transform traditional financial processes.",https://www.citybiz.co/article/89066/passbook-by-remitly-launches-suite-of-new-features/,1624568798
V,Visa Installments launching in Canada with Scotiabank,"Visa Canada is launching ""Visa Installments"" in Canada, a new solution that allows consumers to convert purchases into smaller, equal payments over time. Scotiabank will be the first Canadian issuer to offer this service, branded as ""Scotia SelectPay™,"" to its Visa credit card customers, starting in August 2021. This initiative aims to meet the growing demand for flexible payment options, with Visa also planning to integrate Installments directly at checkout with other Canadian issuers later this year.",https://www.newswire.ca/news-releases/visa-installments-launching-in-canada-with-scotiabank-849825435.html,1624569279
V,CIBC to expand installment payment options for online credit card purchases with Visa Canada,"CIBC is partnering with Visa Canada to introduce a new installment payment option for eligible credit card purchases made online, expected to launch in early 2022. This new solution, called Visa Installments, will allow CIBC cardholders to convert qualifying online purchases into smaller, equal payments over a set period, expanding on CIBC's existing Pace It™ program. The initiative aims to provide clients with greater flexibility and control over their finances, tapping into the growing market for installment plans.",https://www.newswire.ca/news-releases/cibc-to-expand-installment-payment-options-for-online-credit-card-purchases-with-visa-canada-806303582.html,1624569470
V,Pornhub Lawsuit Is Problematic For Free Speech,"A class-action lawsuit against MindGeek, Pornhub's parent company, alleges human trafficking through non-consensual content posting, raising concerns about free speech and Section 230 of the Communications Decency Act. The author argues that while allegations are serious, the lawsuit misinterprets the platform's role and unfairly targets the adult entertainment industry, potentially threatening its survival. It highlights that the lawsuit is part of a trend challenging the liability shield for online platforms and suggests that real hotbeds of trafficking are often mainstream social media.",https://insidesources.com/pornhub-lawsuit-is-problematic-for-free-speech/,1624570098
V,Breaking Down 'BLOK': Inside This ETF's Portfolio,"The Amplify Transformational Data Sharing ETF (BLOK) demonstrated its active management prowess by capitalizing on crypto market volatility in May, mitigating losses despite its high correlation to Bitcoin. BLOK strategically narrowed its holdings and increased exposure to digital platforms and exchanges, which typically thrive during periods of extreme market fluctuations. The ETF, with over $1 billion in AUM, focuses 80% of its portfolio on companies involved in blockchain technology but does not directly invest in cryptocurrencies.",https://etfdb.com/crypto-content-hub/breaking-down-blok-inside-etfs-portfolio/,1624907348
V,"EMV contact, contactless use account for more than 90% of all Nayax cashless transactions in U.S","Nayax LLC announced that EMV contact and contactless payments now constitute over 90% of all cashless transactions on its U.S. devices, indicating a strong consumer preference for EMV over magnetic stripe transactions. The company has seen a significant increase in both contactless and EMV contact transactions since 2017, highlighting the importance for unattended operators to adopt EMV-certified readers to avoid lost sales and ensure secure, interoperable payment processing. Nayax emphasizes that its devices are fully EMV-certified, positioning them as a leading solution for cashless transactions in the unattended retail space.",https://www.vendingmarketwatch.com/technology/credit-debit-rfid-card-readers/news/21229511/emv-contact-contactless-use-account-for-more-than-90-of-all-nayax-cashless-transactions-in-us,1625691391
V,"Known for home lending dominance, Rocket Cos. looks to autos to help fuel growth","Rocket Companies Inc., traditionally dominant in mortgage lending, is expanding into the auto business with its Rocket Auto segment to drive growth. Leveraging its technology platform, Rocket Auto aims to streamline the car shopping experience, connecting consumers with dealers and financing options. This move is part of Rocket's broader strategy to expand its reach into automotive sales and financial services, building on its success in the first quarter with 13,600 vehicle sales and $360 million in gross merchandise value.",https://www.detroitnews.com/story/business/2021/07/07/rocket-companies-looks-autos-help-fuel-growth/7865705002/,1625693535
V,Payment solutions: Transaction evolution and the IoT,"The article explores the rapid evolution of payment solutions, driven by increased connectivity, fintech, and the Internet of Things (IoT). It highlights how the COVID-19 pandemic significantly accelerated the shift towards digital and contactless payments, with QR codes and online transactions seeing massive uptake. Experts discuss the move towards a cashless society, the growing importance of personalized customer experiences through data and AI, and the impact of Open Banking in streamlining financial transactions.",https://fintechmagazine.com/digital-payments/payment-solutions-transaction-evolution-and-iot,1625776623
V,SZA NFTs center of new American Express crypto rewards,"American Express has entered the NFT market by selling non-fungible tokens featuring R&B singer SZA, whose virtual concert the company recently hosted. The initial sale of 10 NFTs to concert attendees for $100 quickly sold out, demonstrating card member interest in the NFT space. This move, along with similar initiatives from MasterCard and Visa, highlights credit card companies' efforts to embrace blockchain innovation amid concerns that the technology could disrupt their traditional business models.",https://fortune.com/2021/07/12/nft-crypto-american-express-sza/,1626119212
V,Push-to-Card Payments Push Financial Services Forward,"The article discusses the accelerated adoption of push-to-card payments as an efficient alternative to traditional payment methods like checks, particularly within business operations. It highlights a partnership between Avidia Bank and KyckGlobal, where KyckGlobal's platform enables businesses to disburse funds instantly to individuals via debit cards, expanding push payments beyond peer-to-peer transactions. The piece emphasizes the importance for financial institutions to embrace cutting-edge technology and integrate such solutions to remain competitive in the evolving digital payments landscape.",https://www.paymentsjournal.com/push-to-card-payments-push-financial-services-forward/,1626207646
V,Acuerdo con los consumidores,"A Commercial Court has approved an agreement where Banco Galicia will reimburse customers for excess interest charged on VISA credit card financing between 2001 and 2005. The bank will also return commission fees for exceeding credit limits between 2000 and 2005. The total amount to be reimbursed is approximately 86 million pesos, with beneficiaries categorized into three groups for the reimbursement process.",https://www.diariojudicial.com/news-89689-acuerdo-con-los-consumidores,1626208560
V,Visa rolls out BNPL for merchants,"Visa is expanding its Buy Now, Pay Later (BNPL) services to merchants in Canada, partnering with Global Payments to allow eligible cardholders to use installment payment options at the point of sale. This move capitalizes on the growing BNPL market, with Visa planning to offer the service through credit union Desjardins and Scotiabank next month. The service, called Visa Installments, aims to increase purchase totals and conversion rates for merchants while providing consumers with flexible payment options without new loan applications.",https://www.paymentsdive.com/news/visa-rolls-out-bnpl-for-merchants/603257/,1626208623
V,Intuit’s new Quickbooks card-reader joins the POS payments fray,"Intuit has launched the QuickBooks Card Reader and Power Stand to cater to small businesses adapting to contactless payments, a trend accelerated by the COVID-19 pandemic. The card reader integrates with the QuickBooks accounting software and mobile app, offering features like an LED display, customizable tipping, and compliance notifications. This move places QuickBooks in direct competition with other payment providers like Visa, Podium, and PayPal, as it expands its suite of money management tools for small businesses.",https://www.paymentsdive.com/news/intuits-new-quickbooks-card-reader-joins-the-pos-payments-fray/603367/,1626381640
V,The Competitive Landscape in the BNPL Sector,"This article discusses the intensifying competitive landscape within the Buy Now, Pay Later (BNPL) sector, highlighted by Apple's recent entry. It traces the history of installment plans, analyzes how BNPL providers like Afterpay and Humm Group are navigating increasing competition from major financial institutions and tech giants, and examines their strategies for profitability and differentiation amidst growing regulatory scrutiny and declining valuations.",https://thebull.com.au/asx-stock-picks/the-competitive-landscape-in-the-bnpl-sector/,1626555475
V,Discover invests $30 million in BNPL company Sezzle,"Discover Financial Services is investing $30 million in the buy now-pay later (BNPL) provider Sezzle to integrate a BNPL solution on Discover's card network. This investment follows an earlier agreement to enable U.S. merchants to process BNPL payments on the Discover Global Network, positioning Discover to compete with rivals like Mastercard and Visa in the growing BNPL market. Discover will also collaborate with Sezzle on a referral program to introduce its credit and debit products to Sezzle’s customer base.",https://www.paymentsdive.com/news/discover-invests-30-million-in-bnpl-company-sezzle/603580/,1626729114
V,Kotak Global Innovation Fund of Fund Review,"The Kotak Global Innovation Fund of Fund, which invests in the Wellington Global Innovation Fund, is reviewed in this article. The author advises investors to avoid this fund despite its recent outperformance due to high expense ratios and the fund's short history, suggesting alternatives like the Motilal Oswal S&P 500 Index Fund for international market exposure. The fund invests in global companies driving innovation and structural growth trends.",https://freefincal.com/kotak-global-innovation-fund-of-fund-review/,1626855000
V,Upgrade Card Becomes First Generally Available U.S. Credit Card to Offer Bitcoin Rewards,"Upgrade, Inc. has launched the Upgrade Bitcoin Rewards Card, making it the first generally available U.S. credit card to offer bitcoin rewards. Cardholders will earn an unlimited 1.5% in bitcoin rewards on every purchase upon payment, combining affordable credit with the potential upside of owning bitcoin. The card promotes responsible credit use by converting balances into fixed-rate installment plans and offers benefits as a Visa Signature card.",https://www.paymentsjournal.com/upgrade-card-becomes-first-generally-available-u-s-credit-card-to-offer-bitcoin-rewards/,1626902897
V,"Card companies go green, but hurdles remain","The payment card industry faces environmental challenges due to plastic card waste and transaction processing emissions. Companies are exploring solutions like recycling cards, using alternative materials such as ocean-recovered plastic or metal, and promoting digital-first cards, driven by increasing consumer demand for eco-friendly options. Despite these efforts, hurdles like recycling complexities, higher costs for sustainable materials, and consumer reluctance to fully abandon physical cards remain.",https://www.paymentsdive.com/news/payments-companies-look-towards-greener-future-roadblocks-lie-ahead/602847/,1626987755
V,Visa to Acquire Currencycloud,"Visa announced a definitive agreement to acquire Currencycloud, a global platform for foreign exchange solutions, for £700 million. This acquisition builds on an existing partnership and aims to strengthen Visa's cross-border payment capabilities, serving financial institutions and fintechs with innovative and transparent international payment services. Currencycloud's platform, which supports nearly 500 banking and technology clients in over 180 countries, will continue to operate from its London headquarters with its current management team.",https://finyear.com/visa-to-acquire-currencycloud-2_a45053.html,1626989297
V,Young Indian investors warming up to clean energy ETFs: Report,"A report by Globalise indicates that young Indian investors are increasingly interested in clean energy ETFs, alongside growth-oriented technology funds. The ARK Innovation ETF, Renaissance IPO ETF, Small Cap Growth Vanguard ETF, Invesco WilderHill Clean Energy ETF, and Invesco QQQ Trust Series 1 were among the top ETFs in demand. Young investors, particularly from states like Tamil Nadu, Maharashtra, Delhi, and Karnataka, are seeking to diversify their portfolios through global investing platforms.",https://www.livemint.com/mutual-fund/mf-news/young-indian-investors-warming-up-to-clean-energy-etfs-report-11627033820961.html,1627059120
V,"Fiserv, Goldman strike pact on cross-border payments","Fiserv and Goldman Sachs have announced a partnership aimed at enhancing cross-border business-to-business (B2B) payments. The collaboration seeks to reduce high transaction costs and improve settlement speeds for suppliers, with Fiserv managing accounts payable and Goldman Sachs handling foreign exchange and domestic payment delivery in numerous currencies. This initiative is the first step in a broader strategic alliance between the two financial companies to innovate in the payments sector, addressing long-standing challenges in international transactions.",https://www.paymentsdive.com/news/fiserv-goldman-strike-pact-on-cross-border-payments/603947/,1627418028
V,Twitter's Dorsey leads $29 bln buyout of lending pioneer Afterpay,"Square Inc., led by Twitter co-founder Jack Dorsey, is set to acquire Australian buy now, pay later pioneer Afterpay Ltd. for $29 billion. This acquisition is Square's largest to date and creates a significant player in the rapidly growing financial technology sector, intensifying competition with traditional banks and tech firms. The deal highlights the increasing popularity of ""buy now, pay later"" services, especially after the pandemic-driven shift to online spending.",https://www.reuters.com/technology/square-buy-australias-afterpay-29-billion-2021-08-01/,1627925160
V,"Kredivo, the Leading Digital Consumer Credit Platform in Southeast Asia, Announces Plans to Become a Publicly Traded Company via Merger with VPC Impact Acquisition Holdings II","Kredivo, a leading digital consumer credit platform in Southeast Asia, and VPC Impact Acquisition Holdings II (VPCB), a SPAC sponsored by Victory Park Capital, have announced a definitive agreement for a business combination. This merger will result in FinAccel, Kredivo’s parent company, becoming publicly traded with an expected pro forma equity value of approximately $2.5 billion. The transaction is anticipated to deliver over $430 million in gross proceeds to the company, enabling Kredivo's continued growth in Indonesia, expansion into regional markets like Vietnam and Thailand, and entry into new business lines.",https://www.businesswire.com/news/home/20210802005686/en/Kredivo-the-Leading-Digital-Consumer-Credit-Platform-in-Southeast-Asia-Announces-Plans-to-Become-a-Publicly-Traded-Company-via-Merger-with-VPC-Impact-Acquisition-Holdings-II,1627934542
V,How Kabbage is helping American Express connect with small merchants,"American Express's acquisition of fintech Kabbage is strengthening its reach into the small business market, evidenced by the launch of Kabbage Checking and lines of credit. Kabbage's data technology enables faster lending decisions for small businesses, positioning Amex to compete with other payment providers and fintechs that offer integrated financial services. This strategy helps Amex diversify revenue beyond travel-related payments and assists overlooked small businesses in accessing crucial financial tools.",https://www.americanbanker.com/payments/news/how-kabbage-is-helping-american-express-connect-with-small-merchants,1628594700
V,Digital payments soared during the pandemic and are here to stay,"The COVID-19 pandemic significantly accelerated the adoption of digital and contactless payment methods, a trend experts believe is permanent. Visa reported a 30% increase in tap-to-pay transactions year-over-year, and nearly half of consumers now avoid stores without contactless payment options. This shift is driven by health and safety concerns, as well as the convenience, speed, and security that digital payments offer.",https://www.cnbc.com/2021/08/17/digital-payments-soared-during-the-pandemic-and-are-here-to-stay.html,1629229551
V,"Payment Card Market SWOT Analysis by Key Players- MasterCard, Visa, Diner's Club","This report from HTF MI provides a detailed SWOT analysis and forecast for the worldwide payment card market from 2021 to 2026. It covers market trends, growth drivers, technological advancements, and investment structures, segmenting the market by end-use, card types (contactless, contact, dual interface), and geographic regions. Key players analyzed include MasterCard, Visa, American Express, and others, offering insights into market share, value, and volume, along with critical factors influencing future growth.",https://www.openpr.com/news/2357761/payment-card-market-swot-analysis-by-key-players-mastercard,1629231300
V,Mastercard is getting rid of its credit cards' magnetic stripes,"Mastercard is phasing out magnetic stripes on its credit and debit cards over the next decade, aiming for more secure alternatives. This move is driven by the rise of contactless payments, microchip technology, and biometric identification, which offer enhanced security compared to traditional magnetic stripes. Mastercard expects magnetic stripes to be completely eliminated by 2033, with chip-based cards becoming the new standard.",https://abc7news.com/post/mastercard-magnetic-stripes-mag-strips-phasing-out-magnet/10960235/,1629319358
V,Solana ETN,"The VanEck Solana ETN (VSOL) offers investors exposure to the Solana smart contract platform, a competitor to Ethereum, with 100% collateralization by SOL in cold storage at a regulated custodian. This ETN is tradeable on regulated stock exchanges and aims to provide a safe, cost-efficient, and easily integrated way to invest in Solana's high-speed and scalable blockchain technology. The article highlights Solana's fast transaction speeds, low costs, and proof-of-history consensus mechanism, along with an overview of its founder, Anatoly Yakovenko, and recent funding.",https://www.vaneck.com/lu/en/solana-etn/,1629494220
V,ICICI Bank Germany unveils Blocked Account* for Indian students,"ICICI Bank Germany has launched a digital and instant ""Blocked Account"" specifically for Indian students planning to study in Germany. This account allows students to deposit the required funds online to obtain a Balance Confirmation Certificate (BCC), which is mandatory for a German student visa, without needing to visit a bank branch. The offering uniquely combines the Blocked Account with a complimentary Current Account and a global VISA debit card, delivered to students in India before their departure for Germany.",https://bfsi.eletsonline.com/icici-bank-germany-unveils-blocked-account-for-indian-students/,1629748121
V,"MVB Expands Investment in Interchecks Technologies, Inc.","MVB Financial Corp. (MVBF) has increased its investment in Interchecks Technologies, Inc., a payment disbursement platform, raising its stake to 16%. This expanded partnership also includes a management contract for Interchecks CEO Dylan Massey and his team to develop and roll out MVB's GRAND digital account for gaming and crypto. The move aims to leverage Interchecks' real-time payment infrastructure, particularly in the growing online gaming market, and highlights the success of MVB's Fintech ecosystem.",https://www.businesswire.com/news/home/20210826005622/en/MVB-Expands-Investment-in-Interchecks-Technologies-Inc.,1630007827
V,"Santander presents LikeU, the first financial on demand cards that can also be used to contribute to a social cause","Banco Santander Mexico has launched its new ""LikeU"" credit cards, offering customers personalized benefits, enhanced security features, and the ability to support social and environmental causes. These cards are 100% digital, allow payments from digital wallets, and come in six colors, each linked to a specific social cause like reforestation, child education, sea cleaning, or fighting breast cancer. Santander aims to commercialize one million LikeU cards in the first year, representing a 20% growth in its credit card portfolio.",https://www.santander.com/en/press-room/press-releases/2021/09/santander-presents-likeu-the-first-financial-on-demand-cards-that-can-also-be-used-to-contribute-to-a-social-cause,1630955735
V,PayPal Buys Paidy in A $2.7 Billion Deal to Expand Buy Now Pay Later Service,"PayPal Holdings Inc. announced its acquisition of Japanese buy now, pay later (BNPL) firm Paidy for 300 billion yen ($2.7 billion) to expand its presence in Japan, the world's third-largest e-commerce market. This cash deal, expected to close in Q4 2021, aims to leverage Paidy's established BNPL solutions and 6 million users to boost PayPal's position in this strategically important market. The acquisition is part of a larger trend in the payment industry, with other major players like Square and Amazon also investing heavily in BNPL services.",https://www.tekedia.com/paypal-buys-paidy-in-a-2-7-billion-deal-to-expand-buy-now-pay-later-service/,1631059200
V,"PayPal's $2.7 bln Japan deal heats up buy now, pay later race","PayPal announced its acquisition of Japanese buy now, pay later (BNPL) firm Paidy for $2.7 billion in a largely cash deal. This move aims to expand PayPal's presence in Japan's growing online shopping market and intensify competition in the BNPL sector, following similar consolidations like Square's acquisition of Afterpay. The deal is expected to close in the fourth quarter and will be minimally dilutive to PayPal's adjusted earnings per share in 2022.",https://www.reuters.com/business/paypal-buy-japan-based-paidy-27-bln-deal-2021-09-08/,1631119080
V,"PayPal's $2.7 billion Japan deal heats up buy now, pay later race","PayPal has announced a $2.7 billion all-cash deal to acquire Japanese buy now, pay later (BNPL) firm Paidy, accelerating its expansion in the burgeoning market. This move follows rival Square's acquisition of Afterpay and highlights the increasing consolidation within the BNPL sector, especially given Japan's growing online shopping volume and unique consumer payment habits. The acquisition will allow PayPal to strengthen its position in a market where cash payments still dominate, while Paidy will continue operating under its current brand and leadership.",https://www.nippon.com/en/news/reu20210908KBN2G4056/,1631128381
V,PayPal deepens its buy-now-pay-later push with acquisition of Japan’s Paidy for $2.7 billion,"PayPal has announced its acquisition of Japanese buy-now-pay-later (BNPL) startup Paidy for 300 billion yen ($2.7 billion) to strengthen its presence in the BNPL market, particularly in Japan. Paidy allows consumers to make online purchases and pay in installments at convenience stores, catering to Japan's cash-centric economy. This acquisition follows other significant BNPL deals in the industry, highlighting the growing global trend of flexible payment options.",https://fortune.com/2021/09/08/paypal-acquires-paidy-japan-buy-now-pay-later/,1631135168
V,"Williams-Sonoma, Inc. Launches The Key Rewards Credit Card Program In Partnership With Capital One","Williams-Sonoma, Inc. has launched The Key Rewards Credit Card Program in partnership with Capital One, offering cardmembers advanced rewards across Williams-Sonoma, Inc. brands and on grocery and dining purchases. The program features various reward tiers, promotional financing, and additional benefits like free shipping and birthday rewards. Notably, the credit cards are made from 85.5% recycled materials, aligning with both companies' commitment to sustainability.",https://www.businesswire.com/news/home/20210913005792/en/Williams-Sonoma-Inc.-Launches-The-Key-Rewards-Credit-Card-Program-In-Partnership-With-Capital-One,1631568497
V,Apple Pay: Usuarios logran enrolar tarjetas de crédito del Banco de Chile,"Clients of Banco de Chile successfully enrolled their credit cards with Apple Pay by changing their device's region to the United States. This unexpected integration suggests an imminent official launch of Apple Pay in Chile, despite the bank later blocking the enrollment possibility and declining to comment. The temporary success and subsequent notification indicate a direct, albeit unofficial, link between Banco de Chile and Apple's payment platform.",https://chocale.cl/2021/09/apple-pay-tarjetas-credito-banco-de-chile/,1631817646
V,Payment industry racks up two more deals,"The payments industry is experiencing a significant acquisition spree, moving towards a potentially record-breaking year for deal volume, driven by fintech startups and the shift to digital payments accelerated by COVID-19. Key deals include SpotOn acquiring Appetize, and FortisPay purchasing OmniFund, demonstrating a trend of incumbents and well-funded startups buying rivals and new technologies. While the number of acquisitions is high, the total dollar value for these deals remains below previous records.",https://www.paymentsdive.com/news/payment-industry-racks-up-two-more-deals/606534/,1632164152
V,"HDFC Bank, Paytm partner to issue Visa-powered credit cards","HDFC Bank and digital payments firm Paytm have partnered to launch co-branded credit cards powered by Visa, targeting millennials, business owners, and merchants. The customized credit cards will start rolling out next month, with the full suite expected by December 2021, focusing on Tier II and Tier III markets to boost digital payment adoption. This collaboration follows a previous strategic partnership between the two entities to deliver financial solutions and aims to fuel economic growth, especially during the festive season.",https://www.retailbankerinternational.com/news/hdfc-bank-paytm-partner-visa-powered-credit-cards/,1632164207
V,Propel raises $20M funding for its product lifecycle management platform,"Propel, a product lifecycle management (PML) startup, secured $20 million in Series C funding led by Salesforce Ventures, bringing its total raised to $48 million. The funding will support product development and sales for its Product 360 platform, which integrates quality management, PLM, and commercialization tools on Salesforce. The platform aims to help companies launch products faster, simplify compliance, and improve supply chain resiliency, with customers like Vizio and GoPro reporting significant improvements.",https://siliconangle.com/2021/09/21/propel-raises-20m-funding-product-lifecycle-management-platform/,1632249987
V,Williams-Sonoma Inc. launches rewards credit card program,"Williams-Sonoma Inc. has launched a new Key Rewards credit card program in partnership with Capital One. This program allows cardholders to earn rewards on purchases across all Williams-Sonoma Inc. brands and from grocery and dining purchases. The card offers various benefits including promotional financing, free shipping, and a $0 annual fee, aiming to enhance customer rewards.",https://www.hometextilestoday.com/finance/williams-sonoma-inc-launches-rewards-credit-card-program/,1632346381
V,Visa Promotes Kelly Mahon Tullier to Vice Chair,"Visa announced the promotion of two senior leaders: Kelly Mahon Tullier to Vice Chair, Chief People and Administrative Officer, and Julie Rottenberg to Executive Vice President, General Counsel, effective October 1, 2021. Tullier will now lead Visa’s People organization in addition to her current responsibilities, while Rottenberg will oversee the global Legal and Compliance function. This move follows the planned departure of Chief Human Resources Officer Jennifer Grant at the year's end.",https://www.citybiz.co/article/146826/visa-promotes-kelly-mahon-tullier-to-vice-chair/,1632432497
V,"Linda Rendle: age, family, education, salary, career, songs, profiles, net worth","This article profiles Linda Rendle, the first woman CEO of The Clorox Company, detailing her age, education, career progression, and estimated salary. It highlights her journey from a sales analyst to a top executive in a male-dominated field, emphasizing her achievements and recognition as a powerful woman in business.",https://briefly.co.za/110265-linda-rendle-age-family-education-salary-career-songs-profiles-net-worth.html,1632686247
V,Norfolk Southern's former Midtown HQ lands big tenant; upgrades pending,"Visa plans to open a new Midtown Atlanta office, projected to house 1,000 employees focusing on tech and client services, in the former Norfolk Southern headquarters. This move marks another significant tech-job win for Midtown, following announcements from Google and Microsoft. Cousins Properties, which owns the building, will undertake substantial renovations after Norfolk Southern vacates later this year.",https://atlanta.urbanize.city/post/norfolk-southerns-former-midtown-hq-lands-big-tenant-upgrades-pending,1632916800
V,"Georgia threw millions at 2,000-job Fiserv expansion — and lost - Atlanta Business Chronicle","Georgia's significant investment of almost $100 million to secure a 2,000-job expansion for Fiserv Inc. was unsuccessful. The global financial technology firm ultimately chose New Jersey for its expansion instead of Georgia.",https://www.bizjournals.com/atlanta/news/2021/09/30/fiserv-new-jersey-expansion.html,1632994140
V,Sezzle payment solution review,"Sezzle is a payment solution that allows e-commerce and retail businesses to offer customers flexible payment options, such as splitting purchases into four interest-free payments over six weeks. Businesses benefit from Sezzle handling fraud, chargebacks, and repayments, while customers appreciate the financial flexibility. The platform integrates easily with major e-commerce platforms like Shopify and Magento, making it a valuable tool for boosting online sales.",https://www.techradar.com/reviews/sezzle-payment-solution,1633029387
V,VISA to Join Microsoft & Google in Atlanta’s Hottest Office Submarket,"VISA has leased 123,000 square feet in Midtown Atlanta for a new hub, expecting to create 1,000 jobs, joining other tech giants like Microsoft and Google which have also established significant presences in the city. Atlanta's thriving tech scene, bolstered by strong local talent and a supportive ecosystem, continues to attract major companies and foster homegrown successes. This influx of tech firms is transforming Atlanta into a key hub for innovation and employment in the tech sector.",https://www.commercialcafe.com/blog/high-profile-office-leases-atlanta-hottest-office-submarket/,1633542885
V,"More U.S. stock-market giants become available to Canadians in a low-cost version. Plus, why some investors may be underestimating the bull case for equities","Canadian investors can now access fractional shares of major U.S. companies through Canadian depositary receipts (CDRs) offered by CIBC, providing a low-cost, currency-hedged investment option. These CDRs have seen strong interest, especially from DIY investors, despite slightly wider bid-ask spreads compared to their U.S. counterparts. The article also discusses reasons why investors might be underestimating the current bull case for equities, despite recent market wobbles due to inflation, bond yields, and other global concerns.",https://www.theglobeandmail.com/investing/investment-ideas/article-more-us-stock-market-giants-become-available-to-canadians-in-a-low/,1633715587
V,Bill Shields Named TransUnion’s Chief Information Security Officer,"TransUnion has appointed Bill Shields as its new Chief Information Security Officer (CISO). Shields brings over 22 years of experience from leadership roles at Visa, Citadel, and Fidelity Investments. In his new role, Shields will lead global information security efforts and enhance TransUnion's risk-based program to meet industry and regulatory requirements.",https://newsroom.transunion.com/bill-shields-named-transunions-chief-information-security-officer/,1634022000
V,CapWay Launches Inclusive Digital Bank With Finance-Inspired Lifestyle Products and Services,"CapWay, an Atlanta-based fintech startup, has launched its digital bank, offering inclusive financial products aimed at bridging gaps left by traditional banking systems. The neobank provides a CapWay Money Account, Visa debit card, and ""Money Goals"" savings feature, all without monthly, minimum balance, or overdraft fees. CapWay also emphasizes financial literacy through content like ""Learn Money"" and ""Phunds"" programs, targeting underserved working-class Americans and operating on both B2C and B2B2C models.",https://www.newswire.com/news/capway-launches-inclusive-digital-bank-with-finance-inspired-lifestyle-21524049,1634060633
V,Can Stellar replicate this Bitcoin trend and rally to $3,"Stellar (XLM) has shown significant growth due to new partnerships, including with MoneyGram and Visa, and ecosystem developments like Protocol 18. Despite being 63.40% below its 2018 ATH, analysts suggest XLM could replicate Bitcoin's past gains, potentially reaching $3. However, concerns exist regarding a drastic drop in development activity and competition with XRP in the CBDC market.",https://ambcrypto.com/can-stellar-replicate-this-bitcoin-trend-and-rally-to-3/?amp,1634580826
V,PayPal's shares dropped while Pinterest's surged on reports that they're in merger talks,"Reports of merger talks between PayPal and Pinterest led to significant stock movements for both companies. PayPal's shares dropped following the news, while Pinterest's stock surged. PayPal is reportedly considering a $70 per share offer for Pinterest, representing a 26% premium.",https://www.bizjournals.com/sanjose/news/2021/10/20/paypal-pinerest-shares-react-to-merger-talks.html,1634754111
V,"Goldman Sachs, AmEx debut cloud-based payments service for corporate clients","Goldman Sachs and American Express have partnered to launch a new cloud-based payments service for corporate clients, aiming to streamline business-to-business (B2B) payments. This collaboration integrates AmEx’s virtual cards into Goldman Sachs Transaction Banking (TxB) platform, providing multiple payment options and reducing complexities for large corporations. The service is expected to expand in early 2022 and leverages AmEx's relationships with a large number of Fortune 500 companies.",https://www.bankingdive.com/news/goldman-sachs-amex-debut-cloud-based-payments-service-for-corporate-client/608581/,1634759212
V,ITILITE partners with ICICI Bank to offer commercial credit card for travel expenses to businesses,"ITILITE has partnered with ICICI Bank to launch a commercial credit card specifically for business travel expenses. This collaboration will provide businesses with an 'ICICI Bank Central Travel Account Card (CTA card)' offering a credit period of up to 50 days and discounted travel bookings on the ITILITE platform. The partnership aims to streamline and automate employee travel and expense management, enhancing productivity and cost-effectiveness for businesses.",https://www.prnewswire.com/in/news-releases/itilite-partners-with-icici-bank-to-offer-commercial-credit-card-for-travel-expenses-to-businesses-879260686.html,1634823420
V,Palestinians urge PayPal to offer services in West Bank and Gaza,"Palestinian digital rights group 7amleh and local entrepreneurs are urging PayPal to extend its services to the West Bank and Gaza, citing discriminatory practices and economic hindrances. They argue that PayPal's absence, despite its availability to Israeli bank account holders in the same region, disadvantages Palestinian businesses and freelancers who rely on e-commerce for income. The Palestine Monetary Authority (PMA) has hinted at potential progress on this issue in the near future.",https://www.ynetnews.com/business/article/s1n8utcrk,1634840511
V,5 NFT Stocks with Potential Upside,"This article identifies five NFT-related stocks with potential for future upside, despite initial skepticism about the NFT trend. It analyzes Dolphin Entertainment Inc. (NASDAQ: DLPN), Funko Inc. (NASDAQ: FNKO), Shopify Inc. (NYSE: SHOP), Cinedigm Corp. (NASDAQ: CIDM), and Visa Inc. (NYSE: V), highlighting their involvement in the NFT space and past stock performance. The author emphasizes that while the future of NFTs is uncertain, these stocks offer trading opportunities based on market interest and news.",https://stockstotrade.com/nft-stocks/,1635192389
V,"Three U.S. banks agree to $66 million ATM antitrust deal, class counsel says","Bank of America, Wells Fargo, and JPMorgan Chase have agreed to a $66.7 million settlement in a consumer antitrust lawsuit. The settlement resolves claims that the banks conspired to fix ATM surcharges, with Bank of America paying $26.4 million, Wells Fargo $20.8 million, and JPMorgan Chase $19.5 million. The deal still requires preliminary court approval, while Visa and Mastercard, also named in the lawsuit, are contesting a class certification order.",https://www.reuters.com/legal/transactional/three-us-banks-agree-66-million-atm-antitrust-deal-class-counsel-says-2021-10-26/,1635275400
V,"Microsoft brought 1,500 jobs to Atlanta. A wave of tech investments followed.","Microsoft's expansion in Atlanta, bringing 1,500 jobs with its Atlantic Yards office, has spurred further technology investments in the city. The state views Microsoft's presence as a catalyst for attracting other Fortune 500 tech companies, particularly from the West Coast. This move is seen as a significant development for Atlanta's technology sector.",https://www.bizjournals.com/atlanta/news/2021/10/26/microsoft-atlantic-yards-tech-developemnts.html,1635335040
V,Amex touts youthful spending,"American Express is successfully attracting younger cardholders, specifically millennials and Gen Z, who are outspending their older counterparts. CEO Steve Squeri highlighted that these younger customers' spending soared by 48% year-over-year and 38% compared to pre-pandemic levels (2019), even for products like the Platinum card with a high annual fee. This success is attributed to Amex's significant marketing investment and tailored benefits, despite the ongoing challenges in corporate and cross-border travel spending.",https://www.paymentsdive.com/news/amex-touts-youthful-spending/609046/,1635356872
V,"Dual Interface Payment Card Market Size Report, 2022-2030","The global dual interface payment card market reached USD 8,026.4 million in 2023 and is projected to grow at a CAGR of 16.7% from 2024 to 2030, driven by advancements in payment card chips, integration of NFC and RFID, and increasing demand for contactless payments. Key factors include consumer preference for fast and secure transactions, the COVID-19 pandemic's impact on contactless adoption, and rising demand in the banking sector for biometric-integrated cards. The market also faces challenges such as security concerns and the cost of hardware upgrades, with plastic and retail segments holding significant shares.",https://www.grandviewresearch.com/industry-analysis/dual-interface-payment-card-market-report,1635454955
V,Amex rolls out first-ever debit card,"American Express has launched its first-ever debit card and checking account offering in the U.S., targeting small- and mid-sized businesses. This move marks a significant shift for Amex, which has primarily focused on credit cards, and comes as debit card usage has increased since the COVID-19 pandemic. The new account offers benefits like no minimum balance, 1.1% interest on balances up to $500,000, and no monthly fees.",https://www.paymentsdive.com/news/amex-rolls-out-first-ever-debit-card/609167/,1635529672
V,Modernize or Perish Incumbent Banks Must Prepare for the Future of Payments,"The article discusses how incumbent banks must modernize their payment systems to adapt to the rapidly changing financial landscape. Driven by increased digitization, real-time payments, and open banking, the traditional banking sector faces pressure from fintechs and challenger banks. The author, Sriranga Neelathali Sampathkumar of Infosys Ltd, emphasizes that banks need to adopt an early mover strategy, embrace innovative banking, and acknowledge disruptors to survive and thrive in this new reality.",https://gfmag.com/sponsored-content/modernize-or-perish-incumbent-banks-must-prepare-future-payments/,1635530874
V,What the Best Index Funds Have in Common,"This article by Ben Johnson explains that understanding index construction is crucial for evaluating index funds. It details Morningstar's process for rating index funds, focusing on the ""Process Pillar,"" which primarily assesses index methodologies. The article outlines key aspects of index construction—universe, selection, weighting, constraints, and rebalancing—and identifies traits of the best indexes, such as being representative, diversified, investable, transparent, sensible, and turnover-conscious.",https://www.morningstar.com/markets/what-best-index-funds-have-common,1635873771
V,Visa officially opens the door to its flagship new Dubai headquarters for the CEMEA region,"Visa has officially opened its new flagship headquarters for the Central and Eastern Europe, Middle East and Africa (CEMEA) region in Dubai. The 100,000 square feet office will house almost 500 regional employees and can accommodate up to 750, expanding Visa's capabilities across nearly 90 countries. The new HQ features an Innovation Center for co-creation and is designed to support a hybrid work environment, fostering collaboration and technological advancement in digital commerce.",https://www.zawya.com/en/press-release/visa-officially-opens-the-door-to-its-flagship-new-dubai-headquarters-for-the-cemea-region-rayzh6br,1636320498
V,"Solana Breakpoint 2021 celebrates price ATH, technology and projects to come on emerging blockchain","Solana hosted its first global offline conference, Breakpoint 2021, in Lisbon, highlighting an impressive year for the blockchain. Key announcements included a US$100 million partnership with Reddit co-founder Alexis Ohanian's Seven Seven Six to invest in decentralized social media, and Brave browser integrating Solana wallet features. The conference also showcased Solana's technological advancements, such as its Wormhole cross-chain bridge and high transaction speeds, attracting attention from Polygon Network and Nansen analytics platform.",https://forkast.news/solana-breakpoint-2021-highlights/,1636738844
V,Amazon to stop accepting Visa's UK-issued credit cards over high fees,"Amazon announced it will stop accepting UK-issued Visa credit cards from January 19, 2022, citing high transaction fees charged by Visa. While Visa debit cards and other credit card types like Mastercard and Amex will still be accepted, Visa expressed disappointment and hopes for a resolution. This move comes after Brexit removed an EU-enforced cap on card issuer fees in the UK, leading to calls for government intervention in UK-EU trade agreements and scrutiny of credit card fees from regulators.",https://www.reuters.com/business/retail-consumer/amazon-stop-accepting-visa-credit-cards-issued-uk-bloomberg-news-2021-11-17/,1637168640
V,Global Market Report - 18 November,"This global market report for November 18, 2021, details a projected lower opening for the ASX following Wall Street's decline, driven by disappointing retail earnings and concerns over interest rates and competition. It also covers mixed performances in Asian and European markets, with an emphasis on US retail struggles despite a strong earnings season, and the broader economic implications of inflation and supply chain issues.",https://www.morningstar.com.au/markets/global-market-report-18-november,1637169570
V,IIM Bangalore witnesses record summer placement season,"IIM Bangalore's PGP and PGP-BA Class of 2021-23 recorded a successful summer placement season with 542 internship offers, placing all 513 students. Consulting companies led with 181 offers, followed by strong recruitment in IT, e-commerce, finance, and general management roles. The placements signal a reviving economy and high demand for talent to manage post-pandemic markets.",https://www.business-standard.com/article/education/iim-bangalore-witnesses-record-summer-placement-season-121111700539_1.html,1637170783
V,Amazon (AMZN) in Talks to Switch Co-Brand Card to Mastercard (MA) From Visa (V),"Amazon.com Inc. is reportedly in discussions to switch its co-branded credit card from Visa Inc. to Mastercard Inc. This potential move comes amidst ongoing disputes over payment costs, highlighted by Amazon's decision to ban Visa cards in the U.K. next year. The company is using the renewal talks for its significant co-branded card portfolio to negotiate more favorable terms with Visa.",https://www.bloomberg.com/news/articles/2021-11-17/amazon-brings-visa-feud-to-u-s-with-mastercard-defection-threat,1637176500
V,Credit crunch: Visa tumbles on Amazon ban in UK,"Visa Inc. experienced a significant decline after Amazon.com Inc. announced it would stop accepting Visa credit cards issued in the U.K., citing high transaction fees. Amazon is also reportedly considering switching its co-branded credit card to Mastercard, further impacting Visa's stock and contributing to a 20% drop from its July record high. This move is part of broader international changes Amazon has made regarding Visa cards and comes amidst waxing investor sentiment towards credit card stocks due to the rise of ""buy now, pay later"" services.",https://www.aljazeera.com/economy/2021/11/17/credit-crunch-visa-tumbles-on-amazon-ban-in-uk,1637177751
V,Visa takes complaint against RuPay India to US govt; wants action,"Visa has formally complained to the U.S. government that India's ""informal and formal"" promotion of its domestic payments rival RuPay is unfair and detrimental to its business in a key market. This complaint highlights concerns about a level playing field, especially given Prime Minister Narendra Modi's public endorsement of RuPay as a national service. Mastercard has also privately raised similar concerns regarding the Indian government's push for RuPay.",https://tech.hindustantimes.com/tech/news/visa-takes-complaint-against-rupay-india-to-us-govt-wants-action-71638082426652.html,1638121183
V,American Express taps Opy for its first US third-party BNPL offering,"American Express is partnering with Opy, the U.S. subsidiary of Openpay, for its first third-party Buy Now, Pay Later (BNPL) offering in the United States. This partnership will allow Amex cardmembers to use Opy's ""buy now, pay smarter"" solution for qualifying purchases in the healthcare and automotive sectors, offering longer repayment terms and higher loan amounts than traditional BNPL providers. The initiative aims to help Amex cater to demand for financing larger purchases over extended periods, complementing its existing ""Pay it Plan it"" program.",https://techcrunch.com/2021/12/01/american-express-taps-opy-for-its-first-third-party-bnpl-offering/,1638361800
V,8 Cheapest Ways To Send Money To The Philippines,"This article provides a guide on the cheapest ways to send money to the Philippines, primarily for Overseas Filipino Workers (OFWs) in the US. It highlights the high cost of traditional bank transfers and explains how money transfer companies profit through exchange rate margins and fees. The article offers advice on comparing services, utilizing discounts, and understanding various payment and payout options to maximize the amount received by beneficiaries.",https://www.compareremit.com/money-transfer-tips/avoid-transfer-fees-when-sending-money-to-philippines/,1638462152
V,Caribou Coffee Data Breach Class Action Settlement,"Caribou Coffee has agreed to a nearly $6 million settlement to resolve claims that it mishandled a 2018 data breach affecting banks and credit unions. The breach, which occurred from August to December 2018, allegedly compromised payment card information from 473 locations and forced financial institutions to bear costs for cancelling cards and reimbursing fraudulent charges. The settlement provides cash payments to affected financial institutions and non-monetary injunctive relief for data security measures.",https://topclassactions.com/lawsuit-settlements/closed-settlements/caribou-coffee-bagels-data-breach-settlement/,1638567108
V,ICICI Bank launches e-wallet ‘Pockets’ for mobile money transfers,"ICICI Bank has launched 'Pockets', a new digital banking product allowing individuals to transact via mobile phone with or without a bank account. Users can fund the e-wallet from any bank account and utilize features like money transfers, bill payments, and booking services. The bank plans to introduce loan facilities and a virtual Visa card for the e-wallet, which has a maximum limit of ₹10,000 before requiring a linked bank account.",https://www.thehindubusinessline.com/money-and-banking/icici-bank-rolls-out-ewallet-pockets/article6878593.ece,1638894102
V,3 Major Trends Fostering Payment Processing Solutions Market Outlook By 2026,"The payment processing solutions market is projected to grow significantly to over $140 billion by 2026 due to rapid digitization, smartphone penetration, and advanced technologies like AI and VR. Key trends driving this growth include the increasing adoption of e-wallet payments, rising demand for customized solutions among large enterprises, and supportive government initiatives in regions like Europe. New product developments, partnerships, and strategic investments by key players are actively shaping the market's expansion.",https://www.paymentsjournal.com/3-major-trends-fostering-payment-processing-solutions-market-outlook-by-2026/,1638908192
V,Análisis Técnico de Acciones y CEDEARs - 09-12-2021,"This report provides a technical analysis of stocks and CEDEARs for an aggressive investor profile, focusing on identifying support, resistance, trends, and targets to guide investment decisions. It recommends purchasing shares in Ternium Argentina (BCBA: TXAR), Globant (NYSE: GLOB), and Visa (NYSE: V) based on technical indicators like bullish channels, descending wedges, RSI, and MACD. The report includes price targets and trailing stop-loss values for each recommended stock.",https://www.invertironline.com/posts/rt-09122021,1639068347
V,KyckGlobal And ACI Team Up to Give Businesses More Options For Disbursements,"KyckGlobal Inc. is partnering with ACI Worldwide Inc. to expand disbursement options for businesses. This collaboration will allow businesses to make payments to consumers through various channels, both domestically and internationally, including PayPal, Venmo, ACH, prepaid cards, push-to-card payments, and cash. This initiative aims to simplify payments for both banked and unbanked consumers and is expected to particularly benefit industries like insurance.",https://www.digitaltransactions.net/kyckglobal-and-aci-team-up-to-give-businesses-more-options-for-disbursements/,1639509980
V,Klarna debuts browser extension to enable installment payments for all online retailers,"Klarna has launched a new browser extension that enables shoppers to use its installment payment service at all online retailers, regardless of whether they are a Klarna partner. The extension, compatible with Google Chrome and Microsoft Edge, also incorporates features like coupon application, cashback rewards, price drop notifications, and one-time use Visa cards, building on Klarna's recent acquisition of Piggy. This move is part of Klarna's broader strategy of global expansion, user growth, and acquisition of companies to enhance its offerings.",https://www.retaildive.com/news/klarna-debuts-browser-extension-to-enable-installment-payments-for-all-onli/611317/,1639600632
V,"Vanco Payment Solutions Review: Pricing, Features, Top Alternatives","This article reviews Vanco Payment Solutions, highlighting its tailored payment processing services for faith-based and educational nonprofits. It details Vanco's various product lines, pricing structures (including processing fees and monthly subscriptions), and integration capabilities. The review also points out the lack of pricing transparency for some of Vanco's products and offers alternatives like Square and Payment Depot for organizations seeking broader market solutions.",https://www.nerdwallet.com/business/software/learn/vanco-payment-solutions,1640190706
V,Can Visa Maintain Its Lead?,"Morningstar analyst Brett Horn suggests that while Visa faces near-term challenges, such as the impact of the coronavirus on cross-border transactions, its long-term growth prospects and market dominance remain strong due to the ongoing shift toward electronic payments. The company's scalable business model and ""tollbooth"" position in the global payment infrastructure are expected to help it maintain its wide economic moat and improve margins over time.",https://www.morningstar.com/stocks/can-visa-maintain-its-lead,1640205757
V,MoneyGram (MGI) Ties Up to Ease India's Cross-Border Remittances,"MoneyGram International (MGI) has partnered with Paytm Payments Bank to enable real-time cross-border remittances to Paytm Wallets in India, expanding its mobile wallet capabilities in a major inbound market for remittances. This collaboration aims to digitize the money movement process, aligning with MGI's focus on digital capabilities and capitalizing on the significant demand for faster remittances in India. The move follows similar digitalization efforts by other companies like Western Union, Visa, and Mastercard in the cross-border payments sector.",https://www.nasdaq.com/articles/moneygram-mgi-ties-up-to-ease-indias-cross-border-remittances,1640276905
V,Visa’s CFO started as an engineer but ended up in finance—and he has great advice for anyone looking to make a change,"Vasant Prabhu, Visa's CFO and Vice Chair, transitioned from an engineering background to a successful career in finance, holding CFO roles at major public companies for over two decades. He advises job seekers to build skills, relationships, and reputation while remaining flexible and considering four key factors: passion for the industry, company talent reputation, trustworthy colleagues, and potential for impact. Prabhu's career trajectory, including significant roles at PepsiCo, McGraw-Hill, Safeway, and Starwood Hotels, highlights his adaptability and willingness to take on new challenges, ultimately leading him to Visa.",https://fortune.com/2021/12/26/visas-cfo-started-as-an-engineer-but-ended-up-in-finance-and-he-has-great-advice-for-anyone-looking-to-make-a-change/,1640536111
V,"Synchrony Financial stock rises Monday, still underperforms market","Synchrony Financial stock (SYF) saw a slight increase of 0.04% on Monday, closing at $46.18, even as the broader market, including the S&P 500 and Dow Jones Industrial Average, experienced significant gains. Despite this rise, the stock underperformed compared to the general market and closed $6.31 below its 52-week high. Competitors such as Visa Inc. Cl A saw gains, while Mastercard Inc. and FleetCor Technologies Inc. experienced slight declines.",https://www.marketwatch.com/story/synchrony-financial-stock-rises-monday-still-underperforms-market-01640643888-8ab7e5f7c5ad?gaa_at=eafs&gaa_n=AWEtsqceIm5JZAzskwaiF2ujz81WXNUkXnzrsjRxyylvRzC0XzGvGiF8zdGt&gaa_ts=699b2d82&gaa_sig=LnFgOhMgFG6d2DN1tF9zi4oJkJPZ6P8rpGWPaMgT2pdcUiXMXADjDDolw4UlIvpMn3dgzesuGxYU6vGf0UciqQ%3D%3D,1640625840
V,Square rival SpotOn taps ServiceNow’s ranks for latest C-suite hire,"SpotOn, a San Francisco payments company and rival to Square, has appointed Lisa Banks as its new Chief Financial Officer. This hire is one of three C-suite appointments made by the company following a year of significant growth. Banks previously worked at ServiceNow before joining SpotOn.",https://www.bizjournals.com/sanfrancisco/news/2022/01/04/square-rival-spoton-taps-servicenow-s-ranks-for-la.html,1641308160
V,7 payments trends for 2022 as innovation climbs,"The payments industry is facing rapid innovation and competition in 2022, driven by the ongoing impact of the COVID-19 pandemic which accelerated the adoption of digital payments. Key trends include the simmering dispute between Amazon and Visa over merchant transaction fees, the expansion of Buy Now Pay Later (BNPL) services into B2B, the growing adoption of mobile wallets, and the increasing demand for cross-border payment services. Additionally, central bank digital currencies (CBDCs) are gaining prominence over cryptocurrencies, while cybersecurity is becoming an urgent priority due to rising fraud, and regulators are increasing scrutiny on big tech payment platforms and emerging fintechs.",https://www.paymentsdive.com/news/7-payments-trends-for-2022-as-innovation-climbs/616455/,1641309915
V,Rêv Enters U.S. Payments Market With The Launch of The X World Wallet™ Super App,"Rêv USA, Inc. has announced the nationwide launch of The X World Wallet, an app-based multi-currency debit account designed for the U.S. payments market. This ""super app"" combines a loyalty program, travel bookings portal, real-time foreign currency exchange, and peer-to-peer payments, aiming to provide more value to consumers without the high fees associated with affinity credit cards. The X World Wallet is compatible with major digital payment systems and issued by Texas First Bank.",https://www.businesswire.com/news/home/20220104005138/en/Rv-Enters-U.S.-Payments-Market-With-The-Launch-of-The-X-World-Wallet-Super-App,1641323183
V,When Financial Advisor Fees Exceed Investor Returns,"This article criticizes traditional financial advisors for charging a 1% fee on assets, particularly when investing clients in underperforming bond funds like the Vanguard Total Bond Market Index Fund (VBTLX). It highlights a scenario from 2015-2018 where financial advisor fees for investing in VBTLX generated more income than the clients' investment returns after fees. The piece advocates for direct investment in individual corporate bonds to reduce costs and improve returns.",https://www.bondsavvy.com/fixed-income-investments-blog/financial-advisor-fees,1641485827
V,CMPO,"This article provides a detailed financial overview of CompoSecure Inc. (CMPO), including its stock price, key financial metrics, recent news, and insider trading activity. It highlights the company's performance, analyst ratings, and strategic developments in its payment card and Arculus segments.",https://finviz.com/quote.ashx?t=CMPO,1641959636
V,"Tickets for D23 Expo: The Ultimate Disney Fan Event Presented by Visa® Go on Sale January 20, 2022","Tickets for D23 Expo 2022, presented by Visa, will go on sale January 20, 2022, with a presale for Visa cardholders who are also D23 Members starting January 19. The event, hosted by D23: The Official Disney Fan Club, will take place September 9-11 at the Anaheim Convention Center, celebrating Disney entertainment and kicking off Disney100, the company's centennial celebration. It will feature over 50 shows, presentations, and panels, including the Disney Legends Awards Ceremony, the Mousequerade costume contest, and an exhibit of Walt Disney's restored Grumman Gulfstream I company airplane.",https://thewaltdisneycompany.com/news/tickets-for-d23-expo-the-ultimate-disney-fan-event-presented-by-visa-go-on-sale-january-20-2022/,1642087047
V,Bausch + Lomb’s IPO plans come into focus as BHC prepares to split into three,"Bausch + Lomb is set to return to the public markets with an IPO, potentially one of the largest in healthcare, as parent company Bausch Health Companies (BHC) plans to split into three independent publicly traded entities. BHC will spin off both Bausch + Lomb (eye products) and Solta Medical (skin care), with the remaining pharma business also becoming a standalone company. The Bausch + Lomb IPO proceeds will be used to pay down BHC's debt, though BHC will retain a majority stake in Bausch + Lomb post-IPO.",https://medcitynews.com/2022/01/bausch-lombs-ipo-plans-come-into-focus-as-bhc-prepares-to-split-into-three/,1642177140
V,SoFi gets key regulatory approval to join growing list of fintechs becoming banks,"SoFi Technologies Inc. has received regulatory approval to acquire Golden Pacific Bank in Sacramento, moving closer to operating its own national bank. This strategic move aligns with CEO Anthony Noto's view that bank licenses provide a significant competitive advantage. The approval allows SoFi to join the increasing number of fintech companies transitioning into full-fledged banks.",https://www.bizjournals.com/sanfrancisco/news/2022/01/19/sofi-gets-key-regulatory-approval-to-join-growing.html,1642607325
V,"Global Payments looks to expand clients, services","Global Payments, Inc. aims to expand its market in the Philippines by targeting more small and medium-sized enterprises (SMEs) and introducing additional services such as QR payments. The company plans to grow its SME business by at least 15% this year and is exploring partnerships to join the QR Ph person-to-merchant (P2M) use case. This expansion aligns with the Bangko Sentral ng Pilipinas' goal of transitioning to a cash-lite economy, with merchant payments making up a significant portion of retail transactions.",https://www.bworldonline.com/technology/2022/01/20/424481/global-payments-looks-to-expand-clients-services/,1642636920
V,World’s first DeFi ETF to be listed on the Brazilian stock exchange in February,"Hashdex, the largest crypto asset manager in Latin America, announced that its DeFi exchange-traded fund (ETF) would be listed on the Brazilian stock exchange, B3, under the ticker DEFI11 on February 17th. This ETF, the first of its kind globally, will track the ""CF DeFi Composite Index,"" covering 12 assets across major dApps, service protocols, scalability solutions, and Ethereum as a settlement network. Hashdex aims to provide investors with regulated exposure to the DeFi market and believes in DeFi's potential to significantly impact the financial sector.",https://cryptoslate.com/worlds-first-defi-etf-to-be-listed-on-the-brazilian-stock-exchange-in-february/,1642658400
V,Synchrony Financial stock outperforms competitors despite losses on the day,"Synchrony Financial (SYF) experienced a 1.64% loss on Friday, closing at $44.42, amidst a general market downturn. Despite this fifth consecutive day of losses, the stock outperformed several key competitors, including Visa Inc. Cl A, Mastercard Inc., and FleetCor Technologies Inc., which saw larger declines. Trading volume for Synchrony Financial exceeded its 50-day average.",https://www.marketwatch.com/story/synchrony-financial-stock-outperforms-competitors-despite-losses-on-the-day-01642803903-3906de6e92e3?tesla=y&gaa_at=eafs&gaa_n=AWEtsqcq2vZJvvqpQw98khCN_LaaRm1AIv73jsUS0GV1WSWjx91_Z5o5wdeC&gaa_ts=699b2107&gaa_sig=nW159zYv6tyefdMyXf2LwKz9J57TJIlYH4o1Cfy9aBePMMnHy7BId0K4rPk1doWu1PVsNZSwOHyF51l-CCtskQ%3D%3D,1642785900
V,JPMorgan buys 49% stake in Greek payments company,"JPMorgan Chase has acquired a 49% stake in the Greek fintech Viva Wallets as part of its ongoing acquisition strategy. The Athens-based company provides payment solutions to small and medium-sized businesses across 23 European countries. This investment, valued over $1.15 billion, will help Viva Wallets expand its localized payment services throughout Europe.",https://www.paymentsdive.com/news/jpmorgan-buys-49-stake-in-greek-payments-company/617691/,1643131007
V,AmEx Downplays Crypto And BNPL As It Posts a Revenue Jump ‘Beyond Our Expectations’,"American Express Co. reported a significant revenue jump in the fourth quarter of 2021, driven by a strong recovery in its travel-and-entertainment business. Despite this success, CEO Stephen Squeri downplayed major forays into cryptocurrency and buy now, pay later (BNPL) lending, viewing crypto as too volatile for payments and BNPL as targeting a different audience than AmEx's core cardholders. The company's focus remains on its traditional travel and entertainment sectors, which are expected to fully recover by the end of the year.",https://www.digitaltransactions.net/amex-downplays-crypto-and-bnpl-as-it-posts-a-revenue-jump-beyond-our-expectations/,1643132175
V,"In-vehicle payment services market to hit $10 Bn by 2028, Says Global Market Insights Inc.","The in-vehicle payment services market is projected to exceed $10 billion by 2028, driven by the increasing demand for connected vehicles and digital payment solutions. Debit and credit cards currently dominate the market, holding over 55% share in 2021, while e-commerce applications are expected to see significant growth. Europe is anticipated to be a key growth region due to technological advancements and strategic partnerships between automotive and fintech firms.",https://www.globenewswire.com/news-release/2022/01/26/2373257/0/en/In-vehicle-payment-services-market-to-hit-10-Bn-by-2028-Says-Global-Market-Insights-Inc.html?utm_s25e2258025a6_campaign25e2258025a625e2025a6_campaign25e2025a6%5B25e2%5D%5B0%5D%5B25a6_campaign%5D%5B25e2%5D%5B0%5D%5B25a6%5D=%5Bobject%2BObject%5D&utm_medium%E2%80%A6=undefined&utm_s25e2258025a6_campaign25e2258025a625e2025a6_campaign25e2025a6%5B25e2%5D%5B1%5D%5B25a6_campaign%5D%5B25e2%5D%5B0%5D%5B25a6%5D=%5Bobject%2BObject%5D&utm_s25e2258025a6_campaign25e2258025a625e2025a6_campaign25e2025a6%5B252525e2%5D%5B0%5D%5B252525a6_campaign%5D%5B252525e2%5D%5B0%5D%5B252525a6%5D=%5Bobject%2BObject%5D&utm_s25e2258025a6_campaign25e2258025a625e2025a6_campaign25e2025a6%5B252525e2%5D%5B1%5D%5B252525a6_campaign%5D%5B252525e2%5D%5B0%5D%5B252525a6%5D=%5Bobject%2BObject%5Dpage%2F10%2F&utm_source_=&utm_s%E2%80%A6_campaign%E2%80%A6=%5Bobject%2BObject%5D&utm_partner=symbaloonl&utm_s=%5Bobject+Object%5D&utm_gp=u230gr&utm_c2525252520ontent2525252520ontent%5B2525252520ontent%5D=88677939,1643175000
V,Co-branded Credit Cards: Citi Scores and Barclays Opens a New Channel,"Co-branded credit cards are showing strong growth in early 2022, with top issuers rebuilding their portfolios after a decline during COVID-19. Barclays U.S. is expanding its offerings by introducing a private-label card for The Gap, marking its first unbranded card and stepping into a market dominated by Synchrony and Alliance Data. Citi has also renewed its co-branding partnership with ExxonMobil, launching the Exxon Mobil Smart Card+ which offers savings on fuel and in-store purchases, leveraging the rising price of gasoline.",https://www.paymentsjournal.com/co-branded-credit-cards-citi-scores-and-barclays-opens-a-new-channel/,1643727423
V,Q2 Holdings’ Helix Offers Personalised Banking Products Through BaaS,"Q2 Holdings has launched Helix, an evolution of its Banking-as-a-Service (BaaS) platform, designed to enable fintechs, technology companies, and consumer brands to offer personalised banking products. Helix provides the fundamental components of banking in a cloud-native core for embedded finance, serving over 11 million users and processing $20 billion in transactions annually. The platform aims to ""make finance human"" by allowing companies to create unique banking solutions tailored to individual user needs, driving engagement and profitability.",https://thefintechtimes.com/q2-holdings-helix-offers-personalised-banking-products-through-baas/,1644159083
V,Green steel race heats up with startup promising hydrogen-free production by 2025,"Boston Metal, an American startup, is developing a hydrogen-free green steel production method called Molten Oxide Electrolysis (MOE), aiming for commercial quantities by 2025. This technology, which uses renewable electricity to convert iron ore directly into liquid metal, is presented as more efficient than traditional blast furnaces and hydrogen-based processes. While Australian companies like BlueScope Steel are exploring decarbonization, they view commercially viable green steel as further off due to significant technical and energy hurdles, despite investments in pilot projects.",https://www.abc.net.au/news/2022-02-08/startup-promises-green-steel-by-2025/100811450,1644330208
V,Apple Just Quietly Introduced a Feature to Your iPhone That Is Going to Upend This $1.7 Trillion Industry,"Apple has introduced a new feature called ""Tap to Pay on iPhone,"" allowing merchants to accept contactless payments directly on their iPhones without extra hardware. This move is set to disrupt the $1.7 trillion contactless payment industry, which has been dominated by services requiring separate terminals like Square. Stripe is announced as the first payment platform to integrate this new capability, making iPhones even more powerful tools for small businesses.",https://www.inc.com/jason-aten/apple-just-quietly-introduced-a-feature-to-your-iphone-that-is-going-to-upend-this-17-trillion-industry.html,1644588883
V,i2c Partners with Qatari Fintech Startup KARTY to Launch Digital Visa Wallet,"i2c Inc., a global provider of digital payment and banking technology, has partnered with KARTY, a Qatar-based fintech, to launch a digital-first prepaid mobile wallet in Qatar. This Visa-branded mobile wallet will enable instant, cashless P2P transactions and provide data-backed financial management tools for budgeting and spending insights. KARTY, a 2021 winner of the Qatar Science & Technology Park Accelerator program, aims to expand financial access in the MEA region through this partnership.",https://www.businesswire.com/news/home/20220213005092/en/i2c-Partners-with-Qatari-Fintech-Startup-KARTY-to-Launch-Digital-Visa-Wallet,1644779183
V,For-Profit College CEO Said CFPB’s Chopra Should Be Abused At Guantanamo,"This article reveals an email from Kevin Modany, former CEO of ITT Educational Services, Inc., suggesting Rohit Chopra of the CFPB should be ""abused at Guantanamo"" due to his efforts against for-profit colleges. The report details Modany's vindictive nature and ITT Tech's predatory practices, including deceptive recruiting, financial aid fraud, and poor instruction, ultimately leading to the school's collapse. It also discusses Modany's lack of adequate accountability and highlights how ITT's business model is mirrored in other for-profit institutions today.",https://www.republicreport.org/2022/for-profit-college-ceo-said-cfpbs-chopra-should-be-abused-at-guantanamo/,1645020240
V,BBVA: me aumentaron el límite después de cinco años ¿Falló el sistema?,"The author, a long-time BBVA customer, details a surprising increase in his credit card limit after five years of no changes, coinciding with the end of BBVA's alliance with Latam Pass. He speculates whether this is a system error or a desperate attempt by the bank to retain customers, as many others also report similar issues with limits not being updated for years. The article also touches on his decision to close his cards due to the end of the Latam Pass benefits and the bank's general poor service regarding credit limits.",https://www.sirchandler.com.ar/2022/02/bbva-me-aumentaron-el-limite-despues-de-cinco-anos-fallo-el-sistema/,1645971531
V,Visa Hires Chief Marketing Officer From BlackRock,"Visa Inc. has appointed Frank Cooper III, formerly the global chief marketing officer at BlackRock Inc., as its new global CMO. He will succeed Lynne Biggar, who departed last month after six years with Visa. Mr. Cooper is set to join the company in May and will report directly to Visa’s chairman and chief executive, Al Kelly.",https://www.wsj.com/articles/visa-hires-chief-marketing-officer-from-blackrock-11646251371?gaa_at=eafs&gaa_n=AWEtsqecoz5YXbOo9R0ZAafLk8S0yjdRc84H5OAZny_hZ1p0ttAYEtLzgSP3&gaa_ts=699b0732&gaa_sig=Xlp6VlfIKNGV1LIh1Owd5lClqrgonB7nRGZHrYWhY4EnL2EeMtpNWwCnpyVPJn75RxW3-yC_dax2m8iOEcGExA%3D%3D,1646227504
V,"Who Owns Progressive Insurance, the Third-Largest Insurance Carrier in the U.S.?","This article details the ownership of Progressive Insurance, identifying its largest shareholders as The Vanguard Group and BlackRock Inc. It also covers the company's history, starting with its founding in 1937, and highlights the career and compensation of current CEO Tricia Griffith.",https://marketrealist.com/p/who-owns-progressive-insurance/,1646232780
V,"Crypto exchanges won't bar Russians, raising fears of sanctions backdoor","Major cryptocurrency exchanges are refusing to implement a blanket ban on Russian users, despite Western sanctions targeting Moscow and a plea from the Ukrainian government. They argue that a full ban goes against the libertarian ethos of cryptocurrency, though they will block accounts of individuals explicitly targeted by sanctions. This stance raises concerns among anti-money laundering specialists that crypto could serve as a loophole for Russians to circumvent financial isolation.",https://www.reuters.com/markets/europe/crypto-exchanges-wont-bar-russians-raising-fears-sanctions-backdoor-2022-03-02/,1646308560
V,"Fidelity National Information Services Inc. stock falls Thursday, underperforms market","Fidelity National Information Services Inc. (FIS) stock declined by 2.71% on Thursday, closing at $92.67. This performance underperformed the broader market, as the S&P 500 Index fell 0.53% and the Dow Jones Industrial Average dropped 0.29%. The company's stock also lagged behind competitors like Visa Inc., Mastercard Inc., and Fiserv Inc.",https://www.marketwatch.com/story/fidelity-national-information-services-inc-stock-falls-thursday-underperforms-market-01646344405-89bf3fcdc197?gaa_at=eafs&gaa_n=AWEtsqcRLc2jeL_lzxgk6DLPmh7_k5DIzQ3OPXvc5M4MMeh8ZIhV3bghKm15&gaa_ts=699b09ed&gaa_sig=zXhsI1bncnAYVCaS0MBF0bMpqOMDZa6Ex-kIOmbSF3uc7kCLETBeumqDvydqzOzNoJ3NdikoliQc0tKfVnBZ5w%3D%3D,1646326380
V,"Mastercard, Visa, PayPal, Amex Suspend Russian Operations","American Express has joined Visa, Mastercard, and PayPal in suspending all operations in Russia in response to the country's invasion of Ukraine. This means that globally issued Amex cards will not work in Russia, and Russian-issued cards will not work outside the country on the Amex network. Mastercard and Visa also announced similar suspensions, ceasing support for cards issued by Russian banks and disabling card usage at Russian merchants and ATMs. PayPal had already suspended domestic services in Russia in 2020, and this latest action extends to its cross-border payment business.",https://www.pymnts.com/news/international/2022/mastercard-visa-paypal-amex-suspend-russian-operations/,1646572997
V,"After Visa & Mastercard, American Express suspends operations in Russia and Belarus","American Express has announced the suspension of all operations in Russia and Belarus, following similar moves by Visa and Mastercard. This decision comes in response to Russia's invasion of Ukraine. As a result, American Express cards issued globally will no longer function in Russia, and cards issued by Russian banks will not work outside the country on the American Express network.",https://m.economictimes.com/news/international/business/after-visa-mastercard-american-express-suspends-operations-in-russia-and-belarus/articleshow/90037706.cms,1646662208
V,Fiserv Has Selected Miriam Park as General Manager of Korea,"Fiserv, Inc. has appointed Mi Ryung (Miriam) Park as its General Manager of Korea, effective March 2022. Park brings over three decades of experience in the fintech industry, previously holding leadership roles at UnionPay and Visa. In her new role, she will be responsible for strengthening Fiserv's local payments business and driving digital innovation in the Asia Pacific region.",https://www.financemagnates.com/executives/moves/fiserv-has-selected-miriam-park-as-general-manager-of-korea/,1646746605
V,Best for Interest Savings? PNC Business Visa,"This article reviews the PNC Visa Business Credit Card, highlighting its benefits like a 0% introductory APR on balance transfers for 13 billing cycles, a low ongoing APR, and no annual fee, making it ideal for business owners looking to save on interest and manage debt. However, it notes drawbacks such as no rewards program, sign-up bonus, or introductory APR on purchases. The review compares the PNC card to similar business credit cards from U.S. Bank and American Express, detailing their respective advantages in terms of intro APR periods, rewards, and purchase benefits.",https://www.lendingtree.com/credit-cards/review/pnc-visa-business/,1646834887
V,BlackRock's Fink says Russia essentially cut off from global capital markets,"BlackRock CEO Larry Fink stated that Russia has been largely disconnected from global capital markets due to Western companies and investors ceasing operations following its invasion of Ukraine. He noted that major American brands suspending activities in Russia highlights their commitment beyond profit. Earlier, BlackRock had also halted the purchase of all Russian securities in its active and index funds.",https://www.reuters.com/markets/europe/blackrocks-fink-says-russia-essentially-cut-off-global-capital-markets-2022-03-09/,1646913960
V,Ascenda Teams with Hyundai Card to Intro Amex Cards in South Korea,"Ascenda is partnering with Hyundai Card to launch a new suite of consumer and corporate American Express cards in South Korea. The cards will feature a rewards program powered by Ascenda's technology, offering an extensive points exchange system with over 20 transfer partners and real-time travel redemption. This collaboration aims to provide digitally savvy Korean consumers with seamless and unrivalled rewards experiences.",https://www.pymnts.com/credit-cards/2022/ascenda-teams-with-hyundai-card-to-intro-amex-cards-in-south-korean/,1646918596
V,JPMorgan joins Goldman Sachs in pulling back from Russia,"JPMorgan Chase & Co. and Goldman Sachs Group Inc. are pulling back from Russia in response to the country’s invasion of Ukraine, joining other major companies in halting business operations. JPMorgan specifies its activities are limited to helping clients and managing risk, while Goldman Sachs plans to close operations and has minimal exposure to Russia. This move further isolates Russia economically as other financial and consumer companies also restrict their presence.",https://www.aljazeera.com/economy/2022/3/10/jpmorgan-joins-goldman-sachs-in-pulling-back-from-russia,1646931366
V,eBay To Launch its Own Digital Wallet and other Digital Transactions News briefs from 3/11/22,"eBay announced the launch of its own digital wallet to allow sellers to use sales proceeds for purchases or expenses. Western Union, Discover, and Cleverbridge have suspended operations in Russia and Belarus following the invasion of Ukraine. New data also shows an increase in Visa spending momentum and the growing adoption of Buy Now, Pay Later options.",https://www.digitaltransactions.net/ebay-to-launch-its-own-digital-wallet-and-other-digital-transactions-news-briefs-from-3-11-22/,1647016577
V,Apple Pay has arrived in Argentina: how to pay with the iPhone and what are its advantages?,"Apple Pay is now available in Argentina, allowing iPhone and Apple Watch users to make contactless payments at merchants with NFC-enabled POS devices. The service works with Visa and Mastercard from several major banks like Patagonia, BBVA, Galicia, and ICBC, utilizing NFC technology for secure transactions. Apple emphasizes the security and privacy of Apple Pay, as it protects card numbers by assigning unique device account numbers and encrypting data, providing a safer alternative to physical cards and cash.",https://www.infobae.com/en/2022/03/16/apple-pay-has-arrived-in-argentina-how-to-pay-with-the-iphone-and-what-are-its-advantages/,1647399960
V,"Apple Pay, disponible en Argentina: estos son los bancos y las tarjetas con los que funciona","Apple Pay, the contactless payment system for iPhone and Apple Watch, has launched in Argentina and Peru. Several Argentine banks, including Galicia, BBVA, Brubank, ICBC, Macro, and Patagonia, along with Visa and Mastercard, support the service. Users can configure Apple Pay through the Wallet app and make secure, contactless payments using Face ID, Touch ID, or a passcode.",https://www.clarin.com/tecnologia/apple-pay-disponible-argentina-bancos-tarjetas-funciona_0_G9WdKFupQh.html,1647437017
V,Fewer taxpayers plan to pay the IRS by check,"A survey by payments firm ACI Worldwide reveals a declining trend in taxpayers opting to pay their annual income taxes by check, dropping from 21% last year to 18% this year. Gen Z, millennials, and Gen X are increasingly moving towards digital payment methods, which are considered more secure. While mobile payment usage has risen, alternative methods like PayPal or Venmo are still used by a small percentage, primarily younger generations.",https://www.paymentsdive.com/news/fewer-taxpayers-plan-to-pay-the-irs-by-check/620545/,1647523168
V,Huntington (HBAN) Launches Cashback Credit Card For Cash Rewards,"Huntington Bancshares (HBAN) has launched a new cashback credit card designed to simplify earning and redeeming cash rewards for customers. The card offers 1.5% cashback on all purchases with no limitations, annual fees, or foreign transaction fees, reflecting the bank's ""Fair Play Banking"" philosophy. This move is expected to boost the bank's consumer and business banking segment and fee income, aligning with similar initiatives by other financial companies like Synovus Financial Corp. (SNV) and U.S. Bancorp (USB) to capitalize on increased consumer spending.",https://www.nasdaq.com/articles/huntington-hban-launches-cashback-credit-card-for-cash-rewards,1647597960
V,Expedia Group CPO on risk management & strategic sourcing,"Reagan Smith, Head of Global Corporate Procurement at Expedia Group, discusses his journey into procurement, his biggest career influences, and his passion for elevating the indirect procurement function. He emphasizes continuous learning, challenging established practices, and aligning procurement strategies with business needs for success. Smith also shares personal anecdotes, including his pride in advocating for the LGBTQ community.",https://supplychaindigital.com/procurement/expedia-group-cpo-on-risk-management-&-strategic-sourcing,1647696782
V,Billionaires Elon Musk and Michael Saylor: Dump the Dollar and Buy Physical Things,"Elon Musk and Michael Saylor advise investors to own ""physical things"" or scarce assets like Bitcoin instead of cash to combat high inflation. Musk, despite selling his homes and not considering digital assets ""physical,"" champions property and stocks in good companies. The article emphasizes that cash is losing value due to inflation, while physical assets like homes and used vehicles have seen significant price increases.",https://www.usfunds.com/resource/billionaires-elon-musk-and-michel-saylor-dump-the-dollar-and-buy-physical-things/,1647870036
V,"3 Dow Stocks That Can Turn $300,000 Into $1 Million by 2030","The article identifies three Dow stocks – Salesforce, UnitedHealth Group, and Visa – that have the potential to turn a $300,000 investment into $1 million by 2030. Each company is highlighted for its strong market position, consistent growth, and specific catalysts that are expected to drive significant shareholder returns. This analysis provides a long-term investment perspective on these established businesses within the Dow Jones Industrial Average.",https://www.fool.com/investing/2022/03/27/3-dow-stocks-turn-300000-into-1-million-by-2030/,1648357560
V,"Consumers Will Increase Gift Card Purchases in 2022, a Fiserv Study Says","A Fiserv Inc. study indicates that consumers will increase gift card purchases in 2022, primarily due to inflation, supply-chain shortages, and their perception of gift cards as an appropriate alternative to tangible gifts. The study highlights interest in both physical and digital gift cards, with birthdays being the most popular occasion for giving, and Visa Inc. and American Express Co. cards being the most popular brands. Promotions are also expected to drive gift card sales.",https://www.digitaltransactions.net/consumers-will-increase-gift-card-purchases-in-2022-a-fiserv-study-says/,1648572111
V,Amazon renews Prime credit card tie-up with JPMorgan Chase after flirting with American Express,"Amazon has renewed its agreement with JPMorgan Chase to issue its flagship Prime rewards credit card, following months of intense negotiations where other financial institutions like American Express and Synchrony also vied for the lucrative partnership. The deal maintains the card's rich 5% rewards rate for Amazon.com and Whole Foods purchases and highlights the significant value these co-brand credit card partnerships hold for issuing banks. This renewal continues a long-standing relationship between Amazon and JPMorgan, dating back to 2002.",https://www.cnbc.com/2022/03/31/amazon-prime-amazon-renews-prime-credit-card-pact-with-jpmorgan-after-flirting-with-american-express.html,1648732996
V,OneBanc Partners Visa for India’s First Skim-Proof Cards,"OneBanc has collaborated with Visa to introduce India's first skim-proof cards. This partnership aims to enhance card security, offering a significant improvement for consumers by protecting against card skimming fraud. The initiative represents a notable advancement in fintech security within the Indian market.",https://www.businesswireindia.com/onebanc-partners-visa-for-indias-first-skim-proof-cards-78220.html,1649337311
V,Visa Inc. Appoints Teri List to its Board of Directors,"Visa Inc. has announced the appointment of Teri List to its board of directors, effective April 11, 2022. Ms. List brings extensive financial and leadership experience from previous executive roles at companies such as Gap Inc., DICK’S Sporting Goods Inc., Kraft Foods Group, Inc., and The Procter and Gamble Company. Her appointment increases Visa's board to 11 members, and she is expected to provide valuable insights on risk management, strategic planning, and financial oversight.",https://via.tt.se/pressmeddelande/3320195/visa-inc-appoints-teri-list-to-its-board-of-directors?publisherId=259167,1649715000
V,Visa Appoints Teri List To Its Board,"Visa has announced the appointment of Teri List to its board of directors, effective April 11, 2022. Ms. List brings extensive financial and leadership experience from previous executive roles at Gap Inc., DICK'S Sporting Goods Inc., Kraft Foods Group, Inc., and The Procter and Gamble Company. Her expertise in risk management, strategic planning, and financial oversight is expected to provide diverse perspectives to Visa's board.",https://www.citybiz.co/article/244711/visa-appoints-teri-list-to-its-board/,1649767287
V,Santander y BBVA salen de la antigua Visa en Argentina por 98 millones,"Santander and BBVA are exiting Prisma, the Argentine payment processing company that owns Visa Argentina licenses and the Banelco ATM network, for approximately $106.72 million (98.01 million euros). The US investment fund Advent, already a majority shareholder, is acquiring the remaining 49% stake from 14 financial institutions, bringing its ownership to 100%. This sale concludes a mandatory divestment process initiated by Argentina's competition regulator in 2016, which deemed Prisma's dominant market position as anti-competitive.",https://www.eleconomista.es/empresas-finanzas/noticias/11716185/04/22/Santander-y-BBVA-salen-de-la-antigua-Visa-en-Argentina-por-98-millones.html,1649853234
V,Atlanta sees growth as an epicenter for the financial industry,"The financial market in Atlanta is experiencing significant growth, with expansions from Fortune 500 companies and local banks, encompassing traditional services to venture capital in fintech. Several banks, including BankUnited, Truist Securities, CapitalOne, and Visa, have announced relocations or expansions, signaling Atlanta's increasing importance as a financial and fintech hub. The city's thriving fintech sector and diverse workforce continue to attract major investment firms and companies like Global Payments Inc., Fiserv Inc., Equifax, NCR Corp., and U.S. Bank/Elavon, cementing its status as a global leader in financial technology.",https://capitalanalyticsassociates.com/atlanta-sees-growth-as-an-epicenter-for-the-financial-industry/,1649953003
V,Best In Atlanta Real Estate: Visa expands into a renovated building in the city's fintech hub,"Visa is expanding into a newly renovated building at 1200 Peachtree Street in Atlanta, which was previously the headquarters of Norfolk Southern. This move is a significant development in Atlanta's fintech hub. The building is owned by Cousins Properties Inc., a major office space owner in Atlanta.",https://www.bizjournals.com/atlanta/news/2022/04/15/04-best-in-atlanta-real-estate-section.html,1650026416
V,"Synchrony Financial stock falls Friday, underperforms market","Synchrony Financial (SYF) stock fell 4.57% on Friday, closing at $37.98, underperforming both the S&P 500 and Dow Jones Industrial Average. This marks the third consecutive day of losses for the company, which is now $14.51 below its 52-week high. The stock also underperformed competitors like Visa Inc., Mastercard Inc., and FleetCor Technologies Inc.",https://www.marketwatch.com/story/synchrony-financial-stock-falls-friday-underperforms-market-01650662542-44d33028447f?gaa_at=eafs&gaa_n=AWEtsqdchq4C8ZLRi4-DeNiyN0jbKJkhu43xXyEsroEySEmTmIu3RLamQlx8&gaa_ts=699afc73&gaa_sig=JFegnKHImxw5FokMlnBrtdmkkmQxo7E_hdgNcuohUENo-AbR9u_p12PBYTzFJG2T76oshwF_rDpL9q51oJTYBA%3D%3D,1650648120
V,"CONSUMER FIRST ALERT: Ukraine email scam, Western Union refunds","Scammers are exploiting the Ukraine war with a new email scam, claiming to be a refugee offering a share of $2 million in exchange for help accessing the funds. Consumer agencies warn against clicking links or responding to unsolicited emails, advising people to donate through legitimate organizations. Additionally, victims of past scams who sent money via Western Union between 2004 and 2017 still have until July 2022 to file a claim for a refund as part of a $586 million settlement.",https://www.wbay.com/2022/04/24/consumer-first-alert-ukraine-email-scam-western-union-refunds/,1650780000
V,Western Union: Reimagining a Financial Services Leader,"Western Union is undergoing a significant transformation, launching a new digital banking platform that aims to offer customer-centric financial services. This initiative, which soft-launched in Europe in late 2021 and fully launched in February 2022, allows customers to earn interest, make real-time payments, and hold multi-currency balances. The company is leveraging an ecosystem of technology partners like Mambu, Marqueta, Visa, Deloitte, and Mulesoft to support this reinvention and enhance its global leadership in cross-border money transfers.",https://fintechmagazine.com/company-reports/western-union-reimagining-a-financial-services-leader,1650892648
V,"Why AWS, Microsoft, Google, Visa Are Setting Base In Kenya","Major tech companies like Amazon Web Services, Microsoft, Google, and Visa are establishing operations in Kenya due to its growing economy and increasing client demand for cloud computing services. Kenya's strategic location as East Africa's largest economy and a hub for Fortune 500 companies makes it an attractive market for expansion. This move is driven by the need to meet local data residency requirements and capitalize on the burgeoning African cloud computing industry.",https://cioafrica.co/why-aws-microsoft-google-visa-are-setting-base-in-kenya/,1651086384
V,The Next Big Visa-Mastercard Rival Is…Zelle?,"Payments industry experts are questioning if the Zelle P2P network will expand to point-of-sale transactions, potentially challenging Visa and Mastercard. Bank of America and Wells Fargo are reportedly lobbying for this expansion, which could help banks circumvent debit card fee restrictions from the Durbin Amendment. However, concerns exist about cannibalizing profitable credit card business and the lack of consumer protections and rewards offered by Zelle compared to cards.",https://www.digitaltransactions.net/magazine_articles/the-next-big-visa-mastercard-rival-iszelle/,1651405415
V,Santander y BBVA compiten con programas de apoyo al turismo,"Santander and BBVA are re-entering the travel financing market in Argentina with new programs to support tourism, following a period where funding for international trips was excluded. Banco Santander has partnered with Aerolíneas Argentinas to allow customers to convert SuperClub+ points into Aerolíneas Plus miles, while BBVA has launched its own points program for credit card consumption, redeemable for travel services. These initiatives come as the tourism sector experiences a significant recovery.",https://www.reportur.com/aerolineas/2022/05/04/santander-y-bbva-compiten-con-programas-de-apoyo-al-turismo/,1651664629
V,NONPROFIT REGISTER | Colorado Business Hall of Fame adds seven to its roster,"The Colorado Business Hall of Fame inducted seven new laureates at its 32nd annual event, hosted by Junior Achievement Rocky Mountain and the Denver Metro Chamber of Commerce. The inductees include entrepreneurs and philanthropists such as Robert Albin, Tim Gill, Robert Newman, Nancy and Curt Richardson, Donald Sturm, and Clara Brown, recognized for their significant contributions to business and society in Colorado.",https://www.coloradopolitics.com/nonprofits/nonprofit-register-colorado-business-hall-of-fame-adds-seven-to-its-roster/article_7ff885d0-cc6c-11ec-87b8-536db27ded01.html,1651753687
V,Visa’s Expansion of Visa Ready for BNPL Reflects the Payment Method’s Growing Popularity,"Visa has expanded its Visa Ready program with Visa Ready for BNPL, including over 20 partners like ACI Worldwide and FIS. This initiative aims to accelerate the implementation and scalability of Visa's Buy Now, Pay Later offerings for both issuers and merchants. The expansion comes as the BNPL market is projected to reach $1.6 trillion globally, highlighting the payment method's increasing significance.",https://www.digitaltransactions.net/visas-expansion-of-visa-ready-for-bnpl-reflects-the-payment-methods-growing-popularity/,1652182792
V,Agoda Teams With Visa for No-Interest Credit Card Installments for Travel,"Agoda, a global travel booking platform, has partnered with Visa to offer interest-free credit card installments for travel. This makes Agoda the first online travel agency in the Asia Pacific region to provide such an arrangement. The initiative aims to provide greater flexibility and peace of mind for travelers by allowing them to divide payments without additional charges, reflecting growing consumer demand for ""buy now, pay later"" options.",https://www.pymnts.com/travel-payments/2022/agoda-teams-with-visa-for-no-interest-credit-card-installments-for-travel/,1652269502
V,Universal Music Group’s Richelle Parham to Deliver Keynote Address at Drexel Westphal Commencement 2022,"Richelle Parham, President of Global E-Commerce & Business Development for Universal Music Group, will deliver the keynote address at Drexel Westphal’s 2022 Commencement ceremony on June 9, 2022. Parham brings over 25 years of global strategy and marketing experience from prominent corporations including eBay and Visa, and currently oversees UMG's global e-commerce strategy. The ceremony will also feature graduate student speaker Kimberlyne Bethea and undergraduate student speaker Anaya Cherry.",https://drexel.edu/westphal/news-events/news/2022/May/Richelle-Parham-to-Deliver-Keynote-Address-Drexel-Westphal-Commencement/,1652727983
V,PGIM calls cryptocurrency ‘portfolio kryptonite’ but sees opportunities in broader ecosystem,"PGIM, a global investment management business, views direct cryptocurrency investments as ""portfolio kryptonite"" for long-term investors due to lack of regulatory frameworks, unpredictable correlations, and unreliable store of value. The firm highlights crypto's failures as an inflation hedge or safe-haven asset and its significant ESG concerns. However, PGIM identifies tangible opportunities in the broader blockchain ecosystem and related technologies.",https://www.businesswire.com/news/home/20220517006175/en/PGIM-calls-cryptocurrency-portfolio-kryptonite-but-sees-opportunities-in-broader-ecosystem,1652876073
V,Visa takes a big bet on commercial payments in India,"Visa is making a significant push into business-to-business (B2B) payments in India, focusing on corporate card solutions for statutory payments, reconciliation, and GST. The company plans to partner with fintechs, potentially investing in some, to provide comprehensive solutions for corporates and B2B suppliers, particularly targeting the underpenetrated SME market. This strategic shift comes as B2B payments, especially supplier-related settlements, now dominate corporate card usage in India, with Visa expecting them to contribute 50% of its transaction volumes in the country.",https://m.economictimes.com/tech/technology/visa-takes-a-big-bet-on-commercial-payments-in-india/articleshow/91727735.cms,1653308744
V,$131 Million in Settlements Approved for Distribution in Credit Card Interchange Fees Class Action,"Courts have approved the distribution of $131 million in net settlements for a class action against Visa, Mastercard, and several banks regarding credit card interchange fees. The lawsuit alleged a conspiracy to fix fees and restrict merchants' ability to surcharge higher-cost cards. Canadian businesses that accepted Visa or Mastercard between March 23, 2001, and September 2, 2021, are eligible to claim settlement benefits, with an easier process for small merchants.",https://www.newswire.ca/news-releases/-131-million-in-settlements-approved-for-distribution-in-credit-card-interchange-fees-class-action-804824409.html,1653901200
V,"The Zacks Analyst Blog Highlights Meta Platforms, Visa, Verizon Communications, United Parcel Service, and Canadian Natural Resources","This Zacks Analyst Blog highlights recent research reports on major stocks including Meta Platforms, Visa, and Verizon Communications. The article details challenges faced by Meta (iOS changes, macroeconomic concerns) and Visa (operating expenses, Russia-Ukraine situation), alongside their respective growth drivers. Verizon's 5G expansion plans are also noted despite competitive market pressures and a muted 2022 outlook.",https://www.nasdaq.com/articles/the-zacks-analyst-blog-highlights-meta-platforms-visa-verizon-communications-united-parcel,1654005180
V,Amex isn't afraid of inflation,"American Express CEO Steve Squeri expressed confidence in the company's customer base and economic outlook despite inflation concerns. Squeri noted that Amex has not seen any significant deterioration in credit quality and that card member spending grew 35% in the first quarter, believing that pulling back on investment is not the right strategy. The company also observes a growing premium card market, attracting younger consumers willing to pay annual fees for value.",https://www.paymentsdive.com/news/amex-ceo-isnt-afraid-of-inflation-payments/624828/,1654253449
V,Abra announces US crypto rewards credit card on Amex network,"Abra and American Express have partnered to launch the Abra Crypto Card, the first US crypto rewards credit card on the Amex network. This card will allow users to earn cryptocurrency rewards, including Abra's native CPRX token, on their USD purchases. The initiative aims to attract both experienced crypto users and newcomers by offering a simple entry point into the crypto world through an established financial network.",https://techcrunch.com/2022/06/10/american-express-us-crypto-rewards-credit-card/,1654858249
V,MoneyGram Launches Pioneering Global Crypto-to-Cash Service on the Stellar Network,"MoneyGram and the Stellar Development Foundation have launched a pioneering global crypto-to-cash service on the Stellar Network, creating a bridge between cash and cryptocurrencies. This service allows users to convert digital assets like USDC into cash and vice versa through MoneyGram's retail network, initially available in Canada, Kenya, the Philippines, and the U.S. It aims to enhance financial inclusion by enabling seamless transitions between physical and digital currencies for nearly 2 billion people who rely on cash, and will be offered with zero fees for the first 12 months.",https://www.prnewswire.com/news-releases/moneygram-launches-pioneering-global-crypto-to-cash-service-on-the-stellar-network-301565815.html,1654866900
V,ACLEDA Bank Plc. Partners with MoneyGram to Enable Cross-Border Remittances via ACLEDA Mobile,"ACLEDA Bank Plc. has announced a partnership with MoneyGram International, Inc. to enable cross-border remittances via the ACLEDA mobile app. This collaboration allows customers in Cambodia to send money to over 200 countries and territories and receive international transfers directly through the app, with future plans for cash services at bank branches. The partnership aims to enhance financial inclusion and provide fast, convenient, and reliable money transfer solutions for customers.",https://www.acledabank.com.kh/kh/eng/md_ln20220615,1655291854
V,"Western Union refunds! If you wired money to a scammer, you could get your money back.","Western Union has agreed to pay $586 million in refunds to consumers scammed through its service, following a joint investigation by federal agencies. If you wired money to a scammer via Western Union between January 2004 and January 19, 2017, you may be eligible for a refund. Claims must be filed by July 1, 2022, and the FTC provides details on how to apply, with many eligible individuals receiving pre-filled claim forms.",https://www.wfmynews2.com/article/news/local/2-wants-to-know/you-could-get-your-money-back-if-you-wired-money-to-a-scammer-through-western-union-read-this-federal-trade-commission-post-office-deadline-july-1/83-6fb5e0c4-60fe-4257-a05a-b7999f5bdf68,1655395620
V,Visa Inc. completes €3.0bn cross-border offering of senior notes | Vietnam | Global law firm,"Visa Inc. has completed a €3.0 billion cross-border offering of senior notes, facilitated by Norton Rose Fulbright's Toronto office. The offering included notes due in 2026, 2029, and 2034, with net proceeds intended for general corporate purposes. The issuance involved a syndicate of underwriters including major financial institutions.",https://www.nortonrosefulbright.com/en-vn/about/client-work/cc94bf87/visa-inc-completes-3bn-cross-border-offering-of-senior-notes,1655483491
V,"Wells Fargo to Launch AutographSM, a New Visa® Rewards Credit Card that Offers 3X Points Across Top Spending Categories",Wells Fargo is set to launch a new Visa® rewards credit card called AutographSM. This new credit card will offer customers 3X points across top spending categories. The announcement was made via a press release from the Wells Fargo Newsroom.,https://newsroom.wf.com/English/news-releases/news-release-details/2022/Wells-Fargo-to-Launch-AutographSM-a-New-Visa-Rewards-Credit-Card-that-Offers-3X-Points-Across-Top-Spending-Categories/default.aspx,1656357379
V,BurgerFi and Anthony’s launch co-branded Visa rewards card,"BurgerFi and Anthony's Coal Fired Pizza and Wings have introduced a co-branded Visa loyalty card, offering customers 3% cashback on purchases at their 185 locations, along with a $25 sign-up bonus and 1% cashback on other spending. This credit card, developed in partnership with Imprint, comes with no credit inquiries, interest, fees, or overdraft charges. The initiative is part of BurgerFi's broader growth strategy to enhance customer loyalty and leverage technology following its 2021 acquisition of Anthony's.",https://www.restaurantdive.com/news/burgerfi-anthonys-launch-co-branded-Visa-rewards-card/626162/,1656413530
V,Synchrony Financial stock outperforms market on strong trading day,"Synchrony Financial (SYF) stock increased by 3.51% to $28.59, outperforming the broader market which also saw gains with the S&P 500 rising by 1.06% and the Dow Jones Industrial Average by 1.05%. This rise ended a four-day losing streak for the company. The stock closed significantly below its 52-week high, but still outperformed competitors like Visa, Mastercard, and FleetCor Technologies on the trading day.",https://www.marketwatch.com/story/synchrony-financial-stock-outperforms-market-on-strong-trading-day-01656710580-30c170778dd4?tesla=y&gaa_at=eafs&gaa_n=AWEtsqcwull84H_rKHfuYcstTForjy6daqKXBXetVF6twb9V2R1plQWODLQc&gaa_ts=699ad799&gaa_sig=8KbSv51SF8tOJA3uQjQ8XDVhIZGTnm_9E2DgGuhvIW5aZ8k0vTXvYdSCXNodnsRZlgPIBkyvbdcfFPfCj63hTQ%3D%3D,1656696120
V,Apple Pay: The ultimate guide,"This comprehensive guide details Apple Pay, Apple's digital payment system designed to replace physical cards and cash with enhanced security and privacy. It covers setting up Apple Pay, utilizing the Wallet app, and explores related features such as Apple Card, Apple Cash, Apple Pay Express Transit, Apple Tap to Pay, and Apple Pay Later. The article highlights Apple Pay's evolution beyond contactless payments and its aim to simplify financial transactions.",https://www.imore.com/apple-pay,1657100983
V,Payment solutions for fuel providers,"J.P. Morgan's article addresses the evolving challenges and opportunities for fuel providers in the payments landscape. It highlights the complexities of managing multiple payment systems in fuel retail, the financial burden of swipe fees and fraud, and the need for modernization. The article suggests that adopting new payment models, leveraging mobile apps, and offering diversified services like EV charging can help fuel retailers attract and retain customers and optimize operational costs.",https://www.jpmorgan.com/insights/payments/merchant-services/payment-solutions-for-fuel-providers,1657534736
V,Equities Ownership: Concentration on the Rise?,"The article analyzes the increasing concentration of equities ownership, showing that controlled companies constitute nearly 46% of MSCI ACWI Index constituents, a 44% rise since 2015. It highlights the growing influence of ""universal managers"" like BlackRock and Vanguard, which hold significant stakes in numerous companies, and discusses the implications for corporate governance and shareholder engagement. While seemingly indicating concentration, the article suggests this could also reflect a new way of managing widely dispersed ownership if these managers enable clients to exercise shareholder rights effectively.",https://www.msci.com/research-and-insights/blog-post/equities-ownership-concentration-on-the-rise,1657561575
V,Tuya y Bancolombia lideran en número de tarjetas de crédito vigentes a abril,"Tuya and Bancolombia lead in the number of active credit cards in Colombia as of April, according to a report from the Superintendencia Financiera de Colombia (SFC). The country had 15.97 million active credit cards, with Mastercard having the most by franchise. Experts advise caution when using credit cards due to rising interest rates tied to the usury rate.",https://www.larepublica.co/finanzas/tuya-y-bancolombia-entidades-que-lideran-con-las-tarjetas-de-credito-vigentes-a-abril-3402610,1657706416
V,"Stake, Aliaswire target rental payment flows","New entrants Stake and Aliaswire are innovating in the multi-million-dollar rental payment market. Stake offers property owners a cash-back loyalty program for renters, aiming to reduce delinquency and increase lease renewals. Aliaswire provides a service allowing renters to split payments and choose their preferred payment methods, enhancing flexibility and data management for property owners.",https://www.paymentsdive.com/news/stake-aliaswire-target-rental-payment-flows/627476/,1658138529
V,Splitit strengthens board with appointments of Dan Charron and Nandan Sheth while adding key hires to the executive team,"Splitit has announced significant leadership changes, appointing payments industry veterans Dan Charron and Nandan Sheth to its board of directors. Charron joins as an Independent Non-Executive Director, bringing 30 years of experience, while CEO Nandan Sheth will now also serve as Managing Director. The company further bolsters its executive team with three key hires: Colt McCutcheon as Chief Revenue Officer, Collin Flotta as Head of Product, and George Danforth as Head of Operations, aiming to drive revenue growth, product innovation, and operational efficiency for its Installments-as-a-Service platform.",https://www.prnewswire.com/news-releases/splitit-strengthens-board-with-appointments-of-dan-charron-and-nandan-sheth-while-adding-key-hires-to-the-executive-team-301587916.html,1658139185
V,1 Warren Buffett Stock to Buy and 1 to Avoid,"This article analyzes two Warren Buffett-held stocks: Visa Inc. (V) and Snowflake Inc. (SNOW). It recommends buying Visa due to its strong fundamentals, growth prospects, and recent positive developments, highlighting its impressive financial performance and partnerships. Conversely, it advises avoiding Snowflake, citing its increasing operating losses and negative earnings outlook in the current market conditions.",https://www.inkl.com/news/1-warren-buffett-stock-to-buy-and-1-to-avoid,1658343984
V,Why is American Express paying people to play Halo 4?,"American Express is offering financial incentives to Halo 4 players by syncing their Xbox accounts with their Amex cards. Players can receive $10 for syncing and an additional $25 for reaching a specific game milestone, allowing them to recoup a portion of the game's cost. This strategy aims to reduce cardholder attrition and attract new customers from the growing video game market, according to industry experts.",https://qz.com/24071/why-is-american-express-paying-people-to-play-games,1658397276
V,Markets Brief: Is the Bond Market a Buy Yet?,"Despite impending interest rate hikes from the Federal Reserve, some analysts believe that long-term U.S. Treasuries are becoming an attractive investment due to increasing recession odds. While bonds have performed poorly this year, rising yields on longer-term Treasuries could reintroduce diversification benefits, especially if inflation is brought under control. Investors are urged to reconsider bonds as their valuation becomes more reasonable compared to recent years.",https://www.morningstar.com/bonds/markets-brief-is-bond-market-buy-yet,1658511406
V,El BBVA cambia Priority Pass por Visa Airport Companion para el acceso a salas VIP,"BBVA Argentina announced it will replace Priority Pass with Visa Airport Companion for airport VIP lounge access starting October 2022. This service, available for Visa Signature cardholders, offers access to over 1,200 lounges worldwide and a fully digital experience through a mobile app. Cardholders will receive two complimentary annual visits per card, with additional visits costing U$S 27 + IVA.",https://www.infoviajera.com/2022/07/el-bbva-cambia-priority-pass-por-visa-airport-companion-para-el-acceso-a-salas-vip/,1658742901
V,Visa’s profits jump 32% as consumers start traveling again,"Visa Inc. reported a 32% increase in fiscal third-quarter profits, driven by a double-digit rise in money processed on its credit and debit card network. The company earned $3.4 billion, or $1.60 per share, exceeding analyst expectations. This growth was largely attributed to a significant 40% increase in cross-border payments, indicating a return to pre-pandemic international travel habits.",https://www.krqe.com/news/business/visas-profits-jump-32-as-consumers-start-traveling-again/,1658874060
V,Central Pacific Financial Corp. reports second quarter earnings of $17.6 million,"Central Pacific Financial Corp. announced net income of $17.6 million for the second quarter of 2022, or $0.64 diluted earnings per share. This includes an $8.5 million gain from the sale of Visa stock, partially offset by a $4.9 million pension plan settlement charge. The company reported strong financial performance with double-digit annualized loan growth, core deposit inflow, net interest margin expansion, and excellent asset quality.",https://mauinow.com/2022/07/27/central-pacific-financial-corp-reports-second-quarter-earnings-of-17-6-million/,1658925960
V,How a Top T. Rowe Price Manager Is Positioned for a Continued Bear Market,"Justin White, manager of the T. Rowe Price All-Cap Opportunities Fund, is preparing his portfolio for a prolonged bear market by focusing on inflation- and recession-resistant stocks like Visa, Chubb, Veeva Systems, and Moderna. While he believes much of the market pain has already occurred, he anticipates further challenges, particularly given uncertainties surrounding a potential recession and the Federal Reserve's battle against inflation. White emphasizes individual stock selection over broad sector trends and has adjusted his portfolio by trimming growth stocks and increasing positions in more resilient companies.",https://www.morningstar.com/stocks/how-top-t-rowe-price-manager-is-positioned-continued-bear-market,1658947616
V,"The need for customer centric government just got real. Thankfully, the support is already here.","Pegasystems has been assisting leading brands for nearly four decades in solving significant challenges and transforming for the future. The company is now applying its industry-leading AI-powered decision and workflow automation capabilities to the public sector in over 20 countries, including Australia, to enhance digital customer service. Through case studies like the UK Royal Navy, US Department of Agriculture, Services Australia, and the NSW ePlanning Portal, the article highlights Pega's success in streamlining processes, improving citizen engagement, and driving efficiency and cost savings in government services.",https://www.themandarin.com.au/195681-the-need-for-customer-centric-government-just-got-real/,1659004189
V,The Future of Modern Payments Processing is Here: Moov Financial Joins Forces with Visa and Pathward to Improve Payments and Onboarding Experience for ISV's,"Moov Financial has announced its launch as a direct merchant acquiring processor on the Visa network, partnering with Pathward N.A. (formerly MetaBank). This collaboration aims to simplify and accelerate the payments and onboarding experience for integrated software vendors (ISV's), offering a quick path to card processing and other services. Moov's modern technology allows for fast merchant onboarding and account creation, bypassing traditional intermediaries.",https://www.accessnewswire.com/newsroom/en/banking-and-financial-services/the-future-of-modern-payments-processing-is-here-moov-financial-joins-710002,1659010500
V,The Future of Modern Payments Processing is Here: Moov Financial Joins Forces with Visa and Pathward to Improve Payments and Onboarding Experience for ISV's,"Moov Financial has announced its launch as a direct merchant acquiring processor on the Visa network, partnering with Pathward N.A. This collaboration aims to enhance payment processing and onboarding experiences for platform, vertical SaaS, and fintech companies by providing a streamlined path to card processing and other services. Moov's modern and modular technology enables quick merchant onboarding and direct connection to the Visa network.",https://finance.yahoo.com/news/future-modern-payments-processing-moov-161500313.html,1659025308
V,"FleetCor Technologies Inc. stock rises Friday, still underperforms market","Shares of FleetCor Technologies Inc. (FLT) rose 0.14% on Friday, closing at $220.09, despite an overall positive trading session for the market. However, the stock underperformed its competitors like Visa Inc., Mastercard Inc., and Fidelity National Information Services Inc. FleetCor Technologies Inc. also remained $61.93 short of its 52-week high.",https://www.marketwatch.com/story/fleetcor-technologies-inc-stock-rises-friday-still-underperforms-market-01659128049-000619dbf30b?gaa_at=eafs&gaa_n=AWEtsqfeYSDQSTVM0MFaIBXx6vo1Hnn_z-5-e4W9Z-MJ-6AjooRSa8K_gbW4&gaa_ts=694b5c17&gaa_sig=_MN4OgY1hGL7qX6LjsrBe8k-B9FT8MuvI-bucCNEXjCflQE1_OgFa3dR82tDPay8S1WUjpaoYWOFPuxEE3_4UA%3D%3D,1659113640
V,"Brown Rudnick Sex Trafficking Suit Against Pornhub, Visa Clears Major Hurdle","A U.S. District Judge cleared a major hurdle for Brown Rudnick's sex trafficking lawsuit against Pornhub and Visa, allowing Visa to remain in the case. The judge ruled that Visa allegedly continued to recognize Pornhub's parent company, Mindgeek, as a merchant despite knowing its websites hosted and monetized child pornography. The lawsuit was filed by Michael Bowe and Lauren Tabaksblat of Brown Rudnick.",https://www.law.com/litigationdaily/2022/08/02/brown-rudnick-sex-trafficking-suit-against-pornhub-visa-clears-major-hurdle/,1659425400
V,Splitit Expands BNPL To Rent Payments And Relocates Global Base To Atlanta,"Splitit USA Inc. has partnered with letus to expand its buy now, pay later (BNPL) services to rent payments and security deposits. This collaboration allows tenants to spread payments over interest-free monthly installments, utilizing Splitit's ""Installments-as-a-Service"" platform without requiring credit checks. Additionally, Splitit is moving its global headquarters from New York to Atlanta, a significant hub for financial technology companies.",https://www.digitaltransactions.net/splitit-expands-bnpl-to-rent-payments-and-relocates-global-base-to-atlanta/,1659517892
V,"Disney class action alleges Visa, Mastercard charge high transaction fees","The Walt Disney Co. has filed a class action lawsuit against Visa and Mastercard, alleging that the payment companies colluded to force merchants to pay excessively high transaction fees for over a decade, violating antitrust laws. Disney claims these ""interchange fees"" are supracompetitive and seeks damages, fees, and costs, arguing that more competition between card-issuers would benefit both merchants and consumers. This action follows Disney's decision to opt out of a previous $6 billion multidistrict litigation settlement with Visa and Mastercard regarding similar fee-fixing allegations.",https://topclassactions.com/lawsuit-settlements/money/fees/disney-class-action-alleges-visa-mastercard-charge-high-transaction-fees/,1659548175
V,Visa Suspends PornHub Parent Company’s Advertising Arm From Payments Network Amidst Child Pornography Lawsuit,"Payments giant Visa has suspended TrafficJunky, the advertising arm of MindGeek, from its network following a child pornography lawsuit. This decision comes after a California district judge ruled against Visa's motion to dismiss itself from a case involving Serena Fleites, who was underage when an explicit video of her appeared on Pornhub. Visa stated that its cards cannot be used to purchase advertising on MindGeek affiliated sites until further notice.",https://www.forbes.com/sites/emilymason/2022/08/04/visa-suspends-pornhub-parent-companys-advertising-arm-from-payments-network-amidst-child-pornography-lawsuit/,1659628020
V,"Geopagos, fintech argentina de aceptación de pagos, levantó US$35 millones • Contxto","Geopagos, an Argentine fintech specializing in payment acceptance solutions, has raised $35 million in its first institutional financing round led by Riverwood Capital. The company, founded in 2013, provides technology for businesses to launch or scale their payment processing operations in 15 Latin American countries. This investment will accelerate Geopagos's growth across the region and increase R&D efforts.",https://contxto.com/es/startups-es/geopagos-fintech-argentina-de-aceptacion-de-pagos-levanto-us35-millones/,1659689605
V,Telus seeks CRTC approval to charge customers a fee for credit card payments,"Telus Corp. is seeking CRTC approval to implement a 1.5% processing fee for customers paying with a credit card, intending to cover the associated processing costs. This move follows a class action settlement with Visa and Mastercard, allowing merchants to add surcharges starting October 6th. The fee, estimated at $2 per customer monthly, will not apply in Quebec or to Koodo customers, and can be avoided by using other payment methods like debit.",https://www.theglobeandmail.com/business/article-telus-wants-to-charge-customers-a-fee-for-credit-card-payments-2/,1660297378
V,Western Union CFO Raj Agrawal Departs for Arrow Electronics,"Western Union's Chief Financial Officer, Raj Agrawal, is stepping down after 16 years with the company to become the new CFO of Arrow Electronics, effective September 2. The company plans to name an interim CFO within the next two weeks. This departure follows Western Union's recent expansions, including integrating with Visa Direct for real-time money transfers and partnering with Marqeta for its digital banking platform.",https://www.pymnts.com/personnel/2022/western-union-cfo-raj-agrawal-departs-for-arrow-electronics/,1660639914
V,Pomelo Launches Family Credit Cards to Combine Credit and International Money Transfer,"Pomelo is introducing a new family credit card system that allows primary accountholders to issue up to four cards to friends and family overseas, eliminating international money transfer fees by using credit rails. The company, launched with $70 million in Seed funding, aims to help users build credit in the U.S. while providing financial access to loved ones in emerging economies. The service is initially available for transfers between the U.S. and the Philippines, where users can manage spending limits and track card usage via an app.",https://finovate.com/pomelo-launches-family-credit-cards-to-combine-credit-and-international-money-transfer/,1660643248
V,FIS to Modernize Real-Time Payments Infrastructure and Central Bank Digital Currencies for Countries Around the World,"FIS has launched RealNet™ Central, a new central infrastructure payment solution designed to help central banks modernize or build real-time payment networks globally. Additionally, FIS is introducing a Central Bank Digital Currencies (CBDC) Virtual Lab in collaboration with M10 Networks, enabling countries to experiment with and accelerate CBDC implementations. These initiatives aim to transform nations into digital, real-time inclusive economies and advance how the world pays.",https://www.businesswire.com/news/home/20220825005060/en/FIS-to-Modernize-Real-Time-Payments-Infrastructure-and-Central-Bank-Digital-Currencies-for-Countries-Around-the-World,1661418484
V,Clearance Holders Flagged by Feds for Gaming Credit Card Rewards,"This article discusses how individuals game credit card rewards programs by purchasing gift cards, converting them to money orders, and paying off credit card balances, generating significant tax-free income. It highlights the risks for security clearance holders who engage in this activity, as banks may file Suspicious Activity Reports (SARs) due to large cash infusions. While not illegal, these SARs can lead to scrutiny during security clearance background investigations, potentially causing denials or revocations despite the activity's legality.",https://news.clearancejobs.com/2022/08/28/clearance-holders-flagged-by-feds-for-gaming-credit-card-rewards/,1661680048
V,Card companies urged to code gun sellers,"Public officials and pension funds are increasing pressure on Visa, Mastercard, and American Express to create a unique merchant category code (MCC) for gun sellers. Proponents argue this code would help financial institutions track suspicious gun purchases, citing past incidents where firearms used in mass shootings were bought with credit cards. The International Standards Organization (ISO), which sets MCC standards, is considering the matter, while card companies remain largely uncommitted to publicly supporting the initiative.",https://www.paymentsdive.com/news/card-companies-urged-to-support-merchant-code-for-gun-sellers-visa-mastercard-american-express-guns/630894/,1661935978
V,These Payment Processors Cater to the Franchising Industry,"This article identifies and ranks the top 10 merchant service providers that specialize in catering to the unique needs of the franchising industry. It highlights the importance of robust payment processing for franchisors and franchisees, detailing the services and benefits offered by companies like Toast, Franchise Payments Network, and Square. The piece serves as a guide for franchisors seeking advanced, industry-specific payment solutions.",https://www.entrepreneur.com/franchises/these-payment-processors-cater-to-the-franchising-industry/432785,1662538358
V,Disney Legends Awards Ceremony and Disney 100 Years of Wonder Kick Off D23 Expo 2022,"The Walt Disney Company honored 14 talents as Disney Legends at D23 Expo 2022, continuing a 35-year tradition, with the ceremony hosted by Tamron Hall. CEO Bob Chapek also launched the Disney 100 Years of Wonder celebration, marking the company's 100th anniversary with new content, experiences, and programming. Honorees included Chadwick Boseman, Tracee Ellis Ross, and the cast of Frozen, recognized for their significant contributions to Disney's legacy.",https://thewaltdisneycompany.com/news/disney-legends-awards-ceremony-and-disney-100-years-of-wonder-kick-off-d23-expo-2022/,1662710646
V,"Visa, Mastercard and AmEx to Start Categorizing Gun Shop Sales","Visa announced it will adopt a new merchant code to separately categorize gun shop sales, a move also planned by Mastercard and American Express. This decision is seen as a significant victory by gun control advocates who believe it will help track suspicious firearm purchases, but it is expected to face opposition from gun rights advocates. The new categorization follows pressure from New York City officials and pension funds, aiming to create better oversight similar to codes already in place for various other types of retail transactions.",https://www.nbcnewyork.com/news/national-international/visa-mastercard-and-amex-to-start-categorizing-gun-shop-sales/3859826/,1662799426
V,Opinion: Are Oklahoma 401(k) Plans Helping to Destroy State’s Energy Business?,"This opinion piece argues that Oklahoma 401(k) plan participants might unknowingly be investing in funds that work against the state's vital energy industry. The author, Terry Morgan of Ok401k, highlights the trend of large mutual fund companies adopting ESG investing criteria, which he claims can force corporations to comply with ""woke"" agendas and potentially harm the profitability of energy companies. He urges Oklahomans to be aware of how their investments are being used and suggests alternative funds like those from STRIVE Asset Management.",https://401kspecialistmag.com/opinion-are-oklahoma-401k-plans-helping-to-destroy-states-energy-business/,1662959383
V,Western Union Acquires Te Enviei to Speed Digital Wallet Launch in Brazil,"Western Union has acquired Te Enviei, a Brazilian digital wallet provider, to accelerate the launch of its digital wallet in Brazil in the first half of 2023. This acquisition will allow Western Union to offer services like money storage, domestic and international transfers, and bill payments via mobile phones, transitioning to a more customer-centric approach. The move comes as PYMNTS research highlights significant mobile usage for shopping among Brazilians, and Western Union continues to expand its integration with Visa Direct for real-time cross-border payments.",https://www.pymnts.com/mobile-wallets/2022/western-union-acquires-te-enviei-speed-digital-wallet-launch-brazil/,1662972386
V,FTFT's Future FinTech Labs Partners with Currencycloud to Launch the Low-Cost Remittance App Tempo,"Future FinTech Labs, a subsidiary of Future FinTech Group Inc., has partnered with Currencycloud to introduce Tempo, a remittance app designed for low-cost money transfers. The app aims to provide US-based immigrants with a streamlined, secure, and cost-effective way to send money internationally to numerous countries in North America, Europe, Australia, India, and the Philippines. Tempo offers features like a multicurrency digital wallet, currency conversion, and in-app customer support, targeting an often-overlooked market.",https://www.prnewswire.com/news-releases/ftfts-future-fintech-labs-partners-with-currencycloud-to-launch-the-low-cost-remittance-app-tempo-301621662.html,1662973200
V,7 Things to Know About the NANC ETF Aiming to Track Nancy Pelosi Stocks,"Unusual Whales has proposed two new ETFs, NANC and KRUZ, designed to track the trading activities of Democratic and Republican lawmakers, respectively. The NANC ETF is inspired by Speaker Nancy Pelosi's successful trades, while KRUZ would follow Republican activity, including Senator Ted Cruz. These ETFs aim to allow investors to mirror the investment decisions of politicians, leveraging their perceived stock-picking skills.",https://investorplace.com/2022/09/7-things-to-know-about-the-nanc-etf-aiming-to-track-nancy-pelosi-stocks/,1663686480
V,Apple Pay llegaría a fines de octubre a Chile,"Apple Pay is expected to launch in Chile by the end of October, according to financial industry executives and various indications. Several banks, including Banco de Chile, Bci, Banco Falabella, Itaú, BICE, Scotiabank, and Santander, are preparing for its arrival. The delay has been attributed to commercial differences, particularly Apple's demand for a share of transaction commissions, and technical implementation challenges related to Chile's evolving payment system and POS terminal requirements.",https://chocale.cl/2022/09/apple-pay-chile-billetera-digital-fines-octubre/,1663746927
V,The Global Real-Time Rail Ecosystem (Part I),"This article, Part I of a series, explores the global landscape of real-time payment rail modernization. It highlights Canada's modernization journey and reviews faster payment systems in the UK, Australia, Hong Kong, and the United States, detailing the innovative services built upon these infrastructures. The article emphasizes that while the introduction of Real-Time Rails (RTR) is a significant step, it is merely the beginning of a broader modernization process with extensive economic implications.",https://www.epam.com/insights/blogs/the-global-real-time-rail-ecosystem-part-one,1663747599
V,"Visa eyes B2B, remittances for growth","Visa is targeting the business-to-business (B2B) and remittances markets for significant future growth, as stated by CFO Vasant Prabhu at a Goldman Sachs conference. The company sees a substantial ""cardable B2B portion"" opportunity and is also expanding its network for remittances, aiming to improve efficiency, speed, and cost-effectiveness in these markets. Visa plans to challenge incumbents and fintechs by offering faster and cheaper solutions for cross-border money transfers.",https://www.paymentsdive.com/news/visa-eyes-remittances-b2b-for-payments-growth/631802/,1663747958
V,WisdomTree appoints Daniela Mielke to Board of Directors,"WisdomTree Investments, Inc. (NASDAQ:WETF) has appointed Daniela Mielke to its Board of Directors. Mielke brings over 20 years of experience in financial services, payments, and fintech, having held key roles at PayPal, Visa, and Vantiv. Her appointment follows the resignation of Susan Cosgrove and aims to bolster WisdomTree's focus on digital assets and blockchain-enabled financial services.",https://fxnewsgroup.com/forex-news/executives/wisdomtree-appoints-daniela-mielke-to-board-of-directors/,1663787805
V,Deutsche Bank partners with Visa to prevent fraud in online retail,"Deutsche Bank and Visa have partnered to combat online retail fraud. Through this collaboration, merchants processing e-commerce payments via Deutsche Bank can now utilize Cybersource's ""Decision Manager,"" an AI-powered fraud detection system, to assess and block suspicious transactions. This initiative aims to enhance risk management for businesses of all sizes and streamline online payment security.",https://www.db.com/news/detail/20220922-deutsche-bank-partners-with-visa-to-prevent-fraud-in-online-retail?language_id=1,1663833796
V,"As ISVs disrupt payments, can merchant acquirers stay relevant?","Integrated Software Vendors (ISVs) are rapidly gaining market share in the US merchant acquiring business, particularly among small businesses, by offering software-driven solutions that combine payment processing with business management and value-added services. This trend poses significant challenges to incumbent merchant acquirers and banks, who risk losing direct relationships and revenue opportunities as ISVs capture customer loyalty. The article explores how traditional players, ISVs themselves, and investors can adapt to this evolving landscape, highlighting opportunities for growth through partnerships, expanded service offerings, and strategic investments in niche markets.",https://www.mckinsey.com/industries/financial-services/our-insights/as-isvs-disrupt-payments-can-merchant-acquirers-stay-relevant,1663834358
V,"Press Release: PayPal Teams Up With Global Impact Investing Network (GIIN), Telus Pollinator Fund, and Visa Foundation to Launch Corporate Impact Investing Initiative","PayPal, in collaboration with the Global Impact Investing Network (GIIN), the TELUS Pollinator Fund for Good, and Visa Foundation, has launched a corporate impact investing initiative aimed at helping companies align their financial assets and capabilities with environmental and social commitments. The initiative seeks to mobilize corporate capital to address urgent global challenges like the UN Sustainable Development Goals, inviting companies to contribute insights and participate in developing resources. This collaboration underscores a growing corporate movement to redefine asset management by integrating impact investing for sustainable, just, and inclusive outcomes.",https://newsroom.paypal-corp.com/2022-09-22-Corporate-Impact-Investing-Initiative,1663873044
V,Galicia y Naranja X entran al mercado de las plataformas de pagos,"Grupo Financiero Galicia, including Banco Galicia and Naranja X, has launched ""Nave,"" a new payment platform targeting the virtual payments market. This platform aims to provide solutions for businesses, including microcredits for users without traditional credit cards (""buy now, pay later"") and real-time accreditation for merchants at low commission rates. The initiative seeks to expand digital tools for businesses and compete in the QR code payment segment, with plans to integrate more digital services and payment options.",https://www.lavoz.com.ar/negocios/galicia-y-naranja-x-entran-al-mercado-de-las-plataformas-de-pagos/,1664183820
V,PNC buys restaurant point-of-sale firm Linga,"PNC Financial Services Group has acquired Linga, a Naples, Florida-based point-of-sale (POS) and payments solutions firm specializing in the restaurant industry. This acquisition will expand PNC's corporate payments capabilities and enhance its treasury management platform by integrating Linga's cloud-based operating system, online ordering, and QR code-based menu features. Linga will continue to operate with its existing management team and founder, Onur Haytac, reflecting a broader trend of banks investing in fintech to meet evolving consumer demands for contactless payments.",https://www.bankingdive.com/news/pnc-buys-restaurant-point-of-sale-firm-linga/632743/,1664265299
V,"삼성자산운용, 월배당 'DIVO ETF' 한국판 출시","삼성자산운용이 미국 운용사 앰플리파이의 월배당 커버드콜 ETF인 'DIVO'의 한국판 상품을 출시한다. 이 상품은 'KODEX 미국 배당 프리미엄 액티브 ETF'로, 미국 우량 배당 성장주와 대표 성장주에 투자하며 주식 배당과 콜옵션 매도를 통해 월 배당 재원을 마련한다. 특히 개별 주식에 대한 전략적인 콜옵션 매도와 자산의 주가 상승에 따른 자본 이익 추구하는 액티브 전략이 특징이다.",https://www.newspim.com/news/view/20220927000425,1664265842
V,Marie Claire takes on Regional President role for Asia Pacific at global insights company TransUnion,"TransUnion, a global insights company, has appointed Marie Claire Lim Moore as its Regional President for Asia Pacific (APAC). Lim Moore, who joined TransUnion in April 2020 as Hong Kong CEO, has been instrumental in business elevation amid market challenges. Her new role aims to capitalize on growth opportunities in the APAC market, including the Greater Bay Area and increasing financial inclusion in the Philippines, while she will concurrently retain her position as CEO of TransUnion Hong Kong.",https://www.adobomagazine.com/press-release/marie-claire-takes-on-regional-president-role-for-asia-pacific-at-global-insights-company-transunion/,1664268114
V,ICICI Bank UK offers bank accounts in UK for Indian students: How to activate it in 3 steps,"ICICI Bank UK has introduced the 'HomeVantage Current Account' (HVCA) specifically for Indian students studying in the UK. This account can be opened digitally from India or the UK, offering instant access to banking services and a VISA debit card. The bank aims to simplify banking for Indian students and their parents, providing a secure and convenient way to manage finances while abroad.",https://www.livemint.com/industry/banking/icici-bank-uk-offers-bank-accounts-in-uk-for-indian-students-how-to-activate-it-in-3-steps-11664784477600.html,1664781590
V,Latin America sees growing payments activity,"Latin America is experiencing a surge in payments activity, driven by a high unbanked population, increasing digitalization, and growing adoption of mobile banking and cryptocurrencies. Western Union, Bitso, Visa, Ripple, and Ebanx are among the key players expanding their services and forming strategic partnerships in the region to capitalize on this growth. This trend is further fueled by increased remittance flows and the region's burgeoning fintech sector.",https://www.fxcintel.com/research/analysis/latin-america-sees-growing-payments-activity,1664783333
V,Paying with a credit card? Expect to see a fee when you shop under new rules that start now,"Canadian retailers and businesses are now permitted to charge customers a surcharge of up to 2.4% for credit card transactions, following a class-action lawsuit settlement. This new rule aims to offset the interchange fees merchants previously had to absorb, although it may lead some consumers to switch to debit or cash payments. Quebec is exempt from these new rules due to its Consumer Protection Act, and merchants must provide notice before implementing surcharges.",https://www.cbc.ca/news/business/credit-card-surcharge-shop-1.6606997,1665028800
V,PayPal Advances Its U.S. POS Ambitions With a Launch of the All-in-One Zettle Terminal,"PayPal is launching its new Zettle Terminal in the U.S., expanding its point-of-sale presence following a European rollout. The $199 all-in-one device, based on technology acquired from Zettle, aims to compete with established U.S. POS providers like Square and Clover. This move signifies PayPal's continued push into physical retail, a long-held ambition with varying past successes.",https://www.digitaltransactions.net/paypal-advances-its-u-s-pos-ambitions-with-a-launch-of-the-all-in-one-zettle-terminal/,1665473739
V,Western Union CFO Raj Agrawal Departs for Arrow Electronics,"Western Union's Chief Financial Officer, Raj Agrawal, is stepping down after 16 years to become the new CFO of Arrow Electronics. His departure is effective September 2, and Western Union plans to name an interim CFO soon. Agrawal's departure follows recent strategic moves by Western Union, including expanding its integration with Visa Direct and partnering with Marqeta for its digital banking platform.",https://www.pymnts.com/personnel/2022/western-union-cfo-raj-agrawal-departs-for-arrow-electronics/partial/,1665644263
V,"BBVA Credit Card Login, Number & Bill Payment for 2026","This article provides a comprehensive guide to managing a BBVA credit card, including how to log in, make bill payments online, by phone, or mail, and contact customer service. It details the benefits of BBVA credit cards, information on avoiding late fees, and addresses frequently asked questions about account opening, credit scores, and the different BBVA credit card offerings.",https://www.valuewalk.com/bbva-bank-compass-credit-card/,1665644367
V,Embedded finance: Who will lead the next payments revolution?,"Embedded finance, which integrates financial products into nonfinancial digital experiences, reached $20 billion in US revenues in 2021 and is projected to double within three to five years. The article explores how banks, payments providers, fintechs, and software firms can participate and succeed in this dynamic market by focusing on product breadth, depth, and program management support. Key success factors include choosing a strategic focus, building a modern developer experience, adapting to B2B2C/B2B2B sales, and developing robust support and risk services.",https://www.mckinsey.com/industries/financial-services/our-insights/embedded-finance-who-will-lead-the-next-payments-revolution,1665680154
V,Surcharging and What It Means For Your Business,"This article explains credit card surcharging for businesses, detailing how merchants can add a fee for credit card transactions following a class action lawsuit settlement with Visa and Mastercard. It outlines eligibility criteria for the settlement, how to claim, and provides guidance on how to implement surcharging, including notification and disclosure requirements. The article also addresses frequently asked questions regarding surcharging, such as what it is, how it differs from convenience fees, and regional restrictions like those in Quebec.",https://www.cfib-fcei.ca/credit-card-surcharging,1665768975
V,NatWest adds three new payment providers to VRP roster,"NatWest Group has expanded its Variable Recurring Payments (VRP) offerings by adding three new payment providers: Token, Tink, and Yapily. These additions will enable businesses and consumers to utilize VRP as a flexible and secure payment option for various services like utility bills and subscriptions. VRPs, a key development in open banking, allow third-party providers to initiate a series of payments at variable intervals, offering greater control and efficiency.",https://www.fintechfutures.com/paytech/natwest-adds-three-new-payment-providers-to-vrp-roster,1666596670
V,Social investment app AleFi nabs $600k to bring transparency to investments,"Miami-based wealthtech company AleFi has successfully raised $600,000 in a funding round led by RevTech Labs and CEO Investors, with further participation from angel investors. The company's new investment app aims to enhance transparency for retail traders by showcasing verified investors' strategies and enabling social investing. AleFi plans to expand its user base and seek additional funding of $3 million in a second investment round.",https://latamlist.com/social-investment-app-alefi-nabs-600k/,1666597777
V,How to Send Money to Mexico 2022: A Complete Guide,"This guide details the best ways to send money to Mexico, highlighting that specialized money transfer services are more cost-effective and faster than traditional banks. It covers various online transfer companies like Wise and Remitly, explaining their features, fees, and exchange rates. The article also provides tips for choosing a service, such as comparing exchange rates, understanding hidden costs, and checking customer reviews, to ensure recipients receive the maximum amount.",https://www.compareremit.com/money-transfer-tips/how-to-send-money-to-mexico-2022/,1666627620
V,How commercial cards help keep fraud at bay,"J.P. Morgan discusses how commercial cards can help businesses mitigate payment fraud, which affected 71% of finance professionals in 2021. The article highlights built-in security features of commercial cards, such as chip technology and customizable spending limits, and educates on common fraud schemes like business email compromise, account takeover, skimming, data breaches, phishing, and internet safety. It also promotes virtual card solutions as an enhanced security measure, citing their near 0% fraud rate due to unique account numbers, secure vendor access, controlled credit limits, and custom expiration dates.",https://www.jpmorgan.com/insights/treasury/cards-expense-management/cc-keep-fraud-at-bay,1666768970
V,Tractor Supply and Citi Retail Services Expand Credit Card Offerings to Meet the Demand of Life Out Here,"Tractor Supply Company and Citi Retail Services have expanded their credit card offerings by introducing the new TSC Visa Credit Card, building on their existing more than 20-year relationship. This new co-branded card offers customers Neighbor’s Club rewards on purchases made anywhere Visa is accepted, alongside the existing benefits of the private label TSC Store Card. The expansion aims to provide customers with more flexibility and relevant rewards to meet their diverse needs, emphasizing customer engagement and loyalty.",https://corporate.tractorsupply.com/newsroom/news-releases/news-releases-details/2022/Tractor-Supply-and-Citi-Retail-Services-Expand-Credit-Card-Offerings-to-Meet-the-Demand-of-Life-Out-Here/default.aspx,1666897022
V,Tractor Supply and Citi Retail expand credit card partnership,"Tractor Supply and Citi Retail Services have expanded their partnership by introducing the TSC Visa Credit Card, an additional option to their existing private label TSC Store Card. This new co-branded card offers enhanced rewards, including 5% back on Tractor Supply purchases or special financing, along with rewards on gas, groceries, and vet purchases, and comes with a $0 annual fee. All cardmembers are automatically elevated to Neighbor’s Club Preferred Plus status, providing access to exclusive benefits like free pet bathing and free same-day delivery.",https://hbsdealer.com/tractor-supply-and-citi-retail-expand-credit-card-partnership,1666897026
V,Tractor Supply and Citi Retail Services Expand Credit Card Offerings to Meet the Demand of Life Out Here,"Tractor Supply Company and Citi Retail Services have expanded their credit card offerings with the introduction of the new TSC Visa Credit Card. This new co-branded card allows customers to earn Neighbor’s Club rewards on purchases made anywhere Visa is accepted, building upon the existing TSC Store Card benefits. The expansion aims to enhance customer engagement and loyalty by providing flexible reward options and premium benefits to cardholders.",https://www.businesswire.com/news/home/20221027005725/en/Tractor-Supply-and-Citi-Retail-Services-Expand-Credit-Card-Offerings-to-Meet-the-Demand-of-Life-Out-Here,1666897026
V,Western Union files trademark applications as it seeks to foray into digital asset sector,"Western Union has filed three trademark applications with the United States Patent and Trademark Office, signaling a potential move into the digital asset sector. The filings suggest the company is considering issuing its own digital tokens, maintaining digital currency wallets, and offering virtual currency exchange and trading services. This move comes despite past hesitations and puts Western Union in a competitive race with companies like Mastercard and Visa who have already made significant strides in digital asset offerings.",https://coingeek.com/western-union-files-trademark-applications-as-it-seeks-to-foray-into-digital-asset-sector/,1667029733
V,American Express just hired a new tech executive who was the CTO at Groupon and led tech at Goldman Sachs' Marcus,"American Express has hired Sachin Devand as EVP and unit CIO of digital, data, and AI/ML tech. Devand previously served as CTO of Groupon for eight months and before that, was a managing director and CTO of Marcus, Goldman Sachs' online-only consumer bank. His role at Amex will focus on leveraging data and machine learning, which are critical for the company's digital payments strategy and fraud prevention given its end-to-end data set.",https://www.businessinsider.com/american-express-hired-groupon-cto-sachin-devand-cloud-efforts-2022-10,1667199527
V,"PayPal's ""prudent"" revenue growth forecast cut sinks shares","PayPal cut its annual revenue growth forecast from 11% to 10% for the year, citing a challenging macro environment, slowing e-commerce, and an unpredictable holiday shopping season. This ""prudent"" forecast and a decline in third-quarter profit led to an 11% drop in shares, though they later pared losses to 9%. The company expects to achieve $900 million in cost savings this year and at least $1.3 billion next year, amid concerns over consumer spending tightening due to inflation and recession fears.",https://www.reuters.com/technology/paypal-third-quarter-revenue-jumps-online-shopping-picks-up-pace-2022-11-03/,1667518620
V,Banco de Chile en la previa de la Teletón 2022: “Estamos muy entusiasmados para recibir a todas las familias de Chile”,"Banco de Chile, as the official fundraiser for Teletón 2022, is ready to receive donations with over 3,000 physical points and digital channels. María Victoria Martabit, corporate affairs manager, expressed enthusiasm for the event, which aims to raise 35 billion pesos for children with disabilities. The campaign also includes a family race and a gaming challenge to engage the public.",https://www.pauta.cl/actualidad/2022/11/04/teleton-2022-banco-de-chile-novedades-corrida-desafio-fortnite-donaciones.html,1667541797
V,Royal Bank of Canada and Visa partner on flexible financing,"Royal Bank of Canada (RBC) has partnered with Visa to offer flexible financing options to its credit cardholders, allowing them to split purchases into smaller payments. This collaboration aims to meet the growing consumer demand for installment payments and buy now, pay later (BNPL) solutions. The service will be available to eligible RBC personal credit cardholders at participating merchants both online and offline across Canada.",https://www.retailbankerinternational.com/news/rbc-visa-bnpl-partnership/,1668494508
V,How Canada’s new credit card surcharge will affect consumers and businesses,"Canada's recent removal of the credit card no-surcharge rule, following a class-action lawsuit settlement, allows businesses to pass interchange fees to customers. This article explores the potential impact on consumers and businesses, discussing consumer reactions based on behavioral economics, and suggesting strategies for businesses like offering cash discounts instead of surcharges. It also suggests that surcharges could improve consumer decision-making by making the true cost of credit card use more transparent.",https://theconversation.com/how-canadas-new-credit-card-surcharge-will-affect-consumers-and-businesses-193500,1668522240
V,Casey’s Adds Another Fleet-Fueling Discount,"Casey's General Stores has partnered with financial-payments firm AtoB to offer a 7-cents-per-gallon discount on fuel purchases for AtoB Visa fleet card holders. This partnership expands Casey's existing fleet discount programs and aims to help fleets save on rising fuel costs. The discount is automatically applied at Casey's more than 2,400 convenience stores.",https://cspdailynews.com/fuels/caseys-adds-another-fleet-fueling-discount,1668578786
V,Visa promotes McInerney to CEO as Kelly moves to board,"Visa Inc. has named its president, Ryan McInerney, as the new chief executive officer, effective February. He will replace Alfred Kelly Jr., who will transition to executive chairman of the board. McInerney takes the helm during a challenging economic period for the payments industry, with a focus on growing profit and reducing expenses.",https://www.reuters.com/business/payments-giant-visa-names-new-ceo-2022-11-17/,1668685380
V,Global Electronic Bill Presentment and Payment Market is expected to foresee significant growth. APAC to lead the growth!,"The Global Electronic Bill Presentment and Payment (EBPP) Market is projected to experience significant growth, driven by the increasing adoption of electronic payment solutions and rising smartphone usage. Asia-Pacific is expected to lead this growth due to emerging economies and digitalization efforts. Key market drivers include the efficiency of managing expenses and the optimization of human resources, with mobile, web, and email channels being primary communication methods for bill presentment.",https://univdatos.com/news/electronic-bill-presentment-and-payment-market,1668788845
V,Visa’s next CEO sees a world of growth,"Ryan McInerney, the incoming CEO of Visa, has outlined his vision for growth, focusing on expanding the company's consumer payments franchise globally, deepening its presence in international domestic payment systems, and targeting opportunities in B2B payments and emerging areas like earned wage access and remittances. He also stressed continued, responsible investment in cryptocurrency, despite recent market volatility, and a readiness to acquire companies in the current economic landscape. McInerney sees significant growth potential, particularly in under-penetrated markets like Africa and through partnerships with fintechs.",https://www.paymentsdive.com/news/visa-next-ceo-growth-card-network-payments/637064/,1669011607
V,4 Reasons Why Buying Airbnb Stock Is a Genius Move,"This article highlights four key reasons why Airbnb (ABNB) stock is considered a strong buy. These reasons include the company's robust growth despite economic concerns, its impressive profitability demonstrated by high free cash flow and profit margins, a reasonable valuation compared to historical data and peers, and the strong, founder-led leadership team that remains heavily invested in the company's success.",https://www.fool.com/investing/2022/11/23/4-reasons-why-buying-airbnb-stock-is-a-genius-move/,1669180500
V,Paycom Rolls Out Vault Card,"Paycom Software Inc. announced the launch of the Vault Visa® Payroll Card, allowing employees to get paid up to two days earlier and control their finances. This offering aims to provide a competitive edge for organizations in attracting and retaining employees by reducing administrative burdens and offering attractive payday options. The Vault card integrates with Paycom’s existing Beti® self-service payroll solution and offers various benefits to both employees and employers.",https://www.businesswire.com/news/home/20221129005272/en/Paycom-Rolls-Out-Vault-Card,1669745181
V,"FIS, Fiserv could benefit from credit legislation","New legislation aimed at increasing competition in credit card routing, the Credit Card Competition Act of 2022, could significantly benefit payment processing companies FIS and Fiserv. Currently, these firms primarily handle debit transactions, but the bill seeks to challenge the dominance of Visa and Mastercard in the credit market by requiring merchants to have access to at least two unaffiliated networks. While the feasibility of its passage and the technological readiness of FIS and Fiserv remain points of discussion, proponents argue it could open new revenue streams for these companies by allowing them to extend their existing debit networks into credit processing.",https://www.paymentsdive.com/news/fis-fiserv-durbin-credit-legislation-payments-competition-visa-mastercard/637552/,1669788987
V,The clearing house standard: Aspirational model for accounting firms and retailers,"Accounting firms, particularly those serving the retail industry, should adopt a ""clearing house mentality"" to improve the accuracy of client bookkeeping and save them money. This approach involves daily reconciliation of sales and deposits, similar to the highly regulated investment industry, to address the complexities of modern e-commerce and diverse payment platforms. By educating clients and leveraging automation, firms can provide a more robust reconciliation experience, preventing financial discrepancies and ensuring better financial health for retailers.",https://www.thomsonreuters.com/en-us/posts/tax-and-accounting/clearing-house-standard-accounting/,1669921006
V,Simpler Payments. On the Go. Regions Bank Launches Business Travel Solution for Corporate Banking Clients,"Regions Bank has launched a new virtual commercial card solution, Visa Commercial Pay, to simplify business travel payments for its Corporate Banking clients. This solution streamlines reservation management, provides enhanced data and spend visibility for employee travel, and automates expense reconciliation. The bank plans further enhancements to its Treasury Management solutions, including an expansion of Visa Commercial Pay and the launch of Regions CashFlowIQ SM in 2023.",https://ir.regions.com/news-events/press-releases/news-details/2022/Simpler-Payments.-On-the-Go.-Regions-Bank-Launches-Business-Travel-Solution-for-Corporate-Banking-Clients-12-05-2022/default.aspx,1670264755
V,Paycom intros payroll Visa card,"Paycom Software Inc. has launched the Vault Visa Payroll Card, allowing employees to receive payments up to two days early. This new card helps employees avoid check-cashing fees and reduces administrative work for companies associated with traditional checks. It also offers features like fee-free ATM access, Zero Liability fraud protection, and hotel discounts.",https://www.atmmarketplace.com/news/paycom-intros-payroll-visa-card/,1670349982
V,Global Winner of the Visa Everywhere Initiative 2022 announced as Thrive Agric from Nigeria,"Thrive Agric, a Nigerian fintech company, has been crowned the global winner of the Visa Everywhere Initiative 2022 and also received the Visa Direct award. The company, which provides smallholder farmers access to finance, insights, and distribution, was selected among over 4,000 fintech applicants worldwide. Thrive Agric co-founder, Ayo Arikawe, pitched their solution for enabling strategic partnerships with financial institutions and agriculture value chain players to empower farmers.",https://techcabal.com/2022/12/09/global-winner-of-the-visa-everywhere-initiative-2022-announced-as-thrive-agric-from-nigeria/,1670612784
V,"SPDR Gender Diversity ETF Officially Changes Index, Name","The SPDR MSCI USA Gender Diversity ETF (SHE) has officially changed its name and underlying index to the MSCI USA Gender Diversity Select Index, effective December 8. This ETF, a pioneer in gender-focused investing with $208.65 million in assets, now holds 281 stocks. The new index emphasizes companies committed to gender diversity across all organizational levels and rebalances quarterly.",https://www.nasdaq.com/articles/spdr-gender-diversity-etf-officially-changes-index-name,1670907205
V,"SPDR Gender Diversity ETF Officially Changes Index, Name","The SPDR MSCI USA Gender Diversity ETF (SHE) has officially changed its underlying index and name to the MSCI USA Gender Diversity Select Index. This ETF, a pioneer in gender-focused funds with $208.65 million in assets, now holds 281 stocks and seeks to identify companies committed to gender diversity across all organizational levels. The index is sector-agnostic, with holdings weighted by market capitalization and gender diversity scores.",https://www.etftrends.com/esg-channel/spdr-gender-diversity-etf-officially-changes-index-name/,1670907669
V,"Mastercard, Fiserv and more: These payments stocks dubbed favorites for 2023","Bank of America and RBC Capital Markets analysts have identified their top picks in the payments sector for the upcoming year, with Mastercard and Fiserv appearing on both lists. Analysts noted Mastercard's resilience, highlighting its revenue and earnings per share growth even during the 2009 fiscal year. Fiserv was cited for its ""unique distribution channel.""",https://www.marketwatch.com/story/mastercard-fiserv-and-more-these-payments-stocks-dubbed-favorites-for-2023-11670950118?gaa_at=eafs&gaa_n=AWEtsqcZYw1ob33f__RXsqBc_BKbth8JYOoAFZUWMZa7d1fnVEynaYZ2CaHI&gaa_ts=699a94c0&gaa_sig=VopSonYj9O4qHnliXJUX71JxIVzYv-aNAUKa0kZZUfii97d5Z6buhJ-ZP96G9rJTMoDmUoY3zil_qzDHKuyqDw%3D%3D,1670932080
V,"AMC Theatres® Announces a Co-Branded Credit Card; Perfect for AMC Moviegoers and AMC Shareholders, the AMC Entertainment Visa Card Enables AMC Stubs Members to Earn Rewards Faster Through Everyday Purchases","AMC Theatres is launching the AMC Entertainment Visa Card in early 2023, the first co-branded credit card in the U.S. theatrical exhibition industry. The card will allow AMC Stubs members to earn accelerated rewards points on everyday purchases and at AMC, with new cardholders receiving $50 in bonus bucks after meeting an initial spend. A waitlist is available, and those who sign up and apply will be entered into a sweepstakes to attend a red-carpet movie premiere with CEO Adam Aron.",https://investor.amctheatres.com/news-events/press-releases/detail/39/amc-theatres-announces-a-co-branded-credit-card-perfect-for-amc-moviegoers-and-amc-shareholders-the-amc-entertainment-visa-card-enables-amc-stubs-members-to-earn-rewards-faster-through-everyday-purchases,1670994017
V,Goldman’s misadventures on Main Street,"Goldman Sachs is significantly scaling back its consumer banking ambitions, including winding down its personal-loan business, Marcus, and abandoning plans for checking accounts. This retreat comes amid pressure to improve profits, anticipated losses of billions for the consumer division, and upcoming layoffs and bonus cuts. The firm is shifting focus back to its traditional strengths in trading and investment banking.",https://www.semafor.com/article/12/22/2022/goldmans-misadventures-on-main-street,1671724620
V,Stock Market Outlook 2023 for the Worst Performing S&P 500 Sectors,"This article provides an outlook for the worst-performing S&P 500 sectors in 2022, including Technology, Real Estate, Consumer Discretionary, and Communication Services. It analyzes the performance of key holdings within each sector, their outlook for 2023, and analyst sentiment with options market probabilities for recovery. The forecast indicates that a full recovery to previous highs for these sectors and their major constituents is unlikely in the short term.",https://www.tastylive.com/news-insights/stock-market-outlook-2023-worst-performing-sp500-sectors,1672167983
V,"Americans see big increases in holiday debt this season; average over $1,500","A new LendingTree survey reveals that the average holiday debt for Americans increased to $1,549 this year, a 24% jump from last year and the highest in eight years. This surge is primarily attributed to inflation and higher interest rates, with many consumers taking five months or more to pay off their credit card debt. LendingTree's Chief Credit Analyst, Matt Schulz, advises using 0% balance transfer credit cards and negotiating lower interest rates with issuers to manage this debt effectively.",https://thenationaldesk.com/news/americas-news-now/americans-see-big-increases-in-holiday-debt-this-season-average-over-1500-personal-finances-credit-card-debt-budgets-inflation-interest-christmas-spending,1672239060
V,American Express to Acquire Nipendo to Grow B2B Platform,"American Express has announced its plan to acquire Nipendo, a B2B payments automation company, to enhance its end-to-end B2B platform. The acquisition aims to streamline B2B payments, making transactions faster, more efficient, and transparent. This move aligns with a broader industry trend toward automation in invoicing and accounting functions, with other major payment companies also boosting their B2B offerings.",https://www.pymnts.com/acquisitions/2023/american-express-acquire-nipendo-grow-b2b-platform/,1673481600
V,Press Release: PayPal’s Xoom Service Expands Debit Card Deposit Feature to Include Cross-Border Remittances,"Xoom, PayPal’s international money transfer service, has expanded its Debit Card Deposit feature to include cross-border remittances. This new product, launched in collaboration with Visa, allows Xoom customers in the U.S. to send money directly to eligible Visa debit cards in 25 countries, providing recipients with real-time access to funds. This expansion aims to offer a faster and more convenient alternative to traditional wire transfers, particularly beneficial during holiday seasons and for everyday essentials.",https://newsroom.paypal-corp.com/2023-01-12-PayPals-Xoom-Service-Expands-Debit-Card-Deposit-Feature-to-Include-Cross-Border-Remittances,1673497515
V,Visa Appoints Umar Khan as Country Manager for Pakistan,"Visa has appointed Umar Khan as its new Country Manager for Pakistan, based in Karachi. In this role, he will be responsible for developing and executing Pakistan’s market strategy and supporting clients and government partners. Khan brings over 20 years of experience to Visa, at a time when the digital payments company sees significant opportunities for growth in the region.",https://propakistani.pk/2023/01/17/visa-appoints-umar-khan-as-country-manager-for-pakistan/,1673927613
V,5 companies at the forefront of Real-time Payments in the US,"This article highlights five leading companies—ACI Worldwide, Jack Henry, J.P. Morgan, NorthOne, and Pidgin—that are pioneering real-time payments (RTPs) in the US. It explains that RTPs are instant payments made between bank accounts, leveraging underlying platforms to provide fast, frictionless transactions for consumers, merchants, and financial institutions. The piece notes that the volume of real-time transactions in the U.S. is projected to grow significantly, reaching 8.9 billion by 2026.",https://ibsintelligence.com/ibsi-news/5-companies-at-the-forefront-of-real-time-payments-in-the-us/,1674014361
V,YPF acepta pagos con tarjeta de crédito,"YPF announced it will continue to accept credit card payments at its over 1,600 service stations across Argentina, with no issues reported for this payment method. The company ensures operators receive payment accreditation within 48 business hours for VISA and MasterCard transactions and benefits from a reduced transaction fee of 1.3%. This strategy aims to support station profitability and offer customers flexible payment options for fuel purchases.",https://www.energiaynegocios.com.ar/ypf-acepta-pagos-con-tarjeta-de-credito/,1674536252
V,"Biometric payment cards launched by G+D, demoed by STMicroelectronics","Giesecke+Devrient (G+D) has launched its second-generation biometric payment card, ‘Convego YOU,’ featuring technology from STMicroelectronics and Linxens. Simultaneously, STMicroelectronics is advancing its own biometric payment cards to market, demonstrating its STPay-Topaz-Bio biometric system-on-card, also incorporating Fingerprint Cards' sensors and Linxens' EMV module. Both companies aim to offer enhanced security and user experience in financial transactions through biometric authentication.",https://www.biometricupdate.com/202301/biometric-payment-cards-launched-by-gd-demoed-by-stmicroelectronics,1674656430
V,Here's the real reason why American Express gives out such big rewards,"American Express generates its primary revenue from ""discount revenue,"" which are fees charged to merchants. The company targets affluent, high-spending cardholders, focusing on a ""spend-centric"" model to drive spending. This model allows AmEx to offer substantial rewards, attracting customers willing to pay higher annual fees due to their spending habits.",https://www.cnbc.com/2023/01/27/heres-the-real-reason-why-american-express-gives-out-such-big-rewards.html,1674827640
V,AmEx shrugs off slowdown worries after forecasting upbeat full-year profit,"American Express (AmEx) defied economic slowdown concerns by forecasting an upbeat profit for the year, sending its shares up 10%. Despite high inflation, AmEx's affluent customer base has maintained spending momentum, with the company projecting 2023 net revenue growth between 15% and 17% and EPS of $11 to $11.40, exceeding analyst expectations. The company also reported a strong holiday quarter driven by increased customer spending, though it did set aside more funds for credit losses due to the gloomy economic outlook.",https://www.reuters.com/business/finance/amex-misses-profit-estimate-loan-loss-provisions-weigh-2023-01-27/,1674834360
V,The most bought and sold multi-asset funds over the past year,"This article analyzes the multi-asset fund flows in 2022, revealing that investors favored higher-equity allocation funds and shunned lower-risk options. It identifies specific funds that attracted significant inflows or experienced substantial withdrawals across different Investment Association multi-asset sectors, highlighting the impact of market performance and investor preferences. Vanguard's LifeStrategy funds were prominent among both bought and sold lists, reflecting diverse investor strategies.",https://www.trustnet.com/news/13358774/the-most-bought-and-sold-multi-asset-funds-over-the-past-year,1675139745
V,"Google, Amex roll out anti-fraud tool","Google and American Express have expanded their partnership to introduce a new security feature for Amex virtual card users in the U.S. This anti-fraud tool, initially launched last year with Capital One, replaces actual card numbers with unique virtual numbers during online purchases made via Chrome and Android apps, eliminating manual CVV entry and providing encrypted connections. Google plans to extend this feature to Visa and Mastercard virtual cards later this year.",https://www.paymentsdive.com/news/google-amex-anti-fraud-tool-visa-mastercard/642193/,1675728000
V,Jack Henry touts FedNow launch,"Jack Henry & Associates anticipates being the first payments processor to launch the Federal Reserve’s new real-time payment service, FedNow, in July. The company's president and chief operating officer, Greg Adelson, confirmed this during their fiscal second-quarter earnings call. Jack Henry expects 25 to 30 financial institutions, primarily community and regional banks and credit unions, to be part of its initial FedNow rollout.",https://www.paymentsdive.com/news/jack-henry-touts-fednow-real-time-payments-earnings-report/642304/,1675826934
V,Euronet lands HSBC as Dandelion client,"Euronet Worldwide has secured HSBC as a client for its Dandelion cross-border payments service, aiming to provide banks and businesses with white-label payment solutions similar to its Ria money transfer service for consumers. While significant revenue from this partnership is not expected immediately, it is anticipated to grow next year. The Dandelion service, launched in 2021, facilitates payments in 190 countries through various channels and already supports other remittance services like Remitly and PayPal's Xoom.",https://www.paymentsdive.com/news/euronet-money-transfer-bank-hsbc-dandelion-crossborder-payments/642352/,1675912640
V,3 stocks billionaire John Armitage added to his portfolio,"Billionaire hedge fund manager John Armitage, co-founder of Egerton Capital, added Schlumberger, ICICI Bank, and Everest Re Group to his portfolio in Q4 2022. He also increased his stakes in Visa, Booking Holdings, and LPL Financial Holdings while significantly reducing positions in others like Microsoft and Applied Materials. Armitage, known for his fundamental, research-intensive approach, manages approximately $15.6 billion in assets.",https://dailyinvestor.com/investing/8158/3-stocks-billionaire-john-armitage-added-to-his-portfolio/,1675998272
V,"What is Maximus, the call center contractor which laid off hundreds in the US South?","Maximus Inc., a multi-billion dollar federal communications contractor, recently laid off hundreds of call center workers in the US South, sparking opposition and highlighting its ties to the US government. The company relies heavily on public contracts, including significant deals with the Centers for Medicare and Medicaid Services and the Department of Education, making it the largest student loan servicer in the world. Critics argue Maximus prioritizes profits over worker well-being, leveraging its governmental entanglement and focusing on vulnerable populations to secure its business model.",https://www.wsws.org/en/articles/2023/02/10/3b01-f10.html,1676041824
V,"Class 8 Truck Sales Reach 19,932 in January","U.S. Class 8 retail sales in January increased 34.2% year-over-year to 19,932 units, despite a month-over-month drop from December's record high. Freightliner led in market share, while Peterbilt Motors Co. saw the largest year-over-year sales increase. Analysts attribute the strong sales partly to supply chain improvements and manufacturers clearing backlogs, rather than solely increased market demand.",https://www.ttnews.com/articles/us-class-8-truck-sales-reach-19932-january-2023,1676298180
V,What is Bakkt? Everything You Need to Know (2023),"Bakkt is a custody service owned by Intercontinental Exchange (ICE), the parent company of the New York Stock Exchange, designed to bring institutional investors into the cryptocurrency space with US federal regulatory oversight. It stores Bitcoin in cold storage and enables physically settled Bitcoin futures trading. Bakkt aims to make trading crypto assets as mainstream as trading shares, with a focus on institutional clients and providing regulated infrastructure and clear price discovery for digital assets.",https://decrypt.co/resources/bakkt,1676345185
V,Is Payoneer Safe? Here's What You Need to Know,"Payoneer is a legitimate and widely available online payment service with a global reach. It is regulated by multiple governments and employs various security mechanisms like 2FA to protect user accounts and funds. While the service has faced minor controversies and user complaints regarding support, it maintains a strong security posture for a fintech company.",https://www.makeuseof.com/is-payoneer-safe/,1676370600
V,Readers recommend the best books to raise your CFO leadership skills,"This article compiles book recommendations from CFO Daily readers and experts to help CFOs enhance their leadership skills, covering topics from innovation and business transformation to balanced living and rapid growth strategies. It also includes sections on key business trends for 2023, weekend reads, and recent leadership moves within finance. The author, Sheryl Estrada, highlights the continuous journey of professional and personal development for leaders, emphasizing transformation over the status quo.",https://fortune.com/2023/02/17/readers-recommend-the-best-books-to-raise-your-cfo-leadership-skills/,1676618580
V,Cómo hacer el trámite de fe de vida para cobrar la jubilación o pensión,"This article explains the various methods for pensioners in Argentina to complete the ""fe de vida"" (proof of life) process required by Anses to collect their pensions. It details digital and in-person options offered by different banks, noting that some banks automatically verify survival through the National Registry of Persons (Renaper). The guide provides specific instructions for major Argentine banks like Macro, Comafi, Columbia, Supervielle, Galicia, Santander, Patagonia, Itaú, Credicoop, and BBVA.",https://eleconomista.com.ar/economia/como-hacer-tramite-fe-vida-cobrar-jubilacion-o-pension-n59936,1676948987
V,VIGI ETF Has A Quality Portfolio But We Prefer Other Alternatives (NASDAQ:VIGI),"The Vanguard International Dividend Appreciation ETF (VIGI) focuses on large-cap international dividend growth stocks, excluding U.S. companies. While it holds a quality portfolio, its long-term growth potential may be inferior to U.S. peers and it carries more downside risk. The fund's price also shows an inverse correlation to the U.S. dollar index.",https://seekingalpha.com/article/4580123-vigi-etf-has-a-quality-portfolio-but-we-prefer-other-alternatives,1676955084
V,Six ways merchants can help prevent card testing attacks,"This article by Una Ryan Kearns of J.P. Morgan outlines six strategies for merchants to prevent card testing attacks, a growing threat driven by increased online transactions. These attacks, where fraudsters test stolen card credentials, can lead to significant costs through declined transactions and potential exposure to further fraud. The recommendations include enhanced monitoring, requiring more security elements, deploying velocity rules, using device fingerprinting, integrating security tools like Captcha, and implementing 3-D Secure protocols.",https://www.jpmorgan.com/insights/payments/data-intelligence/card-testing-prevention,1677036543
V,"Western Union Taps Beforepay for Send Now, Pay Later","Western Union has partnered with Beforepay to launch a ""Send Now, Pay Later"" service in Australia, allowing customers to pay for money transfers in installments. The service enables users to borrow up to AUD $2,000 via Western Union's digital channels, repayable over a short period with a 5% fee and no interest or late fees. This initiative aims to make financial services more accessible and flexible for Australian consumers, addressing a reported 44% demand for such options.",https://finovate.com/western-union-taps-beforepay-for-send-now-pay-later/,1677211005
V,10 EMV facts every self-service machine operator should know,"This article provides 10 essential facts about EMV technology that self-service machine operators should know. It covers what EMV is, the differences between contact and contactless EMV, the future of magnetic stripe payments, and the importance of upgrading machines for EMV compliance to avoid losing revenue. The piece emphasizes that EMV contactless ""tap"" is sufficient for vending and highlights the necessity of upgrades, especially for those with 2G/3G telemeters.",https://www.kioskmarketplace.com/blogs/10-emv-facts-every-self-service-machine-operator-should-know/,1677467659
V,"Mercedes Adds Biometric Payments to Five Models, Turning the Car into a Payment Device","Mercedes-Benz is launching Mercedes pay+, an in-car payment service that uses biometric two-factor authentication via a fingerprint sensor in the vehicle. This marks the first time Visa's Delegated Authentication and Cloud Token Framework are being integrated natively into a car. Initially available in Germany for five models (EQS, EQE, S-Class, C-Class, GLC), the service will expand to other European markets and eventually the U.S., allowing drivers to pay for digital services, hardware upgrades, and eventually fuel.",https://www.digitaltransactions.net/mercedes-adds-biometric-payments-to-five-models-turning-the-car-into-a-payment-device/,1678158014
V,Amex follows rivals in ditching gun code,"American Express and Discover Financial Services have followed Visa and Mastercard in pausing the implementation of a new merchant category code for gun and ammunition stores. This decision comes amidst legal uncertainty and potential legislation in several U.S. states aiming to restrict or prohibit the use of the code. The controversial code, approved by ISO in September 2022, was intended by gun control advocates to track suspicious purchases but has been criticized by Republicans as a threat to consumer privacy and gun rights.",https://www.paymentsdive.com/news/card-companies-halt-gun-code-plans-payments-visa-mastercard-amex-discover/644598/,1678320000
V,Bancolombia baja las tasas de interés de sus tarjetas de crédito,"Bancolombia announced a reduction in interest rates for credit card purchases from 46% to 25% effective annual, starting March 10. This measure will benefit 1.3 million cardholders with limits up to 3.9 million pesos, representing 50% of Bancolombia's credit cards. The bank stated this decision was made in response to high inflation and interest rates, aiming to support the financial well-being of Colombians.",https://wradio.com.co/2023/03/09/bancolombia-baja-las-tasas-de-interes-de-sus-tarjetas-de-credito/,1678351260
V,GICS changes set to impact S&P 500 and sector ETFs,"S&P Dow Jones Indices and MSCI are implementing changes to the Global Industry Classification Standard (GICS) in March 2023, which will significantly impact S&P 500 and sector-specific ETFs. Key reclassifications include moving payment processing companies like Visa and Mastercard from IT to financials, and certain data processing services to industrials, while also adjusting retailer classifications based on goods sold. These changes are expected to alter sector weights, particularly in information technology, financials, and industrials, leading to rebalancing in related ETFs.",https://www.etfstrategy.com/gics-changes-set-to-impact-sp-500-and-sector-etfs-10339/,1678372546
V,Credit Card Giants Back Away From Tracking Gun Purchases,"Major credit card companies including Visa, Mastercard, American Express, and Discover have announced a pause in their plans to implement a new merchant category code (MCC) specifically for tracking gun and ammunition purchases. This decision comes in response to significant pushback from state attorneys general and the introduction of legislation in several states aimed at preventing such tracking. While gun rights advocates view this as a partial victory, the National Shooting Sports Foundation cautions that it is only a pause and not an abandonment of the divisive MCC.",https://freerangeamerican.us/credit-card-companies-tracking-gun-purchases/,1678416571
V,secured Self Visa® Credit Card Review [2026]: A Simple Path to Building Credit,"The Self Credit Builder Account and secured Self Visa® Credit Card offer individuals with limited or bad credit a path to improve their credit scores without a hard credit check. Users pay a monthly amount into a Credit Builder Account, which then serves as collateral for the secured Visa card. While the service helps build credit and reports to all three major bureaus, it comes with fees, including an annual fee for the card (waived the first year), and lacks rewards programs or international transaction capability.",https://financebuzz.com/self-credit-builder-secured-visa-review,1678933337
V,Los avisos de consumo que implementó el BBVA en la app (incluye débito),"BBVA has implemented an immediate consumption alert system in its banking app, including for debit card transactions, which was not previously available through traditional card services like Visa Home or MasterConsultas. This new feature provides real-time notifications for purchases, improving security and enabling better tracking of expenses, especially for travelers. The author discusses the system's effectiveness, contrasting it with the outdated notifications from card networks, and hopes other banks will adopt similar immediate alert systems.",https://www.sirchandler.com.ar/2023/03/los-avisos-de-consumo-que-implemento-el-bbva-en-la-app-incluye-debito/,1679019476
V,Mastercard (NYSE:MA) - Stock Analysis,"This Simply Wall St analysis of Mastercard (NYSE:MA) evaluates its stock based on valuation, future growth, past performance, financial health, and dividends. The company is trading below its estimated fair value, with analysts predicting future growth in earnings and stock price. The report also highlights Mastercard's strong financial health, market dominance in digital payments, and recent corporate updates including dividends and acquisitions.",https://simplywall.st/stocks/us/diversified-financials/nyse-ma/mastercard,1679269829
V,"Claro, Vivo and TIM Brasil shelve Oi asset sales","Claro, Vivo, and TIM Brasil have abandoned the sale of surplus assets acquired from Oi Movel after failing to attract any bids. This divestment was a regulatory condition for their three-way acquisition of Oi's mobile assets. The companies have informed CADE, Brazil's antitrust regulator, that they plan to scrap these sales due to lack of interest.",https://developingtelecoms.com/telecom-business/operator-news/14713-vivo-and-tim-brasil-shelve-oi-asset-sales.html,1679626664
V,Credit card spending topped $13T last year: FIS report,"Global credit card spending surpassed $13 trillion last year, driven by an increase in credit sources like digital wallets and buy now, pay later (BNPL) options, according to a report from Fidelity National Information Services (FIS). This rise in spending contradicted FIS's earlier projections of a decline and aligns with record levels of credit card debt, which reached $986 billion in Q4 2022. Digital wallets continue to be a dominant and growing payment method, accounting for $18 trillion in consumer spending and holding significant market share in e-commerce and point-of-sale transactions.",https://www.paymentsdive.com/news/credit-card-spending-FIS-Worldpay-report-BNPL-fintech-payments/646140/,1679970600
V,ESG Funds Could Face 'Tons of Closures',"ESG funds are facing a ""watershed moment"" with billions in assets exiting the segment due to political backlash and underperformance. Analysts predict numerous closures as asset managers strip ESG terminology from ETFs and revisit their stances on the investment strategy. Despite this, some firms remain committed to ESG, with surveys showing continued interest in ESG issues for fund launches.",https://www.etf.com/sections/news/esg-funds-could-face-tons-closures,1680100259
V,"State Street Financial Select Sector SPDR ETF (XLF) Stock Price, Holdings, Dividend Yield","This article provides a detailed overview of the State Street Financial Select Sector SPDR ETF (XLF), including its current stock price, key statistics, top holdings, and dividend information. As of November 27, 2025, XLF holds 75 stocks with a total value of $53.95 billion, with top holdings like Berkshire Hathaway Inc and JPMorgan Chase & Co. The ETF's PE Ratio is 17.01 and its dividend yield is 1.32%.",https://www.gurufocus.com/etf/XLF/summary,1680477001
V,"iShares MSCI USA Quality Factor ETF (QUAL) Stock Price, Holdings, Dividend Yield","This article provides a detailed overview of the iShares MSCI USA Quality Factor ETF (QUAL), including its stock price, key statistics, top holdings, dividend data, and historical performance. As of the latest N-PORT filing on 2025-07-31, QUAL holds 125 stocks with NVIDIA, Microsoft, and Apple as its top positions. The ETF has a current dividend yield of 0.94% and a P/E ratio of 26.81.",https://www.gurufocus.com/etf/QUAL/summary,1680497034
V,"Direxion Daily Financial Bull 3x Shares (FAS) Stock Price, Holdings, Dividend Yield","This article provides a comprehensive overview of Direxion Daily Financial Bull 3x Shares (FAS), including its current stock price, holdings, and dividend yield. It details the ETF's portfolio as of July 31, 2025, highlighting top holdings like Berkshire Hathaway and JPMorgan Chase, and offers historical performance data and key fundamental statistics. The report also lists recent trades and top stock picks for FAS.",https://www.gurufocus.com/etf/FAS/summary,1680579877
V,"PayPal and Venmo Pilot P2P Payments Interoperability Tool, Visa+","Visa is launching Visa+, a new tool designed to enable interoperable peer-to-peer (P2P) payments across different apps, addressing the current fragmentation in the P2P payments landscape. PayPal and Venmo are piloting this initiative, allowing users to send and receive payments between the two platforms. The service is expected to expand to other partners like DailyPay, i2c, TabaPay, and Western Union, with general availability planned for mid-2024 to potentially include more P2P platforms.",https://finovate.com/paypal-and-venmo-pilot-p2p-payments-interoperability-tool-visa/,1681179085
V,"Cashless drives small transaction sales in vending, amusements","A report by Cantaloupe Inc. indicates that cashless payments are increasingly common for small transactions (under $10) in vending and amusement machines across the U.S. and Canada. The study found that cashless transactions accounted for a significant majority of sales and led to higher average spending compared to cash purchases. Furthermore, the self-service retail industry demonstrated resilience against inflation and saw a substantial increase in EMV payment adoption.",https://www.vendingtimes.com/news/cashless-drives-small-transaction-sales-in-vending-amusements/,1682472713
V,"Amid a fintech onslaught, attrition, Western Union tests new POS, digital services","Western Union, a 172-year-old remittances company, is undergoing a digital transformation with a new modular point-of-sales (POS) architecture and services layer to combat declining revenues and high customer attrition, especially from fintech competitors. Its ""Evolve 2025"" strategy focuses on digital services, including partnerships with digital wallets and Visa+, and aims to improve customer experience and retention through innovations like ""quick resend"" and a unified app strategy.",https://www.thestack.technology/western-union-digital-transformation-pos-app-earnings/,1683508740
V,"Zacks Industry Outlook Highlights Visa, Mastercard, Fiserv, FLEETCOR Technologies and WEX","This article discusses the Zacks Financial Transaction Services industry outlook, highlighting five key companies: Visa, Mastercard, Fiserv, FLEETCOR Technologies, and WEX. The industry is poised for growth due to increasing digitization, strategic M&A activities, favorable consumer spending, and rebounding cross-border travel. The article details the financial performance and future prospects of each highlighted company.",https://finance.yahoo.com/news/zacks-industry-outlook-highlights-visa-122612513.html,1684494000
V,Google Pay,"This article from Barclays Private Bank details how to use Google Pay with Barclays debit cards, highlighting its security, convenience, and functionality for in-store and online payments. It provides step-by-step instructions for adding cards, answers frequently asked questions about eligibility, device compatibility, transaction limits, and what to do if a device is lost or stolen. Contact information for various client types is also included for support.",https://privatebank.barclays.com/what-we-offer/google-pay/,1685406910
V,"As New Services Roil P2P, Fiserv Gets Set to Shut Down Its Popmoney Network","Fiserv Inc. is discontinuing its Popmoney peer-to-peer payments service on June 30, prioritizing the bank-owned Zelle network due to its success and growing demand for faster payments. The move comes amidst an increasingly competitive P2P market, with pressure from services like Zelle, PayPal, Venmo, and the upcoming real-time payments service from the Federal Reserve, as well as Visa's new interoperability network. Fiserv acquired Popmoney's originator, CashEdge, in 2011 and integrated it into its services.",https://www.digitaltransactions.net/as-new-services-roil-p2p-fiserv-gets-set-to-shut-down-its-popmoney-network/,1685543980
V,Thematic Investing: Just Say No,"This article argues against thematic investing, highlighting its historical underperformance and describing it as a ""mug's game."" The author, John Rekenthaler, cites 75 years of similar failed funds, from the 1940s to the current ARK funds, and demonstrates how these funds have consistently lagged the broader market, particularly on a dollar-weighted basis. He concludes that thematic investing appeals to negative investor instincts and that the odds are firmly against such endeavors.",https://www.morningstar.com/columns/rekenthaler-report/thematic-investing-just-say-no,1686182400
V,ProShares Ultra Dow30 Review and Aggregate Rating (DDM),"This article provides an aggregate rating and price target for the ProShares Ultra Dow30 ETF (DDM). MarketBeat calculates these by weighing analyst ratings and price targets of the ETF's constituent stocks. DDM currently holds a ""Moderate Buy"" aggregate rating with an aggregate price target of $58.54, based on recent analyst coverage of its top holdings.",https://www.marketbeat.com/stocks/NYSEARCA/DDM/ratings/,1686930748
V,Fidelity Disruptive Finance ETF Review and Aggregate Rating (FDFF) $FDFF,"The Fidelity Disruptive Finance ETF (FDFF) has an aggregate ""Moderate Buy"" rating, calculated from 297 analyst ratings on 17 of its constituent companies, which represent 55% of the portfolio. The aggregate price target for FDFF is $32.77, covering the same 17 companies. The report details the top holdings, their weight in the ETF, individual consensus ratings, price targets, and potential upside.",https://www.marketbeat.com/stocks/NASDAQ/FDFF/ratings/,1686937943
V,Visa Picks Electronic Arts CFO Chris Suh as Finance Chief,"Visa has appointed Chris Suh, formerly CFO at Electronic Arts, as its new finance chief. Suh will start as CFO-designate on July 10 and assume full responsibility on August 1, succeeding Vasant Prabhu. This move comes as Visa aims to expand its merchant services and enhance platform monetization through offerings like cybersecurity and analytics.",https://www.wsj.com/articles/visa-picks-electronic-arts-cfo-chris-suh-as-finance-chief-2c8f4517?gaa_at=eafs&gaa_n=AWEtsqc1MlvZG_KhETnwBdH1rJz5KDzuZEJ9XiOG0owkV-RIaUo7_6RNT3AP&gaa_ts=699a48fe&gaa_sig=FN-pfX7cfRY_LM4Z-IPkL4u9P6QKKMCVqdR0Jh66SPuY48-aveC7qFPTiylKYog5Yo6vavLgexngXZPkABIllw%3D%3D,1687305213
V,SAP and Visa Digitalize B2B Payments for APAC Enterprises,"SAP and Visa are collaborating to streamline and simplify B2B payments for businesses in the Asia-Pacific market. This partnership will embed payment services into the SAP ecosystem via SAP Business Technology Platform, aiming to digitalize and accelerate B2B payments and increase efficiency in purchasing. The initiative will initially roll out in multiple APAC countries, providing a secure and automated way for businesses to make and accept card payments.",https://news.sap.com/2023/06/sap-and-visa-digitalize-b2b-payments-apac-enterprises/,1687880125
V,"With 73% ownership, Xylem Inc. (NYSE:XYL) boasts of strong institutional backing","Xylem Inc. (NYSE:XYL) shows strong institutional backing with 73% ownership, indicating significant influence from large investors. BlackRock, Inc., The Vanguard Group, Inc., and Aristotle Capital Management, LLC are among the largest shareholders. While insiders own less than 1% of the company, the general public holds a 27% stake.",https://finance.yahoo.com/news/73-ownership-xylem-inc-nyse-111914514.html,1689592754
V,"Visa, Mastercard Hit With Antitrust Suit Over Credit Card Fees","Visa Inc. and Mastercard Inc. are facing a new antitrust lawsuit filed by Block Inc., formerly Square Inc. The suit alleges that the credit card companies conspired to overcharge Square's payment platform with inflated ""interchange"" fees, which Block claims led to higher retail prices for consumers. The lawsuit was filed on July 14 in the US District Court for the Eastern District of New York.",https://news.bloomberglaw.com/antitrust/visa-mastercard-hit-with-antitrust-suit-over-credit-card-fees-1,1689624960
V,Amex pays $15M OCC penalty,"American Express has agreed to pay a $15 million civil monetary penalty to the Office of the Comptroller of the Currency (OCC) for failing to properly monitor a third-party affiliate and for misconduct related to retaining small business clients between 2015 and 2017. The OCC cited Amex for violating customer identification program regulations and engaging in unsafe or unsound practices. Amex stated that the issues have been addressed by updating sales policies, enhancing training, and providing customer remediation.",https://www.paymentsdive.com/news/amex-credit-card-occ-penalty-fine-smb-payments/688887/,1690243200
V,"Where to Get Exposure to Alphabet, Microsoft Before Earnings Reports","Ahead of their Q2 and Q4 earnings reports, investors are looking for ETF exposure to Alphabet and Microsoft. Several Invesco ETFs offer significant holdings in these tech giants, along with Visa and Snap, whose earnings are also being released. The article details specific ETFs like PNQI and XLG that provide concentrated exposure to these companies, highlighting the importance of AI updates for Microsoft and Snap.",https://www.etftrends.com/innovative-etfs-channel/where-get-exposure-alphabet-microsoft-before-earnings-reports/,1690273670
V,Bradesco lança conta global para uso no exterior para toda a sua base de clientes,"Bradesco announced the availability of its global account, My Account, to all customers, allowing international debit card use in over 200 countries. Users can buy commercial dollar exchange within the Bradesco app and transfer funds instantly to My Account. The bank aims to reach over 3 million users soon and requires a minimum initial transfer of US$100 to activate the account.",https://www.tudocelular.com/mercado/noticias/n209358/bradesco-conta-global-exterior-toda-base-clientes.html,1690498631
V,First 403(b) Pooled Employer Plan Launches Post SECURE 2.0,"The Platinum 401k has launched the first 403(b) Pooled Employer Plan (PEP) since SECURE 2.0 legislation permitted these plans for nonprofit organizations. Voya Financial will serve as the recordkeeper, and LeafHouse Financial as the 3(38) investment manager, offering a new retirement savings solution for 501(c)(3) nonprofits and healthcare entities. This initiative aims to broaden access to retirement plans and improve outcomes for employees in these sectors.",https://401kspecialistmag.com/first-403b-pooled-employer-plan-launches-post-secure-2-0/,1690587498
V,¿Eres cliente de Banco de Chile? Conoce cómo añadir tus tarjetas a Apple Pay,"This article explains how Banco de Chile customers can add their credit and debit cards to Apple Pay, which recently launched in Chile. It details the steps for setting up cards via the Apple Wallet app or directly through the Banco de Chile's Mi Banco app, highlighting the security and convenience of using Apple Pay for transactions both domestically and internationally.",https://chocale.cl/2023/08/eres-cliente-de-banco-de-chile-conoce-como-anadir-tus-tarjetas-a-apple-pay/,1691619015
V,Jack Henry & Associates trims workforce,"Jack Henry & Associates has offered a voluntary early retirement program to some employees, expecting 160 exits at a cost of about $17.5 million. This move is anticipated to provide net savings and streamline the workforce, following economic concerns and bank failures. The company also reported record net income and revenue for the fiscal fourth quarter despite a decline in overall client count.",https://www.paymentsdive.com/news/jack-henry-payments-technology-workforce-cutback/691123/,1692284376
V,The Best Balanced ETFs for an RESP,"This article discusses how balanced ETFs can be used in Registered Education Savings Plans (RESPs) in Canada, as target date ETFs are not available. It compares different balanced ETF suites from major providers like BMO, Vanguard, iShares, and Mackenzie, aligning them with various investment time horizons. The author also explains how investors can manually adjust their ETF holdings to mimic a target date fund strategy.",https://global.morningstar.com/en-ca/etfs/the-best-balanced-etfs-for-an-resp,1693440000
V,Visa partners with Solana to revolutionize cross-border payments!,"Visa is expanding into the blockchain space by partnering with Solana to modernize cross-border payments. This collaboration aims to leverage high-performance blockchains for quicker and more cost-efficient payment settlements, having already successfully transferred millions of USDC between partners. The move signifies Visa's commitment to integrating digital currencies into its treasury and settlement systems, improving speed for merchant acquirers like Worldpay and Nuvei.",https://www.xtb.com/int/market-analysis/news-and-research/visa-partners-with-solana-to-revolutionize-cross-border-payments,1693951345
V,Vivek Ramaswamy's 'anti-woke' investment firm now manages assets worth more than $1 billion,"Vivek Ramaswamy's ""anti-woke"" investment firm, Strive Asset Management, which was founded in 2022 to counter ESG-focused investing, has grown to manage over $1 billion in assets. The firm's success comes despite challenges, including a lawsuit from former employees, and its focus is on encouraging companies to prioritize excellence over ESG concerns. Ramaswamy has also criticized major investment firms like BlackRock for pushing ESG agendas.",https://markets.businessinsider.com/news/etf/vivek-ramaswamy-anti-woke-investment-firm-assets-1-billion-2023-9,1693996038
V,Microsoft and Oracle Expand Partnership to Deliver Oracle Database Services on Oracle Cloud Infrastructure in Microsoft Azure,"Microsoft and Oracle have expanded their partnership to launch Oracle Database@Azure, allowing customers direct access to Oracle database services running on Oracle Cloud Infrastructure (OCI) in Microsoft Azure datacenters. This collaboration simplifies cloud migration, offers high-performance Oracle databases with Azure's services and AI capabilities, and provides a streamlined purchasing process through Azure Marketplace. The service aims to address challenges in multicloud architectures and is supported by a joint support model.",https://www.oracle.com/news/announcement/oracle-database-at-azure-2023-09-14/,1694704256
V,Santander planea una importante revisión de su estructura de reportes,"Banco Santander SA plans a significant reorganization of its reporting structure to simplify its global operations, spearheaded by CEO Héctor Grisi. The changes involve combining retail and commercial banking businesses from various countries into a new global unit. This restructuring, which will result in five distinct global business units, follows a series of leadership changes and aims to enhance connectivity across its vast international footprint.",https://www.bloomberglinea.com/2023/09/18/santander-planea-una-importante-revision-de-su-estructura-de-reportes/,1695053400
V,Identity Theft Resource Center Releases Report on Identity Crime Victimization in Black Communities Ahead of Cybersecurity Awareness Month 2023,"The Identity Theft Resource Center (ITRC) released its ""Identity in Practice Report"" detailing identity crime victimization in Black communities, supported by LifeLock, Synchrony, and Wells Fargo Foundation. The report, based on a two-year research project with the Black Researchers Collective (BRC), notes that 56% of victims were targeted by strangers, 40% by acquaintances, and a significant portion experienced revictimization. Key findings include emotional and financial impacts on victims, a high rate of unresolved cases, and recommendations for comprehensive support and educational awareness.",https://www.stocktitan.net/news/GEN/identity-theft-resource-center-releases-report-on-identity-crime-wrhlgq5qh2j6.html,1695729600
V,Former SoftBank executive Akshay Naheta’s DeFi startup DTR launches UAE dirham-backed stablecoin,"Akshay Naheta, former SoftBank executive, has launched a UAE dirham-backed stablecoin called DRAM through his DeFi startup, Distributed Technologies Research (DTR). The initiative aims to capture a share of the $130 billion stablecoin market, which is currently dominated by US dollar-backed tokens, by leveraging the UAE's progressive stance on cryptocurrencies. DTR plans to expand by licensing its technology to DRAM Trust and launching its own DeFi wallet in the upcoming year.",https://m.economictimes.com/tech/startups/former-softbank-executive-akshay-nahetas-defi-startup-dtr-launches-uae-dirham-backed-stablecoin/articleshow/104097520.cms,1696279045
V,Amex pilots biometrics in online checkout,"American Express is piloting facial and fingerprint recognition for its SafeKey fraud prevention service in online checkout. The company is testing these biometric capabilities with a fraction of its U.S. consumer cardholders before a broader rollout early next year, aiming to mitigate fraud and simplify the online shopping experience. This move comes as consumers seek faster and more secure authentication methods beyond traditional passwords and PINs.",https://www.paymentsdive.com/news/american-express-biometrics-online-checkout-facial-fingerprint-recognition/695526/,1696464000
V,"Hepsipay Card, in partnership with Visa, can now be used worldwide for all purchases","Hepsipay, the digital wallet and prepaid card service launched by Turkish e-commerce platform Hepsiburada, has partnered with Visa to enable its cards for worldwide use. This five-year agreement allows Hepsipay cardholders to make online and physical purchases globally, expanding the service beyond the Hepsiburada platform. Users can now create Visa-branded digital cards and top them up via credit/debit cards or bank transfers.",https://ffnews.com/newsarticle/paytech/hepsipay-card-in-partnership-with-visa-can-now-be-used-worldwide-for-all-purchases/,1696862992
V,i2C and Banco de Credito Launch iO Banking App in Peru,"Peru’s Banco de Credito (BCP) has partnered with i2c Inc. to launch iO, a new digital banking platform. The iO app offers virtual and physical Visa-backed credit cards with no onboarding fees, cashback benefits, 24/7 customer service, and integration with Apple and Google Pay. This collaboration aims to provide secure, flexible, and user-friendly digital credit solutions to redefine the banking experience in Peru.",https://www.pymnts.com/digital-first-banking/2023/i2c-and-banco-de-credito-launch-io-banking-app-in-peru/,1697574587
V,Fed expected to lower bank debit card fees. Wait! But Visa/Mastercard want to raise credit card fees again!,"The Federal Reserve Board is expected to propose a rule that would lower the cap on debit card swipe fees, a move criticized by banks but supported by retailers and consumer advocates. Meanwhile, Visa and Mastercard are anticipated to increase credit card swipe fees, leading consumer groups and a bipartisan coalition in Congress to push for the Credit Card Competition Act to introduce competition and regulate these fees, which they argue disproportionately affect consumers. The article highlights the ongoing ""holy war"" between banks and retailers over these interchange fees.",https://pirg.org/articles/fed-expected-to-lower-bank-debit-card-fees-wait-but-visa-mastercard-want-to-raise-credit-card-fees-again/,1698867777
V,Mastercard Partners With Live Nation to Offer Exclusive Live Music Benefits and Experiences for Cardholders Around the World,"Mastercard has announced a multi-year partnership with Live Nation to provide exclusive live music benefits and experiences to millions of cardholders in 19 markets across Europe and Asia through priceless.com. These benefits include presale tickets, premium seats, and VIP experiences. The partnership also supports the Priceless Planet Coalition, allowing cardholders to contribute to tree restoration efforts when purchasing concert tickets during specific presale events.",https://www.businesswire.com/news/home/20231101343694/en/Mastercard-Partners-With-Live-Nation-to-Offer-Exclusive-Live-Music-Benefits-and-Experiences-for-Cardholders-Around-the-World,1698955387
V,Fox Factory to buy baseball-softball brand Marucci for $572 million,"Fox Factory is acquiring Marucci Sports, a baseball and softball equipment brand, for $572 million, marking its first acquisition in a new sports category since 2015. This acquisition diversifies Fox's sales towards the consumer market while the company reported a significant 58% decline in sales within its bicycle division for the most recent quarter. The company-wide revenues were down 19% and net income down 30% in the third quarter, which Fox attributes to high inventory levels and a challenging economic environment for consumers.",https://www.bicycleretailer.com/industry-news/2023/11/03/fox-factory-buy-baseball-softball-brand-marucci-572-million,1698969600
V,"Teletón, Banco de Chile y Lo Valledor dan inicio a la campaña de recaudación para Teletón 2023","Teletón, Banco de Chile, and Lo Valledor have launched the fundraising campaign for Teletón 2023, which takes place on November 10 and 11. Banco de Chile has set up nearly 2,500 collection points across the country, along with all its digital channels, and introduced a QR code for donations. The campaign also includes a ""Gamers por Chile"" initiative in Fortnite and a family run, emphasizing the widespread efforts to support the cause.",https://www.diariosustentable.com/2023/11/teleton-banco-de-chile-y-lo-valledor-dan-inicio-a-la-campana-de-recaudacion-para-teleton-2023/,1699645137
V,Clorox Board Names Linda Rendle Chair; Matthew Shattock to Become Lead Independent Director,"The Clorox Company announced that its board of directors has elected CEO Linda Rendle to the role of chair, effective January 1, 2024. Current board chair Matthew Shattock will transition to lead independent director, retaining significant responsibilities. The board expressed confidence in Rendle's leadership, citing her guidance through macroeconomic challenges and a cybersecurity attack.",https://www.prnewswire.com/news-releases/clorox-board-names-linda-rendle-chair-matthew-shattock-to-become-lead-independent-director-301991277.html,1700151300
V,Berkshire Hathaway Inc: Disclosure of Key Diversity and Inclusion Metrics,"Shareholders are requesting that Berkshire Hathaway Inc. report on the effectiveness of its diversity, equity, and inclusion efforts with quantitative metrics for workforce diversity, hiring, promotion, and retention. Despite previous votes supporting diversity data disclosure, investors lack crucial information to assess the company's programs. Research indicates a positive correlation between manager diversity and corporate performance, highlighting the importance of transparent DEI data.",https://www.asyousow.org/resolutions/2023/11/17-berkshire-hathaway-disclosure-key-diversity-inclusion-metrics,1700508941
V,Circle K taps Nayax for cashless payments at EV charging stations,"Circle K has partnered with Nayax to implement cashless payment solutions at its EV charging stations. This collaboration allows EV drivers to use various cashless and contactless payment methods, similar to those used at traditional gas stations. Nuvei processes these transactions via Nayax's unattended payment terminals to enhance user experience and payment acceptance.",https://www.retailcustomerexperience.com/news/circle-k-taps-nayax-for-cashless-payments-at-ev-charging-stations/,1700579765
V,"With 64% ownership, Graham Holdings Company (NYSE:GHC) boasts of strong institutional backing","Institutional investors hold a 64% stake in Graham Holdings Company (NYSE:GHC), giving them substantial influence over the company's share price. While key individual shareholders, such as Donald Graham, hold significant portions, a large number of top shareholders ensure a balance of interests. Insiders have also made recent purchases, suggesting alignment with shareholder goals.",https://finance.yahoo.com/news/64-ownership-graham-holdings-company-142041794.html,1700903324
V,Millions of U.S. Businesses Eligible for a Share of $5.54B Payment Card Settlement,"The claim submission process has begun for the largest private antitrust class-action settlement in U.S. history, a $5.54 billion payment card settlement. Millions of U.S. businesses that accepted Visa and/or Mastercard credit or debit cards between January 1, 2004, and January 25, 2019, are eligible to file claims. Claim forms are being mailed throughout December, and businesses can find more information and file claims online at www.PaymentCardSettlement.com.",https://www.prnewswire.com/news-releases/millions-of-us-businesses-eligible-for-a-share-of-5-54b-payment-card-settlement-302003037.html,1701417600
V,PayPal brings on Fiserv veteran as it continues leadership shift,"PayPal Holdings Inc. is continuing its leadership transition by appointing Suzan Kereere, a veteran from Fiserv Inc. and Visa Inc., as its new president of global markets. Kereere, who previously served as Fiserv's executive vice president for global business solutions, will begin her role at the start of 2024. In her new position at PayPal, she will be responsible for overseeing global sales and product distribution.",https://www.marketwatch.com/story/paypal-brings-on-fiserv-veteran-as-it-continues-leadership-shift-3f09a9f6?gaa_at=eafs&gaa_n=AWEtsqdYxgQTiEwNvqzO3OSTNgH6PvaLtAMzZMfpDi3iXw0TG1RA-7Cjx9Tj&gaa_ts=69077075&gaa_sig=r5kEW1OLm8H0Naoktpm9UU-xh8vjfQYFNfnDjsBfO7d-pBn5v4qgKK1nB7MO_WI07_ESp52Ypu4anMAph2vwMQ%3D%3D,1701854160
V,Software Firm Endava Signs on for an Integration With the Upcoming Paze Wallet,"Endava plc, a software-development firm, has announced an integration with Paze, the upcoming digital wallet backed by major banks, which will enable merchants using Endava's services to offer Paze's online checkout when it launches in 2024. Paze aims to simplify online checkouts for 150 million payment cards by leveraging existing cardholder relationships with issuing banks, eliminating the need for manual card entry and enhancing security. This move supports the accelerated-checkout trend in e-commerce, offering features like multiple shipping addresses and a card updater.",https://www.digitaltransactions.net/software-firm-endava-signs-on-for-an-integration-with-the-upcoming-paze-wallet/,1701888846
V,"Down 25% This Year, Is Bill Holdings Stock Ready for a 2024 Rebound?","Bill Holdings stock is down 25% this year despite 33% year-over-year revenue growth. The company, which provides accounting and payment solutions to SMBs, faces increasing competition from Quickbooks and potential threats to its interest income from new payment solutions like FedNow. Despite strong gross margins, the company's negative operating margin and high valuation relative to its current profitability make it a questionable investment at its current price.",https://www.fool.com/investing/2023/12/22/down-25-this-year-bill-holdings-stock-ready-2024/,1703223120
V,"With 61% ownership of the shares, Amcor plc (NYSE:AMCR) is heavily dominated by institutional owners","Institutional investors hold a dominant 61% ownership in Amcor plc (NYSE:AMCR), indicating their strong influence on the company's stock performance. While BlackRock, The Vanguard Group, and State Street Global Advisors are among the largest shareholders, no single entity controls a majority, suggesting a widely disseminated ownership structure. The article also touches upon the general public's 38% ownership and the minimal insider holdings, emphasizing the importance of institutional analysis for future performance assessment.",https://finance.yahoo.com/news/61-ownership-shares-amcor-plc-144846735.html,1703980800
V,Cotações de Ações Americanas (STOCKS),"The article provides a comprehensive list of American stock quotes (STOCKS), including company names and their respective stock symbols. It also features related news and analyses concerning major tech companies like Nvidia, Microsoft, Apple, Meta, and financial institutions like Coinbase and Visa, along with investment recommendations for international stocks.",https://www.moneytimes.com.br/cotacoes/acoes-americanas/,1704067199
V,Global Investment Bank and Financial Services,"In this letter to shareholders, Citigroup CEO Jane Fraser reflects on a tumultuous 2022 and outlines the bank's strategy to navigate global dynamics and accelerate growth. She details advancements in core businesses like Services and Markets, progress in simplifying the firm by exiting non-synergistic consumer businesses, and investments in infrastructure and people for their ""Transformation"" initiative. The letter emphasizes Citi's commitment to delivering for clients and shareholders while fostering a diverse and inclusive workplace.",https://www.citigroup.com/global/investors/annual-reports-and-proxy-statements/2023/annual-report/letter-to-shareholders,1704067199
V,Bet on BLKC for Exposure to Some of the Best Financial Stocks,"The Invesco Alerian Galaxy Blockchain Users and Decentralized Commerce ETF (BLKC) was a top-performing thematic ETF in 2023, driven by rallying cryptocurrency and large-cap tech stocks. While these factors could continue to influence BLKC in 2024, the ETF's significant allocation to financial services stocks, including traditional banks like JPMorgan Chase and Bank of America, and credit services providers like Mastercard and Visa, presents an additional strong point for potential growth this year, even with sector reclassifications.",https://www.etftrends.com/crypto-content-hub/bet-blkc-exposure-some-best-financial-stocks/,1704186070
V,Bet on BLKC for Exposure to Some of the Best Financial Stocks,"The Invesco Alerian Galaxy Blockchain Users and Decentralized Commerce ETF (BLKC) performed exceptionally well in 2023, largely due to rising cryptocurrency prices and large-cap technology stocks. While those factors may continue, the article highlights BLKC's significant allocation to financial services stocks, including traditional banks like JPMorgan Chase and Bank of America, as well as growth-oriented credit services providers like Mastercard and Visa. These financial holdings are expected to contribute significantly to the ETF's potential upside in 2024.",https://www.etftrends.com/crypto-channel/bet-blkc-exposure-some-best-financial-stocks/,1704211822
V,Bond and Active ETFs Poised to Grow in 2024,"In 2024, active and alternative exchange-traded funds (ETFs) are expected to see increased inflows, while investor demand for bond ETFs is also predicted to rise. This growth is driven by investors seeking alpha and the improving efficiency and liquidity of bond ETFs on electronic trading platforms. Major players like BlackRock and Vanguard are expanding their offerings in actively managed bond ETFs, leading to intensifying competition.",https://www.marketsmedia.com/bond-and-active-etfs-set-to-grow-in-2024/,1704240000
V,"EPC Highlights Credit Unions, Community Banks' Opposition to Durbin-Marshall Credit Card Bill","The Electronic Payments Coalition (EPC) has launched a new campaign highlighting the widespread opposition of credit unions and community banks to the Durbin-Marshall Credit Card Bill. Financial institutions and their representative organizations argue that the proposed legislation would negatively impact consumers, small businesses, and community financial institutions by reducing credit access, weakening cybersecurity, and eliminating rewards programs, while primarily benefiting large retailers. The coalition, representing nearly 10,000 financial institutions and over 140 million Americans, asserts that the bill's ""carve-out"" for smaller institutions is ineffective and would impose significant systemic costs.",https://www.businesswire.com/news/home/20240109858823/en/EPC-Highlights-Credit-Unions-Community-Banks-Opposition-to-Durbin-Marshall-Credit-Card-Bill,1704825503
V,Remitly taps ads to woo new clients,"Remitly, a cross-border payments company, significantly increased its advertising budget last year to build its brand and attract new customers, according to CEO Matt Oppenheimer. The company focuses on ""performance marketing"" through online and social media ads, alongside broader brand awareness campaigns in locations like airports. Despite a 24% rise in marketing expenses, Remitly achieved a 47% increase in revenue for the first nine months of the previous year, although it continues to operate at a loss.",https://www.paymentsdive.com/news/remitly-international-remittances-advertising-online/704148/,1704912094
V,Wells Fargo Advisors to sell new bitcoin ETFs,"Wells Fargo Advisors announced it will sell new spot bitcoin ETFs, but only for unsolicited purchases. This move comes as the broader retail brokerage industry, including competitors like Vanguard and Merrill Edge, evaluates or restricts offerings of these new investment products. Meanwhile, Wells Fargo's Wealth and Investment Management group reported a decline in net income for the quarter ending December 31, 2023, amidst ongoing overhauls of its wealth management business.",https://www.investmentnews.com/alternatives/wells-fargo-advisors-to-sell-new-bitcoin-etfs/247991,1705017600
V,U.S. Sustainable Funds Register First Annual Outflows in 2023,"U.S. sustainable funds experienced their first calendar year of outflows in 2023, totaling $13 billion, marking their worst year on record. This trend was driven by mediocre performance, political scrutiny, and significant outflows from a single iShares fund. Despite the outflows, market appreciation led to an increase in sustainable fund assets to $323 billion by year-end.",https://www.morningstar.com/sustainable-investing/us-sustainable-funds-register-first-annual-outflows-2023,1705449600
V,Which Credit Bureau Does Capital One® Use?,"Capital One uniquely pulls credit reports from all three major bureaus (Experian, TransUnion, and Equifax) when processing credit card applications, unlike most other issuers. This practice means applicants with frozen reports might face approval delays, and multiple pulls can slightly impact credit scores in the short term. The article also reviews several top Capital One credit cards across different categories and explains how Capital One reports monthly credit activity to all three bureaus, emphasizing the importance of the credit utilization ratio.",https://www.cardrates.com/advice/which-credit-bureau-does-capital-one-use/,1706205471
V,"Visa, Mastercard ask US Supreme Court to undo class-action orders","Visa and Mastercard have petitioned the U.S. Supreme Court to reverse a judge's order that allowed consumers and ATM operators to pursue class-action lawsuits seeking billions in damages over transaction fees. The payment giants argue that the lower court's approval of fragmented classes without rigorous analysis contributes to legal confusion. This case has been ongoing since 2011, with the class actions seeking over $9 billion.",https://www.reuters.com/legal/government/visa-mastercard-ask-us-supreme-court-undo-class-action-orders-2024-01-26/,1706284500
V,Unpopular Magellan ETF reflects investor scepticism in active funds,"A Magellan ETF was the least popular in 2023 with $2.5 billion in net outflows, reflecting general investor skepticism towards active ETFs in Australia. Despite active ETFs making up a significant portion of new fund launches, investors continue to favor low-cost, index-based passive investment strategies. This trend is expected to continue due to the widespread underperformance of most active managers.",https://www.investordaily.com.au/unpopular-magellan-etf-reflects-investor-scepticism-in-active-funds/,1706681325
V,Unpopular Magellan ETF reflects investor scepticism in active funds,"Magellan's Global Fund – Open Class Units (Managed Fund) was the least popular ETF in Australia in 2023, experiencing $2.5 billion in net outflows, according to Global X's analysis. This indicates a broader trend of investor preference for passive index-based products over active ETFs in the Australian market, despite active ETFs making up a significant portion of new fund launches. The firm noted a stark contrast to other global markets like the US, where active ETFs garner significantly more interest.",https://www.investordaily.com.au/markets/54596-unpopular-magellan-etf-reflects-investor-scepticism-in-active-funds,1706699354
V,"Formula One rejects Michael Andretti's bid to join series, will reconsider when GM has engine built","Formula One has rejected Andretti Global and General Motors' bid to join the F1 grid for the 2025 season, stating concerns about competitiveness and the value the Andretti name would bring. F1 executives indicated they would reconsider the application in 2028 if GM is ready with its own engine. The decision has sparked outrage among American fans and led to Michael Andretti and GM exploring legal options.",https://www.coastreporter.net/national-sports/formula-one-rejects-michael-andrettis-bid-to-join-series-will-reconsider-when-gm-has-engine-built-8187816,1706724464
V,"Visa, Mastercard ask U.S. Supreme Court to fix ‘rampant confusion’ on class certification","Visa and Mastercard have petitioned the U.S. Supreme Court to clarify the standard for class certification, arguing there is ""rampant confusion"" among lower courts regarding the ""rigorous analysis"" required to determine if classwide issues predominate over individual ones. This request comes as they face $9 billion in potential exposure from three antitrust class actions related to ATM fees. The companies contend that circuits are divided on how to weigh defendants' challenges to plaintiffs' classwide injury models, necessitating Supreme Court intervention.",https://www.reuters.com/legal/government/column-visa-mastercard-ask-us-supreme-court-fix-rampant-confusion-class-2024-01-31/,1706738040
V,Fleet fintech ditches Visa for Mastercard,"Fuel card startup AtoB has switched its exclusive commercial credit card tie from Visa to Mastercard, aiming to better compete with industry leaders Wex and Fleetcor. CEO Vignan Velivela stated that Mastercard's network is superior for the trucking industry, highlighting its longer history in fleet payments and advanced routing technology for fuel optimization. AtoB, backed by $112 million in funding, plans to offer real-time payments, cybersecurity, perks, and discounts to trucking companies of all sizes.",https://www.paymentsdive.com/news/truck-fleet-fintech-payments-visa-mastercard-wex-fleetcor/706695/,1707238579
V,Un reconocido banco lanzó tarjetas de crédito VISA virtuales para utilizar en el momento,"BBVA, in collaboration with Prisma Medios de Pago, has launched virtual VISA credit cards for immediate use by new customers. This innovation allows users to quickly access card details via the BBVA app or online banking, enabling instant online purchases and connection to digital wallets without waiting for a physical card. The initiative aims to provide secure, fast, and simple access to credit card benefits.",https://economiasustentable.com/noticias/un-reconocido-banco-lanzo-tarjetas-de-credito-visa-virtuales-para-utilizar-en-el-momento/,1707394380
V,"American Express, Visa, Mastercard move ahead with code to track gun store purchases in California","Major credit card companies, including American Express, Visa, and Mastercard, are implementing a new merchant code for firearm and ammunition retailers in California to comply with a new state law. This code, intended to identify suspicious purchasing patterns and help prevent gun crime, has faced pushback from Second Amendment advocates and conflicting legislation in other states. Despite the national controversy, these companies have assured congressional Democrats they will meet California's May 2025 deadline for its adoption.",https://www.cbsnews.com/news/american-express-visa-mastercard-gun-merchant-code/,1707756529
V,Andreas Halvorsen's Viking Global Investors LP Bolsters Position in Verastem Inc,"Andreas Halvorsen's Viking Global Investors LP increased its stake in Verastem Inc (VSTM) by acquiring 75,537 shares on December 31, 2023, at $8.14 per share, bringing their total holding to 2,531,829 shares. This strategic move, which represents 9.99% ownership of Verastem, aligns with Viking Global's focus on the healthcare sector and its long-term investment philosophy in biopharmaceuticals. Despite Verastem's current stock price of $11.76 showing a significant gain since the transaction, the company faces challenges with its profitability and growth metrics, although its financial strength is more promising.",https://www.gurufocus.com/news/2345805/andreas-halvorsens-viking-global-investors-lp-bolsters-position-in-verastem-inc,1707963120
V,Capital One May Acquire Discover. What Could That Mean?,"Reports suggest Capital One Financial Corp. may acquire Discover Financial Services, a deal that would significantly impact the U.S. payments industry by combining two major credit card issuers. This acquisition would grant Capital One access to Discover's processing network, including the Pulse and Discover Global Networks, potentially transforming its role in the market and having implications for pending legislation like the Credit Card Competition Act. Analysts highlight the potential for Capital One to achieve a dominant position in the U.S. credit card market and leverage Discover's extensive network.",https://www.digitaltransactions.net/capital-one-may-acquire-discover-what-could-that-mean/,1708300800
V,Capital One to acquire Discover Financial,"Capital One announced its plan to acquire Discover Financial Services in an all-stock transaction valued at a 26.6% premium. The deal, expected to close in late 2024 or early 2025, aims to create a global payments platform with significant synergies. The acquisition will leverage Capital One's technology transformation and expand its presence in the financial services sector, while maintaining the Discover brand on its cards.",https://www.foxbusiness.com/markets/capital-one-acquire-discover-financial-report,1708348140
V,Capital One To Acquire Discover Financial For $35.3 Billion,"Capital One announced an agreement to acquire Discover Financial for $35.3 billion in an all-stock deal. This merger aims to create a payments giant serving over 100 million customers, with potential pre-tax synergies of $2.7 billion. The acquisition, pending regulatory and shareholder approval, is expected to close in late 2024 or early 2025.",https://www.investopedia.com/capital-one-to-acquire-discover-financial-for-usd35-3-billion-8584863,1708378800
V,"For Cap One, the Pulse Network Is the ‘Rare Asset’ in Its $35.3 Billion Deal for Discover","Capital One's $35.3 billion acquisition of Discover Financial Services is primarily driven by Discover's Pulse debit network, which CEO Richard Fairbank considers a ""rare asset."" Moving Capital One's debit business to Pulse and parts of its credit card business to Discover's network aims to significantly boost Discover's scale and propel Capital One into the global payment-network space, mimicking the integrated issuer and network model of American Express. This strategy also provides a pricing advantage, as Discover's model is exempt from certain Durbin Amendment rules affecting debit interchange.",https://www.digitaltransactions.net/for-cap-one-the-pulse-network-is-the-rare-asset-in-its-35-3-billion-deal-for-discover/,1708387200
V,Capital One to acquire Discover for $35bn; top US banks face surge in bad property debt,"Capital One is set to acquire Discover Financial Services in a $35.3bn all-stock deal, aiming to create the sixth-largest US bank by assets and a major credit card competitor. This merger is expected to face intense antitrust scrutiny, particularly given planned reforms to US bank merger regulations. Concurrently, US banks are grappling with a surge in problematic commercial property debt.",https://www.thebanker.com/content/2497bb09-d6cd-595d-8c43-dca51a062730,1708387200
V,Capital One to acquire Discover in $35.3B deal,"Capital One is set to acquire Discover in a $35.3 billion all-stock deal, aiming to significantly boost its credit card presence and create a combined entity with a 19% share of the revolving consumer loan market. The acquisition is expected to stabilize Discover after a challenging 2023 and reduce Capital One's reliance on Visa and Mastercard. However, the deal faces potential scrutiny from regulators concerned about market competition and benefits to the public.",https://www.bankingdive.com/news/capital-one-discover-35-billion-deal-fairbank-rhodes-fdic-probe-credit-card-network/707878/,1708387200
V,"Capital One buys Discover Financial Services in a $35.3 billion deal, combining 2 of US's largest credit card companies","Capital One is acquiring Discover Financial Services for $35.3 billion in an all-stock deal, merging two of the largest credit card companies in the U.S. This acquisition aims to enhance Capital One's position in the competitive credit card market and build a payments network that can compete with major players. Discover shareholders will receive a 27% premium, and the deal is expected to close in late 2024 or early 2025, pending regulatory approval.",https://abc7ny.com/post/capital-one-discover-financial-services-merger-stock/14446440/,1708387200
V,"Discover Financial rises on Capital One's $35 billion deal, payment processors fall","Capital One Financial's $35.3 billion all-stock deal for Discover Financial is expected to create the largest U.S. credit card issuer and introduce new competition to payment giants Visa and Mastercard. While Discover's shares rose, Visa and Mastercard saw declines due to the potential shift of Capital One's card portfolio to Discover's network. The deal faces regulatory scrutiny, with varying opinions on its impact on competition and financial stability.",https://www.reuters.com/markets/deals/discover-financial-stock-surges-after-capital-one-strikes-353-bln-buyout-deal-2024-02-20/,1708465860
V,Capital One's $35 billion Discover deal hinges on playing consumer champion,"Capital One's proposed $35.3 billion acquisition of Discover Financial faces regulatory hurdles, with experts suggesting approval depends on Capital One demonstrating how the deal will benefit consumers. Investors assign only a 50% chance to the deal's completion due to concerns about high credit card interest rates and fees. Capital One may argue the merger increases competition against dominant players like Mastercard and Visa, potentially lowering consumer costs.",https://www.reuters.com/markets/deals/capital-ones-35-bln-discover-deal-hinges-playing-consumer-champion-2024-02-21/,1708514400
V,Capital One-Discover merger raises concerns about effects on credit card holders,"The proposed $35 billion merger between Capital One and Discover is facing significant scrutiny from lawmakers and regulators due to concerns about reduced competition and potential negative impacts on credit card holders, including higher interest rates. This deal comes at a time of heightened oversight following recent bank failures and a report suggesting consumers could save money with smaller banks. Experts anticipate a drawn-out regulatory process given the current antitrust stance.",https://cbsaustin.com/news/nation-world/capital-one-discover-merger-raises-concerns-about-effects-on-credit-card-holders-visa-mastercard-banks-consumer-financial-protection-bureau-interest-rates-rewards,1708527720
V,Concesiones aeroportuarias: el lucrativo negocio del que AMLO quiere su parte,"President Andrés Manuel López Obrador is targeting the highly profitable airport concessions in Mexico, seeking to fund his own airport projects and a commercial airline operated by the Armed Forces. This move represents a significant challenge to the private airport operators ASUR, GAP, and OMA, who have enjoyed substantial profits since privatization, and has led to government-imposed tariff changes and a push for military control over more airports, despite concerns about legality and competition. The article also details the main shareholders and their influence within the three major airport groups, highlighting figures like Fernando Chico Pardo of ASUR and the French conglomerate Vinci Airports' acquisition of OMA.",https://elceo.com/negocios/concesiones-aeroportuarias-el-lucrativo-negocio-del-que-amlo-quiere-su-parte/,1708560000
V,Dimensional ETFs and More: New on Syfe Custom Portfolio,"Syfe Custom Portfolio is expanding its offerings with new equity ETFs from Dimensional Fund Advisors, focusing on value and quality tilts, alongside additional quality-focused and equally-weighted Nasdaq ETFs. The article details Dimensional's factor-based investing approach and highlights specific ETFs added to the platform, including options for accredited investors such as Bitcoin ETFs and a Nasdaq Equity Premium Income ETF. Syfe also explains how to utilize Custom Portfolios to complement existing investments by allowing tactical allocation based on asset class, risk, geography, and sector.",https://www.syfe.com/magazine/dimensional-etfs-and-more-new-on-syfe-custom-portfolio/,1708560000
V,How Capital One’s $35 Billion Discover Merger Could Affect Consumers,"Capital One's proposed $35 billion acquisition of Discover Financial Services would create the largest credit card issuer in the US by loan volume, aiming to compete with Visa and Mastercard. While critics express concerns about the deal's size, some analysts believe it could lead to a more robust challenger in the payment network landscape, potentially benefiting consumers through increased competition. The merger represents the largest announced globally this year.",https://www.bloomberg.com/news/articles/2024-02-22/capital-one-discover-card-merger-aims-to-challenge-visa-mastercard,1708599600
V,Capital One's Takeover of Discover: All you Need to Know,"Capital One has proposed a US$35.3bn acquisition of Discover Financial, aiming to create a globally competitive payments network and strengthen its position in the credit card market. While Capital One anticipates completion by early 2025, the deal faces regulatory scrutiny and opposition due to concerns over competition and consumer impact. S&P Global Ratings has affirmed Capital One's credit ratings but placed Discover's on CreditWatch with positive implications pending the acquisition.",https://fintechmagazine.com/financial-services-finserv/capital-one-discover-financial-takeover,1708646400
V,A Wonderful Options-Based Dividend-Focused ETF?,"This article discusses the new Swan Global Enhanced Dividend Income Strategy (SCLZ) ETF, which combines Swan Global's options expertise with O'Shares Investment's stock selection. The ETF aims to provide sustainable retirement income through active management of options on dividend-growing companies, focusing on profitability and quality stocks. Key takeaways from a recent webcast highlighted the importance of active management, a profitability-based stock index, and a preference for ""boring companies"" that consistently generate dividends.",https://www.etftrends.com/wonderful-options-based-dividend-focused-etf/,1709078400
V,¿Quién es el dueño de BBVA en México?,"BBVA México, una de las instituciones financieras más grandes del país, tiene sus raíces en la fusión de varios bancos, incluidos los españoles Bilbao y Vizcaya, y posteriormente Argentaria y Bancomer. Aunque cuenta con un CEO y presidente, la propiedad del banco se encuentra distribuida entre cinco grandes empresas a nivel mundial. Estas compañías poseen porcentajes significativos de las acciones de BBVA.",https://www.infobae.com/mexico/2024/03/01/quien-es-el-dueno-de-bbva-en-mexico/,1709307540
V,Capital One’s Discover Acquisition Would Reshape US Credit Card Industry,"Capital One plans to acquire Discover Financial Services in an all-stock transaction valued at $35.3 billion, a move that would significantly reshape the US credit card industry. The deal faces intense scrutiny from antitrust authorities and politicians concerned about market consolidation. If approved, the merger would create a credit card giant, with Capital One shareholders owning 60% of the combined entity.",https://gfmag.com/banking/capital-one-acquires-discover/,1709510400
V,More Convenience. More Flexibility. Regions Bank Launches Visa Commercial Pay Mobile for Corporate Banking Clients,"Regions Bank launched Visa Commercial Pay Mobile, an enhanced commercial card solution, making it the first financial institution to offer this tool from Visa. This solution enables Treasury Management clients to conduct quick, secure payments via digital wallets, supporting contactless, card-not-present, and e-commerce transactions. It aims to improve cash management strategies for businesses by offering greater flexibility and convenience in payment options.",https://ir.regions.com/news-events/press-releases/news-details/2024/More-Convenience.-More-Flexibility.-Regions-Bank-Launches-Visa-Commercial-Pay-Mobile-for-Corporate-Banking-Clients/default.aspx,1709596800
V,Regions Bank Launches Commercial Card Solution From Visa,"Regions Bank has partnered with Visa to launch Visa Commercial Pay Mobile, making it the first financial institution to offer this new commercial card solution. This integration aims to enhance convenience and security for Treasury Management clients by incorporating digital wallets into business payment systems. The solution allows businesses to issue virtual accounts for real-time expense tracking and improved cash flow, addressing the growing need for digitized B2B payments.",https://www.pymnts.com/news/b2b-payments/2024/regions-bank-launches-commercial-card-solution-from-visa/,1709656165
V,Wells Fargo to Launch Autograph Journey(SM) Card Designed for Frequent Travelers,"Wells Fargo is launching the Autograph Journey℠ Visa® Card, a new credit card tailored for frequent travelers, offering accelerated rewards on travel and dining, a $50 annual airfare credit, and travel protection benefits. The card also introduces a ""Points Transfer"" option for Wells Fargo Rewards points to partner loyalty programs, alongside exclusive access to concert experiences. This new offering aims to provide transparent value and competitive rewards for customers.",https://www.prnewswire.com/news-releases/wells-fargo-to-launch-autograph-journeysm-card-designed-for-frequent-travelers-302080861.html,1709712180
V,"Visa, Western Union partner on cross-border payments","Visa and Western Union have entered a seven-year agreement to expand cross-border payment services, allowing Western Union customers to send money to Visa cards and bank accounts in 40 countries and receive Visa prepaid cards in some markets. This partnership also includes developing disbursement programs for charitable organizations and government agencies to transmit funds during crises. The collaboration reinforces Visa's global reach and Western Union's digital capabilities, despite Visa recently reporting a slowdown in U.S. payment growth.",https://www.paymentsdive.com/news/visa-western-union-partner-cross-border-payments/709446/,1709743358
V,Fleetcor invests in Brazilian mobile app business Zapay,"Fleetcor Technologies has acquired a majority stake in Zapay, a Brazilian mobile app company that helps drivers pay vehicle-related expenses. This investment follows a trend of other major U.S. payments companies investing in Brazilian businesses. Fleetcor, which will rename to Corpay on March 25, sees this acquisition as a way to cross-sell solutions to its existing drivers and Zapay's client base, advancing its vehicle payments strategy in Brazil.",https://www.paymentsdive.com/news/fleetcor-brazil-investment-zapay-acquisition-visa-fiserv/709755/,1709913202
V,4 กองทุนรับ BTC ลุ้น All Time High,"This article discusses four Thai mutual funds (LHBLOCKCHAIN, SCBBLOC, ASP-DIGIBLOC, KT-BLOCKCHAIN) that allow investors to indirectly participate in the Bitcoin and blockchain market, as direct investment in BTC through Thai funds is not yet possible. It highlights Bitcoin's recent surge due to factors like the upcoming Halving and Fed's potential interest rate cuts. The article then details each fund's investment strategy, underlying ETFs, and specific characteristics to help investors choose based on their risk appetite and investment goals.",https://www.finnomena.com/premarket-channel/btc-mf/,1710258508
V,List Joins lululemon Board of Directors,"Teri List, a Northern Michigan University alumna, has been appointed to the lululemon athletica inc. Board of Directors. She brings extensive experience from her previous roles at Gap Inc., DICK'S Sporting Goods, and Kraft Food Group, and currently serves on the boards of Microsoft, Visa, and Danaher Corporation. List expressed enthusiasm for supporting lululemon's global expansion and guest experience, while lululemon's board chair highlighted her impressive business leadership and insights.",https://news.nmu.edu/list-joins-lululemon-board-directors,1710892800
V,Capital One-Discover: A Competition Policy and Regulatory Deep Dive,"This report provides a detailed competition policy and regulatory analysis of Capital One's proposed $35.3 billion acquisition of Discover. The analysis concludes that the deal is likely to face significant regulatory hurdles due to concerns about increased interchange revenue, Capital One's access to a de facto government backstop, and the fortification of its market power in the credit card industry. The article delves into potential antitrust law violations, financial stability risks, and public interest concerns that could derail the merger.",https://www.economicliberties.us/our-work/capital-one-discover-a-competition-policy-and-regulatory-deep-dive/,1710979200
V,Worldpay Global Payments Report 2024: Digital Wallet Maturity Ushers in a Golden Age of Payments,"The Worldpay Global Payments Report 2024 highlights the rapid growth and maturity of digital wallets, projecting their global transaction value to exceed $25 trillion by 2027. This growth is driven by consumer preference, ease of use, and enhanced security, making digital wallets a dominant payment method both online and at point-of-sale. The report also notes the impact of government investment in real-time payment infrastructures, particularly in regions like Brazil and India, and emphasizes the importance of collaboration across the payments ecosystem to further innovation.",https://www.businesswire.com/news/home/20240321666428/en/Worldpay-Global-Payments-Report-2024-Digital-Wallet-Maturity-Ushers-in-a-Golden-Age-of-Payments,1711037178
V,American Express sued in merchants' class-action over 'swipe' fees,"American Express is facing a proposed class-action lawsuit from thousands of U.S. merchants alleging overcharging for credit and debit card ""swipe"" fees. The lawsuit, filed in Rhode Island federal court, claims American Express uses ""non-discrimination provisions"" to prevent merchants from encouraging customers to use payment methods with lower transaction fees, violating antitrust law. This legal action mirrors previous ""swipe-fee"" allegations against Visa and Mastercard, with merchants seeking to block American Express policies and recover lost funds.",https://www.reuters.com/legal/transactional/american-express-sued-merchants-class-action-over-swipe-fees-2024-03-22/,1711123800
V,Lilly CEO reaffirms commitment to Chinese market amid US threat against local biotechs,"Eli Lilly's CEO, David Ricks, reconfirmed the company's dedication to the Chinese market during a meeting with China’s Commerce Minister Wang Wentao, expressing willingness to increase investment and R&D cooperation despite heightened U.S.-China geopolitical tensions. This commitment comes as Lilly has several drug applications under review in China and amid concerns about a U.S. bill, the BIOSECURE Act, that could impact partners like WuXi AppTec. The move distinguishes Lilly from some U.S. peers, aligning more with European pharmaceutical companies that have recently made significant commitments to China.",https://www.fiercepharma.com/pharma/lilly-ceo-reaffirms-commitment-chinese-market-amid-us-threat-against-local-biotechs,1711124171
V,Visa Executive Says Crypto Is 'Becoming Cool' — Sees Whole New Class of Mainstream Consumers Entering the Space,"A senior Visa executive believes cryptocurrency is ""becoming cool again"" among mainstream consumers, signaling a significant shift in adoption. The executive highlighted a new wave of interest from tech-forward and culturally influential individuals who perceive crypto as a desirable investment. This renewed enthusiasm is expected to drive further mainstream integration and innovation within the crypto space.",https://news.bitcoin.com/visa-executive-crypto-becoming-cool-new-class-mainstream-consumers-entering-the-space/,1711282523
V,Visa And Mastercard Agree to Merchant Rate Cuts and Acceptance Changes in a Major Settlement,"Visa and Mastercard have reached a landmark settlement with merchants regarding interchange rates and acceptance rules, potentially saving merchants nearly $30 billion. The agreement involves capping and rolling back credit card processing fees and simplifying rules for surcharging and card acceptance. This settlement aims to resolve long-standing lawsuits and must be approved by a U.S. District Court.",https://www.digitaltransactions.net/visa-and-mastercard-agree-to-merchant-rate-cuts-and-acceptance-changes-in-a-major-settlement/,1711411200
V,Capital One pledges to give Discover’s network a boost,"Capital One is arguing to federal regulators that its acquisition of Discover would increase competition in the card network market, which is currently dominated by Visa and Mastercard. Capital One plans to invest significantly in Discover's network to boost its scale, brand awareness, and merchant acceptance, as well as improve its technology and risk management. This move is intended to challenge the market dominance of Visa, Mastercard, and American Express, despite potential antitrust concerns and calls from lawmakers to block the deal.",https://www.bankingdive.com/news/capital-one-discover-acquisition-federal-reserve-occ-application/711378/,1711411200
V,"BlackRock is UK's top performing fund brand, according to 2024 Broadridge Fund Brand 50 Report","BlackRock has maintained its position as the top-performing fund brand in the UK, according to the 2024 Broadridge Fund Brand 50 Report. The report highlights cautious European investors, increased scrutiny of asset managers, and a shift towards passive investing, with Vanguard and iShares showing significant gains. ESG investing faced challenges in Europe in 2023 due to transparency issues and poor performance, leading to a more skeptical climate for sustainability credentials.",https://ifamagazine.com/blackrock-is-uks-top-performing-fund-brand-according-to-2024-broadridge-fund-brand-50-report/,1711411200
V,"Mastercard, Visa reach $30 billion settlement over credit card fees","Visa and Mastercard have agreed to an estimated $30 billion settlement to reduce credit and debit card fees for merchants, which could lead to lower prices for consumers. This antitrust settlement, one of the largest in U.S. history, resolves litigation dating back to 2005. The agreement includes a reduction in interchange rates for three years and a cap for five years, along with the removal of ""anti-steering"" provisions.",https://www.cnbc.com/2024/03/26/mastercard-visa-reach-30-billion-settlement-over-credit-card-fees-.html,1711446120
V,"Visa, Mastercard reach $30 billion settlement over credit card fees","Visa and Mastercard have reached an estimated $30 billion settlement to limit credit and debit card fees for merchants, one of the largest antitrust settlements in U.S. history. The agreement, which requires court approval, aims to resolve most claims in nationwide litigation that began in 2005. While proponents say it offers substantial savings for merchants that could be passed on to consumers, some critics argue the relief is temporary and insufficient to address high swipe fees.",https://www.reuters.com/business/finance/mastercard-visa-reach-30-bln-settlement-over-credit-card-fees-2024-03-26/,1711534380
V,"Visa, Mastercard to cut interbank card fees as part of agreement","Visa Inc. and Mastercard Inc. have reached an agreement with the U.S. merchant community to lower interchange fees on credit cards, settling nearly two decades of litigation. This agreement, which requires court approval, will reduce fees for merchants for five years, aiming to save small businesses an estimated $30 billion. It also offers merchants more flexibility in payment acceptance and provides funding for training programs.",https://www.trend.az/world/other/3878116.html,1711556242
V,How Amex is entangled in the Visa-Mastercard settlement,"A recent settlement between Visa and Mastercard allows merchants to surcharge credit card transactions, regardless of American Express's policies, aiming to increase competition. This move puts pressure on American Express to either relax its own no-surcharging rules or face potential merchant lawsuits or decreased acceptance. The settlement is predicted to foster competition and could lead to further litigation if Amex maintains its strict policies.",https://www.paymentsdive.com/news/visa-mastercard-amex-litigation-settlement-competition/711857/,1711929600
V,What’s in Cap One’s Wallet?,"Capital One's blockbuster bid for Discover, valued at $35.3 billion, positions it to compete with major credit/debit card issuers and networks like Visa, Mastercard, and AmEx. The acquisition offers competitive advantages such as increased economies of scale through Discover's network and Pulse, potential downward pressure on merchant fees, and a path for Capital One to expand its global card business and prepaid card offerings. While regulatory approval is a key question mark, the deal could significantly impact the payments industry for years to come.",https://www.digitaltransactions.net/magazine_articles/whats-in-cap-ones-wallet/,1711929600
V,PayPal And Venmo’s Visa+ Entry Could Aid Interoperable P2P Payments,"PayPal and Venmo's integration into the Visa+ interoperable P2P payments system is expected to boost P2P transactions by addressing the challenge of adoption among senders and receivers. While critics note strong existing user bases for PayPal and Venmo, the move aims to facilitate seamless cross-platform payments, with fintechs like Current and Western Union also set to join. Visa+ provides privacy for users by allowing payments via a payname without sharing personal account details.",https://www.digitaltransactions.net/paypal-and-venmos-visa-entry-could-aid-interoperable-p2p-payments/,1712102400
V,BlackRock S&P 500 ETF pips State Street rival in Q1 flows,"BlackRock's iShares Core S&P 500 UCITS ETF (CSPX) significantly outperformed its State Street Global Advisors' rival, the SPDR S&P 500 UCITS ETF (SPY5), in Q1 inflows despite having a higher total expense ratio. CSPX attracted $4.7bn in inflows, making it the highest in Europe, while SPY5 garnered $3.4bn, following its substantial fee cut last year which has more than doubled its assets under management. Other S&P 500 ETFs from Vanguard and Invesco also saw notable inflows, indicating continued investor interest despite concerns about concentration in the AI boom.",https://www.etfstream.com/articles/blackrock-s-and-p-500-etf-pips-state-street-rival-in-q1-flows,1712188800
V,"If I Could Only Buy and Hold 1 Vanguard ETF For the Next 5 Years, This Would Be My Top Pick","The article recommends the Vanguard Large-Cap ETF (VV) as a top choice for a buy-and-hold strategy for the next five years due to its low expense ratio, focus on U.S. large-cap stocks like Microsoft, Apple, and Nvidia, and its ability to provide broad diversification. It highlights the ETF's simplicity and stability, making it easier for investors to hold through market volatility compared to individual stocks or more specialized thematic ETFs. The author also notes the subtle differences and near-identical returns between VV and the Vanguard S&P 500 ETF, with a slight preference for VV.",https://www.fool.com/investing/2024/04/08/buy-hold-vanguard-etf-5-years-large-cap-stocks/,1712559600
V,Visa Commences Exchange Offer for Class B-1 Common Stock,"Visa has initiated an exchange offer for its outstanding Class B-1 common stock, allowing holders to exchange it for a combination of Class B-2 common stock, Class C common stock, and cash for fractional shares. The offer is set to expire on May 3, 2024, and participating stockholders must agree to a makewhole agreement for future litigation obligations. Visa emphasizes that Class B-1 stockholders are not obligated to participate and should consult with their advisors.",https://markets.financialcontent.com/chroniclejournal/article/bizwire-2024-4-8-visa-commences-exchange-offer-for-class-b-1-common-stock,1712567100
V,CFPB $8 late fee cap edges toward reality,"The Consumer Financial Protection Bureau's new rule capping credit card late fees at $8 is moving closer to implementation despite a lawsuit from bank trade groups. While the Fifth Circuit Court of Appeals is currently handling the case, it's becoming increasingly likely the rule will take effect on May 14, causing card issuers like Capital One, Bread Financial, and Synchrony Financial to prepare mitigation strategies for potential revenue loss. The CFPB argues these late fees are ""junk fees,"" and the industry is bracing for impact.",https://www.paymentsdive.com/news/cfpb-8-late-fee-cap-edges-toward-reality/713443/,1713365216
V,"Supreme Court won’t review Visa, Mastercard ATM fee class certification appeal","The U.S. Supreme Court has declined to hear an appeal of class certification in an ATM fees antitrust case against Visa and Mastercard. The lawsuit, filed over a decade ago, alleges that major banks overcharged for access fees at ATM terminals, with the Supreme Court's decision allowing the class action to proceed. The case involves millions of consumers and thousands of ATM operators who claim anticompetitive practices led to inflated ATM surcharges.",https://topclassactions.com/lawsuit-settlements/money/credit-cards/consumers-atm-operators-have-class-action-against-visa-mastercard-certified-by-federal-judge/,1713916800
V,DOJ examines Capital One-Discover deal’s competitive angle,"The Justice Department is examining the competitive aspects of Capital One's proposed acquisition of Discover, advising bank regulators who extended their public comment periods on the deal until May 31. Despite concerns raised by critics, Capital One CEO Richard Fairbank maintains the $35.3 billion all-stock transaction will increase payment network competition and benefit consumers, anticipating a close by late 2024 or early 2025. This scrutiny is part of a broader trend of increased antitrust enforcement from the Biden administration and bank regulators.",https://www.bankingdive.com/news/doj-capital-one-discover-deal-competition-antitrust-federal-reserve-occ-fairbank/714453/,1714089600
V,3 Financial Stocks Driving Gains in XLF ETF,"The Financial Select Sector SPDR Fund (XLF) ETF provides investors exposure to leading North American financial services companies, with a significant 25% return in the past year. Key contributors to XLF's performance include Berkshire Hathaway, JPMorgan, and Progressive Corp, benefiting from the high-interest rate environment. The ETF is trading 5% below its 52-week high, and Wall Street analysts largely maintain a ""buy"" rating, anticipating continued gains as long as interest rates remain elevated.",https://247wallst.com/investing/2024/05/02/3-financial-stocks-driving-gains-in-xlf-etf/,1714653840
V,JPMorgan (JPM) to Recognize $8B Gain From Visa Share Exchange,"JPMorgan (JPM) is set to recognize an accounting gain of almost $8 billion in the second quarter of 2024 due to a share exchange deal with Visa Inc. (V). This gain resulted from JPMorgan tendering its Visa Class B-1 common stock for a combination of Visa Class B-2 and Visa Class C common stock, following Visa's shareholder approval to amend its Certificate of Incorporation. The Visa Class C common stock, held at fair value, is responsible for the gain, and once a lock-up period expires, JPMorgan will be eligible to sell it.",https://finance.yahoo.com/news/jpmorgan-jpm-recognize-8b-gain-124000591.html,1715085600
V,MoneyHero Appoints New Group Heads of Marketing and Operations,"MoneyHero Limited (NASDAQ: MNY) has announced the appointment of Liru Chan as Group Head of Marketing and Francois Picard as Group Head of Operations, effective May 6, 2024. These strategic hires, with their extensive experience from companies like Google, PayPal, Visa, and ShopBack, aim to strengthen MoneyHero's leadership as it pursues aggressive growth plans in Greater Southeast Asia. The new executives will focus on leading consumer marketing, brand development, and optimizing enterprise-wide operations to enhance shareholder value.",https://www.macaubusiness.com/moneyhero-appoints-new-group-heads-of-marketing-and-operations/,1715591302
V,What Do Advisors Think About Ethereum?,"The article discusses financial advisors' perspectives on Ethereum following the SEC's approval of initial regulatory filings for spot Ethereum ETFs. It highlights growing advisor interest in Ethereum as a legitimate asset class, the success of spot Bitcoin ETFs, and the preference among advisors for ETFs as a method to access the crypto market. The piece also details Ethereum's real-world utility and its role in decentralized applications, stablecoins, and DeFi.",https://www.etftrends.com/crypto-channel/what-advisors-think-about-ethereum/,1716768000
V,"Visa, Mastercard to pay $197 million to settle consumer ATM fee lawsuit","Visa and Mastercard have agreed to a $197 million settlement in a class-action lawsuit filed by millions of consumers. The lawsuit accused the financial payment companies of colluding to keep ATM cash access fees artificially high. The settlement, which resolves claims from consumers who used bank-operated ATMs since 2007, is subject to court approval.",https://www.reuters.com/sustainability/visa-mastercard-pay-197-million-settle-consumer-atm-fee-lawsuit-2024-05-29/,1717015260
V,"Visa, Mastercard Reach $198 Million Deal in ATM Antitrust Case","Visa Inc. and Mastercard Inc. have agreed to a preliminary settlement of $197.5 million in an antitrust case, resolving allegations of fixing ATM fees. This agreement, which still requires court approval, concludes over a decade of litigation with ATM customers. It follows a prior $66.7 million settlement in 2021 with JPMorgan & Chase Co., Wells Fargo & Co., and Bank of America Corp. for similar claims.",https://news.bloomberglaw.com/antitrust/visa-mastercard-reach-198-million-deal-in-atm-antitrust-case,1717032480
V,Breakingviews - Capital One scales banking’s Mount Improbable,"Capital One's $35 billion bid for Discover aims to create the largest U.S. credit card issuer and a major payments network, but faces significant regulatory and competitive hurdles. CEO Richard Fairbank must convince regulators, merchants, and investors of the deal's value, as integrating Discover's payments network and achieving global acceptance will be a monumental task. The article highlights the low perceived value by investors and the challenges of international expansion in retail banking.",https://www.reuters.com/breakingviews/capital-one-scales-bankings-mount-improbable-2024-05-30/,1717157220
V,Coming of Age for Millennials: American Express Nails It Again,"American Express is successfully appealing to younger generations, specifically Gen Z and millennials, by offering premium credit cards with high annual fees that provide significant value to users. This strategic shift has led to substantial financial growth for the company, with stock prices rising and a projected 10%-plus annual revenue growth, and it is largely driven by their ability to book younger cardholders directly into their premium offerings. The company's focus on rewards, service, and cachet continues to foster strong customer loyalty across generations.",https://www.paymentsjournal.com/coming-of-age-for-millennials-american-express-nails-it-again/,1717372800
V,Adani One launches 2 credit cards in partnership with ICICI Bank,"Adani Group has entered the retail finance sector by launching two credit cards, ""Signature"" and ""Platinum,"" through its consumer app Adani One, in partnership with ICICI Bank and Visa. These cards offer various benefits, including reward points on Adani One app services and complimentary perks at Adani airports. The initiative aims to integrate Adani's B2B businesses into the digital world and strengthen ICICI Bank's credit card portfolio, while Adani One continues to expand its service offerings and customer base.",https://www.medianama.com/2024/06/223-adani-one-launches-2-credit-cards-in-partnership-with-icici-bank/,1717506049
V,"eBay will no longer accept American Express, citing ‘unacceptably high fees'","eBay has announced it will no longer accept American Express globally starting August 17, citing ""unacceptably high fees"" for processing credit card transactions. The online marketplace stated that customers have alternative payment options and that AmEx is no longer a necessary partner. American Express, in turn, claims eBay's cost to accept their cards is comparable to other networks and that their cardmembers typically spend more, finding eBay's decision inconsistent with increasing competition.",https://www.nbcbayarea.com/news/national-international/ebay-will-no-longer-accept-american-express-citing-fees/3557816/,1717545600
V,EBay to Stop Taking American Express After Fee Dispute,"EBay Inc. announced it will no longer accept American Express cards as a payment option starting August 17, citing ""unacceptably high fees."" American Express countered that its fees are comparable to other networks and believes eBay's decision is inconsistent with increasing competition. This move mirrors past disputes between major retailers like Amazon and Costco with credit card companies over transaction costs.",https://finance.yahoo.com/news/ebay-stop-taking-american-express-062031401.html,1717545600
V,"eBay to Discontinue Acceptance of American Express Payments Starting August 17, 2024","eBay announced its decision to discontinue the acceptance of American Express payments globally starting August 17, 2024. This change is attributed to the ""unacceptably high fees"" charged by American Express, with eBay calling for more robust regulations to increase competition in the credit card network market. Customers will be notified to transition to alternative payment options available on the marketplace.",https://www.ebayinc.com/stories/news/neebay-to-discontinue-acceptance-of-american-express-payments-starting-august-17-2024/,1717545600
V,Affirm's New Deal With Alterra Mountain Company Boosts Travel Spending,"Affirm Holdings, Inc. announced an expanded partnership with Alterra Mountain Company, allowing travelers to use Affirm's ""Buy Now, Pay Later"" (BNPL) service for Ikon Passes, lodging, and lessons in the U.S. and Canada. This move aims to enhance customer flexibility and increase travel spending. Despite high interest rates, Affirm CEO Max Levchin stated the economy is resilient and consumers continue to use flexible payment options, contributing to the company's 95% stock gain over the past year.",https://www.sahmcapital.com/news/content/affirms-new-deal-with-alterra-mountain-company-boosts-travel-spending-2024-06-05,1717565521
V,How Is PayPal Holdings’ Stock Performance Compared to Other Fintech Stocks?,"PayPal Holdings, Inc. (PYPL) is a large-cap fintech company valued at $69.4 billion with over 426 million active accounts. Despite its market leadership and recent strong Q1 2025 earnings which beat analyst expectations, PYPL's stock performance has largely underperformed the Global X Fintech ETF (FINX) and rival Visa Inc. (V) over the past year. Analysts, however, remain optimistic with a ""Moderate Buy"" rating and a projected premium to its current market price.",https://palmettograin.com/news/story/32733747/how-is-paypal-holdings-stock-performance-compared-to-other-fintech-stocks,1717566900
V,"EBay to drop American Express over fees, says customers have other options","eBay announced its decision to stop accepting American Express globally starting August 17, citing ""unacceptably high fees"" for processing credit card transactions. The online marketplace stated that customers now have numerous alternative payment options available. American Express, in response, claims eBay's cost to accept AmEx cards is comparable to other networks and believes the decision is inconsistent with increasing competition.",https://www.cnbc.com/2024/06/05/ebay-to-drop-american-express-over-fees.html,1717591680
V,Amex dismisses impact of eBay’s rejection,"EBay announced it will no longer accept American Express payments due to ""unacceptably high fees,"" effective August 17th. American Express, however, downplayed the impact, stating that eBay accounts for less than 0.2% of its total network volume, but criticized eBay for limiting customer payment choices. The move highlights the ongoing tension between merchants and card networks over transaction fees.",https://www.paymentsdive.com/news/amex-dismisses-impact-of-ebays-rejection/718128/,1717632000
V,eBay to End American Express Payments Over Interchange Fees,"eBay has announced it will no longer accept American Express card payments due to ""unacceptably high"" interchange fees, citing the availability of numerous alternative payment methods for its customers. This decision, while potentially saving eBay money in the short term, has been criticized by analysts like Brian Riley of Javelin Strategy & Research, who believes it could harm eBay in the long run by alienating high-spending Amex customers. American Express expressed disappointment, stating that eBay's move is inconsistent with increasing competition at the point of sale and that eBay accounts for a very small portion of their total network volume.",https://www.paymentsjournal.com/ebay-to-end-american-express-payments-over-interchange-fees/,1717677762
V,BNPL Company Affirm Launches New Payment Options To Boost Flexibility,"Affirm Holdings, Inc. (AFRM) has introduced two new payment options, Pay in 2 and Pay in 30, to enhance payment flexibility and affordability for consumers using its app. These new options allow for interest-free payments divided into two installments or full payment within 30 days without fees, primarily targeting e-commerce transactions under $150. The rollout has already improved cart conversion rates within the app, and Affirm plans to extend these options to its merchant partners soon.",https://br.tradingview.com/news/benzinga%3A30a7ead9c094b%3A0-bnpl-company-affirm-launches-new-payment-options-to-boost-flexibility/,1717729744
V,BNPL Company Affirm Launches New Payment Options To Boost Flexibility,"Affirm Holdings, Inc. (AFRM) has introduced new payment options, Pay in 2 and Pay in 30, to enhance flexibility and affordability for its consumers. These options, allowing for two interest-free payments or payment in full within 30 days, have already improved app conversion rates and are set to expand to merchant partners. Affirm also recently broadened its partnership with Alterra Mountain Company to stimulate travel spending.",https://www.tradingview.com/news/benzinga:30a7ead9c094b:0-bnpl-company-affirm-launches-new-payment-options-to-boost-flexibility/,1717744171
V,Topgolf Callaway Brands Joins Forces with Visa,"Topgolf Callaway Brands has announced a multiyear strategic agreement with Visa, impacting its brands including Topgolf, Callaway, and TravisMathew. This partnership will offer co-promotional opportunities and benefits for Visa cardholders, particularly Cash App cardholders, such as gameplay offers and early reservation access at Topgolf venues. The collaboration also includes a ""Topgolf Block Party Challenge presented by Cash App"" with a $50,000 prize and plans for a co-branded credit card in the future.",https://press.topgolf.com/2024-06-20-Topgolf-Callaway-Brands-Joins-Forces-with-Visa,1718887584
V,Amex banks on spending at high-end restaurants,"American Express is significantly investing in the high-end restaurant sector through its planned acquisition of Tock, a reservation platform, and Rooam, a payments platform. This strategy aims to capitalize on increased consumer spending in restaurants and offer premium experiences to its cardholders. Analysts view this move as a way to bolster Amex's position in a growing industry and expand their merchant acceptance.",https://www.paymentsdive.com/news/amex-banks-on-spending-at-high-end-restaurants/719920/,1719360000
V,21Shares files S-1 for spot Solana ETF in the US,"Investment firm 21Shares has filed an S-1 form with the U.S. Securities and Exchange Commission (SEC) for a Solana-based exchange-traded fund (ETF), following a similar filing by VanEck. This move signals increasing interest in Solana ETFs, with 21Shares believing Solana (SOL) should be treated as a commodity, despite the SEC Enforcement Division's previous declaration of SOL as a security. Legal experts, however, expect significant roadblocks to approval due to the SEC's stance and the absence of a regulated futures market for SOL.",https://www.theblock.co/post/302600/21shares-files-s-1-for-spot-solana-etf-in-the-us,1719578340
V,Visa-Mastercard settlement failed to treat merchants ‘equitably’,"A proposed settlement between Visa, Mastercard, and merchants was rejected by a judge because it failed to treat large and small merchants equitably. The judge, Margo Brodie, determined that larger merchants, who often negotiate lower interchange rates, would not benefit as much as smaller merchants from the proposed rate reductions and surcharging rights. Additionally, the settlement did not address the ""honor all cards"" rule, which some larger merchants argue contributes to anti-competitive practices.",https://www.paymentsdive.com/news/visa-mastercard-settlement-failed-treat-large-small-merchants-equitably/720303/,1719836127
V,Trends in Truck Transport Refrigeration Units,"The trucking industry is transitioning to electric and hybrid Transport Refrigeration Units (TRUs) to meet sustainability goals and regulations, especially in California. This shift involves developing all-electric medium-duty trucks with integrated TRUs, exploring e-axle systems for heavy-duty applications, and overcoming challenges related to charging infrastructure. Telematics and data analysis play a crucial role in managing this transition and optimizing electric TRU deployment.",https://www.truckinginfo.com/articles/trends-in-truck-transport-refrigeration-units,1719836529
V,Supreme Court 'swipe fees' ruling may open US regulations to more suits,"The U.S. Supreme Court has revived a North Dakota convenience store's challenge to a Federal Reserve regulation on debit card ""swipe fees."" This 6-3 decision could potentially broaden opportunities for businesses to contest long-standing federal rules. The ruling centered on a 2021 lawsuit filed by Corner Post, which argued it shouldn't be bound by a six-year statute of limitations to challenge the 2011 rule because it started business after the deadline.",https://www.reuters.com/legal/us-supreme-court-rule-case-involving-debit-card-swipe-fees-2024-07-01/,1719842580
V,Legal Fee Tracker: Lawyers' $170 million payday in limbo in credit card swipe fee case,"A $170 million legal fee for lawyers who negotiated an antitrust settlement with Visa and Mastercard is now uncertain after a federal judge rejected the proposed deal. The judge found the settlement, intended to limit credit card swipe fees, did not go far enough to benefit merchants despite the substantial legal fees approved. This rejection means attorneys will need to seek further concessions from Visa and Mastercard, likely prolonging the litigation.",https://www.reuters.com/legal/legalindustry/legal-fee-tracker-lawyers-170-million-payday-limbo-credit-card-swipe-fee-case-2024-07-05/,1720173660
V,VIDEO: ETF of the Week: Invesco S&P 500 Quality ETF (SPHQ),"This article highlights the Invesco S&P 500 Quality ETF (SPHQ), discussed by Todd Rosenbluth of VettaFi and Chuck Jaffe of ""Money Life."" SPHQ focuses on approximately 100 high-quality S&P 500 companies with strong balance sheets and consistent earnings, outperforming the broader S&P 500. The fund is presented as a potential core replacement or complement for investors seeking diversified exposure to top-tier companies.",https://www.etftrends.com/innovative-etf-channel/etf-of-the-week/invesco-sp-500-quality-etf-sphq-video-etf-of-the-week/,1720396800
V,Visa-Mastercard settlement generates thousands of claim conflicts,"A federal judge has granted a 90-day extension, until August 30, for U.S. merchants to file claims in the $5.5 billion Visa-Mastercard class-action settlement. This extension was sought due to tens of thousands of conflicting claims filed for the same businesses, often by multiple third-party filers, and to allow more businesses to submit claims for excessive interchange fees paid between 2004 and 2019. Despite a separate, recent settlement being denied preliminary approval, the current claims process remains unaffected, aiming to ensure as many eligible merchants as possible receive their entitled monetary relief.",https://www.paymentsdive.com/news/visa-mastercard-settlement-merchant-claims-conflicts/720846/,1720527327
V,Filings detail owners of The Dakota Scout and Argus Leader,"Legal filings have disclosed the ownership of The Dakota Scout and Argus Leader, a requirement for newspapers designated to publish legal notices in South Dakota. The Dakota Scout's ownership, primarily its co-founders Jonathan Ellis and Joe Sneve with 52%, includes several individuals and LLCs, one notable investor being philanthropist Matt Paulson. Meanwhile, the Argus Leader, owned by the publicly traded Gannett, lists 17 financial groups and trust companies as major stakeholders, highlighting a contrast in ownership structures.",https://www.thedakotascout.com/p/filings-detail-owners-of-the-dakota,1720528321
V,"Judge rejects proposed $30B Visa, Mastercard settlement over merchant fees","A New York judge has rejected a proposed $30 billion settlement between Visa and Mastercard and a class of merchants regarding credit card swipe fees. The settlement aimed to provide equitable relief by slashing merchant fees, but the rejection was supported by The Retail Industry Leaders Association, which deemed the credit card payment market to be broken. The original settlement, reached after seven years of litigation, included rule changes for merchant fees, estimated to be worth nearly $30 billion, and a $15 million education fund for merchants.",https://topclassactions.com/lawsuit-settlements/money/fees/visa-mastercard-reach-historic-30b-settlement-in-lengthy-swipe-fee-lawsuit/,1720569600
V,Visa announces $2.7 billion preferred stock conversion,"Visa Inc. announced the conversion of approximately $2.7 billion in Series B and Series C Convertible Participating Preferred Stock into common stock, following a mandatory assessment related to its 2016 acquisition of Visa Europe. This conversion will result in the issuance of about 99,264 shares of Series A Convertible Participating Preferred Stock, effective July 19, 2024, which will automatically convert into Class A Common Stock upon sale. The move stems from a review of potential litigation liabilities concerning interchange fees in the Visa Europe territory.",https://www.investing.com/news/company-news/visa-announces-27-billion-preferred-stock-conversion-93CH-3514462,1720628220
V,JPMorgan Chase books $7.9 billion gain on sale of Visa stake,"JPMorgan Chase announced a $7.9 billion gain from the sale of its Visa Inc. stake, which was included in its second-quarter profit. This move is part of a plan initiated in 2023 allowing big banks to divest portions of their ownership in the credit-card company. JPMorgan had previously stated in May that Visa accepted its tender of 37.2 million shares of Visa Class B-1 common stock in exchange for Visa Class B-2 and Class C common stock, with an $8 billion gain related to the Class C stock being announced at that time.",https://www.marketwatch.com/livecoverage/bank-earnings-jpmorgan-citi-wells-fargo-profit-results-jpm-second-quarter/card/jpmorgan-chase-books-7-9-billion-gain-on-sale-of-visa-stake-TBOjVbZdczGfW9YkjyrC?gaa_at=eafs&gaa_n=AWEtsqcgv9s0-cLzew84C-IX7-c0O_eJlSt65b99oBh1ctMW8e8KBYO0ppjS&gaa_ts=690764cf&gaa_sig=UErVN9peus-d5vnnJYUEGR4FLw_ez34Pq99ByQcAEp6FeKU6sVrTWp2t756dNVbfEM-Rc14Gok8mIaW_eTWoCg%3D%3D,1720783500
V,PNC Earnings: Net Interest Income Holds Up Relatively Well,"PNC reported second-quarter earnings per share of $3.39, with net interest income performing better than expected, up 1% sequentially. The bank anticipates further benefits from repositioning its balance sheet by replacing low-yielding securities with higher-yield ones. Management projects a positive impact on Net Interest Income in 2025 and expects to decrease core expenses by 1% for the year.",https://www.morningstar.com/stocks/pnc-earnings-net-interest-income-holds-up-relatively-well,1721088000
V,JPMorgan Chase invests in B2B payments startup Slope,"JPMorgan Chase's payments unit has invested in B2B payments startup Slope, participating in a $65 million financing round that included $15 million in equity and $50 million in debt. Slope, founded in 2021, specializes in AI-powered payments automation for order-to-cash workflows and will join JPMorgan's payments partners network. This investment highlights JPMorgan's strategy to stay updated on payments innovation and leverage Slope's technology to enhance client services.",https://www.paymentsdive.com/news/jpmorgan-chase-investment-payments-startup-slope/721896/,1721389044
V,Travelers Stock Was Down 8% In A Day. Why?,"Travelers' stock (TRV) dropped 8% on July 19th after its second-quarter revenues and premiums missed street estimates despite year-on-year growth. The company is currently trading at a 9% discount to its fair value of $224, according to Trefis estimates. Despite underperforming the S&P 500 in 2021 and 2023, Travelers saw a 12% year-over-year revenue increase in Q2 2024, driven by growth in premiums and net investment income, with projections for continued revenue growth in FY2024.",https://www.forbes.com/sites/greatspeculations/2024/07/23/travelers-stock-was-down-8-in-a-day-why/,1721721600
V,Capital One customers sue to block $35 billion Discover merger,"Two Capital One customers have filed a class-action lawsuit to block the proposed $35 billion merger between Capital One and Discover Financial, claiming it would reduce competition and drive up prices. The lawsuit, filed in Virginia federal court, argues the deal violates U.S. antitrust law and would diminish competitive forces in the credit card market. Capital One has stated the lawsuit ""has no merit,"" while U.S. regulators have not yet taken formal action on the merger.",https://www.reuters.com/legal/government/capital-one-customers-sue-block-35-billion-discover-merger-2024-07-23/,1721755440
V,U.S. Bank Launches Accounts Receivables Platform in Partnership with Billtrust,"U.S. Bank has launched its new Accounts Receivable platform, U.S. Bank Advanced Receivables, in partnership with Billtrust. This platform aims to help businesses accelerate cash flow, lower costs through automation, and provide better payment experiences by transforming the entire receivables process. The offering integrates U.S. Bank's payment and risk management capabilities with Billtrust's AR technology, featuring solutions for invoicing, payments, cash application, collections, and credit.",https://finovate.com/u-s-bank-launches-accounts-receivables-platform-in-partnership-with-billtrust/,1721779200
V,Visa Hit By Japan's First-Ever Antitrust Action Against Credit Card Industry,"Japan's Fair Trade Commission (FTC) has taken its first-ever antitrust action against the credit card industry, targeting Visa Worldwide Pte Ltd., a subsidiary of Visa Inc. The action addresses alleged monopolistic practices where Visa reportedly forced credit card companies to use its proprietary credit authorization system. Visa has agreed to a voluntary corrective action plan to address these concerns.",https://www.sahmcapital.com/news/content/visa-hit-by-japans-first-ever-antitrust-action-against-credit-card-industry-2025-07-24,1721806320
V,TD Bank Promotes Juan Gorricho as Head of Business Intelligence and Data Transformation,"TD Bank has promoted Juan Gorricho to Head of Business Intelligence and Data Transformation for both the US and Canada. Gorricho brings over two decades of experience in leveraging data and analytics to drive business value. His career includes significant roles at Visa, TSYS, and Partners Federal Credit Union, demonstrating extensive expertise in data platforms, governance, and strategy.",https://www.cdomagazine.tech/leadership-moves/td-bank-promotes-juan-gorricho-as-head-of-business-intelligence-and-data-transformation,1721819580
V,Visa CEO ‘strongly’ disagrees with class settlement ruling,"Visa's CEO, Ryan McInerney, expressed strong disappointment with a federal judge's rejection of a class-action settlement with merchants, calling it unfair despite arguments from merchant lawyers regarding significant savings. He stated that Visa is pursuing a revised settlement, but acknowledges the case could proceed to trial, suggesting a settlement is possible at any stage of the legal process. McInerney also highlighted the complexity of the payments ecosystem, which he believes the judge's decision failed to fully consider.",https://www.paymentsdive.com/news/visa-ceo-strongly-disagrees-class-settlement-court-ruling/722267/,1721824509
V,Milberg roils Visa-Mastercard settlement claims process,"The law firm Milberg Coleman Bryson Phillips Grossman submitted over 115 fraudulent documents claiming to represent businesses in a $5.5 billion Visa and Mastercard class-action settlement. Milberg blamed a ""problematic third-party referral source"" for the fake filings involving ""high-profile corporations"" and has since terminated the relationship, disciplined an employee, and agreed to pay $25,000 to the settlement administrator for costs incurred. The firm also agreed to refer the responsible third party to law enforcement.",https://www.paymentsdive.com/news/milberg-visa-mastercard-payments-settlement-claims-litigation/722653/,1722255327
V,Reset: How This Public Benefit Corporation Helps Working-Class Americans Improve Financial Health,"Reset is a public benefit corporation aiming to improve the financial health of working-class Americans through its Visa card and financial companion app. Founded by Matt Dicou, Wes Rodriguez, and Brian Mascarenhas, the company offers access to earned wages, streamlined budgeting, and spending limits that dynamically update with income and spending data. Reset recently secured $2.3 million in pre-seed funding and differentiates itself through its use of both payroll and bank data, employer portability, and interest-free services.",https://pulse2.com/reset-matt-dicou-profile/,1722256509
V,"With 88% ownership of the shares, Cummins Inc. (NYSE:CMI) is heavily dominated by institutional owners","Institutional investors own 88% of Cummins Inc. (NYSE:CMI) shares, indicating their significant influence on the company's stock price. The Vanguard Group, BlackRock, Inc., and T. Rowe Price Group, Inc. are among the largest shareholders, collectively controlling 51% of the ownership through the top 19 shareholders. Insiders hold less than 1% of the stock but have been purchasing shares recently.",https://finance.yahoo.com/news/88-ownership-shares-cummins-inc-105123981.html,1722336683
V,Why the Capital One-Discover Merger Makes Sense,"The proposed $35 billion Capital One-Discover merger is analyzed for its competitive implications in consumer banking, credit card issuance, and payment networks. The article argues the merger makes sense as it will not create a ""too big to fail"" institution in banking, nor significantly increase credit card market concentration, but rather disrupt the payment network duopoly of Visa and Mastercard by boosting Discover's network volume.",https://www.jdsupra.com/legalnews/why-the-capital-one-discover-merger-1855455/,1722816000
V,TD Bank Announces Enhancements to TD Cash Secured Credit Card,"TD Bank has announced significant enhancements to its TD Cash Secured Credit Card, aligning its rewards structure with the popular TD Cash Credit Card. Cardholders will now earn 3% cash back on a chosen category, 2% on a second category, and 1% on all other eligible purchases, with the ability to change categories quarterly. This initiative aims to help customers build credit history while maximizing their rewards.",https://stories.td.com/us/en/article/td-bank-announces-enhancements-to-td-cash-secured-credit-card,1722943669
V,3 Funds to Consider for the Front End of the Yield Curve,"This article suggests that fixed income investors looking to avoid rate-risk volatility might consider short-term bonds, specifically focusing on the front end of the yield curve. It highlights three Vanguard ETFs—BSV, VGSH, and VCSH—as options for short-term bond exposure, catering to broad market, Treasury, and corporate bond preferences, respectively. The piece emphasizes the potential benefits of short-term bonds in portfolio construction, especially given uncertain rate cut scenarios.",https://www.etftrends.com/fixed-income-channel/3-funds-consider-front-end-yield-curve/,1722988800
V,Disney CEO Bob Iger Highlights Company’s 'Unmatched Strength' at D23: The Ultimate Disney Fan Event,"Disney CEO Bob Iger kicked off D23: The Ultimate Disney Fan Event by emphasizing the company's ""unmatched strength"" in creativity, innovation, and storytelling, forged over a century. He highlighted Disney's deep bond with fans, the wide appeal of its brands, and its unique ability to bring stories to life in various forms, including theme parks. Iger expressed gratitude to fans for inviting Disney into their lives and reiterated the company's mission to entertain, thrill, and bring joy.",https://thewaltdisneycompany.com/news/bob-iger-d23-disney-opening-remarks/,1723200992
V,"Intercontinental Exchange Stock Gained 22% YTD, What’s Next?","Intercontinental Exchange (NYSE: ICE) stock has gained 22% YTD, outperforming the S&P 500, but is still trading 6% below its estimated fair value of $166. The company recently surpassed Q2 FY2024 street estimates with significant revenue growth in its exchanges and mortgage technology segments, despite increased operating expenses impacting net income. Analysts project ICE's total revenues to reach $11.49 billion in FY2024, leading to a GAAP EPS of $6.04 and a valuation of $166.",https://www.forbes.com/sites/greatspeculations/2024/08/16/intercontinental-exchange-stock-gained-22-ytd-whats-next/,1723788000
V,Visa & Mastercard's Singapore sling & an effective income tax rate of 1.1%,"The Commerce Commission is reviewing the high fees charged by Visa and Mastercard in New Zealand, which amount to about $1 billion annually for businesses. These global payment giants operate their New Zealand functions through regional hubs in Singapore, allowing them to report substantial profits there while benefiting from significantly lower effective income tax rates (Mastercard at 1.1%, Visa receiving a credit). The article highlights concerns that New Zealanders are paying too much for card payments and that these companies are not contributing significantly to New Zealand's tax revenue despite their lucrative operations in the country.",https://www.interest.co.nz/personal-finance/129079/commerce-commission-mulls-cutting-fees-it-costs-businesses-and-ultimately,1723806714
V,"U.S. Small Caliber Ammunition Market Trends Analysis Report 2024-2030 Featuring FN HERSTAL, Hornady, Nammo, Northrop Grumman, Olin, Remington, Rosoboronexport, Sierra, Visa Outdoor, and Winchester","The U.S. small caliber ammunition market is projected to reach USD 4.8 billion by 2030, growing at a CAGR of 2.3% from 2024. This growth is primarily driven by increasing demand for self-defense, sports shooting, and hunting, as well as rising awareness of personal safety. Key segments include 5.56mm caliber ammunition and centerfire products, with online sales channels also contributing significantly to market expansion.",https://uk.finance.yahoo.com/news/u-small-caliber-ammunition-market-130100939.html,1723807199
V,Visa-Mastercard settlement claims deadline postponed,"A federal judge has extended the deadline for U.S. merchants to file claims in the $5.5 billion Visa-Mastercard class-action settlement to February 4, 2025. This extension, the second granted this year, aims to ensure more eligible businesses can claim their share, especially after additional data from Visa identified a significant number of class members who did not initially receive claim forms. The settlement resolves a long-running antitrust case concerning excessive interchange fees charged by Visa and Mastercard between January 1, 2004, and January 25, 2019.",https://www.paymentsdive.com/news/visa-mastercard-merchant-litigation-settlement-claims-deadline/724525/,1724065914
V,6 Companies Hiring Sales Professionals in Colombia,"This article highlights six companies currently hiring sales professionals in Colombia, reflecting Latin America's increasing economic importance. Businesses across various sectors, including tech, financial services, and manufacturing, are seeking experienced individuals to expand into new markets. The featured companies include Coupa Software, PayJoy, Motorola Solutions, Visa Inc., TaskUs, and Mondelēz International, detailing their offerings and sales recruitment efforts in the region.",https://builtin.com/articles/companies-hiring-sales-professionals-in-colombia,1724152438
V,Western Asset's co-CIO Leech takes leave of absence amid SEC probe,"Ken Leech, co-CIO of Western Asset Management, has taken a leave of absence due to a potential SEC enforcement action regarding a probe into past Treasury derivatives trades. The inquiry focuses on whether some clients were favored in allocating gains and losses. This development has impacted Franklin Resources Inc., Western Asset's parent company, with shares falling significantly.",https://www.investmentnews.com/fixed-income/western-assets-co-cio-leech-takes-leave-of-absence-amid-sec-probe/256632,1724198400
V,HSBC Targets To Double Wealth Business Assets To $131B In UK: Report,"HSBC aims to double its UK wealth management assets to £100 billion (approximately $131 billion) within the next five years, targeting the 'mass affluent' market. The bank plans to leverage its global presence and hire more advisors to achieve this goal, focusing on international connectivity and digital channel enhancements. This strategy is part of a broader banking trend to expand into less interest-rate-sensitive sectors and compete with independent financial advisors.",https://es.tradingview.com/news/benzinga%3A12ebddc92094b%3A0-hsbc-targets-to-double-wealth-business-assets-to-131b-in-uk-report/,1724678841
V,How To Buy VISA (V) Stocks & Shares,"This article provides a comprehensive guide on how to buy and sell Visa (V) stocks and shares. It covers essential steps such as opening an account, understanding where Visa is traded, conducting research, deciding on an investment strategy, placing orders, and reviewing performance. The article also touches upon the history of Visa, the risks associated with international investments, and discusses Visa's recent financial performance and dividend payments.",https://www.forbes.com/uk/advisor/investing/how-to-buy-visa-v-stocks-shares/,1725278280
V,Former Visa chairman and CEO Al Kelly joins GM board,"Alfred F. Kelly, Jr., former chairman and CEO of Visa Inc., has joined General Motors' board of directors. Kelly, who led Visa through significant global growth, will bring financial, tech, and consumer insights to GM as the company focuses on electric vehicles, autonomous technology, and software services. His appointment expands GM's board to 13 directors, enhancing its diverse expertise.",https://news.gm.com/home.detail.html/Pages/news/us/en/2024/sep/0905-kelly.html,1725494400
V,"VanEck to Close Ethereum Strategy ETF, Reassessing Crypto Investment Approach","VanEck has announced the closure of its futures-based Ethereum Strategy ETF (EFUT) due to a lack of investor interest, with trading ceasing on September 16 and liquidation anticipated around September 23. This decision highlights a broader trend where investors prefer spot-based crypto ETFs over older futures-based funds, as evidenced by the higher assets under management in VanEck's spot Ethereum ETF (ETHV). Industry experts like Nate Geraci anticipated this shift, noting that spot ETFs would render futures-based options obsolete.",https://cryptonews.com.au/news/vaneck-to-close-ethereum-strategy-etf-reassessing-crypto-investment-approach-123247/,1725840000
V,$197.5M ATM fees class action settlement,"Visa and Mastercard have agreed to a $197.5 million settlement regarding a class action lawsuit claiming they charged unlawful surcharges on ATM transactions. The settlement benefits individuals and entities who paid unreimbursed ATM access fees to JP Morgan, Wells Fargo, Bank of America, or banks within the Visa/Mastercard ATM networks between October 1, 2007, and July 26, 2024. Class members can file a claim by January 22, 2025, to receive a cash payment based on the surcharges paid.",https://topclassactions.com/lawsuit-settlements/open-lawsuit-settlements/197-5m-atm-fees-class-action-settlement/,1726012800
V,Americans to get piece of $197.5 million Visa & Mastercard settlement if they paid ATM fee - you just have to apply,"Visa and Mastercard have agreed to a $197.5 million settlement following allegations of unlawful surcharges on ATM transactions. Current and former cardholders who paid unreimbursed ATM access fees between October 1, 2007, and July 26, 2024, to specific banks are eligible to claim a portion of the settlement. Individuals who have not been reimbursed or submitted previous claims have until January 22, 2025, to submit a valid claim form online or via mail.",https://www.the-sun.com/money/12440578/visa-mastercard-settlement-atm-fee-surcharge-apply/,1726080300
V,Vanguard Unveils Data from Investor Choice Proxy Voting Pilot,"Vanguard has released data from its Investor Choice proxy voting pilot, highlighting individual investor engagement and voting preferences during the 2024 proxy season. The pilot, which empowers individual investors in certain Vanguard funds to choose proxy voting policy options, involved approximately 40,000 participants and showed varied policy selections depending on the fund. Vanguard aims to continue expanding access to the proxy voting process to align investments with investors' personal preferences.",https://www.prnewswire.com/news-releases/vanguard-unveils-data-from-investor-choice-proxy-voting-pilot-302250358.html,1726563600
V,Investors Bet on Emerging Market Bonds Amid Fed Rate Cut Expectations,"Investors are channeling funds into emerging market bond ETFs, anticipating a Federal Reserve rate cut will boost their returns. Major ETFs like the iShares J.P. Morgan USD Emerging Markets Bond ETF and Vanguard Emerging Markets Government Bond ETF have seen significant inflows. This trend reflects an increasing appetite for higher yields and longer-duration assets found in developing markets as US interest rates are expected to drop.",https://dabafinance.com/en/news/investors-bet-on-emerging-market-bonds-amid-fed-rate-cut-expectations,1726600151
V,"Ankur Crawford: ‘When Software Begins to Write Software, Innovation Is Exponential’","Ankur Crawford, a growth equities investor at Fred Alger Management, discusses the long-term case for AI, emphasizing its role in democratizing compute and driving exponential innovation. She draws parallels to the steam engine and industrial revolution, highlighting AI's potential impact on labor and the economy. Crawford also shares her firm's approach to market volatility and the implications of AI on traditional portfolio construction and equity valuations.",https://www.morningstar.com/personal-finance/ankur-crawford-when-software-begins-write-software-innovation-is-exponential,1727136000
V,Justice Department Sues Visa for Monopolizing Debit Markets,"The U.S. Department of Justice has filed an antitrust lawsuit against Visa, accusing the card network of monopolizing debit markets and stifling competition. The complaint alleges that Visa uses exclusionary agreements and incentives to maintain its dominance and extract excessive fees, which are ultimately passed on to consumers and businesses. Visa denies the allegations, stating that the market is competitive and that its services provide value to users.",https://cspdailynews.com/technologyservices/justice-department-sues-visa-monopolizing-debit-markets,1727174392
V,Visa Adds $1.5 Billion to Litigation Escrow Account,"Visa has authorized a $1.5 billion deposit into its litigation escrow account, established under its U.S. retrospective responsibility plan. This action follows an antitrust lawsuit filed by the U.S. Department of Justice, accusing Visa of stifling competition in the debit card market. Visa's General Counsel Julie Rottenberg called the lawsuit ""meritless"" and the company plans to vigorously defend itself.",https://www.pymnts.com/visa/2024/visa-adds-1-5-billion-to-litigation-escrow-account/,1727433591
V,Visa boosts litigation funding ahead of US antitrust fight,"Visa has allocated an additional $1.5 billion to its litigation escrow account as it prepares to defend against an antitrust lawsuit from the Justice Department concerning its dominance in the debit card market. The company plans to ""vigorously"" contest the lawsuit, likely relying on a prior Supreme Court decision in Ohio v. American Express. This funding move primarily impacts Visa's Class B shareholders, which include major financial institutions.",https://www.legaldive.com/news/visa-boosts-litigation-funding-ahead-us-antitrust-fight/728570/,1727775612
V,Visa hit with merchant class action after US Justice Dept antitrust lawsuit,"Visa is facing a new class action lawsuit from U.S. merchants, specifically All Wrapped Up Signs and Graphix, following a major antitrust lawsuit filed by the U.S. Justice Department. The merchants accuse Visa (V.N) of anticompetitive practices, including paying rivals not to develop competing networks and threatening merchants with higher fees for using other transaction processing platforms. The lawsuit alleges Visa unfairly dominates the debit card market and seeks to represent potentially hundreds of thousands of businesses harmed by these practices.",https://www.reuters.com/legal/litigation/visa-hit-with-merchant-class-action-after-us-justice-dept-antitrust-lawsuit-2024-10-02/,1727884080
V,"Visa monopolizes debit card networks, DOJ lawsuit claims","The U.S. Department of Justice (DOJ) has filed an antitrust lawsuit against Visa Inc., alleging the company maintains an unlawful monopoly on debit card networks. The lawsuit claims Visa engages in anticompetitive practices, such as penalizing banks and merchants using alternative payment systems and making agreements with technology companies like Apple, PayPal, and Square to prevent them from becoming competitors. These actions have allowed Visa to control over 60% of debit card transactions and charge more than $7 billion in processing fees, which the DOJ argues are passed on to consumers.",https://topclassactions.com/lawsuit-settlements/money/visa-monopolizes-debit-card-networks-doj-lawsuit-claims/,1727913600
V,"Why this money manager is buying American Express and Aon, and selling Comfort Systems","Effie Wolle, president and CIO at GFI Investment Counsel, discusses his long-term investment strategy focusing on companies with growth potential and low obsolescence risk. He highlights recent buys, American Express and Aon, and a recent sale of Comfort Systems USA, explaining the rationale behind each decision based on business models, valuation, and growth prospects.",https://www.theglobeandmail.com/investing/globe-advisor/advisor-funds/article-why-this-money-manager-is-buying-american-express-and-aon-and-selling/,1728032670
V,Visa and Mastercard: Top Payment Stocks to Watch After Rate Cuts,"This article discusses the investment prospects of Visa (NYSE: V) and Mastercard (NYSE: MA) after the Federal Reserve's recent rate cut. While the rate cut's impact on variable-rate credit cards may be minimal, the consistently high APR margins are beneficial for payment processing companies. The article examines each company's growth potential, noting Visa's strong earnings outlook despite recent antitrust lawsuits, and Mastercard's strategic acquisition of Recorded Future for enhanced cybersecurity and value-added services.",https://www.theglobeandmail.com/investing/markets/stocks/V/pressreleases/28895894/visa-and-mastercard-top-payment-stocks-to-watch-after-rate-cuts/,1728033483
V,VanEck establishes $30 million venture fund to support crypto and AI startups,"VanEck has launched a new $30 million venture fund, VanEck Ventures, to invest in early-stage companies in fintech, digital assets, and AI sectors. Led by Wyatt Lonergan and Juan Lopez, the fund targets investments between $500,000 and $1 million for 25-30 projects, with a focus on tokenization, internet-native financial marketplaces, and next-generation payment systems, particularly stablecoin innovations. This initiative aligns with VanEck's strategy to expand its involvement in the digital asset space beyond its existing ETF offerings.",https://cryptobriefing.com/vaneck-crypto-fund-venture/,1728466895
V,Argentina to make available additional spectrum for 5G services,"The Argentine government announced it will release additional spectrum for 5G services, totaling 150 megahertz, previously held by state company Arsat and regulator Enacom. This move aims to stimulate investment and improve telecommunications in the country. This follows a 2023 tender where Claro, Movistar, and Personal acquired spectrum, with 5G penetration expected to reach 48% by 2030 in Argentina.",https://www.rcrwireless.com/20241023/featured/argentina-make-available-additional-spectrum-5g-services,1729641600
V,CLO ETFs: Resilient in the Face of Lower Rates?,"This article discusses the resiliency of CLO ETFs amid a changing economic climate characterized by lower interest rates. Despite anticipated rate cuts, CLO ETFs continue to offer compelling yields and risk-adjusted returns, appealing to both institutional and retail investors seeking floating-rate assets and diversification. The market for CLO ETFs is rapidly expanding, with new products and increased assets under management highlighting their growing appeal.",https://www.etftrends.com/tactical-allocation-channel/clo-etfs-resilient-face-lower-rates/,1729641600
V,NY Attorney General launches probe into Capital One’s $35.3bn deal with Discover Financial,"New York Attorney General Letitia James has launched an antitrust investigation into Capital One Financial's proposed $35.3bn acquisition of Discover Financial Services. The probe aims to determine if the merger violates state antitrust laws, given the significant credit card loan portfolios of both companies within New York and potential impacts on vulnerable consumers. Capital One has affirmed its pro-competitive stance and confidence in regulatory approval despite the investigation and customer lawsuits.",https://www.banking-gateway.com/news/ny-attorney-general-launches-probe-into-capital-ones-35-3bn-deal-with-discover-financial/,1729728000
V,State of consumer digital payments in 2024,"Digital payment adoption continues to rise in the US and Europe, with a notable shift toward consumers initiating their shopping journeys with digital payments, not just using them at checkout. The article highlights the growth of in-app and in-store digital payments, the divergence of digital wallet preferences across regions and channels, and opportunities for ecosystem players to engage consumers earlier and innovate with rewards and account-to-account payments.",https://www.mckinsey.com/industries/financial-services/our-insights/banking-matters/state-of-consumer-digital-payments-in-2024,1729814400
V,Rosen Law Firm Encourages Visa Inc. Investors to Inquire About Securities Class Action Investigation - V,"The Rosen Law Firm is investigating potential securities claims on behalf of Visa Inc. investors following allegations that Visa issued materially misleading business information. This investigation comes after the U.S. Department of Justice filed a civil antitrust lawsuit against Visa for monopolizing debit markets, causing Visa's stock to fall 5.4% on September 24, 2024. Investors who purchased Visa securities may be entitled to compensation through a class action lawsuit.",https://www.lelezard.com/en/news-21579260.html,1730027400
V,Insight Partners has paid out nearly $8 billion this year—but returns for its giant 2021 fund have mostly come up dry,"Insight Partners has returned nearly $8 billion to investors this year, a record high for the firm. However, most of these returns have not come from its $20 billion Fund XII, launched in 2021, which currently shows a negative net IRR. The fund's underperformance is attributed to the high valuations paid for companies during the 2021 tech bubble and the subsequent market ""reset"" in 2022, though experts suggest it is still too early to definitively judge the fund's long-term success.",https://fortune.com/2024/10/28/insight-partners-twitter-alibaba-ftx-mergers-cyber-software-thoma-bravo-mastercard-visa/,1730102400
V,Milei’s revamp offers CEOs a glimmer of optimism about Argentina,"Javier Milei's presidency in Argentina, marked by peso devaluation and aggressive austerity, is starting to bring a sense of optimism among business leaders. Despite the economy being in recession, executives are encouraged by his moves to eliminate protectionist measures and red tape, seeing a clearer path to profitability. While new investments have been slow, a growing sentiment suggests this time might be different for Argentina's long-struggling economy.",https://www.batimes.com.ar/news/economy/mileis-revamp-offers-ceos-a-glimmer-of-optimism-about-argentina.phtml,1730200620
V,Visa announces Q4 and full-year fiscal 2024 results,"Visa Inc. (NYSE: V) reported its financial results for Q4 and the full fiscal year ending September 30, 2024, highlighting robust earnings and announcing a quarterly cash dividend of $0.59 per share. The company also announced strategic initiatives like the Visa Tokenized Asset Platform and the Visa Commercial Solutions Hub, alongside recent workforce reductions and varying analyst ratings. InvestingPro insights underscore Visa's strong market capitalization, consistent dividend increases, and high profitability margins.",https://www.investing.com/news/company-news/visa-announces-q4-and-fullyear-fiscal-2024-results-93CH-3689471,1730221020
V,Visa Earnings: A Stable Fiscal Year Finishes on a Good Note,"Visa concluded its fiscal year with a stable fourth quarter, reinforcing its position in a comfortable groove as pandemic, political, and macro effects have dissipated. The company showed consistent growth and strong profitability, evidenced by a 12% year-over-year increase in constant currency net revenue and an 8% rise in payment volume. Cross-border volume normalization and muted client incentive growth further contribute to the positive outlook, with Morningstar maintaining its $272 fair value estimate.",https://www.morningstar.com/stocks/visa-earnings-stable-fiscal-year-finishes-good-note,1730246400
V,Palmetto Grain Brokerage - Previous Tech Stock Strength Lifts the Broader Market,"The S&P 500 and Dow Jones Industrials saw gains, primarily driven by strong tech stock performance and better-than-expected US economic data, including Q3 personal consumption and ADP employment figures. However, the Nasdaq 100 experienced pressure from negative corporate news concerning Super Micro Computer and Advanced Micro Devices. The article also touches on fluctuating interest rates, key upcoming economic reports, and earnings season updates.",https://www.palmettograin.com/news/story/29301842/tech-stock-strength-lifts-the-broader-market,1730277983
V,Visa CEO stands fast against DOJ,"Visa CEO Ryan McInerney has strongly denounced the Justice Department's antitrust lawsuit against the company, calling it ""meritless"" and based on a misunderstanding of the debit card ecosystem. McInerney stated that Visa will vigorously defend itself, asserting that it operates in a competitive debit space. He also addressed the broader regulatory landscape and new payment methods, affirming Visa's commitment to innovation and growth despite legal challenges.",https://www.paymentsdive.com/news/visa-ceo-justice-department-antitrust-litigation-earnings/731433/,1730281212
V,"Institutional investors in Alerus Financial Corporation (NASDAQ:ALRS) see US$64m decrease in market cap last week, although long-term gains have benefitted them.","Institutional investors in Alerus Financial Corporation (ALRS) experienced a US$64m decrease in market cap last week, despite benefiting from 22% one-year returns. Institutions hold 49% ownership, making their trading decisions influential on the stock price. The top 20 shareholders collectively own 50% of the company, with Alerus Financial Corp., Asset Management Arm as the largest individual shareholder.",https://simplywall.st/stocks/us/diversified-financials/nasdaq-alrs/alerus-financial/news/institutional-investors-in-alerus-financial-corporation-nasd,1730332800
V,Visa class action alleges company monopolizes debit card networks,"A new class action lawsuit has been filed against Visa Inc., alleging the company monopolizes debit card networks and charges artificially inflated prices for its debit products. The plaintiff, Yabla Inc., claims Visa engages in exclusionary conduct to stifle competition and protect its highly profitable debit business. The lawsuit seeks to represent merchants in the U.S. who have accepted Visa-branded debit cards since October 22, 2020, and alleges Sherman Act violations.",https://topclassactions.com/lawsuit-settlements/money/credit-cards/visa-class-action-alleges-company-monopolizes-debit-card-networks/,1730332800
V,Mastercard Earnings: Settling Into a Groove,"Mastercard's third-quarter earnings show increasing stability, mirroring Visa's performance but with slightly better margins. The company's long-term growth prospects and strong profitability are becoming clearer, with net revenue up 14% year over year and payment volume increasing by 10%. Morningstar maintains its fair value estimate of $465 per share, considering the stock to be fairly valued.",https://www.morningstar.com/stocks/mastercard-earnings-settling-into-groove,1730407206
V,"Franco Colapinto, divino tesoro: qué empresas lo ignoraron y ahora corren a esponsorearlo","The article discusses how Argentine companies initially ignored Franco Colapinto's career in F2 but are now eager to sponsor him following his move to F1. It highlights that out of 100 companies contacted for F2 sponsorship, 85 declined, while now there's significant marketing interest. Key figures like Marcos Galperin (Mercado Libre) and Globant, prompted by Bizarrap, have joined as sponsors, showcasing Colapinto's growing global appeal likened to Lionel Messi.",https://www.letrap.com.ar/economia/franco-colapinto-divino-tesoro-que-empresas-lo-ignoraron-y-ahora-corren-esponsorearlo-n5412200,1730448434
V,Is Visa a Debit Monopolist?,"The U.S. Justice Department has filed a lawsuit against Visa, alleging anti-competitive practices in the debit market. The DoJ claims Visa maintains dominance through exclusive contracts with card issuers that include incentives and punitive fees, thereby stifling competition and preventing rivals from gaining necessary scale. Visa, however, refutes these claims, stating that the debit market is dynamic and competitive, asserting it will vigorously defend itself against the ""meritless"" lawsuit.",https://www.digitaltransactions.net/magazine_articles/is-visa-a-debit-monopolist/,1730449704
V,"Fiserv, Capital One, others invest $150M in Melio","Melio, an accounts payable and receivable company for SMBs, has raised $150 million in new strategic funding from investors including Fiserv and Capital One's venture arm. The company, valued at $2 billion, plans to use the capital to expand through B2B partnerships, strengthening existing ties with investors like Fiserv and Shopify. This investment follows previous collaborations between Melio and Fiserv, and Melio and Shopify, integrating payment tools and bill pay services into their respective networks.",https://www.paymentsdive.com/news/fiserv-capital-one-investment-melio-b2b-bessemer-shopify-accel/731885/,1730678400
V,Blackhawk Network Launches Digital Cards With Its Visa And Mastercard Branded e-Gift Products,"Blackhawk Network has launched new Visa and Mastercard branded e-gift cards that operate as digital-only products, leveraging QR code and tap-to-pay technology. These cards are designed to enhance security by encrypting card numbers and minimize fraud risk, building on consumer preference for digital payment methods. Consumers can scan a QR code at purchase to load funds directly to their mobile wallets for immediate online or in-store use.",https://www.digitaltransactions.net/blackhawk-network-launches-digital-cards-with-its-visa-and-mastercard-branded-e-gift-products/,1730882589
V,"ANTITRUST NEWS: Class action alleging VISA debit card monopoly filed in New York (Nov 8, 2024)","A class action lawsuit has been filed in New York, accusing VISA of operating a debit card monopoly. This legal action targets alleged anti-competitive practices by VISA in the debit card market.",https://www.vitallaw.com/news/antitrust-news-class-action-alleging-visa-debit-card-monopoly-filed-in-new-york/ald01c9bebc5245b64216b87119f1e3113f7c,1731055256
V,Layoffs: Booking.Com Considering Job Cuts As Part Of Reorganisation,"Booking.com is planning job cuts as part of a review of its organizational structure. The restructuring is specific to Booking.com and will not affect other Booking Holdings brands. The company aims to improve operating expense efficiency and organizational agility, following a 13.6 percent increase in operating expenses for the third quarter.",https://news.abplive.com/business/layoffs-booking-com-s-parent-company-announces-job-cuts-as-part-of-reorganisation-1730154,1731162660
V,Booking Holdings Announces Job Cuts Amid Restructuring,"Booking Holdings is implementing job cuts as part of a restructuring effort to enhance operational efficiency and reduce costs, following a 13.6% rise in operating expenses in Q3 2024. This move aligns with a broader industry trend of major companies streamlining operations in response to rising costs, contributing to increased uncertainty in the job market. The company plans to modernize processes and optimize procurement, though specific details on job cuts are yet to be released.",https://mexicobusiness.news/talent/news/booking-holdings-announces-job-cuts-amid-restructuring,1731413520
V,Paying Attention to Investment Factors? You Should Be,"This article explores the concept of factor investing, noting that market leadership among factors like value, quality, and momentum is constantly changing. It details various investment factors, their historical performance, and why they might or might not continue to be successful, urging investors to consider them when building portfolios. The author questions whether quality and momentum, despite their recent strong performance, will continue to lead, and discusses the rationale behind sticking with underperforming factors like low volatility and size.",https://www.morningstar.com/personal-finance/paying-attention-investment-factors-you-should-be,1731575282
V,Ryvyl Inc (RVYL) Q3 2024 Earnings Call Highlights: Global Expansion and Revenue Challenges,"Ryvyl Inc (RVYL) reported significant international revenue growth in Q3 2024, driven by global expansion and strategic partnerships, despite a decrease in total revenue and negative adjusted EBITDA. The company also faced delays in European software integrations, impacting financial performance, and adjusted its 2024 revenue guidance downward. Ryvyl anticipates substantial growth in 2025, particularly in cryptocurrency and demand for conversion services in Latin America.",https://finance.yahoo.com/news/ryvyl-inc-rvyl-q3-2024-071524004.html,1731654924
V,Logitech International S.A. (VTX:LOGN) is largely controlled by institutional shareholders who own 67% of the company,"Logitech International S.A. (VTX:LOGN) is primarily controlled by institutional shareholders, who collectively own 67% of the company, indicating the stock price is sensitive to their trading actions. BlackRock, Inc., Acadian Asset Management LLC, and The Vanguard Group, Inc. are among the largest institutional holders. Insiders own less than 1% but have been observed buying shares recently, while the general public holds a 33% stake.",https://finance.yahoo.com/news/logitech-international-vtx-logn-largely-052604876.html,1731993964
V,"Brown Advisory Flexible Equity ETF ETF Price, Holdings, & News (NASDAQ:BAFE)","This article provides detailed information about the Brown Advisory Flexible Equity ETF (BAFE), including its current price, key statistics, holdings, and recent news. BAFE is an actively managed ETF that invests in a concentrated portfolio of US mid- and large-cap equity securities. The fund's top holdings include major tech and financial companies like Taiwan Semiconductor Manufacturing, Microsoft, and Meta Platforms.",https://www.marketbeat.com/stocks/NASDAQ/BAFE/,1732024351
V,WestBridge Capital Offloads 2% Stake In Freshworks,"WestBridge Capital Management sold 2.75 Lakh shares, representing 2% of its stake, in Nasdaq-listed SaaS company Freshworks during the quarter ended September 2024. This transaction reduced WestBridge Capital's holding to just over 4%, valued at approximately $221 million. The news comes as Freshworks narrowed its consolidated net loss by 3.5% in Q3 2024, despite recently announcing layoffs and a $400 million stock buyback program.",https://inc42.com/buzz/westbridge-capital-offloads-2-of-its-stake-in-freshworks/,1732233600
V,Democrats bash CapOne-Discover merger proposal,"A group of Democratic lawmakers, including Sen. Elizabeth Warren and Rep. Alexandria Ocasio-Cortez, is urging federal regulators to closely scrutinize Capital One's proposed $35-billion acquisition of Discover Financial Services. They cite Capital One's history of regulatory infractions, including broken promises on community investment and penalties for consumer product abuses and anti-money laundering failures, as reasons for concern. Despite the opposition, financial services experts suggest the merger is likely to be approved due to potential benefits in credit card network competition.",https://www.paymentsdive.com/news/democrats-capital-one-bank-acquisition-discover-regulatory-approval/734012/,1732579200
V,"ROSEN, THE FIRST FILING FIRM, Encourages Visa Inc.","The Rosen Law Firm is encouraging investors who purchased Visa Inc. securities between November 16, 2023, and September 23, 2024, to secure legal counsel before the January 21, 2025, lead plaintiff deadline for a securities class action lawsuit. The lawsuit alleges that Visa made materially false or misleading statements by failing to disclose non-compliance with federal antitrust laws and inadequate internal compliance programs. Investors who suffered damages can join the class action to seek compensation.",https://www.globenewswire.com/news-release/2024/11/26/2987734/673/en/ROSEN-THE-FIRST-FILING-FIRM-Encourages-Visa-Inc-Investors-to-Secure-Counsel-Before-Important-Deadline-in-Securities-Class-Action-First-Filed-by-the-Firm-V.html,1732625580
V,Small Deposits: NJ bank scoops up lenders from failed Republic First Bank,"Provident Bank has significantly expanded its local lending team by hiring lenders from the recently failed Republic First Bank. In related financial news, TD Bank Group announced a new chief auditor and Vanguard has added actively managed ETFs to its offerings. This move by Provident Bank will double its local lending capabilities.",https://www.bizjournals.com/philadelphia/news/2024/11/29/provident-bank-doubles-local-lending-team.html,1732838400
V,"ROSEN, THE FIRST FILING FIRM, Encourages Visa Inc.","The Rosen Law Firm is reminding Visa Inc. investors who purchased securities between November 16, 2023, and September 23, 2024, of an important January 21, 2025 lead plaintiff deadline for a securities class action. The lawsuit alleges that Visa made false or misleading statements and failed to disclose non-compliance with federal antitrust laws during the Class Period. Investors may be entitled to compensation and are encouraged to contact the firm for more information.",https://www.globenewswire.com/news-release/2024/12/03/2991128/0/en/ROSEN-THE-FIRST-FILING-FIRM-Encourages-Visa-Inc-Investors-to-Secure-Counsel-Before-Important-Deadline-in-Securities-Class-Action-First-Filed-by-the-Firm-V.html,1733249580
V,Global Payments spots 6 trends for next year,"Global Payments predicts six key trends for 2025, including enhanced fraud-fighting tools, embedded payments, and comprehensive point-of-sale systems. Their report, based on a survey of 600 companies, highlights increased investment in embedded payments and digital wallets by small and mid-sized businesses, along with the growing use of AI in biometrics and tap-to-pay transactions. The article also discusses the adoption of unified commerce platforms and payment orchestration across various sectors.",https://www.paymentsdive.com/news/global-payments-spots-6-trends-for-next-year/734552/,1733270400
V,OwlTing Partners With MoneyGram; Nuvei Enables Blockchain Payment in Latin America; Nacha’s Crypto Report,"OwlTing Group is partnering with MoneyGram to integrate its OwlPay Wallet Pro service with MoneyGram Access, allowing cash-in and cash-out transactions for USD Coin across 30 countries and aiding financial inclusion in underbanked regions. Separately, Nuvei Corp. launched a blockchain-based payment solution for Latin American merchants using stablecoins via Visa-branded cards, and Nacha published a report on cryptocurrency to help financial institutions understand digital payments.",https://www.digitaltransactions.net/owlting-partners-with-moneygram-nuvei-enables-blockchain-payment-in-latin-america-nachas-cyrpto-report/,1733296731
V,"Citi, JP Morgan, others complete tokenization settlement trials","Ten institutions, including Citi and J.P. Morgan, have completed simulated trials of the Regulated Settlement Network (RSN). These trials explored the use of a shared DLT network for settling tokenized transactions, building on previous Regulated Liability Network trials. The latest tests included tokenized Treasuries and investment-grade bonds, enabling delivery versus payment for wholesale transactions and exploring interoperability with external DLT networks.",https://www.ledgerinsights.com/citi-wells-fargo-others-complete-tokenization-settlement-trials/,1733384687
V,"FDL: Makes Building A Dividend Portfolio Easy, But Has Weaknesses","The First Trust Morningstar Dividend Leaders Index Fund (FDL) offers an accessible way to invest in dividend-paying companies with a 4% yield and 0.45% expense ratio, providing diversification and stability. While it simplifies portfolio building and eliminates single stock risk with an 8.2% dividend CAGR over a decade, its lack of tech exposure and superior dividend growth makes it better suited as an ancillary part of a dividend portfolio. The ETF's diverse holdings, including Chevron, Verizon, and AbbVie, offer balanced dividend growth but may have lower starting yields compared to individual stocks.",https://seekingalpha.com/article/4742228-fdl-makes-building-a-dividend-portfolio-easy-but-has-weaknesses,1733400480
V,Visa and Mastercard customers can get cash from $197.5m surcharge settlement - qualifying depends on your ATM use,"Visa and Mastercard have agreed to a $197.5 million settlement for allegedly imposing unlawful ATM surcharges and excessive interchange swipe fees. Customers who paid ATM surcharges between October 1, 2007, and July 26, 2024, through member banks like JPMorgan Chase, Wells Fargo, and Bank of America, are eligible to file a claim. The deadline to submit a claim is January 22, 2025, and payments will vary based on the number of valid claims received.",https://www.the-sun.com/money/13042477/visa-mastercard-cash-payment-surcharge-settlement-atm/,1733499120
V,Investing in Cybersecurity: PANW vs CRWD vs FTNT for NASDAQ:PANW by NaranjCapital,"This article provides a comparative analysis of three leading cybersecurity stocks: Palo Alto Networks (PANW), CrowdStrike (CRWD), and Fortinet (FTNT), examining their strengths, weaknesses, and growth strategies within a rapidly expanding cybersecurity market. It reviews global market trends, company overviews, strategic initiatives, financial performance including revenue, profit, valuation ratios, cash flow, and debt analysis, and major shareholders. The conclusion identifies Fortinet as the leading candidate despite debt concerns due to strong financials, while noting Palo Alto Networks' appealing valuation and CrowdStrike's recent setbacks.",https://www.tradingview.com/chart/PANW/d1wzVNFy-Investing-in-Cybersecurity-PANW-vs-CRWD-vs-FTNT/,1733616000
V,"CLO ETFs Among Top Opportunities for 2025, Advisors Say","A recent poll revealed that many advisors consider CLO ETFs to be a compelling investment opportunity for 2025, trailing only investment grade debt in attractiveness. CLO ETFs, which grant access to diverse pools of senior secured loans, have grown significantly to $16 billion in market size and can enhance risk-adjusted returns due to their higher yield and lack of duration risk compared to corporate bonds.",https://www.etftrends.com/clo-etfs-among-top-opportunities-2025-advisors-say/,1733788800
V,"How stablecoins will eat payments, and what happens next","Stablecoins are poised to disrupt the global payments industry by offering significantly lower fees, increased competition among payment providers, and wider accessibility compared to traditional systems. This shift will initially benefit businesses most burdened by current payment options, such as those with low margins or high transaction costs. As adoption grows, driven by the potential for increased profitability and improved features like instant finality and programmability, stablecoins will transition from niche solutions to mainstream payment platforms.",https://a16zcrypto.com/posts/article/how-stablecoins-will-eat-payments/,1733987232
V,"V Announcement: Contact Kessler Topaz Meltzer & Check, LLP About the Securities Fraud Class Action Lawsuit Filed Against Visa Inc.","Kessler Topaz Meltzer & Check, LLP announced a securities class action lawsuit against Visa Inc. (NYSE: V) for investors who purchased securities between November 16, 2023, and September 23, 2024. The lawsuit alleges that Visa made materially false or misleading statements regarding its compliance with federal antitrust laws and its internal control programs. Investors who suffered losses are encouraged to contact the law firm by January 21, 2025, to seek appointment as a lead plaintiff.",https://www.kron4.com/business/press-releases/cision/20241217DC77759/v-announcement-contact-kessler-topaz-meltzer-check-llp-about-the-securities-fraud-class-action-lawsuit-filed-against-visa-inc/,1734429600
V,"Shareholders Should Be Pleased With PayPal Holdings, Inc.'s (NASDAQ:PYPL) Price","PayPal Holdings, Inc. (NASDAQ:PYPL) has a P/E ratio of 19.7x, which is close to the US market median of 18x. The company has shown strong earnings growth, with a 25% gain in the last year and EPS up 5.0% over three years. Analysts forecast an annual EPS climb of 12% for the next three years, matching the broader market's predicted growth, suggesting shareholders are content with the current share price due to a lack of surprising events.",https://simplywall.st/stocks/us/diversified-financials/nasdaq-pypl/paypal-holdings/news/shareholders-should-be-pleased-with-paypal-holdings-incs-nas,1734825600
V,Visa INC Stock Opportunity: Investing for the Future,"This article explores the investment opportunity in Visa Inc. stock, highlighting its role as a global digital payments leader and its strong business model driven by transaction volumes. It details Visa's history, financial performance in 2022, key factors influencing its stock price, and profiles its largest individual and institutional shareholders. The piece concludes by outlining how to invest in Visa stock and provides tips for new investors.",https://indodax.com/academy/en/visa-inc-stock-opportunity-investing-for-the-future/,1734998400
V,Positive week for Seacoast Banking Corporation of Florida (NASDAQ:SBCF) institutional investors who lost 1.0% over the past year,"Institutional investors in Seacoast Banking Corporation of Florida (NASDAQ:SBCF) experienced a positive week with a 3.9% gain, following a 1.0% loss over the past year. Institutions hold an 85% ownership stake, indicating significant influence over the company's share price. BlackRock, Inc., The Vanguard Group, Inc., and State Street Global Advisors, Inc. are among the largest shareholders.",https://simplywall.st/stocks/us/banks/nasdaq-sbcf/seacoast-banking-corporation-of-florida/news/positive-week-for-seacoast-banking-corporation-of-florida-na,1735171200
V,Levi & Korsinsky Announces the Filing of a Securities Class Action on Behalf of Visa Inc.(V) Shareholders,"Levi & Korsinsky, LLP has announced the filing of a securities class action lawsuit against Visa Inc. on behalf of investors who suffered losses due to alleged securities fraud between November 16, 2023, and September 23, 2024. The lawsuit claims Visa made false statements and/or concealed that it was not in compliance with federal antitrust laws and lacked effective internal compliance programs. Investors have until January 21, 2025, to request to be appointed lead plaintiff in the case.",https://www.cbs17.com/business/press-releases/cision/20241227NY86289/levi-korsinsky-announces-the-filing-of-a-securities-class-action-on-behalf-of-visa-inc-v-shareholders/,1735278300
V,Explore the Valuation Gaps in the S&P 500,"This article discusses the potential for value strategies in the S&P 500 for 2025, highlighting the current valuation gaps. William Nygren of Harris | Oakmark suggests that despite mega-cap tech driving market highs, other industries offer unusual opportunities for diversified portfolios of low P/E stocks. The Oakmark U.S. Large Cap ETF (OAKM) is presented as an actively managed fund targeting these value opportunities with a long-term horizon.",https://www.etftrends.com/portfolio-construction-channel/explore-valuation-gaps-sp-500/,1735516800
V,"DEADLINE ALERT: Faruqi & Faruqi, LLP Encourages Investors of Visa to Contact Us to Have Their Losses Evaluated Today","Faruqi & Faruqi, LLP is encouraging investors of Visa (NYSE: V) who suffered losses exceeding $100,000 between November 16, 2023, and September 23, 2024, to contact them regarding a federal securities class action lawsuit. The lawsuit alleges that Visa made false or misleading statements regarding its compliance with federal antitrust laws, particularly concerning a Department of Justice lawsuit filed on September 24, 2024, for monopolizing debit markets. Investors have until January 21, 2025, to seek the role of lead plaintiff.",https://fox4kc.com/business/press-releases/globenewswire/9325138/deadline-alert-faruqi-faruqi-llp-encourages-investors-of-visa-to-contact-us-to-have-their-losses-evaluated-today/,1735632060
V,"Commerce Bancshares, Inc. Announces Visa Inc.’s Acceptance of Class B-1 Common Stock and Investment Securities Repositioning","Commerce Bancshares, Inc. announced that Visa Inc. accepted its tender of 823,447 shares of Visa Class B-1 common stock, resulting in a recorded gain of $175.5 million. The company also approved a plan to reposition approximately $1.0 billion of its available-for-sale debt securities, expecting to incur a loss of $165 million but increase net interest income and reduce interest rate risk by reinvesting into higher-yielding securities. These strategic moves aim to enhance the company's financial position and future profitability.",https://www.businesswire.com/news/home/20240508735736/en/Commerce-Bancshares-Inc.-Announces-Visa-Inc.s-Acceptance-of-Class-B-1-Common-Stock-and-Investment-Securities-Repositioning,1735689599
V,ServiceNow announces five-year strategic alliance with Visa to transform payment services,"ServiceNow announced a five-year strategic alliance with Visa to transform payment services, starting with the launch of ServiceNow Disputes Management, Built with Visa. This new solution aims to streamline the disputes resolution process for financial institutions by leveraging ServiceNow's AI-first platform and Financial Services Operations solution with Visa's technology. The collaboration focuses on boosting employee productivity, improving customer experiences, and driving business growth through advanced technologies like low-code development and generative AI.",https://www.businesswire.com/news/home/20240124348406/en/ServiceNow-announces-five-year-strategic-alliance-with-Visa-to-transform-payment-services,1735689599
V,DOJ's Visa antitrust lawsuit alleges debit card company monopoly,"The Justice Department has filed an antitrust lawsuit against Visa, accusing the company of running a debit card monopoly that imposed billions of dollars in additional fees on American consumers and businesses. The lawsuit claims Visa stifles competition and charges excessive fees by controlling over 60% of U.S. debit transactions. Visa denies the allegations, stating its network offers security and value.",https://www.usatoday.com/story/money/2024/09/24/visa-monopoly-doj-antitrust/75367978007/,1735689599
V,"Visa Inc. Investors: Please contact the Portnoy Law Firm to recover your losses. January 21, 2025 Deadline to file Lead Plaintiff Motion.","The Portnoy Law Firm is advising Visa Inc. (NYSE: V) investors of a class action lawsuit, with a deadline of January 21, 2025, to file a lead plaintiff motion. This action follows a U.S. Department of Justice antitrust lawsuit against Visa on September 24, 2024, alleging monopolistic practices in debit markets, which caused a 5.4% drop in Visa's stock. Investors who purchased Visa securities between November 16, 2023, and September 23, 2024, are encouraged to contact the firm for a complimentary case evaluation to recover losses.",https://www.wric.com/business/press-releases/globenewswire/9330272/visa-inc-investors-please-contact-the-portnoy-law-firm-to-recover-your-losses-january-21-2025-deadline-to-file-lead-plaintiff-motion/,1736533440
V,V Investors Have Opportunity to Lead Visa Inc. Securities Fraud Lawsuit with the Schall Law Firm,"The Schall Law Firm is reminding investors of a class action lawsuit against Visa Inc. for alleged securities fraud violations concerning false and misleading statements made between November 16, 2023, and September 23, 2024. Investors who experienced losses during this period are encouraged to contact the firm by January 21, 2025, to discuss their rights and potentially participate in the lawsuit. The complaint alleges that Visa failed to maintain compliance with federal antitrust laws and lacked appropriate internal control policies.",https://www.fourstateshomepage.com/business/press-releases/cision/20250113LA94468/v-investors-have-opportunity-to-lead-visa-inc-securities-fraud-lawsuit-with-the-schall-law-firm,1736763360
V,Visa & Mastercard gearing up to hand out cash from $197.5m ATM fee settlement,"Visa and Mastercard are preparing to distribute $197.5 million in one-time payments as part of a settlement for allegedly charging unlawful surcharges on ATM transactions. Individuals who paid unreimbursed ATM access fees directly to JP Morgan, Wells Fargo, or Bank of America between October 1, 2007, and July 26, 2024, may be eligible, and only a receipt is needed to claim. The deadline to file a claim is January 22, 2025, with the final approval hearing scheduled for January 23, 2025.",https://www.the-sun.com/money/13329854/visa-mastercard-one-time-payments-atm-settlement/,1737272340
V,"Live Music Market to Grow by USD 17.99 Billion (2025-2029), Driven by Rising Demand for Live Music Experiences, Report on AI's Role in Market Transformation - Technavio","The global live music market is projected to grow by USD 17.99 billion between 2025 and 2029, achieving an 11.2% CAGR, largely due to increasing demand for live music experiences and the adoption of virtual and hybrid formats. Technavio's report highlights the significant role of AI in market transformation, addressing challenges like privacy concerns in online ticketing while emphasizing opportunities in segmented revenue streams and diverse music genres. North America is expected to lead regional contributions, with key players including Live Nation Entertainment Inc. and Eventbrite Inc.",https://www.prnewswire.com/news-releases/live-music-market-to-grow-by-usd-17-99-billion-2025-2029-driven-by-rising-demand-for-live-music-experiences-report-on-ais-role-in-market-transformation---technavio-302355214.html,1737489600
V,Capital One's fourth-quarter profit jumps on interest income boost,"Capital One Financial reported a 60% increase in its fourth-quarter profit, driven by a higher net interest income. Strong consumer spending and falling interest rates contributed to the lender's increased earnings from credit card interest payments. Despite facing a lawsuit from the U.S. Consumer Financial Protection Bureau, the company saw steady growth in its domestic card business and a return to loan growth in auto.",https://www.reuters.com/business/finance/capital-ones-fourth-quarter-profit-jumps-interest-income-boost-2025-01-21/,1737495840
V,"With 63% ownership of the shares, Immersion Corporation (NASDAQ:IMMR) is heavily dominated by institutional owners","Immersion Corporation (NASDAQ:IMMR) is heavily dominated by institutional owners, holding 63% of the shares, which significantly influences the stock's performance. The article highlights that institutional decisions carry substantial weight due to their vast resources and liquidity. Insider ownership also plays a role, with individuals owning US$24m worth of stock, while the general public holds a 29% stake.",https://finance.yahoo.com/news/63-ownership-shares-immersion-corporation-163036200.html,1737649836
V,How Visa and other fintech stocks can get a boost from AI,"A Piper Sandler analyst suggests that financial-technology companies like Visa, Mastercard, Block, and PayPal are poised to benefit from artificial intelligence. Given their vast data resources and the critical need to combat fraud, AI can significantly improve their ability to respond to fraudulent transactions at scale. This could help mitigate the substantial financial losses these companies incur due to fraud.",https://www.marketwatch.com/story/how-visa-and-other-fintech-stocks-can-get-a-boost-from-ai-ab5ba56e?gaa_at=eafs&gaa_n=AWEtsqf4hHG9ghY5qXMK9NHVVtwYuG-pXLnYgFrYtI3X2xr9pGuDq6SepTJ6&gaa_ts=690748d8&gaa_sig=jejTfUxx3OnMkT9kLY1lOwkNdQ4r60MvYbxYj7RuCgvkg8G3EA5tUOqxjyzGG0EQ6mMjG3n3sjCIfjH0Khotzw%3D%3D,1737732840
V,"Institutions own 40% of Stem, Inc. (NYSE:STEM) shares but retail investors control 56% of the company","Retail investors hold the majority stake in Stem, Inc. (NYSE:STEM) with 56% of shares, indicating their significant influence on company decisions. Institutions own 40% of the company, with top holders like BlackRock, The Vanguard Group, and State Street Global Advisors collectively holding a substantial portion. Insiders also own a small but notable amount, suggesting some alignment with shareholder interests.",https://finance.yahoo.com/news/institutions-own-40-stem-inc-113136383.html,1737750726
V,24 Newly Overvalued Stocks,"Morningstar reports that 24 US-listed stocks have become newly overvalued, receiving a 2-star rating, while another 11 reached 1-star status for the week ended January 24, 2025. The article highlights major companies like Visa, Abbott, American Express, and Kinder Morgan among those now considered overvalued based on Morningstar's fair value estimates and stock performance. Overall, the US stock market is deemed significantly overvalued, trading at an 11% premium to its fair value.",https://www.morningstar.com/stocks/24-newly-overvalued-stocks,1737936000
V,Institutional owners may take dramatic actions as ConocoPhillips' (NYSE:COP) recent 3.8% drop adds to one-year losses,"Institutional investors hold a significant 75% stake in ConocoPhillips (NYSE:COP), making the stock price highly sensitive to their trading actions. The company's recent 3.8% drop, contributing to a 6.2% one-year loss for shareholders, might prompt institutional investors to sell, potentially impacting individual investors. While insiders own less than 1% of the large company, board members collectively hold $97 million in shares.",https://finance.yahoo.com/news/institutional-owners-may-dramatic-actions-110031078.html,1737956301
V,Trump in Schwab tie-up for $250m financial services offering,"Donald Trump's media venture, Truth Social, is expanding into financial services with Truth.Fi, a platform planning to invest up to $250 million in cryptocurrency and traditional assets. This initiative, supported by Charles Schwab for asset custody and advisory services, aims to back American economic growth and the ""Patriot Economy."" The announcement led to a 10% surge in TMTG's stock, aligning with Trump's ongoing advocacy for digital assets and following Elon Musk's similar financial services announcement for X.",https://www.investmentnews.com/ria-news/trump-in-schwab-tie-up-for-250m-financial-services-offering/259119,1738132526
V,ZK International to launch xSigma crypto wallet with Visa card,"ZK International's subsidiary, xSigma Corp., is launching the xSigma Wallet, a new cryptocurrency banking wallet supporting purchases with various payment methods and featuring an xSigma-branded Visa card for crypto-asset top-ups. This initiative addresses memecoin interest and aligns with the company's focus on DeFi, despite ZK International experiencing financial volatility and significant cash burn, as highlighted by InvestingPro. The parent company, specializing in steel pipe products, recently reported a 405% increase in gross profits and secured a $4.47 million contract.",https://www.investing.com/news/company-news/zk-international-to-launch-xsigma-crypto-wallet-with-visa-card-93CH-3842896,1738361354
V,Moov Lands Trump Media Processing Deal And Supports Jack Henry’s Visa Direct Push,"Payment processor Moov Financial Inc. has secured a deal to process payments for Trump Media and Technology Group Corp.'s Truth Social platform and Truth+ streaming service, encompassing credit, debit, and ACH acceptance. In related news, Moov is also collaborating with Jack Henry & Associates Inc. on its new Visa Direct service, which enables financial institutions to offer enhanced digital payment services to small and mid-sized businesses. This partnership aims to strengthen relationships with businesses by providing integrated digital payment and deposit solutions.",https://www.digitaltransactions.net/moov-lands-trump-media-processing-deal-and-supports-jack-henrys-visa-direct-push/,1738557520
V,Visa leans into A2A payments,"Visa is expanding its services to include account-to-account (A2A) payments, starting in the UK in early 2025 before a wider European rollout. This move allows Visa to grow beyond its traditional card-based transactions, offering ""pay-by-bank"" options, initially for bill-pay services. The strategy aims to capture new payment flows and leverage Visa's existing capabilities, while the company also reported a 5% increase in net income for its fiscal first quarter.",https://www.paymentsdive.com/news/visa-card-network-a2a-payments-earnings/739029/,1738559711
V,"Visa’s general counsel Julie Rottenberg sells $874,480 in stock","Visa’s general counsel, Julie Rottenberg, recently sold 2,572 shares of Visa Class A Common Stock for $874,480 through a pre-established trading plan. Concurrently, she exercised stock options to acquire an equal number of shares for $207,869, resulting in her holding 11,925 shares. The stock sale occurred while Visa's shares were trading near their 52-week high, and the company has a market capitalization of $674.5 billion.",https://za.investing.com/news/insider-trading-news/visas-general-counsel-julie-rottenberg-sells-874480-in-stock-93CH-3536663,1738732511
V,"Turning Point Brands, Inc.'s (NYSE:TPB) high institutional ownership speaks for itself as stock continues to impress, up 6.6% over last week","Turning Point Brands, Inc. (NYSE:TPB) is largely owned by institutional investors, holding 82% of the company, which indicates their significant influence on the stock price. The stock has seen a 6.6% increase over the last week and a 195% return over the past year. Top institutional shareholders include BlackRock, The Vanguard Group, and Morgan Stanley, with the top 14 shareholders collectively owning 50% of the company.",https://finance.yahoo.com/news/turning-point-brands-inc-nyse-101239245.html,1738905156
V,Charles Schwab Asset Management Increases Stake in Tesla in Q4,"Charles Schwab Asset Management increased its stake in Tesla during the fourth quarter of 2024, acquiring nearly 800,000 additional shares to hold over 17.32 million shares valued at almost $7 billion. This continued investment highlights institutional confidence in Tesla, despite a reported 23% drop in net income in 2024 and declining vehicle registrations in key markets like the U.S., Germany, France, the Netherlands, UK, and China. Tesla's shares have risen 92% over the last twelve months, trading at $360.50 at the time of writing.",https://eletric-vehicles.com/tesla/charles-schwab-asset-management-increases-stake-in-tesla-in-q4/,1739163990
V,PayPal Stock Price Forecast - PYPL Shares Poised for Major Comeback as $20B Buyback Drive Value,"PayPal Holdings Inc. (NASDAQ:PYPL) is trading at $63.04, significantly below its 2021 highs, but analysts predict a major comeback driven by strong Q3 2025 results, a new dividend policy, and a $20 billion share buyback program. The company delivered solid financial performance with $8.42 billion in revenue and $1.97 billion in operating cash flow, along with a strategic pivot towards AI-driven commerce through a partnership with OpenAI. Despite competitive pressures, PayPal's valuation gap, robust capital return program, and focus on profitability make it a compelling value opportunity with a target range of $90-$100 in the next 12 months.",https://www.tradingnews.com/news/paypal-stock-price-forecast-pypal-shares-poised-for-major-comeback,1739380891
V,MUFG buy-in deal jacks up Gcash valuation to $5B,"MUFG Bank Ltd. has completed the acquisition of an 8-percent stake in Ayala-led Mynt, the operator of GCash, boosting its valuation to $5 billion. This transaction follows an initial announcement last August, with the Japanese bank injecting $393 million into the e-wallet brand. Ayala Group’s AC Ventures Holdings Inc. also increased its ownership in GCash by acquiring an additional 8 percent interest for P22.9 billion, bringing its stake to 13 percent.",https://business.inquirer.net/506448/mufg-buy-in-deal-jacks-up-gcash-valuation-to-5b,1739508458
V,Trio of firms hope to make paying for an EV charge simpler,"EFTCorp, Rubicon, Visa, and Verifone have introduced a new open-loop payment system for electric vehicle charging, aiming to simplify the process for EV owners. This solution allows users to pay with a credit card directly at charging stations, eliminating the need for third-party payment accounts. The initiative is expected to increase the accessibility of EV charging and promote greater adoption of electric vehicles in South Africa, with potential for scaling to other regions and services.",https://htxt.co.za/2025/02/trio-of-firms-hopes-to-make-paying-for-an-ev-charge-simpler/,1739855126
V,Payments players mull new approaches to fraud,"Companies in the payments industry, including Google, Nacha, Early Warning Services, and Truist, are actively seeking new strategies to combat push-payment fraud, which cost the Americas $102.6 billion in 2023. These organizations are advocating for increased data sharing, greater involvement from law enforcement, and improved digital identity tracking to better protect consumers and corporate customers from sophisticated scam operations. The challenge lies in balancing fraud prevention with maintaining frictionless payment experiences and managing the vast scale of transactions under constant attack from criminal groups.",https://www.paymentsdive.com/news/scam-payments-fraud-google-nacha-truist-zelle-new-approaches/740196/,1739855499
V,What drove this Vanguard fund to just top the U.S.’s oldest and largest ETF by $1.5 billion,"The Vanguard S&P 500 ETF (VOO) has surpassed the SPDR S&P 500 ETF Trust (SPY) in assets under management, becoming the world's largest exchange-traded fund. VOO now holds almost $632 billion, about $1.5 billion more than SPY, which was previously the oldest and largest U.S. ETF. This shift is attributed to VOO's lower cost in tracking the S&P 500 index.",https://www.marketwatch.com/story/what-drove-this-vanguard-fund-to-just-top-the-u-s-s-oldest-and-largest-etf-by-1-5-billion-c4430ae3?gaa_at=eafs&gaa_n=AWEtsqeC91z50FlZEMb8R0g7eohKy7sia-YheRx41vha8cXzv-1RuQ_qYaIf&gaa_ts=6999418b&gaa_sig=LKCF3GLE_pMT4AFbNbyRp2ExcgLrsMttye-jcrL7F9cVrE5vQ3X1L-X-WguJHm8cH9yQNWU1_7P6NvlqCdCjFw%3D%3D,1739898600
V,How Capital One and Discover Forged US$33.5bn Merger,"Capital One and Discover Financial Services shareholders have approved a US$33.5 billion merger, aiming to create a payments and banking powerhouse to challenge Visa and Mastercard. The acquisition leverages Discover's payment network and Capital One's technology prowess, but faces regulatory hurdles and antitrust concerns despite shareholder support. The combined entity would control over US$630 billion in assets and aims for a finalization in early 2025.",https://fintechmagazine.com/articles/how-capital-one-and-discover-forged-us-33-5bn-merger,1740009600
V,Worried about U.S. stocks? You can diversify in a market loaded with potential,"An investment strategy that has worked for years might eventually make up a large portion of a portfolio, increasing overall risk. The S&P 500 has performed well but has also become concentrated in a small number of stocks. To diversify and mitigate this risk, Shuntaro Takeuchi of Matthews Asia recommends U.S. investors consider adding exposure to the Japanese market.",https://www.marketwatch.com/story/worried-about-u-s-stocks-you-can-diversify-in-a-market-loaded-with-potential-eaeefdf7?gaa_at=eafs&gaa_n=AWEtsqcECILd3XoOPdgUDDdC50C4L4_ntCba6DXdijeuGkl_0TpTeh1Dha62&gaa_ts=69073967&gaa_sig=NzctzkkziNwZ5bVCoLrRdjtKfYsv9QTKFnTIYo9q3VTeMp74Shy50aOnLkhuT6fMe8MmxswZNeXpFDufPPERDg%3D%3D,1740048000
V,Institutions own 43% of Invesco Mortgage Capital Inc. (NYSE:IVR) shares but individual investors control 57% of the company,"Individual investors hold a significant majority of 57% in Invesco Mortgage Capital Inc. (NYSE:IVR), while institutions own 43% of the company's shares. This distribution suggests that individual investors have substantial influence over management decisions. BlackRock, Inc. is the largest institutional shareholder with 9.2% of shares outstanding.",https://finance.yahoo.com/news/institutions-own-43-invesco-mortgage-110555397.html,1740049555
V,Managing Cash With Money Market Funds vs. ETFs,"This article examines the growing trend of money market ETFs as an alternative to traditional money market mutual funds for cash management. It highlights key differences, including tradability, floating NAVs, and accessibility, while noting their similar regulatory frameworks and investment goals. The piece also discusses the impact of interest rates and market uncertainty on the appeal of these cash management tools.",https://www.etftrends.com/managing-cash-money-market-funds-etfs/,1740096000
V,Ally Financial: Planned Credit Card Business Sale Shows Renewed Focus On Core Business,"Ally Financial is selling its credit card business to concentrate on its core operations, primarily car loans, in an effort to recover from past difficulties. This sale is expected to be income-neutral while increasing tangible book value by $1 per share. With a low price/book ratio and a Forward P/E of 10.46, the company shows potential value, especially with planned share repurchases and a renewed focus on profitable segments despite retaining exposure to interest rate and market risks.",https://seekingalpha.com/article/4761165-ally-financial-stock-card-business-sale-renewed-focus-core-business,1740360180
V,"Amex, Alipay target fast-growing China market","American Express has partnered with Chinese digital payment giant Alipay to expand its presence in China, the world's fastest-growing card market. Amex customers can now add their credit cards to Alipay digital wallets, leveraging Amex's 2020 license to clear local currency transactions in China. This move positions Amex to benefit from the projected 46.8% increase in card use in the Asia-Pacific region by 2029.",https://www.paymentsdive.com/news/amex-alipay-target-fast-growing-china-market/740972/,1740542545
V,Mastercard taps State Dept official for top role,"Mastercard has announced that its former legal boss, Richard Verma, will rejoin the company as chief administrative officer after serving two years at the State Department. Concurrently, Tim Murphy, the current CAO, has been promoted to vice chairman. Verma's return is notable as Mastercard faces various litigations, including a 20-year dispute over merchant interchange fees and a civil probe by the Justice Department regarding its debit card practices.",https://www.paymentsdive.com/news/mastercard-taps-state-dept-official-for-top-role/741015/,1740631356
V,Condenan al BBVA y a Prisma a pagar una multa por daño punitivo a un cliente a quien no le atendieron su reclamo para desconocer un consumo que no había hecho,"The Commercial Chamber's ""Sala E"" condemned BBVA and Prisma Medios de Pago to pay a fine for punitive damages to a client due to their negligent handling of his claim regarding an unauthorized credit card charge. The companies failed to properly respond to the client's dispute concerning a $543.83 transaction made in Mexico, violating consumer protection laws. This decision reinforces the obligation of financial institutions to adhere to established procedures for credit card disputes and to provide dignified treatment to consumers.",https://www.fiscales.gob.ar/fiscalias/condenan-al-bbva-y-a-prisma-a-pagar-una-multa-por-dano-punitivo-a-un-cliente-a-quien-no-le-atendieron-su-reclamo-para-desconocer-un-consumo-que-no-habia-hecho/,1740715368
V,Visa CEO Ryan McInerney sells $3.13 million in shares,"Visa CEO Ryan McInerney sold 8,620 shares of Visa Class A common stock for approximately $3.13 million, as part of a pre-established trading plan. Concurrently, he exercised stock options to acquire the same number of shares for about $696,668. The transactions occurred while Visa's stock was trading near its 52-week high, and the company maintains a strong financial health score according to InvestingPro.",https://www.investing.com/news/insider-trading-news/visa-ceo-ryan-mcinerney-sells-313-million-in-shares-93CH-3907483,1741109640
V,DIA vs. SDY: Which State Street ETF Is the Better Dividend Stock?,"This article compares two State Street ETFs, SPDR Dow Jones Industrial Average ETF Trust (DIA) and SPDR S&P Dividend ETF (SDY), for investors seeking dividend income. While DIA offers better growth and overall returns due to its exposure to Dow Jones stocks and even some Magnificent 7 components like Microsoft, SDY provides a higher dividend yield and lower beta, making it suitable for income-oriented investors prioritizing stability. The choice depends on an investor's preference for growth with some income or pure income with stability.",https://247wallst.com/investing/2025/03/06/dia-vs-sdy-which-state-street-etf-is-the-better-dividend-stock/,1741255980
V,Growth & Electronification Could Enhance MBS Opportunities,"The U.S. mortgage-backed securities (MBS) market is expanding and becoming more efficient due to electronification, making it a promising area for fixed income investors. Despite past illiquidity issues, new technological advancements are making MBS more accessible, with a significant increase in issuance to $1.1 trillion by Q3 of last year. ETFs like the Vanguard Mortgage-Backed Securities Index Fund ETF Shares (VMBS) offer an all-inclusive and cost-effective option for retail investors to gain exposure to this evolving market.",https://www.etftrends.com/fixed-income-channel/growth-electronification-could-enhance-mbs-opportunities/,1741389717
V,Earnings call transcript: Descartes Systems Q2 2025 revenue hits record high,"Descartes Systems Group reported record Q2 2025 revenues of $179.8 million, a 10% increase year-over-year, and record net income of $38 million. The company's adjusted EBITDA margin improved to 44.6%, driven by strong services revenue and strategic acquisitions like PackageRoute and Finale Inventory. Descartes remains debt-free with significant cash reserves and is focusing on AI and technology investments to navigate a complex global trade environment.",https://www.investing.com/news/transcripts/earnings-call-transcript-descartes-systems-q2-2025-revenue-hits-record-high-93CH-4223185,1741547520
V,Visa and Access Bank introduce revolutionary ‘Tap to Phone’ payment solution in Nigeria,"Visa, a leader in digital payments, has partnered with Access Bank in Nigeria to launch 'Tap to Phone', an innovative payment solution. This service transforms NFC-enabled Android smartphones into payment terminals, allowing merchants to accept Visa payments by tapping a card to the phone. The initiative aims to enhance financial inclusion, empower small businesses, and drive Nigeria towards a more digital and inclusive financial future, building on Visa’s global efforts to support small and micro-sized businesses.",https://www.thecable.ng/visa-and-access-bank-introduce-revolutionary-tap-to-phone-payment-solution-in-nigeria/,1741690440
V,Live Nation Loses Bid to Narrow DOJ Ticketmaster Case,"A federal judge in New York denied Live Nation Entertainment Inc.'s attempt to narrow the Justice Department’s antitrust case against it, which seeks to break off Ticketmaster. The DOJ and some 30 states allege Live Nation has illegally monopolized the live events industry, controlling a significant portion of concert venues and ticketing. A trial is scheduled for March 2026.",https://www.claimsjournal.com/news/national/2025/03/14/329490.htm,1741910400
V,Cartel Crackdown Could Hit Remitly and Western Union,"Remittance companies Remitly and Western Union are facing increased scrutiny and risk due to a trifecta of challenges: slowing growth in key markets, growing competition from more affordable payment options like peer-to-peer apps and cryptocurrency, and a federal crackdown on cross-border transfers linked to cartels. The Trump administration has designated cartels as terrorist groups, leading to new FinCEN restrictions and potential legal ramifications for financial institutions processing cartel-linked transactions. This heightened regulatory environment, coupled with existing competition and scrutiny over companies' pricing practices, could significantly impact the profitability and operations of these remittance providers, putting a strain on immigrants sending money home.",https://hntrbrk.com/rely-wu-cartel-crackdown/,1741960800
V,The Compound and Friends: Big Market Delusion,"This article announces a new episode of ""The Compound and Friends"" podcast, titled ""Big Market Delusion."" The episode, sponsored by VanEck, discusses topics including TSLA performance, U.S. equity valuations, the S&P 500 selloff, bullish European stocks, and making a case for small caps. The article also promotes the Morningstar Investment Conference.",https://www.theirrelevantinvestor.com/p/the-compound-and-friends-ad4e,1741964292
V,Visa’s chief risk officer Paul Fabara sells $12.9 million in stock,"Paul Fabara, Visa's Chief Risk and Client Services Officer, sold 39,350 shares of Visa's Class A common stock for approximately $12.9 million after exercising stock options. Following these transactions, Fabara now directly holds 26,413 shares. The company has also been actively fighting fraud, preventing over $350 million in scam attempts with analyst ratings remaining largely positive.",https://www.investing.com/news/insider-trading-news/visas-chief-risk-officer-paul-fabara-sells-129-million-in-stock-93CH-3930526,1741972440
V,Lawsuit Against Lockheed Martin Criticizes Firm for Using In-House TDFs,"A lawsuit has been filed against Lockheed Martin, alleging that the company violated its fiduciary duties by using underperforming, high-fee in-house target-date funds (TDFs) in its 401(k) plans for its own benefit. The plaintiffs claim that Lockheed Martin Investment Management Co. (LMIMCo), Lockheed's subsidiary, offered TDFs that were two to five times more expensive and performed worse than TDFs from independent providers like Vanguard, while also marketing them as the sole investment needed for retirement. The lawsuit seeks a declaration of breach of duties under ERISA and disgorgement of sums derived from the alleged improper transactions.",https://www.plansponsor.com/lawsuit-against-lockheed-martin-criticizes-firm-for-using-in-house-tdfs/,1742428800
V,"AI will maintain Moody’s market lead, says Stephen Connolly","The article discusses how Moody's, a veteran financial data provider and a long-held Warren Buffett investment, has adapted to modern technology, including AI, to maintain its market leadership. It highlights Moody's strong business model, its resilience against competition due to its ""moat,"" and its continued growth opportunities in the financial services industry, forecasting strong sales and earnings ahead. The author emphasizes that AI will likely strengthen Moody's dominant market position rather than unsettle it, due to the critical need for accurate and authoritative financial data.",https://moneyweek.com/investments/ai-moodys-market-lead,1742428800
V,"Galileo Is Tops Among Digital Debit Issuers, Javelin Says","A Javelin Strategy & Research report ranks Galileo Financial Technologies LLC's Digital First product as the leader among digital debit card issuers, citing its flexibility, security, and scalability. The product allows consumers to use a digital card immediately while a physical card with the same details is mailed. Thales and FIS also earned strong recognition as overall leaders in the digital issuance scorecard.",https://www.digitaltransactions.net/galileo-is-tops-among-digital-debit-issuers-javelin-says/,1742526218
V,Shark Tank’s Anupam Mittal to NPCI: Time to disrupt companies like Visa and MasterCard with UPI,"Anupam Mittal, judge on Shark Tank India, advocates for leveraging India's UPI system to challenge global payment giants like Visa and Mastercard, citing its costless transactions. He urges the National Payments Corporation of India (NPCI) to push UPI's global expansion. Meanwhile, NPCI is working to mitigate fraud by restricting the 'Collect Payments' feature.",https://timesofindia.indiatimes.com/technology/tech-news/shark-tanks-anupam-mittal-to-npci-time-to-disrupt-companies-like-visa-and-mastercard-with-upi/articleshow/119260132.cms,1742584560
V,"Company speaks on establishing data center in Nigeria, FG react","Visa Inc. plans to establish a data center infrastructure in Nigeria, reiterating its commitment to the Nigerian market with over $1 billion in investments, including $200 million in Interswitch. Vice President Kashim Shettima praised Visa's investment and assured continued government support, highlighting Nigeria's growing digital economy and fintech landscape. The move aims to introduce new technologies and bolster mobile payment services in the country.",https://www.legit.ng/business-economy/industry/1646589-after-making-200m-investment-interswitch-company-set-establishes-data-center-nigeria/,1742615598
V,"Grazzy, U.S. Bank Debit Card Program Simplifies the Way Tipped Employees Earn and Receive Digital Tips","Grazzy and U.S. Bank have partnered to launch a prepaid debit card program designed to simplify digital tip access for hourly employees. This initiative allows employers to issue physical debit cards, enabling employees to receive tips and wages at the end of each shift, even without traditional bank accounts. The program aims to improve financial wellness, offer flexible pay options for employees, and potentially help businesses with employee retention and cost savings.",https://www.prnewswire.com/news-releases/grazzy-us-bank-debit-card-program-simplifies-the-way-tipped-employees-earn-and-receive-digital-tips-302411967.html,1742961174
V,"In a world of flux, fundamentals (and active stock-picking) matter.","This article by Justin P. White, CFA, discusses the importance of investing in high-quality, ""durable compounder"" companies in a world of economic and geopolitical uncertainty. These companies exhibit consistent double-digit earnings growth, pricing power, and sustainable competitive advantages, enabling them to navigate market volatility and generate superior shareholder returns over time. The author highlights examples like Hilton Hotels, Chubb, and Visa as companies possessing these key characteristics.",https://www.troweprice.com/en/us/insights/in-a-world-of-flux-fundamentals-an-active-stock-picking-matter,1743047483
V,ETFs Around the World: iShares MSCI Emerging Markets ETF (IEM) vs Vanguard FTSE Emerging Markets Shares ETF (VGE),"This article compares two prominent Emerging Markets ETFs: the iShares MSCI Emerging Markets ETF (IEM) and the Vanguard FTSE Emerging Markets Shares ETF (VGE). It examines their fund objectives, profiles, holdings, performance, distributions, and fees, highlighting that while both offer diversified exposure to emerging markets, they exhibit differences in management fees and historical returns over various timeframes. The analysis aims to help investors navigate these options for potential growth opportunities.",https://www.selfwealth.com.au/blog/etfs-around-the-world-emerging-markets,1743133978
V,OLB Group Announces Support for Mastercard Cryptocurrency Processing,"The OLB Group, Inc. has announced its readiness to process Mastercard Bitcoin payments through its OmniSoft business management platform and SecurePay Payment Gateway Platform. This move follows Mastercard's support for cryptocurrency, aiming to accelerate public acceptance of Bitcoin and other digital currencies for everyday transactions. OLB's platforms support multiple cryptocurrencies and offer comprehensive payment options, including conversion to fiat currencies and direct transactions with various crypto wallets.",https://www.fintechfutures.com/press-releases/olb-group-announces-support-for-mastercard-cryptocurrency-processing,1743309228
V,"WEX SPARK Health & Benefits 2025 Gathers Industry Leaders to Drive Innovation, Business Growth","WEX is hosting its SPARK Health & Benefits 2025 event in San Diego from March 31 to April 3, bringing together industry leaders to discuss innovation in the health and benefits sector. The event will focus on topics such as AI-driven insights for benefits decisions, simplifying reimbursement processes, enhancing fraud detection, and understanding policy objectives. Key features include the WEX Innovation Experience and the WEX Community Awards, recognizing industry achievements.",https://www.businesswire.com/news/home/20250331131947/en/WEX-SPARK-Health-Benefits-2025-Gathers-Industry-Leaders-to-Drive-Innovation-Business-Growth,1743393298
V,"Matt McGowan Appointed Senior Vice-President, Business Solutions, Bell Media","Bell Media has appointed Matt McGowan as its new Senior Vice-President, Business Solutions. In this role, McGowan, formerly of Snapchat Canada, will lead the advertising sales and partnerships strategy for Canada’s largest media and entertainment company. His extensive experience in media and technology is expected to drive Bell Media's transformation into a digital media and content leader.",https://www.bellmedia.ca/the-lede/press/matt-mcgowan-appointed-senior-vice-president-business-solutions-bell-media/,1743470246
V,DJD ETF Holdings List — AMEX:DJD,"This article provides a detailed list of the top holdings for the Invesco Dow Jones Industrial Average Dividend ETF (DJD) as of February 26, 2026. It includes the weight percentage, shares, and market value for each company held within the ETF, such as Verizon, Merck, Chevron, and Johnson & Johnson. The information offers insights into the fund's composition and its major investments.",https://www.tradingview.com/symbols/AMEX-DJD/holdings/,1743526313
V,Top 10: Women in Fintech,"This article highlights the top 10 influential women in the Fintech industry, recognizing their leadership and significant contributions. It profiles executives from major companies like Visa, PayPal, Klarna, Nasdaq, and JPMorgan Chase, detailing their roles in digital transformation, technological innovation, and financial inclusion. The piece emphasizes their impact on shaping the future of finance and technology.",https://fintechmagazine.com/top10/top-10-women-in-fintech-2025,1743560230
V,XLF ETF Holdings List — AMEX:XLF,"This article provides a list of the top holdings for the State Street Financial Select Sector SPDR ETF (XLF) as of February 25, 2026. Key holdings include Berkshire Hathaway Inc. Class B, JPMorgan Chase & Co., and Visa Inc. Class A, detailing their weight percentage, shares, and market value within the ETF.",https://www.tradingview.com/symbols/AMEX-XLF/holdings/,1743587587
V,Why I Believe JEPI and JEPQ ETFs Are Still Strong Investments Despite a Weak Stock Market,"This article argues that JPMorgan's JEPI and JEPQ ETFs remain strong investment options even in a volatile stock market. These actively managed funds offer high-yield and portfolio diversification by investing in S&P 500 and Nasdaq 100 stocks, respectively, and generating income through covered call strategies. While JEPI focuses on blue-chip stocks for steady income, JEPQ is more tech-focused but both aim to provide robust returns despite market downturns.",https://247wallst.com/personal-finance/2025/04/02/why-i-believe-jepi-and-jepq-etfs-are-still-strong-investments-despite-a-weak-stock-market/,1743608340
V,Why Europe is yet to see a non-AAA CLO ETF,"Europe has not yet seen a non-AAA CLO ETF due to restrictive regulatory challenges, despite success in the US with products like VanEck's $1bn non-AAA CLO ETF (CLOI). European regulations, particularly from the Central Bank of Ireland, require publicly listed CLO ETFs to maintain at least 80% exposure to AAA-rated tranches, making it difficult to replicate US strategies that include lower-rated securities. This regulatory environment, combined with a perceived saturation in the AAA CLO ETF space, hinders the launch of more diverse CLO ETF offerings in Europe.",https://www.etfstream.com/articles/why-europe-is-yet-to-see-a-non-aaa-clo-etf,1743638400
V,Visa CEO Ryan McInerney sells $3 million in stock,"Visa CEO Ryan McInerney sold 8,620 shares of Class A Common Stock for approximately $3.02 million. This transaction occurred under a Rule 10b5-1 trading plan and near Visa's 52-week high. The article also highlights Visa's strong performance, its bid to replace Mastercard for Apple's credit card, and efforts to integrate with cryptocurrency wallets and combat scams.",https://www.investing.com/news/insider-trading-news/visa-ceo-ryan-mcinerney-sells-3-million-in-stock-93CH-3966750,1743700980
V,"Affirm director Keith Rabois sells $730,520 in stock","Keith Rabois, a director at Affirm Holdings Inc. (NASDAQ: AFRM), recently sold 16,088 shares of company stock for approximately $730,520. Following this transaction, conducted under a Rule 10b5-1 trading plan, Rabois retains 45,432 shares. The sale occurred as Affirm's stock has declined year-to-date, despite recent positive news regarding a partnership with Stride Bank and continued optimistic analyst ratings.",https://uk.investing.com/news/insider-trading-news/affirm-director-keith-rabois-sells-730520-in-stock-93CH-4014206,1743721920
V,"Consumers Plan to Use Tax Refunds To Pay Down Debt, ACI Finds","A survey by ACI Worldwide Inc. reveals that 39% of consumers plan to use their 2025 tax refunds to pay down credit card debt and other loans, indicating a continued focus on financial stability amidst inflation. The survey, conducted with YouGov Plc, also highlights that 44% intend to deposit refunds into savings, and a growing number of respondents prefer digital payment methods for taxes, though awareness of tax-related scams remains low.",https://www.digitaltransactions.net/consumers-plan-to-use-tax-refunds-to-pay-down-debt-aci-finds/,1744246793
V,"VOO, SPY, IVV Shed Assets as Market Rout Continues","The three largest S&P 500 ETFs—VOO, SPY, and IVV—have collectively shed billions in assets, dropping about 7% since a recent market rout began. This decline occurred despite significant inflows from investors ""buying the dip,"" betting on a market turnaround following an initial market slump after President Trump's inauguration and subsequent tariffs. The asset managers have seen their total AUM fall from over $1.7 trillion last week to $1.6 trillion as of Wednesday, with VOO and SPY still attracting billions in new money while IVV experienced outflows.",https://www.etf.com/sections/news/voo-spy-ivv-shed-assets-market-rout-continues,1744251704
V,Goldman Sachs Earnings: Strong Start to 2025 as Uncertainty Breeds Heightened Trading Activity,"Goldman Sachs Group reported a strong start to the year, driven by exceptional trading revenue due to market volatility, which offset a tepid dealmaking environment. Despite strong quarterly results, shares remain modestly overvalued, and Morningstar maintains a fair value estimate of $490 per share. The global banking and markets segment saw significant net revenue gains, while the asset and wealth management segment experienced mixed results but continued positive net inflows.",https://www.morningstar.com/stocks/goldman-sachs-earnings-strong-start-2025-uncertainty-breeds-heightened-trading-activity,1744588800
V,"Europe Real-Time Payments Market Size, & Growth Report, 2033","The Europe real-time payments market, valued at USD 6.52 billion in 2024, is projected to reach USD 17.45 billion by 2033, growing annually at 11.56%. This growth is driven by increasing demand for instantaneous transactions and regulatory support, despite challenges like high implementation costs and cybersecurity risks. Key market opportunities include expanding cross-border payments and integrating emerging technologies like AI and blockchain.",https://www.marketdataforecast.com/market-reports/europe-real-time-payments-market,1744765193
V,Investing in JPMorgan Equity Premium Income ETF (JEPI): A High-Yield Income Opportunity,"The article discusses the JPMorgan Equity Premium Income ETF (JEPI) as a high-yield income opportunity for investors. It highlights JEPI's covered-call strategy, diversified portfolio, and strong performance during market volatility, noting its current 8% forward dividend yield. While acknowledging JEPI's tax inefficiency compared to some alternatives, the article concludes that its consistent dividends and downside protection make it an attractive option for income-focused investors, especially given current market conditions.",https://www.tradingnews.com/news/is-jepi-the-best-high-yield-etf-for-your-protfolio,1744768315
V,Better Dividend Growth Stock: Costco vs. Visa,"This article analyzes Costco (COST) and Visa (V) as dividend growth stocks, highlighting their robust business models and commitment to shareholder returns. While both offer double-digit dividend growth, Visa is presented as the more compelling option due to its higher historical growth rate, lower payout ratio, and asset-light business model. However, the author suggests that including both in a diversified portfolio could be ideal for many dividend growth investors.",https://finviz.com/news/24738/better-dividend-growth-stock-costco-vs-visa,1744792200
V,"With The Final OKs, the Capital One-Discover Combo Sets a May 18 Closing","Capital One Financial Corp.'s $35-billion acquisition of Discover Financial Services received its final federal regulatory approvals from the Federal Reserve and the Office of the Comptroller of the Currency, clearing the way for a May 18 closing. The merger, announced in February 2024, aims to increase competition in banking and payments, create a more powerful rival to Visa and Mastercard, and leverage Discover's network and credit card portfolio. However, integrating the two companies will present challenges due to their differing corporate cultures and business operations, such as customer service centers.",https://www.digitaltransactions.net/with-the-final-oks-the-capital-one-discover-combo-sets-a-may-18-closing/,1745198576
V,"Europe Smart Card Market Size, Share,Trends & Analysis, 2033","The Europe smart card market was valued at USD 3.08 billion in 2024 and is projected to reach USD 4.15 billion by 2033, growing at a CAGR of 3.35% from 2025 to 2033. Key drivers include rising demand for contactless payment solutions and government initiatives for secure identity verification, with Germany dominating the market and Spain showing the fastest growth. Challenges such as high implementation costs, cybersecurity concerns, and interoperability issues need to be addressed for continued expansion.",https://www.marketdataforecast.com/market-reports/europe-smart-card-market,1745201012
V,Watch Launch of New Elm Market Navigator ETF | Bloomberg ETF IQ 04/21/2025,"This Bloomberg ETF IQ segment discusses current market volatility, ETF flows, and asset allocation strategies, featuring Victor Haghani, CIO of Elm Wealth, and Rebecca Venter, Fixed Income Product Manager at Vanguard. Haghani introduces the new Elm Market Navigator ETF, emphasizing its tax efficiency and dynamic asset allocation approach, while Venter highlights Vanguard's active short-duration bond ETF and its role in managing portfolio duration. The discussion also touches on the concept of ""safe haven"" assets amidst market uncertainty and the increasing trend of fixed income ETF launches.",https://www.bloomberg.com/news/videos/2025-04-21/bloomberg-etf-iq-04-21-2025-video,1745265240
V,La audaz estrategia de los bancos para competir con la digitalización y las fintech,"Banks are reinventing themselves to compete with fintechs by developing new digital payment solutions. Banco Galicia's Nave, a payment solution initially offering QR codes for account-to-account payments, has evolved to include card payments and integrated e-commerce solutions, demonstrating how traditional financial institutions are adapting. This strategy focuses on providing comprehensive financial platforms, competitive commissions, and personalized services, especially for SMEs, and emphasizes the increasing shift towards secure digital payments over traditional methods.",https://www.mdzol.com/dinero/2025/4/23/la-audaz-estrategia-de-los-bancos-para-competir-con-la-digitalizacion-las-fintech-1204179.html,1745372073
V,Visa (V) Announces New $30 Billion Share Buyback Program | V Sto,"Visa (V) has announced a new $30 billion share buyback program, approved by its board of directors, following a previous repurchase of $4.5 billion in Q1. The company also declared a quarterly cash dividend of 59 cents per share. Wall Street analysts maintain an ""Outperform"" rating for Visa, with an average target price suggesting a 10.40% upside from its current price.",https://www.gurufocus.com/news/2813100/visa-v-announces-new-30-billion-share-buyback-program-v-stock-news,1745893597
V,"Visa Q2 2025 slides: revenue up 9%, announces $30B share repurchase program","Visa reported strong fiscal Q2 2025 financial results, with net revenue increasing 9% year-over-year to $9.6 billion and non-GAAP EPS up 10% to $2.76. The company also announced a new $30 billion share repurchase program, signaling confidence in its future. Visa's key business drivers, including payments volume and cross-border volume, showed healthy growth, and the company provided an optimistic outlook for the remainder of fiscal year 2025.",https://www.investing.com/news/company-news/visa-q2-2025-slides-revenue-up-9-announces-30b-share-repurchase-program-93CH-4011056,1745893597
V,Shift4 Payments Q1 Earnings: Capitalizing On Payment Tech Growth (NYSE:FOUR),"Shift4 Payments is positioned for substantial growth within the rapidly evolving payments industry, fueled by recent leadership changes and robust earnings, including a 35% year-over-year increase in Q1 payment volume. The company expects 20% organic revenue growth in 2025, driven by innovations like SkyTab, and will expand globally through the $2.5 billion acquisition of Global Blue. Despite competition, Shift4, with a $5 billion market cap, is projected to double in value over five years through both organic and inorganic growth.",https://seekingalpha.com/article/4779627-shift4-payments-q1-earnings-capitalizing-payment-tech-growth,1746000900
V,Analysts Offer Insights on Financial Companies: OneMain Holdings (OMF) and Visa (V),"Analysts have issued bullish sentiments on financial companies OneMain Holdings (OMF) and Visa (V). John Rowan of Janney Montgomery maintained a Buy rating on OneMain Holdings with a $63.00 price target, while Trevor Williams from Jefferies maintained a Buy rating on Visa with a $400.00 price target. Both companies received ""Buy"" or ""Strong Buy"" consensus ratings from analysts.",https://www.theglobeandmail.com/investing/markets/stocks/V-N/pressreleases/32158595/analysts-offer-insights-on-financial-companies-onemain-holdings-omf-and-visa-v/,1746059529
V,Why the Capital One/Discover Deal Is About Much More Than Payments,"The Capital One and Discover deal, recently approved by regulators, is poised to reshape not just the payments landscape but also the broader banking industry. Experts anticipate significant impacts on deposit generation, small business finance, and even a potential bid for the Apple Card portfolio. The integration of Discover's debit network, exempt from Durbin amendment restrictions, is seen as a key asset that could significantly boost Capital One's national digital banking strategy and competitive edge.",https://thefinancialbrand.com/news/banking-trends-strategies/the-surprising-places-capital-one-discover-deal-could-go-now-that-it-has-green-light-188817,1746143421
V,"Sam Altman’s World Officially Launches in the U.S., Inks Partnerships with Visa, Stripe, and Match Group","Sam Altman's company, Tools for Humanity, officially launched World in the U.S. with the goal of creating a ""human-first identity and financial network"" that verifies users as human online, especially in an age of pervasive AI. The service, which provides 16 Worldcoin (WLD) to new users in exchange for an iris scan, has secured partnerships with Visa, Stripe, and Match Group for various financial and verification services. Despite regulatory hurdles and privacy concerns, the company is focusing on expanding its network and plans to monetize through app charges, transaction fees, and mini-apps within the World platform.",https://www.inc.com/jennifer-conrad/sam-altmans-world-officially-launches-in-the-u-s-inks-partnerships-with-visa-stripe-and-match-group/91183283,1746144000
V,"Green Dot, Crypto.com partner for banking services","Green Dot has partnered with Crypto.com to offer banking services, allowing Crypto.com customers to convert digital assets to fiat currency and access funds at Green Dot locations nationwide. This collaboration, leveraging Green Dot’s embedded finance platform Arc, also introduces an interest-earning savings account for Crypto.com users. The move further integrates Crypto.com with traditional finance, following previous partnerships with Visa and FIS.",https://www.paymentsdive.com/news/green-dot-cryptocom-partner-for-banking-services/746987/,1746144312
V,Two JPMorgan ETFs that are providing a destination for risk-averse investors,"JPMorgan's Equity Premium Income ETF (JEPI) and Ultra-Short Income ETF (JPST) are attracting risk-averse investors by offering downside protection and income generation. JEPI aims to provide income by selling out-of-the-money options, while JPST focuses on fixed income to provide portfolio stability. These ETFs are highlighted as popular choices for investors seeking to weather market volatility.",https://www.nbcnewyork.com/news/business/money-report/two-jpmorgan-etfs-that-are-providing-a-destination-for-risk-adverse-investors/6248050/,1746194280
V,"Visa Q2 Earnings Top Forecasts, Adds $30B Buyback Plan","Visa (NYSE: V) reported strong fiscal second-quarter 2025 earnings, surpassing analyst expectations with a 9.3% year-over-year increase in net revenue and a 10% rise in non-GAAP EPS. The company's Board of Directors also authorized a new $30 billion multi-year share repurchase program, demonstrating a significant commitment to returning capital to shareholders. These results, coupled with resilient transaction volumes and strategic investments in AI and digital payments, reinforce Visa's strong financial health and market leadership.",https://www.theglobeandmail.com/investing/markets/stocks/V/pressreleases/32201870/visa-q2-earnings-top-forecasts-adds-30b-buyback-plan/,1746233748
V,"The 3 Best Warren Buffett Stocks to Buy With $3,000 Right Now","This article identifies three top Warren Buffett-backed stocks—BYD, Visa, and Berkshire Hathaway—as compelling investment opportunities. It suggests that investors with $3,000 could diversify by investing $1,000 into each of these companies. The author highlights BYD's growth in electric vehicles, Visa's dominant payment processing business, and Berkshire Hathaway's diverse holdings and strong balance sheet as reasons for their appeal.",https://finviz.com/news/45830/the-3-best-warren-buffett-stocks-to-buy-with-3000-right-now,1746245460
V,Should You Invest in the Fidelity MSCI Financials Index ETF (FNCL)?,"The Fidelity MSCI Financials Index ETF (FNCL), launched in 2013, is a passively managed ETF designed for broad exposure to the Financials - Broad segment of the equity market, ranked 3rd within the Zacks sectors. With $2.16 billion in assets and a low expense ratio of 0.08%, it seeks to match the performance of the MSCI USA IMI Financials Index. The ETF has performed well year-to-date and over the last 12 months, holding a Zacks ETF Rank of 2 (Buy).",https://www.sharewise.com/us/news_articles/Should_You_Invest_in_the_Fidelity_MSCI_Financials_Index_ETF_FNCL_Zacks_20250505_1220,1746403792
V,"As Stocks Swooned, Individuals Bought & Pros Bailed","During extreme market volatility in April 2025, individual investors bought stocks on the dip, while hedge funds and professional investors sold off shares. This behavior contrasts with past market downturns, largely because individual investors use passively managed index funds in 401(k)s. While hedge funds are forced to sell due to leverage and performance pressures, retail investors who held steady have seen their portfolios recover.",https://www.newsmax.com/finance/streettalk/retail-investor-market/2025/05/05/id/1209642/,1746457920
V,Global Payments And FIS Celebrate Their Worldpay-TSYS Deal,"Global Payments and FIS are celebrating their Worldpay-TSYS deal, which involves Global Payments acquiring Worldpay for $22.7 billion and FIS acquiring Global's issuing business (TSYS) for $13.5 billion. Global Payments is enthusiastic about Worldpay complementing its merchant business and enhancing its growth profile, while FIS believes the acquisition of TSYS will strengthen its focus on card issuing. Both companies reported their first-quarter financial results, with the deal dominating discussions during their respective analyst calls.",https://www.digitaltransactions.net/global-payments-and-fis-celebrate-their-worldpay-tsys-deal/,1746490102
V,Webull Eliminates Fund Transfer Delays: New Visa Partnership Enables Sub-Minute Trading Account Access,"Webull has partnered with Visa to integrate Visa Direct into its U.S. platform, allowing real-time money transfers between Webull brokerage accounts and external bank accounts. This collaboration introduces a ""Deposit"" feature that enables users to access funds in under a minute, significantly reducing the multi-day delays associated with traditional ACH transfers. The initiative aims to enhance market access, investment opportunities, and overall user experience by offering greater speed, flexibility, and security in managing investment funds.",https://www.stocktitan.net/news/BULL/webull-announces-collaboration-with-g1f17rc1j4sy.html,1746575267
V,"Stan Wong's Top Picks: iShares Core MSCI EAFE ETF, MercadoLibre & Visa","Stan Wong, a portfolio manager at Scotia Wealth Management, has shared his top investment picks, which include the iShares Core MSCI EAFE ETF, MercadoLibre, and Visa. These selections represent his current recommendations for investors looking to navigate the market. The article highlights these specific choices for potential watchers in the financial landscape.",https://www.bnnbloomberg.ca/video/shows/market-call/2025/05/07/stan-wongs-top-picks-ishares-core-msci-eafe-etf-mercadolibre-visa/,1746623280
V,Torrey Hills Center: $27.55M refinancing secured for premier San Diego retail asset,"JLL Capital Markets has secured a $27.55 million, 10-year, fixed-rate loan for Torrey Hills Center, a grocery-anchored retail center in San Diego's affluent Carmel Valley neighborhood. The 86,467-square-foot property, built in 2005, is 98.4% leased with Vons Market as its anchor and benefits from strong demographics and a robust San Diego retail market. This refinancing highlights strong lender interest in well-located retail assets with solid performance.",https://www.jll.com/en-us/newsroom/refinancing-grocery-anchored-torrey-hills-center-san-diego,1746663559
V,The Secret is Out: Going Electric is Easy,"This sponsored article highlights how easy and advantageous it is to switch to an electric vehicle, primarily focusing on the Hyundai IONIQ 5. It details the vehicle's affordability, efficiency, advanced charging capabilities, stylish design, and environmental benefits. The article also mentions the various incentives and programs available to make EV ownership more attractive to new buyers.",https://www.cars.com/sponsored/articles/the-secrets-out-its-actually-easy-to-go-electric-506111/,1746748102
V,"PNC Bank Introduces PNC Spend Wise℠, A No Annual Fee Credit Card Offering A Purchase APR Reduction to Encourage Responsible Credit Habits","PNC Bank has launched PNC Spend Wise℠ Visa®, a new no annual fee credit card designed to reward responsible financial habits. The card offers a purchase APR reduction program for eligible cardholders who make timely payments and meet spending requirements, along with features like annual digital subscription credits, purchase safeguards, and cell phone protection. This initiative aims to address a market gap by actively promoting and recognizing responsible debt management.","https://pnc.mediaroom.com/2025-05-12-PNC-Bank-Introduces-PNC-Spend-Wise-,-A-No-Annual-Fee-Credit-Card-Offering-A-Purchase-APR-Reduction-to-Encourage-Responsible-Credit-Habits",1747010066
V,Visa Makes Payments Personalized and Secure With AI,"Visa is leveraging AI to enhance its payment services, focusing on fraud prevention, personalization, and agentic commerce. The company prevents $40 billion in fraud annually through AI and uses it to deliver relevant offers to cardholders, while also exploring AI agents for payment processing. Visa emphasizes using open-source models and strong governance-technical team relationships for enterprise AI adoption, having already saved $5 million by using GPT-4 for code conversion.",https://blogs.nvidia.com/blog/visa-ai-podcast/,1747182686
V,Visa vs. Mastercard: A High-Quality Showdown Backed by Buffett and the Numbers,"This article analyzes Visa (V) and Mastercard (MA), two top holdings of Warren Buffett, comparing them based on valuation, quality, growth, and momentum using Validea’s guru models. While both are dominant payment networks with strong economic moats, Visa appears better for momentum and growth strategies, showing slightly better margins and EPS growth. Mastercard, however, excels in multi-factor and Buffett-style strategies due to its exceptional return on equity and lower volatility profile.",https://blog.validea.com/visa-vs-mastercard-a-high-quality-showdown-backed-by-buffett-and-the-numbers/,1747268540
V,Fundstrat Capital's Tom Lee on Launching ‘Granny Shots’ ETF,"Tom Lee, CIO of Fundstrat Capital, expressed excitement over his firm's nomination for Best New ETF Issuer at the 2025 etf.com Awards. Their ""Granny Shots"" ETF is designed for long-term investors seeking exposure to megatrends like AI and cybersecurity, converting Fundstrat's stock research into an accessible investment vehicle. The firm emphasizes investor education and engagement through weekly portfolio updates.",https://www.etf.com/sections/features/fundstrat-capitals-tom-lee-launching-granny-shots-etf,1747680517
V,"Visa, Mastercard $5.5B settlement advances","The $5.5 billion settlement between Visa, Mastercard, and merchants is progressing, with a decline in problematic third-party claims post-February deadline. Plaintiffs' lawyers confirmed that the claims administrator, Epiq Systems, is processing claims from numerous third-party filers representing nearly a million tax identification numbers, though the payment timeline remains unannounced. The process has been complicated by fraudulent claims and issues with third-party filers, leading to court interventions and remediation efforts.",https://www.paymentsdive.com/news/visa-mastercard-55b-settlement-advances/748422/,1747699200
V,Watch Out for Risks in These Funds With Stealthy Industry Bets,"This article highlights the hidden industry risks within equity funds, even diversified ones, by examining specific funds with concentrated bets in certain industries like internet content, biotechnology, financials, and software applications. It discusses how these ""stealthy"" industry weightings, while sometimes rewarding, can also lead to significant underperformance and vulnerability to market shifts. The author emphasizes the importance for investors to look beyond sector weightings and understand the underlying industry exposures in their portfolios.",https://www.morningstar.com/funds/watch-out-risks-these-funds-with-stealthy-industry-bets,1747699200
V,BlackRock's IBIT Named Best New ETF & Crypto ETP of the Year,"BlackRock's iShares Bitcoin Trust (IBIT) earned dual honors at the 2025 etf.com Awards, being named both Best New ETF and Crypto ETP of the Year. Robbie Mitchnick, head of digital assets at iShares, attributed IBIT's rapid growth to BlackRock's strong client education and established infrastructure. The firm is exploring further innovation in digital asset access through the ETF structure, beyond just Bitcoin and Ethereum.",https://www.etf.com/sections/features/blackrocks-ibit-named-best-new-etf-crypto-etp-year,1747702257
V,"The Zacks Analyst Blog Highlights Visa, AstraZeneca, Shell, Ocean Power Technologies and Wheeler Real Estate Investment Trust","This Zacks Analyst Blog highlights top research reports for Visa, AstraZeneca, Shell, Ocean Power Technologies, and Wheeler Real Estate Investment Trust. It provides an overview of each company's recent performance, growth drivers, and potential risks, based on analysis from Zacks Equity Research. The blog emphasizes the unique research provided for micro-cap stocks like Ocean Power Technologies and Wheeler Real Estate Investment Trust.",https://finance.yahoo.com/news/zacks-analyst-blog-highlights-visa-131300449.html,1747789051
V,Who Owns Visa?,"This article examines the ownership structure of Visa, a global payment card services corporation. It details Visa's history from BankAmericard, its evolution into a public company, and its current shareholder structure, highlighting key institutional investors and insider holdings. The article also touches upon Visa's strategic partnerships, technological advancements in fraud prevention, and marketing efforts.",https://bstrategyhub.com/who-owns-visa/,1747958400
V,"Cardinal Health, Inc. (NYSE:CAH) is a favorite amongst institutional investors who own 89%","Institutional investors own 89% of Cardinal Health, Inc. (NYSE:CAH), indicating their strong interest in the stock and potential influence on its price. BlackRock Inc. and The Vanguard Group Inc. are the largest shareholders, each holding 13% of common stock. Insiders own less than 1% of the company, while the general public holds a 10% stake.",https://simplywall.st/stocks/us/healthcare/nyse-cah/cardinal-health/news/cardinal-health-inc-nysecah-is-a-favorite-amongst-institutio,1748389695
V,ACI Worldwide Launches Cloud Payments Platform Connetic,"ACI Worldwide has launched ACI Connetic, a new cloud-native payments platform designed to consolidate multiple payment processing systems into a single hub. This platform integrates various major payment networks, including Swift cross-border payments and RTGS systems. ACI Connetic aims to help banks modernize their infrastructure, streamline operations, and reduce complexity by offering a scalable, intelligent, and resilient solution for faster and more secure payments.",https://fintechmagazine.com/articles/aci-worldwide-launches-cloud-payments-platform-connetic,1748437731
V,Here's How Much $100 Invested In Visa 10 Years Ago Would Be Worth Today,"This article analyzes the hypothetical return of a $100 investment in Visa (NYSE: V) made 10 years ago. It highlights that Visa has outperformed the market with an annualized return of 18.02% over the last decade. The initial $100 investment would now be worth $523.61, illustrating the power of compounded returns.",https://www.sahmcapital.com/news/content/heres-how-much-100-invested-in-visa-10-years-ago-would-be-worth-today-2025-05-29,1748539800
V,Santander evalúa ofrecer stablecoins en euros y dólares: países de Latam dentro del objetivo,"Banco Santander está evaluando expandirse en activos digitales, incluyendo planes para ofrecer stablecoins en euros y dólares, y criptomonedas para clientes minoristas a través de su banco digital Openbank. Los esfuerzos de Santander reflejan una apertura creciente de los bancos europeos hacia los activos digitales, especialmente tras la entrada en vigor de la normativa de la UE sobre mercados de criptoactivos. La mira está puesta en América Latina, donde las stablecoins en dólares son populares debido a las monedas locales más débiles.",https://www.bloomberglinea.com/negocios/santander-evalua-ofrecer-stablecoins-en-euros-y-dolares-paises-de-latam-dentro-del-objetivo/,1748575800
V,Vanguard files for new ex-China emerging markets ETF,"Vanguard Group plans to launch a new exchange-traded fund (ETF) that targets emerging markets while excluding China, joining a growing trend driven by investor concerns over China's geopolitical risks and market interventions. This new offering will increase the number of ex-China emerging markets ETFs to 13, with two-thirds launched since 2023. While some experts note a dwindling interest as Chinese stocks recover, others believe both dedicated China ETFs and ex-China products will coexist due to China's significant and controversial market presence.",https://wincountry.com/2025/06/02/vanguard-files-for-new-ex-china-emerging-markets-etf/,1748888280
V,Klarna Launches US Debit Card to Chase More Banking Revenue,"Klarna is launching a debit card in the US, expanding its banking services as it prepares for a delayed listing in New York. The Swedish fintech firm has a waiting list of five million customers for the Visa-powered card, which combines real-time transfers and deposits with its existing buy-now-pay-later credit options. This move signifies Klarna's push into broader banking revenue streams.",https://www.bloomberg.com/news/articles/2025-06-03/klarna-launches-us-debit-card-to-chase-more-banking-revenue,1748948400
V,"Who owns WWE after the TKO merger (and before) | Vince McMahon, Dwayne Johnson, Ari Emanuel ownership - as of June 2025","This article details the ownership structure of WWE after the TKO merger, highlighting Silver Lake's controlling stake through Endeavor, which now owns over 60% of TKO shares. It explains how Vince McMahon lost his controlling ownership after the merger, retaining only about 3% of TKO stock after selling shares in June 2025. The piece also outlines the roles of key executives like Ari Emanuel and Mark Shapiro, and details Dwayne ""The Rock"" Johnson's addition to the TKO Board and his stock compensation.",https://wrestlenomics.com/articles/2024/who-owns-wwe-after-the-tko-merger-and-before/,1749000314
V,Visa (NYSE:V) Partners With Fasten On Fintech Program And Announces New Leadership,"Visa (NYSE:V) recently partnered with Fasten's Fintech Fast Track program and appointed Andrew Torre as President of Value-Added Services, signaling expansion in the fintech sector and strengthening of its leadership. The company's stock saw a 5% increase over the last month, aligning with broader market trends, and analysts project significant revenue and earnings growth by 2028. Analysts maintain a consensus price target suggesting the stock is fairly valued with modest growth potential.",https://www.sahmcapital.com/news/content/visa-nysev-partners-with-fasten-on-fintech-program-and-announces-new-leadership-2025-06-04,1749069540
V,June 2025: Stablecoin Summer,"The article ""June 2025: Stablecoin Summer"" by Grayscale Research highlights a period of significant positive developments for stablecoins both fundamentally and legislatively. It discusses the passage of the GENIUS Act in the Senate, Circle's successful IPO, and increasing corporate interest in stablecoins from major companies like Amazon and Walmart. The piece also notes supportive macroeconomic policies and regulatory clarity driving strong performance in the Currencies and Financials Crypto Sectors and increasing activity in prediction markets like Polymarket.",https://research.grayscale.com/market-commentary/june-2025-stablecoin-summer,1749076472
V,Fasten Joins Visa's Fast Track Program to Launch a Rewards Card for Drivers and Dealerships,"Fasten has joined Visa's Fintech Fast Track program to launch the Fasten Rewards™ Visa Card, a rewards card designed for drivers to earn points on auto-related expenses, including loan payments. This partnership will enhance customer loyalty for dealerships and offer drivers benefits such as rewards for vehicle maintenance, down payments, and cashback. The collaboration provides Fasten with access to Visa's resources, accelerating its growth and expanding its product offerings.",https://www.businesswire.com/news/home/20250604717859/en/Fasten-Joins-Visas-Fast-Track-Program-to-Launch-a-Rewards-Card-for-Drivers-and-Dealerships,1749079861
V,Visa Benefits From a Wide Moat and a Secular Tailwind,"This article highlights Visa's strong market position, wide economic moat, and unassailable place in the global electronic payment infrastructure. Despite ongoing evolution in the payment industry, Visa is expected to maintain robust growth prospects. The author, Brett Horn, also references recent earnings reports and a new settlement with merchants, emphasizing Visa's ties to consumer spending.",https://www.morningstar.com/company-reports/1288093-visa-benefits-from-a-wide-moat-and-a-secular-tailwind,1749509449
V,Should You Invest in the iShares U.S. Industrials ETF (IYJ)?,"This article evaluates the iShares U.S. Industrials ETF (IYJ), a passively managed ETF designed for broad exposure to the Industrials sector. It details the fund's structure, costs (0.39% expense ratio), top holdings (including Visa, Mastercard, and GE Aerospace), and performance, noting a 5.82% year-to-date return as of June 10, 2025. The article concludes that IYJ is a sufficient option for investors in the Industrials sector, rating it a Zacks ETF Rank of 3 (Hold), and suggests alternatives like Vanguard Industrials ETF (VIS) and Industrial Select Sector SPDR ETF (XLI).",https://www.sharewise.com/de/news_articles/Should_You_Invest_in_the_iShares_US_Industrials_ETF_IYJ_Zacks_20250610_1220/amp,1749558000
V,How Has Investing in DEI and ESG Changed Under Trump? - WSJ's Take On the Week - WSJ Podcasts,"This WSJ podcast episode discusses how investing in Diversity, Equity, and Inclusion (DEI) and Environmental, Social, and Governance (ESG) has evolved, particularly under the Trump administration's influence. Guest Rachel Robasciotti of Adasina Social Capital explains their ""social justice investing"" approach, which focuses on racial, gender, economic, and climate justice, and argues that strong DEI/ESG commitments can lead to better financial performance despite political pushback. The conversation addresses the skepticism around socially conscious investing and how Adasina's strict metrics differentiate it from other impact funds.",https://www.wsj.com/podcasts/take-on-the-week/how-has-investing-in-dei-and-esg-changed-under-trump/dff5f665-a57d-4546-a625-34bccc6f20b3?gaa_at=eafs&gaa_n=AWEtsqduU4iih0Zt_adCjXdAApKU6n6OU8QULLbo4ldDgOD5L1xwixyeoqla&gaa_ts=69073966&gaa_sig=-XCUep6GRONiFxSVjCC7IJ7KzL-pXZYF-14yKiLRbpt92IGPN3fhg08kw8mEYG6XWfJ3z2TndGs6XKjvjgINYw%3D%3D,1750248000
V,Capital One’s CEO Struck a Deal for Discover Financial That Could Be a ‘Home Run’,"Richard Fairbank, the founder CEO of Capital One Financial, brokered a $35 billion deal to acquire Discover Financial. This acquisition is poised to transform Capital One, turning it into one of the largest credit-card and auto lenders in the U.S. and providing it with a payments network to compete with industry giants like Visa, Mastercard, and American Express. The deal is considered a potential ""home run"" for the company.",https://www.barrons.com/articles/richard-fairbank-capital-one-top-ceos-2025-f8efaec7?gaa_at=eafs&gaa_n=AWEtsqdRg0mkSuske-yFs2AUhnBZiamkiIOVSkiv472qojScPwtjTedMHZX8&gaa_ts=6998e133&gaa_sig=FQxbRiNdg3EfeMdQ-E1Etc8YlW3h9M4RNqqaf-XdeL5GnVFvCw49d3_hnLa8JPblPrDzd6oO653VdLSsuIh3XA%3D%3D,1750457903
V,Double-Leverage Bitcoin's Rise With This Crypto Industry ETF,"The Direxion Daily Crypto Industry Bull 2X Shares (LMBO) ETF offers investors a way to capitalize on Bitcoin's bullish momentum by investing in companies within the crypto sphere. This fund focuses on businesses involved in distributed ledger and decentralized payment technology, including blockchain and DeFi, rather than directly holding cryptocurrencies. It provides a less volatile approach to cryptocurrency exposure with companies like Visa, Mastercard, AMD, and Nvidia as top holdings.",https://etfdb.com/leveraged-inverse-content-hub/double-leverage-bitcoin-rise-lmbo/,1750653677
V,BlackRock’s bitcoin ETF outstrips SPDR Portfolio S&P 500 ETF in inflows,"BlackRock's iShares Bitcoin Trust (IBIT) has surpassed State Street’s SPDR Portfolio S&P 500 ETF (SPLG) in year-to-date inflows, securing fourth place overall in 2025 with $13.7 billion. IBIT's rapid ascent is notable given it only began trading in January 2024, compared to SPLG's nearly 20-year history. This achievement highlights the growing interest and investment in bitcoin-related financial products.",https://sherwood.news/crypto/blackrocks-bitcoin-etf-outstrips-spdr-portfolio-s-and-p-500-etf-in-inflows/,1750658195
V,"Visa, Mastercard Get Approval of $198 Million Deal in ATM Case","A US District Court has granted final approval to a $197.5 million settlement between Visa and Mastercard and consumers who accused the card companies of artificially inflating ATM fees. The settlement concludes litigation that began in 2011, with attorneys receiving $49.4 million in fees, less than initially requested. The antitrust suit is one of several targeting the card companies, including challenges over swipe fees.",https://news.bloomberglaw.com/antitrust/visa-mastercard-get-approval-of-198-million-deal-in-atm-case,1750688940
V,Visa Defeats Class Allegations of Gift Cards’ Scam Vulnerability,"A federal court has dismissed a proposed class action against Visa USA Inc., ruling that the company did not deceptively market its gift cards despite allegations they were vulnerable to scams. The judge determined that no reasonable consumer would believe Visa gift cards were immune to third-party scams or that the Visa logo guaranteed scam-proof protection. This decision sides with Visa against claims of misleading packaging and failure to compensate scam victims.",https://news.bloomberglaw.com/litigation/visa-defeats-class-allegations-of-gift-cards-scam-vulnerability,1750705080
V,Visa defeats lawsuit over 'card draining' Vanilla gift card scam,"A U.S. District Judge dismissed a class-action lawsuit against Visa concerning its ""Vanilla"" gift cards being susceptible to ""card draining"" scams. The judge ruled that consumers should not expect gift cards to be impervious to scams, nor that Visa's logo guaranteed immunity from fraud or company assistance for victims. The lawsuit, filed by Ira Schuman, claimed Visa provided inadequate warnings on card packaging regarding possible tampering.",https://www.reuters.com/sustainability/boards-policy-regulation/visa-defeats-lawsuit-over-card-draining-vanilla-gift-card-scam-2025-06-23/,1750713000
V,Payment Giants Slide on Stablecoin Buzz—Is Now the Time to Buy?,"The article discusses the recent dip in stock prices for payment giants like Visa, Mastercard, and American Express due to concerns about stablecoins potentially replacing their services. It argues that this sell-off presents a dip-buying opportunity, especially for Visa due to its market share and institutional interest, Mastercard as a ""catch-up"" play, and American Express for its stability with high-quality customers. The author believes fundamentals will ultimately outweigh the short-term stablecoin threat.",https://www.marketbeat.com/stock-ideas/payment-giants-slide-on-stablecoin-buzzis-now-the-time-to-buy/,1750721461
V,New York court throws out gift card fraud class action over alleged Visa deception,"A New York court has dismissed a class-action lawsuit against Visa, InComm Financial Services, and Pathward, alleging deceptive practices regarding prepaid Visa gift cards susceptible to ""card draining"" fraud. The judge ruled that a reasonable consumer would not interpret Visa branding as a guarantee against fraud, nor would they infer security from the card packaging's design. While the claim was dismissed, the plaintiff has been granted 21 days to refile with sufficient supporting facts.",https://iclg.com/news/22751-new-york-court-throws-out-gift-card-fraud-class-action-over-alleged-visa-deception,1750803391
V,Court approves $197M ATM settlement,"A federal judge has approved a $197.5 million class-action settlement against Visa and Mastercard, resolving over a decade of litigation. The lawsuit alleged that the card networks colluded to limit competition and maintain high access fees in the ATM market, affecting both ATM operators and consumers. The settlement follows the Supreme Court's refusal to hear an appeal from Visa and Mastercard regarding the certification of plaintiff classes.",https://www.paymentsdive.com/news/court-approves-197m-atm-settlement-visa-mastercard-antitrust-lawsuits/751433/,1750805448
V,How to Create a Fall Savings Plan,"This article provides tips on creating a fall savings plan to manage increased spending during the season, covering back-to-school, holidays, and travel expenses. It emphasizes using fall as a financial reset, building an emergency fund, and utilizing savings buckets for specific goals. The piece also suggests strategies like cutting household costs, managing debt, optimizing savings accounts with competitive APYs, finding discounts, investing, and using credit cards wisely.",https://www.ally.com/stories/save/how-to-create-a-fall-savings-plan/,1750889138
V,ANTITRUST—S.D.N.Y.: Visa’s bid to dismiss Justice Department antitrust suit over debit network monopoly ‘declined’,A federal court in the Southern District of New York declined Visa's motion to dismiss an antitrust lawsuit filed by the Justice Department. The DOJ alleges that Visa engaged in anticompetitive practices to maintain a monopoly in the online debit market. The court found that the DOJ's complaint plausibly alleged that Visa’s conduct harmed competition.,https://www.vitallaw.com/news/antitrust-s-d-n-y-visa-s-bid-to-dismiss-justice-department-antitrust-suit-over-debit-network-monopoly-declined/ald0122a8eeb3f1c2475288559a38eb80b24e,1750894261
V,FIS and Visa Deepen Their Relationship to Provide Regional and Community Banks With Easier Access to Powerful Payments Capabilities,"FIS and Visa have expanded their partnership to provide regional and community banks with enhanced payment capabilities. This collaboration aims to help smaller financial institutions compete more effectively by offering solutions for revenue growth, customer retention, and fraud reduction. The new services include stop payment features, a digital campaign manager, wallet link technology, and e-commerce fraud mitigation, all accessible through FIS's technology ecosystem.",https://www.businesswire.com/news/home/20250626186497/en/FIS-and-Visa-Deepen-Their-Relationship-to-Provide-Regional-and-Community-Banks-With-Easier-Access-to-Powerful-Payments-Capabilities,1750977364
V,Wall Street strategist Tom Lee is aiming to create the MicroStrategy of Ethereum,"Tom Lee, a prominent Wall Street strategist, has been appointed chairman of BitMine Immersion Technologies. The company plans a $250 million private placement to acquire ether, aiming to make it its primary treasury reserve asset, similar to MicroStrategy's bitcoin strategy. This move positions BitMine to capitalize on the growing interest in stablecoins and the underlying Ethereum network.",https://www.cnbc.com/2025/06/30/wall-street-strategist-tom-lee-is-aiming-to-create-the-microstrategy-of-ethereum.html,1751283420
V,"Visa, FIS boost value-added card services","Visa and Fidelity National Information Services (FIS) have expanded their partnership to offer new value-added services to financial institutions, aiming to help smaller regional and community banks compete with larger ones. These services include digital marketing tools, branded digital wallet links, e-commerce fraud mitigation, and stop payment services. The collaboration seeks to increase card issuer revenue, reduce fraud, and improve customer retention for banks, aligning with Visa's broader strategy of deepening client relationships through value-added offerings.",https://www.paymentsdive.com/news/visa-fidelity-national-information-boost-value-added-card-services/751898/,1751322964
V,Liberty Media completes €4.2bn MotoGP acquisition,"Liberty Media has finalized its €4.2 billion acquisition of MotoGP commercial rights holder Dorna Sports, taking an 84% stake. The deal, which faced regulatory delays and received unconditional approval from the European Commission last month, sees MotoGP continuing to be led by its current management team. Liberty Media aims to leverage MotoGP's growth potential by connecting with its fanbase and expanding its global audience.",https://www.blackbookmotorsport.com/news/motogp-liberty-media-takeover-deal-completed-dorna-f1-july-2025/,1751663000
V,"Q3 2025 Stock Market Outlook: After the Rally, What’s Still Undervalued?","The US stock market is currently trading at a slight premium to fair value after a recent rally, with growth stocks being particularly overvalued while small-cap and value stocks remain attractively priced. Heightened volatility is expected due to upcoming tariff deadlines and earnings season, making strategic positioning crucial. Investors are advised to rebalance portfolios, taking profits from overvalued sectors and reinvesting in undervalued areas like healthcare, energy, communications, real estate, and specific value stocks within consumer defensive.",https://www.morningstar.com/markets/q3-2025-stock-market-outlook-after-rally-whats-still-undervalued,1751846400
V,VGT ETF Explained: Is It the Best Tech Investment Today?,"This article provides an in-depth analysis of the Vanguard Information Technology ETF (VGT), evaluating its framework, effectiveness, and potential risks as a tech investment. It details VGT's holdings, performance against the S&P 500, and compares it to other popular tech ETFs like XLK, QQQ, and FTEC. The piece concludes that VGT is a strong candidate for a core tech holding in a growth-oriented portfolio due to its diversified, low-cost structure and alignment with innovation, despite its inherent volatility.",https://www.ebc.com/forex/vgt-etf-explained-is-it-the-best-tech-investment-today,1751950367
V,"Apple, Visa, and Mastercard win dismissal of merchant antitrust lawsuit over payment fees","A U.S. judge dismissed an antitrust lawsuit against Apple, Visa, and Mastercard, which alleged they colluded to stifle competition in the payments network market and inflated merchant fees. The judge found insufficient evidence that Apple unlawfully refused to launch a competing payment network. However, the merchants were given the opportunity to amend their lawsuit to strengthen their claims.",https://macdailynews.com/2025/07/10/apple-visa-and-mastercard-win-dismissal-of-merchant-antitrust-lawsuit-over-payment-fees/,1752148320
V,"Apple, Visa and Mastercard win dismissal of merchant antitrust lawsuit over payment fees","A U.S. judge has dismissed a merchant antitrust lawsuit accusing Apple, Visa, and Mastercard of conspiring to suppress competition in the payments network market and causing inflated transaction fees. The judge ruled that the plaintiffs did not provide enough evidence but allowed them to amend their lawsuit. The lawsuit alleged that Visa and Mastercard paid Apple to prevent it from launching a competing payment network.",https://www.reuters.com/legal/transactional/apple-visa-mastercard-win-dismissal-merchant-antitrust-lawsuit-over-payment-fees-2025-07-10/,1752162240
V,Visa AI Strategy: Why Visa will Dominate AI Driven Commerce Era,"This report argues that Visa is uniquely positioned to dominate the AI-driven commerce era due to its unparalleled global data scale, a three-decade head start in applying AI to risk management, and a clear strategy to become the central operating system for the agentic economy. Visa's approach involves transforming its defensive AI tools into value-added services and preemptively architecting payment rails for a future where AI agents conduct transactions on behalf of consumers. The company's strategic acquisitions and partnerships further solidify its competitive moat against rivals and disruptive technologies.",https://www.klover.ai/visa-ai-strategy-why-visa-will-dominate-ai-driven-commerce-era/,1752184176
V,JPMorgan tells fintech firms to start paying for customer data,"JPMorgan Chase & Co. is moving to charge financial-technology companies hundreds of millions of dollars for access to customer bank account information, a move that could significantly disrupt the industry. These fees, which are not yet final and could be negotiated, are expected to vary based on how companies use the data and could ultimately be passed on to consumers. The controversial data-sharing rule from the Biden era, which allowed consumers to share their financial data for free, is currently in question, making JPMorgan's timing strategic.",https://www.investmentnews.com/fintech/jpmorgan-tells-fintech-firms-to-start-paying-for-customer-data/261270,1752268286
V,A Look Into Visa Inc's Price Over Earnings,"Visa Inc. (NYSE: V) shares are trading at $354.38, having experienced a 0.05% drop recently, though the stock has increased by 34.85% over the past year. The article analyzes Visa's P/E ratio of 35.63 compared to the Financial Services industry's aggregate P/E of 35.19, suggesting it might be overvalued despite potentially better future performance. It emphasizes that the P/E ratio is a useful but limited metric, requiring consideration alongside other financial metrics and qualitative analysis for informed investment decisions.",https://www.sahmcapital.com/news/content/a-look-into-visa-incs-price-over-earnings-2025-07-09,1752401331
V,"With 60% ownership, Annaly Capital Management, Inc. (NYSE:NLY) boasts of strong institutional backing","Annaly Capital Management, Inc. (NYSE:NLY) is significantly influenced by institutional investors, who collectively own 60% of the company. BlackRock, Inc., The Vanguard Group, Inc., and T. Rowe Price Group, Inc. are among the largest shareholders, holding substantial stakes. Despite strong institutional backing, insiders own less than 1% of the company, and the general public holds a 40% stake.",https://finance.yahoo.com/news/60-ownership-annaly-capital-management-132603056.html,1752442359
V,"PNC Reports Second Quarter 2025 Net Income of $1.6 Billion, $3.85 Diluted EPS","PNC Financial Services Group, Inc. reported second quarter 2025 net income of $1.6 billion, or $3.85 diluted EPS, marking an increase from the previous quarter and year. The company saw strong loan growth, positive operating leverage, and stable credit quality. Additionally, PNC increased its quarterly common stock dividend to $1.70 per share.","https://pnc.mediaroom.com/2025-07-16-PNC-Reports-Second-Quarter-2025-Net-Income-of-1-6-Billion,-3-85-Diluted-EPS",1752624000
V,"PNC Reports Second Quarter 2025 Net Income of $1.6 Billion, $3.85 Diluted EPS","The PNC Financial Services Group, Inc. reported second quarter 2025 net income of $1.6 billion, or $3.85 diluted EPS, demonstrating strong loan growth and positive operating leverage. The company increased its quarterly common stock dividend to $1.70 per share and maintained a robust capital position. These results highlight PNC's effective national growth strategy and disciplined expense management amidst an evolving macroeconomic environment.",https://www.prnewswire.com/news-releases/pnc-reports-second-quarter-2025-net-income-of-1-6-billion-3-85-diluted-eps-302506673.html,1752647851
V,"Volcon Announces over $500,000,000 Private Placement to Initiate Bitcoin Treasury Strategy","Volcon, Inc. has announced a private placement totaling over $500 million, with the majority of the proceeds intended to acquire Bitcoin as its primary treasury reserve asset. This strategic shift will also see new appointments to its board, including Ryan Lane of Empery Asset Management as co-CEO and Chairman, to guide the company's Bitcoin treasury strategy. Volcon aims to safeguard shareholder value and align with a digital future while continuing to transform its electric off-road power sports business.",https://www.augustachronicle.com/press-release/story/3008/volcon-announces-over-500000000-private-placement-to-initiate-bitcoin-treasury-strategy/,1752768572
V,"Mastercard, Visa Face New Swipe Fees Claim By UK Retailers",Harcus Parker is preparing a new class action lawsuit against Visa and Mastercard on behalf of UK retailers. The lawsuit alleges that the companies overcharged retailers for accepting debit and credit card payments. This action follows a tribunal ruling that the transaction fees collected by Visa and Mastercard breach UK competition law.,https://www.law360.com/articles/2366485/mastercard-visa-face-new-swipe-fees-claim-by-uk-retailers,1752852240
V,"With 86% ownership, Intuit Inc. (NASDAQ:INTU) boasts of strong institutional backing","Intuit Inc. (NASDAQ:INTU) has strong institutional backing, with institutions owning 86% of the company's shares. The top 24 shareholders collectively hold 50%, while The Vanguard Group, BlackRock, and State Street Global Advisors are among the largest individual institutional holders. Insider ownership is also significant at US$4.8 billion, indicating leadership investment, and the general public holds an 11% stake.",https://simplywall.st/stocks/us/software/nasdaq-intu/intuit/news/with-86-ownership-intuit-inc-nasdaqintu-boasts-of-strong-ins,1753045763
V,Stablecoins emerge as alternative: Amex CEO,"American Express CEO Steve Squeri views stablecoins as a viable alternative for traditional payment rails like ACH and Swift, especially following the passage of the Genius Act which provides a federal regulatory framework. While stablecoins are not expected to fully replace existing systems, Amex is exploring their potential for cross-border payments. The company, like Visa and Mastercard, is taking a close look at digital assets, demonstrated by a recent Coinbase credit card partnership offering bitcoin rewards.",https://www.paymentsdive.com/news/amex-stablecoins-alternative-swift-ach-payments/753525/,1753129996
V,"Global Business Travel Spending to Reach $1.57 Trillion in 2025 Amid Trade Policy Uncertainty and Economic Risk, According to New GBTA Forecast","Global business travel spending is predicted to hit a new high of $1.57 trillion in 2025, a 6.6% year-over-year growth, but with a slowdown this year due to trade tensions and economic pressures. The GBTA Business Travel Index Outlook forecast, made in partnership with Visa, highlights regional and sector divergence, with the U.S. and China dominating spending, and specific industries like Manufacturing and Wholesale Trade facing higher risks from trade escalations. Despite these challenges, business traveler sentiment remains strong, reflecting confidence in the value of work-related travel.",https://www.businesswire.com/news/home/20250721167781/en/Global-Business-Travel-Spending-to-Reach-%241.57-Trillion-in-2025-Amid-Trade-Policy-Uncertainty-and-Economic-Risk-According-to-New-GBTA-Forecast,1753131818
V,Top Trading Strategies Using XLF ETF,"The XLF ETF is a key tool for traders focusing on the U.S. financial sector, especially during market shifts influenced by interest rates or regulatory announcements. It offers high liquidity and exposure to major financial institutions, making it suitable for both bullish and bearish strategies without the idiosyncratic risks of individual stocks. The article details XLF's cost-effectiveness, composition, performance against peers, liquidity, and inherent risks, along with popular trading strategies.",https://www.ebc.com/forex/top-trading-strategies-using-xlf-etf,1753420897
V,"Capital One Financial Corporation (COF): CEO’s Going For A “Worldwide Card,” Says Jim Cramer","Jim Cramer is highly optimistic about Capital One Financial Corporation (COF) following its merger with Discover, viewing it as a strong contender in the banking industry. Cramer believes CEO Richard Fairbank is aiming to create a ""worldwide card,"" potentially challenging major players like American Express, Mastercard, and Visa. He highlights Capital One's current valuation at 11 times next year's earnings as ""incredibly cheap"" compared to American Express, suggesting significant upside potential.",https://finance.yahoo.com/news/capital-one-financial-corporation-cof-234644952.html,1753562361
V,HP Inc. (NYSE:HPQ) is largely controlled by institutional shareholders who own 84% of the company,"HP Inc. (NYSE:HPQ) is largely controlled by institutional shareholders, who own 84% of the company. Institutional ownership typically implies greater credibility in the investment community due to their significant resources and liquidity. While The Vanguard Group, BlackRock, Inc., and State Street Global Advisors, Inc. are major shareholders, no single entity has dominant control, as the top 16 investors collectively account for 51% ownership.",https://simplywall.st/stocks/us/tech/nyse-hpq/hp/news/hp-inc-nysehpq-is-largely-controlled-by-institutional-shareh-3,1753650428
V,Flex Becomes First FinTech to Launch Visa Infinite Business Credit Card,"Flex, a financial operating system for businesses, has launched the Flex Visa Infinite Business Credit Card, becoming the first U.S. fintech in its category to offer this premium product. The new card provides higher-tier benefits, flexible repayment options, and advanced travel, insurance, and lifestyle perks, making exclusive Visa Infinite Business advantages accessible to small and midsize businesses. This move replaces Flex's previous Mastercard product and aims to enhance the financial experience for business owners by integrating luxury benefits and comprehensive protections.",https://www.businesswire.com/news/home/20250728440254/en/Flex-Becomes-First-FinTech-to-Launch-Visa-Infinite-Business-Credit-Card,1753739376
V,"After-Hours Earnings Report for July 29, 2025 : V, BKNG, SBUX, MDLZ, RSG, EA, ACGL, STX, PPG, ESS, TER, WPC","This article provides an after-hours earnings report for July 29, 2025, detailing consensus earnings per share forecasts for 12 major companies including Visa, Booking Holdings, Starbucks, and Mondelez International. Each company's forecast, year-over-year change, past performance against expectations, and Price to Earnings ratio relative to its industry are highlighted. The report indicates which companies are expected to show higher earnings growth compared to their competitors.",https://www.nasdaq.com/articles/after-hours-earnings-report-july-29-2025-v-bkng-sbux-mdlz-rsg-ea-acgl-stx-ppg-ess-ter-wpc,1753797600
V,Visa Q3 earnings beat as consumer stays resilient (V:NYSE),"Visa (NYSE: V) reported a beat on its fiscal Q3 earnings and revenue estimates while reaffirming its full-year guidance, despite a slight dip in stock after-hours. The company's performance indicates continued consumer resilience, bolstering investor confidence in its financial outlook.",https://seekingalpha.com/news/4473763-visa-q3-earnings-beat-as-consumer-stays-resilient,1753806240
V,Visa supera expectativas com resultados do 3º tri de 2025,"Visa Inc. (NYSE: V) reported strong third-quarter fiscal 2025 results, outperforming analyst expectations with an EPS of $2.98 against a predicted $2.84, and revenue of $10.2 billion, exceeding the anticipated $9.84 billion. The company saw a 14% revenue increase and 23% EPS growth year-over-year, driven by an 8% rise in global payment volume, and maintained its full-year guidance for strong revenue growth.",https://br.investing.com/news/transcripts/visa-supera-expectativas-com-resultados-do-3o-tri-de-2025-93CH-1626078,1753816560
V,"Visa (V) Declares Dividend, Buys Back 14 Million Shares in Q3 FY2025","Visa Inc. (NYSE:V) announced a quarterly cash dividend of $0.590 per share for Class A common stock, payable on September 2, 2025. In Q3 FY2025, the company repurchased approximately 14 million shares of its class A common stock for a total of $4.8 billion at an average price of $349.24 per share. Visa still has $29.8 billion in authorized funds remaining for future share repurchases.",https://www.insidermonkey.com/blog/visa-v-declares-dividend-buys-back-14-million-shares-in-q3-fy2025-1578763/,1753866780
V,"Visa Beats Q3 Earnings Expectations, So Why Did the Market Panic?","Visa (NYSE: V) reported strong Q3 2025 earnings, surpassing revenue growth and adjusted EPS expectations. Despite the impressive results, the stock experienced an after-hours dip of 2%-3% due to cautious forward guidance for Q4. The company highlighted resilient consumer spending and significant growth in value-added services, while also expanding into stablecoins and its Visa Direct platform for global money transfers.",https://www.marketbeat.com/originals/visa-beats-q3-earnings-expectations-so-why-did-the-market-panic/,1753912176
V,Visa Earnings: Results Improve Sequentially; Consumer Spending Holds Up,"Visa reported a strong fiscal third quarter with sequential improvements in net revenue growth and payment volumes, indicating consumer spending is holding up. While cross-border volume has normalized, the company maintains its fair value estimate but notes shares are modestly overvalued, citing near-term uncertainty from tariffs. Operating margins saw a slight decline, but client incentive growth was muted.",https://global.morningstar.com/en-gb/stocks/visa-earnings-results-improve-sequentially-consumer-spending-holds-up,1753923128
V,Visa Earnings: Results Improve Sequentially; Consumer Spending Holds Up,"Visa reported strong fiscal third-quarter results with sequential improvements in constant-currency net revenue growth and overall payment volume. While consumer spending is holding up, Morningstar maintains its $306 fair value estimate for Visa and views shares as modestly overvalued, citing uncertainty from potential tariffs. The company's cross-border volume has normalized, and investments for growth are influencing near-term margin movements.",https://global.morningstar.com/en-nd/stocks/visa-earnings-results-improve-sequentially-consumer-spending-holds-up,1753960903
V,"BBVA lanza 'límites dinámicos', nueva funcionalidad en tarjetas de crédito","BBVA is introducing ""dynamic limits,"" a new functionality for its credit cards in Argentina, making it the first private bank to offer this service. This innovation allows customers with two active credit cards (Visa and Mastercard) to unify their credit limits, providing greater flexibility and purchasing power. Customers can view their combined limit through the BBVA app or online banking.",https://www.bbva.com/es/ar/innovacion/bbva-innova-con-limites-dinamicos-y-se-posiciona-como-el-primer-banco-privado-en-ofrecer-esta-funcionalidad-en-tarjetas-de-credito/,1753994019
V,"Rakuten Mobile keeps Cisco with Nokia, F5 for long-awaited 5G SA network","Rakuten Mobile has selected Cisco, Nokia, and F5 as partners for its 5G standalone (5G SA) mobile network deployment in Japan, running on its Symphony cloud-native platform. This decision surprised some analysts as previous indications suggested Rakuten might replace Cisco, but the company opted to retain its relationship with Cisco, along with long-standing partners Nokia and F5. While the choice of partners continues Rakuten's multivendor strategy, analysts noted the relatively slow pace of Rakuten's 5G SA rollout compared to competitors like SoftBank and NTT DoCoMo.",https://www.sdxcentral.com/news/rakuten-mobile-keeps-cisco-with-nokia-f5-for-long-awaited-5g-sa-network/,1753995689
V,Is American Express Company (AXP) a Reliable Income Stock for Long-Term Investors?,"American Express Company (AXP) is presented as a reliable income stock due to its focus on affluent customers, operation of its own payment network, and a solid dividend history. The company offers a 1.1% dividend yield, supported by a low 21% payout ratio and a 12% annual dividend growth rate over five years, positioning it as an appealing option for long-term investors.",https://finance.yahoo.com/news/american-express-company-axp-reliable-045625021.html,1754073666
V,Why Solana Could Skyrocket: Multiple Asset Managers File Revised ETF Applications to SEC,"Major asset managers, including Franklin Templeton, Grayscale, VanEck, and Fidelity, have filed revised spot Solana ETF applications with the SEC. These updated filings include staking provisions and clearer custodianship structures, indicating a coordinated effort to meet SEC requirements. Despite a short-term price dip, an ETF approval could significantly legitimize Solana, boost liquidity, and lead to increased institutional adoption.",https://www.tradingview.com/news/newsbtc:412704cb4094b:0-why-solana-could-skyrocket-multiple-asset-managers-file-revised-etf-applications-to-sec/,1754078755
V,Visa denies DOJ debit card allegations,"Visa has formally responded to the U.S. Department of Justice's 2024 debit card antitrust lawsuit, denying claims of operating an illegal monopoly in the U.S. debit card market. The company asserts its business practices are procompetitive and justified, rejecting allegations that its agreements prevent competition or pay rivals not to compete. This response follows a failed bid by Visa to have the case dismissed, with the lawsuit alleging that Visa handles over 60% of U.S. debit card transactions and generates more than $7 billion annually in processing fees.",https://www.paymentsdive.com/news/visa-denies-doj-debit-card-allegations-networks-consumers/756534/,1754079071
V,SAP buys AI-enabled hiring platform SmartRecruiters,"SAP announced its plan to acquire San Francisco-based HR startup SmartRecruiters for an undisclosed fee. SmartRecruiters specializes in AI-powered applicant tracking and recruitment analytics, which SAP intends to integrate into its SuccessFactors platform to enhance hiring and workforce planning capabilities. This acquisition is significant for SAP, marking one of its largest under CEO Christian Klein, and aims to strengthen its cloud-based offerings in its most crucial market, the U.S.",https://siliconangle.com/2025/08/03/sap-buys-ai-enabled-hiring-platform-smartrecruiters/,1754251415
V,4 Super High-Yield Dividend Picks for Steady Passive Income,"This article identifies four high-yield dividend ETFs—QDVO, SPYI, RSPA, and QQQI—that offer steady passive income for investors. It details each ETF's strategy, holdings, and effective annual yield after accounting for operating fees. The author emphasizes that these funds provide diversification and high distribution rates, making them suitable for building wealth in 2025.",https://247wallst.com/investing/2025/08/05/4-super-high-yield-dividend-picks-for-steady-passive-income/,1754391480
V,NCR Atleos’s New ATM Deals and other Digital Transactions News briefs from 8/6/25,"NCR Atleos has expanded its ATM network deals, with Casey's joining Allpoint and providing thousands of new ATMs to FCTI Inc. Other companies like Affirm, One Inc, Toast, Visa, Nuvei, Corpay, Taxbit, and Bluefin also announced significant business developments in the digital payments space. These updates include extensions of BNPL services, new cybersecurity initiatives, international expansion, stablecoin integrations, and partnerships aimed at enhancing payment processing and security.",https://www.digitaltransactions.net/ncr-atleoss-new-atm-deals-and-other-digital-transactions-news-briefs-from-8-6-25/,1754505807
V,Live Nation’s Trump Playbook: Cozying up to Undermine Antitrust Case,"Live Nation is aggressively lobbying the Trump administration to undermine the Justice Department's antitrust lawsuit against it, which seeks to break up its Ticketmaster merger. The company is using tactics like hiring Trump-aligned consultants, appointing loyalists to its board, making significant donations, and promoting large-scale venue investments to curry favor. This strategy is drawing criticism from consumer advocates, industry groups, and attorneys general who widely support the breakup of Live Nation's alleged monopoly.",https://www.ticketnews.com/2025/08/live-nations-trump-playbook-cozying-up-to-undermine-antitrust-case/,1754595391
V,NYSEARCA:CGCV ETF — Low-Beta Equity Cushion with 0.33% Fee and ~9.2% YTD Total Return,"The NYSEARCA:CGCV ETF is presented as a conservative equity option designed for drawdown control with modest upside participation, launched in June 2024. It boasts an ~8.4% YTD price increase and ~9.2% total return, with a low downside capture of 87.75% compared to the S&P 500, and a 0.33% expense ratio. The ETF emphasizes quality holdings like Microsoft and strategic sector allocation to achieve lower volatility while still benefiting from growth trends.",https://www.tradingnews.com/news/nysearca-cgcv-etf-holds-its-line-downside-capture-87-percent-ytd-8-percent,1754630473
V,"ING Groep NV Purchases New Shares in Funko, Inc. (NASDAQ:FNKO)","ING Groep NV has acquired 1,000,000 shares of Funko, Inc. (NASDAQ:FNKO) for approximately $6.86 million, representing a 1.83% stake. Other hedge funds like Vanguard Group and Assenagon Asset Management also significantly adjusted their holdings. Funko currently holds a consensus ""Hold"" rating from analysts with a price target ranging from $5.50 to $9.88, despite recent insider selling and a 32.8% stock price decline.",https://www.marketbeat.com/instant-alerts/filing-1000000-shares-in-funko-inc-nasdaqfnko-acquired-by-ing-groep-nv-2025-08-05/,1754697600
V,The yield-duration sweet spot,"Bond managers are actively seeking a ""sweet spot"" within the yield curve to optimize returns for fixed-income portfolios. This sweet spot, currently identified by some as the ""belly"" of the curve (3-7 years, particularly five years), offers a balance of higher yield and mitigated interest-rate risk compared to shorter or longer maturities. The article highlights that while bond yields are generally attractive, active management, diversification, and strategic positioning based on risk tolerance are crucial for maximizing returns and hedging against market volatility.",https://www.investmentexecutive.com/news/research-and-markets/the-yield-duration-sweet-spot/,1755011880
V,The Surprising Truth About Dividend Growth Stocks,"Dividend growth stocks have underperformed the broader US equity market over the past decade, despite their reputation for quality and defensiveness. While they offer less volatility and are less concentrated, their lighter exposure to high-growth tech stocks and shifting sector dynamics contribute to this underperformance. However, they remain a valid and defensive investment strategy, particularly for risk-averse investors, trading at lower multiples.",https://www.morningstar.com/stocks/surprising-truth-about-dividend-growth-stocks,1755043200
V,"Individual investors account for 51% of Altimmune, Inc.'s (NASDAQ:ALT) ownership, while institutions account for 48%","Individual investors collectively hold a controlling 51% ownership in Altimmune, Inc. (NASDAQ:ALT), giving them significant influence over the company's management and strategy, while institutions hold 48%. BlackRock, Inc. is the largest institutional shareholder with 7.6% ownership, followed by The Vanguard Group, Inc. and State Street Global Advisors, Inc. This distribution implies that no single entity holds a majority interest, allowing the collective general public to impact key decisions.",https://finance.yahoo.com/news/individual-investors-account-51-altimmune-113049643.html,1755043200
V,Wellgistics Health launches XRP blockchain payment program for pharmacies,"Wellgistics Health Inc. has launched an XRP blockchain payment program for independent pharmacies, enabling instant prescription drug transactions with lower fees. This initiative, developed in partnership with RxERP, aims to streamline payment processing using Ripple Labs' XRP Ledger technology. The company also recently completed an $8.1 million debt-to-equity conversion and appointed UHY LLP as its new auditor to strengthen its financial position and oversight.",https://www.investing.com/news/company-news/wellgistics-health-launches-xrp-blockchain-payment-program-for-pharmacies-93CH-4188364,1755074220
V,Booking.com launches new credit card with travel rewards,"Booking.com has launched its new Genius Rewards Visa Signature Credit Card, powered by Imprint, offering cardholders Travel Credits instead of traditional points or miles. The card has no annual fee and provides various earning rates, along with Genius Level 3 status for loyalty benefits. This move by Booking.com, which reported impressive gross profit margins, aims to offer flexibility and transparency in travel rewards.",https://www.investing.com/news/company-news/bookingcom-launches-new-credit-card-with-travel-rewards-93CH-4192722,1755196969
V,"Virtu Financial LLC Takes $96,000 Position in Solid Power, Inc. $SLDP","Virtu Financial LLC has acquired a new position in Solid Power, Inc. (NASDAQ:SLDP) totaling 91,358 shares valued at $96,000. This comes as Solid Power reported exceeding revenue expectations despite missing EPS estimates, and Needham & Company raised its price target on the stock. Other hedge funds, including Invesco Ltd. and Geode Capital Management LLC, have also adjusted their holdings in Solid Power.",https://www.marketbeat.com/instant-alerts/filing-virtu-financial-llc-acquires-new-position-in-solid-power-inc-sldp-2025-08-18/,1755826783
V,"American Express Card: Types, Benefits, and Fees Explained","American Express (Amex) cards offer various electronic payment options, including credit, charge, and prepaid cards, uniquely functioning as both issuer and processor. Known for benefits like rewards points, travel perks, and high-quality customer service, Amex cards often come with significant annual fees and may have more limited merchant acceptance due to higher transaction fees. They primarily target individuals with good to excellent credit scores, providing a strong combination of features for qualified cardholders.",https://www.investopedia.com/terms/a/american-express-card.asp,1755965257
V,Who Owns Coca-Cola? Top Shareholders and Insider Trades Behind the World’s Top Beverage Stock,"The article analyzes the ownership of The Coca-Cola Company (KO), highlighting its top shareholders like Berkshire Hathaway, Vanguard, and BlackRock, and detailing recent insider trading activity. While institutional ownership provides stability, active funds show mixed conviction, and insider sales suggest management does not see the stock as a bargain at current prices. The piece concludes that Coca-Cola remains a stable dividend anchor for long-term investors, but with potentially limited short-term upside.",https://www.tikr.com/blog/who-owns-coca-cola-top-shareholders-and-insider-trades-behind-the-worlds-top-beverage-stock,1755977647
V,"Buy Now Pay Later (BNPL) Market Opportunities and Strategies Report 2025-2034 | E-Commerce, Smartphones, AI, and Digital Wallets Drive Growth Despite Regulatory, Cybersecurity, and Default Risks","The global Buy Now Pay Later (BNPL) market, valued at $231.5 billion in 2024, is projected to reach $7.89 trillion by 2034 with a CAGR of 42.3%, driven by e-commerce, smartphone adoption, and AI. North America currently leads, but the Middle East and South America are expected to be the fastest-growing regions. Despite significant growth opportunities, the market faces challenges like regulatory scrutiny, cybersecurity risks, and rising default rates.",https://www.globenewswire.com/news-release/2025/08/25/3138285/28124/en/Buy-Now-Pay-Later-BNPL-Market-Opportunities-and-Strategies-Report-2025-2034-E-Commerce-Smartphones-AI-and-Digital-Wallets-Drive-Growth-Despite-Regulatory-Cybersecurity-and-Default-.html,1756099680
V,Grayscale Files S-1 With SEC to Launch Spot Avalanche (AVAX) ETF on Nasdaq,"Grayscale Investments has filed an S-1 registration statement with the SEC to launch a Spot Avalanche (AVAX) Exchange-Traded Fund on Nasdaq, aiming to convert its existing Avalanche Trust into a publicly traded product. If approved, this ETF would provide institutional and retail investors direct exposure to AVAX through traditional brokerage accounts, with Coinbase Custody as the asset custodian and BNY Mellon as administrator. The move signifies Grayscale's strategy to expand its crypto ETF offerings beyond Bitcoin and Ethereum, capitalizing on the growing institutional interest in Avalanche despite regulatory hurdles and competition from other financial institutions.",https://www.cryptoninjas.net/news/grayscale-files-s-1-with-sec-to-launch-spot-avalanche-avax-etf-on-nasdaq/,1756152678
V,Mastercard Is Exposed to Consumer Spending,"Mastercard possesses a wide economic moat and benefits from the ongoing global shift towards electronic payments, making its position in the financial infrastructure ""unassailable."" The company acts as a ""tollbooth business,"" profiting regardless of the payment method, and sees further growth opportunities in emerging markets as developed markets mature. Morningstar views Mastercard's growth as strong due to stable consumer spending.",https://www.morningstar.com/company-reports/1324979-mastercard-is-exposed-to-consumer-spending,1756183482
V,First US spot Chainlink ETF could turn LINK into the next institutional obsession,"Asset manager Bitwise has filed an application with the SEC to launch the first US spot Chainlink ETF, aiming to provide direct exposure to the digital asset. The proposed fund would hold Chainlink (LINK) tokens directly and is designed to passively track the value of LINK, offering a regulated investment vehicle for institutional demand. Its approval could broaden investor access beyond existing Bitcoin and Ethereum ETFs, highlighting the growing significance of foundational DeFi assets.",https://cryptoslate.com/bitwise-aims-to-debut-first-us-chainlink-etf/,1756212300
V,Exclusive: San Francisco scores long-term conference commitment from Visa,"Visa has committed to holding its annual Payments Forum conference at San Francisco's Moscone Center through 2030, a significant boost for the city's convention business. This multi-year pledge comes after major tech companies had previously canceled conferences due to tough street conditions. Mayor Daniel Lurie sees Visa's investment as further evidence of San Francisco's comeback, attributing it to improvements in safety, cleanliness, and a growing real estate market driven by the AI boom.",https://www.sfchronicle.com/sf/article/visa-conference-san-francisco-20826611.php,1756325471
V,Visa data shows 25% spending boost from Bad Bunny shows,"Visa reported a significant increase in consumer spending in San Juan, Puerto Rico, during the initial weeks of Bad Bunny's residency, ""Yo no me quiero ir de aquí."" Transactions via Visa payment methods rose over 25% from July 11-27 compared to the previous year, driven by concertgoers. This spending surge was particularly notable near the venue in tourism-related sectors, with fast-food restaurants seeing a 200% increase, and also attracted nearly 15% more international visitors to Puerto Rico.",https://newsismybusiness.com/visa-data-shows-25-spending-boost-from-bad-bunny-shows/,1756411871
V,"Daily Digest: Claire's to shutter Bay Area stores, law firm lands a new S.F. office - San Francisco Business Times","Claire's is planning to close its Bay Area stores by September 7th. This news is part of a daily digest from the San Francisco Business Times, which also covers a law firm securing a new office in San Francisco. The article is a brief update on local business developments.",https://www.bizjournals.com/sanfrancisco/news/2025/08/29/sfbt-digest-thursday-claires-affirm-jmbm-amoeba.html,1756492640
V,Who Owns General Motors? Top Shareholders and Insider Moves,"The article analyzes the ownership of General Motors (NYSE: GM), highlighting that large asset managers like Vanguard, BlackRock, and State Street dominate its shareholder base. It also examines recent insider trading activity, which has leaned towards selling, suggesting caution among company leadership despite some hedge funds showing renewed interest. The content emphasizes GM's transformation into electric vehicles and autonomous driving while balancing its legacy business and debt load.",https://www.tikr.com/blog/who-owns-general-motors-top-shareholders-and-insider-moves,1756684800
V,"Solana Price Prediction: 8 Wall Street Giants File for SOL ETFs – Final Countdown to $1,000 Begins Now","Eight major asset managers, including VanEck and Fidelity, are filing updated S-1 documents for spot Solana ETFs in the US, with redemptions possible in cash or SOL. This regulatory development, following similar revisions for XRP ETFs, signals a positive dialogue with the SEC and could significantly boost institutional demand for Solana. Experts predict a potential price breakout for SOL, targeting $500 and possibly $1,000 if ETF approvals materialize.",https://www.coinspeaker.com/solana-price-prediction-wall-street-giants-file-sol-etfs/,1756750409
V,Grayscale seeks SEC approval to launch spot Chainlink ETF in the US,"Grayscale has filed an S-1 registration statement with the SEC to launch a spot Chainlink ETF, potentially including a staking component, and to convert its existing Chainlink Trust product. This move is part of several recent filings by Grayscale for various crypto ETFs, such as Avalanche and Dogecoin, amid a more pro-crypto regulatory environment under the new administration. The proposed ETF would list on NYSE Arca under the ticker GLNK, with Coinbase Custody Trust Company as the custodian.",https://www.theblock.co/post/369788/grayscale-seeks-sec-approval-to-launch-spot-chainlink-etf-in-the-us,1757314980
V,Earnings call transcript: Fold Holdings Q2 2025 sees stock rise after earnings beat,"Fold Holdings (FLD) reported a strong Q2 2025, with revenue up 59% year-over-year to $8.2 million and an EPS of $0.28, significantly beating forecasts. The company's stock rose 6.47% after hours, reflecting investor confidence in its expanding Bitcoin-related financial services, including upcoming gift card and credit card launches. Fold Holdings also emphasized its strategy of accumulating Bitcoin in its treasury to support its operating business and long-term value creation.",https://www.investing.com/news/transcripts/earnings-call-transcript-fold-holdings-q2-2025-sees-stock-rise-after-earnings-beat-93CH-4231696,1757414160
V,"Visa: I Love It Below $300, But The Pullback Is Worth Buying For Long-Term Investors","Despite recent share price weakness, Visa (V) presents a compelling buying opportunity for long-term investors due to strong earnings, robust revenue and EPS growth, and resilient payment volumes. Strategic partnerships, digital innovation, and double-digit free cash flow growth supporting a safe dividend and aggressive buybacks further enhance its attractiveness. The author, a long-term dividend growth investor, views the current pullback as a chance to buy into a quality blue-chip stock.",https://seekingalpha.com/article/4820895-visa-love-it-below-300-but-pullback-worth-buying-for-long-term-investors,1757529123
V,Stablecoins Enter the Mainstream,"The article discusses how stablecoins are moving from crypto trading tools to a regulated part of the U.S. financial system, driven by the recently passed GENIUS Act. This legislation aims to make payments faster and cheaper by requiring stablecoins to be fully backed by safe, liquid assets and subject to strict audits. While stablecoins offer significant potential for cross-border transactions and remittances, the article also highlights risks such as their impact on short-term funding markets due to Treasury bill holdings, potential disruption to monetary policy in other countries, and the need for robust rulemaking to balance efficiency with financial stability.",https://economics.td.com/us-stablecoins-enter-the-mainstream,1757612529
V,Should Visa's (V) Push Into Sustainable Payments With Ample Earth Matter to Investors?,"Visa recently partnered with Ample Earth to integrate merchant-specific sustainability data (eco-labels, social tags) into digital banking and loyalty programs, aiming to embed sustainability in daily commerce. While this initiative positions Visa as a driver of sustainable commerce, its immediate impact on investor outlook is likely minimal compared to continued digital payment growth and competitive/regulatory pressures. Visa's financial outlook anticipates significant revenue and earnings growth by 2028, suggesting a 15% upside to its current price according to its fair value estimates.",https://www.sahmcapital.com/news/content/should-visas-v-push-into-sustainable-payments-with-ample-earth-matter-to-investors-2025-09-15,1757950800
V,Stablecoins – Modernizing financial infrastructure,"Stablecoins are rapidly transforming the global financial landscape by combining fiat currency stability with blockchain efficiency, leading to broad institutional acceptance and reinforcing the dollar's dominance. The article highlights their growing market capitalization, diverse use cases beyond crypto trading, and the role they play in modernizing cross-border payments and treasury operations. Regulatory developments, particularly the GENIUS Act, are shaping the stablecoin ecosystem and influencing their significant demand for U.S. Treasurys, while also presenting challenges and opportunities in emerging markets and for traditional financial institutions.",https://www.morganstanley.com/im/en-us/individual-investor/insights/articles/modernizing-financial-infrastructure.html,1757959258
V,TransUnion Says More Rent Payments Being Reported to Credit Reporting Agencies,"TransUnion reports an increase in consumers' rent payments being reported to credit agencies, rising from 11% in 2024 to 13% in 2025. This trend, despite a decline in property manager participation, suggests more consumers are self-reporting payments, potentially due to new laws and third-party data furnishers. The company highlights that rent payment reporting significantly improves credit scores and will be further supported by recent regulatory changes allowing rent payment history in mortgage applications.",https://www.pymnts.com/consumer-finance/2025/transunion-says-more-rent-payments-being-reported-credit-reporting-agencies/,1757960259
V,4 Must-Own Dividend-Growth Stocks,"This article highlights four dividend-growth stocks—Microsoft, Broadcom, Apple, and Visa—that are among the top holdings of two highly-rated dividend-growth funds, Vanguard Dividend Growth and T. Rowe Price Dividend Growth. These companies are characterized by strong financial health, wide economic moats, and consistent dividend increases, making them attractive for long-term investors when purchased at fair value or below.",https://www.morningstar.com/stocks/4-must-own-dividend-growth-stocks-2,1757980800
V,Charles Schwab to open new branch in Mission Bay - San Francisco Business Times,"Charles Schwab is set to open a new brick-and-mortar branch in San Francisco's Mission Bay, strategically located near Visa's offices. This move signals Schwab's continued investment in physical locations to compete with fast-growing digital rivals like Robinhood. The expansion highlights a trend of traditional financial institutions reaffirming their presence through physical branches.",https://www.bizjournals.com/sanfrancisco/news/2025/09/17/charles-schwab-branch-expansion-robinhood-schw.html,1758122820
V,"ICICI Bank to provide discount/cashback of up to ₹50,000 as part of its ‘Festive Bonanza’","ICICI Bank has launched its ‘Festive Bonanza’ offering discounts or cashback of up to ₹50,000 across various categories like e-commerce, smartphones, electronics, fashion, and travel. Customers can avail these offers using credit/debit cards, internet banking, cardless EMI, or consumer finance, with no-cost EMI options available. The bank has partnered with major brands including Apple, Flipkart, Croma, OnePlus, MakeMyTrip, and also introduced special offers on various loan products such as home loans, auto loans, and personal loans.",https://www.fortuneindia.com/india/icici-bank-to-provide-discountcashback-of-up-to-50000-as-part-of-its-festive-bonanza/126743,1758201000
V,Visa deposits $500 million into U.S. litigation escrow account,"Visa Inc. has deposited $500 million into its U.S. litigation escrow account, which will lead to dilution of its class B-1 and B-2 common stock through adjustments to conversion rates. This action is mandated by the company’s U.S. retrospective responsibility plan and has an effect on earnings per share similar to repurchasing class A common stock. Concurrently, the company reported strong Q3 2025 financial results but faces some analyst concerns regarding litigation reserves.",https://www.investing.com/news/sec-filings/visa-deposits-500-million-into-us-litigation-escrow-account-93CH-4247499,1758300120
V,ETFs Investing in Visa Inc. Class A Stocks,"This article lists Exchange Traded Funds (ETFs) that hold Visa Inc. Class A stocks. It provides detailed information for each ETF, including market value, weight, issuer, management style, focus, expense ratio, assets under management (AUM), price, change percentage, relative volume, and 3-year NAV total return. The ETFs offer investors diversified opportunities with lower risk.",https://www.tradingview.com/symbols/NYSE-V/etfs/,1758700288
V,"$7,050,000,000 XRP in Volume as First XRP US ETF Welcomes Options Trading","The first spot XRP ETF in the U.S., XRPR, launched by digital asset manager Rex Osprey, now offers options trading, providing investors with more flexibility. This development follows a significant trading volume of $37.7 million on its launch day. In conjunction, XRP has seen substantial futures volume, totaling $7.05 billion over the last 24 hours, with notable increases on exchanges like Whitebit and Bitmex, while XRP's price rebounded to $2.87.",https://www.tradingview.com/news/u_today:9cabf72c4094b:0-7-050-000-000-xrp-in-volume-as-first-xrp-us-etf-welcomes-options-trading/,1758709871
V,"Israeli unicorn Tipalti raises $200 million in debt financing for AI, global growth","Finance automation platform Tipalti has secured $200 million in debt financing from Hercules Capital to boost its investment in artificial intelligence and expand globally. This funding follows the acquisition of AI-driven treasury automation startup Statement and the launch of its upgraded AI platform featuring context-aware AI agents designed to automate finance tasks. Tipalti, which has surpassed $200 million in annual recurring revenue and serves over 5,000 companies, aims to enhance efficiency for finance professionals worldwide.",https://www.ynetnews.com/business/article/rjxgxuznxx,1758735464
V,"IWF, LLY, V, ORCL: Large Inflows Detected at ETF","The iShares Russell 1000 Growth ETF (IWF) has seen a significant inflow of approximately $303.9 million, representing a 0.2% week-over-week increase in outstanding units. This inflow indicates growing investor demand for IWF, which holds major components like Eli Lilly (LLY), Visa Inc (V), and Oracle Corp (ORCL). Large ETF inflows often necessitate the purchase of underlying holdings, potentially impacting individual component stocks.",https://www.nasdaq.com/articles/iwf-lly-v-orcl-large-inflows-detected-etf,1758735689
V,Institutional investors have a lot riding on Antero Midstream Corporation (NYSE:AM) with 58% ownership,"Institutional investors own 58% of Antero Midstream Corporation (NYSE:AM), indicating their strong influence on the company's stock price. A group of five investors holds a majority stake of 52%, with Antero Resources Corporation being the largest shareholder at 29%. Despite this high institutional ownership, insiders hold less than 1% of the company's shares.",https://finance.yahoo.com/news/institutional-investors-lot-riding-antero-180211665.html,1758834582
V,The 2025 Global Payments Report,"The 2025 McKinsey Global Payments Report details the shifting landscape of payments, characterized by competing systems, the rise of digital assets like stablecoins, and the transformative impact of AI. The report forecasts industry growth through 2029, analyzes major forces reshaping the sector, and outlines strategic priorities for payments players to thrive amidst increasing fragmentation and evolving technologies. It highlights the move towards a multirail ecosystem and the critical role of trust and interoperability in future success.",https://www.mckinsey.de/industries/financial-services/our-insights/global-payments-report,1758920917
V,Visa adjusts conversion rates for class B shares after $500 million escrow deposit,"Visa Inc. announced adjustments to the conversion rates for its class B-1 and B-2 common stock following a $500 million deposit into its U.S. litigation escrow account. These changes resulted in a reduced as-converted share count for both classes of stock, similar to the effect of a share repurchase of class A common stock. The article also touches on recent downgrades by Freedom Capital Markets and Erste Group due to litigation reserves and limited growth opportunities, alongside new strategic initiatives like a cybersecurity advisory practice and a partnership for the Fold Bitcoin Credit Card™.",https://uk.investing.com/news/sec-filings/visa-adjusts-conversion-rates-for-class-b-shares-after-500-million-escrow-deposit-93CH-4280778,1758922200
V,"ETFs Investing in CSG Systems International, Inc. Stocks","This article lists various Exchange Traded Funds (ETFs) that hold shares of CSG Systems International, Inc. (CSGS). It provides detailed information for each ETF, including market value, weight of CSGS stock, issuer, management style, focus, expense ratio, assets under management (AUM), price, change percentage, relative volume, and 3-year NAV total return. The ETFs highlighted primarily focus on small-cap, extended market, or dividend-achievers strategies.",https://www.tradingview.com/symbols/NASDAQ-CSGS/etfs/,1758923486
V,The Financial Select Sector SPDR Fund (XLF) Top 25 Holdings,"This article details the top 25 holdings of The Financial Select Sector SPDR Fund (XLF), emphasizing its concentration in major U.S. financial institutions. It highlights key holdings like Berkshire Hathaway, JPMorgan Chase, and Visa, and discusses the fund's year-to-date performance and diversification across banking, payments, and asset management. The piece also explains why investors might consider XLF for targeted exposure to the financial sector.",https://www.tikr.com/blog/the-financial-select-sector-spdr-fund-xlf-top-25-holdings?ref=labs.ainvest.com,1758950497
V,The Financial Select Sector SPDR Fund (XLF) Top 25 Holdings,"The Financial Select Sector SPDR Fund (XLF) provides concentrated exposure to the U.S. financial sector, with its top holdings including Berkshire Hathaway, JPMorgan Chase, and Visa. The fund has gained 11.7% year-to-date in 2025, demonstrating resilience despite macroeconomic uncertainties. XLF offers investors a diversified vehicle balancing traditional banking, insurance stability, and payment innovation.",https://www.tikr.com/blog/the-financial-select-sector-spdr-fund-xlf-top-25-holdings,1758996499
V,BitMine Immersion Announces ETH Holdings Exceeding 2.65 Million Tokens and Total Crypto and Cash Holdings of $11.6 Billion,"BitMine Immersion announced that its ETH holdings have exceeded 2.65 million tokens, contributing to a total of $11.6 billion in crypto and cash holdings. The company aims to acquire 5% of the ETH token supply, emphasizing Ethereum's role in the future of AI and financial services. BitMine is also noted as one of the most widely traded stocks in the US, with significant daily trading volume.",https://investingnews.com/bitmine-immersion-announces-eth-holdings-exceeding-2-65-million-tokens-and-total-crypto-and-cash-holdings-of-11-6-billion/,1759104000
V,Two stock picks for long-term growth as people keep moving away from cash,"Krishna Chintalapalli, a highly-rated fund manager at Parnassus Investments, suggests Mastercard Inc. (MA) and Visa Inc. (V) as long-term growth picks. He believes these companies are well-positioned to continue dominating the payment-processing space as global economic shifts move away from cash transactions. Despite new competition, ""old reliable"" companies like Mastercard and Visa are expected to innovate and perform well for years.",https://www.marketwatch.com/story/two-stock-picks-for-long-term-growth-as-people-keep-moving-away-from-cash-242d9619?gaa_at=eafs&gaa_n=AWEtsqfxvI7t_SVe6fwUeLzdShxhSZ7_uDxQL-PuwIAwobdcNXVA_q_Z6r98&gaa_ts=691dc7a3&gaa_sig=45JvHQd5uvaF4TofO078TZXlPOGZh8P1CoCJUONQCsZ9-eZ1YfTjnkZRgz1tAsfsTG3lQXitg30s-A0vLdz8GA%3D%3D,1759238940
V,Visa Inc. (V) Modifies Conversion Rates for its Class B-1 and B-2 Common Stock; Erste Group Downgrades the Stock from Buy to Hold,"Visa Inc. (NYSE:V) recently modified conversion rates for its Class B-1 and B-2 common stock after depositing $500 million into its U.S. lawsuit escrow account, a move impacting earnings per share similar to a Class A stock buyback. Despite Visa's strong revenue growth and gross profit margin, Erste Group downgraded the stock from Buy to Hold due to limited growth prospects in developed economies and increasing fintech competition. The company is recognized for its impressive profitability but faces market saturation in the U.S. and Europe.",https://www.insidermonkey.com/blog/visa-inc-v-modifies-conversion-rates-for-its-class-b-1-and-b-2-common-stock-erste-group-downgrades-the-stock-from-buy-to-hold-1619457/,1759245000
V,"Evertec’s domination of Puerto Rico’s economy, in context","Evertec, a financial technology company based in San Juan, plays a critical role in Puerto Rico's economy, processing billions of transactions annually and dominating ATM and debit transactions. While it offers essential services like the ATH network and mobile payment solutions, its near-monopolistic position raises concerns about limited competition, reduced innovation, higher costs, and financial isolation from the US mainland. The company's expansion and adherence to US regulations are noted, but its market power may hinder the growth of other fintech companies and create challenges for Puerto Ricans interacting with the broader US financial system.",https://pasquines.us/2025/09/30/evertecs-domination-of-puerto-ricos-economy-in-context/,1759273810
V,Truist's Visa Infinite launch sets new super-regional standard for premium small business cards,"Truist Financial Corporation announced the launch of its Truist Business Premium Visa Infinite card, a new premium credit card aimed at small businesses with significant annual spend. This makes Truist the first super-regional bank to offer a Visa Business Infinite product, providing high-value financial tools focused on simplicity, speed, and safety. The card offers 2% unlimited cash back, a 10% loyalty cash bonus, a $1,000 welcome bonus, and unsecured credit lines of $15,000 to $100,000.",https://www.prnewswire.com/news-releases/truists-visa-infinite-launch-sets-new-super-regional-standard-for-premium-small-business-cards-302572970.html,1759392000
V,"Brera Holdings PLC Rebrands as Solmate, Launches New Ticker SLMT on Nasdaq to Enhance Solana Focus and Regional Growth","Brera Holdings PLC is rebranding as Solmate and will trade under the Nasdaq ticker SLMT starting October 3, 2025, to reflect its new focus as a Solana-based crypto infrastructure provider. The company aims to enhance Solana's network performance by building dedicated infrastructure in Abu Dhabi, leveraging the region's favorable regulatory environment and access to capital. Solmate is backed by a $300 million oversubscribed PIPE partnership with entities like the Solana Foundation and ARK Invest, positioning itself as a pivotal player in the Solana ecosystem and pioneering the first Solana validator in the Middle East.",https://www.quiverquant.com/news/Brera+Holdings+PLC+Rebrands+as+Solmate%2C+Launches+New+Ticker+SLMT+on+Nasdaq+to+Enhance+Solana+Focus+and+Regional+Growth,1759410840
V,"Institutional investors have a lot riding on Intuitive Machines, Inc. (NASDAQ:LUNR) with 53% ownership","Intuitive Machines, Inc. (NASDAQ:LUNR) is significantly influenced by institutional investors, who collectively own 53% of the company. The article highlights that this substantial ownership means institutional trading decisions can heavily impact the stock price, especially given recent positive performance. While no single shareholder dominates, the top 25 shareholders control 50% of the company, indicating a dispersed, yet influential, institutional presence.",https://finance.yahoo.com/news/institutional-investors-lot-riding-intuitive-134914047.html,1759655382
V,Promising Financial Stocks Worth Watching – October 11th,"This article identifies seven financial stocks to watch on October 11th, according to MarketBeat’s stock screener tool. The listed companies include major players in cryptocurrency, brokerage, fintech, banking, and payment processing sectors, highlighting the broad scope of the financial industry. Access to the full analysis is restricted to Insider Pro subscribers.",https://insurancenewsnet.com/oarticle/promising-financial-stocks-worth-watching-october-11th,1760215167
V,3 No-Brainer Warren Buffett Stocks to Buy Right Now,"This article highlights three stocks – Visa, Amazon, and Chubb – that align with Warren Buffett's investment philosophy of strong competitive advantages and long-term growth potential. It discusses each company's resilient business model, market position, and growth drivers, making them sound investment opportunities. The Motley Fool's analyst team also provides a comparison of past stock picks with significant returns.",https://www.aol.com/articles/3-no-brainer-warren-buffett-093000875.html,1760217838
V,"Ameritas Advisory Services LLC Takes Position in DoorDash, Inc. $DASH","Ameritas Advisory Services LLC has acquired a new stake in DoorDash, Inc. The article details significant increases in positions by several other institutional investors like Vanguard Group Inc., Price T Rowe Associates Inc. MD, and Invesco Ltd., highlighting strong institutional interest in DASH. It also covers recent stock performance, insider activity, and analyst upgrades, with DoorDash maintaining a ""Moderate Buy"" consensus rating.",https://www.defenseworld.net/2025/10/11/ameritas-advisory-services-llc-takes-position-in-doordash-inc-dash.html,1760247327
V,FormFactor (NASDAQ:FORM) Shares Gap Up – Here’s Why - Defense World,"FormFactor (NASDAQ:FORM) shares recently gapped up, prompting an analyst upgrade from B. Riley to a ""buy"" rating with an increased price target of $47.00. Despite this, the stock was down 0.6%, with institutional investors actively adjusting their positions. The article details the company's financial metrics and recent insider activity by one of its directors.",https://www.defenseworld.net/2025/10/12/formfactor-nasdaqform-shares-gap-up-heres-why.html,1760252297
V,"Prime Capital Investment Advisors LLC Purchases New Shares in Okta, Inc. $OKTA - MarketBeat","Prime Capital Investment Advisors LLC has acquired a new stake in Okta, purchasing 3,083 shares valued at approximately $308,000. Other institutional investors like Vanguard Group and Massachusetts Financial Services Co. MA also significantly increased their holdings, bringing total institutional ownership to 86.64%. Okta reported strong Q2 earnings of $0.91 per share, beating estimates, and provided positive FY 2026 guidance.",https://www.marketbeat.com/instant-alerts/filing-prime-capital-investment-advisors-llc-purchases-new-shares-in-okta-inc-okta-2025-10-12/,1760254610
V,First Merchants Corp Lowers Stock Holdings in Visa Inc. $V - MarketBeat,"First Merchants Corp significantly reduced its stake in Visa Inc. by 4.6% in the second quarter, now holding 62,897 shares valued at $22.3 million. This comes as Visa reported strong earnings, surpassing analyst expectations with $2.98 earnings per share and quarterly revenue of $10.17 billion, a 14.3% year-over-year increase. The credit-card processor also declared a quarterly dividend of $0.59, reflecting a 0.7% yield.",https://www.marketbeat.com/instant-alerts/filing-first-merchants-corp-lowers-stock-holdings-in-visa-inc-v-2025-10-12/,1760255584
V,"US Bancorp DE Decreases Stake in Williams-Sonoma, Inc. $WSM - MarketBeat","US Bancorp DE reduced its stake in Williams-Sonoma, Inc. by 3.0%, now holding 60,661 shares valued at approximately $9.91 million. This reduction occurred as other institutional investors, such as Vontobel Holding Ltd., increased their holdings in the specialty retailer. Williams-Sonoma also declared a quarterly dividend of $0.66 per share, and the company reported strong Q2 earnings that surpassed analyst estimates.",https://www.marketbeat.com/instant-alerts/filing-us-bancorp-de-decreases-stake-in-williams-sonoma-inc-wsm-2025-10-12/,1760256186
V,"waypoint wealth counsel Makes New Investment in Natera, Inc. $NTRA","waypoint wealth counsel has made a new investment in Natera, Inc. (NASDAQ: NTRA), acquiring 1,638 shares valued at approximately $277,000. This investment highlights strong institutional interest in Natera, with other major investors such as Vanguard and Price T Rowe Associates also increasing their stakes. Natera reported strong quarterly revenue of $546.60 million, exceeding analyst expectations, despite an earnings per share loss of ($0.74).",https://www.marketbeat.com/instant-alerts/filing-waypoint-wealth-counsel-makes-new-investment-in-natera-inc-ntra-2025-10-12/,1760261600
V,LGT Fund Management Co Ltd. Decreases Position in Alphabet Inc. $GOOGL - Defense World,"LGT Fund Management Co Ltd. reduced its stake in Alphabet Inc. (GOOGL), while other institutional investors like Vanguard Group Inc., UBS AM Americas LLC, and Invesco Ltd. increased their positions. The article also notes Alphabet's recent dividend announcement, a 2.1% stock decrease, and various analyst ratings with an average price target of $245.88.",https://www.defenseworld.net/2025/10/12/lgt-fund-management-co-ltd-decreases-position-in-alphabet-inc-googl.html,1760264630
V,Osprey Adds to $15.4 Million JPMorgan Chase (NYSE: JPM) Position - AOL.com,"Osprey Private Wealth recently increased its stake in JPMorgan Chase & Co. by 13,580 shares, an estimated $4.04 million trade. This addition brings Osprey's total holding in JPM to 48,910 shares, valued at $15.43 million, making it the fund's third-largest holding despite a slight dip in its portfolio allocation percentage. JPMorgan Chase's shares have risen 45.9% over the past year, outperforming the S&P 500.",https://www.aol.com/finance/osprey-adds-15-4-million-175037892.html,1760265464
V,Vanguard Personalized Indexing Management LLC Increases Stock Position in Morgan Stanley $MS - MarketBeat,"Vanguard Personalized Indexing Management LLC has significantly increased its stake in Morgan Stanley (NYSE:MS) during the second quarter, now owning 184,436 shares valued at $25.99 million. Despite this increase in institutional ownership, key insiders like Michael A. Pizzi and Daniel A. Simkowitz have sold shares, indicating a decrease in insider holdings. Wall Street analysts maintain a ""Moderate Buy"" consensus rating for Morgan Stanley, with an average target price of $154.85, following several target price upgrades.",https://www.marketbeat.com/instant-alerts/filing-vanguard-personalized-indexing-management-llc-increases-stock-position-in-morgan-stanley-ms-2025-10-12/,1760265500
V,Fifth Third Wealth Advisors LLC Increases Stock Holdings in SouthState Bank Corporation $SSB - MarketBeat,"Fifth Third Wealth Advisors LLC significantly increased its stake in SouthState Bank Corporation (NYSE:SSB) by 980.3% in Q2, acquiring an additional 32,723 shares to reach a total of 36,061 shares valued at $3.32 million. Other institutional investors also boosted their holdings, and SouthState Bank recently declared an increased quarterly dividend of $0.60, representing a 2.6% dividend yield. Analyst ratings for SSB are generally positive, with price targets ranging up to $117.00.",https://www.marketbeat.com/instant-alerts/filing-fifth-third-wealth-advisors-llc-increases-stock-holdings-in-southstate-bank-corporation-ssb-2025-10-11/,1760266889
V,Top Financial Stocks To Research – October 12th - InsuranceNewsNet,"This article highlights seven financial stocks for investors to watch on October 12th, according to MarketBeat’s stock screener tool. The listed companies include Coinbase Global, Robinhood Markets, SoFi Technologies, JPMorgan Chase & Co., Visa, Mastercard, and Intuit. The report defines financial stocks as equity shares of companies primarily engaged in providing financial services.",https://insurancenewsnet.com/oarticle/top-financial-stocks-to-research-october-12th,1760304289
V,"Bitcoin, Ethereum Rebound Following 'Largest Single-Day Wipeout in Crypto History' - Decrypt","Cryptocurrency markets, including Bitcoin and Ethereum, are experiencing a rebound after a significant sell-off triggered by a tariff shock, which led to the largest single-day liquidation event in crypto history. Bitcoin initially fell from $121,000 to $109,000, and nearly $20 billion in liquidations occurred on Friday. The market's subsequent recovery is seen as a ""textbook relief rally"" following a geopolitical overreaction.",https://decrypt.co/343967/bitcoin-ethereum-rebound-largest-single-day-wipeout-crypto-history,1760316377
V,"Seamless Travel Experience: Visa and American Express Enhance Payment Options in Guangzhou, Beijing, Chengdu, and Shanghai, More Details for International Tourists - Travel And Tour World","Visa and American Express are expanding contactless payment options for public transportation in major Chinese cities like Guangzhou, Beijing, Shanghai, and Chengdu to enhance the travel experience for international tourists. This initiative is part of China's broader strategy to boost inbound tourism, which saw a 95.5% growth in foreign visitors last year, and make the country more tourist-friendly. The increased availability of ""Tap to Ride"" services aims to streamline travel, encourage spending in local economies, and support China's position as a global travel destination.",https://www.travelandtourworld.com/news/article/seamless-travel-experience-visa-and-american-express-enhance-payment-options-in-guangzhou-beijing-chengdu-and-shanghai-more-details-for-international-tourists/,1760317295
V,Diwali credit card offers: A look at festive deals and discounts across banks,"Major credit card issuers like BOBCARD, HDFC Bank, SBI Card, ICICI Bank, Axis Bank, and PNB are offering various festive deals and discounts for Diwali 2025. These include instant discounts, cashback, and zero-cost EMI schemes on categories such as electronics, fashion, groceries, and travel. While attractive, customers are advised to check terms and conditions, and financial planners caution against overspending to maintain good credit scores.",https://www.cnbctv18.com/personal-finance/diwali-credit-card-offers-festive-deals-discounts-list-sbi-hdfc-pnb-bobcard-icici-axis-19712770.htm,1760328784
V,Promising Financial Stocks Worth Watching – October 11th - Defense World,"This article highlights seven promising financial stocks to watch as of October 11th, according to MarketBeat’s stock screener tool. The companies include Coinbase Global, Robinhood Markets, SoFi Technologies, JPMorgan Chase & Co., Visa, Mastercard, and Intuit, all of which had the highest dollar trading volume in the financial sector recently. Brief descriptions of each company's services and operations are provided for investors to consider.",https://www.defenseworld.net/2025/10/13/promising-financial-stocks-worth-watching-october-11th.html,1760331864
V,IP Group eyes future royalties from obesity drug candidates following Pfizer/Metsera deal - Proactive Investors,"IP Group is poised to receive substantial future royalties from obesity drug candidates following Pfizer's acquisition of Metsera, a company whose lead compounds are based on technology licensed by IP Group. CEO Greg Smith anticipates first sales by 2029 or 2030 if the drugs are approved, which could significantly bolster IP Group's permanent capital model. The company also reported around £160 million in cash from exits in 2024 and made a £4 million investment in OXCCU, focusing on sustainable aviation fuel technologies.",https://www.proactiveinvestors.co.uk/companies/news/1080179/ip-group-eyes-future-royalties-from-obesity-drug-candidates-following-pfizer-metsera-deal-1080179.html,1760335500
V,Guangzhou subway accepts international contactless bank cards - People's Daily,"The Guangzhou metro system has begun accepting contactless payments from major international bank cards including Mastercard, American Express, Visa, and JCB. This initiative aims to improve the travel experience for foreign visitors, particularly those attending the 138th Canton Fair, and is part of China's broader effort to simplify travel for international visitors. The system now supports all five major card networks, reflecting an expansion of convenient payment options in the city.",http://en.people.cn/n3/2025/1013/c90000-20376147.html,1760337900
V,"Diwali car offers 2025: Check all discounts announced by Maruti, Tata, Mahindra, Honda, Hyundai, Kia and Renault","Major car manufacturers in India, including Maruti Suzuki, Tata Motors, Kia, Hyundai, Honda, and Renault, are offering significant discounts for Diwali 2025. These benefits, which range from cash and exchange bonuses to corporate and scrappage offers, provide savings from ₹5,000 to over ₹7 lakh on various models and variants. This festive period presents a prime opportunity for car buyers to purchase new vehicles with attractive deals.",https://m.economictimes.com/industry/auto/cars-uvs/diwali-car-offers-2025-check-all-discounts-announced-by-maruti-tata-mahindra-honda-hyundai-kia-and-renault/amp_articleshow/124520162.cms,1760339400
V,"2,016 Shares in STERIS plc $STE Acquired by DAVENPORT & Co LLC - Defense World","DAVENPORT & Co LLC has acquired a new stake in STERIS plc, a medical equipment provider. Other large institutional investors like Vanguard Group Inc. and Massachusetts Financial Services Co. MA also increased their holdings. Additionally, STERIS recently increased its quarterly dividend, and CEO Daniel A. Carestio sold a portion of his shares.",https://www.defenseworld.net/2025/10/13/2016-shares-in-steris-plc-ste-acquired-by-davenport-co-llc.html,1760340249
V,Meritage Portfolio Management Buys 105 Shares of Vanguard S&P 500 ETF $VOO,"Meritage Portfolio Management has increased its stake in the Vanguard S&P 500 ETF (VOO) by purchasing an additional 105 shares. This move is part of broader institutional activity where several firms have either bought or sold shares of VOO, indicating varied investment strategies towards the S&P 500 tracking ETF. The article also provides a profile of the Vanguard S&P 500 ETF, explaining its objective to mirror the performance of the Standard & Poor’s 500 Index.",https://www.defenseworld.net/2025/10/13/meritage-portfolio-management-buys-105-shares-of-vanguard-sp-500-etf-voo.html,1760340591
V,"Inspire Investing LLC Decreases Holdings in The Andersons, Inc. $ANDE - Defense World","Inspire Investing LLC has reduced its stake in The Andersons, Inc. (ANDE). Despite this, several other institutional investors, including Vanguard Group Inc. and Charles Schwab Investment Management Inc., increased their positions in the company. The Andersons also announced a quarterly dividend and operates in the trade, renewables, and nutrient & industrial sectors.",https://www.defenseworld.net/2025/10/13/inspire-investing-llc-decreases-holdings-in-the-andersons-inc-ande.html,1760343023
V,Zscaler (NASDAQ:ZS) Hits New 52-Week High – Here’s Why - Defense World,"Zscaler (NASDAQ:ZS) recently hit a new 52-week high, driven by positive analyst reports, institutional investor activity, and insider transactions. The article details a target price increase from Evercore ISI, significant stock acquisitions by T. Rowe Price Investment Management Inc. and Federated Hermes Inc., and the company's financial metrics. Zscaler operates as a global cloud security company, offering solutions like Zscaler Internet Access and Zscaler Private Access.",https://www.defenseworld.net/2025/10/12/zscaler-nasdaqzs-hits-new-52-week-high-heres-why.html,1760344595
V,"AI Bubble or Not, These 7.7%+ Dividend Stocks Keep Cash Flowing - Investing.com","Despite widespread anxieties about an AI-driven stock market bubble, the author argues that current market gains are not bubbly, but rather reflect strong economic fundamentals and AI-driven corporate profit growth. The article suggests two dividend-paying investments, Nuveen S&P 500 Dynamic Overwrite Fund (SPXX) and Liberty All-Star Growth Fund (ASG), that offer both high yields and a hedge against potential market corrections, with ASG being the preferred choice due to its growth track record and discount to NAV.",https://m.investing.com/analysis/ai-bubble-or-not-these-77-dividend-stocks-keep-cash-flowing-200668401?ampMode=1,1760347260
V,SoFi Stock Skyrockets 230% in 2025 – Will This Fintech Rally Last or Crash? - ts2.tech,"SoFi Technologies (SOFI) stock has seen an explosive 230% rally in 2025, reaching a 52-week high of $30.30 before a recent pullback. The company has launched new products like no-fee options trading and an AI ETF, expanded into crypto payments, and reported accelerating profitability with Q2 2025 net income at $97 million. Despite analyst caution and insider selling, its integrated fintech model and continued growth suggest potential upside, though its high valuation and market volatility present risks.",https://ts2.tech/en/sofi-stock-skyrockets-230-in-2025-will-this-fintech-rally-last-or-crash/,1760348411
V,"Callan Family Office LLC Acquires 64,351 Shares of Visa Inc. $V - MarketBeat","Callan Family Office LLC significantly increased its stake in Visa Inc. by 155.0% in the second quarter, acquiring an additional 64,351 shares and bringing its total holdings to 105,875 shares valued at $37.59 million. Other institutional investors also adjusted their positions in Visa, which remains a ""Moderate Buy"" according to analysts with a consensus price target of $389.00. Visa reported strong quarterly earnings, beating expectations, and declared a quarterly dividend of $0.59 per share.",https://www.marketbeat.com/instant-alerts/filing-callan-family-office-llc-acquires-64351-shares-of-visa-inc-v-2025-10-13/,1760349710
V,Visa Inc. $V is Baxter Bros Inc.'s 4th Largest Position,"Baxter Bros Inc. reduced its stake in Visa Inc. by 1.4% in the second quarter, making Visa its fourth-largest holding valued at $34.86 million. Despite this reduction, other hedge funds significantly increased their positions in Visa, with Vanguard Group Inc. holding over 161 million shares. Visa reported strong quarterly earnings, beating analyst expectations, and declared a quarterly dividend.",https://www.marketbeat.com/instant-alerts/filing-visa-inc-v-is-baxter-bros-incs-4th-largest-position-2025-10-13/,1760349710
V,793 Shares in Visa Inc. $V Purchased by Armstrong Fleming & Moore Inc - MarketBeat,"Armstrong Fleming & Moore Inc. has acquired a new position in Visa Inc. (NYSE:V), purchasing 793 shares valued at approximately $282,000 during the second quarter. This move is part of broader institutional investment activity in Visa, with several other hedge funds also adjusting their holdings. The article details Visa's current stock performance, financial metrics, recent earnings, dividend announcement, and positive analyst forecasts, highlighting the company's strong market presence as a payment technology provider.",https://www.marketbeat.com/instant-alerts/filing-793-shares-in-visa-inc-v-purchased-by-armstrong-fleming-moore-inc-2025-10-13/,1760349710
V,Copperwynd Financial LLC Has $1.63 Million Holdings in Visa Inc. $V,"Copperwynd Financial LLC reduced its stake in Visa Inc. by 13.8% in Q2, bringing their total holdings to $1.63 million. The article details other institutional investor activity, Visa's recent price performance, earnings, dividend announcement, and an analyst upgrade.",https://www.marketbeat.com/instant-alerts/filing-copperwynd-financial-llc-has-163-million-holdings-in-visa-inc-v-2025-10-13/,1760349710
V,US Bancorp DE Trims Holdings in Visa Inc. $V,"US Bancorp DE reduced its stake in Visa Inc. by 0.9% in the second quarter, selling 8,816 shares, though still holding over 1 million shares worth $356 million. Other institutional investors like Nuveen LLC and Vanguard Group Inc. significantly increased their holdings in Visa during the first quarter. The article also provides financial metrics, analyst ratings, and dividend information for Visa.",https://www.marketbeat.com/instant-alerts/filing-us-bancorp-de-trims-holdings-in-visa-inc-v-2025-10-13/,1760349710
V,Boomfish Wealth Group LLC Has $3.47 Million Stake in Visa Inc. $V,"Boomfish Wealth Group LLC increased its stake in Visa Inc. by 10.0% in the second quarter, bringing its total holdings to 9,781 shares valued at $3.47 million. Other institutional investors also adjusted their positions in Visa, which now has 82.15% institutional ownership. Visa reported strong quarterly earnings and revenue, and analysts have reissued ""overweight"" ratings and increased price objectives for the company.",https://www.marketbeat.com/instant-alerts/filing-boomfish-wealth-group-llc-has-347-million-stake-in-visa-inc-v-2025-10-13/,1760349710
V,Mainstay Capital Management LLC ADV Increases Stock Position in Visa Inc. $V - MarketBeat,"Mainstay Capital Management LLC ADV significantly increased its stake in Visa Inc. (NYSE:V) by 104.6% in the second quarter, bringing its total holdings to $4.268 million. Other hedge funds also adjusted their positions in Visa, which announced a quarterly dividend and strong earnings that beat analyst estimates. The company's stock performance and financial metrics are detailed, along with a reiterated ""overweight"" rating from Barclays.",https://www.marketbeat.com/instant-alerts/filing-mainstay-capital-management-llc-adv-increases-stock-position-in-visa-inc-v-2025-10-13/,1760349710
V,Cornerstone Enterprises LLC Makes New Investment in Visa Inc. $V - MarketBeat,"Cornerstone Enterprises LLC has acquired a new position in Visa Inc. (NYSE:V), purchasing 11,339 shares valued at approximately $4.026 million, making Visa its 13th biggest holding. Several other institutional investors also adjusted their stakes in Visa, while analysts maintain a ""Moderate Buy"" consensus rating for the stock. Visa reported strong quarterly earnings, beating analyst estimates, and announced a quarterly dividend.",https://www.marketbeat.com/instant-alerts/filing-cornerstone-enterprises-llc-makes-new-investment-in-visa-inc-v-2025-10-13/,1760349711
V,Visa Inc. $V Shares Purchased by Blair William & Co. IL - MarketBeat,"Blair William & Co. IL increased its stake in Visa Inc. by 1.7% in the second quarter, making it the fifth-biggest holding in their investment portfolio. Other institutional investors like Keystone Global Partners LLC and Cranbrook Wealth Management LLC also adjusted their positions in Visa. The article also details recent analyst ratings, Visa's financial performance, and its dividend announcement.",https://www.marketbeat.com/instant-alerts/filing-visa-inc-v-shares-purchased-by-blair-william-co-il-2025-10-13/,1760349711
V,Trifecta Capital Advisors LLC Boosts Stake in Visa Inc. $V,"Trifecta Capital Advisors LLC increased its stake in Visa Inc. (NYSE:V) by 12.3% during the second quarter, bringing its total holdings to 25,691 shares valued at $9.12 million. Other institutional investors also adjusted their positions in Visa, with hedge funds and institutional investors collectively owning 82.15% of the company's stock. Analysts have given Visa an average rating of ""Moderate Buy"" with an average target price of $389.00.",https://www.marketbeat.com/instant-alerts/filing-trifecta-capital-advisors-llc-boosts-stake-in-visa-inc-v-2025-10-13/,1760349711
V,Visa Inc. $V Position Decreased by Insight Inv LLC,"Insight Inv LLC significantly reduced its stake in Visa Inc. (NYSE:V) by 89.7% in the second quarter, selling 13,487 shares and now owning 1,542 shares valued at $547,000. Other institutional investors made various changes to their Visa holdings, collectively owning 82.15% of the stock. The article also provides details on Visa's stock performance, recent earnings, dividend announcement, and analyst ratings.",https://www.marketbeat.com/instant-alerts/filing-visa-inc-v-position-decreased-by-insight-inv-llc-2025-10-13/,1760349711
V,"Leo Wealth LLC Acquires 2,632 Shares of Visa Inc. $V","Leo Wealth LLC increased its stake in Visa Inc. by 49.9% in the second quarter, acquiring an additional 2,632 shares and bringing its total holdings to 7,903 shares valued at $2.799 million. Other institutional investors also adjusted their positions in Visa, with 82.15% of the stock owned by institutional investors. Visa's stock experienced a 1.0% decline, opening at $343.63, despite reporting strong earnings ($2.98 EPS) that surpassed analyst expectations ($2.85 EPS) and announcing a quarterly dividend of $0.59.",https://www.marketbeat.com/instant-alerts/filing-leo-wealth-llc-acquires-2632-shares-of-visa-inc-v-2025-10-13/,1760349711
V,"Vontobel Holding Ltd. Lowers Holdings in Old Dominion Freight Line, Inc. $ODFL","Vontobel Holding Ltd. significantly decreased its stake in Old Dominion Freight Line, Inc. (NASDAQ:ODFL) by 39.5% during the second quarter, selling 4,624 shares and holding 7,076 shares valued at $1,148,000. Despite this, several other institutional investors increased their holdings in ODFL. Wall Street analysts have issued mixed ratings, with a consensus ""Hold"" and an average target price of $164.09 for the transportation company.",https://www.marketbeat.com/instant-alerts/filing-vontobel-holding-ltd-lowers-holdings-in-old-dominion-freight-line-inc-odfl-2025-10-13/,1760350422
V,Health Payment Processing Platforms Market Set to Witness Significant Growth by 2025-2032,"The Health Payment Processing Platforms Market is projected for significant growth between 2025 and 2032, driven by AI integration, rising telehealth services, and regulatory changes emphasizing secure payment systems. Key players like Epic Systems Corporation and Change Healthcare are innovating and forming partnerships, while trends point towards mobile payments and blockchain for enhanced security. The market is expected to reach USD 25.3 billion by 2032, with North America leading regional growth.",https://www.openpr.com/news/4220827/health-payment-processing-platforms-market-set-to-witness,1760355296
V,Total Clarity Wealth Management Inc. Sells 171 Shares of Vanguard Total Stock Market ETF $VTI - Defense World,"Total Clarity Wealth Management Inc. has reduced its holdings in Vanguard Total Stock Market ETF ($VTI) by selling 171 shares. Despite this, other institutional investors like Kingstone Capital Partners Texas LLC and Vanguard Group Inc. significantly increased their positions in the ETF. The article also provides key details about the Vanguard Total Stock Market ETF and its objective to track the MSCI US Broad Market Index.",https://www.defenseworld.net/2025/10/13/total-clarity-wealth-management-inc-sells-171-shares-of-vanguard-total-stock-market-etf-vti.html,1760355298
V,3 Low-Risk ETFs That Smoke the S&P 500’s Long-Term Gains - AOL.com,"This article identifies three low-risk ETFs (iShares MSCI USA Quality Factor ETF (QUAL), JPMorgan U.S. Quality Factor ETF (JQUA), and Invesco S&P 500 Quality ETF (SPHQ)) that have consistently outperformed the S&P 500 over the long term while exhibiting lower volatility. It highlights the S&P 500's vulnerability due to its heavy concentration in a few tech giants, making a broad-based index approach riskier. The ETFs discussed achieve superior risk-adjusted returns by focusing on quality controls such as profitability, low debt, and stable earnings.",https://www.aol.com/articles/3-low-risk-etfs-smoke-114646593.html,1760356492
V,Largest Ever Sonic Brand Tracking Study Reveals the Best Performing Sonic Logos of 2025 - Newswire.com,"SoundOut's 2025 Index, the largest sonic branding study, reveals that sonic logos with brand names are significantly more effective, with Arby's topping the list for recognition. The study, involving 174 brands and 70,000 consumers, highlights the importance of attribution in sonic branding, finding a ""recall gap"" where consumers often misidentify logos, especially those without brand names. It also shows the power of reviving heritage jingles for instant market penetration.",https://www.newswire.com/news/largest-ever-sonic-brand-tracking-study-reveals-the-best-performing-22657209,1760360400
V,Bernstein reiterates Outperform rating on Visa stock amid market underperformance - Investing.com India,This article reports that Bernstein has reiterated its Outperform rating on Visa stock. The reassertion of this rating comes amid an underperformance of Visa in the market. The specific reasons for the underperformance or Bernstein's continued optimism are not detailed in this extremely truncated content.,https://in.investing.com/news/analyst-ratings/bernstein-reiterates-outperform-rating-on-visa-stock-amid-market-underperformance-93CH-5041493,1760365321
V,"Silicon Valley, Hollywood Tussle Over California Online Age-Check Bill - PYMNTS.com","California Governor Gavin Newsom faces a dilemma between Silicon Valley and Hollywood regarding an online age-check bill. The legislation, supported by major tech companies like Meta and Google, aims to verify users' ages on devices and platforms. However, Hollywood, represented by the Motion Picture Association, urges Newsom to veto the bill, fearing it could undermine existing child safety protocols on streaming services.",https://www.pymnts.com/cpi-posts/visa-and-mastercard-agree-to-199-5-million-settlement-over-chargeback-rules/,1760376645
V,Visa and KNEX Team to Bring Virtual Cards to Oracle’s ERP - PYMNTS.com,"Visa and KNEX have partnered to integrate Visa's virtual card capabilities directly into Oracle's ERP system through the new KNEX Visa Virtual Card Adapter. This collaboration aims to modernize supplier payments by reducing manual processes, increasing visibility, and accelerating digital transformation for businesses using Oracle Fusion Applications. The initiative addresses challenges with traditional payment methods and seeks to improve working capital benefits and process efficiencies for suppliers.",https://www.pymnts.com/partnerships/2025/visa-and-knex-team-to-bring-virtual-cards-to-oracles-erp/,1760378027
V,Remitly Bets Big On Digital Wallets And Global Ambitions - Finimize,"Remitly Global (NASDAQ: RELY) is pursuing growth by expanding into digital wallets, stablecoins, and AI-powered services within the $2 trillion global money-transfer market. While the company demonstrates strong revenue growth and improving profitability, its high forward price/earnings ratio presents a valuation risk, despite trading cheaply on an EV/sales basis. Investors are watching new product launches and Q3 2025 earnings for signs of sustained profitability and efficient execution against a backdrop of fierce competition and regulatory challenges.",https://finimize.com/content/rely-asset-snapshot,1760400173
V,Capital One finishes Discover acquisition after 15-month journey,"Capital One Financial Corp.'s acquisition of Discover Financial Services has officially closed after almost 15 months, creating the largest credit-card issuer by loan volume in the US. With Discover's payments network, Capital One aims to significantly expand its market presence. The deal was announced to be completed on Sunday.",https://finainews.com/banking/capital-one-finishes-discover-acquisition-after-15-month-journey/,1760400480
V,Paypal (PYPL) Stock Drops Despite Market Gains: Important Facts to Note - sharewise.com,"Paypal (PYPL) stock experienced a 1.4% drop in the recent trading session despite broader market gains, closing at $68.86. However, over the past month, PYPL shares have risen by 4.41%, outperforming the Business Services sector and the S&P 500. Investors are anticipating the company's upcoming earnings report on October 28, 2025, with expected EPS of $1.21 and revenue of $8.2 billion.",https://www.sharewise.com/de/news_articles/Paypal_PYPL_Stock_Drops_Despite_Market_Gains_Important_Facts_to_Note_Zacks_20251013_2345,1760412246
V,Top Financial Stocks To Research – October 12th - Defense World,"This article identifies seven top financial stocks to research as of October 12th, according to MarketBeat's stock screener tool. The highlighted companies include Coinbase Global, Robinhood Markets, SoFi Technologies, JPMorgan Chase & Co., Visa, Mastercard, and Intuit. For each company, a brief description of its primary business and services is provided, noting their high dollar trading volume in recent days.",https://www.defenseworld.net/2025/10/14/top-financial-stocks-to-research-october-12th.html,1760418543
V,Estee Lauder Companies (NYSE:EL) Upgraded by The Goldman Sachs Group to Buy Rating - Defense World,"The Goldman Sachs Group upgraded Estee Lauder Companies (NYSE:EL) to a buy rating from neutral. The company recently announced a quarterly dividend of $0.35 per share and has seen significant institutional investment activity. Estee Lauder Companies manufactures and markets skin care, makeup, fragrance, and hair care products globally.",https://www.defenseworld.net/2025/10/14/estee-lauder-companies-nyseel-upgraded-by-the-goldman-sachs-group-to-buy-rating.html,1760424898
V,Truist Financial Corp Sells 215 Shares of SBA Communications Corporation $SBAC,"Truist Financial Corp recently sold 215 shares of SBA Communications Corporation (SBAC). The article also details other institutional investors' activities with SBAC stock, including Vanguard Group Inc., Dodge & Cox, and JPMorgan Chase & Co., who all increased their holdings. Additionally, it provides information on analyst ratings, recent stock performance, and the company's dividend announcement.",https://www.defenseworld.net/2025/10/14/truist-financial-corp-sells-215-shares-of-sba-communications-corporation-sbac.html,1760426390
V,Truist Financial Corp Lowers Position in Reddit Inc. $RDDT - Defense World,"Truist Financial Corp has reduced its stake in Reddit Inc. (RDDT). The article details how several other hedge funds have modified their holdings, with many increasing their positions, and provides an overview of Reddit's stock performance and analyst ratings, which currently average a ""Moderate Buy"". Insider activity, including a recent stock sale by CEO Steven Huffman, is also noted.",https://www.defenseworld.net/2025/10/14/truist-financial-corp-lowers-position-in-reddit-inc-rddt.html,1760426390
V,Navigating New Antitrust Attacks on ESG - FTI Consulting,"This article discusses the increasing antitrust scrutiny and political challenges faced by ESG initiatives in the U.S., particularly under the current federal administration. It highlights investigations and lawsuits against organizations and companies for alleged anti-competitive practices related to ESG collaborations, emphasizing the need for companies to balance business objectives with legal boundaries and the nuanced application of the consumer welfare standard in antitrust economics. The authors suggest that focusing on established antitrust economic principles and proactive strategies can help companies pursue ESG collaborations responsibly.",https://www.fticonsulting.com/united-arab-emirates/insights/articles/navigating-new-antitrust-attacks-esg,1760426790
V,"KLP Kapitalforvaltning AS Has $1.51 Million Stock Position in The Hanover Insurance Group, Inc. $THG","KLP Kapitalforvaltning AS has adjusted its holdings in The Hanover Insurance Group, reducing its stake by 19.3% but still holding shares valued at $1.51 million. Several other institutional investors, including Vanguard Group Inc., Alliancebernstein L.P., and Fuller & Thaler Asset Management Inc., have increased their positions in THG. The company recently declared a quarterly dividend of $0.90 per share and received ""outperform"" and ""equal weight"" ratings from Citigroup and Morgan Stanley, respectively.",https://www.defenseworld.net/2025/10/14/klp-kapitalforvaltning-as-has-1-51-million-stock-position-in-the-hanover-insurance-group-inc-thg.html,1760427232
V,"Analysts Set KBR, Inc. (NYSE:KBR) PT at $62.78 - Defense World","Analysts have set a price target of $62.78 for KBR, Inc. (NYSE:KBR), with the stock recently seeing a 3.3% increase in trading. The company also declared a quarterly dividend of $0.165 per share, representing an annualized dividend of $0.66 and a yield of 1.5%. Institutional investors have made various adjustments to their holdings in KBR, which provides scientific, technology, and engineering solutions globally.",https://www.defenseworld.net/2025/10/14/analysts-set-kbr-inc-nysekbr-pt-at-62-78.html,1760428907
V,Coordinated Financial Services Inc. Buys New Shares in Visa Inc. $V,"Coordinated Financial Services Inc. recently acquired 4,229 new shares of Visa Inc. valued at approximately $1.5 million, making it their 22nd largest holding. Major institutional investors and hedge funds also actively traded Visa stock. The article details Visa's stock performance, recent earnings, dividend announcement, and analyst rating changes.",https://www.marketbeat.com/instant-alerts/filing-coordinated-financial-services-inc-buys-new-shares-in-visa-inc-v-2025-10-14/,1760429129
V,Visa Inc. $V Holdings Raised by Commerzbank Aktiengesellschaft FI - MarketBeat,"Commerzbank Aktiengesellschaft FI increased its stake in Visa Inc. by 3.0% during the second quarter, valuing its holdings at $118.97 million and making Visa its 10th largest holding. Other institutional investors like Keystone Global Partners LLC and Cranbrook Wealth Management LLC also adjusted their positions in Visa. The article also details Visa's recent financial performance, dividend announcement, and updated price targets from various Wall Street analysts.",https://www.marketbeat.com/instant-alerts/filing-visa-inc-v-holdings-raised-by-commerzbank-aktiengesellschaft-fi-2025-10-14/,1760429129
V,Visa Inc. $V is Katamaran Capital LLP's 5th Largest Position - MarketBeat,"Katamaran Capital LLP significantly increased its stake in Visa Inc. (NYSE:V) by 122.2% in the second quarter, making it their fifth-largest holding. Analysts have issued predominantly ""Buy"" or ""Outperform"" ratings for Visa, with a consensus price target of $389.00. The company also reported strong Q2 earnings, exceeding estimates with $2.98 EPS and 14.3% year-over-year revenue growth.",https://www.marketbeat.com/instant-alerts/filing-visa-inc-v-is-katamaran-capital-llps-5th-largest-position-2025-10-14/,1760429129
V,Visa Inc. $V Shares Bought by Costello Asset Management INC - MarketBeat,"Costello Asset Management INC increased its stake in Visa Inc. by 5.1% during the second quarter, making it their 10th largest holding. Visa reported strong quarterly earnings, exceeding revenue and EPS estimates, and declared a quarterly dividend. Several analysts have reissued ""overweight"" or ""outperform"" ratings with increased price objectives for Visa.",https://www.marketbeat.com/instant-alerts/filing-visa-inc-v-shares-bought-by-costello-asset-management-inc-2025-10-14/,1760429130
V,Baskin Financial Services Inc. Has $61.57 Million Holdings in Visa Inc. $V,"Baskin Financial Services Inc. reduced its stake in Visa Inc. by 0.9% in the second quarter, now holding $61.57 million worth of shares, making Visa its 6th largest position. Other institutional investors also adjusted their holdings in Visa. The article also provides a financial overview of Visa, including stock performance, earnings results, dividend information, and recent analyst ratings.",https://www.marketbeat.com/instant-alerts/filing-baskin-financial-services-inc-has-6157-million-holdings-in-visa-inc-v-2025-10-14/,1760429130
V,"Horizon Bancorp Inc. IN Has $675,000 Stock Position in Visa Inc. $V","Horizon Bancorp Inc. IN significantly increased its stake in Visa Inc. by 375% in the second quarter, bringing its total holdings to $675,000. Other institutional investors also adjusted their positions in Visa, which reported strong quarterly earnings exceeding analyst expectations. The article also covers Visa's stock performance, dividend announcement, and recent analyst ratings.",https://www.marketbeat.com/instant-alerts/filing-horizon-bancorp-inc-in-has-675000-stock-position-in-visa-inc-v-2025-10-14/,1760429130
V,Stiles Financial Services Inc Cuts Stock Position in Visa Inc. $V - MarketBeat,"Stiles Financial Services Inc reduced its stake in Visa Inc. by 7.9% in the second quarter, now holding 9,440 shares worth $3.35 million. While Stiles Financial Services trimmed its position, other institutional investors like Brighton Jones LLC, Revolve Wealth Partners LLC, GAMMA Investing LLC, Wealth Enhancement Advisory Services LLC, and Sound Income Strategies LLC increased their holdings in Visa. The article also notes an insider stock sale by Visa's General Counsel Julie B. Rottenberg and provides details on Visa's stock performance, recent earnings, dividend announcement, and analyst ratings.",https://www.marketbeat.com/instant-alerts/filing-stiles-financial-services-inc-cuts-stock-position-in-visa-inc-v-2025-10-14/,1760429130
V,L. Roy Papp & Associates LLP Trims Stake in Visa Inc. $V,"L. Roy Papp & Associates LLP reduced its stake in Visa Inc. by 0.9% in the second quarter, now holding 101,697 shares valued at $36.107 million. Despite this trim, several other large institutional investors increased their holdings in Visa. The article also covers Visa's financial performance, analyst ratings, and dividend information.",https://www.marketbeat.com/instant-alerts/filing-l-roy-papp-associates-llp-trims-stake-in-visa-inc-v-2025-10-14/,1760429131
V,"Cyndeo Wealth Partners LLC Buys 1,271 Shares of Visa Inc. $V - MarketBeat","Cyndeo Wealth Partners LLC increased its stake in Visa Inc. by 4.5%, purchasing an additional 1,271 shares, bringing their total holdings to 29,784 shares valued at $10.575 million. Other institutional investors like Vanguard and Wellington Management also boosted their stakes, reflecting strong institutional interest in Visa. Analysts maintain a positive outlook on Visa, with an average target price of $389.00 and multiple ""buy"" ratings from various firms.",https://www.marketbeat.com/instant-alerts/filing-cyndeo-wealth-partners-llc-buys-1271-shares-of-visa-inc-v-2025-10-14/,1760429132
V,"Yarger Wealth Strategies LLC Raises Position in Tesla, Inc. $TSLA","Yarger Wealth Strategies LLC increased its stake in Tesla, Inc. by 45.9% in the second quarter, bringing its total holdings to 1,962 shares valued at $623,000. Other institutional investors also significantly modified their positions in Tesla, with Vanguard Group Inc., Goldman Sachs Group Inc., and Charles Schwab Investment Management Inc. among those increasing their holdings. The article also provides details on Tesla's stock performance, recent earnings, and analyst ratings, noting a consensus ""Hold"" rating with an average target price of $363.03.",https://www.marketbeat.com/instant-alerts/filing-yarger-wealth-strategies-llc-raises-position-in-tesla-inc-tsla-2025-10-14/,1760431174
V,Visa unveils protocol for secure AI agent-driven commerce By Investing.com - Investing.com UK,"The article indicates that Visa has unveiled a protocol for secure AI agent-driven commerce. However, the provided content is an error message, preventing access to the actual details of this development. The error suggests a client-side exception affecting the loading of the Investing.com UK website.",https://uk.investing.com/news/company-news/visa-unveils-protocol-for-secure-ai-agentdriven-commerce-93CH-4302773,1760436360
V,Visa unveils protocol for secure AI agent-driven commerce - Investing.com,"This article indicates an application error preventing the content from loading. However, the title suggests that Visa has unveiled a new protocol aimed at securing commerce driven by AI agents. This development would likely focus on ensuring safe and reliable transactions within AI-powered commercial environments.",https://www.investing.com/news/company-news/visa-unveils-protocol-for-secure-ai-agentdriven-commerce-93CH-4285174,1760436549
V,"Best Travel Credit Cards This Week, Oct. 14, 2025: Bonuses as High as 175,000 Points - The Motley Fool","This article from The Motley Fool reviews the best travel credit cards for the week of October 14, 2025, highlighting various options from simple rewards to premium perks with bonuses up to 175,000 points. It details four specific cards: Chase Freedom Unlimited®, Chase Sapphire Preferred® Card, American Express® Gold Card, and American Express Platinum Card®, outlining their features, benefits, and ideal users. The article also provides guidance on how to choose the best travel card based on individual spending and travel habits.",https://www.fool.com/money/credit-cards/articles/best-travel-credit-cards-this-week-oct-14-2025/,1760436913
V,Visa introduces trusted agent protocol: an ecosystem-led framework for AI commerce - MarketScreener,"Visa has introduced its trusted agent protocol, which is an ecosystem-led framework designed for AI commerce. The article also provides financial information regarding Visa Inc. (V), including its recent stock performance, company profile, income statements, analyst ratings, and consensus.",https://www.marketscreener.com/news/visa-introduces-trusted-agent-protocol-an-ecosystem-led-framework-for-ai-commerce-ce7d5ad9dc8cf627,1760437562
V,$4.6T in assets — JPMorgan Chase reports Q3 2025 results with $360B in equity - Stock Titan,"JPMorgan Chase & Co. announced its third-quarter 2025 financial results, accessible via its Investor Relations website. As of September 30, 2025, the leading financial services firm reported $4.6 trillion in assets and $360 billion in stockholders’ equity. JPMorgan Chase is a global leader in various financial services including investment banking, consumer and commercial banking, transaction processing, and asset management.",https://www.stocktitan.net/news/JPM/jp-morgan-chase-reports-third-quarter-2025-financial-f9sua7dcuili.html,1760438220
V,Visa unveils protocol for secure AI agent-driven commerce By Investing.com - Investing.com South Africa,"This article mentions that Visa has unveiled a protocol for secure AI agent-driven commerce. However, the full content of the article is not available due to a client-side exception on the website.",https://za.investing.com/news/company-news/visa-unveils-protocol-for-secure-ai-agentdriven-commerce-93CH-3917688,1760438829
V,Morningstar Investment Management LLC Acquires New Stake in PDD Holdings Inc. Sponsored ADR $PDD - MarketBeat,"Morningstar Investment Management LLC has acquired a new stake in PDD Holdings Inc. Sponsored ADR, purchasing 14,071 shares valued at approximately $1.47 million. Several other institutional investors also significantly increased their holdings in PDD, while analyst opinions vary from ""strong-buy"" to ""neutral"" with target prices between $120.00 and $146.00. The stock is currently trading at $127.55 with a market cap of $177.57 billion.",https://www.marketbeat.com/instant-alerts/filing-morningstar-investment-management-llc-acquires-new-stake-in-pdd-holdings-inc-sponsored-adr-pdd-2025-10-14/,1760439750
V,Nuvei Supports Visa Trusted Agent Protocol to Advance Agentic Commerce - Morningstar,"Nuvei has announced its support for Visa's new Trusted Agent Protocol, a framework designed to enable secure transactions with AI agents in Agentic Commerce. This collaboration positions Nuvei to help merchants adopt AI-driven payments and contribute to setting new industry standards for agent-to-merchant connectivity. The initiative aims to make Agentic Commerce accessible globally, reinforcing Nuvei's role in the evolving digital payments landscape.",https://www.morningstar.com/news/pr-newswire/20251014la97313/nuvei-supports-visa-trusted-agent-protocol-to-advance-agentic-commerce,1760443200
V,Contactless Payment Market Set for Dynamic Growth with Key - openPR.com,"This article from Worldwide Market Reports forecasts dynamic growth for the Contactless Payment Market, identifying key players such as Visa, Mastercard, and American Express. The report segments the market by type (Smart Cards, Wearable Devices, Mobile Handsets) and application (Retail, Transportation, Hospitality), offering a comprehensive analysis of trends, drivers, restraints, and competitive landscape through 2032. It also includes regional analysis across North America, Europe, Asia-Pacific, South America, and the Middle East & Africa.",https://www.openpr.com/news/4223452/contactless-payment-market-set-for-dynamic-growth-with-key,1760444060
V,"Rental Dump Truck Market Set for Dynamic Growth with Key Players Visa Inc., Mastercard Incorporated, American Express Company","The Rental Dump Truck Market report provides an in-depth assessment of revenue generated across various segments and regions from 2025 to 2032. It highlights key players, market segmentation by type (Standard, Articulated, Transfer) and application (Construction, Mining, Infrastructure), and regional outlook. The report offers detailed analysis including competitive landscape, historical data, forecasts, and incorporates both primary and secondary research methodologies.",https://www.openpr.com/news/4223547/rental-dump-truck-market-set-for-dynamic-growth-with-key-players,1760445407
V,"InComm InCentives Offers $500 Gift Card to New Customers Who Spend $25,000 on Bulk Gift Card Orders - Morningstar","InComm InCentives is offering a promotional deal for new customers who make bulk gift card orders of $25,000 or more. This offer includes a $500 gift card, no purchase fees on Visa, American Express, and Mastercard products, and free shipping. The promotion aims to help businesses show appreciation to employees and customers through versatile gift cards, including multi-brand options like the Zift Zillions of Gifts Gift Card, ahead of the holiday season.",https://www.morningstar.com/news/pr-newswire/20251014aq92431/incomm-incentives-offers-500-gift-card-to-new-customers-who-spend-25000-on-bulk-gift-card-orders,1760447880
V,The GENIUS Act is spurring boom in crypto rewards - American Banker,"The GENIUS Act is driving significant growth in crypto rewards, with companies like Fold partnering with Visa and Stripe to offer Bitcoin rewards credit cards. This trend is gaining momentum as traditional card issuers revamp their rewards programs, and stablecoins are also transforming how loyalty points are managed and redeemed by both companies and consumers. This shift redefines the value proposition of rewards programs, aligning incentives between companies and customers and providing more stable and transferable rewards.",https://www.americanbanker.com/payments/news/cryptocurrency-and-stablecoin-rewards-are-gaining-popularity,1760448900
V,Solana Experienced Highest Stress Test Amid the Largest Crypto Crash on Record - Tekedia,"The cryptocurrency market recently experienced its most severe liquidation event, triggered by unexpected tariffs, which wiped out over $19 billion in leveraged positions. Despite a significant price drop, Solana's network demonstrated remarkable resilience, handling peak transaction volumes without downtime or congestion, outperforming many competitors and centralized exchanges. This event proved Solana's scalability and robustness under extreme stress, attracting increased institutional interest and validating its potential for real-world adoption.",https://www.tekedia.com/solana-experienced-highest-stress-test-amid-the-largest-crypto-crash-on-record/,1760448988
V,"Cross border payment Market to Reach $206.5 billion by 2024 in the short run and $414.6 Billion by 2034 Globally, at 7.1% CAGR: Allied Market Research - Yahoo Finance","The cross-border payment market is projected to grow from $206.5 billion in 2024 to $414.6 billion by 2034, exhibiting a CAGR of 7.1%. This growth is fueled by global e-commerce expansion, rising remittances, and mobile payment adoption, despite challenges like regulatory complexities and currency volatility. Key players are focusing on service expansion and strategic partnerships, notably in the B2B sector and digital channels.",https://finance.yahoo.com/news/cross-border-payment-market-reach-141500951.html,1760451300
V,"A Consortium Led by Goldman Sachs Alternatives, Including Blackstone, Completes Majority Stake Acquisition of NAVEX, a Leading Global Ethics, Risk and Compliance Management Software Provider","Goldman Sachs Alternatives has completed the acquisition of a majority stake in NAVEX, a global provider of ethics, risk, and compliance management software. Blackstone has also become a significant minority investor, while former majority shareholder BC Partners retains a significant minority stake. This new capitalization aims to fuel NAVEX’s global expansion and continued innovation of its NAVEX One integrated GRC platform.",https://finance.yahoo.com/news/consortium-led-goldman-sachs-alternatives-142600939.html,1760451960
V,BlackRock Q3 FY2025 Earnings Call Transcript,"BlackRock reported strong Q3 FY2025 results, with organic base fee growth accelerating to 10% and record AUM of $13.5 trillion. Key drivers included iShares ETFs, private markets, and cash management, with significant contributions from recent acquisitions of HPS and GIP. The company emphasized its focus on tokenization and digital assets as future growth areas, aiming to integrate traditional investments into digital wallets.",https://www.inkl.com/news/blackrock-q3-fy2025-earnings-call-transcript,1760457207
V,"Virtual Credit Cards Market Reaches All-Time High | MineralTree, Marqeta, Billtrust - newstrail.com","The Virtual Credit Cards market is projected to reach an all-time high, with HTF Market Intelligence forecasting a CAGR of 22% between 2025 and 2030. The market's growth is driven by increasing demand for fraud prevention, convenience in expense tracking, and the expansion of digital payments and e-commerce. Key players include MineralTree, Marqeta, and Billtrust, with North America dominating and Asia Pacific showing the fastest growth.",https://www.newstrail.com/virtual-credit-cards-market-reaches-all-time-high-mineraltree-marqeta-billtrust/,1760457406
V,Ripple (XRP) Is Working With American Express. Here’s the Latest - Times Tabloid,"A crypto researcher recently highlighted a video from UK Fintech Week underscoring Ripple's ongoing collaboration with American Express. This partnership exemplifies how established financial institutions are integrating blockchain-based solutions for cross-border payments, a relationship that predates more recent crypto-fintech collaborations like Coinbase and American Express. The article emphasizes that XRP's role in enterprise-level payment innovation serves as a point of pride for its advocates.",https://timestabloid.com/ripple-xrp-is-working-with-american-express-heres-the-latest/,1760459495
V,"Move Over, SCHD: 3 Monthly Dividend ETFs With Superior Long-Term Returns - AOL.com","This article examines three monthly dividend ETFs—Amplify CWP Enhanced Dividend Income (DIVO), WisdomTree U.S. Total Dividend (DTD), and SPDR Dow Jones Industrial Average ETF Trust (DIA)—as compelling alternatives to the popular Schwab US Dividend Equity (SCHD). It highlights their superior long-term returns over the past 10 and 5 years, along with their unique strategies for income, growth, and stability. The piece also discusses the industry sector allocations and top holdings for each ETF, emphasizing the appeal of monthly payouts for investors.",https://www.aol.com/articles/move-over-schd-3-monthly-165926644.html,1760461411
V,"|​​​​​​​Visa, MasterCard To Pay Combined $199.5M In Fraud Risk Suit - Law360",|Visa Inc. and MasterCard International Corp. have agreed to a combined $199.5 million settlement in a nearly decade-old class action lawsuit. The lawsuit accused the credit card giants of conspiring to shift fraud risk. This settlement aims to resolve the long-standing legal battle.,https://www.law360.com/amp/articles/2399382,1760482080
V,"​​​​​​​​Visa, MasterCard To Pay Combined $199.5M In Fraud Risk Suit - Law360",Visa Inc. and MasterCard International Corp. have agreed to a combined $199.5 million settlement in a nearly decade-old class action lawsuit. The suit accused the credit card giants of conspiring to shift fraud risk costs onto merchants. The agreement was filed in New York federal court.,https://www.law360.com/articles/2399382/-visa-mastercard-to-pay-combined-199-5m-in-fraud-risk-suit,1760482080
V,U.S. Moves to Seize Record $12B in Bitcoin from Global ‘Pig Butchering’ Scam After Joint Crackdown - CryptoRank,"The United States has announced the largest-ever cryptocurrency seizure, targeting $12 billion in Bitcoin linked to a global ""pig butchering"" scam and human trafficking network. The crackdown exposes Prince Holding Group, founded by Chinese-born businessman Chen, for luring workers to Cambodia to operate sophisticated online frauds. This action is part of a broader, coordinated international effort with the U.K. to combat an unprecedented blend of crypto fraud, organized crime, and human exploitation.",https://cryptorank.io/news/feed/5dc07-us-moves-to-seize-record-12b-in-bitcoin-from-global-pig-butchering-scam-after-joint-crackdown,1760482556
V,KODEX US Dividend Covered Call Active ETF Surpasses KRW 700 Billion in Net Assets,"The KODEX US Dividend Covered Call Active ETF by Samsung Asset Management has surpassed KRW 700 billion in net assets, growing significantly within 10 months due to strong individual net purchases and stable returns. The ETF, which replicates the US DIVO ETF, strategically includes technology stocks like Microsoft and Apple, enabling it to achieve superior performance among US dividend Dow Jones-type ETFs. It boasts a high annual dividend yield of 9.2% and has consistently outperformed competitors across various return periods.",https://cm.asiae.co.kr/en/article/2025101509104093388,1760487000
V,Squires Calls For 2nd Look At PTAB Wins By Visa - Law360,"John Squires, Director of the U.S. Patent and Trademark Office, has mandated a review of the Patent Trial and Appeal Board's decisions that largely favored Visa Inc. in intellectual property disputes. This review follows arguments from Cortex MCP Inc., the patent owner, claiming the initial rulings on three credential verification patents were flawed.",https://www.law360.com/articles/2399272/squires-calls-for-2nd-look-at-ptab-wins-by-visa,1760494440
V,"Visa and EA SPORTS Celebrate Bangkok Event Success, Powering the Future of Gaming, Esports and Payments - PR Newswire","Visa and EA SPORTS successfully launched the EA SPORTS FC™ Mobile Festival in Bangkok, a two-day event combining football, gaming, and music, which attracted 1,500 attendees and garnered 295 million video-on-demand views. This event highlighted Visa's commitment to youth culture and sports engagement, and their role in providing seamless payment experiences in the burgeoning mobile gaming and esports sectors. The partnership signifies Visa's ambition to be the preferred payment method in gaming, with future events planned across Asia Pacific.",https://www.prnewswire.com/apac/news-releases/visa-and-ea-sports-celebrate-bangkok-event-success-powering-the-future-of-gaming-esports-and-payments-302584207.html,1760499000
V,Seaport Res Ptn Analysts Raise Earnings Estimates for Visa - Defense World,"Seaport Global Securities analysts have raised their Q2 2025 earnings estimates for Visa (NYSE:V), anticipating earnings per share of $2.44. This follows several other brokerages issuing ""buy"" or ""overweight"" ratings with price targets for Visa, which recently traded up 1.5% and declared a quarterly dividend of $0.59. The article also details recent insider transactions and institutional investor activity in Visa stock, alongside a company profile.",https://www.defenseworld.net/2025/10/15/seaport-res-ptn-analysts-raise-earnings-estimates-for-visa.html,1760508562
V,"Exclusive-Japan’s Rakuten weighing US IPO of credit card business, sources say","Rakuten, a Japanese e-commerce and finance company, is reportedly considering a U.S. Initial Public Offering (IPO) for its credit card business (Rakuten Card). The consideration comes after rival SoftBank's plans to list PayPay in the U.S., with other options including a stake sale to a strategic buyer. Rakuten Card is a central part of Rakuten's services, and the company aims to expand its profit to 100 billion yen over the medium term.",https://kfgo.com/2025/10/15/exclusive-japans-rakuten-weighing-us-ipo-of-credit-card-business-sources-say/,1760511034
V,Northrim BanCorp (NASDAQ:NRIM) Receives “Buy (B-)” Rating from Weiss Ratings,"Northrim BanCorp (NASDAQ:NRIM) has received a ""Buy (B-)"" rating from Weiss Ratings. The company recently cut its quarterly dividend to $0.16, representing a 3.0% yield, and institutional investors have significantly increased their holdings in NRIM. Northrim BanCorp operates as a bank holding company offering commercial banking products and home mortgage lending services.",https://www.defenseworld.net/2025/10/15/northrim-bancorp-nasdaqnrim-receives-buy-b-rating-from-weiss-ratings.html,1760511563
V,Ripple Teams Up with American Express: XRP Powers Next-Gen Global Payments - FXLeaders,"American Express and Ripple are collaborating to demonstrate how financial institutions are adapting to international online payment systems. The XRP community views Ripple's partnerships, including this long-standing one with American Express, as continuous proof of XRP's financial sector importance. This partnership highlights an earlier phase of blockchain adoption in financial services, utilizing XRP for real-time, cross-border transactions and improving global corporate payments.",https://www.fxleaders.com/news/2025/10/15/ripple-teams-up-with-american-express-xrp-powers-next-gen-global-payments/,1760512387
V,Gratus Wealth Advisors LLC Raises Stock Position in Alphabet Inc. $GOOGL - Defense World,"Gratus Wealth Advisors LLC has increased its stake in Alphabet Inc. (GOOGL). Several other institutional investors have also adjusted their holdings, with Vanguard Group Inc. notably increasing its position. Analysts generally maintain a positive outlook on Alphabet, with most recommending a ""Buy"" rating and setting optimistic price targets.",https://www.defenseworld.net/2025/10/15/gratus-wealth-advisors-llc-raises-stock-position-in-alphabet-inc-googl.html,1760513063
V,Thompson Investment Management Inc. Reduces Position in Visa Inc. $V - MarketBeat,"Thompson Investment Management Inc. reduced its stake in Visa Inc. by 4.3% in the second quarter, now holding 26,560 shares valued at $9.43 million. Visa outperformed analyst expectations with $2.98 EPS and a 14.3% revenue increase, and announced a quarterly dividend of $0.59 per share. Analysts have a ""Moderate Buy"" rating on the stock with a consensus target price of $389.00.",https://www.marketbeat.com/instant-alerts/filing-thompson-investment-management-inc-reduces-position-in-visa-inc-v-2025-10-15/,1760513853
V,"2,009 Shares in Visa Inc. $V Bought by Williams & Novak LLC","Williams & Novak LLC acquired a new position of 2,009 shares in Visa Inc. valued at approximately $713,000 during the second quarter. This article details significant institutional investments in Visa, recent analyst rating changes and price targets, the company's stock performance, latest earnings report, and dividend announcement. Major financial firms like Aberdeen Group plc and Agate Pass Investment Management LLC also adjusted their holdings in Visa.",https://www.marketbeat.com/instant-alerts/filing-2009-shares-in-visa-inc-v-bought-by-williams-novak-llc-2025-10-15/,1760514333
V,Drucker Wealth 3.0 LLC Decreases Stake in Visa Inc. $V,"Drucker Wealth 3.0 LLC significantly reduced its holdings in Visa Inc. by 17.7% in Q2, selling 1,372 shares and holding 6,386 shares valued at $2.28 million. Despite this decrease by one firm, several other large institutional investors increased their stakes in Visa. The company recently reported strong quarterly earnings, surpassing analyst estimates with EPS of $2.98 and revenues of $10.17 billion, reflecting a 14.3% year-over-year growth.",https://www.marketbeat.com/instant-alerts/filing-drucker-wealth-30-llc-decreases-stake-in-visa-inc-v-2025-10-15/,1760514494
V,"DSM Capital Partners LLC Sells 69,580 Shares of Visa Inc. $V - MarketBeat","DSM Capital Partners LLC reduced its stake in Visa Inc. by 13.4%, selling 69,580 shares during the second quarter, bringing their total holdings to 450,536 shares valued at approximately $159.96 million. Visa reported strong financial results with $2.98 EPS and revenue of $10.17 billion, a 14.3% year-over-year increase. The article also details other institutional investor activity, stock performance metrics, dividend information, and recent analyst ratings for Visa.",https://www.marketbeat.com/instant-alerts/filing-dsm-capital-partners-llc-sells-69580-shares-of-visa-inc-v-2025-10-15/,1760514495
V,Villere ST Denis J & Co. LLC Has $44.15 Million Stock Position in Visa Inc. $V,"Villere ST Denis J & Co. LLC reduced its stake in Visa Inc. by 3.4% in the second quarter, now holding 124,350 shares valued at $44.15 million, making it their second-largest position. Other institutional investors also adjusted their holdings in Visa, which maintains an average analyst rating of ""Moderate Buy"" with a consensus target price of $389.00. The company recently reported strong quarterly earnings, exceeding analyst estimates, and announced a quarterly dividend of $0.59 per share.",https://www.marketbeat.com/instant-alerts/filing-villere-st-denis-j-co-llc-has-4415-million-stock-position-in-visa-inc-v-2025-10-15/,1760514496
V,"Lmcg Investments LLC Sells 2,413 Shares of Visa Inc. $V","Lmcg Investments LLC reduced its stake in Visa Inc. by 3.5% during the second quarter, selling 2,413 shares and holding 66,258 shares valued at $23.525 million. This transaction came amidst other institutional investors buying and selling Visa shares. The article also details Visa's stock performance, recent earnings, dividend announcement, insider selling activity, and analyst ratings.",https://www.marketbeat.com/instant-alerts/filing-lmcg-investments-llc-sells-2413-shares-of-visa-inc-v-2025-10-15/,1760516665
V,Visa Inc. $V Holdings Lifted by Aberdeen Group plc - MarketBeat,"Aberdeen Group plc significantly increased its stake in Visa Inc. by 7.8% in the second quarter, making it the 13th largest holding for the firm. Other institutional investors like Vanguard Group Inc. and Northern Trust Corp also raised their positions in Visa. The article also details Visa's stock performance, recent earnings report exceeding analyst estimates, and a declared quarterly dividend.",https://www.marketbeat.com/instant-alerts/filing-visa-inc-v-holdings-lifted-by-aberdeen-group-plc-2025-10-15/,1760516665
V,PDS Planning Inc Has $4.27 Million Position in Visa Inc. $V,"PDS Planning Inc increased its stake in Visa Inc. by 18.7% during the second quarter, bringing its total holdings to $4.27 million. The article details other institutional investor activities, provide Visa's stock performance and financial data, and mentions analyst ratings and dividend information.",https://www.marketbeat.com/instant-alerts/filing-pds-planning-inc-has-427-million-position-in-visa-inc-v-2025-10-15/,1760516666
V,"Eastern Bank Sells 3,621 Shares of Visa Inc. $V - MarketBeat","Eastern Bank reduced its holdings in Visa Inc. by 1.1% in the second quarter, selling 3,621 shares and holding 340,004 shares valued at $120.7 million. This makes Visa its 11th largest position, accounting for 2.3% of its portfolio. The article also details other institutional investor activity, analyst ratings, Visa's price performance, dividend announcements, and company profile.",https://www.marketbeat.com/instant-alerts/filing-eastern-bank-sells-3621-shares-of-visa-inc-v-2025-10-15/,1760516668
V,Louisbourg Investments Inc. Lowers Holdings in Visa Inc. $V - MarketBeat,"Louisbourg Investments Inc. reduced its stake in Visa Inc. by 11.2% in Q2 2025, selling 1,220 shares and holding 9,719 shares valued at $3.45 million. Other institutional investors also adjusted their holdings. Visa stock opened at $348.39, with a market cap of $638.53 billion, and recently announced a quarterly dividend.",https://www.marketbeat.com/instant-alerts/filing-louisbourg-investments-inc-lowers-holdings-in-visa-inc-v-2025-10-15/,1760516669
V,"Blue Zone Wealth Advisors LLC Purchases 1,621 Shares of Visa Inc. $V","Blue Zone Wealth Advisors LLC increased its stake in Visa Inc. by 7.2% during the second quarter, now holding 24,170 shares valued at $8.58 million. Other institutional investors also adjusted their positions in Visa. The article also provides details on Visa's stock performance, analyst ratings, recent earnings report, and dividend announcement.",https://www.marketbeat.com/instant-alerts/filing-blue-zone-wealth-advisors-llc-purchases-1621-shares-of-visa-inc-v-2025-10-15/,1760516669
V,Greenwood Gearhart Inc. Boosts Holdings in Visa Inc. $V,"Greenwood Gearhart Inc. increased its stake in Visa Inc. by 2.4% in the second quarter, bringing its total holdings to 49,101 shares valued at $17.43 million. Other institutional investors have also adjusted their positions in Visa, which currently trades at $348.39 with a market cap of $638.53 billion. Analysts generally forecast growth for Visa, with Barclays reiterating an ""overweight"" rating and a $408 price target.",https://www.marketbeat.com/instant-alerts/filing-greenwood-gearhart-inc-boosts-holdings-in-visa-inc-v-2025-10-15/,1760516669
V,"Vest Financial LLC Increases Stake in PayPal Holdings, Inc. $PYPL","Vest Financial LLC significantly increased its holdings in PayPal Holdings, Inc. by 45.1% in Q2 2025, bringing its total to 16,644 shares valued at $1.237 million. Other institutional investors like Vanguard Group Inc. and Deutsche Bank AG also reported substantial holdings and increased positions in PayPal. The article also details PayPal's current stock performance, market capitalization, debt ratios, recent earnings results, and future guidance, along with analyst sentiment.",https://www.marketbeat.com/instant-alerts/filing-vest-financial-llc-increases-stake-in-paypal-holdings-inc-pypl-2025-10-15/,1760516904
V,"Boston Trust Walden Corp Has $19.38 Million Stock Position in Church & Dwight Co., Inc. $CHD - MarketBeat","Boston Trust Walden Corp increased its stake in Church & Dwight Co., Inc. (NYSE:CHD) by 7.8% during the second quarter, bringing its total holding to 201,620 shares valued at $19.38 million. Numerous other institutional investors also adjusted their positions in Church & Dwight, with several analysts issuing new price targets and ratings for the stock. The article details recent insider transactions, stock performance metrics, dividend announcements, and the company's latest quarterly earnings results.",https://www.marketbeat.com/instant-alerts/filing-boston-trust-walden-corp-has-1938-million-stock-position-in-church-dwight-co-inc-chd-2025-10-15/,1760520402
V,"Amazon.com, Inc. $AMZN Stock Holdings Lessened by Wetzel Investment Advisors Inc. - Defense World","Wetzel Investment Advisors Inc. reduced its stake in Amazon.com, Inc. alongside various other institutional investors making adjustments to their holdings. Despite this, other major firms like Vanguard Group Inc. and Kingstone Capital Partners Texas LLC significantly boosted their Amazon.com shares. The article also details recent analyst ratings, with the stock holding an average ""Buy"" rating and a target price of $266.26.",https://www.defenseworld.net/2025/10/15/amazon-com-inc-amzn-stock-holdings-lessened-by-wetzel-investment-advisors-inc.html,1760521494
V,"Private Wealth Asset Management LLC Sells 4,952 Shares of American Express Company $AXP","Private Wealth Asset Management LLC reduced its stake in American Express Company (AXP) by 56.4% in the second quarter, selling 4,952 shares and now holding 3,831 shares valued at approximately $1.22 million. American Express reported strong quarterly earnings of $4.08 per share, surpassing estimates, with revenues up 9.3% year-over-year to $17.86 billion. The company also declared a quarterly dividend of $0.82 per share, and analysts have set various price targets, with a consensus ""Hold"" rating.",https://www.marketbeat.com/instant-alerts/filing-private-wealth-asset-management-llc-sells-4952-shares-of-american-express-company-axp-2025-10-15/,1760523063
V,Diversified Investment Strategies LLC Has $6.61 Million Stake in Fastenal Company $FAST,"Diversified Investment Strategies LLC significantly increased its stake in Fastenal Company (FAST) during the second quarter, now holding $6.61 million worth of shares. Fastenal recently declared a quarterly dividend of $0.22 per share, yielding 2.1%. Despite reporting $2.13 billion in revenue, Fastenal's earnings per share of $0.29 slightly missed estimates for the last quarter.",https://www.marketbeat.com/instant-alerts/filing-diversified-investment-strategies-llc-has-661-million-stake-in-fastenal-company-fast-2025-10-15/,1760523064
V,Adyen partners with Cloudflare for agentic commerce - MarketScreener,"Adyen has partnered with Cloudflare to develop a secure payment system for AI-driven e-commerce, utilizing the new Web Bot Auth protocol developed by Cloudflare and VISA. This collaboration aims to differentiate trustworthy AI agents from malicious bots in agentic commerce while ensuring a seamless customer experience. Several other major payment and tech companies are also involved in this initiative.",https://www.marketscreener.com/news/adyen-partners-with-cloudflare-for-agentic-commerce-ce7d5aded088f62c,1760526100
V,Updates Given as Walt Disney World Aims To Go Cashless - Inside the Magic,"Walt Disney World is gradually transitioning to a cashless payment system across its parks, starting with snack carts and kiosks. While not fully cashless yet, the move signals a broader plan to streamline transactions, reduce operational costs, and enhance efficiency through digital payment methods like credit cards, Disney Gift Cards, and mobile payments. Guests can still use cash by loading it onto a Disney Gift Card, ensuring continued access to park amenities.",https://insidethemagic.net/2025/10/updates-given-as-walt-disney-world-goes-cashless-ab1/,1760526422
V,"Cloudflare teams up with Visa, Mastercard and AmEx to lay payment rails for AI agents - TradingView","Cloudflare is collaborating with Visa, Mastercard, and American Express to establish payment infrastructure for ""agentic commerce,"" where AI agents conduct autonomous transactions. This initiative includes developing the Trusted Agent Protocol with Visa and aims to secure machine-to-machine payments, leveraging stablecoins and on-chain protocols for settlement. The effort also involves a broad industry group to standardize secure, autonomous transactions for the future of commerce.",https://www.tradingview.com/news/the_block:6d618b790094b:0-cloudflare-teams-up-with-visa-mastercard-and-amex-to-lay-payment-rails-for-ai-agents/,1760526523
V,Bitcoin and Ethereum ETFs surge with $340 million in inflows - PortalCripto,"US spot Bitcoin and Ethereum ETFs saw significant inflows totaling $340 million on Tuesday, signaling a recovery in institutional investor confidence after a challenging start to the week. Fidelity's FBTC and FETH led the inflows for Bitcoin and Ethereum ETFs, respectively, despite broader market volatility driven by US-China trade tensions. Analysts caution that market uncertainties remain despite the recovery, with potential for continued volatility.",https://portalcripto.com.br/en/Bitcoin-and-Ethereum-ETFs-record-high-with-US%24340-million-in-inflows/,1760527099
V,Campus Payment Overhaul Might Change the Case for Investing in Global Payments (GPN),"Global Payments Inc. (GPN) recently launched its Genius unified POS solution for higher education, aiming to modernize campus payments and reduce cash reliance. This move targets an underserved vertical, aligning with the company's strategy to expand its integrated digital payments platform, although the immediate impact on broader enterprise and international markets might be limited. Investors consider GPN's growth potential in digital payment adoption against integration challenges, with revenue forecasts projecting $12.3 billion by 2028.",https://simplywall.st/stocks/us/diversified-financials/nyse-gpn/global-payments/news/campus-payment-overhaul-might-change-the-case-for-investing,1760527958
V,"CoinShares Files XRP ETF for Nasdaq, Boosting Institutional XRP Investment in the U.S. - CryptoRank","CoinShares has filed an application to list its XRP ETF (ticker: XRPL) on Nasdaq, aiming to facilitate institutional XRP investment in the U.S. This comes after a decade-long legal battle with the SEC, with strategic partnerships already in place including BitGo as crypto custodian and Valkyrie Funds LLC as the seed capital investor. The SEC is expected to deliver verdicts on multiple XRP ETF applications between October 18 and 25, which market analysts believe could significantly impact XRP's market.",https://cryptorank.io/ru/news/feed/d6faa-coinshares-files-xrp-etf-for-nasdaq-boosting-institutional-xrp-investment-in-the-u-s,1760529623
V,The Web’s Power Brokers Are Moving to Control How AI Agents Transact - AIM Media House,"Cloudflare and Visa are collaborating to establish a verification network that dictates which AI agents can be trusted for online transactions. This initiative, which includes partnerships with Mastercard and American Express, aims to build a system where merchants can approve or block AI agents, thereby controlling how AI agents buy and sell online. While proponents argue this will foster secure and open standards for agentic commerce, others raise concerns about potential lock-in and increased regulatory scrutiny for companies like Visa.",https://aimmediahouse.com/generative-ai/the-webs-power-brokers-are-moving-to-control-how-ai-agents-transact,1760530750
V,Solana Price Jumps 6.6% as $50M Treasury Buy and ETF Buzz Spark Recovery - The Tradable,"Solana (SOL) price has risen by 6.6% to $205.36, driven by a $50 million institutional purchase by Solmate and increasing optimism surrounding potential Solana ETF approvals. Several major financial institutions, including VanEck, Bitwise, and Grayscale, have filed for Solana ETFs, with the SEC's first decision expected by October 16, 2025. Corporate accumulation of SOL as a treasury asset is also contributing to the token's recovery, though it still needs to break key resistance levels for a sustained upward trend.",https://thetradable.com/crypto/solana-price-jumps-66-as-50m-treasury-buy-and-etf-buzz-spark-recovery-0--v,1760531350
V,Cloudflare partners with payment giants to power AI agent commerce - Cryptopolitan,"Cloudflare has partnered with major payment firms like Mastercard, Visa, and American Express to enable agentic commerce, allowing AI agents to shop at millions of merchants globally. This initiative utilizes the new Web Bot Auth protocol and Trusted Agent Protocol to ensure secure, transparent, and trusted transactions from AI shopping agents. The collaboration aims to simplify agent verification for merchants, enable identification of agent intent, and facilitate diverse payment methods, thereby shaping the future of digital commerce.",https://www.cryptopolitan.com/cloudflare-partners-payment-ai-agent/,1760536320
V,Using this HP laptop for a week highlighted its secret weapon: 5G brilliance - pcworld.com,"The HP EliteBook 6 G1q is a business laptop praised for its exceptional built-in multi-network 5G connectivity via HP Go, offering a seamless internet experience. While the 5G capabilities are highlighted as transformative, the laptop's other features, including its dim display, middling CPU performance (Qualcomm Snapdragon X Plus), and average keyboard/webcam, are considered unremarkable for its price point. The article concludes that the device is ideal for businesses needing a fleet of connected-but-mid-range laptops for employees on the go, despite its less-than-premium overall hardware.",https://www.pcworld.com/article/2935378/hp-elitebook-6-g1q-review.html,1760536800
V,"Crypto News Today: XRP ETF Race Heats Up, Coinbase Expands in India, Shiba Inu Burn Surges, and US Seizes $14 Billion in Bitcoin - Analytics Insight","This article covers major cryptocurrency news, including CoinShares' filing for an XRP ETF, Coinbase's strategic investment in CoinDCX to expand in India, and OwlTing's Nasdaq listing. It also reports on a significant 27,000% surge in Shiba Inu's burn rate and the US government's seizure of $14 billion in Bitcoin as part of a global crackdown on crypto crime. The market is showing signs of recovery with $340 million in ETF inflows.",https://www.analyticsinsight.net/amp/story/cryptocurrency-analytics-insight/crypto-news-today-xrp-etf-race-heats-up-coinbase-expands-in-india-shiba-inu-burn-surges-and-us-seizes-14-billion-in-bitcoin,1760537906
V,Cloudflare Partners With Visa And Mastercard On Agentic Commerce Standards - FinanceFeeds,"Cloudflare has partnered with Visa, Mastercard, and American Express to establish authentication protocols for ""agentic commerce,"" a new sector where AI software agents conduct purchases on behalf of users. The collaboration involves developing a new Trusted Agent Protocol and Web Bot Auth standard to verify AI-powered shopping bots. This initiative aims to bridge traditional fintech with crypto rails, preparing for a future where autonomous agents transact using both fiat and stablecoin systems.",https://financefeeds.com/cloudflare-partners-with-visa-and-mastercard-on-agentic-commerce-standards/,1760538839
V,Eye on Agentic Commerce: Mastercard Touts Agentic Commerce Trust; Walmart Shoppers Can Use ChatGPT For Purchases - Digital Transactions,"Mastercard has launched its Agent Pay Acceptance Framework to ensure trust and security in agentic commerce, allowing AI agents to transact on its network after verification. Concurrently, Walmart is enabling its shoppers to use ChatGPT's Instant Checkout feature for purchases on Walmart.com. These developments highlight the rapid integration of artificial intelligence into the payments ecosystem, aiming for more personalized and proactive shopping experiences.",https://www.digitaltransactions.net/eye-on-agentic-commerce-mastercard-touts-agentic-commerce-trust-walmart-shoppers-can-use-chatgpt-for-purchases/,1760539184
V,LVMH’s best day in decades spurs $80-billion luxury rally as China picture brightens - The Globe and Mail,"LVMH experienced its best day in over two decades, driving an $80 billion rally in European luxury stocks, following improved demand signals in China. The luxury group's shares soared after beating quarterly sales forecasts, boosting rivals like Hermes and Kering, though analysts caution it's early to declare a broad industry rebound.",https://www.theglobeandmail.com/investing/article-lvmhs-best-day-in-decades-spurs-80-billion-luxury-rally-as-china/,1760541769
V,"Visa, Mastercard reach settlement with merchants - Payments Dive","Visa and Mastercard have agreed to pay $199.5 million to settle a nine-year-long class action lawsuit with a group of merchants. The merchants alleged that the card companies illegally made them liable for rejected credit card transactions. This settlement, combined with an earlier agreement with American Express and Discover, brings the total compensation for the litigants to $231.7 million.",https://www.paymentsdive.com/news/visa-mastercard-settlement-merchants-credit-card-rejections/802854/?.tsrc=rss,1760543200
V,Solana Price Forecast - SOL-USD Rallies Above $200 Ahead of ETF Decision - TradingNEWS,"Solana (SOL-USD) has rebounded above $200 following a $590 million liquidation event, driven by anticipation of an upcoming Solana ETF decision. Technical analysis shows strong support and potential for breakout, with institutional interest increasing as the network expands partnerships and transaction volumes. The article provides a ""Buy"" verdict for SOL-USD, targeting $260-$300 by early 2026 due to ETF catalysts and strong fundamentals.",https://www.tradingnews.com/news/sol-usd-surges-past-200-usd-as-etf-desicion-sparks-renewed-buying-momentum,1760550263
V,"AI Market News: Cloudflare, Visa, Mastercard & AmEx Create AI Payment Rails - livebitcoinnews.com","Cloudflare is partnering with Visa, Mastercard, and American Express to build AI-powered payment rails, aiming to revolutionize digital transactions through ""agentic commerce."" This collaboration focuses on authenticating AI shopping agents using the Trusted Agent Protocol, enabling secure and scalable machine-to-machine payments in both crypto and traditional currencies. The initiative seeks to standardize autonomous transactions and supports the vision of a trillion-dollar agentic economy driven by AI agents using programmable digital assets.",https://www.livebitcoinnews.com/ai-market-news-cloudflare-visa-mastercard-amex-create-ai-payment-rails/,1760553037
V,NY Zelle Suit Highlights Fraud Risks Of Electronic Payments - Law360,A recent enforcement action by the New York attorney general against Zelle is being highlighted as a critical example of the fraud risks associated with electronic payment applications. Financial service providers are urged to be aware of these increasing risks as more transactions shift to nontraditional channels. This event underscores the need for vigilance and robust security measures in the evolving landscape of digital payments.,https://www.law360.com/articles/2395523/ny-zelle-suit-highlights-fraud-risks-of-electronic-payments,1760563920
V,Visa: Elevated Valuation Clouds An Otherwise Exceptional Business (NYSE:V) - Seeking Alpha,"Visa Inc. is recognized as a high-quality, dominant player in the digital payments sector with strong fundamentals and shareholder-friendly practices. Despite robust double-digit revenue and EPS growth, an elevated forward P/E ratio of approximately 30 limits near-term upside, leading to a Hold rating and a $373 price target. The company faces risks from its high valuation, potential U.S. consumer headwinds, fierce competition, and structural threats from stablecoins, although it is actively adapting to blockchain trends.",https://seekingalpha.com/article/4830228-visa-elevated-valuation-clouds-an-otherwise-exceptional-business,1760564000
V,"Southwest Airlines Introduces Boeing 737 MAX with Innovative RECARO Cabin Interiors, Transforming the Passenger Experience - Travel And Tour World","Southwest Airlines has unveiled its first Boeing 737 MAX with a redesigned cabin featuring RECARO R2 seats, aimed at enhancing passenger comfort and convenience. The new interiors include dual USB power outlets, adjustable headrests, and dedicated device holders, alongside an updated aesthetic and Viasat Wi-Fi. While initially only on new aircraft, Southwest plans to retrofit over half of its 737-700 fleet with similar amenities between 2026 and 2027, marking a significant modernization effort.",https://www.travelandtourworld.com/news/article/southwest-airlines-introduces-boeing-737-max-with-innovative-recaro-cabin-interiors-transforming-the-passenger-experience/,1760581652
V,Tourism and Commerce Surged During F1™[1] Singapore Night Race – Visa - finanzen.at,"During the F1 Singapore Night Race, Singapore experienced a significant surge in tourism and related commerce, according to VisaNet data. International arrivals and spending in hospitality, retail, and entertainment sectors saw double-digit percentage increases, largely driven by affluent travelers from China, Australia, the US, and Malaysia. The event also boosted the nighttime economy and benefited small and medium-sized businesses across the city.",https://www.finanzen.at/nachrichten/aktien/tourism-and-commerce-surged-during-f1[1]-singapore-night-race-visa-1035377606,1760581812
V,Ethereum ETF Momentum Builds — XRP and MAGACOIN FINANCE Emerge as Top 2025 Growth Picks - Crypto Economy,"The crypto market is seeing shifts with institutional investors re-evaluating positions for the 2025 cycle, highlighted by Ethereum ETF outflows despite cautious optimism. XRP's potential ETF approvals and emerging projects like MAGACOIN FINANCE are gaining traction, reflecting investor confidence in new digital assets with strong fundamentals. These developments suggest a new phase of opportunity-seeking by investors, balancing established leaders with promising new entrants in the crypto space.",https://crypto-economy.com/ethereum-etf-momentum-builds-xrp-and-magacoin-finance-emerge-as-top-2025-growth-picks/,1760595889
V,Klarna Launches Flexible Debit Card and Digital Wallet in UK - FinancialContent,"Klarna has launched a flexible debit card and digital wallet in the UK, aiming to disrupt traditional retail banking by offering everyday spending solutions. The new products, Klarna balance and Klarna Card, provide customers with e-money storage and flexible payment options, including debit by default and credit where appropriate. This move follows Klarna's e-money authorization from the FCA and successful global rollouts, demonstrating its expansion into core banking services.",https://markets.financialcontent.com/stocks/article/bizwire-2025-10-16-klarna-launches-flexible-debit-card-and-digital-wallet-in-uk,1760598000
V,Visa Inc. $V Shares Purchased by Bey Douglas LLC,"Bey Douglas LLC significantly increased its stake in Visa Inc. by 40.4%, now holding 27,896 shares valued at $9.9 million. This move comes as Visa reported strong Q2 earnings, with EPS of $2.98 and revenue of $10.17 billion, exceeding analyst expectations. Analysts have shown positive sentiment, raising price targets for Visa, while an insider transaction saw Julie B. Rottenberg sell a portion of her shares.",https://www.marketbeat.com/instant-alerts/filing-visa-inc-v-shares-purchased-by-bey-douglas-llc-2025-10-16/,1760600913
V,"Cloudflare Partners with Visa, Mastercard, American Express for Secure AI Shopping - Analytics India Magazine","Cloudflare announced partnerships with Visa, Mastercard, and American Express to develop Web Bot Auth, an authentication system for AI-driven shopping. This protocol aims to enable AI agents to securely interact with merchants by verifying identity, processing payments, and acting on behalf of consumers. The initiative will integrate with Visa Intelligent Commerce, Mastercard Agent Pay, and American Express's agentic commerce programme to establish secure and legitimate AI transactions.",https://analyticsindiamag.com/ai-news-updates/cloudflare-partners-with-visa-mastercard-american-express-for-secure-ai-shopping/,1760601225
V,Johnson Investment Counsel Inc. Lowers Stake in Visa Inc. $V,"Johnson Investment Counsel Inc. reduced its stake in Visa Inc. by 2.1% in the second quarter, now holding 357,020 shares valued at $126.76 million. Other institutional investors like Vanguard Group Inc. and Wellington Management Group LLP increased their holdings. Analysts maintain a ""Moderate Buy"" rating for Visa with an average target price of $389.00.",https://www.marketbeat.com/instant-alerts/filing-johnson-investment-counsel-inc-lowers-stake-in-visa-inc-v-2025-10-16/,1760601314
V,"Stonehage Fleming Financial Services Holdings Ltd Sells 2,015 Shares of Visa Inc. $V","Stonehage Fleming Financial Services Holdings Ltd reduced its stake in Visa Inc. by 0.4% during the second quarter, selling 2,015 shares and ending with 506,341 shares valued at $179.78 million. The article also details other institutional investor activity in Visa stock, its recent financial performance, dividend announcement, and analyst ratings, with several firms issuing ""buy"" or ""outperform"" ratings and price objectives up to $410.00.",https://www.marketbeat.com/instant-alerts/filing-stonehage-fleming-financial-services-holdings-ltd-sells-2015-shares-of-visa-inc-v-2025-10-16/,1760601314
V,GFS Advisors LLC Takes Position in Visa Inc. $V,"GFS Advisors LLC has acquired a new stake in Visa Inc. by purchasing 5,094 shares valued at approximately $1.809 million in the second quarter. This move by institutional investors is supported by several analysts who have set new price targets and ratings for Visa, with a consensus of ""Moderate Buy."" The article also details recent insider stock sales and Visa's financial performance, including its latest quarterly earnings, revenue, and dividend announcement.",https://www.marketbeat.com/instant-alerts/filing-gfs-advisors-llc-takes-position-in-visa-inc-v-2025-10-16/,1760601314
V,Oak Ridge Investments LLC Has $28.42 Million Stake in Visa Inc. $V,"Oak Ridge Investments LLC increased its stake in Visa Inc. (NYSE:V) by 1.0% in the second quarter, valuing its holdings at $28.42 million. Several other hedge funds also modified their positions in Visa, indicating strong institutional interest. Analysts have set an average price target of $389.00 for Visa, with most recommending a ""Buy"" rating.",https://www.marketbeat.com/instant-alerts/filing-oak-ridge-investments-llc-has-2842-million-stake-in-visa-inc-v-2025-10-16/,1760601556
V,Concurrent Investment Advisors LLC Increases Stake in Visa Inc. $V - MarketBeat,"Concurrent Investment Advisors LLC significantly increased its stake in Visa Inc. (NYSE:V) by 9.8% during the second quarter, bringing its total holdings to 76,781 shares valued at $27.26 million. Other institutional investors also adjusted their positions in Visa, with 82.15% of the stock owned by hedge funds and institutional investors. The article details recent insider selling, analyst ratings, and the company's financial performance, including its latest quarterly earnings and dividend announcement.",https://www.marketbeat.com/instant-alerts/filing-concurrent-investment-advisors-llc-increases-stake-in-visa-inc-v-2025-10-16/,1760601557
V,Vanguard Personalized Indexing Management LLC Increases Stake in Visa Inc. $V - MarketBeat,"Vanguard Personalized Indexing Management LLC increased its stake in Visa Inc. by 19.0% during the second quarter, owning 262,665 shares valued at $93.5 million. Other institutional investors like Brighton Jones LLC and Wealth Enhancement Advisory Services LLC also adjusted their holdings. The article details insider selling by Visa's General Counsel, Julie B. Rottenberg, and mentions a boosted price target by Morgan Stanley, stock performance data, recent earnings results, and dividend information for Visa.",https://www.marketbeat.com/instant-alerts/filing-vanguard-personalized-indexing-management-llc-increases-stake-in-visa-inc-v-2025-10-16/,1760602045
V,Visa Inc. $V Stock Holdings Lessened by Franklin Parlapiano Turner & Welch LLC - MarketBeat,"Franklin Parlapiano Turner & Welch LLC reduced its stake in Visa Inc. by 4.4% in the second quarter, selling 1,343 shares and now holding 29,516 shares valued at $10.48 million. Other institutional investors also adjusted their positions in Visa. The article provides an overview of Visa's stock performance, recent earnings, dividend announcement, and analyst ratings.",https://www.marketbeat.com/instant-alerts/filing-visa-inc-v-stock-holdings-lessened-by-franklin-parlapiano-turner-welch-llc-2025-10-16/,1760602760
V,"OFI Invest Asset Management Sells 8,523 Shares of Visa Inc. $V - MarketBeat","OFI Invest Asset Management reduced its stake in Visa Inc. by 5.3% in the second quarter, selling 8,523 shares and holding 151,140 shares valued at $53.66 million. Other institutional investors have also adjusted their positions in the credit-card processor, with institutional ownership standing at 82.15%. Visa reported strong quarterly earnings, exceeding analyst expectations, and announced a quarterly dividend.",https://www.marketbeat.com/instant-alerts/filing-ofi-invest-asset-management-sells-8523-shares-of-visa-inc-v-2025-10-16/,1760602761
V,Solana (SOL) Breaks 18-Month Range: Is a $250 Rally on the Horizon? - CryptoRank,"Solana has broken out of an 18-month reaccumulation range, with its token (SOL) now trading around $201.87 and targeting $250 as the next key resistance level. VanEck's revised Solana Staking ETF proposal, featuring a low 0.30% management fee and staking rewards, could attract significant institutional investment if approved by the SEC. While short-term technical indicators suggest caution, with SOL needing to break above EMAs for renewed momentum, strong support zones indicate a potential for future rallies.",https://cryptorank.io/news/feed/49349-solana-sol-breaks-18-month-range-is-a-250-rally-on-the-horizon,1760606661
V,"United States Enterprise Video Content Management Market: AI, - openPR.com","The United States Enterprise Video Content Management Market is projected to reach USD 29.6 billion by 2030, driven by advancements in AI, cloud infrastructure, and increased demand for digital communication solutions. Key players like IBM, Microsoft, and Vimeo are innovating with AI-powered features and strategic partnerships to enhance accessibility, analytics, and hybrid cloud video management. The report highlights significant growth across various segments including platform solutions, cloud deployment, and applications in enterprise communication and training, with the U.S. and Japan at the forefront of adoption.",https://www.openpr.com/news/4227101/united-states-enterprise-video-content-management-market-ai,1760607222
V,"Incentive Cards Market Opportunity Analysis and Industry Forecast, 2023-2032 - newstrail.com","The incentive cards market is projected to grow from $230.15 billion in 2022 to $708.27 billion by 2032, driven by a preference for non-cash rewards and digital adoption. Key players include Visa and Mastercard, focusing on strategic collaborations to enhance offerings. The COVID-19 pandemic accelerated the shift to digital reward platforms, further impacting market expansion.",https://www.newstrail.com/incentive-cards-market/,1760609925
V,U.S. Automotive Bumper Market Projections 2025-2032: Key - openPR.com,"This report offers projections for the U.S. Automotive Bumper Market from 2025 to 2032, detailing key trends, opportunities, and growth factors. It includes comprehensive segmentation by product type (Plastic, Metal, Composite), application (Passenger Cars, Light Commercial Vehicles, Heavy Commercial Vehicles), and end-user, along with profiles of major market players such as Plastic Omnium, Faurecia, and Magna International. The report provides insights into market dynamics, competitive landscapes, and strategic recommendations for industry professionals and investors.",https://www.openpr.com/news/4227284/u-s-automotive-bumper-market-projections-2025-2032-key,1760610139
V,Visa: A Dark Cloud Is Starting To Form Around This Company (NYSE:V) - Seeking Alpha,"This article rates Visa as a sell, citing maturing growth, slowing revenue and EPS, and missed analyst expectations. Key concerns include increasing regulatory threats from the Credit Card Competition Act and rising adoption of cryptocurrencies which challenge Visa's market dominance. The author concludes that Visa's stock appears overvalued at 32.25x forward earnings given these headwinds, including competition from digital currencies.",https://seekingalpha.com/article/4830357-visa-a-dark-cloud-is-starting-to-form-around-this-company,1760610477
V,Klarna Launches Flexible Debit Card and Digital Wallet in Uk - MarketScreener,"Klarna has launched a flexible debit card and digital wallet in the UK, aiming to disrupt retail banking and become an everyday spending partner. The Klarna Card allows for both debit payments and flexible spending plans, while Klarna Balance enables users to store e-money, receive refunds, and earn cashback. This UK launch follows successful rollouts in other markets and significant customer adoption, demonstrating Klarna's expansion into core banking services.",https://www.marketscreener.com/news/klarna-launches-flexible-debit-card-and-digital-wallet-in-uk-ce7d5adcd98ef721,1760611908
V,"Wells Fargo Adjusts Price Target on AT&T to $29 From $31, Maintains Overweight Rating - MarketScreener","Wells Fargo has adjusted its price target for AT&T (NYSE: T) to $29, down from $31, while maintaining an Overweight rating on the stock. This update reflects a change in the analyst's outlook but reinforces a positive long-term view for the telecommunications giant. The article also provides recent news and financial data on AT&T, including its stock performance and upcoming events like its Q3 2025 earnings release.",https://www.marketscreener.com/news/wells-fargo-adjusts-price-target-on-at-t-to-29-from-31-maintains-overweight-rating-ce7d5adcd98ef223,1760612087
V,The Smartest Warren Buffett Stocks to Buy Right Now - The Motley Fool,"This article highlights two Warren Buffett-backed stocks, Visa and Occidental Petroleum, as smart buys. Visa is positioned for growth due to its global payment network, embrace of AI and stablecoins, and potential interest rate cuts. Occidental Petroleum is strengthening its finances and focusing on oil and gas production after selling its chemicals business to Berkshire Hathaway, with Buffett's conglomerate having regulatory approval to increase its stake.",https://www.fool.com/investing/2025/10/16/the-smartest-warren-buffett-stocks-to-buy-now/,1760612400
V,The Smartest Warren Buffett Stocks to Buy Right Now,"This article highlights two Warren Buffett-backed stocks, Visa and Occidental Petroleum, as smart buys. It details Visa's global payment network dominance, its embrace of AI and stablecoins, and strong financial performance. For Occidental Petroleum, the article focuses on its strategic asset sale to strengthen finances and expand oil and gas production, along with Berkshire Hathaway's significant stake.",https://www.fool.com/investing/2025/10/16/the-smartest-warren-buffett-stocks-to-buy-now/?source=financialcontent&utm_source=financialcontent&utm_medium=feed&utm_campaign=article&referring_guid=8bb9b74a-729e-43a0-8efd-2ae07a2d27fe,1760612400
V,"Cloudflare, Visa, and Mastercard Unite for Secure Agentic Commerce","Cloudflare has partnered with Visa, Mastercard, and American Express to develop secure authentication systems for ""agentic commerce,"" allowing trusted software agents to make autonomous purchases while protecting against fraud. This collaboration involves the Web Bot Auth protocol and aims to integrate it into major payment platforms like Visa Intelligent Commerce and Mastercard Agent Pay. The initiative seeks to establish trust, prevent fraud, and ensure transparency in emerging AI-driven transaction systems.",https://www.cointribune.com/en/cloudflare-visa-and-mastercard-unite-for-secure-agentic-commerce/,1760612700
V,Friction is the new fee: Winning loans through smarter onboarding - FinTech Futures,"The article discusses how fintechs and traditional lenders can navigate the trade-off between tightening fraud controls and streamlining the loan application experience. It highlights the importance of ""friction-right"" onboarding processes, where security is maintained behind the scenes while the user experience is simplified through tools like pre-populated forms and integrated identity solutions. The piece emphasizes that investing in a seamless onboarding process is crucial for customer acquisition and retention in a competitive lending market.",https://www.fintechfutures.com/lendtech/friction-is-the-new-fee-winning-loans-through-smarter-onboarding,1760613384
V,Nancy Pelosi & Warren Buffett Are Both Betting on These 4 Stocks — What Do They Know? - ts2.tech,"Nancy Pelosi (via her husband) and Warren Buffett's Berkshire Hathaway both hold Amazon, Apple, Visa, and American Express, indicating strong conviction in these companies despite their differing investment philosophies. The article also highlights an overlap between Pelosi and Cathie Wood's investments, particularly in high-growth tech and AI-focused companies like Alphabet, Amazon, NVIDIA, and Tempus AI. It suggests that while their investment styles vary, their converging bets on these tech and financial giants signal confidence in their long-term growth and the U.S. economy's direction.",https://ts2.tech/en/nancy-pelosi-warren-buffett-are-both-betting-on-these-4-stocks-what-do-they-know/,1760614119
V,The Smartest Warren Buffett Stocks to Buy Right Now - AOL.com,"This article identifies Visa and Occidental Petroleum as two ""smart"" Warren Buffett stocks to consider buying. Visa is highlighted for its central role in global commerce, its advancements in AI and stablecoin technology, and its strong financial performance. Occidental Petroleum is noted for its strategic asset sales to strengthen its balance sheet and allow for future share repurchases, and Berkshire Hathaway's significant existing stake and regulatory approval to increase it.",https://www.aol.com/articles/smartest-warren-buffett-stocks-buy-110000762.html,1760614587
V,"October 16, 2025 - Cabot Wealth Network","This article from October 2025 provides an overview of global market trends, highlighting mixed stock performance due to US-China tensions and concerns about China's economy. It discusses the surge in commodity prices, particularly gold and oil, and China's strategic moves in rare earth elements. The report also details portfolio changes and commentary on various ""Explorer"" stocks and ETFs, offering a snapshot of investment recommendations.",https://www.cabotwealth.com/premium/cabot-explorer/october-16-2025,1760622539
V,"Digital Tokens Market Size, Share | CAGR of 38.4% - Market.us","The global Digital Tokens Market is projected to grow from USD 2,549.9 billion in 2025 to USD 47,505.6 billion by 2034, exhibiting a CAGR of 38.4%. North America dominated the market in 2024, holding over 43.2% share with USD 795.9 billion revenue. Key drivers include widespread digitization, blockchain growth, institutional demand, and the transformative potential of tokenization in financial markets, despite challenges from market volatility and regulatory uncertainty.",https://market.us/report/digital-tokens-market/,1760623343
V,"Money Transfer Agencies Market to Witness Major Growth by 2030 | MoneyGram., Remitly Global - newstrail.com","The Money Transfer Agencies Market is projected to grow significantly, driven by digital platforms and increasing global migration. Key players like MoneyGram and Remitly Global are expected to see substantial growth. The market is forecasted to reach USD 24.48 Billion by 2032, expanding at a CAGR of 16.69% from 2025.",https://www.newstrail.com/money-transfer-agencies-market-to-witness-major-growth-by-2030-moneygram-remitly-global/,1760627699
V,Can Mastercard & U.S. Bank Simplify the Subscription Overload? - The Globe and Mail,"Mastercard and U.S. Bank are partnering to simplify subscription management for consumers, addressing the ""subscription overload"" issue. Leveraging Mastercard's Ethoca subsidiary, the initiative aims to provide real-time insights and tailored experiences, enhancing customer loyalty and reducing unused service payments. The article also compares Mastercard's strategies and performance with competitors like Visa and PayPal, and provides its valuation and earnings estimates.",https://www.theglobeandmail.com/investing/markets/stocks/PYPL/pressreleases/35502164/can-mastercard-us-bank-simplify-the-subscription-overload/,1760633144
V,United States Digital Payment Forecast Report 2025: Market to More than Triple to Reach $9.29 Trillion by 2033 - ResearchAndMarkets.com - The AI Journal,"The United States Digital Payment Market is projected to grow significantly, from US$3.06 trillion in 2024 to US$9.29 trillion by 2033, driven by high smartphone penetration, e-commerce growth, and government support. Despite challenges like cybersecurity threats and the digital divide, the market is expected to experience a Compound Annual Growth Rate (CAGR) of 13.11% from 2025 to 2033. Key players in this expanding market include Apple Inc., Visa Inc., Mastercard Incorporated, and Paypal Holdings Inc.",https://aijourn.com/united-states-digital-payment-forecast-report-2025-market-to-more-than-triple-to-reach-9-29-trillion-by-2033-researchandmarkets-com/,1760633299
V,2 Dow Jones Stocks with Exciting Potential and 1 We Brush Off - The Globe and Mail,"This article analyzes three Dow Jones stocks, recommending two for purchase and one for sale. It advises selling IBM due to flat sales, low earnings growth, and poor return on invested capital, while recommending Merck for its large revenue scale, expanding operating margin, and growing free cash flow. Visa is also recommended for its solid revenue growth, boosted EPS through buybacks, and market-beating return on equity.",https://www.theglobeandmail.com/investing/markets/stocks/V/pressreleases/35503145/2-dow-jones-stocks-with-exciting-potential-and-1-we-brush-off/,1760633392
V,News Explorer — SharpLink Reveals Share Sale as Ethereum Buys Cool - Decrypt,"SharpLink Gaming, Inc. has announced a $76.5 million direct offering of 4.5 million common shares at $17 each. This move aims to boost the company's Ethereum holdings after a period of slower acquisitions, with SharpLink now holding 840,124 ETH valued at $3.38 billion. Meanwhile, BitMine Immersion Technologies is also significantly increasing its Ethereum reserves.",https://decrypt.co/news-explorer?pinned=1203186&title=sharplink-reveals-share-sale-as-ethereum-buys-cool,1760638509
V,JPMorgan Analyst Favors Visa Over Mastercard: Here's Why,"JPMorgan analyst Tien-tsin Huang favors Visa (NYSE:V) over Mastercard (NYSE:MA) heading into FY26, despite expecting both companies to meet or exceed third-quarter revenue guidance. Huang cites stronger U.S. volume trends for Visa and potential revenue upside from pricing and tokenization outside the U.S. for his preference. Mastercard's domestic debit growth may be impacted by Capital One's debit migration in the first half of 2026.",https://www.benzinga.com/analyst-stock-ratings/analyst-color/25/10/48260742/jpmorgan-analyst-favors-visa-over-mastercard-heres-why,1760639947
V,"The breakout moment for ""prediction markets"": ICE enters the field, Hyperliquid increases investment—why are giants competing for ""pricing uncertainty""? - bitget.com","The article discusses the burgeoning ""prediction market"" sector, highlighted by ICE's entry and Hyperliquid's increased investment, indicating a growing competition among major players to ""price uncertainty."" It delves into Ethereum's evolving roadmap to support this new wave of demand from traditional finance (TradFi) and AI, focusing on zkVM, decentralized AI, and privacy advancements. The piece emphasizes Ethereum's shift from a mere ""world computer"" to a ""world ledger"" or verifiable computation layer, aiming to integrate real-world assets and facilitate a neutral, trustworthy settlement layer for AI.",https://www.bitget.com/news/detail/12560605019312,1760641998
V,"Crypto market crash analysis: Explaining the sudden fall in digital asset values of Bitcoin, Ethereum, Sol - The Economic Times","This article analyzes a recent crypto market crash, explaining the sudden drop in digital asset values for Bitcoin, Ethereum, Solana, and XRP. It delves into the triggers, including a US-China trade scare, cascading liquidations, and profit-taking, and provides detailed chart levels and outlooks for each cryptocurrency. The analysis also covers the extent of the fall and partial recovery, emphasizing the broader market correlations and what to watch for future movements.",https://economictimes.indiatimes.com/news/international/us/crypto-market-crash-analysis-explaining-the-sudden-fall-in-digital-asset-values-of-bitcoin-ethereum-solana-xrp-heres-takeaways-what-to-watch-us-china-trade-scare-crypto-chart-levels-selloff/articleshow/124615183.cms?from=mdr,1760646176
V,Bitbridge Capital Strategies (OTC: BTTL) Unveils the Bitcoin Respect(TM) and Bitcoin Is Life(TM) Credit Cards-A New Era of Bitcoin-Backed Consumer Finance - ACCESS Newswire,"Bitbridge Capital Strategies (OTC: BTTL) announced the upcoming launch of two new Bitcoin-backed consumer credit cards: the Bitcoin Respect™ Card and the Bitcoin Is Life™ Card. These cards aim to provide Bitcoin holders with access to credit at competitive interest rates by using their Bitcoin holdings as collateral, thereby integrating Bitcoin into traditional financial systems. The company plans to issue these cards in partnership with a U.S.-regulated bank, with interest rates significantly below the current credit card industry average.",https://www.accessnewswire.com/newsroom/en/blockchain-and-cryptocurrency/bitbridge-capital-strategies-otc-bttl-unveils-the-bitcoin-respecttm-a-1087960,1760648847
V,"Binance shakes up Korea, Morgan Stanley’s security tokens in Japan: Asia Express - Cointelegraph","Binance re-enters South Korea by acquiring Gopax, challenging the Upbit and Bithumb duopoly, despite recent regulatory hurdles and a $283 million compensation campaign for a market downturn. Meanwhile, Mitsubishi UFJ Morgan Stanley Securities launches a new digital asset division in Japan, and global exchanges strategically expand into emerging markets through acquisitions. Yonsei University's alumni association also adopts crypto payments for membership fees.",https://cointelegraph.com/magazine/binance-south-korea-morgan-stanley-security-tokens-japan-asia-express/,1760653363
V,"Cloudflare (NET) CEO Prince sells $23,625 in stock - Investing.com","Cloudflare (NET) CEO Matthew Prince sold 107 shares of Class A Common Stock for $23,625 on October 16, 2025, under a pre-arranged trading plan. This transaction occurred after Cloudflare's stock saw a 131% return over the past year, with the company maintaining a strong gross profit margin. Cloudflare also announced recent strategic initiatives, including collaborations with payment networks, new platform bundles, and a partnership with UNICEF's Giga initiative.",https://m.investing.com/news/insider-trading-news/cloudflare-net-ceo-prince-sells-23625-in-stock-93CH-4293560?ampMode=1,1760655000
V,Q3 2025: The Stock Market Is the Economy - ETF Database,"This article from Q3 2025 discusses the growing divergence between the strong stock market and weakening general economy, linking the market's performance significantly to AI investments. It highlights that the ""Asset economy"" is thriving while consumer sentiment remains low and the lower end consumer faces strain, suggesting a shift from a ""paycheck economy"" to a ""portfolio economy."" The author advocates for diversification, especially into foreign markets, as a defense against current market risks and uncertainties.",https://etfdb.com/etf-strategist-channel/quarter-3-2025-stock-market-economy/,1760655169
V,"Cloudflare (NET) CEO Prince sells $23,625 in stock By Investing.com - Investing.com Australia","Cloudflare (NET) CEO Matthew Prince sold 107 shares of Class A Common Stock for a total of $23,625 on October 16, 2025, executed under a Rule 10b5-1 trading plan. The sale comes after a 131% return in Cloudflare's stock over the past year, with the company maintaining strong fundamentals despite current valuations suggesting it may be trading above its Fair Value. Meanwhile, Cloudflare is actively expanding its technological capabilities through strategic partnerships and initiatives, including an AI shopping agent protocol and efforts to improve global internet access.",https://m.au.investing.com/news/insider-trading-news/cloudflare-net-ceo-prince-sells-23625-in-stock-93CH-4066445?ampMode=1,1760664331
V,NSCI ETF Holdings List — BOATS:NSCI - TradingView,"This article provides a detailed list of the holdings for the Nuveen Securitized Income ETF (NSCI) as of October 15, 2025. It includes key data such as the symbol, weight percentage, number of shares, and market value for each asset held within the ETF. The holdings primarily consist of U.S. Dollar, asset-backed securities, and various securitized trust instruments.",https://www.tradingview.com/symbols/BOATS-NSCI/holdings/,1760683710
V,Apple Inc. $AAPL Holdings Trimmed by Janney Montgomery Scott LLC - Defense World,"Janney Montgomery Scott LLC reduced its stake in Apple Inc. shares. This article details the changes in institutional holdings by several major investors, Apple's recent stock performance, and its dividend announcement. It also includes analyst ratings and a brief overview of Apple Inc.'s business.",https://www.defenseworld.net/2025/10/17/apple-inc-aapl-holdings-trimmed-by-janney-montgomery-scott-llc.html,1760686833
V,"Allspring Global Investments Holdings LLC Purchases 12,731 Shares of Visa Inc. $V - MarketBeat","Allspring Global Investments Holdings LLC increased its stake in Visa Inc. by 1.5% in the second quarter, bringing its total holdings to 837,218 shares valued at approximately $297.6 million. Other institutional investors also adjusted their positions in Visa, with analyst ratings generally positive and target prices increasing. Visa reported strong performance, beating earnings estimates and declaring a quarterly dividend.",https://www.marketbeat.com/instant-alerts/filing-allspring-global-investments-holdings-llc-purchases-12731-shares-of-visa-inc-v-2025-10-17/,1760688476
V,Visa Inc. $V Shares Sold by GW Henssler & Associates Ltd.,"GW Henssler & Associates Ltd. reduced its stake in Visa Inc. by 2.0% in the second quarter, now holding 79,774 shares valued at $28.32 million. Other institutional investors have also adjusted their positions in Visa, which last reported quarterly earnings topping analyst estimates. The company recently declared a quarterly dividend of $0.59 per share.",https://www.marketbeat.com/instant-alerts/filing-visa-inc-v-shares-sold-by-gw-henssler-associates-ltd-2025-10-17/,1760688482
V,Visa Explores On-chain Lending As Part Of DeFi Expansion,"Visa is making a significant move into decentralized finance (DeFi) by exploring the development of on-chain lending infrastructure, focusing on stablecoin-based lending and programmable credit markets. The company aims to bridge traditional banking and DeFi protocols by enabling regulated institutions to participate safely in blockchain ecosystems, positioning itself as an infrastructure provider through APIs, compliance systems, and data tools. Visa is also rebranding “DeFi” as “on-chain finance” to appeal to regulators and institutional partners, building on previous blockchain initiatives and aiming to integrate blockchain into mainstream financial infrastructure.",https://financefeeds.com/visa-explores-on-chain-lending-as-part-of-defi-expansion/,1760688561
V,Mitchell Capital Management Co. Has $10.84 Million Stock Position in Visa Inc. $V,"Mitchell Capital Management Co. decreased its stake in Visa Inc. (NYSE:V) by 10.1% in the second quarter, now holding 31,044 shares valued at $10.84 million, making Visa its 9th largest holding. Other institutional investors also adjusted their positions in Visa, with 82.15% of the stock owned by institutions. The article also details Visa's recent earnings, dividend announcement, and analyst ratings.",https://www.marketbeat.com/instant-alerts/filing-mitchell-capital-management-co-has-1084-million-stock-position-in-visa-inc-v-2025-10-17/,1760689811
V,Visa Inc. $V Stock Position Decreased by Cwm LLC - MarketBeat,"Cwm LLC decreased its stake in Visa Inc. ($V) by 8.4% in the second quarter, selling 19,984 shares and now owning 217,847 shares valued at $77.35 million. Other institutional investors also adjusted their positions, with overall institutional ownership at 82.15%. Visa reported strong quarterly earnings, topping analyst estimates, and announced a quarterly dividend.",https://www.marketbeat.com/instant-alerts/filing-visa-inc-v-stock-position-decreased-by-cwm-llc-2025-10-17/,1760689811
V,"Leith Wheeler Investment Counsel Ltd. Sells 86,752 Shares of Visa Inc. $V","Leith Wheeler Investment Counsel Ltd. significantly reduced its stake in Visa Inc. by selling 86,752 shares, now holding 14,637 shares valued at $5.2 million. This comes as Visa reported strong quarterly earnings, exceeding analyst expectations with $2.98 EPS and a 14.3% year-over-year revenue increase to $10.17 billion. Despite a recent 3.1% stock drop, institutional investors own a substantial 82.15% of the company, and analysts generally maintain positive ratings for Visa.",https://www.marketbeat.com/instant-alerts/filing-leith-wheeler-investment-counsel-ltd-sells-86752-shares-of-visa-inc-v-2025-10-17/,1760689812
V,"Yousif Capital Management LLC Sells 3,801 Shares of Visa Inc. $V","Yousif Capital Management LLC reduced its stake in Visa Inc. by 1.8% in the second quarter, selling 3,801 shares and holding 209,518 shares valued at $74.39 million. Other institutional investors also adjusted their positions in Visa, which constitutes 0.8% of Yousif Capital Management LLC's portfolio. The article also details Visa's recent stock performance, financial results, dividend announcement, and company profile.",https://www.marketbeat.com/instant-alerts/filing-yousif-capital-management-llc-sells-3801-shares-of-visa-inc-v-2025-10-17/,1760689812
V,"Credit Card Market Projections 2025-2032: Key Trends, - openPR.com","A new report by Coherent Market Insights projects significant growth for the Credit Card Market from 2025 to 2032, driven by increased demand and technological advancements. The report provides a comprehensive analysis of market size, trends, key players like Visa and Mastercard, and future growth opportunities across various credit card segments. It aims to offer insights for stakeholders to make informed strategic decisions in the evolving market landscape.",https://www.openpr.com/news/4229079/credit-card-market-projections-2025-2032-key-trends,1760693220
V,"TD Cowen Adjusts Price Target on Visa to $407 From $406, Maintains Buy Rating - MarketScreener","TD Cowen has adjusted its price target for Visa Inc. (V) shares to $407, an increase from the previous $406, while reaffirming its Buy rating on the stock. This update reflects the analyst's continued positive outlook on the financial services giant. Visa's stock information, including current trading price and recent changes, is also provided as of the article's publication date.",https://www.marketscreener.com/news/td-cowen-adjusts-price-target-on-visa-to-407-from-406-maintains-buy-rating-ce7d5addd88cf322,1760695783
V,Latest Wave of ETF Filings Target Crypto Yield With Leverage and Staking - CCN.com,"New ETF proposals are moving beyond basic crypto exposure to include more advanced strategies like staking and leverage, aiming for higher returns. Asset managers such as BlackRock, Ark Invest, and 21Shares are filing amendments or new applications to incorporate staking in ETH funds and introduce leveraged crypto ETFs for various cryptocurrencies. These innovative approaches face regulatory hurdles, particularly regarding staking rewards being perceived as investment contracts, although some managers are exploring ways to circumvent these issues.",https://www.ccn.com/news/crypto/crypto-etf-filings-leverage-staking/,1760697135
V,"Analysts Are Bullish on Top Financial Stocks: Visa (V), Morgan Stanley (MS)","Analysts are maintaining bullish ratings on key financial stocks Visa (V) and Morgan Stanley (MS), with J.P. Morgan and BMO Capital initiating and reaffirming ""Buy"" ratings, respectively. Visa is projected for a 13.5% upside from current levels with an average price target of $395.37, while Morgan Stanley has a 4.6% upside and an average price target of $170.40. Progressive (PGR) also received a ""Moderate Buy"" consensus with a 22.5% upside.",https://www.theglobeandmail.com/investing/markets/stocks/MS/pressreleases/35520866/analysts-are-bullish-on-top-financial-stocks-visa-v-morgan-stanley-ms/,1760698493
V,Arista Wealth Management LLC Purchases New Stake in Ford Motor Company $F,"Arista Wealth Management LLC has acquired a new stake in Ford Motor Company, purchasing 205,519 shares valued at approximately $2.23 million. This comes as other institutional investors have also adjusted their holdings in Ford, with Vanguard Group Inc. and Charles Schwab Investment Management Inc. significantly increasing their stakes. The article details Ford's stock performance, recent earnings, dividend announcement, and its business segments.",https://www.marketbeat.com/instant-alerts/filing-arista-wealth-management-llc-purchases-new-stake-in-ford-motor-company-f-2025-10-17/,1760700992
V,"American Express profits surge 16% in Q3, driven by wealthy card members - Midland Daily News","American Express reported a 16% increase in third-quarter profits, largely due to increased spending by its affluent cardholders who were less affected by inflation. The company also raised its full-year profit guidance, despite a slight increase in money set aside for potential loan losses.",https://www.ourmidland.com/business/article/american-express-profits-surge-16-in-q3-driven-21105607.php,1760703430
V,Revolutionizing Team Communication: EchoRadios Delivers Nationwide Coverage Without Carrier Contracts - Digital Journal,"EchoRadios introduces a new push-to-talk solution providing nationwide communication coverage without the need for carrier contracts. This technology simultaneously accesses multiple major carriers and uses enhanced signal technology for reliable connectivity, even in remote areas, and offers military-grade encryption for privacy. The system aims to address limitations of traditional radios and mobile phones for professional teams in various industries.",https://www.digitaljournal.com/pr/news/vehement-media/revolutionizing-team-communication-echoradios-delivers-1353336838.html,1760703574
V,Comfort Systems and Lululemon have been highlighted as Zacks Bull and Bear of the Day - Yahoo Finance,"Zacks Equity Research has named Comfort Systems USA (FIX) as its Bull of the Day due to its strong performance and connection to AI infrastructure development, while Lululemon Athletica Inc. (LULU) is identified as the Bear of the Day due to slowing growth and negative analyst sentiment. The report also provides an analysis of Mastercard (MA), highlighting its new subscription management tool and comparing it to competitors like Visa (V) and PayPal (PYPL).",https://finance.yahoo.com/news/comfort-systems-lululemon-highlighted-zacks-124600718.html,1760705160
V,Global ETF assets hit record $18.8tn - Funds Europe,"Global ETF assets reached a record $18.81 trillion at the end of September, marking a substantial increase from the previous month and a significant year-to-date growth. The industry saw considerable net inflows, predominantly in equity ETFs, with active ETFs also showing strong growth. iShares, Vanguard, and SPDR ETFs continue to dominate the market share among providers.",https://funds-europe.com/global-etf-assets-hit-record-18-8tn/,1760706093
V,American Express Raises Forecasts Amid Spending Boom – Is AXP Stock Poised to Soar? - ts2.tech,"American Express (AXP) has raised its full-year forecasts after a strong Q3 2025 earnings beat, driven by resilient spending from affluent cardholders. The stock has rallied significantly, prompting analysts and investors like Warren Buffett to express continued confidence in the company's long-term growth prospects despite a competitive landscape and emerging fintech challengers. The article details AXP's financial performance, market sentiment, and strategic positioning amidst broader industry trends.",https://ts2.tech/en/american-express-raises-forecasts-amid-spending-boom-is-axp-stock-poised-to-soar/,1760708530
V,Comfort Systems and Lululemon have been highlighted as Zacks Bull and Bear of the Day,"Zacks Investment Research has named Comfort Systems USA as its Bull of the Day due to its strong growth, positive EPS revisions, and exposure to AI buildout through data center services. Conversely, Lululemon Athletica Inc. is designated as the Bear of the Day, facing negative earnings outlooks and weakening demand in its Americas region, leading to a significant stock price plunge. The article also touches upon Mastercard's new subscription management tool and its competitive landscape within the fintech sector.",https://www.theglobeandmail.com/investing/markets/stocks/MA/pressreleases/35527626/comfort-systems-and-lululemon-have-been-highlighted-as-zacks-bull-and-bear-of-the-day/,1760710227
V,$DC stock is down 9% today. Here's what we see in our data. - Quiver Quantitative,"DC stock has fallen 9% today with approximately $3,332,691 of trading volume. Insider trading activity shows one purchase by the CFO in the last six months, while hedge funds have seen 76 institutional investors add shares and 33 decrease their positions. Analyst ratings include one ""Outperform"" rating from BMO Capital.",https://www.quiverquant.com/news/%24DC+stock+is+down+9%25+today.+Here%27s+what+we+see+in+our+data.,1760712360
V,Consumer Slowdown? Don’t Tell That to American Express - ValueWalk,"American Express (NYSE:AXP) reported record Q3 revenue of $18.4 billion and earnings of $4.14 per share, significantly beating estimates despite a general consumer slowdown. The company's unique business model, which includes interest income and a wealthier clientele, helped it outperform, leading to a 4.5% stock jump and raised full-year guidance.",https://www.valuewalk.com/news/consumer-slowdown-dont-tell-that-to-american-express/,1760713726
V,Here's What to Expect From Visa's Next Earnings Report,"This article provides an outlook on Visa Inc.'s (V) upcoming earnings report, detailing analyst expectations for its performance. Analysts anticipate a profit of $11.43 per share for fiscal 2025, marking a 13.7% increase. The piece highlights that Visa has reported its last several earnings above analyst expectations.",https://www.inkl.com/news/here-s-what-to-expect-from-visa-s-next-earnings-report,1760719098
V,Crypto Crash Today: Why Bitcoin and Altcoins are Going Down - The Market Periodical,"The crypto market is experiencing a significant crash, with Bitcoin and altcoins seeing double-digit declines. This downturn is attributed to rising liquidations, increased outflows from Bitcoin and Ethereum ETFs, a falling Crypto Fear and Greed Index indicating investor apprehension, and a correlation with the broader stock market plunge. The article highlights these factors as key drivers behind the current market instability.",https://themarketperiodical.com/2025/10/17/crypto-crash-today-why-bitcoin-and-altcoins-are-going-down/,1760722200
V,Here's What to Expect From Visa's Next Earnings Report,"This article forecasts Visa's upcoming earnings report, with analysts expecting a profit of $11.43 per share for fiscal 2025, a 13.7% increase. It highlights Visa's strong performance, noting past reports and positive Wall Street sentiment. The piece provides key financial figures and analyst expectations for investors.",https://www.newsbreak.com/barchart-338247362/4297871392309-here-s-what-to-expect-from-visa-s-next-earnings-report,1760724675
V,Visa vs. Affirm: Can the BNPL Rebel Charge Past the Credit Card King? - sharewise.com,"This article compares Visa and Affirm, two major players in the payments industry, highlighting Visa's established dominance against Affirm's disruptive ""Buy Now, Pay Later"" (BNPL) model. It examines their financial performance, growth prospects, and challenges, concluding that while Visa offers steady reliability, Affirm presents a more explosive opportunity for investors due to its faster growth and expanding market.",https://www.sharewise.com/de/news_articles/Visa_vs_Affirm_Can_the_BNPL_Rebel_Charge_Past_the_Credit_Card_King_Zacks_20251017_1824,1760725117
V,Big Take: America’s Premium Credit Card Wars,"The competition for affluent consumers is intensifying among credit card companies like American Express and Chase, who are using various perks to attract new cardholders. Bloomberg's Amanda Mull discusses how these companies are vying for the business of the wealthiest 10% of Americans, who account for nearly half of the country's discretionary spending, and explores the implications of this high-stakes battle.",https://www.bloomberg.com/news/audio/2025-10-17/big-take-america-s-premium-credit-card-wars-podcast,1760729587
V,"Truist Financial Corp Acquires 259 Shares of Penske Automotive Group, Inc. $PAG - Defense World","Truist Financial Corp has increased its stake in Penske Automotive Group, Inc. by acquiring 259 shares, adding to significant institutional ownership. Other major investment firms like Vanguard Group Inc., Burgundy Asset Management Ltd., Goldman Sachs Group Inc., Invesco Ltd., and Millennium Management LLC have also adjusted their holdings. The article further details recent analyst ratings, stock performance, and dividend increases for Penske Automotive Group.",https://www.defenseworld.net/2025/10/17/truist-financial-corp-acquires-259-shares-of-penske-automotive-group-inc-pag.html,1760731565
V,Truist Financial Corp Cuts Stock Holdings in Acushnet $GOLF,"Truist Financial Corp reduced its stake in Acushnet (GOLF) while other institutional investors, such as Vanguard Group Inc. and Dimensional Fund Advisors LP, increased their holdings. The article also details Acushnet's recent dividend announcement and analyst ratings, with most recommending ""equal weight"" or ""overweight.""",https://www.defenseworld.net/2025/10/17/truist-financial-corp-cuts-stock-holdings-in-acushnet-golf.html,1760731570
V,"jvl associates llc Has $1.20 Million Position in Amazon.com, Inc. $AMZN","jvl associates llc has invested $1.20 million in Amazon.com, Inc. Other institutional investors like Kingstone Capital Partners Texas LLC, Nuveen LLC, Goldman Sachs Group Inc., and Vanguard Group Inc. significantly increased their stakes in AMZN. The article also details recent insider stock sales, analyst ratings with an average ""Buy"" rating, and an overview of Amazon's business segments.",https://www.defenseworld.net/2025/10/17/jvl-associates-llc-has-1-20-million-position-in-amazon-com-inc-amzn.html,1760731682
V,North Dakota’s Roughrider Stablecoin Launch Could Be a Game Changer for Fiserv (FI),"The Bank of North Dakota, in partnership with Fiserv, is launching the Roughrider coin, North Dakota's first state stablecoin backed by US dollars, set to be available to banks and credit unions statewide in 2026. This initiative highlights Fiserv's push into regulated digital asset solutions, reinforcing its role in the expanding digital assets market. While promising, the immediate impact on Fiserv's short-term catalysts and product execution delays remains a key consideration for investors.",https://simplywall.st/stocks/us/diversified-financials/nyse-fi/fiserv/news/north-dakotas-roughrider-stablecoin-launch-could-be-a-game-c,1760747737
V,GMOD ETF Holdings List — AMEX:GMOD - TradingView,"This article provides a detailed list of the holdings for the GMO Dynamic Allocation ETF (AMEX: GMOD) as of October 15, 2025. It includes key data such as the symbol, weight percentage, number of shares, and market value for each constituent ETF. The list features a variety of ETFs including those focused on treasuries, international value, US quality, and emerging markets.",https://www.tradingview.com/symbols/AMEX-GMOD/holdings/,1760748935
V,What is KeyCorp’s Estimate for Expand Energy Q3 Earnings?,"KeyCorp expects Expand Energy (NYSE: EXE) to post earnings of $0.46 per share for the upcoming quarter. Analysts from various firms have issued reports on Expand Energy, adjusting price targets and ratings, with a consensus ""Moderate Buy"" rating and a price target of $127.62. The company recently announced a quarterly dividend, and institutional investors have significantly increased their stakes.",https://www.defenseworld.net/2025/10/18/what-is-keycorps-estimate-for-expand-energy-q3-earnings.html,1760765172
V,Something BIG Is Coming to Solana on October 20 – Here’s What We Know - CaptainAltcoin,"The Solana community is anticipating a major announcement on October 20, 2025, following a cryptic teaser video from the project's official X account. Speculation suggests the announcement will involve a Solana-branded debit or credit card, allowing users to spend Solana-based tokens in real-world transactions. This theory is supported by the teaser's visuals, audio, and replies from crypto payment companies like MoonPay and Raydium.",https://captainaltcoin.com/something-big-is-coming-to-solana-on-october-20-heres-what-we-know/,1760769566
V,Zacks Research Issues Pessimistic Estimate for RLI Earnings - Defense World,"Zacks Research has issued a pessimistic earnings estimate for RLI Corp. (RLI), forecasting a GAAP EPS of $0.94 for the upcoming quarter on revenue of $321.40 million. This comes amidst varied analyst ratings, including a ""hold"" from Truist Financial, a recent quarterly dividend announcement, and significant insider stock purchases, with COO Jennifer L. Klobnak acquiring 3,000 shares valued at over $200,000. Institutional investors have also been actively increasing their stakes in RLI.",https://www.defenseworld.net/2025/10/18/zacks-research-issues-pessimistic-estimate-for-rli-earnings.html,1760769935
V,2 Brilliant Fintech Stocks to Buy Now and Hold for the Long Term - The Globe and Mail,"This article highlights SoFi Technologies (NASDAQ: SOFI) and Visa (NYSE: V) as two leading fintech stocks with strong growth potential for long-term investors. SoFi demonstrates rising membership, sales, and earnings, while Visa maintains a significant market share in credit cards and expands into a large global payments market. Despite their sensitivity to economic shifts, both companies are presented as solid investment opportunities.",https://www.theglobeandmail.com/investing/markets/markets-news/Motley%20Fool/35540829/2-brilliant-fintech-stocks-to-buy-now-and-hold-for-the-long-term/,1760772438
V,Atria Wealth Solutions Inc. Has $17.43 Million Position in Visa Inc. $V - MarketBeat,"Atria Wealth Solutions Inc. reduced its stake in Visa Inc. by 48.3% during the second quarter, holding 49,025 shares valued at $17.43 million. Other institutional investors also adjusted their positions in Visa, which reported strong Q2 earnings, exceeding analyst expectations. The company also announced a quarterly dividend of $0.59 per share, contributing to an annualized dividend of $2.36.",https://www.marketbeat.com/instant-alerts/filing-atria-wealth-solutions-inc-has-1743-million-position-in-visa-inc-v-2025-10-18/,1760775061
V,Envestnet Portfolio Solutions Inc. Has $57.49 Million Stake in Visa Inc. $V,"Envestnet Portfolio Solutions Inc. significantly increased its stake in Visa Inc. during the second quarter, now holding 161,916 shares valued at over $57 million. Other institutional investors also adjusted their positions in Visa, which reported strong quarterly earnings exceeding expectations. Analysts have maintained ""buy"" ratings with price objectives up to $410.00 for the credit-card processor.",https://www.marketbeat.com/instant-alerts/filing-envestnet-portfolio-solutions-inc-has-5749-million-stake-in-visa-inc-v-2025-10-18/,1760775062
V,Verdence Capital Advisors LLC Boosts Holdings in Visa Inc. $V - MarketBeat,"Verdence Capital Advisors LLC increased its stake in Visa Inc. (NYSE:V) by 4.9% in Q2, bringing its total holdings to 46,231 shares valued at $16.4 million. Visa reported strong earnings of $2.98 per share, exceeding analyst estimates, and announced a quarterly dividend of $0.59 per share. The article also details other institutional investor activities, stock performance metrics, and recent analyst ratings for Visa.",https://www.marketbeat.com/instant-alerts/filing-verdence-capital-advisors-llc-boosts-holdings-in-visa-inc-v-2025-10-18/,1760775064
V,NorthRock Partners LLC Raises Stock Holdings in Visa Inc. $V,"NorthRock Partners LLC significantly increased its stake in Visa Inc. by 44.8% during the second quarter of 2025. This increase brings their total holdings to 37,279 shares valued at approximately $13.2 million. The article also notes insider selling by Visa's CEO and general counsel, strong quarterly earnings, and various analyst ratings changes for the company.",https://www.marketbeat.com/instant-alerts/filing-northrock-partners-llc-raises-stock-holdings-in-visa-inc-v-2025-10-18/,1760775064
V,Endowment Wealth Management Inc. Buys Shares of 997 Visa Inc. $V,"Endowment Wealth Management Inc. acquired a new stake of 997 shares in Visa Inc. valued at approximately $354,000 during the second quarter. Other institutional investors also adjusted their holdings in Visa, which currently has a ""Moderate Buy"" consensus rating from analysts with a target price of $389.00. The article also details Visa's recent financial performance, including Q2 earnings, revenue, and dividend announcement.",https://www.marketbeat.com/instant-alerts/filing-endowment-wealth-management-inc-buys-shares-of-997-visa-inc-v-2025-10-18/,1760775067
V,Concord Asset Management LLC VA Grows Position in Visa Inc. $V - MarketBeat,"Concord Asset Management LLC VA increased its stake in Visa Inc. by 26.7% in the second quarter, bringing its total holdings to $3.3 million. Other institutional investors also adjusted their positions in the credit-card processor, with 82.15% of the stock owned by hedge funds and institutional investors. Visa has received a ""Moderate Buy"" consensus rating from analysts, with an average price target of $389.00, and recently announced a quarterly dividend.",https://www.marketbeat.com/instant-alerts/filing-concord-asset-management-llc-va-grows-position-in-visa-inc-v-2025-10-18/,1760775067
V,Perfromance Wealth Partners LLC Has $20.06 Million Position in Visa Inc. $V - MarketBeat,"Perfromance Wealth Partners LLC increased its stake in Visa Inc. (NYSE:V) by 1.4% in the second quarter, bringing its total holdings to 56,499 shares valued at $20.06 million. Several other institutional investors also adjusted their positions in Visa. The article provides an overview of Visa's price performance, recent earnings, dividend announcement, and analyst ratings, noting a consensus of ""Moderate Buy"" for the stock.",https://www.marketbeat.com/instant-alerts/filing-perfromance-wealth-partners-llc-has-2006-million-position-in-visa-inc-v-2025-10-18/,1760775545
V,Visa Inc. $V Shares Sold by Wilson Asset Management International PTY Ltd. - MarketBeat,"Wilson Asset Management International PTY Ltd. reduced its stake in Visa Inc. by 4.4% in the second quarter, now holding 70,074 shares valued at $24.88 million. Despite this, other institutional investors increased their positions, and analysts maintain a ""Moderate Buy"" rating with a consensus target price of $389.00. Visa reported strong quarterly earnings, surpassing analyst estimates, and announced a quarterly dividend of $0.59 per share.",https://www.marketbeat.com/instant-alerts/filing-visa-inc-v-shares-sold-by-wilson-asset-management-international-pty-ltd-2025-10-18/,1760775545
V,Moran Wealth Management LLC Purchases New Holdings in Visa Inc. $V,"Moran Wealth Management LLC has acquired a new stake in Visa Inc. (NYSE:V) by purchasing 52,827 shares valued at approximately $18.76 million during the second quarter. This move is part of broader institutional investment activity in Visa, with other firms also adjusting their positions. Visa reported strong quarterly earnings, beating analyst estimates, and announced a quarterly dividend.",https://www.marketbeat.com/instant-alerts/filing-moran-wealth-management-llc-purchases-new-holdings-in-visa-inc-v-2025-10-18/,1760776278
V,Visa Inc. $V Shares Sold by Axxcess Wealth Management LLC - MarketBeat,"Axxcess Wealth Management LLC slightly decreased its holdings in Visa Inc. by 1.8% during Q2, now owning 54,244 shares valued at $19.26 million. This happens as other major institutional investors, such as Vanguard Group Inc. and Wellington Management Group LLP, have increased their stakes in Visa. Visa continues to show strong financial performance with a 14.3% increase in revenue year-over-year and an EPS of $2.98, surpassing analyst estimates.",https://www.marketbeat.com/instant-alerts/filing-visa-inc-v-shares-sold-by-axxcess-wealth-management-llc-2025-10-18/,1760776283
V,"Cornerstone Wealth Group LLC Purchases 1,098 Shares of Visa Inc. $V - MarketBeat","Cornerstone Wealth Group LLC increased its stake in Visa Inc. by 4.2% in the second quarter, now holding 27,506 shares valued at $9.766 million. Institutional investors collectively own 82.15% of Visa's stock, despite mixed analyst ratings. The article also details recent analyst price target updates, Visa's financial performance, dividend announcement, and company profile.",https://www.marketbeat.com/instant-alerts/filing-cornerstone-wealth-group-llc-purchases-1098-shares-of-visa-inc-v-2025-10-18/,1760776290
V,"Interactive Brokers Group, Inc. Declares Quarterly Dividend of $0.08 (NASDAQ:IBKR) - MarketBeat","Interactive Brokers Group, Inc. (NASDAQ:IBKR) announced a quarterly dividend of $0.08 per share, payable on December 12th to stockholders of record on December 1st, resulting in a 0.5% dividend yield. The company also reported strong financial results for the latest quarter, with revenues of $1.66 billion, a 21.2% increase year-over-year, and beating analyst estimates. Institutional investment in IBKR stock saw significant increases, notably from Vanguard Group Inc. which boosted its stake by 303.9%.",https://www.marketbeat.com/instant-alerts/interactive-brokers-group-inc-declares-quarterly-dividend-of-008-nasdaqibkr-2025-10-17/,1760788039
V,ReliaCard Visa Debit Card - PYMNTS.com,"The U.S. Bank ReliaCard Visa was honored as the ""Best Government-Funded Program"" at the 2010 Paybefore Awards for its innovative and cost-effective solution for government agencies' funds disbursement needs. This reloadable card replaces costly paper checks for recurring disbursements like child support or unemployment insurance and can be used anywhere Visa Debit cards are accepted. The award recognizes U.S. Bank's contribution to advancing prepaid products in the industry.",https://www.pymnts.com/news/2010/u-s-bank-reliacard-visa-best-government-funded-program/,1760789008
V,"Crypto News: ETF Inflows Cross $1T in 2025, But Continue Bleeding - The Coin Republic","Despite significant weekly outflows, cumulative crypto ETF inflows have surpassed $1 trillion in 2025, with projections estimating $1.25 trillion by year-end. The article highlights shifting investor preferences towards Ethereum ETFs over Bitcoin ETFs and notes increased institutional interest in altcoin-based ETFs, evidenced by five new SEC filings. However, potential delays in ETF approvals are anticipated due to a government shutdown.",https://www.thecoinrepublic.com/2025/10/18/crypto-news-etf-inflows-cross-1t-in-2025-but-continue-bleeding/,1760789040
V,PayPal Stock Price Forecast – PYPL Climbs to $67.41 as Google Alliance and $15B Buyback - TradingNEWS,"PayPal (PYPL) experienced a significant rebound, climbing to $67.41 due to strong financial performance, a strategic partnership with Google, and an aggressive $15 billion share repurchase program. The company reported increased revenue and net income, despite a decline in free cash flow, and is repositioning itself through the sale of its BNPL portfolio to Blue Owl Capital to focus on a leaner, high-margin business model. Analysts view PayPal as undervalued, with robust capital efficiency and a bullish medium-term outlook driven by these strategic initiatives and ecosystem expansion.",https://www.tradingnews.com/news/paypal-stock-price-forecast-pypl-rises-to-67-usd-as-google-deal-and-15b-usd-buyback,1760817620
V,"Ethereum ETF Buzz Grows Despite Market Panic — SOL, ADA, and MAGACOIN FINANCE Named Hidden Gems","Optimism surrounding an Ethereum ETF is driving bullish market sentiment, with analysts predicting Ethereum could reach $7,500 by the end of the year. This positive outlook is also benefiting altcoins like Solana and Cardano, which show strong fundamentals and institutional interest. MAGACOIN FINANCE is highlighted as a potential ""hidden gem"" with significant breakout potential due to its unique ecosystem and early whale accumulation.",https://coindoo.com/ethereum-etf-buzz-grows-despite-market-panic-sol-ada-and-magacoin-finance-named-hidden-gems/,1760823044
V,SOLANA SOLUSDT🪄📈🚀,"This article forecasts a bullish trajectory for Solana (SOL) due to several catalysts. These include the anticipated approval of Spot Solana ETFs by late October 2025, the upcoming Alpenglow Upgrade in Q1 2026 to enhance network performance, strong on-chain metrics, and increasing institutional adoption. Macro-economic tailwinds and whale accumulation further support the positive outlook for SOL.",https://www.binance.com/ar/square/post/31207407709921,1760843168
V,ETFs Investing in NBCC (INDIA) LIMITED Stocks - TradingView,"This article provides a list of Exchange Traded Funds (ETFs) that hold NBCC (INDIA) LIMITED stocks, sorted by market value. It details various ETFs, their issuers, management styles, focus, expense ratios, AUM, price, change, and 3-year NAV total return, offering investors insights into opportunities with lower risk. The data aims to make investing in stocks more accessible through diversified funds.",https://www.tradingview.com/symbols/BSE-NBCC/etfs/,1760845178
V,"Sagespring Wealth Partners LLC Buys 2,741 Shares of Visa Inc. $V - MarketBeat","Sagespring Wealth Partners LLC increased its stake in Visa Inc. by 7.5% in the second quarter, now owning 39,364 shares valued at $13.976 million. Other institutional investors also adjusted their holdings in Visa, while a company insider sold a significant number of shares. The article also details Visa's stock performance, recent earnings, dividend announcement, and provides a company profile.",https://www.marketbeat.com/instant-alerts/filing-sagespring-wealth-partners-llc-buys-2741-shares-of-visa-inc-v-2025-10-19/,1760862143
V,"Harbour Investments Inc. Sells 1,502 Shares of The Boeing Company $BA","Harbour Investments Inc. reduced its stake in The Boeing Company by 23.5% during the second quarter, selling 1,502 shares and holding 4,892 shares valued at $1,025,000. Other institutional investors also adjusted their positions in Boeing, with hedge funds and institutional investors collectively owning 64.82% of the company's stock. Boeing reported mixed financial results for the quarter and analysts have issued various ratings and price objectives for its shares.",https://www.marketbeat.com/instant-alerts/filing-harbour-investments-inc-sells-1502-shares-of-the-boeing-company-ba-2025-10-19/,1760862144
V,Equitable Trust Co. Raises Stake in Visa Inc. $V,"Equitable Trust Co. increased its stake in Visa Inc. by 4.0% in the second quarter, bringing its total holdings to 74,750 shares valued at $26.54 million. Other institutional investors also adjusted their positions in Visa, with hedge funds and institutional investors collectively owning 82.15% of the company's stock. Visa reported strong financial results for the quarter, including beating earnings estimates and a 14.3% increase in revenue year-over-year.",https://www.marketbeat.com/instant-alerts/filing-equitable-trust-co-raises-stake-in-visa-inc-v-2025-10-19/,1760862144
V,"Dock Street Asset Management Inc. Purchases 5,953 Shares of Visa Inc. $V","Dock Street Asset Management Inc. increased its stake in Visa Inc. by 3.8%, acquiring 5,953 additional shares and bringing its total ownership to 164,210 shares valued at approximately $58.3 million. This comes as Visa reported strong earnings with $2.98 EPS, beating analyst expectations, and announced a quarterly dividend of $0.59 per share. Analyst ratings for Visa remain positive, with several firms reiterating ""buy"" or ""overweight"" ratings and increasing price targets.",https://www.marketbeat.com/instant-alerts/filing-dock-street-asset-management-inc-purchases-5953-shares-of-visa-inc-v-2025-10-19/,1760862743
V,"Interchange Capital Partners LLC Sells 5,748 Shares of Visa Inc. $V","Interchange Capital Partners LLC significantly reduced its stake in Visa Inc. by 90.1%, selling 5,748 shares. This comes amidst other institutional investor activity and notable insider selling from Visa executives. Despite the institutional decrease, Visa reported strong quarterly earnings, exceeding analyst estimates with a 14.3% year-over-year revenue increase and a $0.59 quarterly dividend.",https://www.marketbeat.com/instant-alerts/filing-interchange-capital-partners-llc-sells-5748-shares-of-visa-inc-v-2025-10-19/,1760862743
V,Visa Inc. $V Shares Sold by TD Asset Management Inc,"TD Asset Management Inc reduced its stake in Visa Inc. by 7.3% during the second quarter, selling 316,167 shares. Despite this, Visa remains a significant holding for the firm. Other institutional investors have both increased and decreased their positions in Visa, with analysts giving the stock a ""Moderate Buy"" rating and an average price target of $389.00.",https://www.marketbeat.com/instant-alerts/filing-visa-inc-v-shares-sold-by-td-asset-management-inc-2025-10-19/,1760862743
V,Boston Trust Walden Corp Has $195.28 Million Stock Position in Visa Inc. $V,"Boston Trust Walden Corp significantly reduced its stake in Visa Inc. by 15.0% in the second quarter, now holding 550,016 shares valued at $195.28 million. Despite this reduction, Visa remains Boston Trust Walden Corp's 6th largest holding. The article also covers Visa's recent financial performance, dividend announcements, insider transactions, and analyst ratings, indicating a ""Moderate Buy"" consensus.",https://www.marketbeat.com/instant-alerts/filing-boston-trust-walden-corp-has-19528-million-stock-position-in-visa-inc-v-2025-10-19/,1760862743
V,IFC Advisors LLC Boosts Stock Holdings in Visa Inc. $V - MarketBeat,"IFC Advisors LLC significantly increased its stake in Visa Inc. by 48.2% in the second quarter, now owning 7,587 shares valued at $2.694 million. This move is part of a broader trend of institutional investors modifying their positions in Visa. The article also details recent analyst ratings and price targets, as well as Visa's latest financial performance and dividend declaration.",https://www.marketbeat.com/instant-alerts/filing-ifc-advisors-llc-boosts-stock-holdings-in-visa-inc-v-2025-10-19/,1760862744
V,Keeler & Nadler Financial Planning & Wealth Management Increases Position in Visa Inc. $V - MarketBeat,"Keeler & Nadler Financial Planning & Wealth Management significantly increased its stake in Visa Inc. by 283.2%, now owning 2,962 shares valued at over $1 million. This comes amid other institutional investors modifying their holdings and recent insider selling activity. Visa's stock is trading around $341.90 with a market cap of $626.63 billion, and the company recently beat earnings expectations while announcing a quarterly dividend.",https://www.marketbeat.com/instant-alerts/filing-keeler-nadler-financial-planning-wealth-management-increases-position-in-visa-inc-v-2025-10-19/,1760862744
V,"Triton Wealth Management PLLC Takes $429,000 Position in Visa Inc. $V - MarketBeat","Triton Wealth Management PLLC recently acquired a new stake in Visa Inc., purchasing 1,211 shares valued at approximately $429,000. Several other institutional investors have also adjusted their holdings in the credit-card processor. The article details Visa's price performance, earnings, dividend information, and a recent analyst rating.",https://www.marketbeat.com/instant-alerts/filing-triton-wealth-management-pllc-takes-429000-position-in-visa-inc-v-2025-10-19/,1760862744
V,S&P Dow Jones Just Delivered Incredible News for Crypto Investors. But Is It a Game-Changer? - The Globe and Mail,"S&P Global has launched its S&P Digital Markets 50 Index, which tracks both cryptocurrencies and crypto-related stocks, aiming to make crypto investing more accessible. This hybrid index could lead to new ETFs and mutual funds, potentially attracting institutional investors like Vanguard. However, the article questions the effectiveness of index investing for the crypto market, given the limited number of strong cryptocurrencies beyond Bitcoin and Ethereum and the high correlation of crypto stocks to Bitcoin's price.",https://www.theglobeandmail.com/investing/markets/markets-news/Motley%20Fool/35548214/sp-dow-jones-just-delivered-incredible-news-for-crypto-investors-but-is-it-a-game-changer/,1760863539
V,"The Best Stocks to Invest $1,000 in Right Now - AOL.com","This article identifies three high-quality stocks—Alphabet, Visa, and Berkshire Hathaway—as excellent investment opportunities for those looking to invest $1,000 for long-term wealth. The author emphasizes patient and disciplined investing in companies with stable business models, dominant market positions, and strong financials. Each company is highlighted for its specific strengths and potential for future growth.",https://www.aol.com/finance/best-stocks-invest-1-000-113000839.html,1760865449
V,Credit card rewards benefit the rich the most. Here’s who actually pays for them - CNN,"Credit card rewards programs, particularly for premium cards, disproportionately benefit wealthy individuals. These rewards are largely funded by interchange fees charged to merchants, which merchants often pass on to all consumers through higher prices, effectively making lower-income individuals and cash payers subsidize the perks of the affluent. Experts and economists express concern over this system, noting a widening gap in spending patterns between high and low-income households and the impact of rising swipe fees on merchants.",https://www.cnn.com/2025/10/19/business/premium-credit-cards-wealthy-us-economy,1760878851
V,"Truist Financial Corp Sells 1,284 Shares of Hillman Solutions Corp. $HLMN","Truist Financial Corp reduced its stake in Hillman Solutions Corp. by selling 1,284 shares. This transaction is part of broader institutional investment activity in HLMN, with several other major investors either increasing or initiating positions in the company. Hillman Solutions has also received positive analyst coverage with raised price targets.",https://www.defenseworld.net/2025/10/19/truist-financial-corp-sells-1284-shares-of-hillman-solutions-corp-hlmn.html,1760879243
V,3 Top Dividend Stocks to Buy in October - AOL.com,"This article highlights three top dividend stocks in the financial services sector to consider buying in October: Visa (V), S&P Global (SPGI), and Jack Henry & Associates (JKHY). These companies are presented as high-quality businesses with strong market positions, consistent profitability, and a history of dividend growth, making them appealing for long-term investors seeking income and stability. The piece also includes financial metrics and analyst growth expectations for each stock.",https://www.aol.com/finance/3-top-dividend-stocks-buy-125300131.html,1760883064
V,Better Warren Buffett Buy: American Express vs. Coca-Cola,"This article compares American Express and Coca-Cola, two significant holdings in Berkshire Hathaway's portfolio, to determine which is a better buy for investors. It highlights American Express's growth potential due to its business model and loyal customer base, while acknowledging Coca-Cola's efforts to diversify beyond sugary sodas and its strong dividend history. Ultimately, American Express is suggested for growth-oriented investors, and Coca-Cola for those seeking passive income.",https://www.fool.com/investing/2025/10/19/warren-buffett-stock-buy-coke-american-express/,1760893500
V,Better Warren Buffett Buy: American Express vs. Coca-Cola - AOL.com,"This article compares American Express (AXP) and Coca-Cola (KO), two long-held Warren Buffett stocks. It analyzes their business models, past performance, and shareholder returns, concluding that American Express offers better growth potential while Coca-Cola is superior for dividend quality and quantity, especially as it diversifies beyond sugary sodas.",https://www.aol.com/articles/better-warren-buffett-buy-american-170500327.html,1760895329
V,Better Warren Buffett Buy: American Express vs. Coca-Cola - Mitrade,"This article compares American Express (AXP) and Coca-Cola (KO), two long-standing holdings in Berkshire Hathaway's portfolio, to determine which is a better buy for investors. It analyzes their business models, historical performance, and approaches to returning capital to shareholders. The conclusion suggests American Express for growth investors and Coca-Cola for passive income.",https://www.mitrade.com/insights/news/live-news/article-8-1205030-20251020,1760895905
V,Explore Fidelity’s Disruptive Finance Options,"This article explores Fidelity Investments' offerings in disruptive finance, focusing on their thematic ETPs. It highlights strong investor interest in cryptocurrency, referencing Fidelity’s FDIG and FBTC funds' performance, and also covers the broader disruptive finance ETF, FDFF, which includes companies like Visa, Mastercard, Coinbase, and Block. The piece emphasizes the innovative strategies these companies are employing to evolve the financial market.",https://www.nasdaq.com/articles/explore-fidelitys-disruptive-finance-options,1760904895
V,Ultra-Low 0.07% Fee: Vanguard's New Emerging Markets ETF Offers First Major China-Free Option,"Vanguard has launched the Emerging Markets ex-China ETF (VEXC) with an ultra-low expense ratio of 0.07%. This new ETF provides investors with broad exposure to emerging markets like India, Taiwan, and Brazil, while specifically excluding Chinese securities. VEXC can be combined with developed markets ETFs to create comprehensive international portfolios without China exposure, and will be managed by Vanguard's Equity Index Group.",https://www.stocktitan.net/news/VEXC/vanguard-launches-emerging-markets-ex-china-ra7y4j6q5s6j.html,1760920372
V,AST SpaceMobile Announces an Expanded Board of Directors to Join at The Closing of the Business Combination with New Providence Acquisition Corp.,"AST SpaceMobile announced an expanded Board of Directors set to join upon the closing of its business combination with New Providence Acquisition Corp. The new board will include senior representatives from leading global wireless infrastructure companies such as Rakuten, Vodafone, and American Tower, along with directors from major financial and investment firms. This move aims to create a knowledgeable leadership team to support AST SpaceMobile's goal of providing space-based connectivity to every mobile phone worldwide.",https://www.prnewswire.com/news-releases/ast-spacemobile-announces-an-expanded-board-of-directors-to-join-at-the-closing-of-the-business-combination-with-new-providence-acquisition-corp-301238378.html,1760936560
V,Stock market analysis: Russell 2000 could soar in 2025,"The Russell 2000 index, tracking small-cap U.S. companies, is predicted to significantly outperform the S&P 500 in 2025, driven by historical post-election trends and the current economic landscape favoring domestic manufacturing. This analysis suggests investment opportunities in small-cap ETFs like the Vanguard Russell 2000 ETF, despite the S&P 500's long-term outperformance.",https://www.markets.com/education-centre/stock-market-analysis-russell-2000-could-soar-in-2025,1760940158
V,North Point Portfolio Managers Corp OH Lowers Stock Holdings in BlackRock $BLK,"North Point Portfolio Managers Corp OH has reduced its stake in BlackRock by 1.4%, now holding 18,082 shares valued at approximately $18.97 million. Despite this, other institutional investors like Vanguard Group and Royal Bank of Canada increased their positions. BlackRock recently reported a slight earnings miss but experienced significant revenue growth.",https://www.marketbeat.com/instant-alerts/filing-north-point-portfolio-managers-corp-oh-lowers-stock-holdings-in-blackrock-blk-2025-10-20/,1760956300
V,Nordea Investment Management AB Has $12.29 Million Stock Position in Blackstone Inc. $BX,"Nordea Investment Management AB reduced its stake in Blackstone Inc. by 4.4% in the second quarter, now holding 82,031 shares valued at $12.29 million. Concurrently, other hedge funds significantly altered their positions, notably Kingstone Capital Partners dramatically increasing its holdings to 70.13 million shares. Blackstone also increased its quarterly dividend to $1.03 per share, representing an annualized yield of 2.6%.",https://www.marketbeat.com/instant-alerts/filing-nordea-investment-management-ab-has-1229-million-stock-position-in-blackstone-inc-bx-2025-10-20/,1760958097
V,"""Sell in May and Go Away"": Definition, Statistics, and Analysis","The article explores the financial adage ""Sell in May and go away,"" which suggests stocks underperform between May and October. It analyzes historical data for the S&P 500 and Dow Jones Industrial Average, discussing why this seasonality might occur and presenting arguments against the strategy, emphasizing the benefits of a long-term buy-and-hold approach over market timing.",https://www.investopedia.com/terms/s/sell-in-may-and-go-away.asp,1760970731
V,The Superiority of the Russell 2500 Over the Russell 2000,"This article argues for the superiority of the Russell 2500 index over the Russell 2000 for small-cap investing, citing its ability to retain successful companies avoiding the ""graduation effect."" The author highlights historical outperformance of the Russell 2500 and its better performance in down markets, despite its significantly lower assets under management compared to the Russell 2000. It suggests investors should broaden their view of the smaller company universe.",https://www.advisorperspectives.com/articles/2021/05/26/the-superiority-of-the-russell-2500-over-the-russell-2000,1760974329
V,Cloudflare net: CFO Seifert sells $2.1m in stock,"Cloudflare's CFO, Thomas J. Seifert, sold 10,000 shares of Class A Common Stock for approximately $2.1 million on October 20, 2025, while also acquiring an equal number of shares through Class B Common Stock conversion. This transaction occurred under a Rule 10b5-1 trading plan and leaves Seifert with 189,517 shares. The company, which has seen a 131% return over the past year, is also working on several strategic initiatives including payment network collaborations, new partner program bundles, a partnership with UNICEF’s Giga initiative, and the introduction of NET Dollar, a U.S. dollar-backed stablecoin.",https://www.investing.com/news/insider-trading-news/cloudflare-net-cfo-seifert-sells-21m-in-stock-93CH-4298086,1760986980
V,"BENITEC BIOPHARMA Earnings Preview: Recent $BNTC Insider Trading, Hedge Fund Activity, and More","BENITEC BIOPHARMA ($BNTC) is set to release its quarterly earnings, with analysts expecting $0 revenue and -$0.28 EPS. Insider trading data shows significant purchases by CAPITAL MANAGEMENT, LLC SUVRETTA, while hedge fund activity indicates both additions and reductions in positions by institutional investors. Analyst ratings for $BNTC are predominantly positive, with a median price target of $28.0.",https://www.quiverquant.com/news/BENITEC+BIOPHARMA+Earnings+Preview%3A+Recent+%24BNTC+Insider+Trading%2C+Hedge+Fund+Activity%2C+and+More,1761042749
V,"Capital One puts credit risk worries to rest, delivers a strong quarter and new buyback","Capital One (COF) reported a strong third quarter beat, driven by better-than-expected credit performance, which addressed investor concerns regarding credit risk in the subprime market. The company also provided a positive update on its $35 billion acquisition of Discover, with synergies on track and integration expected to progress well. Following these positive results, Capital One announced a significant new share repurchase authorization of $16 billion and increased its quarterly dividend.",https://www.cnbc.com/2025/10/21/capital-one-puts-credit-risk-worries-to-rest-delivers-a-strong-quarter-and-new-buyback.html,1761075300
V,Here's How Much You Would Have Made Owning Visa Stock In The Last 15 Years,"This article details the significant returns an investor would have received by owning Visa stock over the last 15 years. Visa (NYSE:V) outperformed the market with an average annual return of 21.0%. An initial investment of $100 in 2008 would be worth $1,738.88 today, highlighting the power of compounded returns.",https://www.sahmcapital.com/news/content/heres-how-much-you-would-have-made-owning-visa-stock-in-the-last-15-years-2025-10-16,1761089533
V,Should You Invest in the iShares U.S. Financial Services ETF (IYG)?,"The article evaluates the iShares U.S. Financial Services ETF (IYG) as an investment option, highlighting its passive management, broad exposure to the financials sector, and low costs. It details the ETF's index, expense ratio, top holdings, performance, and risk metrics, concluding that it is a ""Buy"" based on its Zacks ETF Rank. The piece also suggests alternative ETFs for investors considering the financials sector.",https://www.sharewise.com/us/news_articles/Should_You_Invest_in_the_iShares_US_Financial_Services_ETF_IYG_Zacks_20251022_1220,1761091200
V,Breaking Down VFH: A Practical Look At Vanguard’s Financials ETF (VFH),"This article provides a practical look at the Vanguard Financials Index Fund ETF (VFH), detailing its offerings, target investors, top holdings, performance, dividends, expenses, and risks. VFH offers broad exposure to the U.S. financial sector through a low-cost, market-cap-weighted ETF structure, appealing to long-term investors seeking exposure to banks, insurers, and payment companies. While it has shown solid performance over the past five years and consistent dividend growth, its volatility and sector concentration present specific risks.",https://seekingalpha.com/article/4822263-breaking-down-vfh-practical-look-at-vanguards-financials-etf,1761098538
V,1 No-Brainer Vanguard Index Fund to Buy Right Now for Less Than $500,"This article recommends the Vanguard Financials ETF (VFH) as a no-brainer investment for less than $500 due to its exposure to 409 financial stocks and potential benefits from anticipated deregulation under a new administration. While the fund has shown impressive recent gains, its long-term average annual return is more modest. However, the ETF is considered attractively valued given its growth prospects, though risks such as trade wars or disappointing regulatory changes exist.",https://www.fool.com/investing/2025/02/16/1-no-brainer-vanguard-index-fund-to-buy-right-now/,1761098538
V,3 Great International Value ETFs,"This article identifies three great international value ETFs, highlighting their resilience and performance despite a challenging period for these investments. The ETFs discussed are Schwab Fundamental International Equity ETF (FNDF), Vanguard International High Dividend Yield ETF (VYMI), and Avantis International Small Cap Value ETF (AVDV). The author emphasizes that these ETFs follow simple processes, diversify broadly, and charge low fees, making them stand out when their underlying investment styles are underperforming.",https://www.morningstar.com/funds/3-great-international-value-etfs-2,1761102133
V,Pure Financial Advisors LLC Raises Position in Apple Inc. $AAPL,"Pure Financial Advisors LLC significantly increased its stake in Apple Inc. by 57.5% in the second quarter, now holding 279,045 shares valued at over $57 million. Other major institutional investors like Vanguard Group Inc. also raised their holdings, while CEO Timothy D. Cook and other insiders sold shares. Apple recently reported strong quarterly earnings, exceeding analyst expectations, and declared a quarterly dividend.",https://www.marketbeat.com/instant-alerts/filing-pure-financial-advisors-llc-raises-position-in-apple-inc-aapl-2025-10-22/,1761118284
V,Trident Digital Tech to Launch Stablecoin Operations in Africa,"Trident Digital Tech (TDTH) plans to launch stablecoin operations in Africa, focusing on the adoption of Ripple USD (RLUSD) to improve financial inclusion and digital payments. This initiative follows TDTH's strategy to raise $500 million for an XRP treasury and leverage its Web 3.0 expertise, including securing stablecoin licenses in various African markets. The company, led by Soon Huat Lim, aims for phased rollouts by mid-2026 to capitalize on RLUSD's momentum and address liquidity challenges.",https://techafricanews.com/2025/08/14/trident-digital-tech-to-launch-stablecoin-operations-in-africa/,1761127327
V,"Despite Current Risks, Corporate Bonds Offer a Compelling Option","Despite market uncertainty and looming rate cuts, corporate bonds present a compelling option for fixed income investors due to higher yields, strong fundamentals, and a lower risk premium. The article highlights that these bonds offer a decent buffer against volatility and a way to achieve long-term return objectives through income yields. It also suggests considering short-term and intermediate bond ETFs like VCSH and VCIT for diversification and higher yields.",https://www.etftrends.com/fixed-income-channel/despite-current-risks-corporate-bonds-offer-compelling-option/,1761138140
V,"Ethic Inc. Acquires 3,992 Shares of Ferguson plc $FERG","Ethic Inc. has increased its stake in Ferguson plc by 23.3%, acquiring an additional 3,992 shares, bringing its total holdings to 21,116 shares valued at approximately $4.6 million. Ferguson reported strong quarterly earnings, surpassing analyst estimates, and announced a quarterly dividend. The article also details other institutional investor activities, insider transactions, stock performance, and analyst ratings for Ferguson.",https://www.marketbeat.com/instant-alerts/filing-ethic-inc-acquires-3992-shares-of-ferguson-plc-ferg-2025-10-24/,1761264000
V,"Keeler Thomas Management LLC Purchases Shares of 5,014 Broadridge Financial Solutions, Inc. $BR","Keeler Thomas Management LLC recently acquired 5,014 shares of Broadridge Financial Solutions, valued at approximately $1.22 million, as detailed in their SEC filing. This comes amidst significant insider selling by CEO Timothy C. Gokey, who sold 84,571 shares worth about $21.95 million. Broadridge also increased its quarterly dividend to $0.975 per share, offering an annualized yield of 1.7%.",https://www.marketbeat.com/instant-alerts/filing-keeler-thomas-management-llc-purchases-shares-of-5014-broadridge-financial-solutions-inc-br-2025-10-25/,1761487287
V,International Business Machines Corporation $IBM Shares Sold by Nisa Investment Advisors LLC,"Nisa Investment Advisors LLC reduced its stake in International Business Machines (IBM) by 0.4% in the second quarter, while other major institutional investors like Vanguard Group and Goldman Sachs increased their holdings. IBM reported strong quarterly earnings, exceeding analyst expectations with a 9.1% revenue increase, and declared a quarterly dividend of $1.68. The article also includes recent analyst ratings and the company's financial performance metrics.",https://www.marketbeat.com/instant-alerts/filing-international-business-machines-corporation-ibm-shares-sold-by-nisa-investment-advisors-llc-2025-10-26/,1761489118
V,Stephens Inc. AR Sells 305 Shares of Exelon Corporation $EXC,"Stephens Inc. AR reduced its stake in Exelon Corporation (NASDAQ:EXC) by 3.7% in Q2 2025, selling 305 shares and holding 7,933 shares valued at $344,000. Other institutional investors like Vanguard Group, Deutsche Bank AG, and Massachusetts Financial Services Co. MA significantly increased their holdings in Exelon during the first quarter. The article also details Exelon's price performance, recent earnings, dividend announcement, and various analyst ratings and price targets.",https://www.defenseworld.net/2025/10/27/stephens-inc-ar-sells-305-shares-of-exelon-corporation-exc.html,1761523200
V,How Investors Are Reacting To Visa (V) Record Revenue and AI-Driven Payment Innovation,"Visa recently reported record quarterly revenue of US$10.17 billion, driven by strong payment volumes and cross-border transactions, alongside the introduction of AI-driven payment frameworks like the Trusted Agent Protocol. The company's commitment to innovation and fintech partnerships positions it well in the evolving global payments landscape. Investors are evaluating Visa's long-term growth potential in light of these advancements, while also considering regulatory risks.",https://www.sahmcapital.com/news/content/how-investors-are-reacting-to-visa-v-record-revenue-and-ai-driven-payment-innovation-2025-10-22,1761544972
V,Fidelity National Information Services (FIS): Evaluating Valuation After Recent Share Price Uptick,"Fidelity National Information Services (FIS) shares have seen a recent uptick, prompting a re-evaluation of its valuation. While one narrative suggests FIS is 19.7% undervalued with a fair value of $84.39, driven by expected operational improvements, another view based on the price-to-sales ratio indicates the stock trades at a premium compared to its industry and peers. Investors are left to weigh these differing signals to determine if FIS is an attractive discount or if its turnaround potential is already priced in.",https://simplywall.st/stocks/us/diversified-financials/nyse-fis/fidelity-national-information-services/news/fidelity-national-information-services-fis-evaluating-valuat-1,1761598895
V,Charlie Scharf,"This article provides a biography of Charlie Scharf, highlighting his extensive career in financial services. It covers his current role as Chairman and CEO of Wells Fargo & Company, as well as his previous leadership positions at Bank of New York Mellon, Visa Inc., JPMorgan Chase & Co., Bank One Corp., Citigroup, and Salomon Smith Barney. The article also mentions his educational background and his directorship at Microsoft Corporation.",https://www.businessroundtable.org/about-us/members/charlie-scharf,1761598940
V,"JPMorgan Chase could be the next company to hit $1 trillion in market cap, Jim Cramer says","Jim Cramer predicted that JPMorgan Chase is the most likely company to reach a $1 trillion market capitalization next, citing its strong financials, leadership, and valuation. He also evaluated other contenders like Oracle, Walmart, Eli Lilly, Visa, and Mastercard, explaining why they are less likely to hit the milestone first despite their individual strengths and recent performance.",https://www.cnbc.com/2025/10/27/jim-cramer-jpmorgan-trillion-market-cap.html,1761606105
V,"Visa Inc. (NYSE: V) Reports Mixed Q4 2025 Earnings, Beats on EPS but Misses on Revenue","Visa Inc. (NYSE: V) announced mixed financial results for Q4 2025, with non-GAAP EPS of $2.98 beating the analyst estimate of $3.03, but quarterly revenue of $10.72 billion falling slightly short of the $10.83 billion expectation. Despite the revenue miss, the stock saw a positive reaction in after-hours trading, rising approximately 0.6%, suggesting investors focused on the earnings beat and underlying strength. The article also provides analyst expectations for fiscal year 2026, projecting $45.05 billion in revenue and $13.10 in EPS.",https://www.chartmill.com/news/V/Chartmill-36153-Visa-Inc-NYSE-V-Reports-Mixed-Q4-2025-Earnings-Beats-on-EPS-but-Misses-on-Revenue,1761621178
V,Brighton Jones LLC Boosts Stake in MSCI Inc $MSCI,"Brighton Jones LLC significantly increased its stake in MSCI Inc. by 403.6% in the second quarter. Institutional investors hold a substantial portion of MSCI's stock, with Bank Julius Baer also making a massive boost in its holdings. Research analysts have a ""Moderate Buy"" rating for MSCI, with price targets ranging from $533 to $655.",https://www.marketbeat.com/instant-alerts/filing-brighton-jones-llc-boosts-stake-in-msci-inc-msci-2025-10-28/,1761640332
V,"Logan Capital Management Inc. Reduces Holdings in Williams-Sonoma, Inc. $WSM","Logan Capital Management Inc. decreased its stake in Williams-Sonoma, Inc. by 7.3% during the second quarter, holding 155,284 shares valued at $25.37 million. Despite this reduction, other institutional investors like Vanguard Group Inc. and UBS AM A Distinct Business Unit of UBS Asset Management Americas LLC significantly increased their holdings in the specialty retailer. Williams-Sonoma reported strong Q2 earnings, beating consensus estimates, and announced a quarterly dividend of $0.66 per share.",https://www.marketbeat.com/instant-alerts/filing-logan-capital-management-inc-reduces-holdings-in-williams-sonoma-inc-wsm-2025-10-28/,1761647521
V,Private Wealth Partners LLC Cuts Stock Position in Freeport-McMoRan Inc. $FCX,"Private Wealth Partners LLC reduced its stake in Freeport-McMoRan Inc. by 13.2% during the second quarter, selling 32,685 shares. Despite this, other institutional investors like Vanguard Group Inc. and Price T Rowe Associates Inc. MD increased their holdings. Freeport-McMoRan reported strong quarterly earnings and declared a dividend, maintaining investor interest.",https://www.marketbeat.com/instant-alerts/filing-private-wealth-partners-llc-cuts-stock-position-in-freeport-mcmoran-inc-fcx-2025-10-28/,1761649297
V,How To Earn $500 A Month From Visa Stock Ahead Of Q4 Earnings,"This article analyzes how an investor could earn $500 a month in dividends from Visa (NYSE: V) stock, ahead of its Q4 earnings report. It details the number of shares required based on Visa's current dividend yield and financial performance expectations. The article also explains how dividend yield can fluctuate with changes in stock price and dividend payments.",https://www.sahmcapital.com/news/content/how-to-earn-500-a-month-from-visa-stock-ahead-of-q4-earnings-2025-10-28,1761665280
V,"Visa Q4 earnings, revenue beat; sees FY2026 EPS growth in low double digits (V:NYSE)","Visa (V) reported Q4 earnings and revenue that surpassed analyst expectations, driven by resilient consumer spending and growth in data processing services. The company provided guidance for FY2026, anticipating low double-digit EPS and net revenue growth, with similar expense growth projected for both FY2026 and Q1. This indicates continued financial health and positive outlook for the credit card network giant.",https://seekingalpha.com/news/4509728-visa-q4-earnings-revenue-top-beat-sees-fy2026-eps-growth-in-low-double-digits,1761669300
V,"Northwest Financial Advisors Sells 2,563 Shares of Walmart Inc. $WMT","Northwest Financial Advisors reduced its stake in Walmart Inc. by 36.2%, selling 2,563 shares, now holding 4,526 shares valued at $443,000. This divestment comes despite other major investors like Vanguard Group and Goldman Sachs increasing their positions in the retailer. Walmart recently missed quarterly earnings expectations, reporting an EPS of $0.68 against a consensus of $0.74, although revenue grew by 4.8% year-over-year.",https://www.marketbeat.com/instant-alerts/filing-northwest-financial-advisors-sells-2563-shares-of-walmart-inc-wmt-2025-10-29/,1761737539
V,Visa Earnings: Growth Holds at an Attractive Level,"Visa's fiscal fourth-quarter earnings showed continued strong and stable consumer spending, with year-over-year net revenue growth of 11% on a constant currency basis. Despite these solid results, Morningstar maintains its $306 fair value estimate for the wide-moat company, viewing shares as modestly overvalued due to market optimism. The company also took a significant provision for interchange litigation, totaling $2.6 billion for the fiscal year.",https://www.morningstar.com/stocks/visa-earnings-growth-holds-an-attractive-level,1761750109
V,Visa Vs. Mastercard: Why One Network's Winning The Cross-Border Game,"JPMorgan analyst Tien-Tsin Huang suggests that Visa is widening its lead over Mastercard, particularly in high-margin cross-border transactions, following Visa's strong fourth-quarter results. Visa showed sequential improvements in U.S. and global payment volumes, and significantly in cross-border payments, while Mastercard faces tougher year-over-year comparisons and potential portfolio shifts. Huang recommends staying overweight Visa due to its cleaner comparisons and steadier execution, implying significant upside for its stock.",https://www.sahmcapital.com/news/content/visa-vs-mastercard-why-one-networks-winning-the-cross-border-game-2025-10-29,1761750960
V,Preview: Mastercard's Earnings,"Mastercard (NYSE: MA) is set to release its quarterly earnings, with analysts expecting an EPS of $4.31. The article reviews Mastercard's past performance, analyst ratings, and compares its financial metrics to peers like Visa, PayPal Holdings, and Fiserv, highlighting Mastercard's strong revenue growth, gross profit, and return on equity. Despite strong financial performance and positive market sentiment, investors are advised to consider the company's above-average debt-to-equity ratio.",https://www.sahmcapital.com/news/content/preview-mastercards-earnings-2025-10-29,1761757380
V,Mastercard Earnings: Steady Results Amid Strong Consumer Spending,"Mastercard's third-quarter results remained steady, with strong consumer spending contributing to 15% constant currency year-over-year net revenue growth. Despite potential near-term downside risk due to macro conditions, the company maintains its $520 per share fair value estimate, viewing shares as fairly valued. Adjusted operating margins improved, and client incentives growth was muted, aligning with long-term expectations.",https://www.morningstar.com/stocks/mastercard-earnings-steady-results-amid-strong-consumer-spending,1761782400
V,Visa (V) Margin Compression Undercuts Bullish Profit Narratives Despite Strong Earnings Track Record,"Visa (V) reported a net profit margin reduction to 50.1% from 54.2% year-over-year, alongside a slowdown in annual earnings growth to 3.1%. Despite this, the company's focus on higher-margin value-added services, share buybacks, and consistent earnings quality are positive factors. Investors are weighing Visa's elevated price-to-earnings ratio against its future growth forecasts and potential margin and valuation risks.",https://www.sahmcapital.com/news/content/visa-v-margin-compression-undercuts-bullish-profit-narratives-despite-strong-earnings-track-record-2025-10-30,1761796200
V,Sumitomo Mitsui Trust Group Inc. Has $41.22 Million Position in Weyerhaeuser Company $WY,"Sumitomo Mitsui Trust Group Inc. reduced its stake in Weyerhaeuser Company by 1.5% in the second quarter, now holding 1,604,314 shares valued at $41.22 million. Despite this reduction, other major investors like Vanguard Group and JPMorgan Chase increased their positions. Weyerhaeuser also announced a quarterly dividend of $0.21 per share, yielding 3.5%, and received ""buy"" or ""outperformer"" ratings from several Wall Street analysts.",https://www.marketbeat.com/instant-alerts/filing-sumitomo-mitsui-trust-group-inc-has-4122-million-position-in-weyerhaeuser-company-wy-2025-10-28/,1761823952
V,Guide to fixed-income investments: how to invest in bonds,"This guide explores fixed-income investments like bonds and bond ETFs, highlighting their resurgence due to rising interest rates. It details the benefits, risks, and types of bonds, explaining key terms and providing an example with the Vanguard Total Bond Market ETF (BND). The article emphasizes diversification and liquidity as advantages, especially for retail investors.",https://www.etoro.com/investing/fixed-income/,1761834926
V,How Do Investors Really Feel About Visa Inc?,"Visa Inc.'s short interest as a percentage of float has decreased by 4.88% since its last report, indicating a more bullish sentiment among investors. The company currently has 26.43 million shares sold short, representing 1.56% of its tradable shares, with an average short-covering period of 5.12 days. Compared to its peers, Visa Inc. has less short interest, averaging 7.38% among its group.",https://www.sahmcapital.com/news/content/how-do-investors-really-feel-about-visa-inc-2025-10-30,1761847200
V,"Mastercard's Strong Earnings Signal Americans Are Still Spending, Despite Inflation Fears","Mastercard reported strong fiscal third-quarter results, beating analyst estimates for revenue and EPS, indicating continued consumer spending despite inflation fears. The company saw significant growth in net revenues, adjusted EPS, and value-added services, with increased cross-border volume suggesting resilient travel demand. Both Mastercard and its peers, Visa and American Express, posted upbeat results, reinforcing the trend of robust consumer spending.",https://www.sahmcapital.com/news/content/mastercards-strong-earnings-signal-americans-are-still-spending-despite-inflation-fears-2025-10-30,1761848760
V,Visa's Digital Asset Push and Double-Digit Growth Could Be a Game Changer for V,"Visa recently reported robust double-digit growth in Q4 and full-year 2025 results, driven by strong revenue and earnings per share, alongside significant advancements in digital assets and stablecoin-linked payment solutions. The company's commitment to digital asset innovation and integration into stablecoin infrastructure is expected to reshape its investment narrative and growth outlook, with projections of $51.9 billion in revenue and $27.5 billion in earnings by 2028.",https://www.sahmcapital.com/news/content/visas-digital-asset-push-and-double-digit-growth-could-be-a-game-changer-for-v-2025-10-31,1761888360
V,"Bessemer Group Inc. Sells 1,319 Shares of Norfolk Southern Corporation $NSC","Bessemer Group Inc. reduced its stake in Norfolk Southern Corporation by 7.3% in the second quarter, selling 1,319 shares and retaining 16,693 shares valued at approximately $4.27 million. The company's stock is held by various institutional investors, and analysts have mixed views with a consensus price target of $299.70. Norfolk Southern recently announced a quarterly dividend of $1.35 per share, with an ex-dividend date of November 7th.",https://www.marketbeat.com/instant-alerts/filing-bessemer-group-inc-sells-1319-shares-of-norfolk-southern-corporation-nsc-2025-10-30/,1761958903
V,"Keybank National Association OH Sells 4,233 Shares of The PNC Financial Services Group, Inc $PNC","Keybank National Association OH has reduced its stake in The PNC Financial Services Group by selling 4,233 shares, decreasing its holdings by 6.0% to a total of 65,912 shares valued at $12.3 million. This comes as PNC Financial Services Group reported strong earnings, exceeding analyst estimates, and declared a quarterly dividend of $1.70 per share. Brokerage firms like Wells Fargo have shown positive sentiment towards the stock by raising price targets and issuing ""overweight"" ratings.",https://www.marketbeat.com/instant-alerts/filing-keybank-national-association-oh-sells-4233-shares-of-the-pnc-financial-services-group-inc-pnc-2025-10-31/,1761989508
V,Visa (NYSE:V) Is Increasing Its Dividend To $0.67,"Visa Inc. (NYSE:V) will increase its quarterly dividend to $0.67, effective December 1st, reflecting a 0.8% dividend yield. This dividend increase is well-supported by Visa's strong earnings and cash flow, with EPS projected to grow by 37.5% next year. The company has a solid track record of consistent dividend growth, averaging about 19% annually since 2015, making it an attractive income stock.",https://www.sahmcapital.com/news/content/visa-nysev-is-increasing-its-dividend-to-067-2025-11-01,1762010700
V,Will PNC’s Expanded Visa Partnership Reshape Its Business Payments Strategy and Competitive Positioning (PNC)?,"PNC Bank and Visa have renewed their collaboration to expand immediate payment capabilities for PNC’s Treasury Management clients, leveraging Visa Direct. This partnership is expected to strengthen PNC's competitive position and innovative payment solutions, complementing its branch expansion plans. However, the article notes that while the collaboration supports the innovation narrative, it may not significantly alter the near-term risk/reward balance for investors, who should also consider risks related to capital markets revenue and economic uncertainty.",https://www.sahmcapital.com/news/content/will-pncs-expanded-visa-partnership-reshape-its-business-payments-strategy-and-competitive-positioning-pnc-2025-11-01,1762022580
V,Atria Investments Inc Has $4.60 Million Position in Cintas Corporation $CTAS,"Atria Investments Inc reduced its stake in Cintas Corporation by 8.8% in Q2, holding 20,659 shares valued at $4.6 million. Cintas reported strong quarterly earnings of $1.20 EPS, surpassing analyst expectations, and announced an 8.7% year-over-year revenue growth along with a $1 billion stock repurchase program. The company also declared a quarterly dividend of $0.45 per share, reflecting an annualized dividend yield of 1.0%.",https://www.marketbeat.com/instant-alerts/filing-atria-investments-inc-has-460-million-position-in-cintas-corporation-ctas-2025-11-02/,1762041600
V,"Becton, Dickinson and Company $BDX Shares Acquired by Mesirow Financial Investment Management Inc.","Mesirow Financial Investment Management Inc. significantly increased its stake in Becton, Dickinson and Company (BDX) by 32.7% in the second quarter, acquiring an additional 2,859 shares. Other institutional investors like GQG Partners LLC and Vanguard Group Inc. also made substantial changes to their positions, collectively owning 86.97% of the company's stock. The article details recent stock performance, financial metrics, insider trading activity, and updated analyst ratings for BDX.",https://www.marketbeat.com/instant-alerts/filing-becton-dickinson-and-company-bdx-shares-acquired-by-mesirow-financial-investment-management-inc-2025-11-01/,1762041600
V,"Great Lakes Retirement Inc. Invests $512,000 in The TJX Companies, Inc. $TJX","Great Lakes Retirement Inc. has invested $512,000 in The TJX Companies, acquiring 4,144 shares in the second quarter. This move reflects growing institutional interest, with other major investors like Vanguard Group and Ameriprise Financial also increasing their stakes. TJX Companies reported strong quarterly earnings, surpassing analyst expectations, and announced a quarterly dividend.",https://www.marketbeat.com/instant-alerts/filing-great-lakes-retirement-inc-invests-512000-in-the-tjx-companies-inc-tjx-2025-11-02/,1762041600
V,"10,893 Shares in D.R. Horton, Inc. $DHI Purchased by AMG National Trust Bank","AMG National Trust Bank purchased 10,893 shares of D.R. Horton, Inc. (NYSE:DHI) for approximately $1.4 million in the second quarter, indicating increased institutional interest in the homebuilder. This purchase contributes to a significant institutional ownership of 90.63% in D.R. Horton, which recently announced an increase in its quarterly dividend to $0.45 per share. The article also details recent analyst ratings, insider transactions, and D.R. Horton's financial performance.",https://www.marketbeat.com/instant-alerts/filing-10893-shares-in-dr-horton-inc-dhi-purchased-by-amg-national-trust-bank-2025-11-01/,1762041600
V,"Cooke & Bieler LP Has $73 Million Stake in EOG Resources, Inc. $EOG","Cooke & Bieler LP reduced its stake in EOG Resources by 2.1% in Q2, now holding approximately 0.11% of the company, valued at $73 million. EOG Resources reported an EPS of $2.32 for the last quarter, exceeding consensus estimates, but revenue saw a 9.1% year-over-year decrease. Analysts currently assign a ""Hold"" consensus rating to EOG Resources with a price target of $140.76.",https://www.marketbeat.com/instant-alerts/filing-cooke-bieler-lp-has-73-million-stake-in-eog-resources-inc-eog-2025-11-01/,1762041600
V,"Integrity Alliance LLC. Buys 4,824 Shares of Marathon Petroleum Corporation $MPC","Integrity Alliance LLC significantly increased its stake in Marathon Petroleum Corporation by 324.0%, acquiring an additional 4,824 shares, bringing its total holdings to 6,313 shares valued at approximately $1,049,000. This move aligns with several other institutional investors, such as Vanguard Group Inc. and Wellington Management Group LLP, who have also raised their stakes in MPC, signaling growing investor confidence. Marathon Petroleum also announced an increase in its quarterly dividend to $1.00, resulting in a $4.00 annualized dividend and a 2.1% yield.",https://www.marketbeat.com/instant-alerts/filing-integrity-alliance-llc-buys-4824-shares-of-marathon-petroleum-corporation-mpc-2025-11-01/,1762041600
V,"Triglav Investments D.O.O. Buys 10,000 Shares of Arista Networks, Inc. $ANET","Triglav Investments D.O.O. significantly increased its stake in Arista Networks, Inc. by 128.2% during the second quarter, acquiring an additional 10,000 shares, bringing its total ownership to 17,800 shares valued at approximately $1.82 million. Other institutional investors like Vanguard Group and Goldman Sachs also raised their holdings, indicating strong interest. Arista Networks reported strong financial performance with a 40.90% net margin, exceeding revenue expectations, and also saw insider selling activity by a SVP and CEO.",https://www.marketbeat.com/instant-alerts/filing-triglav-investments-doo-buys-10000-shares-of-arista-networks-inc-anet-2025-11-02/,1762041600
V,"Hutchinson Financial Advisors INC Makes New Investment in Becton, Dickinson and Company $BDX","Hutchinson Financial Advisors INC has made a new investment in Becton, Dickinson and Company (NYSE:BDX), acquiring 5,943 shares valued at approximately $1,024,000 in Q2. This brings institutional ownership of Becton Dickinson to 86.97%. The article also details recent analyst price target upgrades and insider selling activity for BDX.",https://www.marketbeat.com/instant-alerts/filing-hutchinson-financial-advisors-inc-makes-new-investment-in-becton-dickinson-and-company-bdx-2025-11-01/,1762083691
V,Visa Inc. Reports Strong Q3 2025 Financial Results,"Visa Inc. announced robust financial results for Q3 2025, with net revenue increasing by 14% to $10.2 billion and a non-GAAP net income of $5.8 billion. The company saw significant growth in payments volume, cross-border volume, and processed transactions, driven by strategic innovation in areas like AI and stablecoins. Visa remains optimistic about its future growth, supported by strong financial positioning and continued product development.",https://www.tipranks.com/news/company-announcements/visa-inc-reports-strong-q3-2025-financial-results,1762084314
V,"Visa, Mastercard agree to $199.5 million settlement in merchants’ class action",Visa and Mastercard have agreed to a $199.5 million settlement in a nearly decade-old class action lawsuit. Merchants accused the payment networks of forcing them to absorb fraud-related costs due to changes in chargeback rules without reducing transaction fees. This settlement is separate from a 2019 agreement for $5 billion regarding credit and debit card fees.,"https://www.tradingview.com/news/reuters.com,2025:newsml_L2N3VU03A:0-visa-mastercard-agree-to-199-5-million-settlement-in-merchants-class-action/",1762084315
V,Visa Adjusts Conversion Rates Amid $500M Escrow Deposit,"Visa Inc. announced adjustments to the conversion rates of its class B-1 and B-2 common stock following a $500 million deposit into its U.S. litigation escrow account. These changes, effective September 25, 2025, reduced the as-converted share count for both classes, similar to a stock repurchase, impacting earnings per share. Spark, TipRanks’ AI Analyst, rates V as ""Outperform"" due to strong financial performance, despite some bearish technical momentum and a high P/E ratio.",https://www.tipranks.com/news/company-announcements/visa-adjusts-conversion-rates-amid-500m-escrow-deposit,1762084315
V,Visa Q3 earnings beat as consumer stays resilient,"Visa reported better-than-expected Q3 earnings, with adjusted earnings per share of $2.44 exceeding analyst estimates. The payment processor's strong performance was driven by a larger-than-expected increase in processed transactions and cross-border volume, indicating resilient consumer spending despite economic uncertainties. The company also announced a new $25 billion share repurchase program.",https://www.msn.com/en-us/money/companies/visa-q3-earnings-beat-as-consumer-stays-resilient/ar-AA1JwWi7?ocid=finance-verthp-feeds,1762084519
V,Mastercard Economics Institute: What moves us? The motivations behind global travel in 2025,"The Mastercard Economics Institute's ""Travel Trends 2025"" report highlights purpose-driven motivations like sports fandom, wellness, adventure, and foodie experiences as key drivers of global travel, alongside economic factors. The report notes regional variations in the impact of currency depreciation on travel and an increase in the length of corporate trips, particularly to Asia-Pacific and Europe. It also identifies trending summer destinations for 2025, with Asia-Pacific dominating the list, and emphasizes Mastercard's initiatives to enhance traveler security and experience.",https://www.businesswire.com/news/home/20250512463610/en/Mastercard-Economics-Institute-What-moves-us-The-motivations-behind-global-travel-in-2025,1762084632
V,Revenue per share of Visa Inc. Class A – LSE:0QZ0,"This page on TradingView presents financial data for Visa Inc. Class A, specifically focusing on its revenue per share. It indicates that the company is listed on the London Stock Exchange under the symbol 0QZ0. The page highlights the period, value, change, and percentage change for revenue per share, and also confirms the market status as closed.",https://www.tradingview.com/symbols/LSE-0QZ0/financials-statistics-and-ratios/revenue-per-share/,1762084780
V,NBZ Investment Advisors LLC Has $1.73 Million Stake in American Express Company $AXP,"NBZ Investment Advisors LLC has reduced its stake in American Express Company by 30.1% in Q2, bringing its holding to 5,423 shares valued at approximately $1.73 million. American Express reported strong Q3 earnings of $4.14 per share, exceeding analyst expectations, and announced a quarterly dividend of $0.82 per share. The article also details other institutional investor activity, stock performance metrics, insider transactions, and analyst ratings for AXP.",https://www.marketbeat.com/instant-alerts/filing-nbz-investment-advisors-llc-has-173-million-stake-in-american-express-company-axp-2025-11-01/,1762084883
V,Credit Karma Money Brings Cash Back Rewards to the Masses With Latest Launch,"Credit Karma Money has launched a new cash back rewards program for its more than 110 million U.S. members, allowing them to earn cash back when using their Credit Karma Visa® debit card at participating merchants, including major brands and local businesses. This initiative, powered by Cardlytics, aims to make financial services more inclusive by extending cash back benefits, traditionally reserved for credit cards, to debit card users. Members are automatically enrolled and receive real cash, not points, directly credited to their Credit Karma Money Spend account without payout minimums.",https://www.businesswire.com/news/home/20220621005174/en/Credit-Karma-Money-Brings-Cash-Back-Rewards-to-the-Masses-With-Latest-Launch,1762100526
V,20 Stocks Billionaires Are Selling,"Billionaires and hedge funds significantly increased their selling activity in Q1, offloading nearly three times as many shares as they bought, indicating a reduction in leverage and a shift away from growth stocks. This article details 20 specific stocks that prominent billionaire investors and their firms sold during this period, often to lock in profits or reposition portfolios amidst a challenging equity market. Notable sales include large stakes in Nvidia, Apple, Verizon, and various Chinese tech companies, highlighting strategic adjustments to economic uncertainties and market downturns.",https://www.kiplinger.com/investing/stocks/604303/stocks-billionaires-are-selling,1762102578
V,"Haven Private LLC Makes New $270,000 Investment in The Home Depot, Inc. $HD","Haven Private LLC recently invested $270,000 in The Home Depot, Inc., acquiring 736 shares during the second quarter. This investment is part of a broader trend of institutional ownership in Home Depot, with major firms like Vanguard and Charles Schwab also increasing their stakes. The article details recent financial performance, analyst ratings, insider transactions, and stock performance data for Home Depot.",https://www.marketbeat.com/instant-alerts/filing-haven-private-llc-makes-new-270000-investment-in-the-home-depot-inc-hd-2025-11-01/,1762109496
V,The Climate Pledge celebrates surpassing 100 signatories,"The Climate Pledge, co-founded by Amazon and Global Optimism, has announced that it has surpassed 100 signatories. These companies together generate over $1.4 trillion in annual revenues and employ more than 5 million people across various industries and countries. The signatories commit to regular greenhouse gas emission reporting, implementing decarbonization strategies in line with the Paris Agreement, and achieving net-zero annual carbon emissions by 2040.",https://www.aboutamazon.com/news/sustainability/the-climate-pledge-celebrates-surpassing-100-signatories,1762113435
V,Gen Digital Inc. $GEN Shares Sold by Teacher Retirement System of Texas,"The Teacher Retirement System of Texas significantly reduced its stake in Gen Digital Inc. by 32.1% in the second quarter, now holding 79,551 shares valued at $2.34 million. Despite this sale, Gen Digital reported strong financial performance with a 30.3% year-over-year revenue increase and an EPS of $0.64, exceeding estimates. The company also announced a quarterly dividend of $0.125, reflecting a 1.9% yield.",https://www.marketbeat.com/instant-alerts/filing-gen-digital-inc-gen-shares-sold-by-teacher-retirement-system-of-texas-2025-11-03/,1762128000
V,Visa Q3 Preview: Could Credit Card Stock Be 'Poised To Snap Back To Its Winning Ways?',"Visa Inc. is set to announce its fourth-quarter financial results, with analysts expecting a rise in revenue and EPS. Experts are watching for commentary on volume growth, network vulnerability, and competition for alternative payment methods, especially after a strong report from American Express. Visa's performance is crucial for investors, including Warren Buffett's Berkshire Hathaway, given its significant weighting in the Dow Jones Industrial Average.",https://www.sahmcapital.com/news/content/visa-q3-preview-could-credit-card-stock-be-poised-to-snap-back-to-its-winning-ways-2025-10-27,1762146765
V,Pinnacle Associates Ltd. Has $9.55 Million Stock Position in Thermo Fisher Scientific Inc. $TMO,"Pinnacle Associates Ltd. reduced its holding in Thermo Fisher Scientific Inc. by 2.9% in Q2, now owning 23,552 shares valued at approximately $9.55 million. Meanwhile, several other institutional investors, such as Vanguard and Amundi, increased their stakes, leading to institutional investors holding 89.23% of the company's stock. Thermo Fisher Scientific reported strong quarterly earnings, exceeding estimates, and provided positive FY 2025 EPS guidance, while also experiencing insider selling activity.",https://www.marketbeat.com/instant-alerts/filing-pinnacle-associates-ltd-has-955-million-stock-position-in-thermo-fisher-scientific-inc-tmo-2025-11-01/,1762147345
V,"Creative Financial Designs Inc. ADV Has $334,000 Holdings in RTX Corporation $RTX","Creative Financial Designs Inc. ADV significantly reduced its stake in RTX Corporation by 80.1% in Q2, now holding $334,000 worth of shares. Meanwhile, RTX insiders sold shares totaling over $6.2 million, indicating a decrease in insider ownership. The company also announced a quarterly dividend of $0.68 per share, with an ex-dividend date of November 21st.",https://www.marketbeat.com/instant-alerts/filing-creative-financial-designs-inc-adv-has-334000-holdings-in-rtx-corporation-rtx-2025-11-03/,1762162910
V,iA Global Asset Management Inc. Raises Stock Position in Johnson Controls International plc $JCI,"iA Global Asset Management Inc. significantly increased its stake in Johnson Controls International plc (NYSE:JCI) by 79.3% during the second quarter, bringing its total holdings to 30,489 shares valued at $3.22 million. Several other institutional investors also adjusted their positions in JCI, with major players like Vanguard Group Inc. and Raymond James Financial Inc. holding substantial shares. The article also details JCI's stock performance, dividend increases, recent analyst ratings, and insider stock transactions.",https://www.marketbeat.com/instant-alerts/filing-ia-global-asset-management-inc-raises-stock-position-in-johnson-controls-international-plc-jci-2025-11-03/,1762166657
V,Telos Capital Management Inc. Has $9.82 Million Stake in Honeywell International Inc. $HON,"Telos Capital Management Inc. increased its stake in Honeywell International Inc. by 3.5% in Q2, bringing its total holdings to $9.82 million. Other institutional investors like Vanguard Group Inc., Wellington Management Group LLP, Goldman Sachs Group Inc., and Invesco Ltd. also adjusted their positions. Analysts currently rate Honeywell International a ""Moderate Buy"" with an average price target of $250.25, and the company recently increased its quarterly dividend.",https://www.marketbeat.com/instant-alerts/filing-telos-capital-management-inc-has-982-million-stake-in-honeywell-international-inc-hon-2025-11-03/,1762168117
V,"6,892 Shares in EOG Resources, Inc. $EOG Acquired by Ceera Investments LLC","Ceera Investments LLC recently acquired a new position of 6,892 shares in EOG Resources, Inc., valued at approximately $824,000, as reported in its Q2 13F filing. This article details significant institutional investor activity in EOG, including increased positions by Vanguard Group and Charles Schwab Investment Management, and also covers recent analyst ratings and the company's financial performance.",https://www.marketbeat.com/instant-alerts/filing-6892-shares-in-eog-resources-inc-eog-acquired-by-ceera-investments-llc-2025-11-03/,1762169159
V,"Torray Investment Partners LLC Sells 6,225 Shares of EOG Resources, Inc. $EOG","Torray Investment Partners LLC reduced its stake in EOG Resources, Inc. by 4.1% during the second quarter, selling 6,225 shares. The firm now owns 144,477 shares of EOG, valued at approximately $17.28 million, making it the 14th biggest holding in their portfolio. This news comes as other institutional investors have either increased or decreased their positions in EOG.",https://www.marketbeat.com/instant-alerts/filing-torray-investment-partners-llc-sells-6225-shares-of-eog-resources-inc-eog-2025-11-03/,1762169518
V,Tredje AP fonden Grows Stock Position in Texas Instruments Incorporated $TXN,"Tredje AP fonden increased its holdings in Texas Instruments (TXN) by 22.6% in the second quarter, acquiring an additional 40,000 shares worth approximately $45 million. Other institutional investors like Vanguard Group and Charles Schwab also increased their stakes, bringing total institutional ownership to 84.99%. Texas Instruments also announced an increase in its quarterly dividend to $1.42, reflecting a 3.5% dividend yield with a payout ratio of 103.84%.",https://www.marketbeat.com/instant-alerts/filing-tredje-ap-fonden-grows-stock-position-in-texas-instruments-incorporated-txn-2025-11-02/,1762172850
V,Capital One launches community benefits plan,"Capital One has unveiled details of its $265 billion community benefits plan, initially announced in July 2024, following its acquisition of Discover. The plan includes a $25 million initiative through Lever for Change to expand affordable housing access and a $1 million grant to Reclaiming Chicago for building homes. This marks Capital One's first open call for proposals to support communities.",https://www.bankingdive.com/news/capital-one-discover-chicago-community-benefits-plan/804520/,1762190618
V,Credit Card Stocks Q3 Results: Benchmarking Synchrony Financial (NYSE:SYF),"This article reviews the Q3 2025 performance of Synchrony Financial (NYSE: SYF) and its peers in the credit card industry. It highlights Synchrony Financial's strong quarter with revenues of $3.82 billion, exceeding expectations, and benchmarks its performance against other key players like Capital One, Visa, American Express, and Bread Financial. The piece also provides a brief market update on inflation, interest rates, and the broader stock market outlook.",https://markets.financialcontent.com/wral/article/stockstory-2025-11-4-credit-card-stocks-q3-results-benchmarking-synchrony-financial-nysesyf,1762209120
V,"Capital One (NYSE: COF), T-Mobile debut T-Mobile Visa: 2% rewards, $5 AutoPay discount","T-Mobile and Capital One have introduced the T-Mobile Visa Signature credit card, offering customers 2% back in T-Mobile Rewards on all purchases and 5% on T-Mobile devices and accessories. Cardholders also receive a $5 AutoPay discount on their T-Mobile bill and other exclusive perks like travel discounts and no annual or foreign transaction fees. This partnership aims to provide enhanced value and simplify the customer experience through financial services integration.",https://www.stocktitan.net/news/COF/tap-earn-rewards-repeat-the-new-t-mobile-visa-credit-card-is-fvh65t6h750h.html,1762242000
V,United Airlines Launches MileagePlus Debit Rewards Card that Earns Miles for Spending and Saving,"United Airlines has launched a new MileagePlus Debit Rewards Card, allowing members to earn miles through everyday spending and by maintaining qualifying account balances. The card, powered by Galileo and Visa, offers benefits like bonus miles for new cardmembers, miles on United purchases and other eligible spending, and an annual bonus with a waived monthly fee for balances of $2,000 or more. This initiative aims to provide more ways for MileagePlus members to earn rewards without a credit check, reinforcing United's commitment to loyalty innovation.",https://www.prnewswire.com/news-releases/united-airlines-launches-mileageplus-debit-rewards-card-that-earns-miles-for-spending-and-saving-302603466.html,1762243200
V,"United Airlines (UAL) debuts MileagePlus debit card with up to 70,000 annual miles","United Airlines has launched the MileagePlus Debit Rewards Card, a Visa debit card that allows members to earn miles on spending and qualifying balances. Key features include a limited-time 10,000-mile new-member bonus, earning 1 mile per $1 on United purchases and 1 mile per $2 on other eligible purchases, and up to 70,000 annual bonus miles based on average daily balances. The card requires no credit check and offers a waived monthly fee for average daily balances of $2,000 or more.",https://www.stocktitan.net/news/UAL/united-airlines-launches-mileage-plus-debit-rewards-card-that-earns-7jw0575ll5zp.html,1762243200
V,A Closer Look at Visa’s (V) Valuation Following Strong Earnings and Digital Payments Expansion,"Visa (V) announced strong earnings, surpassing Wall Street forecasts with steady revenue growth and upbeat guidance for fiscal 2026, alongside significant progress in digital payments and stablecoin initiatives. Despite a recent dip in share price, the company's long-term shareholder return remains strong, indicating investor confidence in its growth trajectory. While a ""narrative"" fair value suggests Visa is undervalued at $391.46, its high P/E ratio compared to industry averages raises questions about future upside potential versus risk.",https://www.sahmcapital.com/news/content/a-closer-look-at-visas-v-valuation-following-strong-earnings-and-digital-payments-expansion-2025-11-04,1762248360
V,Ferrari N.V. $RACE Shares Sold by Bank of New York Mellon Corp,"Bank of New York Mellon Corp decreased its stake in Ferrari N.V. by 0.8% in the second quarter, selling 12,887 shares. Despite this, several other hedge funds, including Goldman Sachs Group Inc. and Vanguard Group Inc., increased their positions in Ferrari. The article also details recent analyst ratings and the company's price performance and financial profile.",https://www.marketbeat.com/instant-alerts/filing-ferrari-nv-race-shares-sold-by-bank-of-new-york-mellon-corp-2025-11-04/,1762253600
V,"K.J. Harrison & Partners Inc Buys 25,016 Shares of Boston Scientific Corporation $BSX","K.J. Harrison & Partners Inc significantly increased its stake in Boston Scientific (NYSE: BSX) during Q2 2025 by purchasing 25,016 shares, bringing its total ownership to 54,409 shares valued at $5.84 million. This increased holding reflects a growing institutional interest, despite recent insider selling by company executives. Analysts have a consensus ""Buy"" rating on Boston Scientific with a target price of $123.77, fueled by strong Q3 earnings and positive revenue growth projections.",https://www.marketbeat.com/instant-alerts/filing-kj-harrison-partners-inc-buys-25016-shares-of-boston-scientific-corporation-bsx-2025-11-03/,1762259456
V,"J. W. Coons Advisors LLC Boosts Holdings in The TJX Companies, Inc. $TJX","J. W. Coons Advisors LLC significantly increased its stake in The TJX Companies, Inc. by 19.0% in Q2, now holding 38,111 shares valued at approximately $4.7 million. This move aligns with several analysts' raised price targets and ""Buy"" ratings for TJX, following the company's strong Q2 earnings report. Other institutional investors like Vanguard Group Inc. and Ameriprise Financial Inc. also lifted their holdings, showing broad institutional confidence in the stock.",https://www.marketbeat.com/instant-alerts/filing-j-w-coons-advisors-llc-boosts-holdings-in-the-tjx-companies-inc-tjx-2025-11-04/,1762259991
V,Tap. Earn Rewards. Repeat. The New T-Mobile Visa Credit Card is Here,"The article announces the launch of the new T-Mobile Visa Credit Card. The card is designed to allow users to ""Tap. Earn Rewards. Repeat."" suggesting a focus on ease of use and a rewards program for T-Mobile customers.",https://markets.financialcontent.com/stocks/article/bizwire-2025-11-4-tap-earn-rewards-repeat-the-new-t-mobile-visa-credit-card-is-here,1762261763
V,Tap. Earn Rewards. Repeat. The New T-Mobile Visa Credit Card is Here,"T-Mobile and Capital One have launched the T-Mobile Visa Signature credit card, offering cardholders 2% in T-Mobile Rewards on most purchases and 5% on T-Mobile devices and accessories. The card also provides a $5 AutoPay discount on T-Mobile bills, no annual or foreign transaction fees, and additional VIP perks like travel discounts and Shell Fuel Rewards savings. This initiative aims to provide T-Mobile customers with more value and simplified rewards management through the T-Life app.",https://www.businesswire.com/news/home/20251103233870/en/Tap.-Earn-Rewards.-Repeat.-The-New-T-Mobile-Visa-Credit-Card-is-Here,1762261792
V,FORM 4] VISA INC. Insider Trading Activity,"Visa Inc. CEO Ryan McInerney disclosed a Form 4 filing detailing the exercise of stock options and the sale of Class A shares on November 3, 2025, pursuant to a Rule 10b5-1 trading plan. He exercised 10,485 options at $109.82 per share and subsequently sold 10,485 Class A shares at $341 per share. Following these transactions, McInerney beneficially owns 11,022 shares directly and 247,326 shares indirectly through a trust.",https://www.stocktitan.net/sec-filings/V/form-4-visa-inc-insider-trading-activity-4ae0485c8576.html,1762272060
V,Global Payments Earnings Jump As US Spending Lifts Results,"Global Payments reported a significant increase in quarterly earnings, with shares rising nearly 8% due to strong US consumer spending. This positive performance was mirrored by Visa and Mastercard, highlighting consumer resilience despite broader economic uncertainties. The trend towards digital payments continues to drive innovation and profits in the industry.",https://finimize.com/content/global-payments-earnings-jump-as-us-spending-lifts-results,1762273435
V,T-Mobile Teams With Capital One On Rewards Cards; CPI Card Group’s Arroweye Boost,"T-Mobile has partnered with Capital One to launch a new no-fee credit card, offering rewards that can be used for T-Mobile purchases and bill payments, aligning with T-Mobile's ""un-carrier"" strategy. Separately, CPI Card Group announced a 11% year-over-year increase in third-quarter net sales, driven by the acquisition of Arroweye Solutions and growth in its instant-issuance business. CPI also expanded its partnership with Australian digital gift card platform Karta.",https://www.digitaltransactions.net/t-mobile-teams-with-capital-one-on-rewards-cards-cpi-card-groups-arroweye-boost/,1762273685
V,Provident Trust Co Reduces Stake in Alphabet Inc.,"Provident Trust Co has reduced its stake in Alphabet Inc. (NASDAQ:GOOGL) by 3.8% during the third quarter, now owning 30,361 shares valued at $4,008,000. Despite this reduction, several other institutional investors have increased their holdings, and various analysts have reiterated or started coverage with positive ratings and price targets for Alphabet. The company's stock has shown strong performance with a 53.79% increase over the last year.",https://www.msn.com/en-us/money/topstocks/provident-trust-co-reduces-stake-in-alphabet-inc/ar-AA1PH6Rl,1762284235
V,"AlphaTON Capital Corp Expands TON Digital Asset Treasury with Acquisition of Additional 300,000 TON Coins","AlphaTON Capital Corp (Nasdaq: ATON) has announced the acquisition of an additional 300,000 TON Coin, expanding its TON Digital Asset Treasury. This move reinforces the company's strategy to enhance its position within the Telegram ecosystem through token acquisitions, validator operations, and strategic investments. AlphaTON Capital aims to provide institutional-quality exposure to the Telegram platform while also advancing innovative therapies in immunotherapy.",https://www.quiverquant.com/news/AlphaTON+Capital+Corp+Expands+TON+Digital+Asset+Treasury+with+Acquisition+of+Additional+300%2C000+TON+Coins,1762306800
V,"Bank of New York Mellon Corp Reduces Position in Equifax, Inc. $EFX","Bank of New York Mellon Corp decreased its stake in Equifax, Inc. by 5.4% in the second quarter, now holding 1,039,526 shares valued at $269,622,000. This article also details changes in holdings by other institutional investors, recent insider selling activity, and current analyst ratings and price targets for Equifax, Inc. The company's recent financial performance and dividend declaration are also covered.",https://www.marketbeat.com/instant-alerts/filing-bank-of-new-york-mellon-corp-reduces-position-in-equifax-inc-efx-2025-11-05/,1762337440
V,"Cassaday & Co Wealth Management LLC Has $704,000 Stake in U.S. Bancorp $USB","Cassaday & Co Wealth Management LLC has reduced its stake in U.S. Bancorp by 25.9%, now holding 15,560 shares valued at $704,000. This comes as U.S. Bancorp recently increased its quarterly dividend to $0.52 and reported strong Q3 earnings, surpassing analyst expectations. Major institutional investors like Vanguard Group Inc. and American Century Companies Inc. have also adjusted their holdings in the financial services provider, which holds a ""Moderate Buy"" consensus rating from Wall Street analysts.",https://www.marketbeat.com/instant-alerts/filing-cassaday-co-wealth-management-llc-has-704000-stake-in-us-bancorp-usb-2025-11-05/,1762338635
V,"Bank of Montreal Can Reduces Stake in Equinix, Inc. $EQIX","Bank of Montreal Can reduced its stake in Equinix, Inc. by 9.9% in the second quarter, selling 10,994 shares. This transaction is part of broader institutional investor activity in EQIX stock, which also saw increases in holdings from firms like Valeo Financial Advisors LLC and JPMorgan Chase & Co. The article also details recent insider selling, Equinix's stock performance, dividend announcements, and analyst ratings.",https://www.marketbeat.com/instant-alerts/filing-bank-of-montreal-can-reduces-stake-in-equinix-inc-eqix-2025-11-05/,1762339103
V,Claro Advisors LLC Cuts Stake in Colgate-Palmolive Company $CL,"Claro Advisors LLC significantly reduced its stake in Colgate-Palmolive Company by 42.9% in the second quarter. Despite this, several other institutional investors, including Vanguard Group Inc., Price T Rowe Associates Inc. MD, Goldman Sachs Group Inc., Deutsche Bank AG, and Ameriprise Financial Inc., increased their holdings in the company. The article also details Colgate-Palmolive's stock performance, recent earnings, dividend announcement, and various analyst ratings.",https://www.marketbeat.com/instant-alerts/filing-claro-advisors-llc-cuts-stake-in-colgate-palmolive-company-cl-2025-11-05/,1762339946
V,"Atlas Wealth LLC Takes $301,000 Position in American Express Company $AXP","Atlas Wealth LLC recently acquired a new stake of 934 shares, valued at $301,000, in American Express Company ($AXP) during the second quarter. Other institutional investors like Vanguard Group Inc., Wellington Management Group LLP, and Goldman Sachs Group Inc. also modified their holdings, with institutional investors collectively owning 84.33% of the company's stock. The article also covers American Express's recent earnings, dividend announcement, stock performance, and analyst ratings, alongside recent insider selling activity.",https://www.marketbeat.com/instant-alerts/filing-atlas-wealth-llc-takes-301000-position-in-american-express-company-axp-2025-11-05/,1762340049
V,"The Andersons, Inc. (NASDAQ:ANDE) is largely controlled by institutional shareholders who own 83% of the company","Institutional shareholders collectively own 83% of The Andersons, Inc. (NASDAQ:ANDE), indicating significant control over the company's share price and operations. BlackRock, Inc., The Vanguard Group, Inc., and Dimensional Fund Advisors LP are among the largest institutional holders, with the top 10 shareholders owning over half the company. Insiders also hold a meaningful stake, aligning management's interests with other shareholders.",https://finance.yahoo.com/news/andersons-inc-nasdaq-ande-largely-104747457.html,1762344569
V,Colgate-Palmolive Company $CL Shares Bought by Huntington National Bank,"Huntington National Bank significantly increased its stake in Colgate-Palmolive Company during Q2. Other institutional investors like Vanguard Group Inc., Price T Rowe Associates Inc. MD, and Goldman Sachs Group Inc. also adjusted their holdings. The report details Colgate-Palmolive's recent earnings, dividend announcement, stock performance metrics, and recent analyst ratings.",https://www.marketbeat.com/instant-alerts/filing-colgate-palmolive-company-cl-shares-bought-by-huntington-national-bank-2025-11-04/,1762346312
V,Animal Spirits: Never Go All in on Stocks,"This article hosts an ""Animal Spirits"" podcast episode, presented by Michael Batnick and Ben Carlson, discussing various market, life, and investing topics. Key points include discussions on market trends, economic conditions impacting different generations, the impact of AI on jobs, and observations on corporate layoffs. The episode is sponsored by YCharts and Vanguard.",https://www.theirrelevantinvestor.com/p/animal-spirits-never-go-all-in-on-stocks,1762356556
V,T-Mobile US looks to build stickiness with credit card launch,"T-Mobile US has launched the T-Mobile Visa credit card in partnership with Capital One, aiming to enhance customer loyalty by offering financial services. The card provides rewards on purchases, discounts on phone bills and devices, and other perks, positioning T-Mobile as a ""Magenta members club."" This move comes as T-Mobile seeks new incentives to attract and retain customers amid increasing competition in the US mobile and broadband markets and rival Verizon's renewed focus on customer-centricity.",https://www.telecoms.com/operator-ecosystem/t-mobile-us-looks-to-build-stickiness-with-credit-card-launch,1762357279
V,"Commerce Unveils Agent Velocity Program with Jack Henry, Datacap Systems, and US Bank-Exploding ARR with Autonomous Payments and Agentic Commerce Solutions","Commerce Inc. has launched the Agent Velocity Program, a strategic initiative to onboard tens of thousands of merchant agents across various channels. This program integrates with Jack Henry & Associates and Datacap Systems to provide agentic commerce, embedded payments, and AI data orchestration, while a co-branded corporate card with US Bank aims to explode annual recurring revenue (ARR) for Commerce and its partners. The program will officially launch at Affiliate Summit West in Las Vegas on January 26, 2026.",https://markets.financialcontent.com/wral/article/accwirecq-2025-11-6-commerce-unveils-agent-velocity-program-with-jack-henry-datacap-systems-and-us-bank-exploding-arr-with-autonomous-payments-and-agentic-commerce-solutions,1762386300
V,"Keybank National Association OH Makes New $298,000 Investment in Western Digital Corporation $WDC","Keybank National Association OH has made a new $298,000 investment in Western Digital Corporation, acquiring 4,662 shares. This comes as Western Digital increased its quarterly dividend and received raised price targets from Wall Street analysts, reflecting a bullish outlook driven by AI demand. Other institutional investors have also adjusted their stakes in the company.",https://www.marketbeat.com/instant-alerts/filing-keybank-national-association-oh-makes-new-298000-investment-in-western-digital-corporation-wdc-2025-11-06/,1762418699
V,"Assetmark Inc. Buys 1,496 Shares of Stryker Corporation $SYK","Assetmark Inc. significantly increased its stake in Stryker Corporation by 89.7% in Q2, acquiring an additional 1,496 shares, bringing their total holdings to 3,163 shares valued at approximately $1.25 million. This move is part of a broader trend of institutional investment in Stryker, with the company's recent earnings exceeding analyst expectations. The article also details other institutional movements, insider trading, and analyst ratings for Stryker.",https://www.marketbeat.com/instant-alerts/filing-assetmark-inc-buys-1496-shares-of-stryker-corporation-syk-2025-11-06/,1762419650
V,"Ethos Financial Group LLC Sells 5,021 Shares of NextEra Energy, Inc. $NEE","Ethos Financial Group LLC reduced its stake in NextEra Energy, Inc. by 9.3%, selling 5,021 shares, while other major institutional investors like Vanguard Group and Goldman Sachs increased their holdings. NextEra Energy reported strong quarterly earnings, exceeding estimates and showing revenue growth despite a slight miss on projections. The company also announced a quarterly dividend and received several ""buy"" and ""strong-buy"" ratings from Wall Street analysts.",https://www.marketbeat.com/instant-alerts/filing-ethos-financial-group-llc-sells-5021-shares-of-nextera-energy-inc-nee-2025-11-06/,1762427782
V,"Cisco Systems, Inc. $CSCO Holdings Lifted by Atlantic Union Bankshares Corp","Atlantic Union Bankshares Corp significantly increased its stake in Cisco Systems, Inc. by 63.9% in Q2, acquiring 103,590 additional shares. This increase highlights a broader trend of institutional investors boosting their positions in Cisco, while company insiders have been net sellers. The article details recent financial performance, analyst ratings, and insider trading activity for Cisco Systems.",https://www.marketbeat.com/instant-alerts/filing-cisco-systems-inc-csco-holdings-lifted-by-atlantic-union-bankshares-corp-2025-11-06/,1762432688
V,"Tapestry Inc. stock falls Thursday, still outperforms market","Tapestry Inc. (TPR) shares dropped 9.61% to $98.81 on Thursday, despite a broader market decline with the S&P 500 Index falling 1.12% and the Dow Jones Industrial Average falling 0.84%. This fall ended a two-day winning streak for the stock. The article highlights that Tapestry Inc. still outperformed the overall market, even with its share price decrease.",https://www.marketwatch.com/data-news/tapestry-inc-stock-falls-thursday-still-outperforms-market-7e04d340-a7562d099322?gaa_at=eafs&gaa_n=AWEtsqcw77UCtJXuvu-Uv6JEUq-jLCo_pZNimG9XBUs-5Yi7D7547Ht1YxjA&gaa_ts=690faf34&gaa_sig=Ew4BsHGp7fnbxJ5pHDov8Hh7cxSiuYmAKU2m9_ge5yOne9V-OI-4rxOMB8eaHxxs9cIPrwRjukTQub0WglvsOg%3D%3D,1762446600
V,"If Capital One Buys Discover, What Can Cardholders Expect?","Capital One's proposed acquisition of Discover could significantly impact cardholders, although changes are not expected immediately after the transaction closes, which received final regulatory approval on April 18, 2025. The deal could lead to new financial products, updated account numbers, potentially more limited card acceptance internationally for some Capital One clients, and an increase in product-change options. Long-term impacts on rewards programs, customer service features, and interest rates remain to be seen, with experts expressing concerns about potential market consolidation effects on consumers.",https://www.nerdwallet.com/credit-cards/news/if-capital-one-buys-discover-what-can-cardholders-expect,1762469132
V,"Insider Selling: Seagate Technology (NASDAQ:STX) EVP Sells 6,000 Shares of Stock","Seagate Technology's EVP, Ban Seng Teh, sold 6,000 shares of company stock for $1.62 million on November 5th, 2025, reducing his holdings by 33.26%. This sale followed several other insider transactions by Teh. The company reported strong financial results, including a 21.3% increase in quarterly revenue and an EPS of $2.61, surpassing estimates, and announced an increased quarterly dividend of $0.74 per share.",https://www.marketbeat.com/instant-alerts/insider-selling-seagate-technology-nasdaqstx-evp-sells-6000-shares-of-stock-2025-11-05/,1762475112
V,"Brown & Brown, Inc. $BRO Stock Holdings Raised by Andra AP fonden","Andra AP fonden significantly increased its stake in Brown & Brown, Inc. (NYSE:BRO) by 320.1% in Q2, boosting its holdings to 95,804 shares valued at $10.62 million. This move comes as other institutional investors also increased their positions, and Brown & Brown reported strong Q3 earnings, exceeding EPS and revenue estimates, and raised its quarterly dividend. Analysts currently have an average ""Hold"" rating on the stock with a target price of $105.23.",https://www.marketbeat.com/instant-alerts/filing-brown-brown-inc-bro-stock-holdings-raised-by-andra-ap-fonden-2025-11-07/,1762504497
V,"The Zacks Analyst Blog Visa, Mastercard and American Express","This Zacks Analyst Blog highlights Visa's strong Q4 2025 performance, driven by robust transaction volumes and growth in Value-Added Services, despite a slight dip in share price after earnings. The article details Visa's strategic advancements in digital asset infrastructure and favorable regulatory changes, positioning it for continued long-term growth and shareholder returns. It also discusses challenges like increasing competition and regulatory scrutiny while maintaining a ""Hold"" rating for the stock.",https://www.sharewise.com/us/news_articles/The_Zacks_Analyst_Blog_Visa_Mastercard_and_American_Express_Zacks_20251107_0851,1762505460
V,Andra AP fonden Raises Stake in Colgate-Palmolive Company $CL,"Andra AP fonden increased its stake in Colgate-Palmolive Company by 1.8% in Q2, acquiring an additional 4,400 shares, bringing its total holdings to 251,385 shares valued at approximately $22.85 million. Other major institutional investors like Vanguard and T. Rowe Price also boosted their positions, with institutional investors owning about 80.41% of the stock. Despite recent analyst price target trims, the stock maintains a ""Moderate Buy"" consensus rating with a target of $89.87, and the company reported slightly higher-than-expected EPS and pays a quarterly dividend.",https://www.marketbeat.com/instant-alerts/filing-andra-ap-fonden-raises-stake-in-colgate-palmolive-company-cl-2025-11-06/,1762515291
V,"Souders Financial Advisors Trims Stock Holdings in Equinix, Inc. $EQIX","Souders Financial Advisors reduced its stake in Equinix, Inc. (NASDAQ: EQIX) by 34.2%, bringing its total holdings to 940 shares valued at $748,000. Other institutional investors like Valeo Financial Advisors and JPMorgan Chase & Co. significantly increased their stakes. The company reported strong Q3 2025 earnings, exceeding expectations, and announced a quarterly dividend of $4.69.",https://www.marketbeat.com/instant-alerts/filing-souders-financial-advisors-trims-stock-holdings-in-equinix-inc-eqix-2025-11-06/,1762520730
V,OneAscent Family Office LLC Cuts Stock Position in Cummins Inc. $CMI,"OneAscent Family Office LLC significantly reduced its stake in Cummins Inc. by 49.2% in Q2, now holding 1,054 shares valued at $345,000. Despite this reduction, other institutional investors increased their positions in Cummins. The article also details recent strong earnings, a declared quarterly dividend of $2.00 per share, and various analyst ratings for the company.",https://www.marketbeat.com/instant-alerts/filing-oneascent-family-office-llc-cuts-stock-position-in-cummins-inc-cmi-2025-11-06/,1762521616
V,Asia's Coal Dilemma; Data Center Investments; and October VC Funding Value,"This S&P Global Daily Update covers key market insights including Asia's ongoing reliance on coal despite renewable energy pushes, the significant macroeconomic impact of data center investments driven by AI, and the trending value of global private equity and venture capital funding rounds. It highlights that while monthly VC funding saw a decline in October, the year-to-date value is on track to surpass the previous year, demonstrating continued investment activity in the private markets. The article also provides brief updates on insurance M&A, video subscriptions, and ETF assets.",https://www.spglobal.com/en/research-insights/market-insights/daily-update-nov-07-2025,1762524453
V,American Express' restaurant tech acquisitions are bearing fruit,"American Express's acquisitions of Resy and Rooam are positively impacting the restaurant industry by driving traffic and streamlining operations. The company's dining credit program has significantly increased reservations and spending by cardholders, while Rooam's integrations enhance CRM capabilities for restaurants. Amex continues to build a connected technology ecosystem to support hospitality.",https://restaurantbusinessonline.com/technology/american-express-restaurant-tech-acquisitions-are-bearing-fruit,1762533967
V,Nvwm LLC Has $3.13 Million Stock Holdings in American Express Company $AXP,"Nvwm LLC significantly reduced its stake in American Express Company (AXP) by 35.7% in Q2, ending with 9,810 shares valued at $3.13 million. Meanwhile, several other institutional investors, including Nuveen, Wellington, Goldman Sachs, and Vanguard, either initiated or increased their positions, leading to institutional investors owning 84.33% of AXP. American Express reported strong Q3 earnings, beating analyst estimates, and provided FY2025 guidance largely in line with expectations.",https://www.marketbeat.com/instant-alerts/filing-nvwm-llc-has-313-million-stock-holdings-in-american-express-company-axp-2025-11-07/,1762560000
V,Is Surging Genius Adoption and Worldpay Approval Reshaping the Investment Case for Global Payments (GPN)?,"Global Payments Inc. reported strong third-quarter earnings, exceeding analyst expectations, driven by the successful rollout of its Genius point-of-sale platform and regulatory approval for its Worldpay acquisition. This progress signals the company's transformation into a pure-play merchant solutions provider, with projections of $12.3 billion revenue and $1.7 billion earnings by 2028. While integration challenges from large-scale acquisitions pose a risk, the strategic shift is expected to lead to margin expansion, recurring revenue growth, and an estimated fair value of $104.36 per share.",https://simplywall.st/stocks/us/diversified-financials/nyse-gpn/global-payments/news/is-surging-genius-adoption-and-worldpay-approval-reshaping-t,1762573928
V,What Is the Easiest AmEx Business Card to Get?,"This article identifies the American Express Blue Business Cash™ Card and Blue Business® Plus Credit Card from American Express as generally the easiest AmEx business cards to get, primarily due to their $0 annual fees and more accessible rewards structures. It highlights that applicants typically need good personal credit (FICO score of at least 690) for any AmEx business card and compares AmEx's approval criteria with those of other major issuers like Bank of America, Capital One, and Chase. The article also details the application requirements, information needed for approval, and provides recommendations for choosing an AmEx business card based on spending habits, desired rewards, and annual fee tolerance.",https://www.nerdwallet.com/business/credit-cards/learn/easiest-amex-business-card-to-get,1762605934
V,"Achmea Investment Management B.V. Purchases Shares of 3,976 United Airlines Holdings Inc $UAL","Achmea Investment Management B.V. opened a new position in United Airlines, acquiring 3,976 shares valued at $317,000 during the second quarter. Other institutional investors like Vanguard Group Inc., Dimensional Fund Advisors LP, Pacer Advisors Inc., Invesco Ltd., and Alyeska Investment Group L.P. also significantly increased their stakes in the company, with hedge funds and institutional investors now owning 69.69% of the stock. Despite recent insider selling, analysts maintain an average ""Buy"" rating for UAL with a price target of $124.93, following a strong earnings beat and positive Q4 EPS guidance.",https://www.marketbeat.com/instant-alerts/filing-achmea-investment-management-bv-purchases-shares-of-3976-united-airlines-holdings-inc-ual-2025-11-08/,1762605979
V,"Sustainable Insight Capital Management LLC Has $522,000 Stock Position in Church & Dwight Co., Inc. $CHD","Sustainable Insight Capital Management LLC significantly reduced its stake in Church & Dwight Co., Inc. by 51.5%, now holding 5,428 shares valued at $522,000. Despite this, other major institutions like Vanguard and Nuveen increased their positions, raising institutional ownership to 86.6%. Church & Dwight also reported strong Q3 earnings, beating EPS estimates and providing positive FY2025 guidance, alongside announcing a quarterly dividend.",https://www.marketbeat.com/instant-alerts/filing-sustainable-insight-capital-management-llc-has-522000-stock-position-in-church-dwight-co-inc-chd-2025-11-07/,1762609591
V,"Harvest Portfolios Group Inc. Purchases 9,709 Shares of Edison International $EIX","Harvest Portfolios Group Inc. increased its stake in Edison International (EIX) by 7.9% in the second quarter, purchasing an additional 9,709 shares. This brings their total holdings to 133,046 shares, valued at approximately $6.865 million. Edison International also reported strong quarterly earnings, beating analyst estimates, and declared a quarterly dividend.",https://www.marketbeat.com/instant-alerts/filing-harvest-portfolios-group-inc-purchases-9709-shares-of-edison-international-eix-2025-11-07/,1762611066
V,Institutional owners may take dramatic actions as Honeywell International Inc.'s (NASDAQ:HON) recent 3.6% drop adds to one-year losses,"Honeywell International Inc.'s recent 3.6% drop, contributing to a 4.2% one-year loss, may prompt institutional owners to take dramatic actions, given their 78% stake in the company. The Vanguard Group, Inc. and BlackRock, Inc. are among the largest shareholders, yet no single entity holds a majority interest. While institutional ownership lends credibility, their collective actions heavily influence the stock's performance, making future analyst forecasts and warning signs crucial for investors.",https://finance.yahoo.com/news/institutional-owners-may-dramatic-actions-110013125.html,1762668000
V,Amica Mutual Insurance Co. Has $5.39 Million Stake in American Express Company $AXP,"Amica Mutual Insurance Co. decreased its stake in American Express Company (AXP) by 11.0% in Q2, with its holdings valued at $5.39 million. Other institutional investors like Nuveen, Wellington, Goldman Sachs, Provident Trust Co., and Vanguard also adjusted their positions. American Express reported strong quarterly earnings, beating estimates and providing optimistic FY2025 EPS guidance, while analysts maintain a ""Hold"" consensus rating.",https://www.marketbeat.com/instant-alerts/filing-amica-mutual-insurance-co-has-539-million-stake-in-american-express-company-axp-2025-11-09/,1762677009
V,"Connor Clark & Lunn Investment Management Ltd. Acquires 19,846 Shares of BlackRock $BLK","Connor Clark & Lunn Investment Management Ltd. significantly increased its stake in BlackRock by acquiring an additional 19,846 shares, bringing their total holdings to 52,830 shares valued at over $55 million. This move is part of broader institutional investor activity, with several major firms also adjusting their positions in BlackRock. The article details BlackRock's recent stock performance, earnings report, insider trading activity, and updated analyst ratings.",https://www.marketbeat.com/instant-alerts/filing-connor-clark-lunn-investment-management-ltd-acquires-19846-shares-of-blackrock-blk-2025-11-09/,1762681518
V,Moors & Cabot Inc. Purchases New Stake in Gen Digital Inc. $GEN,"Moors & Cabot Inc. recently acquired a new stake of 12,773 shares in Gen Digital Inc. (NASDAQ:GEN) valued at approximately $376,000 during the second quarter. This move comes as other large institutional investors, including Vanguard Group Inc. and Ameriprise Financial Inc., also increased their positions in the company, with institutional investors now owning 81.38% of Gen Digital's stock. Gen Digital reported strong Q2 earnings, beating consensus estimates, and analysts maintain a ""Moderate Buy"" rating with an average target price of $35.43.",https://www.marketbeat.com/instant-alerts/filing-moors-cabot-inc-purchases-new-stake-in-gen-digital-inc-gen-2025-11-09/,1762684415
V,Alphabet Inc. $GOOG Shares Sold by Metis Global Partners LLC,"Metis Global Partners LLC reduced its stake in Alphabet Inc. ($GOOG) by 5.1% in the second quarter, selling 17,595 shares and now holding 329,948 shares valued at $58.53 million. This comes amidst significant institutional activity, with other large investors like Kingstone Capital Partners Texas LLC, Vanguard Group Inc., and JPMorgan Chase & Co. increasing their positions, while insiders have sold shares totaling $54.1 million. Analysts maintain a ""Moderate Buy"" rating for Alphabet with a consensus target price of $324.81, following the company's strong quarterly earnings beat of $2.87 EPS and $102.35 billion in revenue.",https://www.marketbeat.com/instant-alerts/filing-alphabet-inc-goog-shares-sold-by-metis-global-partners-llc-2025-11-09/,1762685142
V,"Visa, Mastercard Near Historic Settlement With Merchants: Could Cut Fees, Let Stores Reject Rewards Cards","Visa and Mastercard are reportedly close to a historic settlement with merchants that would reduce credit card interchange fees and allow retailers to reject high-cost rewards cards. This potential deal aims to resolve a 20-year-old legal dispute over fees and card acceptance rules, giving merchants more control and slightly lowering their transaction costs. The settlement could see interchange fees lowered by about 0.1 percentage point over several years.",https://www.sahmcapital.com/news/content/visa-mastercard-near-historic-settlement-with-merchants-could-cut-fees-let-stores-reject-rewards-cards-2025-11-09,1762685160
V,RWA Wealth Partners LLC Has $25.06 Million Stake in Texas Pacific Land Corporation $TPL,"RWA Wealth Partners LLC significantly increased its stake in Texas Pacific Land Corporation by 42.9% in Q2, bringing their total holding to $25.06 million. Other institutions like Vanguard and TD Asset Management also adjusted their positions, with institutional investors now owning nearly 60% of the stock. Texas Pacific Land reported mixed Q2 earnings, missing EPS estimates but exceeding revenue forecasts, while announcing a $1.60 quarterly dividend.",https://www.marketbeat.com/instant-alerts/filing-rwa-wealth-partners-llc-has-2506-million-stake-in-texas-pacific-land-corporation-tpl-2025-11-08/,1762692387
V,Alphabet Inc. $GOOG Shares Acquired by Vestmark Advisory Solutions Inc.,"Vestmark Advisory Solutions Inc. significantly increased its stake in Alphabet Inc. ($GOOG) by 90.1% in Q2, acquiring an additional 21,533 shares to own a total of 45,422 shares valued at $8.06 million. Other major institutional investors like Kingstone Capital, Vanguard, and JPMorgan Chase also expanded their positions in Alphabet, with institutional investors and hedge funds now owning approximately 27.26% of the stock. Alphabet recently reported strong quarterly earnings, beating analyst estimates, and announced a quarterly dividend, while analysts maintain a ""Moderate Buy"" rating with an average target price of $324.81.",https://www.marketbeat.com/instant-alerts/filing-alphabet-inc-goog-shares-acquired-by-vestmark-advisory-solutions-inc-2025-11-09/,1762695948
V,Who Owns Dave & Buster’s?,"Dave & Buster's Entertainment, Inc. is a publicly traded company on NASDAQ under the ticker symbol PLAY. No single entity owns the company outright; instead, ownership is distributed among institutional investors, individual shareholders, and company executives. Hill Path Capital holds the largest stake at 17.67%, with other major institutional investors like BlackRock and Vanguard also holding significant positions.",https://businessmodelanalyst.com/who-owns-dave-busters/,1762749727
V,Apple Inc. $AAPL Shares Bought by Almanack Investment Partners LLC.,"Almanack Investment Partners LLC significantly increased its stake in Apple Inc. ($AAPL) by 176.3% in Q2, acquiring 38,213 additional shares and making Apple its 12th largest holding. This move comes as institutional ownership in Apple stands at 67.73%, and analysts have raised price targets for the stock, with a consensus of ""Moderate Buy."" Meanwhile, several company insiders have been net sellers of their shares in recent months.",https://www.marketbeat.com/instant-alerts/filing-apple-inc-aapl-shares-bought-by-almanack-investment-partners-llc-2025-11-10/,1762763968
V,"CSM Advisors LLC Buys New Stake in NetApp, Inc. $NTAP","CSM Advisors LLC acquired a new position in NetApp, Inc. (NASDAQ:NTAP) during the second quarter, purchasing 63,280 shares valued at approximately $6.74 million. Other institutional investors like Vanguard Group Inc., Ameriprise Financial Inc., UBS AM, Invesco Ltd., and Amundi also adjusted their holdings in NetApp. The article also provides details on analyst ratings, NetApp's stock performance, recent earnings, dividend announcements, and insider trading activity.",https://www.marketbeat.com/instant-alerts/filing-csm-advisors-llc-buys-new-stake-in-netapp-inc-ntap-2025-11-10/,1762767996
