Date,Close,High,Low,Open,Volume
2019-01-02,185.13003540039062,185.4374507189027,180.69075843561296,181.27843862849446,2143100
2019-01-03,181.20608520507812,186.19689636996387,180.86251072247973,184.17163626636895,2877700
2019-01-04,186.46815490722656,187.99612612215137,182.13735568509875,183.6110949931492,2761600
2019-01-07,187.15528869628906,189.0720437600183,184.02698649616872,185.81717745157,2226600
2019-01-08,188.55670166015625,189.0358904410038,184.60563606122503,188.64710656834114,2366500
2019-01-09,189.7772674560547,190.97072810539495,187.98709027800135,189.09916857691783,1862900
2019-01-10,190.44630432128906,190.68137360117043,186.2511337061537,188.19501137936498,2340700
2019-01-11,190.32876586914062,190.9978283171268,189.24381055031725,189.9038228515752,1861100
2019-01-14,188.96353149414062,190.4553433296596,188.20406415227478,189.38847451074645,1523100
2019-01-15,190.79893493652344,191.07921359052878,189.03588066458937,189.90383947725385,1681900
2019-01-16,190.03038024902344,191.18768143304612,189.41557735984173,191.18768143304612,1455000
2019-01-17,191.18772888183594,191.35950234635865,189.55123862923378,189.7501487417941,1517100
2019-01-18,193.113525390625,193.62888718549212,191.46801253906762,192.18227065571972,2115400
2019-01-22,192.03759765625,194.8946575870153,190.59099498712268,192.58008227964592,3310800
2019-01-23,191.7574005126953,194.25281428601977,189.86776747127422,192.58016414943526,2220200
2019-01-24,190.14793395996094,192.02852953506093,188.87310496305898,192.02852953506093,1994400
2019-01-25,189.02684020996094,191.96526853138764,188.72847506334747,191.70306258620175,2252300
2019-01-28,190.5638427734375,190.58191547439753,187.43554101298355,188.67419703053815,1999400
2019-01-29,190.14793395996094,190.35588038627853,188.5747536451034,190.15698410629307,1636500
2019-01-30,191.08828735351562,191.82966835612456,189.25290065437554,190.30168319962823,1589800
2019-01-31,194.0538330078125,194.27986598152668,189.61454209303594,190.8984077282176,4341100
2019-02-01,190.11183166503906,194.38837198585946,189.29810462101128,193.48424002313456,3453700
2019-02-04,190.93455505371094,190.94360520150943,187.96900372677604,190.5005756340504,1630300
2019-02-05,191.32333374023438,192.14609700212375,189.5421929627185,191.2148423372447,2074500
2019-02-06,191.31430053710938,191.91101705932942,190.30166350736638,191.91101705932942,1618800
2019-02-07,189.519287109375,190.47119252399747,186.99901263376626,190.44399641214144,2526600
2019-02-08,188.34071350097656,189.01158311626978,186.5275658379106,188.41324106748547,2013700
2019-02-11,189.22010803222656,189.40142004799495,187.4432170779683,189.1566412184366,2376600
2019-02-12,192.10299682617188,192.8735901461776,189.70964237134126,190.43490423136677,2091200
2019-02-13,192.91893005371094,193.56258978066893,191.55906919407468,192.40217628710357,1703000
2019-02-14,193.86172485351562,194.50539829424267,191.4139785270595,192.19363249522735,1411100
2019-02-15,196.24607849121094,196.9532051175414,194.04309643747249,195.04939414928452,2635500
2019-02-19,197.74188232421875,199.08362157256144,196.28229788280606,196.42735301774348,1938100
2019-02-20,196.82627868652344,198.6031697859963,194.9677992482701,197.84163712438152,1785600
2019-02-21,195.1218719482422,196.47267186837684,194.3059610747117,196.36388744076427,1615300
2019-02-22,196.08290100097656,196.354875990684,194.23349597076668,195.06754246150624,1542500
2019-02-25,196.77186584472656,198.62127049609322,196.3185788991424,197.06196229662612,1794000
2019-02-26,197.27955627441406,198.4581051668677,195.93783071217882,196.62682192884654,1884100
2019-02-27,197.678466796875,198.41278953593047,196.22794283914988,196.28233506675076,1482700
2019-02-28,198.3040008544922,199.16524338400228,197.19797947277308,198.0773573555042,2055600
2019-03-01,198.93856811523438,199.96300099369265,195.61144374140713,199.22866455433652,2178200
2019-03-04,198.0048065185547,200.42535714344635,195.70210109270434,199.8360758153607,2444700
2019-03-05,199.28311157226562,200.9058730128468,198.4490512844923,198.4581258781298,2160200
2019-03-06,198.7482452392578,201.17787113262835,197.8416710974316,199.89959827267973,1985300
2019-03-07,196.53611755371094,198.89321484152936,196.0193777084907,197.75093689429173,3279100
2019-03-08,206.5356903076172,207.33346600166573,202.86406293007812,204.41429668585212,6782700
2019-03-11,208.23098754882812,208.4304349386232,205.84669346469187,206.27278435805206,3748400
2019-03-12,211.1954803466797,211.59436127774592,208.42135234955987,208.8021255941768,2647100
2019-03-13,214.2959747314453,215.26600175521935,211.18641859940385,212.36496761106162,2421200
2019-03-14,211.99327087402344,214.29597668961839,211.48559162330957,214.06933317889096,2300300
2019-03-15,211.77565002441406,213.63411529006004,211.39487684653147,212.2923899088798,5075400
2019-03-18,214.486328125,214.56791646076076,211.67595717188107,211.75754550764185,1735400
2019-03-19,214.9033660888672,215.80994007461797,214.214361006435,215.32945696882774,1852300
2019-03-20,214.83987426757812,216.20880968001129,213.75198837792593,214.88520572823438,1499500
2019-03-21,217.16073608398438,217.44178565192814,214.450088599724,214.5679338165037,1617000
2019-03-22,215.36569213867188,217.88596645842665,214.76735004839978,217.35109118070758,1873600
2019-03-25,214.83084106445312,215.83713875393065,213.76107655527218,214.79457035798794,1357100
2019-03-26,216.73464965820312,217.80440032265125,215.18440205420086,215.7646088524079,1193000
2019-03-27,217.0428924560547,217.76815444875004,215.90967491535002,216.40829339990447,1351200
2019-03-28,218.6837921142578,219.34558729342038,217.1970112346522,217.55963531915225,1396700
2019-03-29,219.51779174804688,219.78976667001578,218.27578999869252,219.08264017282812,1968000
2019-04-01,221.3762969970703,221.5757443744697,219.91671237149507,220.3609385908339,1610200
2019-04-02,218.031005859375,221.37626550146794,217.85875461856193,221.20401426065487,1574300
2019-04-03,219.82606506347656,220.79610590732582,218.50247473746572,219.1098776724463,1663600
2019-04-04,221.56661987304688,221.8929869777106,218.71091808215246,219.54496427557808,1319700
2019-04-05,222.8993377685547,224.00535911956152,221.21310962957878,222.07436596839466,1616200
2019-04-08,223.48861694335938,223.769652658211,222.29193267379924,223.00813385024773,1244200
2019-04-09,222.02899169921875,222.72704356222434,221.2130669828845,222.2103036917758,1450200
2019-04-10,222.66363525390625,223.62460145711552,221.84772420712662,222.3644641812281,1556600
2019-04-11,218.70188903808594,221.36720464057774,218.41177875488648,220.85952547819835,2719800
2019-04-12,219.3455352783203,220.04360100032844,218.39362999071264,218.94664058002994,2187600
2019-04-15,223.31637573242188,223.69713515354772,219.35465176747826,219.72633659531587,1859700
2019-04-16,222.41883850097656,223.7605778401034,221.4306762646404,223.60644810304183,1360500
2019-04-17,222.61825561523438,223.43418031867432,221.49411297921475,223.2891251936337,1363000
2019-04-18,222.84490966796875,224.1503781890379,221.8386121690795,223.73334814300017,1365000
2019-04-22,220.67819213867188,222.8086460961924,219.89853811945355,222.2828316336295,1300000
2019-04-23,222.63644409179688,223.4976866232641,219.58129414512695,221.7933230803705,1524600
2019-04-24,224.79408264160156,225.46493851108065,222.6545675671009,222.72708130983867,1156400
2019-04-25,222.65457153320312,224.05975011361284,221.14965543000594,223.20758220566856,1278200
2019-04-26,221.04083251953125,222.9174331089282,219.44525376409737,222.6726543074526,1842900
2019-04-29,221.4578857421875,222.79055056944367,220.7416984007279,222.11062009975055,1429700
2019-04-30,222.59104919433594,222.82675338669165,220.3155540877244,221.90205813214558,1427600
2019-05-01,219.01918029785156,222.52763061921792,218.9829234292767,222.4188323470541,1350400
2019-05-02,220.01644897460938,220.19776101019116,217.95852209604078,219.17332795098264,1237600
2019-05-03,221.76608276367188,222.00180080943235,220.0435980440709,220.54221641023497,905900
2019-05-06,221.41253662109375,221.95648648675947,219.44527294564696,220.16147406321414,1194900
2019-05-07,217.7409210205078,220.061761913503,215.96404385490172,219.13705262670447,1775200
2019-05-08,218.79251098632812,220.34275822428145,215.9368091355727,217.1788107775583,1611900
2019-05-09,221.3196258544922,221.85594559861994,218.31076473166667,218.76527581053645,1919300
2019-05-10,224.54664611816406,225.93744884067175,218.1925765582498,220.83783423461801,2036500
2019-05-13,219.91065979003906,222.64681175338532,218.77438198407785,221.91050595441504,1962800
2019-05-14,220.64697265625,222.79226577744086,219.81067382874565,220.24700063644812,1635100
2019-05-15,222.41036987304688,223.07395192635445,219.2833325530521,220.08327620344306,1194800
2019-05-16,224.928466796875,227.01012163741342,222.90135107181064,223.2831387507076,1800600
2019-05-17,225.75567626953125,227.30101128573654,223.24676603866348,223.5103902527716,1672000
2019-05-20,226.25559997558594,227.2009907473065,224.66481126659968,224.66481126659968,1600500
2019-05-21,227.19190979003906,228.01003808519067,225.52841138477768,226.4465188052951,1504200
2019-05-22,226.8101043701172,228.1736375513335,226.47377062400173,228.1736375513335,1242300
2019-05-23,225.91932678222656,227.18286731205995,224.69214104386026,226.01023456676498,1822800
2019-05-24,224.8011932373047,226.85557841958124,224.31941258008683,226.44652120296317,1340200
2019-05-28,223.9012451171875,227.43734075065927,223.7467130150732,225.96472929591815,3164100
2019-05-29,218.79254150390625,222.50135350649188,217.174483201335,221.91957989063005,2594900
2019-05-30,219.565185546875,221.41959834447897,218.84706421180874,220.11968956657532,2030300
2019-05-31,217.7835235595703,218.76526912439311,211.84761016059718,217.23810473336533,4058100
2019-06-03,219.1379852294922,219.5652128963561,216.4200038975554,217.96533884099802,2512500
2019-06-04,223.26492309570312,223.45582384365565,220.43786375214125,220.89237481142402,1761500
2019-06-05,225.40113830566406,226.1283449288429,222.72861096669243,223.71035655267653,1825500
2019-06-06,228.35548400878906,229.0190663631194,225.20117571259408,225.4375165026159,1487800
2019-06-07,232.71875,233.25506969462518,228.1827248581495,228.30998739366353,2270200
2019-06-10,233.48231506347656,235.28216093709474,232.80961989409667,233.07324405157192,1839500
2019-06-11,233.71865844726562,236.0003127918422,232.9005441067843,235.3549148693812,1613500
2019-06-12,233.8278045654297,235.20950840576953,232.5006259705009,234.14594016165145,1071700
2019-06-13,236.0821533203125,236.2276002046556,234.1186619934155,234.2641088777586,1228500
2019-06-14,236.4821319580078,237.43662196184718,235.35495324914038,236.3457841692186,1287800
2019-06-17,237.64569091796875,238.39109585459144,236.73666862681682,237.3729953270867,1191900
2019-06-18,238.83642578125,240.16361784363932,238.2091983967213,239.6272704640516,2763200
2019-06-19,239.67282104492188,240.07279307304046,237.20027929889733,238.44563540142886,1628400
2019-06-20,243.02703857421875,243.42701047569304,240.48176031564142,240.89083131433333,1745100
2019-06-21,241.9180908203125,244.47244107061246,241.7908143921931,242.49985062286078,2964000
2019-06-24,242.49981689453125,243.59065451667985,242.27256136834637,242.99069659861343,1586100
2019-06-25,242.1271514892578,242.78164861429534,241.21812924565887,242.4453148227489,1182400
2019-06-26,240.3544921875,242.54523837090292,240.2908539944326,242.20890469490064,1334400
2019-06-27,241.41815185546875,242.23629419168975,239.0637872164908,240.80002329397155,1122900
2019-06-28,240.2181854248047,242.1544069073854,239.40004335413775,241.3453639347511,1952500
2019-07-01,239.5727996826172,242.70893749958023,238.01837942345847,242.19078816614163,1955800
2019-07-02,241.31814575195312,241.40905352817376,237.8638721848358,239.90917231458752,1201300
2019-07-03,244.654296875,244.67246733579717,241.01820735193778,241.01820735193778,986500
2019-07-05,243.8452911376953,244.17252592933394,242.04541656018546,243.7998511081341,1081500
2019-07-08,244.89053344726562,245.154157607916,243.02704935092447,243.91787320095136,1236000
2019-07-09,245.40870666503906,246.145012374405,244.06334391968758,244.85418873780995,1400300
2019-07-10,246.72677612304688,246.82675523243188,244.83599473085366,245.48139261649254,1257000
2019-07-11,251.38104248046875,251.5900998616727,247.08135688002486,247.55403850400762,1985600
2019-07-12,254.0171661376953,254.52621635110506,250.89922664527174,251.34463864671625,2046400
2019-07-15,255.0534210205078,255.16252698038443,253.52627047608706,254.47166127360416,1568000
2019-07-16,255.1170654296875,255.77156249908464,254.32622058357325,255.43522873613077,1379200
2019-07-17,255.94422912597656,257.11687525986935,254.72614298907186,255.48061903419693,1716600
2019-07-18,257.17144775390625,257.30779552179644,253.78988440446344,256.52604982512383,1696100
2019-07-19,255.8988494873047,258.4441005616652,255.75340260574748,257.3169219060421,1607600
2019-07-22,254.6807861328125,256.6351784999265,253.90811164130454,255.6352484368667,1459100
2019-07-23,254.6171417236328,256.4169880522167,253.63538214335253,256.207930685814,1117800
2019-07-24,255.28067016601562,255.65337256475632,253.6262709882189,254.37164804454667,1257100
2019-07-25,254.34434509277344,256.2896654930321,253.92620273932673,255.61699808864168,1600200
2019-07-26,255.77157592773438,256.13517926512174,253.7262759461293,254.3444043938035,1447700
2019-07-29,254.64434814453125,255.70788839478618,254.10802847062604,255.44429197718688,1257400
2019-07-30,254.07171630859375,255.04437676414662,253.70811296049806,254.77165344720692,978200
2019-07-31,250.55381774902344,254.27171557902824,247.82675088427246,253.63538888078952,1886900
2019-08-01,249.59019470214844,255.3715617118556,249.35384008840444,250.66283407949885,2634300
2019-08-02,247.70858764648438,249.9266043753457,245.89054296651017,249.34481676199704,1969200
2019-08-05,240.98184204101562,245.93599744039872,238.8092652050099,245.51785490695582,3329800
2019-08-06,244.80877685546875,245.64508952108102,240.02731100331334,242.22715702681108,2383000
2019-08-07,249.3447723388672,249.85382253927503,239.609152579623,243.7815610478705,3037500
2019-08-08,249.79931640625,249.8356850656963,246.34504277014332,248.19945602567924,2046700
2019-08-09,249.01756286621094,250.40836582968203,247.17224876773417,249.599322693616,1284300
2019-08-12,246.6268310546875,249.9629550079333,244.79968740592457,249.09937275076715,1638600
2019-08-13,251.12648010253906,252.8536167222953,245.44509139205417,246.50863182360968,1724600
2019-08-14,243.75421142578125,250.30825140908115,243.61786369209327,249.07199496878192,2122100
2019-08-15,246.817626953125,248.13571986146883,244.31781662024036,245.9177041104539,1623200
2019-08-16,249.16299438476562,250.9537692558419,248.5630363946371,249.16299438476562,1230800
2019-08-19,250.53561401367188,252.14460118266814,249.5720526287078,251.2628484729001,1313400
2019-08-20,248.13575744628906,251.21732786164608,248.02667923564312,251.14461830159954,1390600
2019-08-21,250.59925842285156,251.38103201819547,249.7084343323763,250.35383239119878,1682300
2019-08-22,254.4535675048828,255.42620040905877,251.6810324847163,251.8083089390205,2345500
2019-08-23,249.08120727539062,254.64441926758184,247.89039029136347,252.89908425965967,1984300
2019-08-26,253.12632751464844,253.18996572991242,250.6083458734697,250.66288498907952,1426400
2019-08-27,265.7799072265625,266.74346851009267,254.8352725024509,255.43523046522242,5169000
2019-08-28,267.6979675292969,272.6612492475723,265.8163124566424,267.0252999062783,5162100
2019-08-29,270.18511962890625,271.2419214648193,266.71408540180346,271.0141631674896,2613100
2019-08-30,268.5361633300781,271.7429902854954,266.77784806914804,271.48790209361596,1801000
2019-09-03,266.0671691894531,267.8436946114555,264.61863009571397,266.54092412999773,1842900
2019-09-04,269.77508544921875,269.9390647153602,267.6341523550816,267.8436999523871,1375700
2019-09-05,270.54949951171875,273.04572129684857,270.2852921292888,271.8796000465846,1865300
2019-09-06,276.73541259765625,277.53712614290197,271.7520606222302,272.5811040473128,3018100
2019-09-09,272.3988342285156,279.9968451981193,271.6791104603976,277.4095151256957,3397200
2019-09-10,270.5767517089844,271.7155427515306,268.37204001750797,270.92294863432096,2725000
2019-09-11,264.82818603515625,269.4288915822318,262.2044065364397,268.11700183287354,4754700
2019-09-12,264.099365234375,266.7049062249582,262.9969953052634,264.50931339590716,2942600
2019-09-13,265.93060302734375,267.9075574346106,264.0629959653984,264.3818631668968,2306300
2019-09-16,263.00604248046875,265.45672276171837,262.6871754627294,264.7187884705999,1508900
2019-09-17,265.4841613769531,265.830358406447,263.006150210734,263.7987445664047,1758900
2019-09-18,266.4133605957031,267.4519515105389,263.1063065176999,264.83729137575955,1666000
2019-09-19,262.2226257324219,263.9809406165457,259.38020711702916,263.7349439039494,3004700
2019-09-20,260.8834228515625,263.66209046337474,260.6830222617669,263.06080528641724,3409500
2019-09-23,261.9857482910156,262.4959245113887,260.32766167354373,260.8833784197463,2025400
2019-09-24,262.29547119140625,266.58642813039154,260.9198026910402,263.56179239565387,2483200
2019-09-25,262.8421630859375,263.9080562212532,261.34805548794424,262.61440481569633,1827800
2019-09-26,262.6143493652344,264.0264392215606,261.10203143385286,263.6802422754891,1877300
2019-09-27,260.5098571777344,263.7713425801686,259.0977395646353,263.7713425801686,1538100
2019-09-30,262.4776916503906,262.94232735483195,261.07472091573777,262.1041926045873,2151500
2019-10-01,258.6697082519531,262.9971169297669,257.9864331975615,262.4140700073366,2648900
2019-10-02,259.74462890625,260.3641525325059,257.1117577541246,258.0319100646109,2480600
2019-10-03,263.28857421875,264.9830824930775,256.54693462624886,259.9997579690494,3590200
2019-10-04,265.72100830078125,265.9760964295998,258.1138771628606,262.24085555563363,4513300
2019-10-07,267.30621337890625,269.38336764289045,264.6551038389159,265.14706947585296,1988700
2019-10-08,265.9213562011719,269.283041387664,264.60946684924266,266.8870486682153,2201100
2019-10-09,270.4856872558594,272.0071245714989,267.0328644634945,267.0328644634945,2235500
2019-10-10,270.70440673828125,272.83622099819473,269.902693108394,272.0618372510297,1637500
2019-10-11,271.1234130859375,274.0022805612868,270.90474627092965,271.55159968707375,1855500
2019-10-14,271.0505676269531,273.6196877337253,271.0323569732084,271.4878735395499,1297600
2019-10-15,271.8432312011719,272.9820227904341,270.78642927003307,271.7794521995662,1580700
2019-10-16,272.19842529296875,272.37152377869035,268.8275922370967,270.3945700324317,1811100
2019-10-17,275.4963684082031,275.6876775498646,272.26221244062356,272.26221244062356,1734600
2019-10-18,275.9154968261719,276.9540880013897,274.20277779396963,275.13202163295955,1853900
2019-10-21,274.2938537597656,276.50768548608056,273.4648380437992,276.04304967397945,1322900
2019-10-22,273.2825622558594,277.75573749340475,273.26435160529104,274.77664187554257,1955600
2019-10-23,270.86834716796875,273.35544954639965,270.74078919855094,272.92726291017385,1798700
2019-10-24,270.6222839355469,271.742864295974,268.35382114512447,268.80021832331624,2056700
2019-10-25,270.121337890625,270.8046127756772,268.8549884251157,269.2285153652474,1686200
2019-10-28,272.3442687988281,272.4809182192092,268.9461049318754,269.39253010848955,1672600
2019-10-29,269.5382080078125,272.3442051961225,269.4926674791633,271.6791411022165,1295300
2019-10-30,273.1641540527344,273.53768095003466,269.6384604985514,270.50395304138425,1264300
2019-10-31,271.2649841308594,273.55665318545175,268.9276756210654,272.40624914005235,2277400
2019-11-01,270.3338623046875,272.4611969898303,269.7951882841523,272.06858044695736,1364500
2019-11-04,271.0002746582031,272.27848610320405,269.49381017434774,271.31069544749477,1651600
2019-11-05,273.1549987792969,273.62064394380394,270.0781519491041,271.2468065167751,2204500
2019-11-06,275.33721923828125,275.4102479873251,272.0138399666487,273.8763934910025,1675000
2019-11-07,278.6605224609375,280.3861293681083,276.16801630115145,277.4918676377853,2399400
2019-11-08,276.2957763671875,277.8205191601441,275.0723432349409,276.4053333845642,1501600
2019-11-11,274.67059326171875,276.0309725550701,273.6297738183479,275.3188241371042,1160900
2019-11-12,274.36016845703125,276.39619571117436,272.6802293381494,274.66145022593423,1540800
2019-11-13,276.5513916015625,277.55571060066234,273.46540588747456,274.0679972869344,1517900
2019-11-14,278.09442138671875,279.28135412978435,275.9762261006009,277.9118356390414,1336400
2019-11-15,277.245361328125,278.87052235947016,275.3645579276782,278.75182628400717,1706100
2019-11-18,278.04876708984375,279.72870633869564,276.4144673097464,276.7431383557958,1241300
2019-11-19,275.94873046875,278.1399814995649,275.22747106963914,278.0121464488378,1761400
2019-11-20,274.424072265625,276.7979094598085,272.0867633595453,276.13140055078514,1979500
2019-11-21,274.1501159667969,275.6109408073587,273.46535693493195,274.5335932843244,1302500
2019-11-22,273.2737121582031,275.67493899052664,271.3746588139159,275.67493899052664,1277300
2019-11-25,273.0362854003906,274.4788602697758,271.66676710974247,274.16843946744603,1613000
2019-11-26,275.03582763671875,275.13627348256654,272.826353383172,273.2280810407123,3359100
2019-11-27,274.5976257324219,276.4510398397995,274.4241511427177,275.565416673441,1906500
2019-11-29,273.7301940917969,274.7162629021527,273.5932478300591,274.6523453590344,981600
2019-12-02,271.5207824707031,274.08634519395764,268.672160257608,273.67547845144463,2705500
2019-12-03,269.9503173828125,270.4250736749673,267.23867015534654,269.45728301520415,1921400
2019-12-04,270.7264404296875,271.3107817692737,269.4756178368635,270.28821228792646,1742000
2019-12-05,267.6038818359375,271.2833198935166,267.0560689424457,271.2833198935166,1941100
2019-12-06,269.29296875,270.24248140918775,268.66298808140925,269.3203580024204,1462000
2019-12-09,269.48468017578125,271.3380937989302,268.92772825357673,269.338594882464,1960000
2019-12-10,270.05072021484375,270.88156457675126,268.9277052912487,270.278973241865,1565900
2019-12-11,269.6125183105469,270.5711979335789,267.5582406563804,270.2516380592349,1749800
2019-12-12,271.4750671386719,271.8585445547534,268.53516649179215,269.5851250379084,2742700
2019-12-13,266.4809265136719,269.338659802869,263.95189217939713,269.0099887108741,5195600
2019-12-16,267.9690856933594,268.84556962007395,267.37563332488514,267.53996883684636,2410000
2019-12-17,269.84075927734375,270.52551846467884,267.28433612312847,267.96909531046356,2474100
2019-12-18,266.4809265136719,270.5803433009754,266.4352870385373,270.24253316878253,3309800
2019-12-19,268.1607666015625,268.2520733809156,266.1430177335697,266.6543022624465,2333600
2019-12-20,269.183349609375,269.3568241402608,267.31168591876735,268.2886155689309,4866500
2019-12-23,267.79559326171875,269.6216175738169,267.5399509725418,269.25641828398125,1309800
2019-12-24,268.6355895996094,268.8364533980985,267.8412455808652,268.3434190085486,543600
2019-12-26,270.0051574707031,270.0051574707031,268.33432923494394,268.87300318821633,1101800
2019-12-27,268.5260009765625,270.5254998953659,267.6769063296517,270.4524711800822,1439100
2019-12-30,269.46649169921875,269.8955807765618,268.11522332364046,268.60825781867845,1238900
2019-12-31,268.3525390625,269.7494465149685,266.76387900031995,269.33857990892284,1550700
2020-01-02,266.1339111328125,268.95511542228974,265.68654408125013,268.48035911987495,2103600
2020-01-03,266.3530578613281,267.4212665269776,264.1618063014831,264.8191761968524,1926000
2020-01-06,266.4261169433594,266.6635090574144,263.5136054783159,265.27571252961485,2655100
2020-01-07,266.00616455078125,266.3165854188401,264.1162222224059,265.97877529368566,1963400
2020-01-08,269.05560302734375,269.7768905623458,265.23007917441714,265.67744629544285,2492800
2020-01-09,273.3741149902344,275.6931458304602,271.81284412514714,272.57977100099976,3261200
2020-01-10,271.38372802734375,274.15015378316315,270.8541932293405,273.9036505283389,2024200
2020-01-13,273.7850646972656,274.4972133607894,270.98210952479553,271.0916944339719,1778600
2020-01-14,273.6754150390625,274.81668032279504,272.6071784738032,273.2189089255695,1459900
2020-01-15,274.6523742675781,274.8532380935761,272.11420111883564,272.3972327105248,1604000
2020-01-16,276.670166015625,277.61056773958603,274.7985016084857,275.17284006249946,1758600
2020-01-17,278.1766357421875,278.7426990217653,276.67017072264946,277.0079808822085,2506500
2020-01-21,286.0102844238281,286.0833131589702,279.1626911584649,279.56441885906713,3585900
2020-01-22,284.7594909667969,286.28420628657193,283.22560874266514,286.13812093841983,2218900
2020-01-23,285.663330078125,286.13808650529006,283.7003589501125,284.8781249091633,1535900
2020-01-24,283.4994812011719,286.94152782091476,282.212130410125,286.70413568750956,1986100
2020-01-27,282.5316467285156,284.6498139338658,279.06218352436156,279.5186896409932,2265100
2020-01-28,283.80987548828125,284.59505268228594,282.21210398320653,283.4994546537033,1571700
2020-01-29,282.650390625,284.8325038212051,282.47694388810874,283.81904548209724,1713700
2020-01-30,282.5499572753906,282.7051816478762,279.9935336215492,281.97475498754426,1232600
2020-01-31,278.9434814453125,282.2851094903623,278.06699752194714,281.7099073377745,1837000
2020-02-03,275.729736328125,281.7373454758515,275.42845450506996,280.29479818786217,2816800
2020-02-04,278.37750244140625,279.29965397182434,276.4236702028424,278.0762205795978,1982300
2020-02-05,282.0751953125,282.6595087663803,278.83398453811935,280.2948099672115,1731800
2020-02-06,284.1886291503906,285.31401195367965,281.66342147524716,283.0358272697457,1917900
2020-02-07,286.9517517089844,287.1164336998848,282.82537609975566,283.630525284158,1903500
2020-02-10,287.0981750488281,289.98022187781805,286.00939745895,287.07072804747276,2336300
2020-02-11,284.2525939941406,287.6836074247043,284.0604650600935,287.3176382431093,2047500
2020-02-12,288.3149719238281,288.6443637961681,284.33498998984396,284.33498998984396,1384600
2020-02-13,291.13299560546875,291.67280514241685,286.8693853803388,288.06795074438133,1438000
2020-02-14,291.2335510253906,292.6059563217642,289.98925029240735,291.74591343563753,1113400
2020-02-18,294.6555480957031,295.9639296631626,291.50816153074936,291.86500048233034,1547100
2020-02-19,295.54302978515625,296.9245940112608,294.3627807989509,294.6829865092372,1413600
2020-02-20,296.51287841796875,297.4186853638404,293.70404202778815,294.9026076995765,1427500
2020-02-21,294.5640563964844,297.5924964354767,293.722301847836,295.12215471201773,2239000
2020-02-24,286.9426574707031,292.7799624393044,286.61329341536197,288.6627442175017,2300400
2020-02-25,278.9369201660156,289.64169736024104,278.5068985335923,288.2052391496279,2881800
2020-02-26,279.6871337890625,284.819917691205,278.7630383518859,281.38890345020104,2236000
2020-02-27,268.1955871582031,279.05588892530403,268.0766408364396,276.29278820807497,3625300
2020-02-28,257.22540283203125,262.88883720161647,248.20410944894076,260.9857805179022,7091800
2020-03-02,282.84368896484375,283.18221124887515,266.59439595800455,269.39410145287667,7563800
2020-03-03,276.97900390625,287.44588979768173,275.42359918704875,282.84375587973915,5131400
2020-03-04,293.4570007324219,293.66744637761263,279.0741842761185,282.0660473215587,4219300
2020-03-05,288.900634765625,296.9063368052074,286.558397316921,288.90976515264697,6407700
2020-03-06,284.8565979003906,290.4834571509427,276.99728922958064,285.5885645506153,6185500
2020-03-09,276.292724609375,283.93242730865364,268.07657912898077,270.684155534193,5203100
2020-03-10,283.08160400390625,283.3835489586076,269.37586068556703,281.77325032465757,4245500
2020-03-11,272.1297912597656,281.60855609633774,269.1654033773194,275.2680194609153,3622700
2020-03-12,256.0451965332031,270.48290530796817,252.83375783149918,256.5850061633419,7307600
2020-03-13,276.5580749511719,277.4547235159014,254.59958075700325,264.2613159687039,6100100
2020-03-16,259.0919189453125,274.051148289518,255.73411493626463,257.85674809640227,5465500
2020-03-17,280.8765563964844,281.0595550014399,261.9465038786798,264.41684543724466,7170600
2020-03-18,281.3432312011719,290.9500732421875,270.8214518229167,272.65132649739587,6701800
2020-03-19,279.2571716308594,287.1530852180953,276.8874873082038,284.00569858436114,5429500
2020-03-20,265.7160339355469,281.8097735118248,262.60522558619897,281.72743252681215,6581200
2020-03-23,261.24200439453125,270.51948053599716,254.73681463373958,267.1708072026574,5646400
2020-03-24,260.7022399902344,272.05661538603096,258.7717077420885,269.53137946924767,7124200
2020-03-25,256.9692687988281,265.9905648195708,255.4596278844366,260.0343142442107,5639600
2020-03-26,267.4361572265625,268.7445387645315,256.9692724528308,257.4084524014152,5463100
2020-03-27,260.14410400390625,268.5249328221368,259.22916672578066,262.70594513565976,4250400
2020-03-30,266.3565673828125,266.86893008531166,261.52569910091097,263.0353402036915,4396000
2020-03-31,260.8760681152344,266.72250274796437,259.84218453325116,262.97128228041856,5618600
2020-04-01,262.3857116699219,264.2338749211032,257.005876003674,258.3416766125146,3745800
2020-04-02,266.6859130859375,267.87532031285264,258.7625533463033,260.18985318726885,3500600
2020-04-03,264.09661865234375,267.4727391726988,261.48904203362764,264.56324556185115,2650100
2020-04-06,279.1656494140625,279.50417172929133,264.938386336998,268.0766144051133,5272500
2020-04-07,277.8023681640625,283.6305132758448,277.42724058622684,280.42823328724654,4036500
2020-04-08,279.9433288574219,281.26999893128783,276.5672084442505,279.15646836679565,3964400
2020-04-09,274.4903259277344,278.4611501353781,272.2670072495401,273.97796331524285,6487600
2020-04-13,274.1335144042969,278.09520862235223,272.3402450813573,273.1819717767148,3120400
2020-04-14,287.4184265136719,287.97652488308427,275.62487091669306,276.99727691295874,4288300
2020-04-15,283.8775939941406,287.06158593938954,280.72107697346723,285.13108158455793,2937300
2020-04-16,294.2072448730469,295.1862345149255,285.49705156480206,287.9582352101456,3940000
2020-04-17,290.8768310546875,294.72870863866603,287.3085538318499,293.97845347436004,3688000
2020-04-20,285.53369140625,291.29781458471876,285.0304869346029,290.9043981489454,3156300
2020-04-21,275.697998046875,285.35976000106126,273.8864403668186,284.67355714124216,3833000
2020-04-22,283.09991455078125,284.664449531736,276.3476727401638,278.140942048461,2970600
2020-04-23,279.42181396484375,283.30116666110115,278.86371567790223,280.91316606120756,2625200
2020-04-24,284.1337585449219,284.38993986411947,279.5224947993645,281.1876594133143,2019400
2020-04-27,282.5142822265625,286.6406575643674,281.4255048222266,286.4210536692784,2287300
2020-04-28,279.01007080078125,284.79245186552754,278.3970506780513,284.3898773207988,2425900
2020-04-29,280.96807861328125,282.4228254998185,275.5059020777282,279.01012740457793,3667700
2020-04-30,277.8593444824219,282.3527738291051,277.4650293569274,280.74797563489966,3794300
2020-05-01,276.8689270019531,279.5283008848442,275.27328028385404,276.7405297319698,2525400
2020-05-04,279.2257080078125,280.1794244898107,275.1724619338748,277.85934592215625,2477500
2020-05-05,282.3711242675781,284.09511248515474,278.2628309323758,279.7484110265569,2460900
2020-05-06,283.2606506347656,285.232254251257,281.1056303158501,284.20518788278486,2406700
2020-05-07,279.69342041015625,284.15934038296587,279.26241631502376,283.6733168701962,2601800
2020-05-08,280.555419921875,281.6925251651514,278.50128709906335,280.51873098276457,2337400
2020-05-11,284.5812072753906,285.95674889039236,279.6934617170227,280.2803729057804,1865900
2020-05-12,279.5467224121094,285.69997048065096,279.500882221016,285.0488886456161,2264900
2020-05-13,277.0707702636719,280.9772893420435,275.2183563484798,279.5467283298851,2954900
2020-05-14,274.8699035644531,277.74938428683555,270.1013758001088,276.03454678008376,3718900
2020-05-15,274.3836975097656,274.9522498895328,271.3116508281263,274.2553282556806,4577200
2020-05-18,277.6392517089844,278.0335668130058,275.0348969967534,276.68553528386406,3987300
2020-05-19,279.3541564941406,283.3798935989628,277.9969454050793,279.34497726166825,3523000
2020-05-20,279.61090087890625,282.3711630287614,278.04279145151116,281.31655885511447,2827000
2020-05-21,276.91485595703125,279.7301377152736,276.2545948929722,279.5008807900512,2492100
2020-05-22,277.3367004394531,278.7214213208861,275.86945041737044,276.95156444975464,2366400
2020-05-26,279.5099792480469,281.4357426533037,278.34536436263625,280.61960270609165,3234600
2020-05-27,280.6196594238281,280.8947565435553,274.62229034459267,279.2899580457289,2980200
2020-05-28,283.87506103515625,285.19558301528576,281.435764265902,281.7567295223362,4301900
2020-05-29,282.8755187988281,283.25150349156854,277.2633140885812,278.95982082908125,4971800
2020-06-01,282.71044921875,284.0401224596021,281.0322730235836,282.35279501846605,2293700
2020-06-02,281.6100158691406,283.37987250574713,279.43666483029205,282.39867419550933,2528900
2020-06-03,281.1973571777344,282.62791799734305,280.5370961851872,281.9859874820611,2165900
2020-06-04,284.96630859375,289.184640882817,283.4440395162169,285.0580169450153,4553900
2020-06-05,286.1492614746094,287.6073318033353,281.7933809631886,287.14881806529104,4375600
2020-06-08,281.70166015625,285.4614782389736,281.03222005355605,284.8837464769229,3764500
2020-06-09,280.1978759765625,282.9948279858812,279.84942886702976,281.98609165441337,3155800
2020-06-10,281.8301086425781,283.02226143503793,280.28950883448607,281.05065749171564,2713700
2020-06-11,275.8694152832031,283.544960211679,275.69520577655175,281.5183089582367,3443000
2020-06-12,273.9161376953125,279.83094854358234,271.6694090256423,277.5567381525598,4020000
2020-06-15,272.522216796875,273.33838467813104,269.45934840556833,272.4029987481111,3266800
2020-06-16,276.35540771484375,277.6209102054721,274.3929833196573,276.3462564695002,2633800
2020-06-17,274.7506103515625,276.9423196253267,274.0995286281072,276.0436225531015,2188400
2020-06-18,274.7138977050781,275.8510026958081,273.0815900954525,275.108212760192,1881800
2020-06-19,275.01654052734375,276.8505955198375,273.8611049121843,275.27330710687454,3438000
2020-06-22,275.5208740234375,276.4654110591671,273.5034026920474,274.83310352211635,2094400
2020-06-23,276.2912902832031,279.601746927629,275.7777569975607,276.6947847198458,2409600
2020-06-24,273.29254150390625,276.2820602845889,271.99037804939076,275.81436727681194,2398100
2020-06-25,275.5942077636719,276.16276020047576,270.8898533323502,272.41212197775025,2274300
2020-06-26,271.9537353515625,277.05240717869043,271.39436188166496,275.48429763102337,2866000
2020-06-29,276.5663757324219,276.60306467569495,272.201315003236,272.7607164426606,1841700
2020-06-30,278.0518493652344,279.34486126098307,275.23659672630123,276.03440602708264,2391700
2020-07-01,279.464111328125,280.22523178696827,275.79600158140636,277.4007995955958,1906100
2020-07-02,280.3720703125,283.2882399822918,279.32667317407714,280.6105064955909,2540500
2020-07-06,285.6449279785156,285.70912662923115,281.7475605446689,282.0135063937314,2332400
2020-07-07,289.99163818359375,291.66060709001636,284.02177975479833,284.29687683128,3346600
2020-07-08,290.07415771484375,291.6605974458641,287.95582633959935,290.8261270129759,2364500
2020-07-09,298.5292053222656,301.6837828494022,293.155408447314,293.44886402785335,5313600
2020-07-10,299.161865234375,300.23477164367944,296.3007161768327,298.9509388530581,2484100
2020-07-13,296.1265869140625,301.8029624333126,294.82439531167915,299.22611692463545,2583200
2020-07-14,300.7850341796875,301.39027571647495,293.8614874224792,294.6592969074164,1844800
2020-07-15,299.59295654296875,301.9955646052817,298.6025509691294,300.87678970770116,1770700
2020-07-16,299.19854736328125,300.69330664104035,297.1719244579887,299.51951258002316,1402000
2020-07-17,297.84136962890625,300.60160337442454,297.64877370433226,300.1430896243199,1768100
2020-07-20,299.4187316894531,300.27156075788747,295.8881693482288,297.9331512514152,1863300
2020-07-21,300.546630859375,303.9854845217452,299.40952553703266,299.86803935868204,1874200
2020-07-22,301.0601501464844,302.30732223600415,298.0431494894044,302.2981430046486,1312600
2020-07-23,299.0517578125,302.96748227379607,298.33647764164334,300.8766611601033,1561700
2020-07-24,298.7492370605469,301.47281003027683,297.73134990304726,299.15273142535574,1423400
2020-07-27,300.418212890625,301.7020457862408,298.19899403962916,298.65750778702466,2083300
2020-07-28,300.3907165527344,302.61908674773014,298.7859183654358,300.75752196988213,1374000
2020-07-29,299.079345703125,300.8216922594438,298.39157511625257,299.8863063506049,1341300
2020-07-30,298.5095520019531,300.0075263149815,295.9179655725047,296.55207774238363,1390300
2020-07-31,299.1620178222656,299.87883657810494,296.423388193213,298.5095357864034,2149900
2020-08-03,302.6451110839844,303.16894785709314,298.03171276353805,299.18046285597484,2480200
2020-08-04,312.2669982910156,312.2945671674624,302.27747340410775,302.86561878352353,3933300
2020-08-05,312.4324645996094,314.9689138460045,310.24523987793907,314.1693602019811,2923700
2020-08-06,315.50189208984375,317.16527986903844,313.9395808501233,314.6747976876143,2104300
2020-08-07,313.2962951660156,316.80688191714825,312.1199762810814,315.3456752742291,1759000
2020-08-10,312.4599609375,313.44329754552416,311.15496876055704,313.1124430031461,1503800
2020-08-11,305.503173828125,313.24116643566055,304.9241993208093,313.24116643566055,2065600
2020-08-12,309.48248291015625,311.44912854206376,306.1832759138683,306.716283632226,1853900
2020-08-13,308.5082702636719,311.96369073391855,307.98443360225434,309.69375991342656,1536500
2020-08-14,309.0413818359375,311.32051239667646,308.4164684395875,309.2711318827421,1522900
2020-08-17,312.4232177734375,312.8000111215807,310.033812274237,310.30033011475837,1504700
2020-08-18,313.14923095703125,315.033169624205,309.5283689335677,313.3789809430599,1489400
2020-08-19,313.28717041015625,314.242938494857,312.41413702570685,313.4893515810418,1730100
2020-08-20,313.259521484375,313.9855393278221,311.3020470222422,312.58866944222046,1717500
2020-08-21,316.6965637207031,317.8269437713898,311.84424503891296,312.5243240824336,2372600
2020-08-24,316.2554931640625,318.07509532230205,314.3990951052125,317.1560952680296,1461500
2020-08-25,316.7884826660156,316.97229388457833,313.8017326611243,316.26467397985505,1176200
2020-08-26,316.3840637207031,316.89870138566243,314.01305648182984,315.2261429973694,1757000
2020-08-27,318.30487060546875,319.5730952683515,314.8034823643751,317.61562051004626,2220700
2020-08-28,320.1520080566406,320.78612026571847,317.5144826877545,319.3249137108682,1487300
2020-08-31,319.4995422363281,320.50124886730947,316.4025167345781,318.75515448261126,1586900
2020-09-01,322.9182434082031,323.0193199522115,317.4318119649079,317.7075007627998,1773700
2020-09-02,329.7923583984375,330.766524294551,322.85391894639525,324.96760793233136,2434900
2020-09-03,320.0877685546875,334.2128256333136,317.53294903979616,333.6614198867603,3630400
2020-09-04,318.4979248046875,325.307720053268,312.827680896616,325.307720053268,2557000
2020-09-08,311.41241455078125,316.9815819267649,310.7875011051226,315.98904594068375,2144300
2020-09-09,318.3691711425781,321.3743191661167,312.8184311981748,313.2871021387205,2100900
2020-09-10,312.028076171875,319.8120074756517,311.3204562517698,318.2221273420525,1959600
2020-09-11,311.6604919433594,315.45596664324796,308.87592290922225,312.7173363934222,1599600
2020-09-14,315.1435546875,316.908019331012,312.89199302379353,313.3698630218989,1522300
2020-09-15,316.05322265625,319.5913774738047,314.98717952927274,317.0732989661186,1362500
2020-09-16,315.8878173828125,320.5103853432619,315.44668737395506,319.1410565440716,1656500
2020-09-17,311.43072509765625,315.115924079488,309.12402611852616,312.0740082715244,2681500
2020-09-18,308.7471923828125,313.5811407348443,304.3727720172511,312.6437709520063,3409300
2020-09-21,312.0648498535156,312.1107886371857,306.6794950433172,306.9184440279746,2427400
2020-09-22,316.5495300292969,316.96306316115977,312.0831758856172,313.1032803688487,2128100
2020-09-23,316.7149963378906,320.04177208010464,316.19115957079345,319.8120220642538,3577100
2020-09-24,318.8930358886719,319.19629358271305,310.9069227462511,317.05503568182075,5779300
2020-09-25,314.8310852050781,315.9246977180951,308.1959024489586,313.1401281540617,7338500
2020-09-28,321.3008117675781,321.4386561740013,315.30894118790405,315.9154846218236,3459200
2020-09-29,323.61663818359375,325.5924823590708,318.98487083573195,320.6850262595243,2526000
2020-09-30,326.2449645996094,328.7262755486275,322.72520732162127,324.0026025992726,2525800
2020-10-01,329.42474365234375,330.55512378825773,326.0795981192551,327.40296040912574,2053000
2020-10-02,326.2541809082031,328.85493842409767,324.26913765264686,325.9968620442784,2125000
2020-10-05,329.5350646972656,329.90268719741874,326.5483141803059,326.5483141803059,2093500
2020-10-06,329.32366943359375,333.5970140038508,328.11978162670886,332.5861083522838,2760400
2020-10-07,333.61541748046875,335.19609882771596,330.52759050202775,331.2719783645326,1959100
2020-10-08,335.5177001953125,336.32642466709626,332.4482436196996,335.25118234764426,1793100
2020-10-09,339.5337219238281,339.80023976858644,336.0783010989161,336.35398987235334,1730700
2020-10-12,345.985107421875,349.8265204391662,340.73759757290594,340.9489776554884,2806900
2020-10-13,349.8448791503906,351.3244835898323,345.98509635420885,347.7679584239874,1823300
2020-10-14,347.6944580078125,352.776526906059,346.18731258559995,351.87592485172064,1904400
2020-10-15,346.07708740234375,347.71290665744,342.8422167534065,345.96681186423893,1697800
2020-10-16,350.63525390625,353.6955114444402,348.4112616546215,349.67948609148254,2459400
2020-10-19,345.13958740234375,352.059655270917,344.35843190717924,351.08551765669074,1938100
2020-10-20,347.66693115234375,351.1315514883642,345.6543186574759,347.0971555685287,1282300
2020-10-21,347.216552734375,350.3962845702587,346.4813359789688,347.8966036931806,1466500
2020-10-22,345.3143005371094,347.7312753781409,341.8956189149556,346.78470636143567,1813200
2020-10-23,344.25738525390625,346.02184944401074,343.30161745763564,345.18555612798053,1108000
2020-10-26,340.682373046875,342.44686482190093,336.46416776319427,336.97880535473405,2145000
2020-10-27,342.5296936035156,344.54230592050703,338.8996322529755,338.8996322529755,1525400
2020-10-28,335.39825439453125,342.2448160669325,335.1317645697258,337.57628005169727,1908300
2020-10-29,335.95062255859375,339.84547231285586,333.7868452391036,334.44979779090266,1838500
2020-10-30,329.28436279296875,335.0207456178553,327.5993732213685,332.5162607428923,2724100
2020-11-02,335.5179748535156,336.6873376922984,332.12953422777247,333.5199000396906,1646300
2020-11-03,342.4881286621094,345.10310084598973,338.74063223177654,339.7074253347798,2013100
2020-11-04,346.36456298828125,351.4011541963101,344.3664883790719,344.3848935834685,2449800
2020-11-05,354.7066955566406,355.94970717441157,349.43069627179824,352.17458906191746,2255800
2020-11-06,355.1026306152344,356.1522892780042,350.71058676656844,351.622136144704,1950200
2020-11-09,336.07958984375,358.638356833262,335.8586149957082,357.4873993337971,4371300
2020-11-10,337.57122802734375,342.10140913266076,332.01901014495576,335.0483381672169,2662600
2020-11-11,343.3721618652344,345.01112466411104,338.98930552910207,340.3888601114336,1688800
2020-11-12,345.94097900390625,348.2705158128663,343.90609405288575,347.08274792853473,1535900
2020-11-13,348.822998046875,349.7345474210963,345.27804322555437,346.68681412187334,1274600
2020-11-16,349.6977844238281,351.06971699722664,347.04597341250656,347.04597341250656,1691500
2020-11-17,351.65899658203125,357.69921986944524,351.5392924947008,356.6311278357554,3299100
2020-11-18,351.9444885253906,357.3033266636028,351.4841054073602,352.5521976131375,2134600
2020-11-19,353.150634765625,354.2279153574312,350.1765501728618,353.215067036401,1768900
2020-11-20,350.9223327636719,354.95529233201,350.82106199164565,353.5281162745151,1807600
2020-11-23,351.46551513671875,352.7085546201787,350.2040704525972,352.65331091865096,1679600
2020-11-24,353.7767639160156,355.4617535716531,350.5448658049042,353.2887589906516,2061100
2020-11-25,357.02703857421875,357.5702871758608,355.0105586615802,355.2223449705119,2034200
2020-11-27,357.6163635253906,359.7157091355823,357.02705972625876,359.5223280204943,1329400
2020-11-30,360.7284851074219,361.9991466812476,354.70669570905835,360.71007990328974,3733800
2020-12-01,366.1993713378906,366.6812715771428,360.1710046541867,363.3080275735407,2996800
2020-12-02,362.3631896972656,365.5569037794776,360.539569613593,364.2246132332278,2212800
2020-12-03,353.4339599609375,357.8560403884699,352.70640943263993,357.16626447045616,3976400
2020-12-04,352.8481750488281,354.6245623369247,351.3930738324796,354.5300681296802,2839700
2020-12-07,352.7536926269531,355.7489889667339,352.11117813315775,353.64188630067565,2652900
2020-12-08,356.788330078125,358.6024918504249,350.31586662687096,353.339508028146,2685500
2020-12-09,353.6607666015625,360.000932429441,352.25286933111016,358.94266658559866,2461600
2020-12-10,352.2434387207031,354.33162502354577,351.08122060981657,353.6607652207973,2566300
2020-12-11,354.42620849609375,358.8388032965627,352.0073063001784,358.8388032965627,3483900
2020-12-14,353.745849609375,357.3363990318789,352.64032210082706,355.80569081664737,2778400
2020-12-15,351.38360595703125,354.98361311861026,348.9457881218246,353.85919840561496,2133900
2020-12-16,349.0780944824219,352.2906956701475,348.5206161475869,350.70329680123604,2385100
2020-12-17,349.8811950683594,350.5237094342613,347.7174020738832,349.85284969443956,2314200
2020-12-18,346.7725524902344,350.8922343681127,345.76151932673963,350.64658404811354,4140000
2020-12-21,344.8544616699219,345.9410729661089,341.86862349657366,344.9678431845732,2329700
2020-12-22,342.0764465332031,344.65599093656357,340.7346982001183,344.03236386644636,2105500
2020-12-23,341.9442138671875,343.08751586543315,339.6859264124067,342.47334680037136,1782100
2020-12-24,344.48590087890625,345.204022164854,341.4906338351969,341.4906338351969,972500
2020-12-28,350.6088562011719,351.20413807692614,344.9584362535033,345.35530044920205,3207700
2020-12-29,352.1773376464844,352.68758332966235,349.8529299451399,351.7332407961525,2072600
2020-12-30,353.81201171875,355.144273485269,352.70648416871813,353.5757905943112,1778000
2020-12-31,356.0135498046875,356.25922898071576,351.9316421990286,354.32219862276963,1628900
2021-01-04,359.19781494140625,360.5206473933921,354.15213548024144,356.6277281051546,3322200
2021-01-05,355.0308837890625,359.254518550256,354.5678996232044,357.9789187405237,2748400
2021-01-06,349.6260986328125,355.08752905092246,349.2764960351791,353.21667648292066,2661400
2021-01-07,347.6418762207031,351.1662765281018,346.5741522501052,350.5615655151546,2849500
2021-01-08,349.550537109375,349.8529070377996,344.21194601853017,347.8308405814916,2599700
2021-01-11,343.94732666015625,350.55205837080854,343.8055709535377,348.26542578758136,2562500
2021-01-12,344.1269226074219,344.9489674518109,340.39461755660625,343.9379341862725,2387600
2021-01-13,346.7253112792969,348.4166334432643,342.99300669698437,344.28749359616984,1968800
2021-01-14,342.37890625,346.3001711797337,341.63243941687614,345.827728927101,2363900
2021-01-15,342.1993408203125,344.797772943518,340.91428303033274,341.15996220391355,2340400
2021-01-19,334.9331359863281,342.94576515965264,333.0150220278637,342.3882580523157,4533800
2021-01-20,341.38677978515625,341.9537162879275,333.93165560581775,334.8576528548637,2767200
2021-01-21,342.8040466308594,343.92846136663786,340.1016911049268,341.3867200397689,2121600
2021-01-22,342.3315734863281,344.5331700733864,340.0166242315066,343.1819924325694,1960300
2021-01-25,341.9347229003906,342.0103009540392,337.1536108197862,340.9709224939993,2735900
2021-01-26,344.8638916015625,345.7331690333485,339.10009144722886,340.3473456777892,1807000
2021-01-27,336.74737548828125,345.6387125897485,335.2922453936754,342.98358965113766,3120800
2021-01-28,337.38037109375,341.67958293646535,336.44494490505235,337.1819534733915,2251100
2021-01-29,333.005615234375,336.65288415595097,332.48594032822297,335.19775404890675,2598700
2021-02-01,331.20086669921875,333.34577272380733,329.96307045255963,331.8528392365379,2371200
2021-02-02,335.9819030761719,337.9850817539293,331.38977981557764,332.3724674339296,1905000
2021-02-03,335.6324157714844,337.8245547359469,333.74264676810355,336.596216417984,1759800
2021-02-04,336.9009704589844,339.29624664104296,335.00747058723795,337.7151615354281,3411600
2021-02-05,336.25726318359375,337.84779649994766,335.24423358980624,337.563754119692,2165600
2021-02-08,340.6690368652344,340.8678751661412,336.63590154673983,337.5826515386192,2520700
2021-02-09,340.4134521484375,342.4111098160847,339.22053781711713,340.8679025823974,2154000
2021-02-10,337.1566162109375,341.7767609821978,336.2098661805159,341.7767609821978,2162400
2021-02-11,333.4454345703125,337.5164489047205,332.6785692137962,336.7874616464031,2088400
2021-02-12,333.9660339355469,334.18379681822756,331.45715242863747,333.2464947514843,2096600
2021-02-16,335.14947509765625,336.43704113357904,333.2938533254378,334.2784524496676,1829000
2021-02-17,338.9744567871094,339.0975389384872,333.17087331693136,334.30695624517716,2143000
2021-02-18,337.9140625,339.12590148698587,333.5211281143509,333.5211281143509,1914900
2021-02-19,335.8785400390625,338.8702739777145,335.6986551993081,337.69631303828305,1839400
2021-02-22,331.5614013671875,334.47740835573876,330.2454335263185,333.96615512404014,2215600
2021-02-23,323.9305114746094,332.3092548760562,323.81690609574514,331.1731433023789,3692600
2021-02-24,322.5577392578125,324.2618777150746,319.8973740469384,323.5896932993511,3305800
2021-02-25,316.11981201171875,324.73524259372914,315.5991110806013,322.6997359186566,3618100
2021-02-26,313.374267578125,318.0038892062229,313.31746488634013,317.6441195632396,3362200
2021-03-01,314.1032409667969,318.10800391742066,313.7150699949146,317.3600633183052,4653200
2021-03-02,310.969482421875,316.86774504837825,310.9316332262507,315.9209950924878,4660100
2021-03-03,306.6712951660156,310.9316704779441,306.51981168782254,310.69498296061477,4064200
2021-03-04,302.0511779785156,308.26185669290777,298.2641773530316,306.1505934428925,5501200
2021-03-05,300.42266845703125,301.4735469190499,290.652203099421,298.5386166141363,8102800
2021-03-08,294.83685302734375,305.165868536467,294.3634780990883,301.9280002070066,4873500
2021-03-09,301.804931640625,303.2250564890926,296.05815281962293,297.05225754905865,5426800
2021-03-10,306.5860595703125,309.95651636891307,300.4227363195245,304.0393284870958,4523500
2021-03-11,311.1494445800781,313.6110008558665,309.32222364514604,312.81573416230833,4338900
2021-03-12,313.50689697265625,313.97079535741926,308.2618924087578,310.6287680739164,3182100
2021-03-15,312.91046142578125,315.91164379793463,309.8903255557734,315.8359164840985,3243000
2021-03-16,309.8240051269531,312.45596954574546,309.2465013693065,312.1151533397619,3066700
2021-03-17,311.6606750488281,312.90091539754985,306.8606449949088,308.64053984750757,2672400
2021-03-18,305.7813720703125,310.66660628300946,305.2133162051112,309.0949975760451,2736900
2021-03-19,311.3955383300781,311.71742985508166,305.22273888277317,306.37774611763,4859300
2021-03-22,316.67840576171875,318.2689677577383,310.7138921773281,310.96005642876924,4064900
2021-03-23,322.2169189453125,324.271379332802,316.0251653286479,316.11039826131406,3641200
2021-03-24,320.03936767578125,324.27134119377297,318.89377941044654,323.99677561280254,3006400
2021-03-25,327.89739990234375,329.26072224854335,319.31037024895926,319.82162335191356,4307100
2021-03-26,333.27496337890625,333.6915357387804,325.77671868621246,327.7743475502504,3061200
2021-03-29,337.18505859375,338.718789206895,332.3187778692345,332.735350244721,3012000
2021-03-30,331.1258850097656,335.8785606491978,330.2643388540027,334.7519255910865,2602400
2021-03-31,333.7104797363281,338.41582880565534,330.63354196584805,331.98738765065457,2832200
2021-04-01,336.0395202636719,338.29279037564675,332.9057793947559,333.76732554889475,2938600
2021-04-05,341.6064453125,343.3579391210474,337.8383687708836,338.46322742708287,2705700
2021-04-06,340.9436950683594,343.48097880163186,339.88333941221714,340.64072805445454,2142000
2021-04-07,339.703369140625,342.21225089130934,338.56725757040095,341.653671851913,1808400
2021-04-08,341.9850769042969,346.52946588876824,340.4513463443508,343.4809293698249,2839200
2021-04-09,343.869140625,344.34251573680154,340.45138618620405,341.69162666772223,1610800
2021-04-12,345.3838806152344,345.80045294524206,342.0986568127986,343.51878187622873,1836600
2021-04-13,345.76263427734375,347.74133873868635,344.8726867732439,345.8857164267972,1796400
2021-04-14,343.831298828125,345.4218323038481,343.2442894071211,345.4218323038481,1509400
2021-04-15,349.1614685058594,349.87153116867705,344.8726911781417,345.45022383467904,1850100
2021-04-16,350.9792175292969,352.94844513288285,348.953158335467,350.0135427754982,2249200
2021-04-19,349.8714904785156,351.746066091649,348.593400948105,351.24428969064894,1560000
2021-04-20,351.9354248046875,355.3721033953377,349.09517450686343,349.3507866323604,2330700
2021-04-21,354.1697692871094,354.6336676269751,351.68928845289446,351.82181845320366,1531800
2021-04-22,351.4904479980469,355.44785644385934,350.32593498491644,354.40642556535084,2138000
2021-04-23,353.40289306640625,354.8892977286673,350.6857247723177,351.4904681742918,1404500
2021-04-26,348.8963623046875,353.9898828429319,348.60287206334084,353.9898828429319,2059700
2021-04-27,350.4963684082031,351.20643102772607,345.83837380394505,348.5650188857166,1875900
2021-04-28,349.9093322753906,350.77087825047636,348.5744112959183,349.87145418513484,1305600
2021-04-29,354.40655517578125,355.51660926187026,349.653167956702,349.66266500245916,1848300
2021-04-30,353.0308837890625,354.99486165009364,352.3098030777088,353.8088888771637,2118900
2021-05-03,359.8904724121094,360.1750942259994,353.7898369143478,354.691158627937,2685800
2021-05-04,356.06695556640625,359.80514374699516,354.6058291264495,359.61537653760456,2133800
2021-05-05,353.4198913574219,358.1827476576296,352.99292957133196,357.0726933408579,1905300
2021-05-06,363.15435791015625,363.3251310393603,354.0745434667659,354.0745434667659,2641400
2021-05-07,364.6343688964844,366.655270674662,362.62296416374255,363.2206699836595,1817100
2021-05-10,361.9398498535156,368.0215204422991,361.75008266756373,365.74443002850626,1998700
2021-05-11,358.808837890625,361.4085091605099,356.74050891036154,359.8809616059594,1859700
2021-05-12,353.13525390625,357.63245326152054,352.10106019924797,356.7405994465512,2344600
2021-05-13,360.08978271484375,361.90195251930095,352.5375164837417,353.97964889862976,2023100
2021-05-14,364.7292785644531,366.05756207213625,360.6305503512519,362.5660657221095,1876100
2021-05-17,364.2928161621094,367.22453689581107,363.287113733891,365.3175126823676,1830800
2021-05-18,363.2017517089844,369.5016523569989,362.91712985325324,366.65531798204523,1698200
2021-05-19,360.2131042480469,362.1770819040568,356.8639186450935,357.831661903192,1725000
2021-05-20,363.9322814941406,364.82413520154614,358.90376927528735,359.75766375243484,1427300
2021-05-21,361.2187805175781,365.6116275237706,360.94362677571934,365.3269767359969,1706600
2021-05-24,363.8089599609375,366.0006349708487,362.32886849851457,364.65335738099776,1657000
2021-05-25,365.6401062011719,365.9816524166176,362.4616937979739,363.9702474916783,1379700
2021-05-26,365.8677673339844,367.88866910451696,365.298494743715,366.0954647883294,1648000
2021-05-27,367.6514892578125,367.9076489041601,363.85637711063504,365.40288994331513,4452000
2021-05-28,358.894287109375,365.5736931456871,357.71781151227833,364.473107057844,4681200
2021-06-01,358.8563537597656,360.72544778834435,356.26617910460527,360.4692591686851,2117800
2021-06-02,361.09539794921875,362.35728884219435,358.3629128096683,358.9986067786297,1881000
2021-06-03,364.2074279785156,364.51104390570583,359.4540406492234,360.1941153296526,1780300
2021-06-04,367.6705627441406,367.89828922907753,364.0557196750453,364.51114369050276,1765900
2021-06-07,360.9151916503906,366.6553166584725,359.17894042787714,365.72550367575633,2515800
2021-06-08,360.2510986328125,361.68373404375114,358.34404516152034,360.924723056012,1553800
2021-06-09,360.4977111816406,362.2244942363567,359.7102381151543,360.7349057016486,1398900
2021-06-10,363.3915710449219,363.7236202727711,360.05185303506494,360.7918989205374,1404000
2021-06-11,362.2719421386719,364.197960592374,361.0385421463268,364.197960592374,1404200
2021-06-14,364.10308837890625,364.3118207164785,359.6627849209515,361.28521629888525,1652600
2021-06-15,364.2453918457031,364.8051674317325,362.015757593275,364.10308092627344,1252000
2021-06-16,359.9759521484375,366.64586195512106,357.80324189190867,364.71034625637526,1801700
2021-06-17,365.0423278808594,366.67422716497475,359.7860897633334,360.89617274010277,1686500
2021-06-18,361.37060546875,365.1941800335553,360.8202979591617,365.04237206382095,3415700
2021-06-21,366.98736572265625,367.7938329166117,361.06699951138825,362.67043685267504,1631600
2021-06-22,372.0918273925781,372.39544336552757,366.7596985432096,367.19612840781645,1934800
2021-06-23,371.8925476074219,373.2872525523176,370.58322921575535,372.86978787803525,1538000
2021-06-24,371.9874572753906,375.24175939006875,371.73126864334023,373.26831357240843,1487300
2021-06-25,374.30242919921875,374.3403594731762,371.20940356163976,372.8413029284449,2056100
2021-06-28,376.2284851074219,377.0634144886023,372.9931482325531,374.76735869035616,1645500
2021-06-29,378.3631896972656,378.9798896112252,375.2132397634819,376.0007127697244,1523600
2021-06-30,375.40301513671875,379.9571380900596,374.76732111792114,377.58519301969295,2031700
2021-07-01,374.3213806152344,377.319522549206,373.70468071034423,376.0007072401334,1523400
2021-07-02,378.505615234375,380.2418667738726,375.8205564456855,375.9154400660463,1676600
2021-07-06,378.42962646484375,380.8395309931836,376.7692647573895,379.3594394446058,2113100
2021-07-07,383.9515686035156,385.31781157617917,378.75228241449247,378.75228241449247,2308600
2021-07-08,386.29498291015625,387.7086819143072,382.50936770076135,382.83194876794505,2235500
2021-07-09,391.2476501464844,392.7941631995169,386.7124916425988,387.6233105804638,2304200
2021-07-12,386.98760986328125,393.1262052301509,383.8091974883001,392.8320863402139,2491300
2021-07-13,386.2095947265625,388.3253802236171,383.97049240343046,383.97049240343046,1540300
2021-07-14,388.9515380859375,389.44489220383747,386.3993230453596,387.6516879530141,1265800
2021-07-15,390.72576904296875,391.0863093213339,386.9875813479313,389.43541588642034,1894100
2021-07-16,389.35015869140625,392.2439499708686,388.7808859024615,391.0105207690854,1413900
2021-07-19,392.9363708496094,394.0464537589772,389.0463755761111,389.05587262074636,2293100
2021-07-20,394.9193115234375,396.6555913287255,391.7029694360745,392.7940582514477,2045400
2021-07-21,393.75244140625,395.7448524189949,391.1053421791068,395.7448524189949,1480000
2021-07-22,396.1528625488281,397.15856513669524,392.3672177958286,394.6917359958386,1339200
2021-07-23,401.7410888671875,402.2724022669085,395.6878801834993,396.86438467237474,1344500
2021-07-26,401.5513610839844,402.7562988335858,398.8188755545987,401.71263714466636,1220000
2021-07-27,402.6045227050781,402.8132550593698,400.0048798006918,402.2819416037932,1666500
2021-07-28,400.5930480957031,403.0978069580206,398.99910800564595,401.5892534133872,1362700
2021-07-29,404.25274658203125,404.79457085556567,399.57599491938305,400.83073670798234,1434200
2021-07-30,408.47320556640625,410.1651952462403,404.88010258299755,404.9181329715014,2283900
2021-08-02,407.7127990722656,409.4142747063214,404.44288165108316,409.3287280829909,1366900
2021-08-03,413.5586853027344,415.2031297282553,407.902861677914,408.66332439692036,1448100
2021-08-04,413.53021240234375,416.334337380878,411.4865212125365,414.4427387505541,1280500
2021-08-05,421.2772216796875,421.571891932835,415.13663358591697,416.1061909664003,1742600
2021-08-06,417.8931884765625,421.53380736683397,417.19927173905296,420.8399196380088,1789800
2021-08-09,418.6916809082031,420.8874644076947,417.58903173390695,418.86277413989916,1472500
2021-08-10,421.1251220703125,421.8570402660754,418.87230739459835,418.87230739459835,1893700
2021-08-11,422.3322448730469,425.8493155558877,419.95585360320376,423.4729242860446,2267500
2021-08-12,423.33990478515625,424.5471303220672,420.38368746452204,421.09660496728833,1230700
2021-08-13,425.67828369140625,426.19156339341015,422.56045905640696,423.7391400133315,1309300
2021-08-16,430.4690856933594,430.78278564372687,424.9463536838467,425.7638475160371,1515600
2021-08-17,429.97479248046875,431.3435963800304,427.46533800373027,430.46907149637667,1936700
2021-08-18,424.1478271484375,432.73135157580884,423.85315694065014,428.6629707300171,2030100
2021-08-19,431.7998352050781,432.9785160648247,419.490116064745,421.0490427580601,1953700
2021-08-20,436.2959899902344,437.8454019799653,431.2295357806473,432.96904169625077,1911200
2021-08-23,432.43670654296875,436.36250993752014,432.1135207804093,434.66100550318527,1835900
2021-08-24,429.4520568847656,432.87406710347716,428.03570755294186,432.74097522975654,1541700
2021-08-25,428.9197082519531,430.4310899171021,425.2030280906532,428.5394623667153,1520600
2021-08-26,427.0945739746094,430.10785109234246,424.613635228838,428.9196553691911,1418600
2021-08-27,428.07366943359375,429.2903807601023,424.70869083970047,427.09459726467423,1310200
2021-08-30,433.38726806640625,434.01463890980415,428.1687215623183,428.7390613298333,1219800
2021-08-31,432.968994140625,434.2902816707089,430.0698082634922,433.58687910573406,1699000
2021-09-01,433.94805908203125,434.1001516087318,429.50897630673603,432.9595011715029,1325400
2021-09-02,438.1780700683594,438.6248328235758,435.7256468433253,436.7047189653504,1455000
2021-09-03,439.6799011230469,440.6780028615454,436.30543712349504,436.30543712349504,1302400
2021-09-07,436.8758239746094,440.2978335740453,435.00322629163236,439.6324323432407,1463400
2021-09-08,442.67425537109375,442.7978033716076,435.43098913669445,436.4100613520838,1372000
2021-09-09,442.90240478515625,446.5430242946705,442.23700347114885,444.2331784044817,1398700
2021-09-10,442.16094970703125,445.2407440741183,440.2978667326306,444.0715779207475,1324800
2021-09-13,436.932861328125,445.0886243993289,435.5450567793289,443.96697454494154,1679500
2021-09-14,435.7446594238281,439.34727710107603,434.80361766194585,438.1590813376143,1383900
2021-09-15,437.9500427246094,439.39487861028016,433.5869905153956,435.5831365784947,1770300
2021-09-16,440.40240478515625,440.83965272727824,433.99566216555235,438.00701243985526,1577500
2021-09-17,436.7903137207031,439.9366540425828,434.4234078376922,438.7959744115881,3411400
2021-09-20,428.8341369628906,438.1590952907967,424.53760237983107,434.05268363941974,2602000
2021-09-21,429.75616455078125,434.25230806813084,427.90259643913697,428.8341524240695,1531300
2021-09-22,429.96527099609375,432.83597060636583,427.59839425194133,432.2181145938438,1380800
2021-09-23,430.39306640625,433.02609805234744,428.7961380940036,429.9367887418844,2061200
2021-09-24,444.62286376953125,445.5449048611592,432.50326673465895,433.4348226753683,3353800
2021-09-27,437.7883605957031,447.22738099978096,434.6325056119004,442.531628911831,2526000
2021-09-28,425.23150634765625,434.8796501615245,423.63457820095095,434.5374637052387,2632700
2021-09-29,429.4520568847656,433.453892816626,426.70493385919036,427.6269750985558,1922000
2021-09-30,427.1325988769531,432.84542411462195,427.0850536434266,431.19146497200677,1836400
2021-10-01,426.1630554199219,428.77708623986547,418.9673635367159,427.49385795338833,1860700
2021-10-04,418.37799072265625,427.13260877897227,414.6042799065402,426.17253734195475,2264000
2021-10-05,424.1763610839844,426.9044538407496,417.53197983955016,417.84565074868743,1808700
2021-10-06,427.1231689453125,427.54141623833954,420.50730205086,421.9806534180985,1334600
2021-10-07,430.4785461425781,436.86628740774205,429.7181124954784,433.90055557189527,1966200
2021-10-08,429.509033203125,433.21619838039703,427.75049757801133,432.9215281360938,1545800
2021-10-11,427.46539306640625,431.25810531361657,427.31330050145397,427.7885788886709,1011700
2021-10-12,424.77520751953125,430.4595462208139,423.71058880822255,427.8930318920857,1380900
2021-10-13,423.2828369140625,428.23525762240496,422.1136708767092,426.3626599842234,1621500
2021-10-14,428.37786865234375,429.3664557029662,424.42354945854083,425.00337509802097,1480400
2021-10-15,430.0223083496094,431.4956594560968,426.9710008188556,431.44814323021717,1494800
2021-10-18,439.1097106933594,439.48992759891854,426.324710557014,427.3798146455924,2141300
2021-10-19,443.9859924316406,444.06205320938125,437.5507342801519,440.10773401879624,1365300
2021-10-20,446.54296875,449.1379987414105,444.70840145267516,445.3547729861338,1352900
2021-10-21,453.6341247558594,454.0333422725185,445.8870654622266,446.54295181970815,1423300
2021-10-22,458.15875244140625,461.0484525401061,454.90786521296775,455.30708272798364,1710300
2021-10-25,465.8678894042969,467.87355031057075,455.7919816107465,458.1588587392495,1903400
2021-10-26,461.5237731933594,464.1092884645591,457.4363911657075,458.2918863565315,2378600
2021-10-27,464.9267272949219,467.19857150576183,459.65114973897187,459.9268192769413,1741800
2021-10-28,467.0308837890625,468.2685949369557,463.1749129351043,463.63189967002296,1362400
2021-10-29,467.9924621582031,470.4964749327462,463.34623710886865,463.4604837812927,2471600
2021-11-01,468.30670166015625,471.18204555116137,463.8604367625718,470.47747588651924,1548700
2021-11-02,473.1814270019531,475.5616632053966,469.11599402649404,471.039214418854,2012200
2021-11-03,478.2655334472656,478.86535752587326,472.00076552143577,477.32296935551824,1856000
2021-11-04,490.9189453125,495.28908449286797,481.76933141479725,482.7214258835172,2615000
2021-11-05,488.5386962890625,493.08973562321574,484.2638015347639,490.10967536561776,2071700
2021-11-08,479.6746520996094,488.8147346141763,476.2376054431582,488.8147346141763,2834800
2021-11-09,484.33990478515625,484.7112355253855,479.9126719041334,480.921889582625,1881800
2021-11-10,481.29327392578125,485.91090875619386,479.6366098276863,483.9115336589754,1226600
2021-11-11,487.6437683105469,487.94844553281354,479.89373396261595,481.9502616294871,1227300
2021-11-12,492.3947448730469,494.76545111414066,488.6434898485022,489.61464492991115,1780200
2021-11-15,494.98431396484375,498.0404994420294,493.1943720522283,493.6513587154582,1392300
2021-11-16,501.487060546875,502.99138574825633,492.6230653140281,494.93670550284094,1690700
2021-11-17,501.0779113769531,505.31474452102896,499.383212986073,502.22996691305025,1609400
2021-11-18,504.01019287109375,505.37168084920484,497.4597789452482,502.85813776135575,1664200
2021-11-19,508.218505859375,509.63717548793113,502.7154298279722,508.4946504575358,1909800
2021-11-22,513.7977294921875,519.2912742720214,506.81886176770286,507.770956099673,2190500
2021-11-23,519.1390991210938,519.6722697605531,508.19954171297286,512.1888203209562,2147000
2021-11-24,523.3948974609375,524.4422362908294,517.291997208256,519.4056191314003,2316400
2021-11-26,519.9674682617188,527.9840891348757,518.2346489840179,523.2236157712736,1844800
2021-11-29,528.2981567382812,533.9155370641741,516.4255090958542,519.9673305582386,2919100
2021-11-30,513.5406494140625,530.4783867912737,510.2178494674848,524.6039809885527,4244200
2021-12-01,504.45770263671875,521.9857342828203,504.0387787927358,517.0824250710576,2877100
2021-12-02,500.3351745605469,505.4764498352283,489.4146207645355,493.6705132661105,3277500
2021-12-03,503.59136962890625,511.75082699735714,499.6306818205329,504.6005875400235,2984400
2021-12-06,507.65679931640625,510.3702453984839,502.2965026294013,506.7522979186348,2432900
2021-12-07,516.0541381835938,516.9871719425219,509.0943316187243,512.4647243058239,2579800
2021-12-08,504.7146911621094,521.5477112705448,500.3731435152389,520.0434441293355,3037500
2021-12-09,499.2115783691406,506.8283321249509,498.7069405394329,503.4674116368143,3200500
2021-12-10,532.0493774414062,534.3820202465851,508.99915205654236,509.0943963593173,6333600
2021-12-13,530.5260620117188,532.9348889565815,521.728718251975,524.0708916094172,3415200
2021-12-14,519.2152709960938,530.47850775908,511.8174776966994,529.8025578151776,3494400
2021-12-15,538.3903198242188,539.3519444608498,519.3960831352385,520.0435003504131,2937100
2021-12-16,526.1558837890625,539.4090203283552,523.1282308531289,537.7333250430328,2683000
2021-12-17,521.3764038085938,529.8119463004438,515.0640132468785,523.0045061631643,5752000
2021-12-20,522.2808227539062,522.8330536935357,512.2553004559272,516.1588636610909,2033600
2021-12-21,519.3009033203125,525.3467383453974,510.39884286709054,524.1280294752038,2472800
2021-12-22,523.3377685546875,523.6519760114406,513.9406004704357,519.2533040618434,1454500
2021-12-23,524.0042114257812,526.1368936700508,521.2621747942253,525.3085761575217,1757800
2021-12-27,536.4766235351562,538.637896498761,525.0229576969775,525.1181438960091,2262900
2021-12-28,537.5905151367188,539.4947036504267,533.8392614402652,536.4384601658857,1155000
2021-12-29,540.5707397460938,544.1125035688511,536.5052774333006,539.2663748651196,1753000
2021-12-30,536.8955078125,542.57954138954,535.4293034104031,542.2463316062725,1338700
2021-12-31,540.5040893554688,541.027729737366,532.2494458521804,536.4195665319421,1509200
2022-01-03,539.561279296875,540.2848220141618,528.8978135379123,537.9617681497126,2714100
2022-01-04,537.2003173828125,541.4752128375845,534.8772042351394,537.2003173828125,2097500
2022-01-05,523.5756225585938,537.9808123535013,523.4328432963158,536.6859781971815,2887500
2022-01-06,523.46142578125,527.0032467359741,517.5108365055646,520.0339096029445,2503100
2022-01-07,510.4940185546875,522.1000527549749,508.64695291283647,521.3193282969517,2323900
2022-01-10,493.94659423828125,505.0003969724654,484.1400329222794,503.9340558261371,4916800
2022-01-11,497.02197265625,497.4408384940679,485.84436227812614,493.94666757812,2457300
2022-01-12,500.6111145019531,504.6385124495046,497.00269843452344,497.021758913952,1729500
2022-01-13,492.11865234375,503.7056271390904,490.54767303847234,502.3631993470056,2428100
2022-01-14,478.8939208984375,488.40533401989484,477.81804964956376,487.06290657470566,3872500
2022-01-18,464.688720703125,471.36288268818316,463.53666555927595,470.77258880918095,3801900
2022-01-19,466.6786193847656,472.4673408598429,463.76521269042894,466.42156434313006,2709400
2022-01-20,459.690185546875,475.93291228597843,458.75712265530217,467.2402865145579,2893700
2022-01-21,458.5382385253906,470.91546757407554,458.26215202819685,458.83341456464467,3295600
2022-01-24,465.47894287109375,466.4976908448299,446.54180050550076,452.7684769149358,4412600
2022-01-25,454.4537048339844,459.518854002544,449.7408259436369,456.910095595312,3076800
2022-01-26,460.30908203125,470.2108580081135,455.8342267163561,460.08058867240106,3074900
2022-01-27,459.40460205078125,472.03891395653585,457.3004814587388,463.59384086156723,2372300
2022-01-28,468.8399353027344,469.1255811151312,453.1018127807327,460.566230932554,1918500
2022-01-31,480.93145751953125,482.1596674530628,467.1260884727034,468.4304531751258,2480700
2022-02-01,484.05438232421875,485.2635319143988,473.1338569290587,480.80773649802313,2347200
2022-02-02,497.0123291015625,498.88792714529495,485.8918446103651,486.624946826275,2547600
2022-02-03,497.5272216796875,501.980224986909,490.3184813526533,491.91087249518966,2665100
2022-02-04,495.6202087402344,497.74657875750717,487.06694703702414,494.0373038866712,2387400
2022-02-07,491.9204406738281,497.7465404263102,490.3375359421636,497.07905258281215,1863600
2022-02-08,496.9360656738281,499.0719802513427,486.7808685449308,491.92044937164246,1462000
2022-02-09,504.25921630859375,509.41782820646637,501.2555501189753,503.46776394446624,2256700
2022-02-10,494.39013671875,500.10181740551303,490.8334602348549,496.6691054606724,2558900
2022-02-11,485.98944091796875,497.126722158104,483.8058320276612,494.3138332633601,2349700
2022-02-14,483.0239562988281,487.7630388635866,478.1418489282229,485.34104545251176,1749600
2022-02-15,490.0419616699219,492.0253359089271,487.0288088639119,489.48895183926294,1984600
2022-02-16,488.5926208496094,490.64269148188873,478.3992739106206,487.7248691639519,1770800
2022-02-17,491.08135986328125,494.13269151977306,483.4721200959351,485.96086811631943,2022800
2022-02-18,488.85003662109375,493.837077146075,486.61876244159583,490.9669200602183,2154700
2022-02-22,478.84747314453125,490.6713618780632,475.0142627232862,486.30414366463987,2451800
2022-02-23,472.2489318847656,484.368383830352,471.79122346672943,479.57209197543574,2021400
2022-02-24,482.0894775390625,483.0144100801456,460.53955326993236,460.81605819380746,2859800
2022-02-25,493.4461669921875,494.1708648854829,481.7748759930347,484.95014342086597,2003000
2022-02-28,495.1243896484375,495.4867385856854,487.54375422868986,490.4043669758161,2408900
2022-03-01,498.63330078125,504.7645392201053,495.0670802515886,495.32455397087875,2316000
2022-03-02,503.46759033203125,508.32111979348616,495.61999859892285,499.65344192042494,2571500
2022-03-03,508.283203125,513.9186429002965,504.93627685630486,509.6562995890976,3851800
2022-03-04,501.08392333984375,505.2985425172294,488.0013885350914,495.362698715602,4417900
2022-03-07,503.9637451171875,519.9545321769604,499.1006681081448,499.1293021737565,3896900
2022-03-08,499.0433349609375,514.6527380204546,498.1374627633678,501.7704380405213,3649700
2022-03-09,503.1339416503906,506.1947589048229,491.74870481972613,503.1053075978887,2789700
2022-03-10,507.9683837890625,509.5417436796586,494.06585127645565,498.80490392021755,1777700
2022-03-11,502.91473388671875,517.4371496430543,501.97074106998093,511.68729056029065,1735100
2022-03-14,501.51300048828125,510.4380964655406,499.21494279328755,503.2484455170767,1950000
2022-03-15,517.1224975585938,518.5813797646717,503.39153338737356,505.37490781195294,2547900
2022-03-16,518.1427001953125,525.9902943499304,506.57628691215876,519.2297467958758,3017200
2022-03-17,527.1060180664062,527.4683670028683,517.9616252628742,518.1046209803312,1974200
2022-03-18,535.2682495117188,536.4125061455235,523.9783981630977,527.268114160545,3597800
2022-03-21,529.71875,540.4174135149472,525.2466565041667,534.1145441950299,3136900
2022-03-22,533.4278564453125,534.3146392108675,526.6673091189092,531.0821917749095,1777500
2022-03-23,528.27880859375,534.6388867513937,526.2668004497185,531.0726661898342,1546800
2022-03-24,532.1788330078125,532.3218869213671,523.7018701417071,529.6996586345007,1614200
2022-03-25,529.8903198242188,534.3909886740653,524.6648949977114,533.8093447946187,1974900
2022-03-28,538.9489135742188,538.9965788060179,527.7829692796241,530.8724212513231,2056100
2022-03-29,543.4972534179688,544.6796305360101,538.3005209103811,541.6092679036321,2005400
2022-03-30,549.6856079101562,551.3829322043554,542.171787686505,544.4221216996548,2086500
2022-03-31,549.094482421875,559.0780491528146,548.7703123010798,551.8120989013244,3439800
2022-04-01,548.8275756835938,555.9028075066113,545.7190341793367,550.5534761986229,1933500
2022-04-04,548.4078979492188,552.7560255978041,544.9179189290602,547.2731862633295,2201800
2022-04-05,548.5892333984375,556.8468430211326,545.5188122061725,545.9860944957776,1826800
2022-04-06,557.619140625,559.5357601982979,543.8691469857237,547.3591266204978,2646200
2022-04-07,579.798583984375,583.8225433221683,561.4239521715758,564.7708205946312,4804200
2022-04-08,572.1605224609375,579.7507006114806,569.9578535415205,578.2059747822427,3230200
2022-04-11,557.5048217773438,573.0761073459639,555.7217110909647,570.9687682623718,2792700
2022-04-12,554.3485107421875,564.236689313921,551.8693366842087,559.430881580281,2142000
2022-04-13,563.6265258789062,565.9149810380732,555.4069788026796,555.4069788026796,2211800
2022-04-14,562.958984375,568.575333876461,559.7741437108848,564.284415387272,2206200
2022-04-18,555.0731811523438,564.5990103724156,552.6702483042883,558.1817223575447,2161900
2022-04-19,566.687255859375,567.1926586087283,554.958757672144,556.2460098612498,2327800
2022-04-20,575.4885864257812,577.1572772569872,569.5480074911525,571.312087003732,1793300
2022-04-21,564.2462158203125,580.8759105238307,563.6836613418789,579.0642243703895,2027900
2022-04-22,545.137451171875,564.39892210603,544.5176284594116,562.9208922838966,2878200
2022-04-25,541.8095703125,543.8310651807535,527.8116466288546,543.8119758067457,3154500
2022-04-26,528.0309448242188,541.9335381204769,527.6018413016265,538.9870815847008,2057400
2022-04-27,528.336181640625,537.4329102871031,527.1632907017917,530.3481322065691,2261600
2022-04-28,536.7598266601562,539.4340632480645,521.2873787168493,530.5230697322623,2118700
2022-04-29,507.83978271484375,536.358778247086,505.9105430017053,535.7379472168723,2968000
2022-05-02,505.1941223144531,514.9837803808497,494.99378314884154,508.32678258282965,3303400
2022-05-03,504.36334228515625,510.2753446693892,500.1800484084164,506.1970965768511,2398000
2022-05-04,519.97900390625,521.6122267888276,499.32998809754906,507.7251979142461,2465200
2022-05-05,494.08648681640625,517.9828244319076,489.1677567581502,517.2473874884513,3977000
2022-05-06,480.7534484863281,493.2460253800011,476.41736664388037,491.29766535929565,3560800
2022-05-09,476.4269104003906,484.2777411252586,472.1385712213639,473.8195367556798,3292700
2022-05-10,478.9388732910156,487.69705135901813,473.37071780941767,486.80882567422293,2729400
2022-05-11,467.11480712890625,485.18509964918013,465.901854872702,481.2883502562037,2782900
2022-05-12,464.34503173828125,474.92743118859187,458.213378414234,464.92765101999623,2829500
2022-05-13,474.9370422363281,476.3887960044275,467.6115267661946,470.9638689529507,2338600
2022-05-16,472.320068359375,475.3285922834881,467.63057880149836,473.8577765009423,1579700
2022-05-17,468.4423828125,471.39360356769566,458.66228328871927,467.19121887525836,2602800
2022-05-18,410.1150817871094,443.0274302148306,405.48289576455716,439.34080182485735,9511600
2022-05-19,403.9356994628906,411.1943801772169,399.91478377332066,411.04156247147347,5839600
2022-05-20,397.7276611328125,409.5898780209627,388.2531956266603,409.5421060880628,5115000
2022-05-23,410.1915588378906,410.6881945337098,397.9568733278439,401.13730628873986,3687200
2022-05-24,418.0519104003906,419.0261196302673,405.2919380255879,405.7217104973008,3473400
2022-05-25,420.3441162109375,423.35266923732314,411.48089334584813,416.7338817262717,3225100
2022-05-26,444.10675048828125,447.0293200076039,427.41181621526107,428.93040397357595,5917600
2022-05-27,449.6176452636719,453.5526067401361,434.6800413630754,436.284583667595,5719600
2022-05-31,445.281494140625,449.65578794763184,437.45931466617907,449.617605382101,4424500
2022-06-01,436.4660339355469,449.3692933216193,436.1890791614209,448.29959849837974,2319400
2022-06-02,465.7107849121094,469.07271577499455,437.3160166434885,440.2003740115376,4950600
2022-06-03,454.86102294921875,466.2265733887869,454.2306608685945,463.2467011145602,2857400
2022-06-06,451.2508239746094,459.39773058818304,447.8507100467145,458.9201861696922,2297000
2022-06-07,450.5918273925781,452.4542623539532,438.94929169753954,439.2549271322164,2435500
2022-06-08,446.9720153808594,453.1227898212516,445.92144097803936,450.59181023327926,1697000
2022-06-09,450.84967041015625,462.4922055761933,446.1697409739317,446.3512101833382,3087500
2022-06-10,442.50213623046875,447.1629736758912,437.2014056885359,444.1162384395677,2549900
2022-06-13,431.93890380859375,438.04193514649745,428.7393505435752,429.78995403840173,3113400
2022-06-14,434.3743591308594,438.1565316301685,430.05736840133017,431.9388944362857,2224600
2022-06-15,438.1852722167969,443.5050955734559,431.11761974062887,437.90828825717483,2250200
2022-06-16,431.4709167480469,437.21098049812707,427.85112210927673,430.0860263577084,2906600
2022-06-17,426.6286315917969,435.2244310575121,423.29538090379776,430.79280489796207,3623400
2022-06-21,442.3111267089844,443.94434941924084,428.9685651636962,430.31521462044157,2420600
2022-06-22,439.3026428222656,443.84887490493816,437.90822131468025,438.7582643498848,1827500
2022-06-23,453.6672058105469,454.8897183782195,444.79442219258726,445.4247843340902,2030100
2022-06-24,462.61639404296875,463.05572676461543,455.2717582573349,458.4426603198269,2862600
2022-06-27,460.1140441894531,465.35747254295364,455.9116591637752,463.99170251033297,2034700
2022-06-28,447.5641174316406,465.3574252009313,446.8764815246101,461.7854026645459,1754600
2022-06-29,448.7388916015625,451.7283240312585,445.4725044221787,449.79905526293817,1275600
2022-06-30,457.7550048828125,460.43880234865895,443.848912889608,447.2681183124124,3852400
2022-07-01,463.9439392089844,469.1873673305865,456.5324408835019,459.56961623552303,2660400
2022-07-05,466.3316650390625,468.85308430502147,456.9717773465104,463.7529136300846,2489400
2022-07-06,470.5245056152344,474.6982391330058,465.8732276831276,466.3316808138088,2262300
2022-07-07,472.72125244140625,473.2751911666889,467.2485826704092,469.96103158982675,2125200
2022-07-08,479.0152282714844,482.81646290934594,474.6791171089679,474.984752509629,2607800
2022-07-11,476.4937438964844,482.84507788604157,472.6160861282497,478.61404196433136,1891100
2022-07-12,468.53790283203125,479.3590457238265,466.12152942044617,474.6886768155199,1775300
2022-07-13,470.11376953125,474.98472781821545,462.09103013642175,462.56857449500666,2008400
2022-07-14,488.9481201171875,490.21840443312595,471.4508878263096,473.8099581232009,3715600
2022-07-15,499.4637756347656,501.23066686608024,492.61580421885594,493.7045613131239,4265100
2022-07-18,493.1123046875,504.7930796148728,492.510594117922,498.4225957488944,2464100
2022-07-19,496.8658447265625,501.9756049573408,493.75224580526503,498.947931386339,2391000
2022-07-20,500.6575927734375,502.52952963350606,493.59947209757246,497.84962918933684,1740700
2022-07-21,505.681396484375,505.94879106693435,498.17435333037236,500.50477260810834,1716100
2022-07-22,505.9295959472656,512.9877159576658,502.4435569084481,506.87518279779755,1800800
2022-07-25,505.37567138671875,508.38416595032874,502.3766787435852,507.55324340756107,1452700
2022-07-26,488.9385986328125,496.3405367759526,485.9109834823883,491.8707282215679,3334800
2022-07-27,498.85247802734375,501.72730492609577,488.2128029017665,490.0560883254016,2060100
2022-07-28,512.9833374023438,515.8535489604568,497.77125118110644,497.77125118110644,2083300
2022-07-29,517.8819580078125,518.6664897059909,508.8886612229406,508.9843116078767,2131500
2022-08-01,523.1535034179688,528.7982766595875,517.8340465412463,517.99667552639,2256000
2022-08-02,519.9485473632812,527.2005750752858,517.3749213277616,520.4938947084975,1984200
2022-08-03,523.3448486328125,524.9617369092553,518.6663894998704,521.4217974312592,1693300
2022-08-04,519.7763061523438,523.5267002904429,517.2791772379408,523.3353411376122,2000500
2022-08-05,517.2792358398438,518.1689946869604,510.27591049406965,513.9976332979115,1711500
2022-08-08,518.4559936523438,523.8136994579033,515.3656923015425,520.3120664483079,1344100
2022-08-09,512.6390991210938,521.4219424470675,510.79260273592956,520.1207934494322,1877300
2022-08-10,516.4660034179688,526.1194513286366,514.045429704956,520.9243741217905,2336600
2022-08-11,509.1756286621094,519.9771723069786,508.879042419794,519.7379879698012,2340200
2022-08-12,513.9688110351562,515.1073306362847,510.63932587859165,512.9833436920449,1918200
2022-08-15,522.1392822265625,523.3352036242413,512.5049324395102,513.1938135297648,1848000
2022-08-16,529.0949096679688,535.7441875559498,525.22007667244,527.2579319059978,2498000
2022-08-17,532.2522583007812,535.246851602184,525.2585089164144,526.205669778876,1835200
2022-08-18,536.6914672851562,540.3174812412324,532.3478418385218,534.8736427509322,1619200
2022-08-19,530.5396728515625,535.0650225313026,529.2384654742314,534.4814266721702,1617000
2022-08-22,521.8716430664062,529.0759053953349,520.7426996788857,529.0759053953349,1860900
2022-08-23,518.6187133789062,522.3882615355334,513.6532433248038,522.129923719399,1359000
2022-08-24,519.7188110351562,521.6322856460489,516.0258190508399,519.2691725310096,1145800
2022-08-25,526.9423828125,527.0762816956099,516.20775665323,522.1299646900179,1483300
2022-08-26,508.81207275390625,528.7600234677682,508.66853879122795,526.205551052243,1886800
2022-08-29,508.0848693847656,512.3327850080112,501.3303068985955,504.2292487255308,1579900
2022-08-30,501.4643249511719,512.8207925404794,498.94810106763106,511.16565562344334,1872700
2022-08-31,499.5125732421875,503.55003543587344,497.7522091269613,502.8037522343677,2179800
2022-09-01,506.2767639160156,506.66905898998317,494.6620151057717,497.23558290867396,2280600
2022-09-02,496.6519775390625,511.70149775662435,493.7243631960037,509.65406554167816,1901700
2022-09-06,496.4510803222656,500.5172144369289,490.35666750903397,497.6565204436034,1933400
2022-09-07,506.7264404296875,508.65901038330156,496.45108949094305,497.5034773351501,1827900
2022-09-08,506.22882080078125,509.9696962361077,498.9958893586495,501.64607028894915,1600800
2022-09-09,513.3660888671875,514.7820413079114,506.62110294790796,509.0990197191747,1930900
2022-09-12,516.1788940429688,519.1256026959503,513.7678975136139,514.4662970120417,1522400
2022-09-13,488.2230529785156,509.21387255628366,486.6827198756479,507.82659173420353,2881400
2022-09-14,486.0226135253906,491.7726148120091,481.3537302042072,491.6290808399318,2007300
2022-09-15,481.71728515625,487.0367428114658,478.87577388525125,486.40529261820956,1749600
2022-09-16,482.3295593261719,484.53004345043206,475.78545046133974,477.9572628316257,3004800
2022-09-19,484.6544494628906,484.78837751013833,477.3067135757608,480.4352342190221,1441300
2022-09-20,477.9094543457031,481.65030107405545,472.0733795780971,481.2389110004349,1843100
2022-09-21,471.7384948730469,484.5204919275298,471.6715162508097,480.76052112785374,2082600
2022-09-22,466.0937194824219,472.628222341257,463.4531152128432,472.628222341257,3133100
2022-09-23,446.2222900390625,461.45356135583046,443.47645854173925,458.2197844714196,5377800
2022-09-26,459.5209655761719,463.1661327663957,445.08380158707484,445.7152517802966,4001900
2022-09-27,457.60748291015625,467.27053640872236,454.86165126671267,464.4864270943529,2412400
2022-09-28,467.16522216796875,470.2841656298985,453.67522161778834,460.6976692613946,2419500
2022-09-29,458.258056640625,467.8541308885744,453.56047284863496,464.60120061010514,1963900
2022-09-30,451.83837890625,462.8982613432939,451.45568977087356,459.86542001819316,2436700
2022-10-03,457.0621337890625,460.0375728616532,450.04923283088897,453.97186171148206,2338500
2022-10-04,465.09869384765625,466.90691210578944,459.93231842788424,462.8981806077485,2175600
2022-10-05,459.5401306152344,462.93653682190353,454.2780747361468,460.4777146128665,1587700
2022-10-06,461.6162109375,472.5134637530046,461.07089281872226,462.5346998479519,2430700
2022-10-07,447.8966369628906,458.3824713703924,445.9544610830659,457.5692678856004,2568100
2022-10-10,446.1361389160156,449.9056859678302,441.6394622205099,449.36991545057464,1616300
2022-10-11,451.5992126464844,456.60296015407107,443.6391790407739,444.8829260799225,2341400
2022-10-12,446.2030944824219,458.9850893014427,446.12653915688054,453.79959009214184,2043900
2022-10-13,447.7435302734375,451.33129555381134,429.6037971911137,438.36751535298396,3390900
2022-10-14,434.9806213378906,452.9098987600861,434.157841248622,451.6087208084091,2301600
2022-10-17,444.0887756347656,446.6815256023455,440.55841258052124,441.6777788968586,2097500
2022-10-18,452.7950744628906,455.90447084585435,448.54715829930336,452.72812503844153,1864000
2022-10-19,451.03472900390625,454.3259081673828,446.74856391458593,447.57134410680015,1207600
2022-10-20,444.5193176269531,451.6565703193988,442.8833048794442,450.62330679394785,1709500
2022-10-21,457.49267578125,458.822554761193,442.2805571982372,443.6486846515209,2508400
2022-10-24,475.4698181152344,476.4552565341495,460.2002963822784,460.77431550218216,2366200
2022-10-25,477.4693603515625,478.5504782757201,469.27969061464313,471.9776970665094,2130900
2022-10-26,477.8424987792969,485.4676969082263,474.2451568673378,476.45521789165304,2088700
2022-10-27,475.9159240722656,482.1171899455292,473.6156153491875,479.0500921480835,1576600
2022-10-28,489.6507568359375,491.51977432010807,475.3696415659149,476.6443864871587,2369300
2022-10-31,480.669921875,488.47183654125286,479.7114574246012,488.47183654125286,2192200
2022-11-01,479.19390869140625,486.31532223758114,479.02139209944374,482.7785858522715,1586300
2022-11-02,463.4271545410156,482.33763937713053,463.1971031835218,477.12359044081353,2464400
2022-11-03,466.09173583984375,470.92237612872873,459.7850226987741,460.9064390962041,2010400
2022-11-04,466.2066955566406,472.1683455918579,456.6987153646168,470.03095934329457,1987300
2022-11-07,468.2578125,469.647597703414,454.79139818422436,457.2354709212464,2036000
2022-11-08,472.2929382324219,477.56449255663307,464.3856067461051,470.3472566245772,1709900
2022-11-09,469.61883544921875,476.9127359935025,466.6379957507562,471.46866484809584,1640500
2022-11-10,491.81689453125,493.46542539447415,480.57409539415636,483.97666192585035,3098300
2022-11-11,494.05963134765625,495.3727814359712,485.66350283603873,491.81685734285287,2393500
2022-11-14,488.5102233886719,499.0725218510778,488.26104248621374,494.34729846001085,1820200
2022-11-15,504.602783203125,507.7944864058831,498.40154589479516,498.40154589479516,2502200
2022-11-16,502.34075927734375,506.6059375287637,498.5644072266516,499.6570706753345,1833600
2022-11-17,499.6666564941406,500.1171066717311,491.65390833510565,497.4430121174663,1902500
2022-11-18,501.9190673828125,507.54524908294997,496.6667008620778,504.98616535478527,1584400
2022-11-21,501.63153076171875,505.37915949318267,500.39513269048325,503.90308681121365,1268300
2022-11-22,509.85528564453125,510.66995720241135,504.80415818556247,507.9479503384044,1809100
2022-11-23,512.2896118164062,514.5036621713435,508.3695253026972,511.81997363505934,1288200
2022-11-25,511.4940490722656,513.6026823001845,510.9285878770634,511.9732812377008,744200
2022-11-28,508.8680419921875,513.9766750208913,506.97030068135405,508.8393184723472,1684300
2022-11-29,506.98944091796875,511.5516831393351,506.06929386910326,508.98300510712494,1685700
2022-11-30,516.8519897460938,520.0436929612523,500.45267593342504,505.50374414776974,3601800
2022-12-01,482.9319152832031,497.5772811158849,475.08211783494914,497.5772811158849,6970400
2022-12-02,473.9894714355469,478.24505636582313,471.66997436093027,477.81373561950477,3632100
2022-12-05,468.36322021484375,472.2354246056567,464.59646211871274,472.0437200244235,2455300
2022-12-06,461.1748046875,471.05657182156136,457.3505405071067,470.2802178789254,2995900
2022-12-07,461.9511413574219,466.33133119099597,458.97989552447166,459.19075888681044,2072600
2022-12-08,461.4239807128906,463.254622121272,453.83292919613996,462.8424894167679,2901000
2022-12-09,462.9575500488281,469.73390163695035,450.9575840593384,455.3665269692207,4211100
2022-12-12,467.4239807128906,467.55817978874705,460.7051641650582,462.6795987811136,2276400
2022-12-13,467.9223937988281,477.28658169796097,461.54858129402794,476.39521670782165,2626700
2022-12-14,463.43670654296875,471.2673737364485,461.0597334977119,468.55490304365895,2145000
2022-12-15,444.6412658691406,456.9000349083901,443.922417500342,455.5965079896275,3437700
2022-12-16,442.2834777832031,445.48474586647853,437.90328777479255,442.10136717891356,4909200
2022-12-19,439.58062744140625,444.1620870934178,436.44642945612657,441.775519581706,1939200
2022-12-20,438.80426025390625,441.13332215915295,433.73397444473363,437.59658552525195,1993700
2022-12-21,442.86810302734375,444.4304048370453,437.2515151164082,440.29942519606294,1462400
2022-12-22,439.6571960449219,441.2770032183841,434.5581876749228,439.599690521013,1906100
2022-12-23,443.4336242675781,443.9416093160197,435.9096715972504,438.5166963788794,1229500
2022-12-27,439.4559631347656,445.39845459798966,438.1236834704242,445.1108977045994,1230800
2022-12-28,434.17486572265625,441.33459738751884,433.99275511036245,438.53589716177305,1324100
2022-12-29,437.5677795410156,439.9351879314753,434.6252866235185,436.7051673754665,1465000
2022-12-30,437.5390625,437.7307671080022,432.02789139512595,435.76589725103725,1803200
2023-01-03,434.4527893066406,439.74350283997575,429.29624559388947,438.97674293659924,1978100
2023-01-04,437.5965270996094,440.42400892806864,433.7914220618253,438.19077037880766,2097300
2023-01-05,431.49114990234375,437.47195922065,430.94481809922485,435.6604764655929,2169300
2023-01-06,462.8136901855469,464.2993275235746,443.0214066015947,443.8456719278459,5174500
2023-01-09,458.86492919921875,466.64765710427616,458.280279830744,462.8713042242331,2384800
2023-01-10,461.40472412109375,462.0660668509576,455.7306316489414,457.3216859519464,1649900
2023-01-11,464.1939392089844,464.3952085637867,459.20991211376713,460.3792399726442,1576400
2023-01-12,462.39202880859375,464.8552896313865,458.8648864144872,464.84569562623443,1628200
2023-01-13,465.0948791503906,465.4207535567437,459.1044762762228,460.9159881453779,1405900
2023-01-17,466.5517578125,470.1076821955399,464.2514488443713,464.979891230118,1539900
2023-01-18,459.5549621582031,468.5070168283374,458.64440920861176,464.6731589353455,1925500
2023-01-19,449.9895324707031,457.7243487573028,448.6285291284623,456.4591684743609,1919500
2023-01-20,460.16839599609375,460.3696946093905,449.9703485063374,454.2355274069036,2588600
2023-01-23,472.149169921875,474.66993616542607,457.76263807467313,460.01503543583175,2709400
2023-01-24,471.669921875,473.0980537816586,466.7817766274187,471.61241634855884,1510200
2023-01-25,470.4910583496094,471.50702837941293,464.37605016078174,469.0341735898795,1329800
2023-01-26,477.602783203125,477.9574395895385,471.34401204577756,472.7146383229695,1576400
2023-01-27,482.38555908203125,487.9542349408474,477.18107512748185,479.0021808988778,2034100
2023-01-30,482.37603759765625,484.5996823738615,479.5869022469018,479.5869022469018,1855900
2023-01-31,489.9095764160156,490.16835131043655,481.14919652689264,482.3281184348429,1924100
2023-02-01,496.39837646484375,498.832913994845,483.75625526981906,487.19713968226563,2080200
2023-02-02,502.5622863769531,508.9183605959534,499.88353705806986,503.38798649077836,2287400
2023-02-03,494.2764587402344,500.75735651725284,492.06816455140165,498.4338510560892,1844100
2023-02-06,495.0350341796875,496.5999971663779,491.84738536257385,493.93085771104046,1740100
2023-02-07,495.93756103515625,497.33931780723776,487.1619307417112,491.57851940745934,1927300
2023-02-08,483.72467041015625,491.7609800288936,481.56437086529405,490.9064767787469,2062900
2023-02-09,480.67132568359375,488.86125793162955,478.5494402350568,485.14554839519656,1517300
2023-02-10,480.0568542480469,480.5945263447204,475.63065550562146,478.6358762643804,1536800
2023-02-13,486.2593688964844,486.5858105999199,481.3626847430837,481.73712137607924,1452600
2023-02-14,483.15814208984375,487.6035626844546,478.7511350205008,484.8767884091304,1257300
2023-02-15,490.89678955078125,491.03122223262324,481.353065371734,482.6876642803079,1422600
2023-02-16,484.0030212402344,490.3687073248717,483.522954769911,483.5325361746837,1456000
2023-02-17,487.2483215332031,487.469133377922,481.8331571693246,484.1662734044078,1340400
2023-02-21,481.73712158203125,483.897420829961,476.7540289727321,480.8538156314007,1811800
2023-02-22,477.5605773925781,485.30882860354785,476.8020641017059,483.8302448478406,1332000
2023-02-23,473.4799499511719,478.971881982217,468.4104201361814,478.9142763525858,1546300
2023-02-24,469.1305236816406,470.810756261931,465.3764298156397,469.1017208665872,1587600
2023-02-27,467.61358642578125,473.34558176236493,466.3174009806467,472.91351018034186,1501700
2023-02-28,464.8771667480469,469.3898033533124,464.4931194265404,466.24056843546725,1918200
2023-03-01,459.5868835449219,463.3409778517104,456.08237459666054,461.9199997409877,1759300
2023-03-02,466.32696533203125,467.99758725470787,456.60081405847177,458.32904161290054,2379200
2023-03-03,456.31280517578125,457.02329419802584,446.77866250499994,455.89992572954037,5354200
2023-03-06,463.82098388671875,469.3321666032539,456.56238157804376,457.5225144686191,3104700
2023-03-07,465.8085021972656,475.4674374829096,465.66448811267503,466.72064023456045,2659100
2023-03-08,466.6629943847656,467.4695024899025,461.958349121002,463.7441822178915,1548500
2023-03-09,460.4029235839844,470.4651270537967,459.5388098230514,468.04560266299814,1629400
2023-03-10,452.3570556640625,461.3054725593144,449.70707932504615,459.8844945348016,2123000
2023-03-13,453.1827392578125,457.68576500680047,448.19003634222673,448.19003634222673,1799600
2023-03-14,462.707275390625,465.8180967133935,454.1428767464635,456.4759927385399,2422900
2023-03-15,466.2981872558594,467.60395404609585,459.462045116543,462.31364124329565,2226300
2023-03-16,467.8343811035156,468.67930277052596,463.51378291615674,465.5972549668725,1979600
2023-03-17,467.6327819824219,470.36916698654267,462.3136660765008,469.57226946159784,3959300
2023-03-20,469.7834777832031,471.2236772648365,466.35579598469155,468.544898024737,1623800
2023-03-21,471.28131103515625,473.34559122188,466.61504919960635,473.34559122188,1664000
2023-03-22,468.08404541015625,476.82126186523635,467.9208392031708,469.94670583709836,1299700
2023-03-23,468.3144836425781,473.585604460887,464.9828209449873,471.1276663134871,1565900
2023-03-24,475.52508544921875,476.1971903050509,467.1623347822817,467.52719002968,1635200
2023-03-27,473.55682373046875,479.93209194110125,472.8751374697526,477.4549615664094,1452100
2023-03-28,467.3639831542969,474.3633617266843,466.058216189851,472.9711569975603,1407800
2023-03-29,471.3005065917969,471.7133567719715,466.5286441508668,469.6971008033286,1643000
2023-03-30,471.8861999511719,475.97634680210376,471.42532554079935,473.34559163261525,1545500
2023-03-31,477.061279296875,478.4918680914009,474.2480966374773,475.26583527398935,2082000
2023-04-03,477.21490478515625,479.29840629178983,475.2658359632433,476.70603546616223,1804700
2023-04-04,477.88702392578125,482.54364568399797,475.7459167189518,476.7060497496661,1913300
2023-04-05,477.3109130859375,484.03184394664703,475.4194499431005,479.1063570705777,1941500
2023-04-06,466.60540771484375,468.40085158980713,458.4634699926083,462.7840681391355,4114700
2023-04-10,474.1424865722656,474.2097029173356,462.4576838760667,464.60837251082575,1653600
2023-04-11,478.770263671875,480.0568382389338,473.3455186589916,474.1424160718295,1547400
2023-04-12,469.841064453125,480.11446942686104,469.0633591085099,480.06647449978396,2063700
2023-04-13,478.0405578613281,478.5686192074737,470.76273446335153,473.81594988844654,1600500
2023-04-14,471.7133483886719,480.42176204859635,470.6188119652266,476.40841299440547,1675300
2023-04-17,474.24810791015625,478.0406450728632,471.569328570677,473.12473938039574,1411800
2023-04-18,477.090087890625,477.7909955378506,474.42091928881,476.321993201257,1339600
2023-04-19,476.2547607421875,478.136613178113,474.14245646650244,477.31091288003,1098800
2023-04-20,485.4239501953125,490.30144144952607,475.7554347285596,475.985857234736,2936500
2023-04-21,486.163330078125,490.28230868012474,485.3087976794145,489.0629210685237,1508600
2023-04-24,491.0312194824219,491.2904448376081,485.64485825053174,485.92330501783533,1374100
2023-04-25,483.110107421875,492.67302336156826,482.2363829247392,490.75275746920795,1789900
2023-04-26,474.939453125,482.82213784373306,473.72009460973163,480.46982927796927,1441900
2023-04-27,481.2858581542969,482.2364097485223,475.1025992928863,475.1025992928863,1361600
2023-04-28,483.15814208984375,484.70394219589247,480.68101177735866,481.5643177519766,1170200
2023-05-01,473.91204833984375,480.11449937298465,469.31300302301906,479.25038552517424,2203200
2023-05-02,475.08343505859375,475.9187461290996,470.2827697789645,475.26586268329453,1940800
2023-05-03,470.5227355957031,478.8950958152751,470.1386882885713,476.80201308561493,1426400
2023-05-04,471.77349853515625,472.32192279494683,467.5304776276949,470.4265147618457,1487000
2023-05-05,480.1633605957031,480.4904831560975,474.31358942751194,474.5252604209491,1709200
2023-05-08,480.1633605957031,481.3083042381068,476.9305992727138,478.5373491829465,1015000
2023-05-09,481.8278503417969,482.74186145919765,477.5944599696127,478.14285489523496,1571800
2023-05-10,480.7406311035156,485.8495682983421,476.35329553916796,482.94392963661704,1257600
2023-05-11,482.88623046875,483.9541868469358,478.71053629830817,480.5963431372326,1046700
2023-05-12,484.9836730957031,486.8694505498427,482.2223487687728,484.11775697425463,1472800
2023-05-15,483.030517578125,485.8784304540672,479.9709043543686,484.92592569913063,1135700
2023-05-16,477.36358642578125,481.3468420233732,475.5836296398339,481.0678144696071,1229300
2023-05-17,476.25714111328125,479.15317878136125,473.274514761172,479.1435480291193,2069500
2023-05-18,479.23974609375,479.72081389160314,475.3719422072995,476.2571198746506,2298900
2023-05-19,477.71954345703125,480.4808972117387,475.21801446042264,480.4808972117387,1635000
2023-05-22,473.24566650390625,478.18142718057953,470.04176764753174,478.18142718057953,1943800
2023-05-23,466.5107421875,468.723671962292,464.6826901906211,468.723671962292,1800200
2023-05-24,464.48052978515625,468.8005086578992,462.7005732898287,468.8005086578992,1600600
2023-05-25,468.12701416015625,470.04168376472103,458.69809803760455,462.0270786347114,3421900
2023-05-26,488.0528869628906,491.41073062603687,465.78905631171904,467.2611225241346,5302600
2023-05-30,488.7937316894531,495.297748166306,482.5975762793635,490.4870996858644,2544800
2023-05-31,492.1900634765625,494.412594265563,485.83036153487177,489.592285726331,3320800
2023-06-01,493.190673828125,494.28752248090564,483.0882796204565,490.04450105817915,2407700
2023-06-02,493.18109130859375,498.86728661540616,490.11184716884014,490.9970248011325,2284800
2023-06-05,498.6267395019531,499.27135386570274,492.63265392878634,493.18107822896474,2023500
2023-06-06,496.712158203125,498.99241498715037,493.3446834407467,498.62679874359276,1410300
2023-06-07,491.8725891113281,499.62737026935827,491.23757609736526,495.0283926775978,1784700
2023-06-08,500.3970947265625,500.5894748537077,493.0944601993509,493.0944601993509,1530400
2023-06-09,497.6935119628906,502.2924894151608,495.980882474057,498.56902948617346,1287300
2023-06-12,501.2438659667969,501.53255368978637,496.4620791670435,497.69364119441036,1404500
2023-06-13,502.25396728515625,503.1487462083414,498.29954594838614,502.25396728515625,1204700
2023-06-14,507.2378845214844,507.8632374078636,503.33161645414833,505.12117452152756,1841400
2023-06-15,509.1428527832031,511.1441110499905,506.7182525508279,508.9696754414749,1871600
2023-06-16,503.82232666015625,510.3359446910371,502.84092956378794,510.0280542544491,3147800
2023-06-20,500.02178955078125,503.1006346397952,498.5208606444487,502.1865942459196,1684400
2023-06-21,499.94482421875,501.88835664429,496.9814305521429,498.2995514375572,1273600
2023-06-22,504.3514709472656,504.81327722311977,500.0025994359923,500.9743657448471,1114000
2023-06-23,504.5824890136719,505.50616049985837,499.6756200428046,503.32209349532866,1434300
2023-06-26,503.6010437011719,504.9961521889686,501.5228564605843,504.5439766046762,1278500
2023-06-27,510.2493591308594,512.2505587796147,502.3309436769645,502.8601652050643,1673600
2023-06-28,512.6258544921875,513.2897304291836,508.59450383328914,508.95048932024804,1245200
2023-06-29,511.5578308105469,512.289063192786,508.9215889133834,510.4898744900039,1121800
2023-06-30,517.99462890625,519.1299419986009,513.42448427794,513.9440164213232,2221900
2023-07-03,520.5537719726562,520.5922949762365,514.1075110747677,516.9072995529646,951400
2023-07-05,520.6404418945312,525.3741326034987,517.1478849688141,520.7270012130318,1630400
2023-07-06,517.0227661132812,519.841816175043,516.2627001837034,518.4756001624008,1750100
2023-07-07,505.16937255859375,516.147374542088,504.7652919793316,513.674678574788,2740600
2023-07-10,507.0550842285156,511.0383396456269,505.1789080922738,505.1789080922738,1955600
2023-07-11,509.5854797363281,510.66306683947244,506.2276361092004,507.52649559406944,1262300
2023-07-12,517.6289672851562,519.6590593641824,510.99983872186573,511.8561535236118,1960500
2023-07-13,518.0618286132812,518.7064429018993,512.6161092509143,517.4364171006839,1647200
2023-07-14,525.9994506835938,526.1533665136079,517.7250507612447,518.3119980031337,1828700
2023-07-17,532.0224609375,533.2251302982966,525.4221668551405,525.4991541369766,1909900
2023-07-18,532.6286010742188,533.9851862493342,528.587620352379,531.7433941598129,1778800
2023-07-19,533.1289672851562,534.8415969180227,531.1181366758909,533.484952775296,1261100
2023-07-20,535.8710327148438,539.825395699433,532.7440922027495,532.8402822673305,1732800
2023-07-21,536.7369995117188,540.7683503836224,536.3425497192006,537.9973949109768,5264300
2023-07-24,542.5770263671875,545.1170779979199,534.8318478951634,536.8715703102432,2086400
2023-07-25,543.7894287109375,546.0600546607045,542.9331139227643,545.3096194201295,1602500
2023-07-26,544.7322387695312,546.5218554271372,542.0863661485274,544.0972551790901,1306400
2023-07-27,540.5565795898438,549.5332611113633,539.3731130467972,546.2235127943561,1485300
2023-07-28,541.9901733398438,546.3101523105578,541.3166667494582,543.2024734577196,1371400
2023-07-31,539.4406127929688,542.9235393698248,537.8819576386455,541.6824054429684,1365900
2023-08-01,534.4374389648438,541.5668967186467,533.5426598946602,539.4020915966908,1445300
2023-08-02,531.4354858398438,535.5534537032091,530.1558879882847,531.3489265358879,1635000
2023-08-03,536.5733642578125,539.1326189203461,531.3104523900048,532.5709063051656,1463400
2023-08-04,531.1372680664062,540.0370215718868,530.5311179945921,539.8253799463473,1142000
2023-08-07,537.2661743164062,538.3726538691163,533.9756866411592,533.9756866411592,1015400
2023-08-08,535.062744140625,537.7375087911279,530.9448350867211,536.8715634250017,1020400
2023-08-09,538.5072631835938,540.8067811739966,535.7266774323915,536.8523595499163,1471800
2023-08-10,540.2294311523438,547.6571474553696,539.4693652780498,541.8747039330045,1107200
2023-08-11,541.643798828125,543.6065340226857,537.8626135233179,539.1325806512708,1043100
2023-08-14,540.2102661132812,546.214041796338,539.2192969470149,543.3853606840484,1247600
2023-08-15,537.3624267578125,543.7605940183048,537.0641670355833,539.8062303294937,1124300
2023-08-16,537.8818969726562,543.5585205185209,537.5643757810016,540.4315798095829,1340100
2023-08-17,526.3939819335938,539.20000412654,524.440877246977,538.2859635827115,1941900
2023-08-18,524.3062133789062,528.6646574193285,522.5454886633486,526.2112232102338,1878100
2023-08-21,522.6417236328125,524.5082691286897,515.9933334559919,523.2670765661331,2076100
2023-08-22,517.9849243164062,521.4390168659345,517.1478710648893,521.4390168659345,1286000
2023-08-23,520.3806762695312,520.6789359736173,515.9356142413591,518.5526537594912,1295800
2023-08-24,512.5438232421875,521.4989315892248,511.68589036185676,519.8505496451686,1587500
2023-08-25,514.7608032226562,516.4766098093443,511.43515197578387,513.7004191019595,1511500
2023-08-28,516.8621826171875,517.6815194838181,513.9028385805186,516.6790291154052,945800
2023-08-29,523.2049560546875,523.4941302802143,515.0788367246579,515.0788367246579,1468500
2023-08-30,522.7134399414062,524.7955536363604,519.8697653188337,523.16646985045,1292800
2023-08-31,529.4804077148438,532.2951354663132,520.5348909772247,520.5348909772247,2086500
2023-09-01,524.6316528320312,533.528924139202,521.1517950797305,533.133729121412,1437700
2023-09-05,525.0943603515625,529.3936140531314,524.3906931383543,526.0583138315963,1714300
2023-09-06,526.9838256835938,528.9020840422626,520.7084779797653,522.1929454269367,1476600
2023-09-07,528.8441162109375,531.1286810906873,524.6701814629567,528.8730630541215,1340000
2023-09-08,531.321533203125,532.4686402240849,528.3428909940602,529.2779564853726,1075300
2023-09-11,538.6378784179688,539.2258758380718,531.9672789086189,532.8830463534762,1388600
2023-09-12,538.6475830078125,540.1995929379084,536.1316783628009,539.1199696687451,1055500
2023-09-13,539.5826416015625,540.2381229469008,534.62790629806,538.1752482560964,1162700
2023-09-14,544.4120483398438,546.2724715733133,540.0549596020487,544.450585300026,1257300
2023-09-15,536.3051147460938,545.125312140794,535.5146658754226,544.9518075840683,2945300
2023-09-18,542.435791015625,543.8528330086012,537.3750360200742,538.0594640667543,1003100
2023-09-19,544.0071411132812,544.9518555631381,539.2645063067475,541.3948647494746,1144700
2023-09-20,543.5060424804688,548.7017083171831,542.3781742666988,544.0072584070784,1311500
2023-09-21,535.0712890625,544.2191977451425,534.3001380816698,543.7372210277426,1687700
2023-09-22,538.454833984375,542.6768963628014,534.7821733490925,535.1484215661701,1527300
2023-09-25,538.4837036132812,541.0382039419898,534.7435592976518,539.3223384579404,1313300
2023-09-26,533.0277709960938,541.1345943851961,532.1023544164888,538.9946457658692,2425100
2023-09-27,543.216796875,546.0797108073367,525.0944222461803,527.6489228033977,4591400
2023-09-28,548.1329956054688,551.5550194638894,543.7373690991595,543.7373690991595,2192400
2023-09-29,544.5952758789062,550.4078858005172,540.4888239118153,549.4535810995857,1887500
2023-10-02,550.7161865234375,551.1306794040999,543.6696898820909,547.4387215965139,1831700
2023-10-03,544.6722412109375,555.4203458111932,542.7154462836874,550.5137968181982,2007400
2023-10-04,551.1885375976562,551.9693374915181,543.4383735091369,548.9618076162691,1798800
2023-10-05,548.9907836914062,554.0322413711433,544.016750977837,551.5452250143586,1579700
2023-10-06,537.4330444335938,546.5134702903003,523.0701131793196,545.6844843677995,4246700
2023-10-09,538.821044921875,539.5729568721416,529.9623689807369,534.9941778723334,1781500
2023-10-10,541.82861328125,546.5134128645761,537.1534038108529,539.7367919617617,2176800
2023-10-11,545.135009765625,546.07966538161,540.0067700137502,544.4891185503607,1449800
2023-10-12,543.457763671875,548.624540608098,542.108205160373,547.5738053453499,1458000
2023-10-13,546.407470703125,546.9858193144861,541.7226116108718,543.5252000905139,1243900
2023-10-16,551.6127319335938,553.4056712923261,548.026853216129,549.1546623179056,1428300
2023-10-17,553.6371459960938,555.2951179756693,550.1379896613431,551.3236337824362,1404600
2023-10-18,553.9262084960938,556.4902987109965,551.3813573417971,553.2321314380821,1311900
2023-10-19,545.240966796875,555.0925423121486,543.775738800456,553.0200778014733,2019600
2023-10-20,532.998779296875,546.2434904166913,532.1119585879561,546.1181717601534,2295400
2023-10-23,532.3819580078125,536.8450682635909,526.926006053515,534.1653076210754,1776500
2023-10-24,531.9481811523438,535.9485532961285,529.5286481998191,532.1987596671964,1678600
2023-10-25,530.1648559570312,533.8664638423551,525.9427342838753,528.7767603544175,1757500
2023-10-26,527.8609619140625,534.6664719004401,525.8656297592613,529.837113839977,1925300
2023-10-27,523.4557495117188,528.2755174920411,520.7566323746915,527.860965670882,1503100
2023-10-30,534.8784790039062,536.3051112399114,524.0436519644079,526.0679306146881,1696200
2023-10-31,532.5264282226562,534.0591400436302,529.2682609652803,532.2564930249813,1394700
2023-11-01,536.729248046875,538.3101457630025,529.8370164519455,534.9941436722447,1735300
2023-11-02,536.9127807617188,540.3314765856105,533.0885568814757,537.4246420467994,2100600
2023-11-03,541.6738891601562,543.6922166068043,536.1981989802979,538.2262520279241,1826800
2023-11-06,550.2880859375,553.0210975333081,540.9302311277844,541.2778771344717,2056900
2023-11-07,551.6882934570312,554.2184816091295,550.0368868163628,552.8761132315522,1373100
2023-11-08,547.9317626953125,553.3494530191218,544.9476535495513,552.5092789664685,1343600
2023-11-09,543.9624633789062,549.496033749806,542.7456437502649,549.496033749806,1288400
2023-11-10,557.3378295898438,558.0814548634778,545.5753352389736,548.4338953923842,1908800
2023-11-13,558.4097290039062,560.070802433674,553.8322135659956,555.2904640415803,1650700
2023-11-14,570.5488891601562,571.2731810960255,561.2876426149371,561.7994449325765,2037600
2023-11-15,576.323974609375,579.3273578172568,573.0501607746972,573.6295707706441,2165100
2023-11-16,558.7477416992188,566.4831883709566,552.6250351017396,566.2803654260524,2954700
2023-11-17,557.3667602539062,560.0417714775009,554.3826518164533,559.0567746161764,1773600
2023-11-20,560.8916625976562,562.359579780822,557.5503001948576,557.5503001948576,1624100
2023-11-21,564.271728515625,564.8994718107872,557.9076493063607,562.0505782253341,1173700
2023-11-22,568.887939453125,570.877325839335,566.2514764248062,566.7343377704207,1068600
2023-11-24,571.0897216796875,573.8323998903011,570.1722733904137,570.7614089928095,645800
2023-11-27,574.5084838867188,579.3757052961707,572.1037847424086,572.2100590409401,1627400
2023-11-28,573.6392211914062,576.9419759608843,571.1476403932943,572.8569882475027,1286800
2023-11-29,567.7096557617188,574.8077520158832,567.2847354732666,574.7980853593004,1319800
2023-11-30,572.42236328125,572.741068220353,562.8520789392011,567.6806915915624,1755200
2023-12-01,575.8121337890625,575.9086824774741,570.3461694896221,572.943965792656,1475300
2023-12-04,578.5451049804688,578.9796919340181,571.1863035695334,571.8526545135013,1624000
2023-12-05,584.6002197265625,588.0092491902159,576.5654586381669,578.0140427051623,2349700
2023-12-06,586.60888671875,587.6228836858547,583.161249876169,584.7450491266545,2233900
2023-12-07,590.0082397460938,591.3602160328502,585.5658803789588,589.0907914789549,1690400
2023-12-08,589.8440551757812,592.577007589415,586.8985542049384,587.7387281190981,1502100
2023-12-11,602.4756469726562,603.6055847783986,597.5504856178196,600.6504172338656,2139300
2023-12-12,607.92236328125,608.1058529289211,601.8479894808212,605.9329771268832,2374400
2023-12-13,619.993896484375,620.5733064552799,609.370948102244,612.1908415323617,2436900
2023-12-14,609.1585083007812,619.897338516203,608.6949213879743,619.2019876185065,3839200
2023-12-15,636.2373657226562,639.1924744991863,618.5453207477005,619.5110433405931,8807700
2023-12-18,657.8888549804688,658.5358726188014,638.43918765869,641.7226680778351,5733400
2023-12-19,654.5087890625,657.4638976962945,646.1842654292938,651.8627187166677,3437300
2023-12-20,638.3426513671875,651.2350247578298,638.1494950547183,648.7627772101048,3782700
2023-12-21,642.3599853515625,644.4653123801917,636.8457473152134,643.0360029250926,2388400
2023-12-22,648.5792236328125,650.1920226870984,643.1712010748586,645.1026461231314,1641700
2023-12-26,651.4956665039062,652.6931528963191,647.7873253495322,649.9408675248225,1774800
2023-12-27,658.5873413085938,660.3454468627953,652.2662031212084,654.5378630992284,1875900
2023-12-28,654.932861328125,658.6465606873302,653.4415099800408,657.6489907731018,1496900
2023-12-29,651.9501953125,655.0218767827394,649.0661158506482,652.8588473280614,1947500
2024-01-02,642.6362915039062,649.6981923381479,641.5004313688704,647.5055639106176,2657700
2024-01-03,636.7496948242188,647.3771792099255,635.179251493086,643.189410704796,2612600
2024-01-04,640.3646240234375,641.8955817968888,632.621218526516,634.1718889788112,2171100
2024-01-05,647.93017578125,651.5253577082012,644.2065901938072,648.0980650744282,2233500
2024-01-08,653.5401611328125,653.9253720854391,645.9745336264588,647.7325785421789,2245300
2024-01-09,658.962646484375,659.0712771974296,650.1525268620853,650.7648857872845,1886200
2024-01-10,664.4739990234375,665.5308276627552,660.77018568708,661.3133995863951,1801900
2024-01-11,665.2838134765625,666.2023518211561,659.4169715631812,662.7355733791474,1670800
2024-01-12,674.8248901367188,675.2989589437582,667.7827016956298,669.1555962800035,2388400
2024-01-16,673.0963134765625,678.0643896404417,669.8073110567076,674.8247593311801,1626700
2024-01-17,675.7632446289062,676.4348622428295,670.8248266293917,672.1186897339276,1786800
2024-01-18,678.8448486328125,679.2497724055372,671.8323188150406,674.4200451613233,1900600
2024-01-19,686.410400390625,687.55614705496,674.2619049135765,680.0201168272151,2267900
2024-01-22,683.9805908203125,690.0548071148195,682.0151106437947,686.8646092574609,2452900
2024-01-23,679.1212768554688,683.111496214736,676.1977121976395,682.2126705338023,2208600
2024-01-24,678.0545043945312,681.4718501947796,674.7062433791948,680.5138262839422,1946500
2024-01-25,671.5260620117188,678.044749253152,667.6345864582736,678.044749253152,2751900
2024-01-26,678.4199829101562,678.7755344683889,671.1308745493317,671.7037478043138,1825500
2024-01-29,685.4622192382812,685.5807364327997,677.8076722946562,681.4028546174881,2215400
2024-01-30,692.1091918945312,693.9957007723139,682.2916173975336,684.4052741455624,1610500
2024-01-31,686.321533203125,696.8305003852371,684.5041689910216,692.6822175203594,1928500
2024-02-01,696.8261108398438,697.6372091399194,683.9871522326766,686.4599908163088,2039200
2024-02-02,701.7717895507812,706.5196879394276,694.6302606841194,695.6985438587684,2377400
2024-02-05,703.4334716796875,705.1150138556372,698.0130292596439,702.9191623486669,2276900
2024-02-06,703.0675048828125,704.9765288940534,696.687630071393,703.5027268586208,1920200
2024-02-07,711.9598388671875,715.4613561132314,704.2643372151119,706.3910022698394,2145500
2024-02-08,716.292236328125,720.2586787845405,712.8302625652531,716.0252108336848,1918500
2024-02-09,715.54052734375,717.647390442527,712.2961344579605,717.2616131715893,1426100
2024-02-12,714.5612182617188,715.9361308425428,707.5284806424957,715.6592043470549,1572600
2024-02-13,706.4898681640625,713.9380857422505,701.3364516620061,713.5523084968088,1951100
2024-02-14,714.333740234375,714.6997154740791,703.3444612864415,708.2208911836069,1472500
2024-02-15,716.6386108398438,718.1421162029743,710.4763156492933,713.6514021437425,1264100
2024-02-16,716.1241455078125,721.1390693489545,710.693801693024,714.1458746610679,1764900
2024-02-20,717.8056030273438,726.9749066381393,715.8471344394178,720.1202062083702,2407300
2024-02-21,715.1646728515625,720.8719428700349,712.444550590471,717.8056473790716,1564200
2024-02-22,726.4210815429688,728.0531187738602,717.9639253467566,717.9639253467566,1801600
2024-02-23,729.9126586914062,734.4429156047727,729.1114614540058,732.0788675735675,1265800
2024-02-26,737.2520751953125,738.6665920002545,730.9710893074525,733.9384956239917,1707000
2024-02-27,736.6190185546875,738.528042562295,733.2757361950755,737.8949814401366,1471300
2024-02-28,739.8338012695312,743.7111954779593,735.1354077019687,735.1354077019687,1365000
2024-02-29,735.8079223632812,744.3837090876966,734.9176763845118,743.2560802804636,3361200
2024-03-01,741.297607421875,743.2165324372494,731.2183156775994,732.3953891721646,1678100
2024-03-04,750.9318237304688,756.4314142714367,745.4816778862796,746.8763926420559,2133400
2024-03-05,751.6934814453125,760.912230889492,748.6766304608587,760.0714295515063,2353400
2024-03-06,764.8390502929688,766.7381733648854,755.3631162164531,756.5303491208126,2400600
2024-03-07,777.0548706054688,778.5286726258561,768.5680723498592,770.645232447903,4187900
2024-03-08,717.6771240234375,748.003990751266,717.2220999765848,747.8358546267489,8590200
2024-03-11,706.3218383789062,712.1775031674466,703.2851853915897,711.9895650225626,3762500
2024-03-12,728.8740844726562,732.0096267266513,709.1210195181466,709.289216000801,3727400
2024-03-13,726.2232055664062,728.4982048581556,718.685998826557,727.0145017932714,2270300
2024-03-14,723.997802734375,732.6329370630582,721.0699396719963,730.3084925896329,1826100
2024-03-15,717.7462768554688,724.5614337923629,715.3624268934699,724.5614337923629,3390700
2024-03-18,723.5921020507812,725.3725941010575,718.1321155956429,718.2112029612289,1595200
2024-03-19,724.2152099609375,727.3606531191116,722.08860518854,723.8393336993918,1322700
2024-03-20,732.67236328125,734.0275343562419,721.2083175098682,723.0579959254961,1398700
2024-03-21,734.4923706054688,744.1364406293704,733.0482112064193,735.422160284193,2106900
2024-03-22,726.8167724609375,736.6982267065662,726.4013524441716,736.3421524064811,1794100
2024-03-25,723.0184936523438,726.183678897094,718.8443105248685,723.0580373376896,1604700
2024-03-26,723.0381469726562,726.7177619095818,722.286394438659,723.0579489989292,1353500
2024-03-27,724.1262817382812,727.894885307743,719.8433084267082,726.0254048577174,1246700
2024-03-28,724.6702880859375,726.9156448099428,720.4071168376681,725.8770043205959,1713300
2024-04-01,713.4039916992188,725.3033192973186,712.3753126381125,723.8097152142288,1600700
2024-04-02,703.5719604492188,712.1774500450019,700.7035041653113,712.1774500450019,2326700
2024-04-03,698.02294921875,703.0873175381546,689.6944462174527,702.2663182680072,3205500
2024-04-04,697.2217407226562,709.3386489406337,696.5688775735949,701.0694917807547,2252400
2024-04-05,705.9656982421875,709.1013009703922,698.3494038569704,698.3691455122541,1552900
2024-04-08,704.076416015625,708.3593888937246,703.1466263916225,705.7579581490801,1459000
2024-04-09,710.7828979492188,711.2378616362745,699.2989890336047,708.4583933257169,1386400
2024-04-10,714.7294311523438,716.1141844056507,701.2475116332699,703.2752270066327,1832000
2024-04-11,724.3932495117188,725.8176068307731,716.2823879383576,723.5525086129288,2107800
2024-04-12,723.3645629882812,724.9373147423739,718.6463680980332,720.0905274281799,1481800
2024-04-15,710.4762573242188,732.94938631748,710.1498257135909,727.4398944820279,1808000
2024-04-16,708.191162109375,714.6502445089072,704.3929164174828,710.4958642311283,1412300
2024-04-17,707.4197387695312,715.9361799493852,703.2752590894113,715.1448837153929,1376700
2024-04-18,703.5224609375,711.138814592529,701.8607209281888,707.4196563170119,1846400
2024-04-19,701.8014526367188,707.1032037805548,694.3730362785442,705.283228490955,2190400
2024-04-22,707.6868286132812,710.4563956338096,698.4977221923422,707.0933111554325,1437100
2024-04-23,714.8282470703125,716.4009986635607,708.5175594175454,711.217939672215,1176200
2024-04-24,716.0252685546875,717.5485153992134,708.3100241927438,711.8906896578002,1206600
2024-04-25,715.1632690429688,720.5428875170414,707.7823708182311,720.5428875170414,1613600
2024-04-26,722.4154663085938,724.169065554167,708.3670199386703,708.3670199386703,1524400
2024-04-29,719.5918579101562,725.4569211746266,713.5384943868471,722.7621836232789,1526900
2024-04-30,716.1936645507812,718.7794370092544,710.4474229067099,718.7794370092544,1734800
2024-05-01,715.5199584960938,723.0890969662437,708.6840058628635,715.5695430227968,1609100
2024-05-02,725.6452026367188,727.5870416088936,713.9447656821841,718.0265398639717,1826900
2024-05-03,736.998779296875,740.5554405960487,726.5466044714005,727.468029968303,2323300
2024-05-06,749.4324340820312,749.9178786825973,739.5548942143338,742.636088736238,1773300
2024-05-07,764.1546630859375,765.0760283503363,748.5606905293831,751.6517418902506,1897800
2024-05-08,756.3278198242188,766.2152764961735,755.6343620984479,762.8567110091865,1511900
2024-05-09,771.8128662109375,772.4766941947445,756.5260167441563,756.7142565431717,1716200
2024-05-10,779.8872680664062,780.1448657304454,770.9410100384105,771.812851146419,1652700
2024-05-13,767.9589233398438,782.1559397581605,766.4034810430392,780.6896891337032,1596800
2024-05-14,770.6834716796875,773.5664490998403,764.2734622113214,767.7409928273677,1327700
2024-05-15,779.7386474609375,782.3343370142819,771.2977281942714,771.2977281942714,1661700
2024-05-16,785.7127075195312,797.0961052688463,780.5213286041721,784.4643868475763,2000000
2024-05-17,788.4273071289062,790.200679617626,783.2755351808223,786.247704327532,1309100
2024-05-20,785.643310546875,795.5307063787311,785.0389840513054,787.8724372161441,1347100
2024-05-21,793.499755859375,794.0050342584987,784.6526068290516,788.1894951539848,1375700
2024-05-22,794.421142578125,798.869479242029,790.606883156591,792.6180194339112,1192800
2024-05-23,788.952392578125,800.5537203866966,788.0508007716357,796.8385090794733,1519200
2024-05-24,802.218017578125,809.2917934477457,791.6767721004308,793.2024635654972,1623000
2024-05-28,805.6261596679688,807.7264874723256,797.2545386950262,802.2279872253638,1986300
2024-05-29,799.0380249023438,805.893811916909,798.8101174673446,799.5333864591262,2282800
2024-05-30,807.776123046875,811.8975041492212,800.8013943782273,802.6837922788983,2277800
2024-05-31,802.3766479492188,804.2094612727375,780.8878641166381,801.5246406998497,4360700
2024-06-03,807.8256225585938,820.2294331091502,799.6422410952666,803.4763341779353,2008700
2024-06-04,819.7142944335938,820.3285378388076,805.4973835019888,807.4193884867027,1754500
2024-06-05,826.5601806640625,826.6493723397303,814.057261334486,823.201615206476,2080000
2024-06-06,834.8228759765625,841.2130516709891,826.5800530369846,827.6698241921551,1735000
2024-06-07,837.735595703125,842.4910541480272,834.4760782379468,838.825366847334,1593600
2024-06-10,840.469970703125,841.5993489590453,834.9218856595451,839.3206981683485,1401600
2024-06-11,841.4309692382812,843.0458526051916,832.4649379633381,841.3616113703173,1690500
2024-06-12,839.9448852539062,847.8013115844569,835.7838364558753,844.4031388655964,1838300
2024-06-13,838.112060546875,839.9448739305099,829.7800461578602,839.9448739305099,1322400
2024-06-14,847.7319946289062,848.2372730709792,834.0996354744408,835.5956369891472,1395500
2024-06-17,859.8584594726562,862.483899876325,845.453367361477,846.5629723964239,1904900
2024-06-18,862.6720581054688,865.8523007258709,859.6503650287453,859.9475698369761,1763800
2024-06-20,854.439208984375,865.7433326341921,852.5766447707372,863.226917799099,1944600
2024-06-21,840.4402465820312,858.9271116147879,839.7863959921245,858.6002165543019,3833100
2024-06-24,840.2915649414062,842.738682113324,833.7032934933359,842.1145218067057,1722900
2024-06-25,847.5734252929688,847.7517481728861,837.1609171104476,841.4408476352603,1564200
2024-06-26,848.89111328125,851.764173670631,842.1739823845692,844.8092789314007,1505300
2024-06-27,842.7288208007812,850.3673171477541,840.7672085471116,849.7530737053135,1254900
2024-06-28,842.1046142578125,849.2873558471408,838.9541224445583,843.352934884918,2131700
2024-07-01,837.82470703125,848.0588926081616,832.7026860247194,845.5820850947032,1989000
2024-07-02,851.3875732421875,852.3782960914646,835.2586366997975,837.8444088238689,1377900
2024-07-03,854.6571655273438,855.5092333524171,847.0682531638118,847.0682531638118,814400
2024-07-05,877.4535522460938,878.7117897054413,850.7535574394119,856.5394059026352,2620700
2024-07-08,872.6685180664062,879.7125444401532,869.5179655543884,878.5632718394198,1611300
2024-07-09,878.6226806640625,888.3515879165493,874.7786705327277,875.650511622449,1356800
2024-07-10,876.106201171875,882.010931666589,872.5297058688984,879.1675616646183,1755800
2024-07-11,838.7361450195312,882.4963595465656,838.66678715873,882.4963595465656,6021100
2024-07-12,835.0804443359375,842.1145534774108,830.6023570073872,842.0055884595048,3288400
2024-07-15,840.8564453125,849.9414201957441,836.8341117156461,839.0037978472583,2064000
2024-07-16,842.8773803710938,843.342991130767,833.5348702437853,839.9349017767483,1687600
2024-07-17,838.4291381835938,842.0650748735654,834.8328086471076,840.1430697231264,1783100
2024-07-18,831.5830688476562,847.3652772576643,817.4553507356449,841.5497387203474,2338500
2024-07-19,830.3546142578125,841.0048857565874,827.8084490711362,828.7496479485347,1984400
2024-07-22,839.5584716796875,841.7083841374368,830.8202875222934,837.9039811932026,1920200
2024-07-23,844.2049560546875,846.652073294147,837.7355663465639,841.0247739434998,1744100
2024-07-24,823.1124267578125,838.151593483912,821.8046652422045,836.7645572031048,2511300
2024-07-25,808.3804321289062,828.8884100229586,806.7259416743887,828.0363422990229,2183700
2024-07-26,811.1682739257812,815.8115116996822,802.6458816121675,811.5651515226167,1441500
2024-07-29,809.1443481445312,817.2599924395992,807.6859410501025,816.0892822437601,1320400
2024-07-30,803.6578979492188,815.5337064326861,796.9609970752277,811.5651725814322,2017200
2024-07-31,815.5337524414062,818.9863577091709,804.8881791624492,813.9661645263188,2135000
2024-08-01,810.4639282226562,817.6866284257773,803.3106240743059,812.1108431455176,1861400
2024-08-02,815.6130981445312,823.7584751597569,798.6773725829959,809.7793485096079,2598500
2024-08-05,795.5223999023438,804.4416701390768,786.7618443771393,791.722511743956,2820900
2024-08-06,810.4539184570312,826.5364223100892,798.7268946654792,798.7268946654792,2476300
2024-08-07,803.9257202148438,827.2706492956025,802.8939232294863,817.6270806994922,1702000
2024-08-08,832.8265991210938,836.1304205620091,813.9959250647772,815.0376531068613,2345000
2024-08-09,848.2046508789062,851.022336546817,831.0407541483476,831.9039054133193,1710600
2024-08-12,856.7766723632812,863.4041164009691,845.6945589191475,850.5063818267519,1748200
2024-08-13,858.0169067382812,861.2214785880892,849.4249966573693,858.1160958669658,1484100
2024-08-14,855.9235229492188,859.9118584854382,851.7466190687121,858.0665046884543,1341500
2024-08-15,870.4481811523438,873.4047797492734,862.1638917995211,866.0034430670464,1923800
2024-08-16,863.7415161132812,870.4482875960568,861.786981662019,870.4482875960568,1516300
2024-08-19,865.487548828125,866.7575086488224,861.8662982446076,863.7414449071919,1318400
2024-08-20,869.307373046875,869.8629653771554,864.3169125429986,865.140400292261,1104600
2024-08-21,874.4862670898438,884.1099738699489,870.3192944004659,873.8116235961382,1465500
2024-08-22,870.6566772460938,877.0460194479837,866.3111276446984,875.359380376502,1440900
2024-08-23,872.293701171875,877.6015910825996,864.8129759566964,875.5478675066963,1305800
2024-08-26,885.489013671875,886.2231827182654,874.5060893801497,876.2224608294148,1737000
2024-08-27,901.7500610351562,911.7011274332634,880.0917722086646,885.6675570076673,2098900
2024-08-28,881.0641479492188,905.0439978353813,874.7244003122635,903.7939604839604,1668400
2024-08-29,879.6553344726562,893.3765578036183,878.2067977553994,883.9909530455485,1709900
2024-08-30,885.360107421875,889.2790469014683,876.1530793730581,883.4948915767271,1933500
2024-09-03,871.65869140625,889.8345834554405,867.5611754181755,889.6262136313786,1784200
2024-09-04,883.0186767578125,884.7449793584422,869.6943311237882,870.5475514003025,1425200
2024-09-05,879.0103759765625,881.6395538450282,861.8663414233662,881.6395538450282,1998800
2024-09-06,869.7835693359375,886.1736337533241,864.1482584532697,884.2488923857738,2074600
2024-09-09,889.437744140625,891.7593631550353,874.7641116005775,877.7801756150466,1954000
2024-09-10,887.2550659179688,893.6047446831287,880.5383631489593,885.5783578429672,1360800
2024-09-11,893.3170166015625,894.9044059599703,870.9642200559077,887.9594715456468,1796100
2024-09-12,907.8318481445312,908.496560562789,889.4575183188239,893.3367332433032,1867300
2024-09-13,908.7942504882812,916.5626724451316,902.2064697724974,906.4428990295636,1327500
2024-09-16,900.728271484375,915.37217221332,898.2280755877184,914.7471232391558,1661000
2024-09-17,890.2115478515625,901.4523755812158,888.405857811857,901.2837298600119,1387000
2024-09-18,885.4990234375,897.8609682687435,883.9413665536628,892.8606371571756,1338200
2024-09-19,893.654296875,898.0097773648798,888.455527153103,897.1466260857492,1747500
2024-09-20,899.8451538085938,900.6686415061813,888.6539202709181,894.4777386272519,4658200
2024-09-23,909.8657836914062,912.266729744136,893.6940201690996,899.8451992665871,1697600
2024-09-24,894.4479370117188,905.5896364377427,890.4695328844402,904.8356053536643,2432600
2024-09-25,901.2738037109375,903.1985449236676,894.0411730453008,895.8964576536262,1728100
2024-09-26,894.3488159179688,902.087445031302,891.0648564872777,898.1784366573202,2738600
2024-09-27,878.6531982421875,886.4612834457654,867.1246126980858,886.2331121358192,3459100
2024-09-30,879.5460815429688,902.8413533484652,874.4762340754319,884.3579040943038,2142900
2024-10-01,870.4781494140625,880.0125384110419,865.8845661779059,878.2862357020811,1836700
2024-10-02,871.6190185546875,874.2977303938932,860.3384056513935,867.7695359699532,1317100
2024-10-03,868.781494140625,874.2481592203166,865.805093746312,867.5611893565633,1451900
2024-10-04,876.162841796875,877.3335518480137,868.781367472991,871.083124042268,1516400
2024-10-07,866.7178955078125,880.7268151112114,865.4677976600696,874.6648336519976,1963200
2024-10-08,883.4154663085938,884.2984796290059,869.8034241834515,869.8034241834515,1697900
2024-10-09,901.9484252929688,902.8413695507944,880.8854531589656,885.2210711551544,1956500
2024-10-10,886.6002197265625,902.8414394579036,884.8243226509525,902.8414394579036,1765800
2024-10-11,882.0364379882812,887.4633789417836,878.5341778121291,887.4633789417836,1527300
2024-10-14,882.7607421875,888.1281579578928,879.2882748213052,885.4295838140049,1431500
2024-10-15,887.5724487304688,893.5649732371386,882.5522561357188,885.0723137334307,1613900
2024-10-16,880.3994140625,884.3183534272306,872.5813973802851,882.9194113068603,1475500
2024-10-17,878.3258056640625,888.2868643198022,875.8554030468587,884.5465018122171,1321500
2024-10-18,882.562255859375,883.6039839021497,876.7979627639987,878.7921607471792,1654000
2024-10-21,879.7943115234375,884.3878948297129,876.7484541752035,882.0067500227135,1184900
2024-10-22,886.4613037109375,887.8503147584943,877.3535259357268,883.9710390706146,1189700
2024-10-23,892.0965576171875,898.5553556335227,887.9494473401509,888.9713737917136,2193500
2024-10-24,886.391845703125,896.3925677866876,881.2724637698249,894.4083008961802,1649600
2024-10-25,884.2091674804688,894.5273798536494,882.9987937060687,888.6043720678967,1425800
2024-10-28,883.9512329101562,888.9416326326948,882.9987630064321,888.9416326326948,912500
2024-10-29,880.0125122070312,884.1596231058243,867.2140259721975,882.9988438283334,1361700
2024-10-30,872.1746826171875,879.5958219681261,870.4681814744171,879.4073141771519,1412200
2024-10-31,867.30322265625,870.7459572584443,861.8167560992943,870.2994850894826,1771900
2024-11-01,871.5651245117188,873.6513488658495,861.6604399858057,868.5450531170145,1625200
2024-11-04,880.267822265625,881.1917251408674,870.9889559999739,875.5688147694126,1576700
2024-11-05,884.3409423828125,889.7155503977302,880.9930147791249,882.1851690265278,1622300
2024-11-06,893.3615112304688,894.0072791402641,880.4764707768032,892.397892110988,2437400
2024-11-07,907.9453735351562,913.4590187598295,888.5134592397422,892.7356292838906,2145500
2024-11-08,937.6197509765625,955.700584981691,907.7665379698755,908.0149009077605,3277100
2024-11-11,926.771240234375,945.0507760345936,925.3406673401363,937.6197159783213,2181800
2024-11-12,926.2745971679688,933.4075738390677,920.9298216156282,929.8212273818406,1691400
2024-11-13,927.6156616210938,931.4504313701668,917.1546464665415,923.9101060828467,1757600
2024-11-14,917.8401489257812,925.052618309401,916.131380390793,920.9297693058882,1859900
2024-11-15,901.1302490234375,914.5219586583631,899.6301272410633,911.7303617812923,2269900
2024-11-18,913.4888916015625,919.8767795201538,901.1700647943138,904.6769788196927,1797300
2024-11-19,924.0591430664062,927.883907940233,910.3594050193389,921.9231976108525,1690500
2024-11-20,922.002685546875,922.7179416773516,910.4984976978643,919.0223303989278,1452100
2024-11-21,949.3921508789062,952.2135197793278,923.9100902642014,928.877348814009,2320500
2024-11-22,957.697509765625,969.9070109457247,952.243468912484,956.4358065362907,2078700
2024-11-25,954.5978393554688,968.6154285952392,943.4711679460477,968.6154285952392,3240900
2024-11-26,965.1383056640625,967.9895071305231,954.597797907678,957.6874180753023,1438000
2024-11-27,955.2534790039062,965.9231406607099,952.3129007509207,965.0986193994905,1499500
2024-11-29,965.5159301757812,966.896842715911,956.167514879304,961.7507697217828,1095900
2024-12-02,968.6154174804688,970.1055950458233,958.4424816693252,964.9992387026931,1955800
2024-12-03,975.7186279296875,976.5630376347929,964.4031983225839,968.3074562934316,1653900
2024-12-04,984.4312133789062,984.6597485186992,971.1487680320793,975.5696405465817,1784700
2024-12-05,975.8279418945312,983.6464024462924,971.7945301478343,980.1990932859779,2089400
2024-12-06,986.110107421875,991.1767476274952,975.8279062678661,975.8279062678661,1737300
2024-12-09,981.3912353515625,990.4813431566863,974.0794449931659,990.4813431566863,1855500
2024-12-10,986.8949584960938,988.4745127679723,979.4241821916938,983.2489470424255,1556800
2024-12-11,988.1764526367188,1001.200589590975,987.0836800444229,988.4844202316733,1903600
2024-12-12,981.9177856445312,995.9055425687134,980.7455198606726,995.1207375182565,2344300
2024-12-13,982.8715209960938,1000.0880577892494,959.4061941657159,974.5762226618817,2951900
2024-12-16,986.368408203125,1001.6477005666992,979.9109719981326,982.5734153417794,2581300
2024-12-17,975.649169921875,990.391960817021,974.3378062572511,987.4910985116031,2050200
2024-12-18,958.422607421875,979.1459958517146,957.6874628470925,975.5695938961047,2725300
2024-12-19,948.5477294921875,968.2578391145386,947.2661985489791,968.1286855347405,2610800
2024-12-20,947.8225708007812,955.6410316546999,936.8747125071553,943.1732236299919,5373800
2024-12-23,943.6897583007812,948.0113099463233,930.8643224375254,947.633793417228,1856800
2024-12-24,952.5413818359375,953.0977123716094,939.2589372407247,944.5142749908306,939000
2024-12-26,949.8789672851562,953.1275132635159,947.7529659955017,950.5545071964003,969000
2024-12-27,933.5465698242188,944.2261755443891,925.8969796463962,942.5074628800868,1943400
2024-12-30,916.171142578125,928.0527864729297,909.5050596350412,924.903561463925,1881200
2024-12-31,910.27001953125,918.6845264266159,906.5644034134706,917.6016980164362,1742900
2025-01-02,903.852294921875,919.7078059908879,896.093439517327,909.0083117054925,1765100
2025-01-03,910.5780029296875,918.1580444743355,905.0345253028069,908.3427365389836,1612200
2025-01-06,916.6678466796875,921.3370211956549,907.2896601372731,911.9687788719904,1970400
2025-01-07,915.3366088867188,925.2115214357054,910.4289549511966,917.7904661722204,1888000
2025-01-08,921.29736328125,924.4068721728205,909.4256025002411,916.9360954575477,1774800
2025-01-10,930.8046875,938.0966500436459,917.4526935197295,927.2481132477815,2765800
2025-01-13,918.644775390625,928.8673712908262,914.968992068466,927.8838638349048,1693800
2025-01-14,911.2236938476562,921.6847694737701,903.9615642627128,918.2474047235396,1683800
2025-01-15,917.4526977539062,926.7613358678257,912.2867364894838,921.1880860625729,1839400
2025-01-16,913.7272338867188,921.3271639188223,911.8098793131246,918.674604127024,1353000
2025-01-17,937.013671875,937.6196628339563,918.5156068511033,923.9100420785952,2375000
2025-01-21,941.52392578125,950.2861767308406,937.321644647392,939.0601850587676,2042400
2025-01-22,938.513916015625,945.7064972572658,933.0896474257289,945.0011246591878,2155000
2025-01-23,935.9904174804688,937.2124042911767,930.3575633766465,935.5235242912438,1352400
2025-01-24,933.5267333984375,939.8450719775102,927.4468135377476,935.9904743357024,1562400
2025-01-27,958.9293212890625,960.6579176677196,921.1086051172078,923.9101463857323,3044700
2025-01-28,952.3923950195312,959.3863343138565,947.8225411142037,955.5317365806388,2166400
2025-01-29,957.7073364257812,961.9195619725174,948.7463826024546,951.5280352620464,1713700
2025-01-30,972.5991821289062,980.2884887718905,963.7474933111594,963.9461957830789,1788200
2025-01-31,973.4634399414062,984.5106178049892,969.3903122954963,969.8472612629477,1873800
2025-02-03,999.2435913085938,1002.9988073955034,962.5951416755394,966.0225623422906,2751000
2025-02-04,1015.1685791015625,1017.642264229117,993.1040547929157,998.8164022901374,2001600
2025-02-05,1036.0509033203125,1036.2594893685064,1013.3207238022243,1013.3207238022243,2047600
2025-02-06,1044.10791015625,1056.039276119637,1037.362333546291,1043.1244025640817,2218000
2025-02-07,1038.120849609375,1050.9504419961484,1029.8660395792238,1041.293404477568,1632900
2025-02-10,1056.1319580078125,1057.2060276697448,1040.2986876223454,1046.265984109663,2036900
2025-02-11,1052.5714111328125,1060.1896937699894,1043.322174264662,1054.1329217267373,1748500
2025-02-12,1059.314453125,1061.1842108550572,1045.2714204392364,1048.4042753333424,1662300
2025-02-13,1070.990478515625,1072.353006370759,1058.8470688941402,1061.1941909669645,1623300
2025-02-14,1066.0076904296875,1071.616963300253,1062.18865494088,1070.6124587500926,1410700
2025-02-18,1050.2740478515625,1065.162423456808,1039.5428208142084,1063.3821411543852,2090600
2025-02-19,1056.7486572265625,1057.3851834707298,1047.260616212992,1050.3039959362004,1349600
2025-02-20,1029.1895751953125,1047.8971088342762,1028.2149361481613,1047.8971088342762,2000500
2025-02-21,1029.3885498046875,1030.5620501728233,1019.0949872438409,1028.9707953285074,1816300
2025-02-24,1029.9554443359375,1032.5312935635948,1019.6320156054207,1022.9339879527752,1759700
2025-02-25,1049.90625,1051.2588228684267,1031.8053746909534,1035.0575712621244,2083800
2025-02-26,1026.34521484375,1053.118530997349,1024.565053800258,1044.4162229023138,1555700
2025-02-27,1016.14111328125,1036.84763956168,1013.2768060855291,1028.364103842501,1629100
2025-02-28,1042.8944091796875,1043.6602316258952,1018.408608338169,1024.9925203673845,3307100
2025-03-03,1041.14404296875,1060.1896887693792,1035.4652045923772,1046.0074042334822,2422500
2025-03-04,1031.2183837890625,1042.218157918287,1023.1227374791968,1040.0300764965946,2536800
2025-03-05,1042.0391845703125,1045.251559863879,1022.8941076884432,1027.4491004563693,1898600
2025-03-06,1021.0243530273438,1040.189340382254,1013.4956063953045,1027.3198073494575,2594600
2025-03-07,959.053955078125,996.956219154947,937.6413374900208,989.7258861016916,5510700
2025-03-10,929.3169555664062,954.4293300085209,918.9935877806452,950.2621652472549,4459900
2025-03-11,925.418212890625,932.8872882047456,916.1788713027674,925.9254427703818,3204900
2025-03-12,922.02685546875,939.2325475884766,918.2177143497067,932.8873176929596,2331600
2025-03-13,885.7655639648438,918.4663524356429,882.6327091368338,916.9745283656337,3447200
2025-03-14,898.9931030273438,902.0066169349483,876.7549923594827,886.9491240085737,3186400
2025-03-17,911.614013671875,918.3570885007691,893.1054618212144,896.7156814061559,2256100
2025-03-18,893.1550903320312,912.5587591382857,891.9517243890208,908.0236162323002,2182000
2025-03-19,899.1223754882812,905.19905777098,891.1162649359926,897.938859270814,1908500
2025-03-20,890.5195922851562,902.5337058068557,889.2266294520022,896.5863195842684,1891800
2025-03-21,904.3040771484375,904.811307099702,879.1419872431698,883.9058574376753,3447600
2025-03-24,920.992431640625,923.5882515030888,914.9853755928839,914.9853755928839,2208100
2025-03-25,925.1895751953125,927.2084790007042,917.461906593082,921.5793558585356,1623000
2025-03-26,924.682373046875,934.2996494595516,918.4167235039133,929.237426632497,1644700
2025-03-27,933.6332397460938,937.7606439950702,922.9418338049268,924.4933284250343,1547000
2025-03-28,924.5928344726562,933.6333158728636,920.9528101179992,932.3901290341514,2100500
2025-03-31,940.6249389648438,989.5766301661239,917.0142857635635,917.3325488485171,3102000
2025-04-01,949.1979370117188,952.4997874810778,933.6332151885701,937.2831943567153,2041500
2025-04-02,959.8197631835938,965.5980928371312,944.8219410593471,945.6573892742165,1719900
2025-04-03,961.808837890625,976.0010163612098,922.9418308615299,926.0050599692726,3096900
2025-04-04,911.4846801757812,959.2628756341467,909.1574684059628,949.7947452410851,5167000
2025-04-07,903.1802368164062,932.7084137205152,866.958761242665,882.9113132730713,4626600
2025-04-08,903.7968139648438,937.8501774685747,894.666857285238,926.9698040420982,3545400
2025-04-09,959.9291381835938,962.1867847472557,892.7771432449526,903.050855547601,5084500
2025-04-10,959.053955078125,987.9953191094302,937.750723358345,961.2320207503454,4209100
2025-04-11,958.1588134765625,964.9217979778257,938.0191880691456,958.7058642101046,2721800
2025-04-14,973.9821166992188,981.7495450134005,959.7401621384217,964.7129090925068,2219900
2025-04-15,971.5951538085938,988.5820740495183,968.9397239866631,979.9791977156823,1788200
2025-04-16,962.4752197265625,973.3158328941674,954.0115942870946,966.8313511261889,2531700
2025-04-17,989.0794677734375,994.4699090123702,966.6921490418546,967.9751567335031,2711100
2025-04-21,952.5496215820312,991.5558208677472,937.8302415397056,987.5875783769977,2841300
2025-04-22,973.892578125,982.0678056624901,961.5104868020775,964.4642693482751,2230600
2025-04-23,970.5211181640625,990.3225701101496,963.7183735242129,989.0992937666922,2109700
2025-04-24,970.1630249023438,972.669308803809,955.4735716084209,968.2932671825962,2468500
2025-04-25,971.8338623046875,972.9875735988815,957.6317284772903,968.6612472993708,1780900
2025-04-28,973.2063598632812,979.9295236014727,963.499608591269,973.1665997396896,1616200
2025-04-29,986.294677734375,987.7964570797724,965.7671630166848,972.669338460032,1523100
2025-04-30,989.0794677734375,992.3217088231314,971.2272922880105,984.6039950685804,2212400
2025-05-01,993.5946655273438,1000.8946852350853,979.6312130340463,984.7033909728239,1829900
2025-05-02,1004.1107177734375,1013.7704285118384,1000.436046500123,1003.6426996977057,1547400
2025-05-05,1010.6734008789062,1013.5514082404605,998.3348636374953,1003.3240580676078,1952600
2025-05-06,1006.3015747070312,1012.0077482535366,999.3406264833417,1004.2601042031276,1381200
2025-05-07,1002.965576171875,1009.8866520915439,997.3091216171606,1006.9788009562567,1316000
2025-05-08,1003.5232543945312,1012.7746350298096,987.2810205452275,1009.2891766005034,1882600
2025-05-09,1003.9016723632812,1006.5107820753698,993.9033470779132,1000.4360895357606,1176700
2025-05-12,1011.9281616210938,1012.6849529444941,988.1174679730763,1005.594539721465,2069000
2025-05-13,994.8793334960938,1019.5762841408557,983.4967685237821,1009.5082422243254,2917000
2025-05-14,987.4203491210938,995.7057886584026,986.404628326552,994.6103832272954,2215000
2025-05-15,1006.271728515625,1009.7870914509584,978.9158884578817,988.5258195086775,2470700
2025-05-16,1021.56787109375,1023.9878284965084,1004.8078395934884,1008.2833297298658,2033700
2025-05-19,1030.04248046875,1030.6898041553052,1008.6816497543638,1014.367886892825,1879800
2025-05-20,1032.5123291015625,1033.6874801100919,1025.7306854362237,1025.7306854362237,2271200
2025-05-21,1021.0401611328125,1035.1512102164693,1019.5463325088934,1026.6566212444864,1438900
2025-05-22,1013.8999633789062,1024.5057399610876,1009.9066140669152,1023.4500856102404,1660900
2025-05-23,1004.3099365234375,1010.8924590508035,1002.8161686456139,1007.795394905026,1413900
2025-05-27,1013.561279296875,1014.7164937837292,1006.7297957108766,1010.7828930289286,1868200
2025-05-28,1008.9306640625,1020.3629480018326,1008.7514192125517,1012.8243922186693,1674700
2025-05-29,1004.5488891601562,1013.3123148671075,999.4302301842638,1011.788703299569,2016700
2025-05-30,1035.8583984375,1048.1171906403918,997.8369721006131,998.1357135287599,5403800
2025-06-02,1052.458984375,1056.0938436989436,1029.9728433279956,1029.9728433279956,2148000
2025-06-03,1051.2041015625,1062.646352107106,1038.925375166403,1049.7701429599442,1992900
2025-06-04,1047.320556640625,1053.4350617872508,1045.010248874832,1050.6168631587648,1422100
2025-06-05,1006.6102905273438,1046.683152684517,1001.8302456935195,1045.63746659267,3289400
2025-06-06,1010.7232055664062,1016.3895676108866,1004.419487958521,1016.3895676108866,1855400
2025-06-09,1001.99951171875,1009.1397047531024,992.8277555849603,1008.2135760148866,1696700
2025-06-10,1003.0850219726562,1007.3073959289378,993.5746516123256,1002.7464078580936,2255000
2025-06-11,992.638671875,1001.2626651212576,989.2527736632368,998.2751293279034,2459800
2025-06-12,998.5440673828125,999.0818019659978,991.2245679241348,994.8494594209138,1720100
2025-06-13,986.095947265625,999.4203615783091,984.5623066798262,994.9290897740191,1786000
2025-06-16,980.270263671875,997.6875882216392,977.3624124184192,988.2071823091842,2109300
2025-06-17,973.6577758789062,982.0029638269298,972.1441324502356,978.9158679050655,1668200
2025-06-18,970.8494873046875,978.567287425919,970.0229187889946,975.9282733944199,1509600
2025-06-20,976.2171020507812,984.5523217925178,969.8536972028105,979.9017415709864,3255700
2025-06-23,1000.306640625,1000.695034869145,977.1831425552676,979.0653047092892,2082900
2025-06-24,997.7572631835938,1001.6610203549737,987.9482117117343,1001.6610203549737,2385100
2025-06-25,982.441162109375,1000.8045511572873,981.9034275496891,998.832796990201,1827700
2025-06-26,978.8262329101562,983.6262143333487,972.442891569093,983.6262143333487,2262800
2025-06-27,981.0469360351562,989.0136974818345,976.2270186160267,978.1589606981089,2129200
2025-06-30,985.8270263671875,987.6195356193274,975.6793610736229,981.0668570073628,2127600
2025-07-01,981.8635864257812,992.6983874080715,970.4511781903258,985.8867792800642,2200600
2025-07-02,978.2785034179688,981.6046532227925,972.811322842264,979.7822394370346,1606100
2025-07-03,982.919189453125,983.5664523909853,973.2694466343024,978.328296697042,1101400
2025-07-07,988.0577392578125,988.7648112712626,972.1441515097308,980.9075776102391,1832600
2025-07-08,981.744140625,991.7324372079717,979.8420420966182,985.3889076172163,1716200
2025-07-09,978.0096435546875,984.2834561862325,968.2404045305703,984.2834561862325,2922600
2025-07-10,966.13916015625,983.8950978168656,965.0437547041021,982.8992525761603,2897000
2025-07-11,966.2985229492188,974.9125477545836,961.6877546531628,969.246185941725,1942000
2025-07-14,976.83447265625,977.4120798817866,965.5914024106833,967.0652338328457,1679300
2025-07-15,963.6595458984375,976.1773282662447,962.6437642704906,975.1814829938486,1878000
2025-07-16,947.4172973632812,965.5616295536499,946.1824589695566,963.9682406733834,2950300
2025-07-17,949.9466552734375,950.7831919741304,943.5732825476831,946.4114170170689,2280600
2025-07-18,946.9990234375,956.2703399978013,945.7044368087403,955.961630411085,2115500
2025-07-21,943.6231079101562,951.7890509888389,942.6670746037335,947.5567087424893,1742400
2025-07-22,937.6978149414062,953.7209914788646,937.3393252452238,944.857944595525,1799900
2025-07-23,937.2796020507812,944.5592284651486,932.1111627236469,938.4646603406351,2401600
2025-07-24,929.9202880859375,938.9825163863262,929.6115784877774,937.4190320402992,2057100
2025-07-25,931.59326171875,937.3791199831633,930.4679517639502,932.4098620883478,1827700
2025-07-28,930.1094360351562,936.3334684509223,927.022340269563,931.613171991856,2006300
2025-07-29,930.6870727539062,937.877046053284,923.5269432046554,930.1094655085813,2065900
2025-07-30,923.6564331054688,933.8538786913203,921.2962847368576,931.1153042670056,1699600
2025-07-31,935.7360229492188,942.0198038953793,921.1568342498393,921.5153239437005,2564400
2025-08-01,949.876708984375,954.0650049941522,936.8928209298832,936.8928209298832,2934500
2025-08-04,952.71875,957.5153993452251,946.0273489941757,949.9564175436993,2389900
2025-08-05,941.0112915039062,948.8594462160636,933.0833417612109,948.689935033723,2462300
2025-08-06,965.8721313476562,967.8565991285699,940.043982502129,941.0113222899482,2753000
2025-08-07,974.7374267578125,979.2747875821105,968.2654473197498,971.9750944889091,1893300
2025-08-08,978.2576904296875,985.4576860603272,974.2887546931455,974.438362778663,2189700
2025-08-11,985.99609375,986.8337894094432,973.6105780888473,980.4315620146749,2290100
2025-08-12,988.4991455078125,988.9977579393424,977.3302148683902,985.7567771343987,1588500
2025-08-13,976.133544921875,983.662641423634,967.4078272622779,981.2294102930696,2352600
2025-08-14,972.6831665039062,985.5473306215812,972.4737273725528,977.8786690474459,1808700
2025-08-15,969.3424682617188,977.2804003641112,964.5358369478713,976.4228015593334,1638300
2025-08-18,976.6321411132812,978.5568386526352,967.3081130298704,970.5989428907345,2078500
2025-08-19,978.1279907226562,985.7867312965486,974.0792601795843,975.9041987365819,1673400
2025-08-20,991.8099365234375,996.5267906351851,976.2831381460671,976.2831381460671,2229600
2025-08-21,966.989013671875,986.5745249094402,964.8350347134926,986.1557075025447,2145600
2025-08-22,955.8798828125,970.7983884334384,950.4649591978582,968.8438058218834,3136000
2025-08-25,938.967041015625,955.640612174775,937.9498521377258,952.309915084277,2284300
2025-08-26,938.7276611328125,941.430101505096,930.6600853664822,938.7276611328125,4341300
2025-08-27,946.885009765625,949.3581080490401,934.6190947610247,937.8800396722336,1893600
2025-08-28,942.337646484375,948.360862860474,941.5099327898291,947.6528112825158,2067900
2025-08-29,940.7021484375,945.977445957824,937.8500999875301,942.3774788738273,1609000
2025-09-02,936.2147216796875,941.888933999918,933.9809475616671,936.0551316050976,1793900
2025-09-03,947.144287109375,947.4534243912542,933.901111328461,936.394173558382,1670500
2025-09-04,953.2472534179688,956.8372385126654,948.4705074576453,950.7541913061588,1471900
2025-09-05,960.8062133789062,966.8593757388833,953.5663509703377,956.0494920629359,1928500
2025-09-08,969.1529541015625,969.6416454093346,955.929803608997,961.0554931221886,1737000
2025-09-09,976.532470703125,977.1507452638715,960.4372464173724,967.3081404973514,1496800
2025-09-10,953.6361694335938,978.2776184104333,951.312679260117,973.6804262691147,2277500
2025-09-11,961.6438598632812,962.4814946395625,951.6317444349727,955.1419344642501,1532000
2025-09-12,965.2140502929688,966.8793989116009,957.3359488674349,957.6251221903077,1461600
2025-09-15,957.4356079101562,967.0488706118418,957.0467364548051,965.1342158347279,2199400
2025-09-16,949.4279174804688,956.9170862151027,948.1614223809087,956.4383768745587,2012600
2025-09-17,960.3574829101562,961.3047978313489,950.8439188236695,950.8439188236695,1556800
2025-09-18,949.717041015625,959.8687826577675,948.0317285889704,954.7131472393785,1860900
2025-09-19,948.5203857421875,954.7829871755207,941.1708432794597,952.3497560448171,4606000
2025-09-22,940.6423950195312,947.3636812935524,937.0024996871969,944.7509568522999,2794300
2025-09-23,940.9813842773438,942.3675414857946,930.9094372087554,940.143749452425,3258500
2025-09-24,942.6467895507812,951.0134601048325,940.492749707423,941.6595466499823,2149800
2025-09-25,940.6921997070312,950.3553112349113,933.0235379403997,949.8068497237232,2991500
2025-09-26,913.4081420898438,925.0557213981313,902.5383665386728,922.9814766028597,4812900
2025-09-29,914.3256225585938,914.6746269400182,900.7832908799999,913.7971249925125,4107000
2025-09-30,923.061279296875,927.9277416266848,910.8352924136141,913.7073049645109,3096700
2025-10-01,914.7943115234375,921.4358025400243,908.6413901008658,920.4385776455005,2642100
2025-10-02,914.2258911132812,915.9610527008768,907.4846410502905,910.0275523723109,2063800
2025-10-03,912.8397216796875,915.552144156007,908.6713289570698,913.0491608175795,2319200
2025-10-06,908.4120483398438,913.2386436128722,901.7406113572667,912.9593914266825,2504000
2025-10-07,912.2613525390625,915.0934981173193,901.3716733608234,906.208189918375,2601800
2025-10-08,912.2613525390625,913.8369849687188,908.4320428979535,910.0076144618304,2376900
2025-10-09,940.2733764648438,941.1509392236096,924.7067107826824,929.7227202508925,3742900
2025-10-10,927.4291381835938,942.826293060878,926.4219312969425,941.7991221991953,3142500
2025-10-13,932.9636840820312,933.3825014792409,920.4385423221165,926.4218914596383,2169600
2025-10-14,943.8833618164062,944.7908097059807,933.3526691733917,937.6507061123073,1925900
2025-10-15,952.3397827148438,961.3247886627576,942.6368040656592,943.3747407416687,2009800
2025-10-16,923.05126953125,955.2417172097425,918.6036247464413,952.8882202834607,2721400
2025-10-17,933.7315673828125,936.2146475381801,925.5742753565713,927.0002995981664,2502200
2025-10-20,933.5121459960938,937.1919081519417,928.9149540145005,933.5919410270467,1523700
2025-10-21,934.8983154296875,940.7520205461026,932.4052532552083,933.5121582528909,1448200
2025-10-22,942.0584106445312,950.3553291112848,929.9122186739487,937.3914054193157,2372400
2025-10-23,939.4357299804688,942.8462221872045,931.8967119696019,942.8462221872045,1974800
2025-10-24,929.55322265625,940.38307034319,927.5687548656301,937.3913956761385,1639400
2025-10-27,927.26953125,930.6102711208102,922.5526770399263,927.6285784651494,1967600
2025-10-28,921.5953369140625,928.1371298242194,917.6463652636845,924.297838305068,2090800
2025-10-29,909.887939453125,917.3272592270362,906.7766025891217,916.4496964330067,2449600
2025-10-30,917.6264038085938,920.4385853385486,907.8436299461814,910.1571990247069,2677100
2025-10-31,910.20654296875,918.7448662198725,908.4389382323969,914.9600587680158,2456300
2025-11-03,926.7738647460938,927.9223201962982,907.1407134558971,911.1552485250119,3206600
2025-11-04,939.45654296875,939.8859490074905,927.7025812213091,931.9368478082878,2554500
2025-11-05,933.75439453125,943.9904107489779,926.174722532658,938.7175848452812,2974800
2025-11-06,922.3200073242188,923.7380529985094,907.0608240675101,923.0989115009546,3247700
2025-11-07,921.4810791015625,935.7216336737008,919.5337273320354,928.261854388938,2584000
2025-11-10,914.3109130859375,920.7421295307134,907.8297770457726,917.7462223847349,2612700
2025-11-11,912.6132202148438,917.6363871200346,911.7544081280829,915.2496331318598,1663400
2025-11-12,912.7530517578125,916.8474338455554,910.4262134543085,914.2210170152216,1829700
2025-11-13,923.8179321289062,925.4856366844587,910.4761128288293,915.0998010045206,2430600
2025-11-14,921.7207641601562,927.6227353140134,913.8515099229376,925.8651267196457,1739100
2025-11-17,911.344970703125,923.6381736028417,907.5700985398955,920.7620979409198,2481900
2025-11-18,893.85888671875,917.6563322911068,892.9500940709416,911.3450081120343,2984700
2025-11-19,889.3849487304688,893.7789702835674,872.7776318143002,893.7789702835674,3462300
2025-11-20,892.0712890625,903.3359293506932,889.7844351841115,892.2810245084216,2648300
2025-11-21,897.7835083007812,904.084897255283,890.9128896717092,893.2996436707263,2870100
2025-11-24,884.9110717773438,900.1302702679427,880.1176325526342,897.7735046173111,3661200
2025-11-25,893.10986328125,894.4979205507179,883.9224028500946,885.4502837429832,2534700
2025-11-26,907.0208740234375,910.7557618030913,894.3981040998192,894.7975827620662,1936200
2025-11-28,912.3436279296875,912.9527810862122,901.7680489093622,903.7853125543833,1092600
2025-12-01,910.7158203125,917.3267836643506,904.9736651295682,911.9541188083437,2149400
2025-12-02,920.7720947265625,921.7407420891878,903.7652996649134,910.7158260116449,2160600
2025-12-03,921.0017700195312,925.0562285216299,914.7702930066393,919.5537360648062,1886800
2025-12-04,894.6377563476562,906.7212847911904,886.8684023593892,905.792560911918,3787800
2025-12-05,893.4594116210938,904.654140147429,891.7817109013737,896.0259127729648,2359800
2025-12-08,886.3092041015625,892.780344138364,881.695511897267,892.2810262725147,2407900
2025-12-09,887.2279052734375,887.8071310469627,880.3073671747501,885.6400476888742,1899500
2025-12-10,873.217041015625,888.3663889106006,869.901624032856,886.6087802751789,3318300
2025-12-11,883.2733154296875,884.791261251563,871.3595984248044,874.6650802697342,3041600
2025-12-12,883.2633056640625,887.4076682811873,865.9370003096327,882.0949189386505,4808900
2025-12-15,859.3859252929688,886.2791770586406,850.2384492090183,880.9065121806386,4771400
2025-12-16,859.2161865234375,862.411832961149,842.9084484384815,856.2701990112989,3843300
2025-12-17,861.47314453125,867.3950471486207,857.0591306800118,857.3287818341154,2363700
2025-12-18,856.4200439453125,861.9724561753455,851.3469573618789,859.1263077689413,2467500
2025-12-19,854.4526977539062,857.2788539341103,848.1613048502358,855.401413887037,10097600
2025-12-22,848.84033203125,854.3328282973346,846.1539996012169,852.8348747702206,2373300
2025-12-23,853.623779296875,853.8135225160024,845.6446898880914,847.9415397841343,1903300
2025-12-24,870.6705322265625,874.8048987738784,857.1789537728506,857.428612705149,1822200
2025-12-26,872.158447265625,876.3927137509249,867.814406435797,869.4521835804228,1324100
2025-12-29,866.6560668945312,873.3069541000646,864.5089756740788,872.0985829127179,1792500
2025-12-30,864.4690551757812,866.6360776712293,860.2547806459872,862.8212818193292,1680800
2025-12-31,861.16357421875,866.815825710427,860.164938474844,863.4005085327973,1490000
2026-01-02,853.334228515625,861.922471384998,851.3369570621069,859.9651843697583,2373400
2026-01-05,874.5452270507812,877.5711225094286,859.6755266982575,862.7713339708414,2805600
2026-01-06,887.886962890625,892.8602100477386,870.1112598932498,874.7549402078829,2742300
2026-01-07,881.3759155273438,892.3808395234637,878.4199319047672,890.7830467799491,2680100
2026-01-08,914.0612182617188,930.398883294418,894.7775657941196,899.9005716887121,5207200
2026-01-09,923.6182250976562,928.5814154524843,910.0867230548346,914.7203465500006,2895400
2026-01-12,941.7933959960938,943.541008513724,915.7489592382527,919.1443450818322,3246400
2026-01-13,940.6448974609375,941.6136057641919,928.3317024768598,936.7402587763102,2222100
2026-01-14,949.6825561523438,954.3062443081553,937.0098667123475,937.0498511494565,2894900
2026-01-15,955.4447021484375,956.9726440202234,948.7039112004345,953.2376953175976,2185900
2026-01-16,962.2953491210938,963.6634751779311,949.702567351749,960.687560244356,3862900
2026-01-20,962.9444580078125,968.5767779150913,952.8282736149044,957.0724752877788,3209900
2026-01-21,981.5191040039062,988.2898835450111,958.2908270524215,958.2908270524215,4073700
2026-01-22,974.8381958007812,982.6575304111296,970.2344998446858,976.5558809025782,2074400
2026-01-23,981.9085693359375,983.506362103352,969.685277904744,970.1146839490881,1680600
2026-01-26,976.336181640625,991.6452845195246,975.0179751566444,985.0842404285677,2458700
2026-01-27,968.956298828125,976.665737354838,960.3979833655029,976.3461666091662,2077900
2026-01-28,959.46923828125,968.7764693790207,954.3062478205512,968.1873084483533,2474800
2026-01-29,951.5899658203125,958.9898293753267,947.2159366746024,956.6829833972647,1825000
2026-01-30,940.25,951.1199951171875,930.2999877929688,948.8300170898438,2396300
2026-02-02,968.3599853515625,970.3200073242188,931.27001953125,944.22998046875,2451300
2026-02-03,977.9199829101562,990.6500244140625,964.280029296875,964.3499755859375,2960700
2026-02-04,978.3499755859375,994.5999755859375,975.1900024414062,983.3099975585938,2631500
2026-02-05,989.2899780273438,1000.9500122070312,987.3300170898438,995.5,2988800
2026-02-06,1001.1599731445312,1001.3699951171875,983.5,988.1500244140625,2358600
2026-02-09,997.5900268554688,1009.6199951171875,992.6799926757812,1001.3200073242188,1861700
2026-02-10,971.22998046875,997.4500122070312,969.0,996.010009765625,1781500
2026-02-11,978.1400146484375,989.5700073242188,967.1199951171875,973.2899780273438,1769400
2026-02-12,998.8599853515625,1009.2100219726562,978.1400146484375,978.75,2970400
2026-02-13,1018.47998046875,1022.8800048828125,993.760009765625,1000.0,2661600
2026-02-17,1012.0499877929688,1028.43994140625,1010.47998046875,1022.3400268554688,1732200
2026-02-18,996.0800170898438,1016.0,993.5,1010.0,1926800
2026-02-19,987.8200073242188,1007.8599853515625,984.1099853515625,992.3099975585938,1750000
2026-02-20,985.27001953125,987.3699951171875,977.8099975585938,983.1300048828125,1662200
2026-02-23,986.02001953125,991.3099975585938,978.0599975585938,981.7999877929688,1489300
2026-02-24,998.4299926757812,998.8800048828125,985.0399780273438,986.3800048828125,1671100
2026-02-25,994.760009765625,1002.5,991.4400024414062,997.6799926757812,1554600
2026-02-26,986.739990234375,1005.52001953125,983.530029296875,996.9199829101562,1804400
2026-02-27,1010.7899780273438,1014.1900024414062,989.5800170898438,990.530029296875,3935000
2026-03-02,1002.77001953125,1020.8200073242188,1002.489990234375,1010.9099731445312,1986900
2026-03-03,1007.77001953125,1015.75,1000.6300048828125,1002.5399780273438,1947100
2026-03-04,1006.739990234375,1014.0,997.0,1005.0,1806600
2026-03-05,982.5700073242188,999.25,978.8099975585938,996.5,2766000
2026-03-06,998.0999755859375,1002.5,960.4600219726562,967.010009765625,2708900
2026-03-09,1005.2999877929688,1007.4099731445312,987.989990234375,999.6300048828125,2348200
2026-03-10,997.3599853515625,1010.0999755859375,996.0,1000.5,1613400
2026-03-11,992.22998046875,997.3900146484375,987.8900146484375,996.3200073242188,1260500
2026-03-12,1003.3200073242188,1006.2100219726562,984.0,988.6099853515625,1669200
2026-03-13,1008.4299926757812,1012.8300170898438,1002.0,1006.2899780273438,1467989
