Date,Close,High,Low,Open,Volume
2019-01-02,105.1774673461914,105.34154898942224,103.9806257075296,104.33774371175372,9723500
2019-01-03,102.62935638427734,104.86861220475444,102.25293029887696,104.70453054986005,10594700
2019-01-04,105.79519653320312,106.89552003292034,103.51733204090931,104.18332003005699,10122800
2019-01-07,106.71212768554688,107.5228966127603,105.49598534052461,106.08475582223161,6714700
2019-01-08,107.54220581054688,108.64252937005345,107.30090665514867,107.90898523962628,8730700
2019-01-09,108.74869537353516,108.8741756400463,107.67732659567686,107.90897907360569,5931900
2019-01-10,108.87418365478516,108.98035587401868,107.61942508049755,108.09236937098677,6160100
2019-01-11,108.7293930053711,108.98999283419003,107.84141394526876,108.2757494479221,4819100
2019-01-14,108.50740051269531,108.7776543837421,107.55185793610391,107.7642023673166,6980600
2019-01-15,107.87036895751953,109.24094629713356,106.76039144743451,108.39157598044288,9800900
2019-01-16,107.04995727539062,108.11167205106047,106.9534317253488,107.57115695351546,5899900
2019-01-17,107.14646911621094,107.38776824929428,106.3260535365006,106.86656123817043,6392000
2019-01-18,107.17543029785156,108.03445467432793,106.97273989750084,107.96689120754436,8554700
2019-01-22,106.75074005126953,107.45533679329215,105.93032443276383,106.7700481065937,6986700
2019-01-23,107.25264739990234,107.94758275690481,106.17162457145592,107.32021086643864,6845600
2019-01-24,106.70248413085938,107.24299185550588,106.10405960438257,107.13681964332669,6716800
2019-01-25,107.22367858886719,107.61941269936764,106.80865115180343,107.5904579817925,5706900
2019-01-28,106.95343017578125,107.1271658539276,106.12336053173377,106.90517476532506,6178800
2019-01-29,107.04029846191406,107.06925318008584,106.17162009743473,106.79899932532898,5253700
2019-01-30,106.29708862304688,106.73143146934476,105.1678104776293,106.46117762570961,7853800
2019-01-31,107.63872528076172,107.65803333718819,106.18128366679734,106.26814782911872,8351600
2019-02-01,107.42637634277344,108.15027373763346,107.06925097698439,108.07305624818743,6557700
2019-02-04,107.90898895263672,108.08272464505609,106.82796604826441,107.53256284637243,7037000
2019-02-05,108.73904418945312,108.81625431502096,107.57114991240908,108.12131163785479,13619800
2019-02-06,107.53253936767578,109.95517714029063,107.20436874748495,109.88761368376082,14229000
2019-02-07,107.08855438232422,107.24298936513152,105.98823090335078,107.18507992851143,8658100
2019-02-08,107.62907409667969,107.65802881623756,106.22953461916872,106.61561472896021,6395500
2019-02-11,105.63111114501953,107.91862222005646,105.44772144693583,107.8800134749933,11086400
2019-02-12,105.39945983886719,106.97273492114198,105.35120442990409,106.37431041185071,7610200
2019-02-13,106.3646469116211,106.63490810597885,105.42841253137395,105.4380591939883,6919700
2019-02-14,106.80865478515625,107.61941636030045,105.72763198776529,106.02684056470679,6324300
2019-02-15,108.67147827148438,108.71008701794462,107.16577397886208,107.52289936072025,8197300
2019-02-19,109.55945587158203,109.81040165752572,108.90312196245078,108.9803394491403,8169600
2019-02-20,109.72354125976562,110.11926800581736,109.34711520411382,109.64632377043574,7081500
2019-02-21,110.31231689453125,110.55361603708717,108.94173953214128,109.45329253614138,9480100
2019-02-22,111.23890686035156,111.7408058464319,109.98414834935234,110.64048232429775,8734700
2019-02-25,109.63667297363281,111.7697638369958,109.51120007267365,111.59602816281718,9327700
2019-02-26,109.5498046875,110.04205697308815,108.92242547863118,109.69458563783358,8956000
2019-02-27,108.85486602783203,109.55946275135551,108.5460034255438,109.16372863012026,7249500
2019-02-28,108.91277313232422,109.4822429153937,108.82590897910259,108.97068993167044,6716700
2019-03-01,110.04206085205078,110.4570956635756,109.50154577601003,109.50154577601003,6996900
2019-03-04,110.35092163085938,110.43778578436746,109.15407262529227,110.43778578436746,6015000
2019-03-05,110.03240203857422,110.55360903715759,109.80075693826994,110.25440047577018,5225100
2019-03-06,110.85282135009766,111.0458650767718,110.03240576236186,110.03240576236186,7352800
2019-03-07,110.04206085205078,110.90108519341477,109.52085383079647,110.85282242031397,6324000
2019-03-08,109.84900665283203,109.87796136838647,108.97068170426783,109.51118936492273,6549100
2019-03-11,110.75630187988281,110.99760101251873,110.06135919967296,110.07101322686064,6952700
2019-03-12,110.73700714111328,111.28716889853789,110.07101914280672,110.72735311340674,9920300
2019-03-13,110.11927795410156,110.85282944127502,109.76215992045238,110.84317541327036,17994500
2019-03-14,110.4957046508789,110.77560517110656,109.96484360107065,110.14823330261629,17409600
2019-03-15,110.95899200439453,111.46089832285097,109.72354162644807,110.51500248506159,14932700
2019-03-18,109.18303680419922,110.03240712045331,108.54600354410967,109.09616528515731,21769800
2019-03-19,106.17161560058594,109.75249375217827,105.97857924503994,109.01894234614657,45384400
2019-03-20,106.16195678710938,107.02098104912851,104.28948065836998,106.4708193603762,35588700
2019-03-21,104.87826538085938,106.31640624324393,104.59835748508986,106.26814346802429,27438900
2019-03-22,104.46322631835938,105.20642442511495,103.76828362100255,104.5597445010222,24133800
2019-03-25,104.03853607177734,105.27398646643937,103.58489251914186,104.71417070515027,18187500
2019-03-26,106.30674743652344,106.499783800993,104.50182723688538,104.62730750126934,16693100
2019-03-27,106.44187927246094,107.22368615763666,105.91102556375934,106.6059609262124,10794800
2019-03-28,106.8569107055664,107.39741842491279,106.40326714231553,106.75073849442832,11748900
2019-03-29,107.165771484375,107.71593322186288,106.54804628312071,107.67732447630134,16358800
2019-04-01,108.5942611694336,108.9417325013987,107.50358440259564,107.70627478559778,10785100
2019-04-02,108.06340026855469,109.3664140829869,108.02479152452926,109.21198647075015,9231800
2019-04-03,108.60392761230469,109.17339748491118,108.30471899678807,108.77766330992931,10534900
2019-04-04,110.75630187988281,110.86247408735183,109.09616266912933,109.29885305687968,14378400
2019-04-05,110.99760437011719,111.12307727189189,110.33161638745958,110.96864965154344,10907900
2019-04-08,110.95899200439453,111.79871563496678,110.6501294099079,110.99760074918849,11054200
2019-04-09,112.7928695678711,113.0824314787914,111.26785724957266,111.58637387881194,17340300
2019-04-10,113.08242797851562,113.92214423923501,112.23305032683525,113.48780875016395,14091100
2019-04-11,112.54191589355469,113.75806560450705,112.27166203864644,113.63259270440402,12784500
2019-04-12,125.53345489501953,126.3442164233447,121.9622307774378,123.45828830348322,65253500
2019-04-15,127.44454956054688,128.08158283609063,125.27285726206397,126.48901437496222,32773700
2019-04-16,125.3790283203125,127.5314272714029,125.05086502177407,127.16464786260651,14564300
2019-04-17,127.16462707519531,127.75339747467157,124.78059076319538,125.2921436825092,14253700
2019-04-18,127.84027862548828,128.24565940447874,126.54691879808101,127.18395204837907,11890600
2019-04-22,127.09707641601562,127.59898275281465,126.46970454081493,127.30942083821019,10197500
2019-04-23,128.71859741210938,129.56797498944152,128.03330146172024,128.74755212699762,12159300
2019-04-24,130.3980712890625,131.02544321076533,128.10089858472148,128.47732468328954,11449500
2019-04-25,132.4635772705078,134.04649899288492,130.14709675852384,130.64900307861325,16382500
2019-04-26,135.05029296875,135.1661118362676,132.7241658612393,133.87275205655496,14167600
2019-04-29,134.45187377929688,137.41501934025734,132.8206893574686,137.24129104165604,25746100
2019-04-30,132.2029571533203,134.53873076351894,131.2956701461091,134.2781236017664,15253100
2019-05-01,131.63351440429688,133.36120980375242,131.49838747209213,132.70488319810974,8906700
2019-05-02,129.4714813232422,130.967539114205,127.77274047817251,130.66833050155893,16580400
2019-05-03,129.6548614501953,130.60074999738424,129.12400037299136,130.5138858377685,8874400
2019-05-06,130.30152893066406,130.62004554648883,127.69550129759676,127.927139034393,9955600
2019-05-07,128.79583740234375,131.23778363619166,128.1394960521427,130.6393664536186,10972700
2019-05-08,130.29188537597656,130.97716666732111,128.67034754106737,128.8537372388929,15423500
2019-05-09,128.9405975341797,131.73001484378247,128.21670015562123,130.33048285744874,15297100
2019-05-10,129.37493896484375,129.64520754811153,126.66273901823246,128.3807876974609,9858500
2019-05-13,126.76891326904297,128.04297980371754,126.00641446315556,126.92334825404548,11389900
2019-05-14,128.56419372558594,129.9733873464778,127.45422344421793,128.87306372984318,12001700
2019-05-15,129.99264526367188,130.50421290982948,127.4445273336314,127.93678692784967,9734100
2019-05-16,130.78414916992188,131.65282028438557,130.11816110922456,130.58145138842303,9689400
2019-05-17,130.3401336669922,131.2474207667522,129.36529046817043,129.58728154755948,8964200
2019-05-20,129.24945068359375,129.72238748369344,128.61241753861646,129.5776139178931,8009000
2019-05-21,129.4232177734375,129.88652277838835,128.47732916186115,129.88652277838835,7050300
2019-05-22,129.19155883789062,129.5004140628702,128.74756196280316,129.16260412079035,5093700
2019-05-23,128.1105194091797,128.9019875596092,127.35766736389391,128.09122608433668,6743300
2019-05-24,128.16844177246094,128.65104004135415,127.61828740434245,128.46766507046826,4570100
2019-05-28,128.00436401367188,129.37494137160203,127.97540929487786,128.57384118132626,8938400
2019-05-29,126.99091339111328,127.55071441312808,126.22839989167117,127.36733944535365,7749600
2019-05-30,127.59898376464844,128.0622739950509,126.7689141243231,127.29012852029041,5274000
2019-05-31,127.44454956054688,128.30357392505977,126.2284071753796,126.40215021767834,7420700
2019-06-03,127.85957336425781,128.3228635308938,126.91368497845507,127.42523791255351,7901400
2019-06-04,130.12779235839844,130.18570178891733,128.29391026816907,128.80546320805797,8247500
2019-06-05,131.2088165283203,131.26672596274943,130.24362001388832,130.69726355388977,6842800
2019-06-06,132.4346160888672,132.65660715648832,131.00611468816095,131.75896676768443,6027300
2019-06-07,133.23573303222656,133.93067576687037,132.5504516893923,132.8110588968166,7026300
2019-06-10,132.2995147705078,134.04651838867605,131.3343180994551,134.04651838867605,8479500
2019-06-11,130.37876892089844,132.95584228164304,130.24364197520242,132.80140727863832,6352200
2019-06-12,130.99647521972656,131.53698292417423,130.12780422725433,130.3883966883578,5537000
2019-06-13,136.80697631835938,136.9131485372965,132.8207095037663,133.14887282494223,17939500
2019-06-14,136.7200927734375,137.9748513015033,135.63907729214088,137.10618025085154,11125200
2019-06-17,136.0637664794922,136.55601144567694,134.26850020647595,135.90933148815648,8542700
2019-06-18,134.3939666748047,138.51534514769892,134.1333594946581,137.04825706388297,11231400
2019-06-19,136.01551818847656,136.16030653117204,133.7569614286634,134.65458729689698,6877100
2019-06-20,137.0772247314453,137.27990776914052,135.04065932412593,137.03860862006348,8485800
2019-06-21,135.34951782226562,137.057919962464,135.12752672355606,137.00965718594497,14150000
2019-06-24,134.37466430664062,135.58115998908949,133.0040869787064,135.2433353069116,10497400
2019-06-25,135.06959533691406,135.52323885256862,133.84379170560945,134.18161635862174,14675400
2019-06-26,135.5135955810547,135.84177361530226,134.654571203567,135.47499419758915,8842100
2019-06-27,134.45187377929688,136.80695556742316,134.08509440083242,136.09270486402644,6466300
2019-06-28,134.78005981445312,135.33022897507098,133.78590844171447,134.5580687083927,20078800
2019-07-01,136.7200927734375,137.0096546995652,134.374672100039,135.56185979665807,8972400
2019-07-02,137.56947326660156,137.88798991898366,136.35333082565032,136.47879637157178,7554100
2019-07-03,138.0037841796875,138.02309223243518,137.05789578325732,137.73353035213603,4150900
2019-07-05,138.3437042236328,138.77102306473955,136.64415008128123,137.34339639964932,5596000
2019-07-08,136.9549560546875,138.13006824824976,136.9063943928763,138.08150658643856,4993900
2019-07-09,137.52793884277344,137.63476856629504,135.72155476618687,136.02261630912832,7396300
2019-07-10,139.4022979736328,140.09183797725044,137.9164030613649,138.295160297454,9533700
2019-07-11,139.42172241210938,141.15041076486398,139.40229478484875,139.85874770237876,10471100
2019-07-12,140.70367431640625,141.23780808705644,139.8490365730665,139.99470672525527,8510000
2019-07-15,140.87847900390625,141.16983412826505,139.8199030437086,140.94646828779608,5289200
2019-07-16,140.140380859375,140.81049314549801,139.66450036746284,140.5774061010834,5854700
2019-07-17,138.4602813720703,140.50944424265862,138.26603472101687,140.4317633649639,5296400
2019-07-18,137.54734802246094,138.3534240429329,136.1294277748864,138.3534240429329,8031700
2019-07-19,135.8186798095703,138.1397849056077,135.71185008469251,138.1397849056077,6109900
2019-07-22,136.78012084960938,137.3628310845094,135.974044779537,137.1783056828265,7706400
2019-07-23,137.1880340576172,138.4311355934833,136.22658128067,137.5667913252805,7514500
2019-07-24,137.21714782714844,137.50850294823107,136.3528036865967,137.3239775442475,5896600
2019-07-25,139.08181762695312,139.10123043488358,136.97435727044882,137.32398045938243,7294400
2019-07-26,140.48028564453125,141.00472780036984,138.9264164403841,139.59652874010212,8139400
2019-07-29,142.17013549804688,142.90822226944607,140.98530224728992,141.39319347508447,11674100
2019-07-30,140.75222778320312,142.56833307332911,140.44145983758588,141.55830390746286,6563100
2019-07-31,138.8875732421875,140.82021462601028,138.23688851149845,140.81050822188809,9710700
2019-08-01,137.7610321044922,140.36377120327433,137.188028205903,139.20807182025592,8911700
2019-08-02,137.6250457763672,138.12033907975902,135.9060640003402,136.92579945455742,6539100
2019-08-05,134.3133544921875,136.187713022263,133.0799594792474,135.12913701867825,10669700
2019-08-06,137.78041076660156,137.85810644239044,134.38130275024636,136.36250543552552,18818900
2019-08-07,130.97251892089844,131.9533992713203,128.44746073429027,131.0404933912552,29084500
2019-08-08,133.9151611328125,134.02199084871026,132.08934955890072,133.92486753646253,14054800
2019-08-09,134.52700805664062,135.22625442561852,132.8177325685004,133.14794294530566,8811900
2019-08-12,131.83685302734375,133.60439658617776,131.33183846497155,133.35188189552304,7918900
2019-08-13,133.06053161621094,133.94430342781357,131.10847739864866,131.10847739864866,8145400
2019-08-14,129.02044677734375,131.25413468850607,128.85533418873501,131.16673260202123,11797700
2019-08-15,129.5642852783203,130.40920164485843,128.65137964053068,129.65168735369988,7590100
2019-08-16,131.30270385742188,131.59405898131556,129.97220040166332,130.1567258074272,6353800
2019-08-19,131.39010620117188,133.6529430939473,130.40922592841503,132.84686700449996,11741800
2019-08-20,131.23472595214844,132.11848288557667,129.41862079155302,129.48661007355193,8628000
2019-08-21,131.84654235839844,132.13789744584463,130.18584355214514,130.72969847861253,6325000
2019-08-22,132.15733337402344,132.7303223633451,130.807402375672,132.2738694887502,6967100
2019-08-23,127.87446594238281,132.5069696058308,127.24320883343913,131.60377017081015,10190900
2019-08-26,130.72972106933594,130.7588551012215,128.7291051788568,130.3218298039998,8093800
2019-08-27,130.61317443847656,132.06993519136145,130.32181932411225,131.85627576209006,6013600
2019-08-28,132.61380004882812,132.78860423910896,129.671144294265,130.1955716840453,5950500
2019-08-29,133.86659240722656,134.68237483885346,133.4587011914131,134.13851988443554,6532700
2019-08-30,133.3032989501953,134.50755969309444,132.8177120920975,134.30360669236202,5622200
2019-09-03,132.38072204589844,132.48755177581293,131.16675457820597,132.43899011331746,5997400
2019-09-04,133.9151611328125,134.21622265426885,132.45840036271784,132.798317136648,4285400
2019-09-05,134.83779907226562,135.25541161195457,134.3327992451651,134.91549477311332,5143500
2019-09-06,135.52732849121094,135.77982838489274,134.26479938492483,135.11943720806102,4090000
2019-09-09,134.82806396484375,136.04203124665037,134.48814719836327,135.55644433392771,5458700
2019-09-10,131.87570190429688,134.44932171933067,130.7005897434148,134.1385389475329,10974600
2019-09-11,132.26416015625,132.31272180928943,131.04047170297486,131.65231592961243,7896400
2019-09-12,133.53640747070312,134.67267912327227,132.6040740327571,132.8954291582988,7333900
2019-09-13,134.0414276123047,134.2356594311037,133.15765579499063,133.87632982537863,5209100
2019-09-16,131.8854217529297,133.28391457356483,131.39983479126127,132.36128749124438,6329300
2019-09-17,132.38072204589844,132.78861333677045,131.75917129519743,131.8854286538979,4726500
2019-09-18,132.85658264160156,133.11880372447845,131.80771312903065,132.47782544141788,6857900
2019-09-19,129.45748901367188,133.40045283440867,129.16613386822658,133.05082962366197,12216100
2019-09-20,128.45716857910156,129.38948717134602,127.81619028509797,129.19525536620648,25231600
2019-09-23,128.64170837402344,129.05930606085056,128.0881321075538,128.18525543045888,6096100
2019-09-24,128.1658172607422,130.28296919170774,127.70936435471985,130.14700544218644,11904000
2019-09-25,129.25352478027344,129.57401393063355,127.4374344138364,127.99099580523153,6523000
2019-09-26,127.4859848022461,129.45746636774425,125.33968425248644,129.30207500816417,11615100
2019-09-27,126.21376037597656,127.22377466212221,125.20373127089395,126.34972412255264,8401300
2019-09-30,126.56339263916016,127.08782003675314,126.07780567811784,126.59252667130767,5532500
2019-10-01,125.81556701660156,127.98128041139657,125.7767117665338,127.02953424983983,5978500
2019-10-02,125.41739654541016,125.49509223549198,123.89265382253134,124.80555224785185,8296100
2019-10-03,124.45592498779297,125.69902635063282,123.8635157463037,124.89296508259868,8498700
2019-10-04,126.51480865478516,126.67990641413424,124.90265667205578,124.98035235038513,6732900
2019-10-07,127.12664794921875,127.77734745357621,125.3202640393426,126.51481851545864,5784100
2019-10-08,124.7667007446289,126.29143592278457,124.66957743590771,126.1554721819367,6526000
2019-10-09,125.60192108154297,126.10693565408604,124.36852609086449,125.37855523595063,5004600
2019-10-10,125.61162567138672,126.38856773663039,125.1648939866543,125.49508954822824,4512000
2019-10-11,126.27203369140625,127.21407355293911,126.09721468485438,126.54396119587578,6559000
2019-10-14,125.96123504638672,126.54394523615147,125.74757563140201,126.37884747346979,3710300
2019-10-15,126.01951599121094,127.11694720597748,125.66989280537878,126.26230945862392,5914700
2019-10-16,127.08779907226562,128.02983880680327,125.96123395194125,126.01950200662431,7610800
2019-10-17,128.5542755126953,129.59343862693765,126.74789159083122,128.7096668824966,8005100
2019-10-18,127.116943359375,129.3215121260762,127.116943359375,128.55427649366317,8694000
2019-10-21,126.50509643554688,127.93272313620409,126.27202420290828,127.65108924878697,6257100
2019-10-22,128.5834197998047,129.82652121950906,128.29207948185666,129.31180023255044,9291600
2019-10-23,127.35003662109375,128.85534429170065,126.99069220580976,128.63197844685857,5970800
2019-10-24,126.50509643554688,127.90358910712426,125.89326700593412,127.72878493264531,5746300
2019-10-25,127.12664794921875,127.961858032687,126.28173146230358,126.73818434623021,6696000
2019-10-28,126.767333984375,128.272656564445,126.38857673819699,127.66081223641189,8940300
2019-10-29,125.74758911132812,127.00041170794208,125.70874867668351,126.73819061254471,9305100
2019-10-30,125.86415100097656,126.55367621318975,125.42711086432082,125.95155310073227,10880000
2019-10-31,126.1749038696289,126.39826970415524,125.03863225190344,125.79614666372042,9628300
2019-11-01,128.92332458496094,128.97188623974068,126.74788989368194,127.21406399684373,8507600
2019-11-04,129.08840942382812,130.27324255086086,128.65138421246508,130.25381492710795,7631800
2019-11-05,127.66081237792969,128.94276910114615,127.11695733860334,128.94276910114615,7404500
2019-11-06,127.4859848022461,127.86474197938772,126.8935682104158,127.8064739242791,9132500
2019-11-07,129.12728881835938,129.8459480233227,127.95216187398486,128.53487214406007,18047600
2019-11-08,133.98313903808594,136.20712043791707,132.79830586016996,136.17798641050402,24175900
2019-11-11,132.79832458496094,134.56585337929806,132.28360360283975,133.53641141505568,10138400
2019-11-12,134.58526611328125,135.32335286169854,132.79830988936396,134.05111756294292,17284000
2019-11-13,144.43296813964844,145.59837373116622,132.89541870006934,134.58526644007858,45725400
2019-11-14,142.90823364257812,146.28792948859203,142.0633170905435,143.7337373862227,28393600
2019-11-15,140.4997100830078,142.95677858028162,140.05297843928673,142.89851052405155,13733400
2019-11-18,143.393798828125,144.74372975321668,139.54795906148965,140.57740086953916,15353100
2019-11-19,144.10279846191406,145.17108093793078,142.56834181049564,143.908551812694,11504300
2019-11-20,142.69456481933594,144.69519537233228,141.82051429323076,143.82113002729037,9448400
2019-11-21,142.66543579101562,143.21901201084205,142.04388510603385,142.91795048171704,6241400
2019-11-22,144.01535034179688,145.13220905709406,142.45175999552924,142.96649572172038,9639400
2019-11-25,145.37501525878906,145.88002980759458,143.44237397202684,144.5106711293199,11316800
2019-11-26,147.268798828125,148.98778065465595,146.26849096982886,147.37562854206615,24949900
2019-11-27,147.11341857910156,148.1720093950588,146.7929294130526,147.90978829212096,6155400
2019-11-29,147.21054077148438,148.07488494521294,146.65696453828528,147.11341745441652,6284900
2019-12-02,146.27818298339844,148.56044718447419,144.80200957825616,148.53131315798686,10351000
2019-12-03,144.2969970703125,144.8117179705749,142.6362834430393,143.4812146795874,9273800
2019-12-04,144.00564575195312,145.0253811765195,143.90852244716177,144.99624714886923,7684800
2019-12-05,143.18984985351562,144.539780676932,142.85965435862167,144.4038169543913,7363300
2019-12-06,143.40353393554688,144.3261461272522,142.93735981892652,144.1221930988637,7084900
2019-12-09,141.99534606933594,144.22903424128833,141.20868274231782,143.69490043778376,11515000
2019-12-10,141.8885040283203,142.61688440871427,140.8687685319814,141.0727067398871,7084100
2019-12-11,143.33555603027344,143.62691117155305,142.52947989427298,143.14132420906637,8253700
2019-12-12,143.50062561035156,144.63689710093323,143.00533234079603,143.6560169643461,7748300
2019-12-13,143.01214599609375,144.39947335418455,142.9437493753942,144.03797604482463,9350100
2019-12-16,145.04429626464844,145.229912295605,143.1782372285102,144.19430275111134,9134400
2019-12-17,144.33106994628906,145.0442850669583,144.22360019575805,144.69256723864953,8776100
2019-12-18,142.89491271972656,144.54603237261009,142.8265309991175,144.3701808844251,9467800
2019-12-19,142.7874298095703,143.42248379869275,141.9765392561694,142.81673838823684,10243900
2019-12-20,143.5006561279297,144.47764857998212,142.41619390984263,143.76443335642418,12629900
2019-12-23,141.35125732421875,142.96330377501604,141.0093189190591,142.55296874419165,9314000
2019-12-24,141.9472198486328,142.0839981889137,141.1265498069474,141.25356358996572,3508500
2019-12-26,142.3477783203125,142.50410066967038,141.82997358231935,142.05467764219645,4422000
2019-12-27,142.3966522216797,143.13916113063547,142.10355149971332,142.68975294364606,5495300
2019-12-30,140.4622039794922,142.51387911075287,140.1007066479177,142.3966447911726,6602800
2019-12-31,141.3024139404297,141.43919227853138,139.9639242307337,140.3644946879318,5662900
2020-01-02,144.79025268554688,144.79025268554688,141.76158556696657,141.94720157738908,9502100
2020-01-03,143.12937927246094,144.4971625993486,142.68973569651277,143.0316740743746,7320200
2020-01-06,142.29893493652344,142.67019681335762,140.98976871825226,142.1914651778462,8262500
2020-01-07,142.3477783203125,143.49085754801737,142.0742216627961,142.63111444198861,6906500
2020-01-08,142.05470275878906,142.7679180134425,141.4880602306887,142.14264341317644,6984200
2020-01-09,141.49783325195312,143.25642282904738,141.282893697657,143.1001004427005,6664200
2020-01-10,141.2926483154297,142.15240647212397,140.94093042475677,141.9570109567995,5152500
2020-01-13,140.5696563720703,141.41963489944132,140.06161620379692,141.41963489944132,9921300
2020-01-14,141.85931396484375,143.34434680125491,139.01626209281673,140.11050387593588,14839100
2020-01-15,140.9995574951172,142.35757640387885,140.61851612832484,142.35757640387885,6818200
2020-01-16,141.78114318847656,142.08400847046315,141.11679546124432,141.75183460684704,6948400
2020-01-17,141.0093231201172,142.28918085366408,140.69667837814328,142.19147564486676,10355300
2020-01-21,140.2570343017578,141.26333533669373,139.71968547054888,140.92139692244933,9250200
2020-01-22,140.69667053222656,141.45872341364003,140.23748291038498,141.12654957460768,7550000
2020-01-23,138.92832946777344,140.30589246020867,137.41398812268156,140.29612790206258,11082000
2020-01-24,136.8571014404297,138.97717322548772,135.9973433312001,138.14672369655264,13076300
2020-01-27,132.77325439453125,134.5611521838583,131.8939672426682,132.7341812599303,12831800
2020-01-28,135.18643188476562,135.7335452365176,132.73418635897704,133.35946089065368,10390000
2020-01-29,132.92959594726562,135.48931150335005,132.6658038005194,135.41116522286157,9382700
2020-01-30,134.63931274414062,134.67840078628274,131.7278797287983,131.98189237184155,11847300
2020-01-31,135.1278076171875,135.479525454483,133.90656719709474,135.21573334958137,12379100
2020-02-03,138.0685577392578,138.5570538848266,136.53467268646668,136.57374581871568,12639900
2020-02-04,141.4001007080078,142.24031473759698,139.95415618303588,142.1426244458013,23519700
2020-02-05,138.11740112304688,143.91097340041,135.3818345212335,143.22708174995665,27824100
2020-02-06,139.4168243408203,140.6380649445551,137.97087964016052,138.6547713967076,9504600
2020-02-07,137.77548217773438,138.72316606545542,136.8961800108404,138.62546085544875,10948900
2020-02-10,139.30934143066406,139.30934143066406,137.22835777544532,137.78523568620386,8162100
2020-02-11,137.7657012939453,139.70015709656565,137.22836736760595,139.5633787485975,10790100
2020-02-12,138.58639526367188,138.94787772648374,137.62893185817228,138.08811953631195,8168200
2020-02-13,137.65821838378906,138.6352107496292,137.58007211331582,137.92201049672764,7543100
2020-02-14,136.3295135498047,138.0294857002306,135.92895799387094,137.8536342231457,9110500
2020-02-18,135.93873596191406,136.44677623648082,134.92267032050304,135.82150163229193,8214900
2020-02-19,138.0490264892578,138.6059043947052,136.02664510382107,136.41745100105845,7080900
2020-02-20,137.1404266357422,138.37144667445313,135.6554088323108,138.37144667445313,5981700
2020-02-21,135.7726287841797,136.66169540519525,135.39160236199018,136.6421513839311,7725800
2020-02-24,129.9497528076172,131.34685968142279,128.19117842664468,129.8422830480937,19336500
2020-02-25,125.24066162109375,130.85836807718383,125.03549410585636,130.67273713079064,21032500
2020-02-26,120.52178192138672,125.41650843235236,119.32007800104412,123.21828300698591,31195900
2020-02-27,115.32418060302734,120.07236413210151,115.20693883487802,117.05345382353349,30827500
2020-02-28,114.94316101074219,115.58797213926653,110.60531223138294,111.87540537336888,35389900
2020-03-02,117.21954345703125,117.21954345703125,113.3604192672585,116.38909401043992,21775900
2020-03-03,113.77076721191406,118.97813873146438,112.50068150602964,118.36263617464923,19529700
2020-03-04,116.43795776367188,116.49657492406433,112.82308876483005,116.22301823708526,13842100
2020-03-05,111.35760498046875,114.26903836612668,109.53062637866819,114.17134060992505,22397200
2020-03-06,112.61790466308594,113.20410603491582,107.78179552250988,108.21167454082244,22899600
2020-03-09,101.94915771484375,107.88927342777744,101.88076854347835,106.18930870108007,26233600
2020-03-10,108.89556884765625,109.0128106156418,100.07332892443557,105.61287388266341,24083700
2020-03-11,103.08248138427734,106.39448538295939,100.49344975287795,105.92552570042986,24771300
2020-03-12,89.69766998291016,97.69924013522004,89.5315830636068,95.37400090339158,40392900
2020-03-13,100.1612548828125,100.50320817673254,90.12754648353142,98.46129023947229,40960100
2020-03-16,92.82405853271484,96.01882069430866,87.92932407227697,89.68791353526697,35379500
2020-03-17,91.37809753417969,95.21767794562732,89.05285831689824,93.59587444553634,27526200
2020-03-18,86.75692749023438,87.28449682311978,77.25078822551828,85.57476013516698,43592500
2020-03-19,92.74588775634766,95.15906014902575,83.15182279758163,85.97533020458238,30866800
2020-03-20,84.00181579589844,94.75849751685237,83.86502999263489,93.78150504748508,31957800
2020-03-23,83.786865234375,85.27189031269766,79.2243053378898,82.54608078739315,32246600
2020-03-24,95.86249542236328,96.88833295347065,89.68790385229192,90.20570862330712,32538100
2020-03-25,98.41243743896484,103.48302239601874,93.31253645173426,98.34404827627193,28533000
2020-03-26,102.93592071533203,105.25139540595498,98.48083771956185,98.51014629918761,24520300
2020-03-27,94.18207550048828,99.15496358974553,93.34186138085622,98.13889052754254,30591500
2020-03-30,97.50384521484375,98.14865632755348,89.9809992074933,93.79127108613983,23119200
2020-03-31,94.3774642944336,100.78653950333769,93.94759270730829,97.91417946376998,21563200
2020-04-01,92.73611450195312,95.15905887311163,90.43041189925496,91.34878711754364,18303900
2020-04-02,94.73896026611328,95.02228897465635,92.03268697125833,92.03268697125833,13936500
2020-04-03,91.72003936767578,94.69009701368607,90.57696010419758,94.09413108236288,14814600
2020-04-06,97.28890228271484,97.88486822649516,92.3453158071952,95.02228027573179,20407400
2020-04-07,98.91071319580078,103.4537295627622,97.94349276085443,102.44742853549285,22899600
2020-04-08,98.74462890625,99.99517807854406,96.38030891151524,98.2170520765895,22562500
2020-04-09,102.095703125,105.5054044245818,101.1480193292125,105.43701525652808,31453600
2020-04-13,101.11870574951172,102.45718791963395,97.31820619736061,102.30086556960804,17306000
2020-04-14,103.59049987792969,105.16345819114487,101.50950881162339,103.0726951140502,19866900
2020-04-15,100.99171447753906,102.46696774294608,100.3371238566012,101.98824351892014,14157600
2020-04-16,99.67276763916016,101.33365929597055,98.56876884109244,101.14802834305632,18029300
2020-04-17,104.17669677734375,104.3330191389698,101.94915530119586,103.76636175886608,17926900
2020-04-20,99.90724182128906,102.44742049195786,99.6532217180641,101.19687145125077,17021000
2020-04-21,98.22681427001953,99.17449806632018,96.84925144351398,97.70900950392378,16101400
2020-04-22,98.66646575927734,100.26873278617897,98.56876800473181,99.45783471497622,11463800
2020-04-23,98.67623138427734,100.17102854827299,97.17166220930135,98.33428553856925,17132200
2020-04-24,98.86186981201172,99.57507013653074,97.23028673228625,99.43829178788707,13614100
2020-04-27,103.61981201171875,104.06922762322003,99.27219879425819,99.65322523561494,15518300
2020-04-28,103.766357421875,107.52777650842998,103.54165335375481,106.28699949378941,16503700
2020-04-29,109.66740417480469,110.10704780242432,106.06229959442415,107.41055396633152,20139800
2020-04-30,105.66172790527344,107.77202758040173,104.40140683443751,106.92204897610938,18638700
2020-05-01,103.07269287109375,104.45025566172613,102.06639194373764,103.91290688796313,13209100
2020-05-04,100.80607604980469,101.44112260007061,98.23658872324253,99.66299673164232,19514800
2020-05-05,98.73485565185547,102.76006727164769,98.57854073421646,99.17450673130334,30169800
2020-05-06,98.55899810791016,102.84799447307834,96.58547658984507,99.14519955548333,51992400
2020-05-07,103.1410903930664,103.18017098467519,99.48714079704457,99.5066773659186,20868800
2020-05-08,106.64849090576172,106.66802747350327,104.17669394335009,106.54102114853251,24079700
2020-05-11,105.29046630859375,106.30653928593557,103.96176351930409,105.90597628311583,20555900
2020-05-12,102.1543197631836,106.92204729651073,102.08593059547736,106.5507854256538,17049700
2020-05-13,100.55205535888672,102.13478571988487,99.26242569750836,102.09570512967821,21085800
2020-05-14,103.47327423095703,103.48303878870303,97.36707140231103,99.63369359414999,22002200
2020-05-15,106.54102325439453,106.86342507859442,101.8709933626683,102.56466451989877,29766000
2020-05-18,114.16156768798828,117.02415589965379,111.8363283119392,111.8363283119392,40044600
2020-05-19,111.73863220214844,113.79031491168568,110.81048487731086,112.45183253571287,20332600
2020-05-20,117.16093444824219,118.08908176099663,113.3702063727911,113.74146082557631,25749900
2020-05-21,115.1190185546875,117.5321910229687,113.81961684809599,116.59427174104627,17578300
2020-05-22,115.30464172363281,115.84199053428935,114.14202581654234,114.79660894671623,9288200
2020-05-26,118.16722869873047,119.69134192296727,117.65919592655855,118.26493390256323,16466400
2020-05-27,118.73389434814453,120.9321274178945,116.95576834099009,120.83442966112227,19345400
2020-05-28,114.0638656616211,119.17353932599026,113.3311213425957,118.8022774338799,18606000
2020-05-29,114.60121154785156,115.04085514648503,111.49437541644176,113.51674938710453,17745100
2020-06-01,116.03738403320312,116.89714211541377,114.23972159559989,114.56213087642888,10538300
2020-06-02,116.0178451538086,117.0925352813034,115.11901395291189,116.26209324886925,10753100
2020-06-03,119.36892700195312,119.632711659806,116.57472825232246,117.22931134546792,12584300
2020-06-04,120.84419250488281,121.63555396471912,119.04652261044096,119.14422035980117,14195100
2020-06-05,121.94819641113281,124.87917373950857,121.42061959756188,123.40391306381174,16581600
2020-06-08,124.35159301757812,124.50791538136481,121.08844193906684,122.2217492610781,13858100
2020-06-09,121.03958892822266,122.89587599568868,120.66833449627367,122.73955363242983,10882800
2020-06-10,119.36892700195312,121.24475054672527,118.14768655032644,121.16658936889472,11497100
2020-06-11,110.04842376708984,115.28510364773655,109.66739732591888,114.8943051954467,26078800
2020-06-12,112.83285522460938,114.30811590153067,110.29267636201419,112.52021794081091,18361900
2020-06-15,114.38627624511719,115.4023492734585,109.13982417814563,109.50131406301134,14156400
2020-06-16,115.71498107910156,118.7045754078415,113.37996986286109,118.45055529931172,12951200
2020-06-17,114.94316101074219,116.48681084082092,114.44489278379561,115.91038143045905,8921600
2020-06-18,115.64659881591797,115.80291373167518,113.26273485626864,114.19087470082806,9577300
2020-06-19,111.71907806396484,117.3563283162275,111.71907806396484,117.21954997823232,23496300
2020-06-22,113.25296020507812,113.51675233419508,110.50761387393023,111.5627674826767,12868000
2020-06-23,113.90754699707031,114.74776110649724,113.3018164441306,114.26903688959243,10187600
2020-06-24,109.49153900146484,113.33111946779543,107.4984735922231,113.18456911564256,22252500
2020-06-25,108.7978744506836,108.94442480171212,106.00367558548545,106.4823997752422,17240400
2020-06-26,106.5898666381836,108.64154913522829,105.53471308409424,108.39730104144058,15270900
2020-06-29,108.95419311523438,109.00304571854828,105.61288077511978,106.49217545774486,12584300
2020-06-30,108.94441986083984,109.47199662829948,107.4007701472202,108.934647850185,10565900
2020-07-01,110.409912109375,112.94031882227274,109.70647639577643,110.22428116999193,11930900
2020-07-02,109.59901428222656,112.45183047184773,109.42315534155891,112.35413271677923,10312000
2020-07-06,111.7972412109375,111.89493896067293,110.30244402378975,111.21104725866434,11933400
2020-07-07,111.0156478881836,112.43229139357918,110.0191188825439,111.0156478881836,10836500
2020-07-08,113.97593688964844,114.43511705611475,110.21451018894295,110.86910076146222,13629500
2020-07-09,114.12248229980469,115.1385553120014,112.72538283976681,113.82938904585181,13582900
2020-07-10,116.59426879882812,116.69197400138076,113.53628528698566,114.14202325505401,14207900
2020-07-13,113.54606628417969,117.36610297354802,113.2236569795052,117.18047947250052,15620200
2020-07-14,115.92991638183594,116.3402513818668,111.90470519724614,112.57883230719695,12425100
2020-07-15,118.1183853149414,119.28100122853917,116.94598993618165,118.83158560886582,15314200
2020-07-16,116.68220520019531,117.22931857101068,114.89430727988858,115.01154905386072,10210100
2020-07-17,115.92015838623047,116.80921766045338,114.36673647850104,116.1644065044257,9843500
2020-07-20,115.07994079589844,115.76383252469459,114.13225693323747,115.33396091824878,8947900
2020-07-21,115.89083862304688,117.620111853323,114.95292683413403,115.33395326544674,8946300
2020-07-22,116.29141235351562,116.55520449421947,115.21672212874765,115.47074225768368,7063300
2020-07-23,115.40235137939453,116.60404792395988,114.31788915886821,116.12532370845845,7255800
2020-07-24,114.90408325195312,115.49027723429876,112.87193715621808,113.03802408467484,8233300
2020-07-27,113.63397979736328,114.71844192082096,113.01847728966847,114.50350240750716,9413000
2020-07-28,113.50697326660156,114.15178435150986,112.0414847190661,112.80353757116691,6821100
2020-07-29,112.95008850097656,114.02477861728984,112.46159231593778,113.5460544430327,9496500
2020-07-30,112.99894714355469,113.61444968622739,110.76163360197523,112.26620282681358,9713500
2020-07-31,114.2494888305664,114.35695858635005,111.49437067672976,112.56906078070601,9601000
2020-08-03,113.67306518554688,114.42535351390529,112.69607277749944,113.49720625394392,10229200
2020-08-04,114.59144592285156,115.62705553974833,113.09664865956144,113.29204416898543,17293900
2020-08-05,124.67400360107422,127.31188015963549,120.44362462375621,120.53155781776726,53000200
2020-08-06,127.81015014648438,128.6015115880533,122.72001329369213,124.03895151426046,27238000
2020-08-07,126.94061279296875,128.90437701794627,125.69984320377831,127.22394893152641,16088600
2020-08-10,125.82685089111328,128.29865550108323,125.53376508272154,126.76477020113191,8529200
2020-08-11,127.48773956298828,129.7055015064576,127.00900793552883,127.52681269834066,13885700
2020-08-12,128.75782775878906,129.9399951765598,127.48774950654887,127.66360099093106,12204200
2020-08-13,127.94692993164062,129.30494875719663,127.4486542718856,127.63428521118878,6468600
2020-08-14,127.5268325805664,128.0641814486907,126.75501504833174,127.01879229545592,6507600
2020-08-17,126.39350891113281,127.14579727432509,125.58260338597886,127.10672413559122,7492200
2020-08-18,125.953857421875,126.60844053576604,125.40674406744193,126.46189764001463,6714600
2020-08-19,124.83031463623047,127.22395046875668,124.49814080082984,126.27626665597425,7624200
2020-08-20,125.17225646972656,125.49466573765133,123.6188421942239,123.88263430574786,4918100
2020-08-21,124.5079116821289,125.35789028491862,124.30274417615,124.78146835676746,6064700
2020-08-24,127.6831283569336,127.8687592824903,124.98662747360304,125.20155952220676,7613600
2020-08-25,126.80384063720703,128.0739337748156,126.33488844605297,127.81992111038245,5494400
2020-08-26,129.1388397216797,129.54918962129108,126.54005143970055,127.00900358647363,8447800
2020-08-27,130.65318298339844,133.22267763814605,129.76413127345887,129.9399827410117,13667600
2020-08-28,132.42153930664062,133.6525592341186,130.5066426092401,131.40547380095958,11020100
2020-08-31,128.83599853515625,132.4215592860919,128.23026794466983,132.13823801536455,11617500
2020-09-01,130.47735595703125,130.53597312386242,127.87855223754693,128.88485335541017,7351200
2020-09-02,132.27499389648438,132.79279865025262,130.19399541695378,130.55549272432197,8187800
2020-09-03,130.17446899414062,134.08243848160268,128.98253710784707,132.12845373787167,12079200
2020-09-04,128.95323181152344,131.776739241772,126.44235419621447,130.6727330629934,11248300
2020-09-08,131.11236572265625,133.98472551467492,127.84921496763245,128.95322105431546,17257300
2020-09-09,130.2917022705078,132.43131793308632,129.2170047069276,131.19053345653833,8891800
2020-09-10,130.15492248535156,133.60370429951485,129.68597032997928,130.50664032881085,9853400
2020-09-11,128.71873474121094,130.66295477315126,128.07391624928468,130.66295477315126,7165300
2020-09-14,128.2302703857422,129.87161069097263,127.88831703495767,129.48081963955292,8391900
2020-09-15,128.22048950195312,129.49056771122065,127.99577051366144,128.4354290251845,7289100
2020-09-16,129.05091857910156,130.54571571262625,128.3767914585472,129.12907975763022,6601000
2020-09-17,127.22393798828125,128.7382790287506,125.64121523910028,127.5463472349143,6723500
2020-09-18,125.6705322265625,127.7808243974737,125.17225658127096,126.52051081057228,9916300
2020-09-21,122.52462005615234,123.9705646292027,120.746486738334,123.08150542415397,10352700
2020-09-22,124.283203125,124.53722323774764,121.83095009782903,122.37807091404399,6978800
2020-09-23,120.4436264038086,124.37114017350626,120.07237196125232,124.14642863336643,8323600
2020-09-24,119.67180633544922,120.95167154803354,118.00115009543195,119.12469293395426,8480000
2020-09-25,121.14705657958984,121.33268751926164,118.19654283614035,118.56779726162354,6851800
2020-09-28,123.09127044677734,123.94125651856665,122.48553992896332,122.85679435774806,6283700
2020-09-29,122.51485443115234,123.38437711328797,120.83442622850707,123.0228872242526,7405800
2020-09-30,121.22521209716797,122.66139203860179,120.40453465040862,120.40453465040862,13642500
2020-10-01,120.47293853759766,122.58324584096644,119.60341583959689,122.06544102686048,8908300
2020-10-02,119.73042297363281,120.83442171489466,118.89020890369528,119.18330215473779,6490200
2020-10-05,120.53154754638672,120.75625161019617,119.51547461935874,120.42407779278741,5919200
2020-10-06,118.14768981933594,121.33268709238436,117.8350525532236,120.2970700921257,9052000
2020-10-07,120.0821533203125,120.4729443623246,118.14770486536277,119.14423394867174,10187800
2020-10-08,120.25799560546875,120.90281419234776,119.6034124609903,120.7367272668283,7404600
2020-10-09,122.1045150756836,122.66140045302694,120.49247610320741,121.00050887834882,11502200
2020-10-12,122.09474182128906,123.0424256450167,120.8832733283944,122.02635265121906,10958200
2020-10-13,125.99295043945312,128.33772631036064,124.95733339414623,126.81362050349861,22389000
2020-10-14,123.6774673461914,126.52051887719225,122.40738166761707,126.16880100832904,11531500
2020-10-15,124.42975616455078,124.46883675611464,121.56716805377899,122.1240534393078,7744000
2020-10-16,123.89240264892578,125.17226029519232,123.42345047566707,124.86939503938521,6291700
2020-10-19,121.37177276611328,124.46883697792674,120.86373252873841,124.43952839766679,6576900
2020-10-20,122.07520294189453,122.83726330974253,120.79534522501152,121.71372050795031,6161200
2020-10-21,123.71654510498047,124.6251483364302,120.9907354106313,121.49877563351743,6591500
2020-10-22,124.62515258789062,125.15273685096447,123.07173819453595,123.75562991729699,5177700
2020-10-23,125.39697265625,125.54351554399155,123.44298052466249,125.15272457153405,5439900
2020-10-26,121.20568084716797,124.18551079839496,120.12121863238443,124.18551079839496,8578900
2020-10-27,120.47293853759766,121.74303172431343,120.19938183987081,121.17637430538726,6813800
2020-10-28,115.74429321289062,118.73388763344602,115.59774285908954,118.2258548546443,11654700
2020-10-29,118.74365234375,119.80857043843062,114.53281765685735,115.44142084992566,9583700
2020-10-30,118.46033477783203,118.94883100372,116.3500275041428,117.86436878593985,8090200
2020-11-02,117.36609649658203,120.10167824865755,117.05345922096146,119.4275510949698,9186000
2020-11-03,121.16659545898438,122.192440471456,118.57757153449411,118.81204762591085,8144900
2020-11-04,122.19244384765625,123.9412612050683,120.5706402775773,120.73672720300897,7483000
2020-11-05,124.03894805908203,125.66075148665767,122.90564080728437,123.86308913764755,7654800
2020-11-06,124.52745056152344,125.09410048928108,121.74302370889711,123.35506266163672,6259700
2020-11-09,139.30934143066406,144.28222912213818,134.8933465576693,137.03294737110258,35634700
2020-11-10,138.8404083251953,139.09442101491717,134.50255912892416,136.74964491798713,18115400
2020-11-11,134.6490936279297,138.73291451934264,133.47669087482944,138.21510976340215,9600900
2020-11-12,132.40200805664062,135.30367654213725,131.01468070217038,133.20313403531998,13768200
2020-11-13,135.17666625976562,137.9415564834101,133.379003858862,137.65822034495645,21062300
2020-11-16,141.3414764404297,141.409873058194,138.31280920816923,138.31280920816923,16382500
2020-11-17,141.1754150390625,141.49782435022374,139.2800472200845,141.0777098268116,9354900
2020-11-18,140.58920288085938,142.1328526890593,140.05186897754245,141.17540429430483,9456200
2020-11-19,138.4593505859375,140.00300021596917,138.4398065656861,139.2898000078478,8892500
2020-11-20,137.82432556152344,139.3288873039973,137.61915059732559,138.44960010365455,8481600
2020-11-23,142.62135314941406,144.35063395368113,138.43982667149538,139.17257100628564,12887000
2020-11-24,148.00457763671875,148.36606003860206,144.44832605095232,144.75119129660808,16711700
2020-11-25,145.6597900390625,146.81264879696602,143.85236308463192,146.81264879696602,9552000
2020-11-27,143.74490356445312,146.89082043787437,143.15870213289173,145.5718746707221,5306400
2020-11-30,144.60462951660156,145.2689920535676,142.92420151498854,143.6764897838748,9710100
2020-12-01,146.0017547607422,147.91665162291045,145.57187569560023,146.12876855027645,8825500
2020-12-02,150.07582092285156,150.46661196601607,144.92706619129788,146.05061652891064,10601900
2020-12-03,149.71432495117188,150.88671288258288,148.62986276037935,149.91948501261507,9063200
2020-12-04,150.59361267089844,151.1211820240759,149.29421094914855,150.15396905863034,6033300
2020-12-07,150.14419555664062,150.33960597671768,148.75686803888107,149.65569932189197,6815500
2020-12-08,150.1832733154297,151.31658808026205,148.7470932910365,148.91318021054659,7900600
2020-12-09,150.87692260742188,153.83722316563973,150.34935329378837,152.69412898861327,10804300
2020-12-10,151.13095092773438,151.76599000021815,148.99133526880286,149.7924761616917,8993200
2020-12-11,171.67710876464844,175.321286307102,161.52615814496937,165.7760662156925,87410700
2020-12-14,165.40481567382812,173.2207548441664,164.92608403286536,169.8012814571434,30939400
2020-12-15,169.9380645751953,170.4558693671739,163.95887571221462,166.56744369474484,18802600
2020-12-16,169.1369171142578,170.8271246758007,167.671428535081,169.9869106274305,11105800
2020-12-17,169.55702209472656,170.81733564282624,168.00360786566515,169.82081419836413,9004600
2020-12-18,168.91221618652344,171.79434079772236,168.3162502235796,169.60588735298768,21172100
2020-12-21,166.76283264160156,167.9840731232962,164.3203516782123,166.17663124729984,11424200
2020-12-22,166.52835083007812,167.5053432255702,165.26803719929055,166.08870723365087,6419200
2020-12-23,169.55702209472656,171.90179772698082,168.33578168048584,168.98060019705773,9994000
2020-12-24,169.73287963867188,170.56332911319106,168.41394888867842,169.9869071948742,2721000
2020-12-28,174.744873046875,175.78048267549167,171.02253413703806,171.7064258816225,13145400
2020-12-29,173.22076416015625,176.0540362986918,172.16561052648683,175.8684053481775,6875400
2020-12-30,177.00169372558594,179.18038238686833,174.2661122959511,174.393126065797,11680400
2020-12-31,177.01145935058594,179.18038346871387,176.1224076794553,177.05054739126044,7073500
2021-01-04,173.59201049804688,178.3890469815728,170.70988576640698,178.06663768574762,13426600
2021-01-05,174.33453369140625,176.1908133676458,172.14606525510268,172.14606525510268,7771800
2021-01-06,174.99887084960938,177.43158724974077,173.2012084429774,174.21728886948813,7517800
2021-01-07,174.4713134765625,175.8097883623356,173.49432102674933,175.37014474146403,7300800
2021-01-08,174.57876586914062,175.87816748700877,172.5368554300851,174.6960001809807,7894500
2021-01-11,174.96957397460938,177.08964579832917,173.26961665564124,173.66040767184222,6461300
2021-01-12,171.94088745117188,174.21728139451974,170.8368813354241,173.22074503258565,8349800
2021-01-13,172.06790161132812,173.6408600163736,169.74266977044624,170.38747344291724,6839500
2021-01-14,169.43978881835938,174.24660465982265,169.41048023827787,172.9374234827236,8951200
2021-01-15,167.49559020996094,170.18231948269772,166.2548056080258,168.97084346202925,12232500
2021-01-19,168.29672241210938,169.71337346100526,167.4955963154156,168.14041494223025,7834700
2021-01-20,169.64495849609375,173.78741160850666,169.0196839609862,171.1886082657044,9809200
2021-01-21,167.33924865722656,170.97366139492487,167.08523601279052,169.2541602242466,8416400
2021-01-22,168.80474853515625,171.21792099659905,167.93522588075484,169.99668047593858,9517200
2021-01-25,167.9352264404297,169.12715838518434,164.88701486117318,167.9352264404297,7833700
2021-01-26,165.65882873535156,169.36163827468155,165.16056797880307,169.01968497205434,7523200
2021-01-27,159.27906799316406,162.51291041566313,156.82682246344405,161.2135087493086,18239200
2021-01-28,167.9254608154297,168.90245322900287,162.1318880509257,162.3468275745295,14449100
2021-01-29,164.30081176757812,165.90307872334554,161.97556506177716,164.9163217562245,12848800
2021-02-01,167.03639221191406,167.7789010708739,164.16403216394997,166.90937842914582,8140400
2021-02-02,172.8885955810547,175.62416259509305,168.82430329202316,169.7719871889301,12215200
2021-02-03,172.3707733154297,174.32475824396946,171.71619015329549,172.92766617577004,5508600
2021-02-04,176.08334350585938,177.20689375788857,172.42940131666037,173.50408405736297,9035400
2021-02-05,176.99195861816406,178.12527345593543,175.2040606174701,177.5293074557041,6640500
2021-02-08,185.6285400390625,186.25381452499056,179.08269450343948,179.6200432587807,16085700
2021-02-09,183.87974548339844,184.89581101624373,181.75965886444422,183.84065743921926,11270800
2021-02-10,185.26705932617188,186.31243336171548,181.53494148965225,185.60899769522715,11464600
2021-02-11,186.51763916015625,186.84981302768546,183.74298407657886,184.82743142509088,17507900
2021-02-12,183.3521728515625,189.38999399558628,182.2677106265919,188.55954444298183,27233800
2021-02-16,182.0625457763672,184.10445638262863,180.6068216850273,182.99068560578405,11630700
2021-02-17,182.15045166015625,183.31307491343023,177.96892569713845,181.0952981590602,11391800
2021-02-18,178.78961181640625,182.1113800619286,178.6332894522656,180.5384216786011,12380900
2021-02-19,179.4246368408203,180.52864295280128,178.58442283415835,180.0303822273943,8834500
2021-02-22,187.3480682373047,189.55608073165314,177.35343957370196,177.55861454912406,18799600
2021-02-23,192.555419921875,194.36286174408582,184.31938151411885,189.13594667488607,23191400
2021-02-24,192.9657745361328,195.984692553764,190.83593813866045,193.03417116373032,16205900
2021-02-25,186.58599853515625,193.40541600717472,185.99981205814444,193.18069702865242,12712000
2021-02-26,184.69064331054688,187.201521023626,181.1832440475563,185.6969592334693,15844000
2021-03-01,190.49398803710938,192.36981179462668,186.98658864010133,188.7842512109235,10709900
2021-03-02,189.47792053222656,193.4054344050115,189.03827690571615,191.58822782874282,8371400
2021-03-03,187.8365478515625,192.28186612044382,187.78771015919673,190.15202990771115,8750300
2021-03-04,183.70388793945312,188.05150133102862,179.88384390791492,185.53085903813593,12542600
2021-03-05,185.61878967285156,186.18544704837484,179.12178133016982,184.79810473480913,10266400
2021-03-08,197.26455688476562,198.34901914305595,189.33136774274934,192.7703854756275,25093200
2021-03-09,190.03480529785156,197.05938373922154,189.8980269445278,195.58413043496367,23331000
2021-03-10,190.57212829589844,194.22608510709202,190.20086642679757,192.77036111673587,13662100
2021-03-11,192.22323608398438,194.47032136790776,190.90429050863037,192.83874600684553,11933900
2021-03-12,192.6238250732422,193.8450655726804,190.689369388573,192.00831509105464,13249100
2021-03-15,192.23301696777344,193.97206222644417,190.32788479200727,193.97206222644417,10311400
2021-03-16,189.77101135253906,192.06693457464104,188.44230107675827,191.5882178340081,9680700
2021-03-17,190.7480010986328,191.6761408949275,187.3676008431067,188.9894118011834,14418700
2021-03-18,187.85609436035156,190.59167601647607,187.32852503250817,190.46466223611424,9644500
2021-03-19,186.74232482910156,189.53652366082252,185.39407056042506,186.52738531068297,28354600
2021-03-22,188.4227752685547,191.81294045636432,187.58256111724148,188.81356630779325,8838500
2021-03-23,184.3877716064453,187.91471476921413,183.64526274870698,187.18197046870307,10701200
2021-03-24,180.4700469970703,186.11706217923458,180.39188581195293,185.68718311494996,13549100
2021-03-25,182.60964965820312,183.39124654517917,176.8453856610103,177.66607059158153,9609200
2021-03-26,181.64242553710938,184.63201990110846,178.3695099360114,184.48547700394028,10196100
2021-03-29,180.59707641601562,181.66199470342414,178.93617717704316,180.97810290911238,7544700
2021-03-30,181.26141357421875,182.03324598154063,179.33673719650602,179.600529340199,5929700
2021-03-31,180.27462768554688,182.59985927795867,180.17692249012023,181.5544852439488,8478000
2021-04-01,184.6222686767578,184.74928246862345,181.32002935002706,182.14069944887737,7749400
2021-04-05,184.16307067871094,187.2601348529224,183.76250020972645,187.0647393509879,7405300
2021-04-06,185.36476135253906,186.8791025334528,183.54755491698677,184.16306489107214,7926200
2021-04-07,183.2447052001953,185.95097851496126,182.64873919747188,185.43317369872702,6238700
2021-04-08,183.01023864746094,183.7234389842371,181.35911896977896,182.89298941252133,7763000
2021-04-09,183.56710815429688,183.88951744701663,181.86713594933494,183.8406648436855,6089300
2021-04-12,182.19931030273438,183.528020506598,181.2125384797122,183.43031530766027,6662500
2021-04-13,181.2223358154297,182.15047566598525,180.35281312692914,181.32002611628081,6826500
2021-04-14,183.14700317382812,186.01934832789436,181.43726646159482,181.69127912063277,9089900
2021-04-15,181.65219116210938,184.55385980486375,181.42748708255698,183.76249834006182,7262500
2021-04-16,182.95159912109375,185.11075897493853,181.91598951894724,183.25447930026704,9453500
2021-04-19,183.11767578125,185.95096264573078,181.3786305265125,183.19583696106886,7625800
2021-04-20,178.5844268798828,183.7527248113004,177.63675800602496,182.98089249877202,10765800
2021-04-21,178.8970947265625,179.16088687197245,174.74487666062632,177.118961246149,8400200
2021-04-22,178.5551300048828,180.6263640805658,177.08964136919943,179.981545503012,7378300
2021-04-23,178.8091583251953,179.66890152448127,177.7735487368754,178.15457518744068,6075500
2021-04-26,180.03041076660156,181.32981257054936,179.04363880823718,179.72754547916304,6178300
2021-04-27,180.39187622070312,181.53495554028996,179.9131445777086,180.73382952394508,4870000
2021-04-28,179.17062377929688,180.5384070856666,178.6137459001749,180.5384070856666,5199300
2021-04-29,181.0659942626953,181.28093377260763,178.5453522073127,180.54818950910294,5958300
2021-04-30,181.7401123046875,182.0332129770128,179.31716066066983,180.04990488762337,7866300
2021-05-03,181.24185180664062,184.86650011102932,180.98783915355543,183.371702955982,7542800
2021-05-04,180.0108642578125,181.35911864931904,178.11549646329524,180.61659482432836,7069300
2021-05-05,177.33389282226562,180.75336637006828,177.18734991901985,180.75336637006828,5901700
2021-05-06,177.60743713378906,178.7798399089221,175.6729964071724,178.57466495095767,6944900
2021-05-07,180.5872802734375,180.86083696590072,177.33389363694113,177.8126253026126,6888400
2021-05-10,180.05970764160156,182.66827563803773,179.79591551161636,181.42749107907773,8260300
2021-05-11,177.49020385742188,178.05686122665816,174.3247431799463,177.61721763727226,10865600
2021-05-12,173.75811767578125,178.26205358271994,173.49432553331752,176.5425372854419,8988100
2021-05-13,174.23683166503906,176.59138707049897,171.75527737708362,174.26614024620895,12332200
2021-05-14,169.7035675048828,170.88573480284373,164.89676695187936,168.95127922436222,33149400
2021-05-17,166.1668701171875,169.0099215950596,164.6916169516548,168.7265854491394,17771600
2021-05-18,165.77606201171875,167.31971178086997,165.5513579355947,166.34271938832268,10401000
2021-05-19,165.37550354003906,165.50250241157718,163.25543187457933,163.85139781981698,9251000
2021-05-20,167.41741943359375,167.9449887738938,165.0921727348274,165.31689172196133,7400700
2021-05-21,168.43348693847656,169.1369226722145,167.57374374769117,168.2576354589027,8105700
2021-05-24,170.29954528808594,171.0811422007796,167.79844709364315,168.48233880185467,7346700
2021-05-25,172.11676025390625,173.36730941273782,171.3644718839504,171.55988230254187,8089700
2021-05-26,172.4098358154297,173.80692767661446,172.14604371500218,172.55637870026735,8086200
2021-05-27,174.9207000732422,175.45804883588508,172.72246733238296,173.12303776523675,13567800
2021-05-28,174.5396728515625,175.99539678220296,173.98279497847548,175.37988684714696,7124800
2021-06-01,174.725341796875,176.8454138139377,174.62765148777657,176.0345082190334,7475600
2021-06-02,172.92767333984375,174.97936356289702,172.8592767088048,174.92073149012538,7851700
2021-06-03,172.18515014648438,172.8983504417345,171.38400920321936,172.21445872658222,5583900
2021-06-04,173.103515625,173.43570438880826,171.569645226176,171.88227505904513,6343400
2021-06-07,172.9178924560547,173.97304605048672,172.34145560280862,173.87534084614776,5178100
2021-06-08,172.2730712890625,173.04488872390965,171.15930055190478,171.9213534295537,5356200
2021-06-09,171.98974609375,173.25007471543574,171.83343863002338,172.25353823210406,5082400
2021-06-10,172.50753784179688,173.52360327602062,171.5110015200463,172.38052407212413,5253000
2021-06-11,173.29891967773438,174.38338185678685,172.7420268444031,173.36730139490138,5476300
2021-06-14,174.08047485351562,174.7546019024972,172.82992594526993,173.56267014499446,10170000
2021-06-15,171.81390380859375,174.5885589656595,171.5794202388627,174.0805186851035,7895000
2021-06-16,170.64149475097656,172.2046736334195,169.55703259963414,171.96042553543896,8336000
2021-06-17,170.6317138671875,172.2046722014107,169.84035242154664,170.57309670939495,8906000
2021-06-18,168.45301818847656,169.85988954927993,168.15991750368917,169.15645386887826,12357500
2021-06-21,169.9673614501953,170.25068267417885,167.36855820409414,168.16969909211704,9196900
2021-06-22,169.5081787109375,170.68056659079465,168.38464343184955,170.3581573149828,8097100
2021-06-23,171.2960662841797,171.41330059281407,168.96105522165283,169.62540284754073,9174200
2021-06-24,173.83624267578125,174.13912282850154,171.73571507433445,172.0776683618817,7549400
2021-06-25,174.24659729003906,174.96956211176644,173.4063832452235,174.7155494592299,7431800
2021-06-28,172.50753784179688,174.5494481742004,170.96388821640895,174.39312582809845,9881400
2021-06-29,169.92828369140625,172.9472015855104,169.8012848146273,172.57593969710769,13498300
2021-06-30,171.72596740722656,171.9311274737567,169.3518679976113,169.88921682758362,7481900
2021-07-01,173.18165588378906,173.51384460745737,170.5828676033295,171.3156118543615,5887100
2021-07-02,173.0351104736328,174.25635087421242,170.60239422889913,173.76785471398057,11099300
2021-07-06,169.6938018798828,172.92764413928626,168.25762194780336,172.69316061096225,11557900
2021-07-07,168.84384155273438,170.3093302206868,168.0329360342074,168.88291469114893,6757300
2021-07-08,168.8242950439453,169.75243487177187,165.90308230872475,166.26456473769306,6960100
2021-07-09,172.96670532226562,173.43567234651013,169.92825875921505,170.68054698301984,7873300
2021-07-12,180.13787841796875,180.73384442769,173.28915158518927,173.62134035859944,21835500
2021-07-13,179.4246368408203,181.39816553697426,177.65628309496336,179.8545158546083,12534600
2021-07-14,179.19993591308594,182.00389920065044,177.89076973561933,180.93898111186283,8787300
2021-07-15,179.91314697265625,181.1539315118923,178.83846426250037,179.22925526478957,7867000
2021-07-16,175.18450927734375,181.02691980254167,174.80348282804218,180.68498139854972,8348800
2021-07-19,168.97084045410156,172.41962259382169,168.1990229816161,171.6673491444067,14651800
2021-07-20,172.68341064453125,173.4259195187125,168.89267527547042,169.7035807749201,8372400
2021-07-21,172.8201904296875,173.8069474176834,171.28632006586335,172.4391639781127,6302200
2021-07-22,171.10067749023438,172.65409177125446,169.89896614886828,172.63454774981133,5713700
2021-07-23,172.0874481201172,172.43916599551036,170.0259934713974,171.6184959221668,5126300
2021-07-26,174.6276397705078,174.66671290998082,171.305856421865,171.57941312134213,5641000
2021-07-27,175.37014770507812,175.42876486782203,172.50756693445663,174.14890712217368,6684100
2021-07-28,174.97933959960938,176.20058006329253,173.46499844309818,175.5557615206149,5926900
2021-07-29,174.24659729003906,177.245956150717,174.1684361105538,175.67299781941298,6209100
2021-07-30,171.97019958496094,175.0770281377334,171.11044153667254,173.4454526835282,6813400
2021-08-02,171.51101684570312,174.70578613143317,171.27653330559755,173.1425923461708,5847200
2021-08-03,169.00990295410156,172.07765817271962,166.98752174205913,171.97018842365864,9931300
2021-08-04,168.60935974121094,169.2639428973998,167.39788372973976,168.53119855585263,5665800
2021-08-05,172.64434814453125,173.0449037324933,168.52143867570237,168.52143867570237,8864200
2021-08-06,173.0546875,174.69602775571758,172.56619124659986,173.347773325862,5505200
2021-08-09,172.6540985107422,173.23052045019165,171.03228754522456,172.92765519074266,5339000
2021-08-10,172.9960479736328,173.31844234040884,171.5403239598849,172.19490706590398,5185000
2021-08-11,173.99256896972656,174.38337486544563,172.4489192240076,173.2793687081551,5359900
2021-08-12,175.1649627685547,175.58507725720315,172.39030789980515,173.99257485716822,11081300
2021-08-13,176.91378784179688,183.26423852295247,176.718392340844,182.00390996252236,32504600
2021-08-16,174.96957397460938,176.4350626469456,172.44893166926448,176.35690146216106,8746700
2021-08-17,171.78457641601562,174.34429174747842,170.89550974932308,173.07419863902064,8534500
2021-08-18,170.7196502685547,172.72247267938565,170.4851667354916,171.85295007572546,7063500
2021-08-19,169.26393127441406,170.66102323398897,168.589804141246,169.9966755656453,8478600
2021-08-20,171.0908966064453,171.17883724834974,168.67772429458955,169.01967758226607,6239600
2021-08-23,173.5724639892578,174.2075030518785,171.86272738158044,173.00580663892976,7395900
2021-08-24,174.36383056640625,175.9367888883373,173.67015941993355,173.82648177797256,5886900
2021-08-25,174.20750427246094,174.48106093898838,172.8104123618187,174.0609613824356,4842100
2021-08-26,172.49777221679688,174.82301885152233,172.28283270059265,174.23681746047066,4563000
2021-08-27,175.9954071044922,176.38619809422016,172.22421591350647,172.22421591350647,8697000
2021-08-30,175.83909606933594,177.21665899457957,174.75463385912394,176.34713631487602,6421300
2021-08-31,177.12872314453125,178.77006320269078,174.42245005226974,175.12588576511547,8620000
2021-09-01,179.25856018066406,179.97177536145995,177.59767609330044,177.7735424761408,7302800
2021-09-02,177.67584228515625,181.0366985987411,177.3729770198718,179.9229278350737,6492600
2021-09-03,176.83563232421875,177.6367732838249,175.00866122482066,177.6367732838249,6847400
2021-09-07,180.09878540039062,181.28095282917997,175.90749433194475,176.85517820498396,10702900
2021-09-08,180.89013671875,183.14700168301277,179.68844024209542,180.09877526076477,8634000
2021-09-09,181.63265991210938,183.26423542444803,180.32349367936638,180.89013615023296,7190700
2021-09-10,179.8838348388672,182.79528290696794,179.77636507920278,182.07230316852372,5572200
2021-09-13,180.7240447998047,181.52518570055676,179.27810026339517,180.86082313557694,6818200
2021-09-14,178.20343017578125,180.87063049628858,177.95918204510846,180.70454355635783,6185900
2021-09-15,180.1671600341797,180.4114081178741,176.93331779130122,177.8712220843645,5933400
2021-09-16,179.12179565429688,180.39188884529798,177.92986364972742,179.73730568012002,5678200
2021-09-17,179.24880981445312,181.62289436284564,178.52583001926442,178.70169641602794,10035100
2021-09-20,174.50062561035156,176.71840269074448,172.4880235079944,175.60463187158948,8056600
2021-09-21,167.23179626464844,178.03733040142347,165.14103301311803,176.17128614747284,23216000
2021-09-22,169.6547393798828,171.30585906790918,167.71053387197674,168.9610830625378,14214500
2021-09-23,172.1949005126953,173.1132757006649,170.35815013675614,170.91504292816242,8052900
2021-09-24,171.95065307617188,172.63454473754445,171.05182190583648,171.2667614147993,5712800
2021-09-27,174.15866088867188,175.32128423679285,171.91159028154038,172.56617340449063,7755000
2021-09-28,170.5047149658203,173.9046442867019,169.85989641476945,173.66039619079362,9133100
2021-09-29,168.70704650878906,170.93460297554356,168.61912076749812,170.2409317873426,6240800
2021-09-30,165.27781677246094,169.68404750967017,165.20943505057866,169.11740498759792,13978000
2021-10-01,171.96041870117188,173.24029120620906,168.01337615407184,168.31624139829555,12165000
2021-10-04,169.46910095214844,171.91158184677474,168.69726864112315,171.52077595900235,7200600
2021-10-05,170.59263610839844,172.18513842130469,169.6156437510759,169.8305832623045,6798200
2021-10-06,171.44261169433594,171.66733066615373,167.6030389528271,169.01967486465736,6005200
2021-10-07,173.621337890625,175.49716163856155,173.25007598264978,173.61155842501176,7780000
2021-10-08,172.6736297607422,174.49083609074324,172.34144103869477,173.83623811088856,4132200
2021-10-11,169.52772521972656,172.45870241622663,169.4886371754495,171.97020621680997,8046300
2021-10-12,169.1466827392578,170.47539287197017,168.5800254127476,169.62539942834508,5188400
2021-10-13,168.98060607910156,169.703570888557,167.00707732683043,169.63518917499357,8914700
2021-10-14,170.39724731445312,171.97020566786261,169.99667685435708,170.06507347776312,7450200
2021-10-15,172.40008544921875,174.77416982531744,170.09438278909954,171.64779712711876,13943900
2021-10-18,167.2024688720703,169.3518490436783,165.89330271118507,168.39440072234493,20494800
2021-10-19,167.24154663085938,167.63235252323454,166.26455426150218,167.49557418783337,9669500
2021-10-20,166.62606811523438,167.0852557670303,165.97148495171555,167.03640316216908,9737600
2021-10-21,167.3978729248047,168.53118767776616,166.18641189925077,166.28410219385177,7509000
2021-10-22,165.52203369140625,166.8702878359932,164.72090775735097,166.6455837811352,7854300
2021-10-25,168.05247497558594,168.59960329943164,165.14104149251756,165.99102019915733,9798700
2021-10-26,168.08177185058594,169.1369254686382,166.78238503166125,168.9708385437209,5850200
2021-10-27,165.64906311035156,168.08176462644786,165.53181388601524,167.81798741406303,7054700
2021-10-28,165.77606201171875,166.43066003351976,164.72092334656202,165.58066651475346,7884500
2021-10-29,165.18011474609375,166.53813360652256,164.28126860557344,165.13126214380355,7598800
2021-11-01,166.2743377685547,167.3099473200155,165.19964017304582,165.31688939746914,8182900
2021-11-02,165.92262268066406,166.919159112434,165.09217316956892,166.11801818100378,6777200
2021-11-03,166.1668701171875,166.27433987810187,164.496206544377,165.79560823262494,6829300
2021-11-04,166.36227416992188,166.4990525174159,164.78931571987982,166.11802605598817,7505500
2021-11-05,171.58917236328125,172.91788256459049,168.36509460489796,169.50817387321453,16859200
2021-11-08,172.80064392089844,175.12589064243758,172.04837049381794,174.57877727448042,10584600
2021-11-09,171.0811309814453,173.04488023789787,169.2248514797869,172.87879332734698,7293300
2021-11-10,170.4363250732422,172.80064494606734,169.869667679433,170.6708086213526,11045800
2021-11-11,158.38023376464844,160.18767561300854,154.6872037970889,159.14228662095624,62366500
2021-11-12,155.95730590820312,159.84573159389313,155.2733992830571,159.75780585330742,25638400
2021-11-15,154.784912109375,157.02223324642026,154.03263863013368,156.40672321092987,21285300
2021-11-16,155.1757049560547,156.55326782035016,154.90214827618735,155.40040903429121,15516200
2021-11-17,153.710205078125,155.23431072779195,153.14354773776066,155.0779883771287,14695500
2021-11-18,152.00047302246094,153.68090107278314,150.17350208135727,153.47572611796878,14487700
2021-11-19,150.4568328857422,151.6390002749561,149.25513638166086,151.45336932966686,16776500
2021-11-22,150.6131591796875,152.23497021926258,149.05974476709625,149.70454845212925,12790400
2021-11-23,147.55516052246094,150.70107723333692,146.73449048685526,150.3005067727243,17382900
2021-11-24,147.85801696777344,147.92641358719118,145.37646298675867,147.22297791067737,14123700
2021-11-26,144.7023468017578,145.42532655373785,142.4943493164389,143.42248912670598,12027700
2021-11-29,144.4092559814453,145.86498014239586,140.9311651403404,145.38624846075442,21231300
2021-11-30,141.56619262695312,143.89143930663224,139.81738279244988,143.3443259485244,26011100
2021-12-01,138.8794708251953,144.95636505772248,138.77200105937035,143.32478945490493,16469000
2021-12-02,143.8132781982422,144.25292179639163,139.48520902496418,139.55359074090163,18177700
2021-12-03,142.8558349609375,144.90752503641477,140.9995552985316,144.40924935389293,14975600
2021-12-06,146.9103546142578,147.27185196952013,143.29548541568988,143.89145142547676,14333900
2021-12-07,147.34024047851562,149.2453729228998,146.27532220290126,148.34654158779864,14661100
2021-12-08,149.81202697753906,150.12467173450926,147.09598900918132,147.43794234865214,12886300
2021-12-09,149.4212188720703,150.7401496571176,148.20974293877012,148.7666357581187,11862300
2021-12-10,149.19651794433594,151.1016501680869,147.9654979630498,150.0464965731507,10247900
2021-12-13,146.9689483642578,148.9913296336795,145.8551777095345,148.62006777953178,10195800
2021-12-14,145.66958618164062,148.13159652219693,145.1029287486713,145.82589365012828,10872000
2021-12-15,146.93963623046875,147.447676401576,143.9598216360968,145.3373694517946,12231500
2021-12-16,145.32762145996094,148.5614639623388,145.16153453864752,147.86780769730754,11145600
2021-12-17,145.33740234375,146.39255605743725,143.19780124102837,145.0931542130184,13785000
2021-12-20,143.10008239746094,144.33108749233278,141.74206351623354,143.59834316992115,11201900
2021-12-21,147.57470703125,147.94595401110578,143.99891122021637,144.16499814157416,10781400
2021-12-22,148.3856201171875,148.69824995347173,146.42185572473835,146.95920456117275,7820400
2021-12-23,150.0953369140625,150.64245023539772,148.4344380215121,148.8154793428562,6572400
2021-12-27,149.28445434570312,150.47638636727558,147.91665592522017,149.36261553324977,7762000
2021-12-28,151.62921142578125,152.89930447645884,148.90340929834548,149.1085693458052,12198700
2021-12-29,151.30682373046875,152.33266883718912,150.63269652011758,151.0039584406524,8737000
2021-12-30,152.34242248535156,153.4562081671919,151.93208745359422,152.1274978658113,7228400
2021-12-31,151.3263397216797,152.9676945699185,151.17979683689038,152.28378802031582,6410200
2022-01-03,153.15330505371094,153.934901862356,151.7855218193714,152.24470938541094,10222800
2022-01-04,152.14703369140625,156.63144047367956,151.9711822019205,154.9412327613267,16582000
2022-01-05,151.6194610595703,155.71306181999404,151.53153531671543,152.9188628100722,12272100
2022-01-06,153.29010009765625,154.14009361459313,150.14418340780725,152.64529644983068,11095300
2022-01-07,154.19869995117188,155.63487985695235,152.69412342715435,153.29008933980964,9554600
2022-01-10,152.9970245361328,154.62860014833637,151.09187732121057,154.34526398783984,8672900
2022-01-11,154.25732421875,154.57973348876436,152.36195664166462,153.0165397385833,8042600
2022-01-12,154.16940307617188,155.33202641269116,152.7332230613799,154.85329477185354,6995600
2022-01-13,151.86370849609375,154.88261158243608,151.59991636098255,154.0717060617029,9680600
2022-01-14,148.44424438476562,149.1085921359936,145.00522657470526,148.84481489180035,16832000
2022-01-18,148.76663208007812,149.60684611303952,146.38276831643321,147.63331735511244,10419500
2022-01-19,146.6563262939453,149.34305533044187,146.50978340049735,147.36952655492627,10413200
2022-01-20,144.2236328125,149.14768352241663,143.76444512981308,147.43794659130836,11760400
2022-01-21,134.21922302246094,138.60590943399743,133.4864787096862,137.98063488340517,34491800
2022-01-24,134.29739379882812,134.51231843082587,126.28604348065751,131.71813422991008,31419500
2022-01-25,133.36923217773438,134.5807081661184,129.3342635510934,132.17730021224796,14694400
2022-01-26,130.5261993408203,135.02035573703716,129.2170181073127,134.54163896993217,14569900
2022-01-27,132.30430603027344,134.73702241809707,130.9365226642605,131.9623676426305,11913900
2022-01-28,135.44046020507812,135.49907736341976,130.4871016171175,132.0991480101169,10011700
2022-01-31,139.6806182861328,139.85646977963103,135.2841520560089,135.6651785329774,10185500
2022-02-01,141.1656494140625,141.36104492936528,138.9771808825935,139.72946926961757,8573300
2022-02-02,139.3386688232422,141.2633452856652,138.12720763598253,140.87255423965684,9529900
2022-02-03,136.80824279785156,138.77199212949986,136.04618992839275,136.77893421885088,9820600
2022-02-04,138.75247192382812,139.895551301407,136.31975535653663,136.8180161392592,8061100
2022-02-07,139.23117065429688,140.77482031434317,138.35188352624053,140.09092866944158,10937500
2022-02-08,139.20187377929688,139.6024442434562,137.50191653445074,138.5277466341802,9231700
2022-02-09,143.84259033203125,143.9598395600971,139.95416466081764,141.04839140462335,22877400
2022-02-10,148.65916442871094,153.87630017093934,147.6333194460272,152.43035561968532,42500300
2022-02-11,146.0310516357422,151.1309530311638,145.1419849957146,150.00740285411297,17975200
2022-02-14,147.37930297851562,150.1930308286999,145.7770361097578,145.93334355697007,14694700
2022-02-15,151.1602783203125,151.28729211370631,149.00111837122878,150.0074194371524,12726000
2022-02-16,152.75279235839844,153.12403939306992,150.21260574530717,151.41430241710708,10656400
2022-02-17,149.43096923828125,151.78552425810696,149.0987954342788,151.1309412063188,8110300
2022-02-18,147.87757873535156,150.14419348123909,146.59772100323673,149.3919200236845,10785500
2022-02-22,144.6828155517578,147.32069231665096,144.21386332655342,146.73450576207608,12227200
2022-02-23,142.51388549804688,146.29485645890207,142.1524030579924,146.0603729015111,9300700
2022-02-24,145.96266174316406,146.12876357353883,136.77893894829558,136.77893894829558,12475500
2022-02-25,146.08969116210938,146.8224355563182,143.83284081318186,146.11899974525988,10149500
2022-02-28,145.04429626464844,146.04081776535702,143.09031149157488,144.42878629065962,10834700
2022-03-01,142.3477783203125,144.7414065274408,140.47195485117734,144.45808531348447,8944000
2022-03-02,143.95005798339844,145.05406417618636,142.56273055136,142.94375699461196,7851000
2022-03-03,142.2207794189453,145.22990265084766,141.12653788144289,143.92073651768342,8048400
2022-03-04,137.4823760986328,140.94092274537022,136.33929674315888,140.69667463759234,12913000
2022-03-07,130.42849731445312,137.6484712136784,130.3698801503339,137.0525051989289,14549700
2022-03-08,128.71873474121094,132.3726912877404,126.31532713844912,129.95951912881705,16552000
2022-03-09,130.57504272460938,132.3824848274084,130.29172145670142,132.37272026910904,14673100
2022-03-10,130.56527709960938,131.11239051435666,128.59174807550878,129.31472789226626,8447200
2022-03-11,128.71873474121094,133.0272743358282,128.54288328398704,131.9721208693269,7058400
2022-03-14,126.06132507324219,130.00838262031075,125.42628599197786,127.9664572247557,9971500
2022-03-15,131.11236572265625,131.46408355244873,126.53026937898073,126.75498834504235,9834800
2022-03-16,134.96173095703125,135.78240100379674,131.8353582257429,132.5290144887038,10638700
2022-03-17,136.2611083984375,136.2611083984375,133.41805741276306,134.27781535123412,6816000
2022-03-18,137.07203674316406,137.49213631958557,135.11805194257076,136.33929244294157,11308800
2022-03-21,135.43067932128906,136.09504189354905,133.73072211630864,135.70423599583123,9090300
2022-03-22,136.88641357421875,138.9185596711466,135.70424614333967,135.86056851411607,8511600
2022-03-23,134.47323608398438,136.54445524378255,134.37553087890205,135.87034299651106,8761300
2022-03-24,135.7628631591797,136.0657284016498,134.24852203910902,135.39160129668335,5858800
2022-03-25,135.93873596191406,137.15021202965863,134.94219943695842,136.07551431571406,5949400
2022-03-28,135.52841186523438,136.41747869072415,133.14454758523803,135.68473425585924,8456100
2022-03-29,139.10418701171875,141.13633305589042,137.71685954946838,137.71685954946838,11280700
2022-03-30,137.71685791015625,139.97370801229494,136.857099811162,138.05879631209532,7922400
2022-03-31,134.00428771972656,137.63870081820437,133.95543511579163,136.91572104004382,12306500
2022-04-01,133.84796142578125,134.92265904995267,132.41178137698913,134.1801352704447,10341000
2022-04-04,135.3916015625,136.0559492043555,133.74048210685532,133.81864328373013,8174600
2022-04-05,132.4997100830078,135.99734481084795,132.02099332784135,134.57094419525757,8694100
2022-04-06,129.51988220214844,130.84857747860138,127.80036613573621,130.67272601238383,11679700
2022-04-07,128.83599853515625,130.14517983870826,127.0285713220936,129.94976940899534,9858700
2022-04-08,128.83599853515625,130.05723918224834,127.62453735418345,128.9630123329251,6702000
2022-04-11,127.64405059814453,129.38309587073158,127.04808464016442,127.04808464016442,9915300
2022-04-12,127.82968139648438,130.14516351011167,127.15555425863292,128.777365212345,7885600
2022-04-13,129.304931640625,129.8325009019002,127.7417380607331,128.03483872042767,7694500
2022-04-14,127.46820068359375,130.51641222654254,127.35096636508682,129.75435934080534,7283500
2022-04-18,124.83031463623047,127.22395046875668,123.90217484544833,127.07740757305665,10571000
2022-04-19,128.86529541015625,130.1256239917743,124.8498633848875,125.14295664124411,12767200
2022-04-20,121.70394134521484,124.41997898834067,121.25452574167737,123.14989335761138,36465700
2022-04-21,118.86090087890625,123.54068799098718,118.48963899044763,122.6516287686554,18688600
2022-04-22,115.54888916015625,119.08560437108706,115.43165484131625,117.24886132194175,19472800
2022-04-25,117.19023132324219,117.5614931928025,114.06385873350395,114.95292536444026,16491000
2022-04-26,113.10641479492188,116.40865410881709,112.9794084574109,116.40865410881709,16116000
2022-04-27,112.55928802490234,114.21040748568421,110.78116224169884,112.77422753504675,15553000
2022-04-28,112.637451171875,113.33111485974295,110.09727250199764,112.56906200416577,23192100
2022-04-29,109.0616683959961,113.32135622607836,108.79788370479618,112.54953126861481,16907000
2022-05-02,110.88863372802734,111.04495608470391,108.45592481966514,109.13981649547453,14300700
2022-05-03,110.93749237060547,112.18804147669317,110.09727829235393,111.42598858103727,11149500
2022-05-04,113.51675415039062,113.76100226073824,109.25706650961945,110.76163576382402,11488300
2022-05-05,110.01911163330078,112.61790746742929,108.91511293606885,112.10010270276423,12720200
2022-05-06,107.75249481201172,109.51107669432031,105.80828198481287,109.19843941831918,12525200
2022-05-09,104.5186538696289,108.19214005471062,104.03015765262604,105.62265263666548,17941600
2022-05-10,105.20254516601562,108.15305902507008,103.69797592927424,107.3128449389176,15657700
2022-05-11,102.78937530517578,107.5375592332045,102.37904026296611,105.41748739459366,26933300
2022-05-12,101.91007232666016,102.58419945114584,97.18143280600314,100.53251695289498,36298800
2022-05-13,104.860595703125,105.21231356216664,102.88706688807355,102.93591948944173,16782600
2022-05-16,102.76005554199219,105.14391925823107,102.43764627797101,104.9875969045747,11993600
2022-05-17,106.14045715332031,106.28700750880569,103.8542984416472,105.25139791673435,11847600
2022-05-18,101.90031433105469,105.18300952117328,101.48997184189429,104.90944537711276,11794000
2022-05-19,100.76699829101562,102.87730551048811,100.59113935605959,101.05032698921484,11285000
2022-05-20,100.06355285644531,102.38879937712058,97.74808580003098,102.08592668556996,15650400
2022-05-23,103.39511108398438,103.59050658924922,99.22334921644716,101.37273704366417,14402400
2022-05-24,99.25264739990234,101.45088014623515,97.82623949007848,101.32387382650327,13970200
2022-05-25,100.88423919677734,101.42158055450487,98.83255660920003,99.09634128243201,11026600
2022-05-26,103.18016815185547,103.68820092109999,101.56812919809074,101.82214930964325,11297800
2022-05-27,106.8048095703125,106.85366217217708,104.07899986197233,104.43071772458788,13671300
2022-05-31,107.89904022216797,108.68062964943117,105.42725070736584,107.46916119216402,20274600
2022-06-01,106.67780303955078,110.25359136424663,105.77896436241815,109.43292132226613,11829700
2022-06-02,108.31915283203125,108.39730656108914,105.42725614879112,106.91228135494012,8829900
2022-06-03,106.16976165771484,107.32261298068786,105.43701736227929,106.65825785467187,6767600
2022-06-06,105.34909057617188,107.65479319916993,105.1732316488632,107.22491416489086,7575900
2022-06-07,105.31001281738281,105.43701914735213,103.5611955082055,104.33302040692804,7279100
2022-06-08,104.870361328125,106.84389016327138,104.49910689707217,104.958294520711,7019500
2022-06-09,100.92332458496094,104.59681088544964,100.8744719801816,104.07900607177687,8261200
2022-06-10,97.11305236816406,99.7704730616521,97.09350834473082,99.09634587656346,15369700
2022-06-13,93.50794982910156,95.36423704106042,92.6481991258367,95.36423704106042,15239700
2022-06-14,92.05221557617188,94.05504531619192,90.9579815182379,94.05504531619192,12443700
2022-06-15,93.67403411865234,95.06136907289515,91.9252167256945,92.43325697763156,11751600
2022-06-16,92.11083984375,93.18552996456052,91.26086124869619,91.84705518242372,15298500
2022-06-17,92.16946411132812,93.76196657454197,91.31948545070317,91.84706226791565,15403800
2022-06-21,91.14362335205078,93.2539230938843,91.12407932957551,92.71658173758372,16649800
2022-06-22,91.34878540039062,92.43324751321744,89.89306887520856,90.04938377635703,11403500
2022-06-23,92.13038635253906,92.47233220195623,89.95169001963453,91.79820506034775,11348800
2022-06-24,95.53031921386719,96.30214413288687,93.20507989922643,93.25392504871735,11681200
2022-06-27,94.38723754882812,95.96996794014755,93.59587608009869,95.96019592894358,10793700
2022-06-28,93.7131118774414,98.09004123330075,93.57633353387024,97.4452226531561,16812400
2022-06-29,93.44933319091797,93.98667458828324,92.3550989183574,93.74242646570053,8653200
2022-06-30,92.22808074951172,93.24415370360512,90.41087435424892,92.24761731711381,10983500
2022-07-01,93.92804718017578,94.09413409649169,91.81774750722117,92.07176016022417,10543400
2022-07-05,94.94412231445312,94.99297491629795,90.18616661378226,92.09130627782302,10660600
2022-07-06,93.86943054199219,95.93088507948512,93.20507541919076,95.28606652476886,8640200
2022-07-07,95.1883773803711,95.28607513734826,93.72288866413047,94.67057255991718,7813100
2022-07-08,93.65449523925781,94.88550779212346,93.15622701126398,94.34815897233985,7717300
2022-07-11,91.48555755615234,93.14644146973005,91.28039006945342,92.81426766855837,7643700
2022-07-12,91.44648742675781,93.05852638242227,91.16315873543469,91.42695085839713,8665300
2022-07-13,90.80167388916016,91.10453914074664,88.91607830369593,90.00054043830211,12006400
2022-07-14,89.72698211669922,89.92238507702648,88.15403114576432,89.37527169583173,11146400
2022-07-15,93.00967407226562,93.1269158443787,90.56719305719709,90.7723680218601,14946700
2022-07-18,93.49817657470703,95.03205445736049,93.11715010699358,94.14299518398275,10430400
2022-07-19,97.31822204589844,97.55269815526248,94.45563376614278,94.45563376614278,13683400
2022-07-20,100.97216033935547,101.86122697734788,97.65038477773258,97.94348547141058,15112700
2022-07-21,101.78306579589844,101.85145496390685,99.27219569350378,100.34688581386168,8611300
2022-07-22,100.35665893554688,102.16409335622748,99.76069298465094,100.9037722856702,7803500
2022-07-25,100.32734680175781,101.01123846517986,99.46758876333001,100.4152725354006,6726700
2022-07-26,97.48430633544922,100.00494866779549,97.26936680191972,99.790009134266,6346600
2022-07-27,101.11870574951172,101.26525608919604,98.49059400711533,98.64691635714124,9684800
2022-07-28,102.48650360107422,102.55489277048626,100.34688787340264,100.87446466052141,7970300
2022-07-29,103.65888977050781,103.89336585404622,100.99170475387511,102.72097798249388,10320000
2022-08-01,103.77613067626953,104.19623769329017,101.47042808804376,102.45719246827554,7769700
2022-08-02,102.30086517333984,103.91290399590319,102.21293944218579,103.307166072689,9093000
2022-08-03,106.51171112060547,107.17606626917457,103.29741259490838,103.29741259490838,11243000
2022-08-04,105.63241577148438,106.9318099345859,105.18300018407075,106.41400518069324,7322400
2022-08-05,104.17669677734375,105.22207834567142,102.94569172191073,104.35255570724281,10100000
2022-08-08,106.59963989257812,108.67086643544994,105.41747999931809,105.72034525391271,13025900
2022-08-09,105.6421890258789,106.70711465314055,104.56749884107354,106.70711465314055,8776500
2022-08-10,109.84325408935547,110.07773017455855,107.38123656007221,109.89210669012544,26398700
2022-08-11,114.98223876953125,120.43385073586899,114.63052090668874,119.39824116964412,50375000
2022-08-12,118.77296447753906,118.8120450675771,116.18393315493687,116.26209433501295,21964800
2022-08-15,121.40106964111328,123.06195362916414,118.20630053131926,118.21607254175062,24628300
2022-08-16,122.08496856689453,123.57000117880656,120.609707965996,121.86026449060732,14607300
2022-08-17,119.98443603515625,121.6160190322461,119.74995994276573,120.60971058410472,9140900
2022-08-18,119.84765625,120.29707186077769,118.90974443787347,120.17983754292467,7343900
2022-08-19,117.3758773803711,118.59711799524416,116.73106621172593,118.46033964268727,8702500
2022-08-22,113.27250671386719,115.49027628931758,113.02825860206661,114.99200805416339,11575800
2022-08-23,112.21733856201172,113.69259905348227,111.98286249210337,113.31157264468376,7180700
2022-08-24,113.73168182373047,114.46442607838563,111.47482445076774,112.03170978615127,7840500
2022-08-25,114.75752258300781,115.06038783167358,113.4385843777592,114.32764355610655,6920900
2022-08-26,111.44551849365234,115.6465886340004,111.26965957024568,114.76729401696706,7807400
2022-08-29,110.91793823242188,111.83631340951416,109.82371159131782,109.95071791105741,6882700
2022-08-30,109.84325408935547,112.10987612327956,108.88579827283066,111.65068850993912,8060000
2022-08-31,109.50131225585938,111.13288780882948,109.2766007194923,110.2731371623576,7353000
2022-09-01,109.94095611572266,109.9995732758396,107.49847505937456,109.2179838101246,7718700
2022-09-02,108.64154815673828,111.26966000745898,108.28983030854293,110.44898999757666,8465100
2022-09-06,107.55708312988281,109.20820256967404,106.02320545427807,109.19843055919351,9537300
2022-09-07,110.09727478027344,110.36105944579326,107.34215653948023,107.34215653948023,8193900
2022-09-08,109.74555969238281,110.3903708098435,107.82088344350403,108.51454716322623,8443300
2022-09-09,112.52998352050781,112.8719293654522,110.58577075594361,110.66392448203062,9563100
2022-09-12,113.71214294433594,114.78683307565089,112.61790879118487,113.46789484840706,7923400
2022-09-13,109.18867492675781,111.20127692636255,108.61224552305335,110.44899604279574,10504600
2022-09-14,109.9116439819336,110.1461200686808,107.35192123425348,109.27659743704368,8610400
2022-09-15,108.221435546875,111.77769443411574,108.16281839315923,109.80416578193963,9739800
2022-09-16,105.75942993164062,107.05883164490051,104.49910880981646,106.69734176451568,15978800
2022-09-19,106.65826416015625,106.70711676428422,104.57727292148381,105.05599713572228,7979500
2022-09-20,105.09507751464844,105.91575504839295,104.40141376983416,105.78874125946272,6957400
2022-09-21,102.0859375,105.55426362762658,102.0859375,104.91921705376895,9776400
2022-09-22,99.80955505371094,102.25203624683587,99.67276924934376,101.81238515975674,10953400
2022-09-23,97.21073913574219,98.85208658714329,95.76478717342164,98.30497325462963,11976900
2022-09-26,95.86249542236328,98.34405697272739,95.80387081068547,96.67339343632615,9760500
2022-09-27,93.64472198486328,97.34752415186341,93.23438695730817,97.24005438933318,13360200
2022-09-28,97.11305236816406,97.57224001865278,93.25392766480424,93.58610897842073,12895500
2022-09-29,95.20790100097656,96.33144368805333,94.01597660179134,96.26305452208483,9435100
2022-09-30,92.15970611572266,95.23723404166303,92.11085350822304,94.27977809324506,12094900
2022-10-03,94.89527130126953,95.53031786658123,92.32578391383002,93.52748787304205,9468400
2022-10-04,99.10610961914062,99.18426334476978,95.96996496726281,96.40960855763565,10229000
2022-10-05,98.4808349609375,98.89116997192517,96.42914499827855,97.73831866448818,7562800
2022-10-06,97.73831939697266,99.12564679910537,97.57223247992727,98.11934583201106,6728200
2022-10-07,94.9245834350586,96.52685034560255,94.23091228428011,96.2435216602934,7051000
2022-10-10,92.9706039428711,95.4912387670263,92.247624172244,95.34468841060942,9532300
2022-10-11,90.95800018310547,92.87290458703954,90.51835654001789,92.62865646224395,8900900
2022-10-12,91.2608642578125,91.90567537001586,90.0786968866954,91.01661615621748,6156200
2022-10-13,94.41654205322266,94.73895132429259,88.62297700018702,89.46319103480913,11025400
2022-10-14,92.27692413330078,95.83317567778643,92.15968982220657,95.22744519350616,8202100
2022-10-17,95.09066772460938,95.7159422356553,94.04528620265506,94.1625205148136,7083800
2022-10-18,96.21421813964844,98.0607332428248,95.3935406194252,97.57223702602977,8533500
2022-10-19,96.71247100830078,99.52621375750344,96.23374684205565,98.12911439352021,11731000
2022-10-20,96.32168579101562,98.43199314244396,95.8527335710501,95.96997535297204,8212400
2022-10-21,99.69230651855469,99.94632663251005,95.63778652190273,96.08720213652494,10193400
2022-10-24,99.3796615600586,100.8158414858667,97.8164753140246,99.77045998503209,8221500
2022-10-25,101.95893859863281,102.32042850951291,99.68254426902563,99.80955806537172,7687500
2022-10-26,102.22271728515625,104.95829912469475,101.14802708171642,101.14802708171642,9203700
2022-10-27,102.0370864868164,104.41117826684406,101.91007270702748,103.37556127608504,8673500
2022-10-28,103.51234436035156,103.64912270342795,101.14802448276195,101.68537329760535,7250900
2022-10-31,104.08878326416016,104.44050116526623,102.40835494862252,103.2290325358238,8814800
2022-11-01,103.56119537353516,106.3358502377655,103.20947750991998,105.22207948760425,7955800
2022-11-02,99.47737121582031,103.63936115056913,99.44806263486292,103.02385113502054,9583200
2022-11-03,96.96649932861328,98.38313538008147,96.29237216215121,97.8946391618013,8978400
2022-11-04,97.28890228271484,98.83255202082975,95.8527223019282,98.82278001001984,11035800
2022-11-07,98.11934661865234,99.22334534263253,96.71247518331727,98.55899021526434,11355200
2022-11-08,97.6015396118164,99.62391352698093,95.79410521145802,98.42220962777407,27130300
2022-11-09,84.75408935546875,89.00400473727639,84.2949017421356,88.466663398117,62029800
2022-11-10,88.37873077392578,88.41781136401953,85.59430395102432,87.68506707094755,36968100
2022-11-11,92.82405853271484,93.38094395368482,89.0040143201659,89.47297399491696,22373300
2022-11-14,92.11083984375,94.39700587530572,92.0424506757128,93.64471757303616,20598000
2022-11-15,93.31254577636719,94.94412128783968,91.5441844719803,93.79126996305604,15801900
2022-11-16,91.78843688964844,93.02922146441095,91.5637328022844,93.02922146441095,11137700
2022-11-17,89.34595489501953,90.14708839083757,88.75976092678742,90.00054548917508,12306400
2022-11-18,89.68789672851562,91.01660686181658,88.81837417193982,90.72350618828911,10011700
2022-11-21,95.33492279052734,98.5687653378119,94.10391024574993,97.81648444891833,70273500
2022-11-22,93.9964370727539,95.42284506959236,92.50163990667869,94.76826195634615,25753700
2022-11-23,96.60501098632812,97.05442661985906,93.5763358754,93.79127540749325,15503200
2022-11-25,96.59524536132812,97.51361318758761,95.82342043818504,96.53662074622078,6664300
2022-11-28,93.48841094970703,96.84925994589277,93.23439082284372,95.95042867097455,13660000
2022-11-29,92.51141357421875,94.2113782784445,91.7591252452832,93.79127124450739,13205300
2022-11-30,95.61824798583984,95.68663715505205,91.71027842203276,92.76542453932676,15368100
2022-12-01,96.32168579101562,96.56593391295718,94.3579362573856,95.61825746106733,13855700
2022-12-02,97.1423568725586,97.39637698950325,94.77803699890788,95.21768060751228,12608100
2022-12-05,93.7228775024414,96.87856610862636,93.46885740146382,95.9797274714426,10764500
2022-12-06,90.1666259765625,93.79126674484269,89.86376072960087,93.5274820868213,11492400
2022-12-07,90.02985382080078,90.6551283790358,89.16033115532205,90.52812204665892,10353400
2022-12-08,90.42064666748047,91.28039726819262,89.5608886129081,90.3717940675215,9351200
2022-12-09,91.23155212402344,92.72635683092238,89.78560747493673,90.24479511818076,10111900
2022-12-12,92.48210906982422,92.48210906982422,90.47927156199063,91.57350579145076,14140700
2022-12-13,92.52117919921875,95.14929119444625,91.41718044792788,94.26999652560986,22882100
2022-12-14,91.98383331298828,93.27346294585166,90.48903617647166,92.3648597417529,11505400
2022-12-15,88.40804290771484,90.97753776920473,88.04656047906894,90.34249119890318,15957700
2022-12-16,88.00747680664062,88.98446920248558,86.76669228975568,88.1149465664924,26383900
2022-12-19,83.80640411376953,87.40173632527792,83.44492170816916,87.38219975762125,19225300
2022-12-20,85.01787567138672,85.8190091440883,83.78687060977778,84.09950788073789,14918400
2022-12-21,84.92018127441406,86.0730326541923,84.4903096685356,85.18397340793071,11004800
2022-12-22,84.6759262084961,84.73455081882916,82.74148550628884,84.05065169325131,15487400
2022-12-23,85.98509979248047,86.04371694891461,83.79663153671018,84.07996021590883,11171600
2022-12-27,84.3828353881836,85.9167131419746,83.9822649305232,85.40867292513022,11561400
2022-12-28,82.23344421386719,84.6954691071335,82.1357464697541,84.09950317802556,12399500
2022-12-29,85.17420196533203,86.20981157559103,83.01504954843422,83.28860624141879,13045100
2022-12-30,84.88109588623047,85.1155794258542,83.26906441101451,83.75756060444004,23231000
2023-01-03,86.92301940917969,87.900011858506,85.80924861325656,86.93279142075399,14997100
2023-01-04,89.86376190185547,90.61604275065294,87.30403919683008,87.92931372031012,14957200
2023-01-05,89.80513763427734,90.35225843481047,88.42758225673033,89.55112498267086,11622600
2023-01-06,91.7591323852539,92.51142077272661,89.21895341549728,90.52812722116224,9828100
2023-01-09,92.58956909179688,93.49817234769627,91.29993938541004,92.25739524423786,11675800
2023-01-10,93.36138916015625,93.4395503392421,91.6614245112704,92.11084011022365,6914600
2023-01-11,94.11368560791016,94.32862514206404,92.86313644977218,93.71311512083045,8757300
2023-01-12,97.51359558105469,98.31472894017271,95.32513499461075,96.23373809918382,19764300
2023-01-13,97.11305236816406,97.30844787933073,95.75503344013114,97.09350834473082,12230200
2023-01-17,97.61131286621094,98.66645897819055,96.72224621706974,98.01187586847625,14914200
2023-01-18,96.76133728027344,98.80324801023856,96.44869998105855,97.9728058829985,11384500
2023-01-19,96.80040740966797,97.16188982207657,94.88550322725744,95.86249561341754,10973600
2023-01-20,101.09918212890625,101.20664444098522,97.01535338477494,98.03141897461565,14549900
2023-01-23,103.2583236694336,103.51233631319357,100.55205069068089,100.9135405429148,11479100
2023-01-24,103.56119537353516,105.94505923718022,99.65322573679799,102.29110226005136,8606700
2023-01-25,105.63241577148438,105.67149636002384,101.78306351973885,102.54511636160804,10008000
2023-01-26,107.17607116699219,107.23469578392134,105.095079885602,105.68127387786646,9204400
2023-01-27,107.0197525024414,108.03582553194484,106.6484980595666,106.74619581254831,10249700
2023-01-30,105.1146011352539,106.46285532020597,105.00713883657825,105.76919166084163,8548500
2023-01-31,105.99390411376953,106.21861564700485,104.97783111635775,105.10484489969704,8251700
2023-02-01,106.87319946289062,107.41054827159053,104.44049044157588,106.00367681162028,9975500
2023-02-02,110.60530853271484,110.91794580206061,107.1662985699113,108.1237469462188,13093200
2023-02-03,108.16282653808594,110.5369183425279,107.83065270353656,108.90534284112509,12472500
2023-02-06,107.3421630859375,107.88927647229961,106.03298932789278,107.6352563484054,11956500
2023-02-07,109.0616683959961,109.5404000803332,106.35540249277015,106.78528157132229,10844000
2023-02-08,109.20822143554688,110.72256280565514,107.75250468458935,109.6185565002955,27719900
2023-02-09,107.82087707519531,115.46095700597252,107.28352829749878,115.32417867235161,46137200
2023-02-10,105.57379150390625,107.21513895858257,104.7433494928666,106.45308611424359,15566000
2023-02-13,105.1830062866211,105.79850882064282,104.09854411677767,105.6128778777754,12341500
2023-02-14,105.1830062866211,105.94505917270338,103.38533637880856,104.36232878739827,10768100
2023-02-15,106.72664642333984,106.75595500237462,104.24508486230329,104.62611129747619,8156000
2023-02-16,103.39511108398438,105.53471944591918,103.26809729708756,105.07553926316072,9479900
2023-02-17,102.79914093017578,103.36579830784761,101.48996724568777,102.61350999000663,9492200
2023-02-21,99.74115753173828,101.34343203763726,99.48714485670712,101.16757309515206,10648200
2023-02-22,99.34058380126953,100.20033439760785,98.76415443089915,98.99863796487703,9885100
2023-02-23,99.38943481445312,99.7020720675729,97.31820835387211,99.11587069584576,10974800
2023-02-24,97.99234008789062,98.11934641570551,96.68316640408158,97.24005177043979,8523000
2023-02-27,98.13887786865234,99.13541423263179,97.75785145120727,98.4124419859232,6641200
2023-02-28,97.31822204589844,98.43199288270402,97.27914145202757,98.13889215560313,8233700
2023-03-01,96.2728271484375,97.33774523302459,95.84294812882284,96.90787366727004,7898300
2023-03-02,96.64408111572266,97.00557096727564,95.17859259614144,95.49122984883103,7776600
2023-03-03,98.8130111694336,98.85209176006681,96.60500624874994,97.37683114256991,7434300
2023-03-06,98.34406280517578,100.3371208277745,98.17796842507524,99.27220264367872,6773300
2023-03-07,96.7808609008789,98.61761131013293,96.61477398842598,98.09003454069997,6951300
2023-03-08,97.01535034179688,97.32798761821728,96.03835792125052,96.72224963408873,5668700
2023-03-09,93.92804718017578,97.74809097860349,93.71310766312682,97.16188958524799,8275600
2023-03-10,91.41718292236328,93.69357711167255,90.69421059902236,93.40047639617337,13978800
2023-03-13,90.46949768066406,91.8568251446904,88.37873447322698,89.7758339486509,11915300
2023-03-14,91.21200561523438,92.13038080164557,90.21546925256264,91.83728011759858,10323600
2023-03-15,90.95800018310547,91.21202031997403,89.30688792811291,89.5218200166896,9543800
2023-03-16,92.12061309814453,92.38439776303176,89.77582987772101,90.53788274724006,9931700
2023-03-17,91.0556869506836,92.10106850046355,90.77236571951903,91.88613643783188,12943200
2023-03-20,92.05221557617188,92.73610720371829,90.86028377913979,91.28039076573536,6657200
2023-03-21,94.31885528564453,94.62172057040345,92.98037289937574,92.98037289937574,7285800
2023-03-22,92.71658325195312,95.67686912715816,92.63842206849658,95.2079094802796,8811100
2023-03-23,93.62518310546875,94.78779898818128,92.57980153981538,93.08783430607946,9527000
2023-03-24,91.91545104980469,92.81428231062307,90.87983398908186,92.62865136076637,9534600
2023-03-27,93.42001342773438,93.81080441400547,92.2085375179411,92.59933595807246,7487900
2023-03-28,92.63842010498047,93.79127144801677,92.41370857077095,93.31254725374846,5426100
2023-03-29,94.64125061035156,94.6803311983946,93.15621808015628,93.86942576768665,5889100
2023-03-30,95.84294891357422,96.64408234968653,95.42284190110922,96.45845887012769,7669500
2023-03-31,97.82624816894531,97.89463734007745,96.23375321037662,96.61477965723576,8920000
2023-04-03,97.46475982666016,98.11934291830227,96.98602820394265,97.90440340669198,7313200
2023-04-04,97.27914428710938,98.10958643294927,96.48778273627929,97.99235210178117,6794200
2023-04-05,97.61131286621094,97.87509753074075,96.36075635084853,97.4061379057473,7747200
2023-04-06,97.66993713378906,98.01188300301898,96.2826096335643,97.15213232411791,7042500
2023-04-10,98.49060821533203,98.49060821533203,96.62455647932622,97.01535495690753,8016600
2023-04-11,98.10958099365234,99.56530512508111,97.98257465730781,98.83256078045918,7504600
2023-04-12,95.6866455078125,99.86817211348583,95.45216194673584,98.9204882189189,9289200
2023-04-13,98.51991271972656,98.74462425754152,96.24352603070034,96.24352603070034,8745000
2023-04-14,97.6015396118164,98.53945139599384,96.65385581682226,98.18773354519477,7337300
2023-04-17,97.99234008789062,98.25612475454014,96.86879734415446,97.27913236065831,6705300
2023-04-18,98.60784912109375,98.82278865455214,97.30844736253957,98.29521183257087,8180100
2023-04-19,96.4780044555664,97.5331580906906,96.09697799630393,97.48430548663711,11523300
2023-04-20,95.81365203857422,96.31192028953552,95.14929685524616,95.50101474370578,7762700
2023-04-21,97.27914428710938,97.42569465493085,95.47170962760808,95.90158871885471,9468000
2023-04-24,97.38661193847656,98.42222159516255,96.39984743409282,97.8457996025124,8540600
2023-04-25,95.7550277709961,97.41591187916372,95.7550277709961,97.09350259635195,6511400
2023-04-26,94.38723754882812,96.21421604322312,94.24068719621067,95.58893404179796,8634500
2023-04-27,97.63085174560547,97.76763008657916,94.48493499548961,94.89527001841067,8166500
2023-04-28,100.1417236328125,100.20034079311824,96.80041132589302,97.08374002380525,11329700
2023-05-01,99.85839080810547,100.24918925300167,99.27219686769135,100.05379375748375,6909500
2023-05-02,98.28543853759766,99.36012873699653,97.32799011506188,98.99864630259174,6955900
2023-05-03,98.53945922851562,100.21988743726855,98.32451969662478,98.73485473721955,7772100
2023-05-04,95.20790100097656,97.2498188772246,94.38723100935461,97.2498188772246,13260700
2023-05-05,98.207275390625,98.52968468016046,95.85272751976147,96.32167971012154,9300100
2023-05-08,100.60090637207031,101.51928159277891,99.35035732063922,99.36012187764142,10810100
2023-05-09,99.82908630371094,100.6106832254044,99.74115310943661,100.54229405379577,6829900
2023-05-10,98.8130111694336,100.8744657387078,97.73832101553181,100.63021763764554,19525200
2023-05-11,90.18617248535156,92.92175438183091,89.76606542526069,92.61888910148434,57127200
2023-05-12,89.87352752685547,90.74305015433622,89.14078323714514,90.21547337128155,21837500
2023-05-15,90.7235107421875,90.73328275282486,88.61320367612554,89.43388113088079,16792000
2023-05-16,88.88677215576172,90.29363614826573,88.69136920273303,89.92238171830199,17013300
2023-05-17,90.63558959960938,90.90915375679113,88.75976581638695,88.9258527499943,12461600
2023-05-18,91.6028060913086,92.07175825163952,90.3327130371803,90.71373946264676,15014800
2023-05-19,89.24825286865234,90.86029179448792,89.2189442897234,90.86029179448792,16429000
2023-05-22,89.70743560791016,89.82467737111598,87.82184010937779,89.22871145240794,14150600
2023-05-23,87.75346374511719,89.91261621889736,87.7436917332929,89.00401291962687,14778700
2023-05-24,87.02071380615234,87.4310488301124,86.37590269048091,87.382203681847,15350800
2023-05-25,86.11211395263672,87.4994414428059,85.77016808588527,87.4994414428059,13605800
2023-05-26,86.25865936279297,87.18679915557107,86.07302842269318,86.45405486005349,12892700
2023-05-30,85.79946899414062,86.92301170201742,85.00810756558907,86.92301170201742,14800700
2023-05-31,85.9362564086914,86.14142393207328,85.14489489652406,85.56500195502817,11440600
2023-06-01,86.5517578125,87.01094545791678,85.10581315657153,86.36613431510025,11993200
2023-06-02,88.68159484863281,89.23848020579567,87.53851555559226,87.56782413430709,14350200
2023-06-05,88.90630340576172,89.64881967513242,87.38219773261244,89.10169889324135,18506700
2023-06-06,90.03962707519531,90.38157293928502,88.92584883323616,89.00401001755975,12109100
2023-06-07,90.3913345336914,90.93845535215985,89.74652341881219,90.6453546474853,11082400
2023-06-08,90.40110778808594,90.54765814243859,89.19941128088763,90.39133577676625,9030200
2023-06-09,89.81491088867188,90.7821312696059,89.4436564631266,90.64535293104393,9625400
2023-06-12,90.9970703125,91.08500350332157,89.65858805916108,90.12754768453526,12341600
2023-06-13,91.69073486328125,92.26716425286237,91.29017185697475,91.95452698433274,12964400
2023-06-14,90.32295227050781,92.34532641661241,89.80514744599647,92.0913137372536,15877400
2023-06-15,90.80167388916016,91.36832380279613,89.50227223903055,89.94191582706644,13354600
2023-06-16,89.21895599365234,90.83099513095857,88.7695403321123,90.7430619287761,22683400
2023-06-20,87.68507385253906,88.69137490023456,87.67530184079475,88.2126506788171,14939200
2023-06-21,86.6006088256836,87.60690984092523,86.08280402784942,87.48967551921831,17873000
2023-06-22,86.45405578613281,87.13795494159127,86.09257336694269,86.40521063822467,10915300
2023-06-23,86.07302856445312,86.36612926468706,85.5943043776741,85.99486738387601,13538000
2023-06-26,86.65921783447266,87.43104267983387,85.75061465741301,86.01440676416003,13132700
2023-06-27,87.01094055175781,87.59714195345157,86.4540551832371,86.85462564413714,10032700
2023-06-28,86.7862319946289,87.3431173344037,86.49313130891161,87.33334532385044,12118300
2023-06-29,86.90347290039062,87.06956727695966,85.33051450565665,85.77993757888976,13402600
2023-06-30,87.22588348388672,87.53852076521797,86.57130034076516,87.12818573106959,12837500
2023-07-03,88.41781616210938,88.85745978026615,86.86440175435203,87.06956927308258,7979500
2023-07-05,87.7241439819336,88.31033790103442,87.19656721858482,88.03678123571137,11028800
2023-07-06,86.69830322265625,86.78623641439364,85.76039141599998,86.6299140530207,12084600
2023-07-07,86.6006088256836,87.66553445563942,86.05349544742269,86.27819953326811,9705100
2023-07-10,86.07302856445312,86.6396859428465,85.83855247658224,86.21957891457009,13642600
2023-07-11,87.43104553222656,87.52874327893278,86.12187932787063,86.17072447429359,13735500
2023-07-12,88.07586669921875,88.6229800601479,87.50920931605042,88.03678610860088,14912100
2023-07-13,88.38849639892578,88.72067020993283,87.03047767019015,88.46665757346622,15325500
2023-07-14,86.58106994628906,88.40804098016972,86.38566699222392,88.3298872524042,17770000
2023-07-17,83.59147644042969,86.45406478158553,83.33746375561242,86.38567560430992,34503400
2023-07-18,83.97248840332031,85.29143402166795,83.34721390380231,83.54261684356419,21885100
2023-07-19,85.03742218017578,85.86786425664693,84.20698010370464,84.21674466124543,17177000
2023-07-20,84.22650909423828,85.1741928606761,84.05065017413786,84.84201158765973,15277500
2023-07-21,85.17420196533203,85.87763772092714,83.90410880063409,84.31445129397181,19901000
2023-07-24,84.6075439453125,85.93625426209567,84.55869879555271,85.47706662196109,13911900
2023-07-25,83.65985107421875,84.32420616105905,83.20067093739883,83.75755627093702,15335400
2023-07-26,83.88456726074219,84.28513026491667,83.4839968027073,83.69893632127622,14983700
2023-07-27,83.39606475830078,84.88108980013745,83.22997785337125,84.6075331440512,16691400
2023-07-28,84.14836120605469,84.58801230266319,83.48400600897045,83.88457651117857,13638300
2023-07-31,86.84485626220703,87.30404389563364,84.8810993963476,84.9983411710078,20837800
2023-08-01,86.98163604736328,87.66553523009183,86.4247506527536,87.06956924328102,13717500
2023-08-02,84.314453125,86.29774664606956,84.27537253174481,86.22935747133822,15162700
2023-08-03,83.52307891845703,84.47076274735231,83.48399832765242,83.84548820219965,14145400
2023-08-04,84.314453125,85.10581464029981,83.484003562584,83.96273523956431,11533900
2023-08-07,84.83226013183594,85.22305862061766,84.0115825600082,84.6661731966086,10818400
2023-08-08,86.10233306884766,86.29773601104284,84.11903979219213,84.50983822272241,16767900
2023-08-09,85.47706604003906,87.49944008207368,85.0374224258901,87.1477222092102,32517900
2023-08-10,89.64881896972656,90.40109978984984,85.73107760954845,87.90000179126231,56716800
2023-08-11,86.97186279296875,89.24825694259309,86.81554788025888,89.21894836232627,21998900
2023-08-14,86.76668548583984,87.24541708904307,85.96555208222325,86.94254440145616,13676400
2023-08-15,85.05696105957031,86.20004790105438,84.8908741305367,85.96556434421302,13677900
2023-08-16,84.36328887939453,85.05695256122335,84.09950422162983,84.54891981321498,12182700
2023-08-17,83.94318389892578,84.95925687340957,83.82594958324019,84.92017628356093,14206000
2023-08-18,83.98226928710938,84.72478562893673,83.40584732509369,83.40584732509369,12364400
2023-08-21,83.90410614013672,84.2655960180387,83.44492596510742,83.8357169690591,11215000
2023-08-22,83.8161849975586,84.10927826659795,83.40584994858689,83.73802381093702,9835300
2023-08-23,83.85527038574219,84.34376664926785,83.66963942036678,83.83572636103875,7576000
2023-08-24,80.57256317138672,83.97249249651092,80.5627911604573,83.54262091580095,27531000
2023-08-25,81.44209289550781,81.72542160627114,80.56279818173563,81.1587641847445,16050900
2023-08-28,82.22368621826172,82.74149101185381,81.60817621889998,81.90127692848755,12166400
2023-08-29,82.4581527709961,82.60470310883007,81.80356970971215,81.8621868633018,11210700
2023-08-30,82.34091186523438,82.73171028556428,81.90126830102568,82.45815362749131,11816600
2023-08-31,81.75472259521484,82.66332580608754,81.71564200558093,82.51677545842543,10448000
2023-09-01,79.76166534423828,80.33809478253075,78.6772030968514,80.22085300172692,27701900
2023-09-05,79.32201385498047,80.49440173146928,79.31224184408264,79.54671792860833,12741700
2023-09-06,79.1168441772461,80.20129883360288,78.67719314523755,78.93121324458514,15518500
2023-09-07,78.71627044677734,78.98982710210045,77.91513704739116,78.96051852529581,14768000
2023-09-08,79.70304107666016,79.7909668140302,78.32547822697944,78.68696809517505,16220900
2023-09-11,80.62139892578125,81.92080043517878,79.30246085066128,80.05474907351648,26579100
2023-09-12,81.75472259521484,82.72194296360826,80.67026045791968,81.11967605791925,16594600
2023-09-13,81.55933380126953,82.11621920504724,81.20761591952983,81.43232001105963,9772700
2023-09-14,82.53632354736328,82.7903362117104,81.1294520666563,82.0673639025074,22371900
2023-09-15,83.61101531982422,84.2069813082089,82.66333145456134,83.25929744294602,21631200
2023-09-18,83.06388854980469,83.94318317920946,83.0248154141514,83.27882806519922,11894200
2023-09-19,80.05474853515625,82.83917499809776,79.8300370346321,81.98918904462742,21478900
2023-09-20,80.66049194335938,81.28576649688459,79.76166070439945,80.14268715252074,12715200
2023-09-21,80.82659149169922,81.74495935815501,80.03522251092909,80.17200086239828,14378000
2023-09-22,79.38063049316406,81.43231299052302,79.33177789285493,81.00244141401579,11495300
2023-09-25,79.14615631103516,79.88866516731703,78.70650525927462,79.68349765803964,11034400
2023-09-26,78.20823669433594,78.88235631355425,77.95421660893759,78.64788024834178,14867900
2023-09-27,78.06169128417969,78.70650236766737,77.39733617927287,78.27663079662898,14662500
2023-09-28,78.28640747070312,79.0582324512982,77.81745523810191,78.432957838589,12229800
2023-09-29,79.18523406982422,79.45879073907851,78.55995955328295,78.80420764424002,11261400
2023-10-02,79.79096221923828,79.88865996197696,78.93121164773397,79.05821796790825,9128100
2023-10-03,77.70997619628906,80.00590683978012,77.63181501555785,79.38063230165133,12586200
2023-10-04,77.49504089355469,77.95422853801438,76.91861892547864,77.77836959872897,12010500
2023-10-05,78.95075988769531,79.0777736805087,77.06516410399753,77.28010364211765,15466600
2023-10-06,81.03174591064453,81.60816780518135,78.63811023942272,79.18523101065452,15391100
2023-10-09,82.75125122070312,82.927110146442,81.21737348937079,82.36046023360365,13604400
2023-10-10,83.03458404541016,83.32768475421348,81.99897446099689,82.83918854211504,9450600
2023-10-11,82.89779663085938,83.74778263028686,82.32137474151396,83.40583681000909,9499200
2023-10-12,82.40931701660156,83.11275281888517,81.58864688317826,82.87827670274442,9554900
2023-10-13,82.40931701660156,82.63402857438824,81.4616330859618,82.00875396210533,10808000
2023-10-16,83.73802185058594,83.95296138183289,82.37023093217324,82.37023093217324,10275100
2023-10-17,84.21674346923828,84.30467666288583,83.34722081332907,83.38630140452125,9985700
2023-10-18,82.7317123413086,84.27536204034583,82.65355116452847,83.71847670004253,10047000
2023-10-19,81.3346176147461,83.30813899068455,81.25645643351712,83.2983744334263,14316800
2023-10-20,80.74842071533203,81.52024558060472,80.70934012614427,80.99266880736035,10437000
2023-10-23,81.18807220458984,82.0966754935588,79.04846377871658,80.19154317178241,10772500
2023-10-24,80.66049194335938,82.26275891850032,79.8593584557889,81.49094146482125,11499500
2023-10-25,78.73580932617188,80.65072087740253,78.66742016033221,80.24037842850451,9372500
2023-10-26,77.94445037841797,78.75535583748682,77.59273252758956,78.23755107206173,11651000
2023-10-27,77.50480651855469,79.1656905663862,77.40710877230464,77.91514152512103,10300600
2023-10-30,78.82374572753906,79.06799382319284,77.70020299675966,77.88583393469183,10291200
2023-10-31,79.71282196044922,79.79098315669394,78.48181666197351,78.83353459121284,8672200
2023-11-01,79.20478057861328,79.70304883378557,78.33525786197875,79.65419622791846,9093000
2023-11-02,81.37369537353516,81.38346738431383,79.93751539733923,79.96682397581502,11518500
2023-11-03,83.11273956298828,83.95295358683421,82.22368039357838,82.23344495037507,11331800
2023-11-06,82.0868911743164,83.82594375938807,81.66678417995604,83.12250809870467,14160900
2023-11-07,82.64378356933594,82.73171676137657,82.0185090294088,82.22368399288345,10540200
2023-11-08,82.55585479736328,82.96618980151248,82.01850601536299,82.20413694984676,26942600
2023-11-09,88.26148223876953,89.11146823697489,85.58452538033839,85.81900144906889,51062700
2023-11-10,86.23912048339844,88.08564307576695,84.93972618679516,88.05632704095531,25175700
2023-11-13,87.3822021484375,87.83161775543974,85.39890878024009,86.38566573189567,12834400
2023-11-14,88.97470092773438,89.43388856568171,87.91954730698656,87.9586278989247,13152000
2023-11-15,91.7688980102539,92.3941725607112,90.60627464900021,90.85052275320574,20593100
2023-11-16,92.33555603027344,92.43325378184942,91.47579792713931,91.72981804432537,12923900
2023-11-17,91.98383331298828,93.18552975636585,91.75912178773363,92.57002724540614,12189300
2023-11-20,92.84358978271484,93.39070316035625,91.7102824356204,91.81775219963721,14105300
2023-11-21,92.27692413330078,92.77519231703137,91.79819997065927,92.55048825152743,7654800
2023-11-22,92.8826675415039,93.50794208369703,92.57980228152738,92.72635263288588,7328200
2023-11-24,93.84989166259766,94.28954273413883,92.71658430504826,92.71658430504826,5440500
2023-11-27,92.9803695678711,93.53725496555963,92.34532298534818,93.53725496555963,11049500
2023-11-28,90.37179565429688,92.95105495558094,90.32294305348013,92.81427661792651,18660300
2023-11-29,90.37179565429688,91.09476793245034,89.33618611095322,90.46949340206999,13857000
2023-11-30,90.55742645263672,91.70050575292007,90.07869481772666,91.39764049913397,13396700
2023-12-01,90.44995880126953,90.70397146023211,89.65858988321688,90.60627371033415,11898200
2023-12-04,89.89307403564453,90.28387249174025,89.50227557954881,89.7856042738717,12602800
2023-12-05,88.7011489868164,89.66836946402022,87.86093484981555,89.50228252978685,12357000
2023-12-06,89.39480590820312,90.42065092475953,88.5350552670113,89.01377946293601,10462000
2023-12-07,90.22525024414062,91.24132327508805,89.541358518436,89.68790887504721,10264700
2023-12-08,90.97998809814453,91.68571641860984,90.2350518178585,90.2350518178585,9498200
2023-12-11,90.37227630615234,91.23483646941285,90.14683988395743,90.89177616727684,10811000
2023-12-12,89.26467895507812,90.37227577493633,89.05884277500644,90.29386733359021,13218400
2023-12-13,90.98979187011719,91.02899982990019,88.98042693062251,89.36269519081458,10173200
2023-12-14,92.07778930664062,92.95014585500459,91.36225712071378,91.36225712071378,12439300
2023-12-15,91.6072998046875,92.08758422208216,91.08780742776928,91.20543130633993,17551600
2023-12-18,91.0191879272461,91.85233643408851,90.86235610197302,90.86235610197302,9083600
2023-12-19,92.06798553466797,92.12679373586863,90.77415276117712,90.80355686177744,8804000
2023-12-20,89.46070861816406,92.40123820867194,89.4411083779482,91.39165757910213,13060600
2023-12-21,90.19584655761719,90.25466223818546,89.25487792821795,90.10763425399566,13037200
2023-12-22,89.21566009521484,90.41147659967841,88.95101573548011,89.80377196689751,9419800
2023-12-26,89.14705657958984,89.46071278472617,88.80399627368352,89.03923655799731,8086900
2023-12-27,88.5883560180664,89.13725998435407,88.25509957260049,89.1078558836546,11123500
2023-12-28,88.60795593261719,89.17646008991213,88.18647974402309,88.30409613646127,8479600
2023-12-29,88.50013732910156,88.80398965193962,88.07866113380042,88.3335091183938,9211000
2024-01-02,88.91181182861328,89.66655194184513,87.95124302033167,88.31390354914775,10587600
2024-01-03,89.83317565917969,90.25465184363398,88.21588297566194,88.44132685587599,11929800
2024-01-04,88.76478576660156,90.11743418844432,88.21588929289933,90.11743418844432,12087400
2024-01-05,89.09805297851562,89.50972534902616,88.56875672579329,88.61776854625334,9092100
2024-01-08,89.73515319824219,90.1174213993425,89.19605318225328,89.73515319824219,11103700
2024-01-09,87.8924331665039,89.29408599149828,87.82382110422392,89.24508164881482,11255100
2024-01-10,87.51996612548828,88.039458506886,87.11809014552176,88.039458506886,15091600
2024-01-11,87.6767807006836,88.00024072482364,86.93185198091925,87.6179725065319,9642200
2024-01-12,88.55895233154297,89.02944037939655,87.87283171816674,87.87283171816674,11919400
2024-01-16,91.20542907714844,91.24462955756023,87.68659144698974,88.50013976137349,16780900
2024-01-17,88.54913330078125,91.90134230678962,88.31389305623502,90.7447338437212,15735200
2024-01-18,90.382080078125,90.67613603861598,88.61776674964031,88.86281089066487,12203200
2024-01-19,91.21522521972656,91.72492120158901,89.81357248683499,90.48989668354908,19790100
2024-01-22,93.1951904296875,93.34221841138515,91.02900109901383,91.02900109901383,15119400
2024-01-23,91.91114807128906,93.98912496505329,91.33284751978326,93.5382446677386,11559400
2024-01-24,91.64649963378906,93.36180845046427,91.41125937567072,92.54826018837016,10454900
2024-01-25,92.97954559326172,93.05796150987813,91.89154905420763,92.05817726840245,8661600
2024-01-26,93.4696273803711,93.6362555830238,92.8227073303271,93.11676325819307,7812800
2024-01-29,95.55741119384766,95.5672150533772,93.11677364175215,93.52844600414826,13422200
2024-01-30,95.01831817626953,95.60642261699073,94.10675367579789,94.60663833742638,9139600
2024-01-31,94.14595794677734,95.63582297010547,93.91071019718339,94.50861847396627,9592300
2024-02-01,95.13592529296875,95.98868150959177,93.99892448229102,94.45960861731197,8484800
2024-02-02,95.20454406738281,95.47899977858661,93.92051520068875,94.37139550900764,9321300
2024-02-05,94.73406219482422,95.43979048603563,94.5772303620424,94.7830665339535,11679300
2024-02-06,97.32173156738281,97.35113566768656,94.87129016668777,94.99871042738857,16455500
2024-02-07,97.1747055053711,97.31192962826572,94.72426405631866,95.45939649103438,28886300
2024-02-08,108.34871673583984,110.53450625460331,104.68285853267341,104.95730677017254,60558400
2024-02-09,106.24134063720703,107.96645353996927,105.55522001130079,107.42735342093296,21509100
2024-02-12,107.12349700927734,108.8584062279762,105.69244013079914,105.74144447184723,13424000
2024-02-13,108.27029418945312,108.45653011556459,106.06489708692396,106.13350914209875,14594500
2024-02-14,109.3484878540039,109.46611172603905,107.49595486883152,108.38791907258656,11405500
2024-02-15,110.2208480834961,110.68153225025532,108.87801102004862,108.87801102004862,9961900
2024-02-16,109.3876953125,110.32866385003027,108.95642273997771,109.79936764551577,8782200
2024-02-20,107.27052307128906,108.92701634091708,107.18230329393353,108.65256810586172,9770900
2024-02-21,105.53560638427734,107.05488301422645,105.114130172483,106.3295544677037,10427500
2024-02-22,105.50619506835938,106.33934357567024,105.28075866709385,105.84925533864585,9266200
2024-02-23,105.60420989990234,105.85905787385184,103.73207674651356,105.43758169615391,11724000
2024-02-26,105.54541015625,106.60400261450697,105.25135420290522,105.38857832029184,8694200
2024-02-27,107.25090789794922,107.4077397231676,105.64341908022597,105.64341908022597,7595000
2024-02-28,108.60356140136719,108.83880167227147,106.5059842469333,106.62360064330875,10773000
2024-02-29,109.36809539794922,110.51490010539476,108.77018713615557,108.9368153459923,11658300
2024-03-01,109.73076629638672,109.92680610134543,108.82900562803837,109.2308816195883,7242400
2024-03-04,111.43627166748047,111.86754425390592,109.58373863103532,110.43648742289372,11558900
2024-03-05,110.63252258300781,112.90653172967617,110.04441070933157,111.35785108821456,14929600
2024-03-06,107.87822723388672,111.05400459699736,107.08428663218581,110.83836456242341,14743900
2024-03-07,107.995849609375,108.87800997575559,107.03527332639317,108.50553811097633,8609300
2024-03-08,108.1330795288086,109.10345224483902,107.17250319426414,107.99585540646707,10009200
2024-03-11,110.08363342285156,110.67174537536431,107.84883193339626,107.90764013738588,8794300
2024-03-12,110.23065948486328,110.71094392474593,109.42691497238141,110.28946768782532,8085000
2024-03-13,110.26985931396484,111.86754436122305,110.21105111533983,110.50509958661834,7267900
2024-03-14,109.83858489990234,110.12283700480306,107.33913911375409,109.52492869417635,10520500
2024-03-15,109.73076629638672,110.72074674650496,109.19167365859656,109.38770598540135,15364200
2024-03-18,111.59309387207031,112.16159804112017,110.06402091353247,110.06402091353247,11820800
2024-03-19,112.24002075195312,112.88693339736545,110.99519232441978,111.16182802416341,10999700
2024-03-20,114.15135192871094,114.20036374395725,112.09298281696745,112.33802693689293,11699600
2024-03-21,114.38660430908203,115.03352444373922,113.56325956841347,114.67085641569014,10353500
2024-03-22,113.57306671142578,115.32758374408112,113.54365513141975,114.60224766701417,7144800
2024-03-25,116.9938735961914,117.04288541494864,114.5532360807843,114.65125224014515,12103600
2024-03-26,117.55257415771484,118.01325833357019,115.84706905144824,117.25851820091036,11870000
2024-03-27,118.5817642211914,119.61094512839195,117.64078813724558,118.56215650210926,10782800
2024-03-28,119.93440246582031,121.28704340377038,118.79739408580008,118.84640590423851,15367400
2024-04-01,119.12085723876953,119.97361354596855,118.3857248119905,119.64034962385544,8419700
2024-04-02,120.3852767944336,121.08120120837607,117.77801120685709,117.83681940353716,15517100
2024-04-03,116.62139892578125,121.23802917181108,116.03328706511772,119.8461729101474,22480400
2024-04-04,114.76885986328125,117.80741291817249,114.64143961367185,116.85664054095906,13815400
2024-04-05,116.03329467773438,116.50378270150199,113.99453318315051,114.28858165462101,9653900
2024-04-08,115.0237045288086,116.17050917673274,114.5042122085431,115.68042095336486,6266000
2024-04-09,115.63143157958984,116.16072782669167,114.57283908538619,115.05312351254842,7451100
2024-04-10,114.86688995361328,115.22955048372633,114.06314549807011,114.28858191222362,6746300
2024-04-11,114.82768249511719,115.93527928680113,114.06314599482619,115.25895508508826,6559400
2024-04-12,111.74992370605469,114.38659337871023,111.47547548539045,114.08274105985384,12155200
2024-04-15,110.7109375,113.25940249338854,110.53450542319854,112.6026785264226,9637100
2024-04-16,111.62250518798828,112.23021735400559,110.2894644534788,110.58352041597351,9291400
2024-04-17,110.70113372802734,111.94595456368457,110.6521219129061,111.74011840085085,7379000
2024-04-18,110.20124053955078,111.98516141126494,109.9660002812349,110.93637289017178,8235600
2024-04-19,110.37767791748047,110.48549793234862,108.87800904650948,109.50532141765873,9436000
2024-04-22,109.76997375488281,111.38726661715761,109.53473346816313,110.85797036342292,6901700
2024-04-23,111.45587158203125,111.97536394294546,110.56391483434825,110.59331893354666,6839300
2024-04-24,111.66171264648438,111.91656064762446,110.89717612121784,110.89717612121784,6157200
2024-04-25,110.53450012207031,110.65212399368134,108.20168275460051,109.01523104073212,8045900
2024-04-26,110.49530792236328,110.77955254662012,109.11325537045184,109.6327477555577,6304800
2024-04-29,109.85818481445312,111.62249804201024,108.15267230621531,110.7991533647809,7151200
2024-04-30,108.89762115478516,109.81898957201943,108.60357265522288,109.77978160978029,8156600
2024-05-01,108.28990173339844,109.76996284667476,108.02524989375348,109.083842296027,6338400
2024-05-02,110.38748168945312,110.63252581793235,108.3683129856401,109.22106924488298,6799800
2024-05-03,111.40686798095703,111.84794442816256,110.56391556696798,111.28924410523061,7411100
2024-05-06,114.16116333007812,114.62184750248016,111.88715404605074,112.52427029558223,16303200
2024-05-07,103.30079650878906,105.74143380001425,102.14418798700132,105.12392532242318,55084600
2024-05-08,103.34981536865234,104.36919985380266,102.3696388419486,102.82051914685391,15238100
2024-05-09,103.70268249511719,104.02613507482317,102.32062996325526,102.54607386125994,15096000
2024-05-10,103.69287872314453,104.8984916988693,103.33021070540629,104.80047553893166,15884600
2024-05-13,103.73208618164062,104.52602679489979,103.49683842514237,103.49683842514237,9666400
2024-05-14,103.26158905029297,103.88890138938663,102.86951696882119,103.2125847139546,11278400
2024-05-15,100.73274230957031,103.78109202542376,99.38010134180547,103.52625150275672,20745600
2024-05-16,101.32085418701172,101.96776683108551,100.80135432606218,100.99739412589797,9476700
2024-05-17,101.2032241821289,101.76192449107845,100.99738801337415,101.57568856204418,7356000
2024-05-20,100.86016845703125,101.61490110989224,100.48769658213702,101.28164467251699,7667400
2024-05-21,100.96798706054688,101.64430378519764,100.6837349677473,100.94837934206221,7333300
2024-05-22,100.977783203125,101.77173128050141,100.71313882943518,100.93858272255528,7190300
2024-05-23,98.6645736694336,100.96798703261287,98.28229794062348,100.93858293304751,10504000
2024-05-24,99.74276733398438,100.06621991050544,98.69397872974075,98.85080308833375,6451600
2024-05-28,100.40928649902344,100.82095884839512,98.9488180796303,99.3506940479361,7813100
2024-05-29,98.88021087646484,100.05642726147691,98.77239085421823,99.7427710544378,7376300
2024-05-30,99.68395233154297,100.04662034786153,98.96842763646094,99.135055855518,7300600
2024-05-31,101.85014343261719,102.01677164241558,99.39970218915882,99.50751472397003,14735800
2024-06-03,100.73274230957031,102.1540028159229,100.44849768645352,102.10499099640414,6908600
2024-06-04,101.2816390991211,101.43846344979913,99.61533456947858,100.08582257781909,7269100
2024-06-05,99.48792266845703,101.03660345647663,99.02723848028567,100.95818753547856,10796900
2024-06-06,99.20366668701172,99.90939499210991,98.81159457549566,99.0468423292974,10294700
2024-06-07,99.52713012695312,100.24265483752843,98.55675741349643,98.86060975813906,6047800
2024-06-10,100.70333862304688,100.8111586439083,98.64496932341237,99.24287762886077,7621900
2024-06-11,98.87040710449219,100.84055650230606,98.74297937236913,100.60531623414907,9134200
2024-06-12,98.80179595947266,99.67415246183258,98.26269588356334,99.19386058396668,9041800
2024-06-13,98.1058578491211,99.06643406597317,97.63537733821008,98.6155537937864,10164600
2024-06-14,97.98825073242188,98.39011922859471,97.28252242112426,97.83141889517636,7087600
2024-06-17,99.50752258300781,99.89959470855739,98.6253696482135,98.97823381339275,10389000
2024-06-18,99.48792266845703,99.74277067262383,98.61556611227655,99.11545826094695,7044700
2024-06-20,99.82117462158203,99.91919825749358,98.39011777948481,98.57635371393253,7886900
2024-06-21,100.2426528930664,100.50730475042796,99.57613253718121,99.78197619430847,14137300
2024-06-24,99.9583969116211,101.03658950290324,99.88978485976185,100.2230412607488,7393600
2024-06-25,100.17404174804688,101.62470635168476,99.75256552682775,100.62492954780532,10296100
2024-06-26,100.1544418334961,100.34067777408339,99.4193094088457,99.87999359146454,10122300
2024-06-27,100.14463806152344,100.25245808215209,99.79177389913039,100.01721779994129,8365200
2024-06-28,97.32173156738281,100.54651334807593,96.42976730801604,99.99760938917574,21439400
2024-07-01,96.09651947021484,97.76281678060367,95.93968761701599,97.42956030978765,15299000
2024-07-02,96.04749298095703,96.04749298095703,95.02810852527847,95.99848864293068,13340300
2024-07-03,96.65520477294922,97.11588892211682,95.890668303332,95.90046468401198,5030000
2024-07-05,96.04749298095703,96.36114916130788,95.64562450526682,96.36114916130788,8550800
2024-07-08,95.8801040649414,96.78602496141718,95.40744543788874,96.19520731209185,8167600
2024-07-09,95.56500244140625,96.0376535638351,94.67877219603452,95.97857405169502,9044400
2024-07-10,95.48622131347656,95.79147546541938,94.7772371426962,95.46652313503607,7761100
2024-07-11,95.12187957763672,96.08688747387278,94.82647451665707,95.52560959409222,7422600
2024-07-12,95.64376831054688,96.33306180929092,95.49606953685168,95.61422855580784,6465700
2024-07-15,95.38774871826172,95.99825699500394,95.12187590971294,95.84070913775398,7417700
2024-07-16,96.96327209472656,97.20944674409364,95.06280350110661,95.5354546208051,10755500
2024-07-17,95.82101440429688,97.10112553648665,95.05295073004454,96.79587138714375,9456100
2024-07-18,95.3089828491211,96.5595468239897,95.2006653970473,95.87026077684236,7529400
2024-07-19,94.27503967285156,95.3385159392111,93.97963460729876,95.3385159392111,9301000
2024-07-22,92.6896743774414,93.7039202226979,92.05946788897664,93.65468228877093,13377000
2024-07-23,89.54849243164062,90.28701637622709,88.45547639264032,89.31215936026203,22534700
2024-07-24,88.42593383789062,89.36139446636126,88.2092989523112,88.8395054307311,11768500
2024-07-25,87.84496307373047,89.11522519627881,87.84496307373047,88.70165357851543,10765300
2024-07-26,88.55393981933594,89.16445561742704,87.97296377535908,88.62286841648705,11301900
2024-07-29,90.7301254272461,91.13385544607864,88.8099662252846,89.00690293376387,13024800
2024-07-30,92.35487365722656,92.60104828340128,90.2673101227097,90.2673101227097,9896100
2024-07-31,92.25640869140625,93.38880600320093,92.20717075930489,92.35487704295531,10241800
2024-08-01,91.62620544433594,92.5124281520564,91.18308657782178,92.42380888634592,9263600
2024-08-02,88.19944763183594,90.78920207880525,87.63816976642231,90.74982074847239,15433600
2024-08-05,86.43683624267578,88.189598433811,85.09764563340657,85.56045514710817,19103200
2024-08-06,88.59333038330078,90.5036479881022,86.6140841800093,86.8799569975094,21717500
2024-08-07,84.64468383789062,87.87449377994776,84.43789805030626,86.65346971926473,30581900
2024-08-08,84.64468383789062,85.00902499467462,82.62605638043168,83.8470804411147,21890500
2024-08-09,84.89086151123047,84.93025035494252,83.4138136789706,84.81208382380636,16008400
2024-08-12,84.63483428955078,85.05825495115853,84.17203229851049,84.54621502934737,11754600
2024-08-13,84.29019165039062,85.13703297700468,84.00462817861114,85.13703297700468,14615200
2024-08-14,84.9794921875,85.21581774796363,84.25080981436813,84.69392869197331,9475100
2024-08-15,87.43138122558594,87.56923841537635,85.87555578349037,85.91494462523812,12401000
2024-08-16,87.93357849121094,88.29791212577659,86.98826132613758,87.59877709677801,10277700
2024-08-19,89.4303207397461,89.55832884487184,88.04189971055462,88.04189971055462,9723600
2024-08-20,88.36685180664062,89.28262182117031,87.94343110072573,89.0069074103707,8863400
2024-08-21,89.33184814453125,89.39092764983572,88.0615861919124,88.83949889991867,7637600
2024-08-22,88.54409790039062,89.98175698071158,88.32746300247233,89.5977251208216,7613000
2024-08-23,89.17430114746094,89.36139628201802,88.30776910019074,88.77057863557678,7369200
2024-08-26,90.3756332397461,90.39533141816409,89.52879187146507,89.52879187146507,8043800
2024-08-27,89.50910186767578,90.31655439774629,89.36139557906391,90.03099090980437,7237400
2024-08-28,88.12067413330078,89.23338834074713,87.40184837443667,88.9478248500155,8569700
2024-08-29,88.43577575683594,89.31215687905254,88.25852971455315,89.0659822376961,6181800
2024-08-30,88.99705505371094,89.06598365388058,88.03205465133598,88.60318163140099,8403600
2024-09-03,87.76617431640625,89.10536487308448,87.18520580936006,88.23883290044405,8465500
2024-09-04,87.88434600830078,88.64256058986356,87.46092532926724,87.58893343682482,6317200
2024-09-05,87.29353332519531,88.29792260235862,86.98827164732903,88.29792260235862,6234100
2024-09-06,86.59439086914062,87.72678816507708,86.37775599117427,87.0965817088042,7791500
2024-09-09,86.98826599121094,87.52985319684416,86.46637696359369,86.87010697373003,8750200
2024-09-10,87.04735565185547,87.52985585072378,86.63378405282549,86.97842705201714,6858300
2024-09-11,86.96858215332031,87.07689960295042,85.26505022858214,86.70271683046278,10779000
2024-09-12,87.93357849121094,87.96311824399699,86.83071347372756,86.87010231499339,7173300
2024-09-13,89.1644515991211,89.33184853999364,88.0221977404897,88.0812772460557,7084200
2024-09-16,90.44456481933594,90.95661229792329,89.5583345776687,89.70604087005559,9028600
2024-09-17,91.43910217285156,91.82313398205918,90.75965781225968,90.95660201740029,8193100
2024-09-18,92.14808654785156,92.63058670467368,91.27170549228245,92.08899952981488,10289800
2024-09-19,92.02008056640625,93.83192988520146,91.89207245379434,93.36912034418708,10912400
2024-09-20,92.31548309326172,92.57150680324993,91.39971320047043,91.77389592071995,19251500
2024-09-23,91.54742431640625,92.26625004234698,90.74982090435722,92.26625004234698,7338700
2024-09-24,92.25640869140625,92.35487704295531,91.0452261806572,91.91175819200404,7860300
2024-09-25,92.4828872680664,92.99493472810158,91.92160938745533,92.20717287234922,8408200
2024-09-26,93.74330139160156,94.32427745778277,92.73891215006219,93.01462654920422,10061600
2024-09-27,94.5409164428711,95.41729761211187,93.82208314597202,94.02886895428851,10155400
2024-09-30,94.71815490722656,96.07703618701873,93.97963100268989,95.36805203663894,7982300
2024-10-01,92.61090087890625,94.38335374689002,91.89206763768838,93.73345661575874,10099200
2024-10-02,92.70936584472656,93.13278650282318,92.1579295727486,92.1579295727486,6144200
2024-10-03,92.19732666015625,92.65028711191948,91.7049773631109,92.17763599384223,6180300
2024-10-04,93.6940689086914,93.881156525333,92.45334662720025,92.85707664038415,6308900
2024-10-07,90.9762954711914,93.68421639551829,90.35593810944633,93.63497846456004,11043600
2024-10-08,91.09446716308594,92.30564220173791,90.28701463309999,91.10430873971283,10209100
2024-10-09,92.16778564453125,92.57151566866386,90.06053128299321,90.45441221777641,8654500
2024-10-10,91.5671157836914,92.44349688952542,91.27171072717813,92.28594902858242,6698000
2024-10-11,92.6896743774414,93.16233300011696,91.38003097923884,91.42926140051188,8089100
2024-10-14,93.5168228149414,93.73345769870593,92.36472731054319,92.73891005626591,6262000
2024-10-15,92.77828979492188,94.18640888854881,92.24655172677048,93.79252800332708,6535800
2024-10-16,95.26958465576172,95.30897349925671,92.19732247703608,92.29579834210041,9936300
2024-10-17,95.06280517578125,95.8407179830038,94.14703516349691,95.44683703454686,9542500
2024-10-18,95.79147338867188,96.04749711427064,94.58029838372508,95.5256080867201,8609700
2024-10-21,95.1415786743164,95.95887277897084,94.48182492185387,95.71269813611801,8189900
2024-10-22,95.25973510742188,95.77178255773413,94.72799699178393,94.72799699178393,5344300
2024-10-23,94.76738739013672,95.65361759740888,94.52121274993078,95.44683180115435,5388500
2024-10-24,93.94024658203125,95.31882610459664,93.7925402916396,95.12188187985645,5015300
2024-10-25,93.5759048461914,95.36805596110936,93.55621418016109,94.34396853649139,6638100
2024-10-28,94.72799682617188,95.21050452132519,93.75314737220013,93.7629964611726,8146400
2024-10-29,94.65906524658203,95.14157292653468,94.21595392127816,94.7870808612302,6834400
2024-10-30,93.6251449584961,95.23020097652578,93.48728775511461,94.2356532841415,7718200
2024-10-31,94.72799682617188,95.15141750014403,93.54636157970029,93.81222688072761,8147700
2024-11-01,94.34396362304688,94.91509057268341,93.37896327208513,94.23564618388637,7944900
2024-11-04,94.32427215576172,94.55074860833204,93.57589917683273,94.36366099808993,6088000
2024-11-05,95.15142059326172,95.19080943777836,93.79253926438044,94.1371822630836,6561700
2024-11-06,97.37684631347656,98.02675101130473,96.70725094873889,96.70725094873889,11325100
2024-11-07,97.4162368774414,97.99720546969328,96.62847495939522,97.26853057872594,7805100
2024-11-08,97.50484466552734,97.74117772069992,96.11642365149272,97.2192887043375,7982100
2024-11-11,99.31670379638672,99.3560926428568,97.48516375512654,97.48516375512654,9137900
2024-11-12,99.44470977783203,99.74012236368795,97.97751096343036,99.01144750127193,9366200
2024-11-13,101.14823150634766,101.62088258105767,98.81449334792518,99.2477630936205,17701300
2024-11-14,107.45030975341797,113.05323946068607,106.7413255869947,108.64179411151392,47436100
2024-11-15,113.3191146850586,113.42743213015348,108.56301872821416,108.56301872821416,32048000
2024-11-18,111.80267333984375,113.67360207183387,111.16261778512954,111.59588754757984,14226200
2024-11-19,110.69981384277344,110.77859153312286,109.1242975990554,110.33548017205199,12166800
2024-11-20,112.51165771484375,112.61997515567087,109.76434787620357,110.54226062730129,9319300
2024-11-21,112.96461486816406,114.47120239442746,112.08823379062976,112.4033370149943,10261000
2024-11-22,113.8803939819336,114.55983090368584,111.86175885769535,112.10793350637543,10098000
2024-11-25,114.22502899169922,114.79615593969457,113.17140186960951,113.9099257639524,10397800
2024-11-26,113.6834487915039,114.6386076223087,113.67360721475109,114.22503601906972,6808100
2024-11-27,115.80054473876953,116.39136234971484,113.68344141294975,113.68344141294975,8142400
2024-11-29,115.67253875732422,115.93840405769797,114.94386394087982,115.46575296533271,5095200
2024-12-02,115.3672866821289,116.81478725202038,114.76661996062843,115.97779498010041,8390500
2024-12-03,114.66814422607422,115.43621541296177,113.68344566676863,115.2097314387538,9194000
2024-12-04,115.19987487792969,115.49528743162288,114.06747010564355,114.19548571814882,7996200
2024-12-05,114.71737670898438,115.47559125805994,114.28410695942495,114.76661463967193,9823600
2024-12-06,114.94386291503906,115.46575193483424,114.44166456031101,114.76661687882054,6677900
2024-12-09,112.8563003540039,115.3869753031722,112.16701438055482,114.60906255447757,8666100
2024-12-10,112.97447204589844,113.19109942412878,111.97992437077218,112.89569435600342,7526400
2024-12-11,112.8563003540039,113.28957011597399,112.23594297789973,112.8858401082012,6426800
2024-12-12,113.14186096191406,113.25017839965855,112.4131861638039,112.94491675117249,5285100
2024-12-13,111.60572814941406,113.20094247779052,111.56634681922031,112.57073601754013,6864500
2024-12-16,110.88372039794922,111.8332188323924,110.5078796257559,111.7639848073583,10528500
2024-12-17,111.78376007080078,112.79260732129272,109.58804923784723,109.81552922358578,12238600
2024-12-18,110.13202667236328,114.84985554493436,110.02322927389694,112.1002574834445,12292800
2024-12-19,110.15181732177734,111.67497342610584,110.03312718714842,110.43864615434012,9468500
2024-12-20,110.8045883178711,111.73430879160782,109.22209100316995,109.40012242269523,17955300
2024-12-23,110.18148803710938,110.62656283684323,109.10340673157249,110.38919011338137,6037200
2024-12-24,111.32878875732422,111.50682017510864,109.9737789820216,110.03312027263563,2475000
2024-12-26,111.31890869140625,112.0804829577595,110.63645363419558,110.89361181525133,4781400
2024-12-27,110.32984924316406,110.89361417976767,109.64739417140181,110.59689261484246,4523800
2024-12-30,109.58805084228516,110.3199544639852,108.6286596855734,109.22209525846377,5716300
2024-12-31,110.13202667236328,110.3693993844978,109.45946436636343,109.56826176482977,4757500
2025-01-02,109.60782623291016,110.97272877370663,108.96493456628087,110.47819788336757,5688100
2025-01-03,109.9441146850586,110.31995545721965,108.97483078872155,110.15181676014308,5393100
2025-01-06,109.83531951904297,111.61562629000218,109.65728808735275,110.2507236776725,6274400
2025-01-07,110.17159271240234,112.49588642085259,110.07268804211688,110.92328178926861,7878800
2025-01-08,108.5594253540039,109.89465727571495,107.45167342071821,109.78585987396625,7805300
2025-01-10,107.4615707397461,109.33089701914247,106.44283824891498,108.79680271846594,8835500
2025-01-13,106.8978042602539,107.42200582213037,105.55267956950455,106.7494434767557,6690200
2025-01-14,106.93736267089844,107.76817094638265,106.43293904881585,107.49123485455458,5501600
2025-01-15,106.99671173095703,108.40117775344288,106.8087875638839,107.97588085413315,6296900
2025-01-16,105.29552459716797,107.41211637162269,104.99881056705206,107.1055096100533,7872800
2025-01-17,105.8493881225586,106.56151380980845,105.37464269502037,105.66147151604837,7144300
2025-01-21,107.51101684570312,108.25281321091066,105.63180542393161,105.92851944244893,8643700
2025-01-22,107.61981964111328,108.35173085786397,107.04616949153079,108.35173085786397,8781700
2025-01-23,109.82542419433594,109.85509484125981,107.30331356260781,107.31320629356335,7608300
2025-01-24,110.93318176269531,112.14972362392321,109.41991077935286,109.94411990338145,8304500
2025-01-27,112.10025787353516,112.83216901957242,110.24082445444975,110.4584192521396,10176900
2025-01-28,110.91339111328125,111.72442149815572,110.33973345067807,111.6156240950433,6516800
2025-01-29,111.95191192626953,113.12889038296687,111.52661503383217,112.25851868153497,7607100
2025-01-30,112.18928527832031,113.9201435054987,111.88267852135047,112.84206217153721,6236200
2025-01-31,111.82332611083984,112.76293936031657,111.52661209464412,112.06070637892775,7793400
2025-02-03,112.75304412841797,113.34647969358954,109.64739070960889,110.13202887413902,8870700
2025-02-04,112.06070709228516,113.40583176957502,111.27934734989304,112.55523800170222,13521100
2025-02-05,109.33089447021484,117.29283759233114,109.0242877207673,114.43444953667974,23310000
2025-02-06,110.86392974853516,111.44748011446863,107.95609328722067,110.65622768315143,12470800
2025-02-07,109.64739227294922,111.31890913759743,109.59793616433703,110.38918862647579,8669300
2025-02-10,108.08467864990234,110.16170704280222,107.50113577565399,109.92433430971332,8239500
2025-02-11,107.8275146484375,107.85719284117596,106.51206818285583,107.19451569698599,7456700
2025-02-12,108.03522491455078,108.33193893022691,106.57141011434312,107.0659410197461,6521200
2025-02-13,108.39128112792969,108.5594273720852,107.3725486616563,107.72861152019068,6553200
2025-02-14,109.17264556884766,109.30122844026161,108.39128579265632,108.65833672102133,5964500
2025-02-18,108.36161041259766,108.71767327090824,107.52090937611987,108.57920522000332,8362900
2025-02-19,110.13202667236328,110.53754562045461,107.9462010643494,107.9462010643494,8452100
2025-02-20,109.34078979492188,110.30017344432837,108.18358170334704,110.02323733555593,5970100
2025-02-21,107.4714584350586,110.53754849517173,106.73954727253367,109.7858594169306,9082100
2025-02-24,109.9836654663086,110.33972830608549,107.4615624881551,107.64947909263448,7093300
2025-02-25,109.32100677490234,110.67602424703482,107.87697735693692,110.21116396294765,7289000
2025-02-26,110.60678100585938,112.01124692671783,108.85613742419079,108.85613742419079,7831600
2025-02-27,110.09247589111328,111.88268303235856,109.84521042011828,111.09143050679722,7854700
2025-02-28,112.55523681640625,112.7431534287647,109.78586073445726,110.24082826081666,14609400
2025-03-03,111.55628204345703,114.28609474184033,110.77492231092931,112.8222799482311,7884700
2025-03-04,107.81763458251953,111.02219286963422,107.08572337907499,110.47820583274208,12658000
2025-03-05,108.11434173583984,109.72651728123782,107.03626800793263,108.14401238215764,9956100
2025-03-06,104.27678680419922,107.6395984633264,103.87126784053645,107.19451612179827,11618800
2025-03-07,104.35591888427734,104.61306953460807,102.17997826632089,103.85149522318636,12715900
2025-03-10,101.9524917602539,103.65367925701753,100.99310061061796,103.2877236758952,10947100
2025-03-11,96.82915496826172,99.93480852047485,96.38407261580747,98.69848122911793,16906000
2025-03-12,97.67974853515625,98.40175944600449,95.32577654814791,97.60062177765583,11891800
2025-03-13,95.81041717529297,97.57094593322121,94.88069668903951,96.70056673896094,11059500
2025-03-14,97.5610580444336,98.01602557949354,96.35440140773669,96.37418687001137,10199800
2025-03-17,98.27318572998047,99.02487484662866,97.58084545539862,97.65996466824865,8332100
2025-03-18,98.26329040527344,98.63913872664965,97.4028114504234,98.18416364856868,6727000
2025-03-19,99.1930160522461,99.85568569548546,98.38198561901233,98.56990978940146,8614600
2025-03-20,97.77864837646484,98.95563431179785,97.56105357706454,98.4808813362024,7836500
2025-03-21,98.3720932006836,98.79739010885216,96.68079829962534,97.30390456445419,15089900
2025-03-24,99.08421325683594,99.34137144245197,97.7786519585479,99.12377663508016,8224400
2025-03-25,100.49857330322266,100.64693408713747,99.31170212379,99.54907485048794,7365200
2025-03-26,99.67765045166016,101.15135047187736,99.16334161804805,100.58758552817395,6314000
2025-03-27,99.35125732421875,99.92491499386828,98.49077836568732,99.608415511638,6598800
2025-03-28,96.9972915649414,99.29191466609062,96.67089935607648,98.95563727218817,7679700
2025-03-31,97.62039947509766,97.76876025859244,94.6532139889738,95.77085868481724,10554000
2025-04-01,96.61156463623047,97.511607022171,95.78074873403436,97.24456363507355,8762700
2025-04-02,96.80936431884766,97.23466118612484,95.39500567147866,95.5631519090106,7959900
2025-04-03,87.86824798583984,93.74327757918721,87.64076799421284,93.4762342094636,19353400
2025-04-04,82.6163330078125,86.58247303762616,82.17125820508556,85.0593169221124,22580900
2025-04-07,82.38884735107422,85.68241726595254,79.22384520208466,80.10410956186786,20456000
2025-04-08,80.82613372802734,85.99892285867644,79.96564722180375,85.00986103145327,14845600
2025-04-09,90.43981170654297,91.2409493347809,80.30192844712288,80.40083311607505,24970900
2025-04-10,84.29773712158203,88.036389366879,82.16136009801669,87.94736988459259,16377000
2025-04-11,83.96145629882812,84.73292330191377,82.43830020860707,84.17905110399438,10204400
2025-04-14,83.73397064208984,85.50438451862107,83.11085691565606,84.89117106840654,10841300
2025-04-15,84.08014678955078,85.0395379549817,83.59550106836969,83.82298860544886,7840500
2025-04-16,81.86463928222656,83.87244101145438,81.11295777102754,83.35812466595775,10144300
2025-04-17,83.88232421875,84.84171531920828,82.448187706193,82.45808043651155,14810900
2025-04-21,83.08119201660156,84.29774136277376,82.0723522909005,83.98124188550061,14166800
2025-04-22,85.14833068847656,85.61319096338407,83.67463065100156,84.08014962985894,9578500
2025-04-23,86.335205078125,88.8869863228245,86.07804689830174,88.05617049029651,12089100
2025-04-24,89.02545928955078,89.25293928947134,85.82089346037728,86.49345582065459,10310000
2025-04-25,89.2925033569336,89.35184465372777,88.0957394139445,89.08480127221084,7749600
2025-04-28,89.17382049560547,90.37058443500133,88.65950410512303,89.46064179321158,8491800
2025-04-29,90.17276000976562,90.65740571148727,88.77818683409099,88.84742085634515,6359900
2025-04-30,89.95516967773438,90.19254994805421,87.59131252721842,88.90676656128845,8474800
2025-05-01,89.81670379638672,90.60795629135099,89.37162898418372,90.27167133991111,7790600
2025-05-02,91.47832489013672,92.17067268618656,90.83543320307001,90.83543320307001,7594000
2025-05-05,91.10248565673828,92.06187683804932,88.629831084676,88.71884302721764,10231000
2025-05-06,91.16182708740234,91.72559202883363,90.00462655698173,90.20243590466387,11839400
2025-05-07,100.97332000732422,102.17997666406133,99.04465243037099,101.29971222679107,36155300
2025-05-08,103.97018432617188,105.02848020319932,102.72396428305537,102.83276169016555,19265400
2025-05-09,104.78121185302734,105.02847730856426,103.61411860105537,104.1086495121292,10438200
2025-05-12,109.28144073486328,109.72652309102423,107.47146330015973,108.66822722264683,18366600
2025-05-13,110.16170501708984,110.97273542401112,108.94516317967944,109.04406785448585,14076700
2025-05-14,111.70464324951172,112.16950350761837,109.61772222648577,110.16170169448542,15352200
2025-05-15,110.99251556396484,111.61562177671321,110.35951662042734,111.00240829475399,8322400
2025-05-16,112.17938995361328,112.199175415766,110.20126631114036,110.69579722175858,10961000
2025-05-19,111.42770385742188,111.75408851020013,110.67601479107952,110.89360959022673,7209700
2025-05-20,111.13098907470703,112.1596142950108,110.58700204370018,111.21011583302493,6433300
2025-05-21,109.25176239013672,111.25955657922054,108.92537019446844,110.46831168947189,10150600
2025-05-22,109.91443634033203,110.5771134886212,108.77702129443168,108.77702129443168,7903700
2025-05-23,108.51986694335938,109.14297318975905,107.59014639347852,108.40117680530766,8086100
2025-05-27,111.13098907470703,111.6551906431629,108.94516331129014,109.8155350149581,10201100
2025-05-28,110.3001708984375,111.23978415544833,109.95400077046209,110.97273323819383,5787900
2025-05-29,110.7947006225586,111.03208089000861,109.31110790773839,110.78481543753858,9682100
2025-05-30,111.80355072021484,112.11015747432553,110.15181926699353,110.78481823764054,12881100
2025-06-02,111.71453094482422,112.3574226450361,111.02219068056093,111.44748757030636,7546800
2025-06-03,112.357421875,113.4355031887562,111.28923329236346,111.49694291616186,9738800
2025-06-04,112.24861907958984,112.80249880654645,111.74420300585595,112.61457465401273,5614900
2025-06-05,111.29912567138672,113.0893251552944,110.61667059920407,112.48600438587579,8547200
2025-06-06,112.65414428710938,112.97064377182946,111.97168920764236,112.12004999177991,5790700
2025-06-09,114.3948974609375,114.83997227610253,112.73327324720866,112.73327324720866,7960400
2025-06-10,117.43131256103516,119.18194865256338,114.26631022692837,114.26631022692837,18948400
2025-06-11,118.2126693725586,118.24234756674636,116.36312853650462,117.08513946360216,10439200
2025-06-12,117.3126220703125,118.08408907596204,116.37301636772759,117.5697802541766,7980300
2025-06-13,116.64994812011719,117.02578887795518,116.01694918799924,116.02683437266742,13204900
2025-06-16,118.17311096191406,119.02369719483791,116.58072080933391,116.72907404732224,9592100
2025-06-17,116.8378677368164,118.02474642457864,116.36312229846567,117.68846148863274,9241200
2025-06-18,116.5708236694336,117.45108806260636,115.56197641361007,116.59060158510306,8181200
2025-06-20,116.34334564208984,117.74781923953545,115.6213346990533,116.95656672114197,17180400
2025-06-23,116.46202850341797,116.6994012257202,113.7618864331876,115.38395474909068,8348000
2025-06-24,117.85262298583984,118.27973350583949,116.95866985350084,116.95866985350084,8350200
2025-06-25,118.61744689941406,118.91543380786469,117.8327551134078,117.97181364985227,6976300
2025-06-26,120.64373779296875,120.85232559697707,118.87570133965093,119.17368824716101,10439600
2025-06-27,121.517822265625,122.11379608635268,120.66360878403398,121.03111738494454,13435600
2025-06-30,123.17660522460938,123.85203565522283,122.35218133848433,123.47458455751058,13456200
2025-07-01,122.66009521484375,122.92828494957035,121.62708352540444,122.67003013268005,9815700
2025-07-02,122.15352630615234,122.86868123943782,121.70654594746189,122.49123772647145,7317100
2025-07-03,123.16666412353516,123.40504909351313,122.07405813483778,122.24291383948378,4252300
2025-07-07,122.33231353759766,123.77256585999585,121.75620957738974,122.38197296843666,7023500
2025-07-08,121.0013198852539,122.87861771239797,121.0013198852539,122.39191283302186,6622900
2025-07-09,119.79945373535156,121.52775812574536,119.79945373535156,121.02118340544784,6724900
2025-07-10,120.7430648803711,121.13044331532811,119.8093872162264,119.8093872162264,6888700
2025-07-11,119.06442260742188,120.41528340417669,118.92536407641373,119.82924452796671,6112400
2025-07-14,119.16374969482422,119.69018664766304,118.7962335305209,118.97502415394932,6853300
2025-07-15,118.18040466308594,119.42200410552073,118.08107064519388,119.42200410552073,7943600
2025-07-16,119.01475524902344,119.75971491071691,118.0810700480354,118.5578475658927,6747500
2025-07-17,121.3886947631836,121.5674853880584,118.94522794197565,118.94522794197565,9933700
2025-07-18,120.60400390625,121.33903624634299,119.48160071715057,121.15031070251888,9486800
2025-07-21,120.02790069580078,121.15031147013362,119.96830634605631,120.25635833335758,6392500
2025-07-22,120.24642181396484,120.61393798144448,119.74978203105155,119.93850757355754,5614500
2025-07-23,122.1137924194336,122.35217739369311,120.68346741763307,120.70332967460399,8258900
2025-07-24,121.13043975830078,122.5706996724952,120.99138122563673,122.02439288122807,6702200
2025-07-25,120.65367126464844,121.62708100502067,120.05770503489295,121.43836303877318,5656600
2025-07-28,119.56106567382812,120.5841424278824,119.08428814144891,120.21662625546254,6042200
2025-07-29,119.10415649414062,119.9981020417757,118.55784970114436,119.76965198515667,6283700
2025-07-30,118.73664093017578,119.69018840979206,118.37905967805447,119.14388161401733,5281500
2025-07-31,118.30953216552734,119.10415886605173,117.78309519713173,118.65717850521108,7235000
2025-08-01,115.80646514892578,117.09773166265464,114.79332328935355,116.79974475083353,8637800
2025-08-04,118.54791259765625,118.7167683021518,116.93880457908668,116.93880457908668,8845000
2025-08-05,117.52484130859375,118.76644080161816,116.54149663199254,118.44859163452878,15365700
2025-08-06,114.39600372314453,115.33962384060702,111.44596225311774,115.00190485366755,22153700
2025-08-07,112.12139892578125,115.61774737418712,111.06852497096862,114.9721141162254,15484400
2025-08-08,111.67442321777344,113.52192383844323,111.26717495344046,112.53857917844859,9491000
2025-08-11,111.79361724853516,112.38958346752098,110.79040277340069,112.15119849555097,8532600
2025-08-12,112.95575714111328,113.63118757114158,111.73401990072314,112.54850886827593,7274000
2025-08-13,115.85613250732422,116.44217141482872,113.38286841303926,113.46233260017918,9025700
2025-08-14,115.5283432006836,115.92565654031509,113.84970589737605,114.70392692524119,6800900
2025-08-15,114.61453247070312,116.05478485986843,114.41587958189479,115.78660270216498,6768600
2025-08-18,115.76673889160156,116.22364659222919,114.38608087197494,114.41587804708429,5798400
2025-08-19,115.48860931396484,116.20377179856202,114.94231011131865,115.71706694359176,5914000
2025-08-20,116.2534408569336,117.09772696908973,115.22042920298055,115.29989338669732,7046700
2025-08-21,115.42901611328125,115.87599645965679,114.75358571313026,115.78659735913304,6337100
2025-08-22,118.06121063232422,118.97502602057473,116.34283363696201,116.79974133108728,7161700
2025-08-25,116.91893768310547,118.24993625217091,116.90900276549674,117.69369453790813,5424900
2025-08-26,116.85934448242188,117.58443433443024,116.37263960851416,116.64082176161217,5787400
2025-08-27,117.29637908935547,117.6638952530702,116.50175999170744,116.74014496318969,4378000
2025-08-28,116.84941101074219,117.57450844984554,115.82633423985592,117.30631871530683,5687700
2025-08-29,117.58443450927734,117.85262424089598,116.46203130668432,116.6010898422933,5212600
2025-09-02,117.47517395019531,117.48510886798425,115.22043261190494,116.23357446084289,6015900
2025-09-03,116.59115600585938,117.82282815856429,115.56807923662433,117.0381363699952,6288700
2025-09-04,118.01154327392578,118.87569922785605,115.97532470251925,116.29317386175997,6949300
2025-09-05,117.11759948730469,118.97502746097847,116.90900410573872,118.1108790721559,6669100
2025-09-08,118.04134368896484,118.08107578222587,115.95545805055379,117.16726037158817,6450700
2025-09-09,116.58123016357422,118.24994020591319,116.43223670694857,117.73343056669384,5444300
2025-09-10,115.0118408203125,116.72028287093971,113.73050928234208,116.06471472578767,7484900
2025-09-11,116.29317474365234,116.38256626812213,113.85963523208837,114.67412418245188,8399100
2025-09-12,115.18070220947266,116.22364882708563,114.32648114201034,115.47868912253979,7640900
2025-09-15,114.84298706054688,115.96539025091153,114.22715099661521,115.32969192987576,7150900
2025-09-16,114.45561218261719,115.07144068752592,113.93910254443091,114.67412733002617,6844900
2025-09-17,115.31975555419922,115.8759972616639,114.44567226835709,114.46553452521005,7333900
2025-09-18,114.08808898925781,115.00190435066159,113.28353498390464,114.55493158727018,9460500
2025-09-19,112.9954833984375,113.82983458049183,111.17778000851997,113.82983458049183,23398400
2025-09-22,111.80354309082031,112.86635190018592,110.77053145528677,111.00892400218635,15479800
2025-09-23,111.49563598632812,112.85643177726959,110.8500027255713,111.96247861453877,13145000
2025-09-24,112.6677017211914,113.38286422277672,111.44596451796286,111.65455989602667,8755200
2025-09-25,112.23065948486328,113.28354101025933,111.89294805955721,111.95254241034725,6365500
2025-09-26,112.70743560791016,112.80676205068485,112.00220801265147,112.36971660873002,6145700
2025-09-29,114.00862884521484,114.23708648271854,112.56837648716503,112.707435021951,9304100
2025-09-30,113.73051452636719,114.10795804732642,112.57830654956221,113.76031170195319,9303700
2025-10-01,112.19092559814453,115.28002570007743,112.03200480587098,113.31333637422672,9736300
2025-10-02,111.38636779785156,112.40944451879446,110.03550700763913,112.22072655798114,8695100
2025-10-03,111.71415710449219,112.80676314182585,110.81026903681929,111.28704657612008,7148400
2025-10-06,111.99227142333984,112.34985267448894,110.70100495217682,111.9326770741889,6141200
2025-10-07,111.77375030517578,112.63790627083965,111.0486604530571,111.87307674788936,5409800
2025-10-08,111.13805389404297,112.43924774570301,110.89966891179637,112.05186930775656,7074400
2025-10-09,110.24409484863281,112.2405888608638,110.13483349216455,111.06851869175823,6502400
2025-10-10,108.4561996459961,111.92274325451196,108.3767354609342,110.78047022314306,9635200
2025-10-13,109.52893829345703,110.214303643306,108.64492005461048,109.64813457372875,7435100
2025-10-14,110.42288970947266,111.08838521305776,108.46612771339308,108.91310807377432,7898000
2025-10-15,110.95925903320312,111.92274142146394,110.39308998562286,110.72087406004346,7012600
2025-10-16,109.14155578613281,111.33670271363943,107.78076763317718,111.03872339125253,7531200
2025-10-17,109.9262466430664,110.71093840167597,108.70451703294233,109.00249635286745,10090500
2025-10-20,111.20758056640625,111.49563255320116,109.85671973501306,110.2838302563818,8047500
2025-10-21,113.5318603515625,113.77024533167328,111.2870463526638,111.49563415752596,8163200
2025-10-22,112.32005310058594,113.51198552687362,112.22072666141555,113.23386846594792,7569200
2025-10-23,112.2703857421875,113.06501240931819,111.14798258462784,112.40944427221714,6945400
2025-10-24,110.9294662475586,112.88622827587592,110.84006714276074,112.46905266181125,6235200
2025-10-27,111.58502197265625,111.84327677975944,110.56194523982494,111.18771621172414,6029600
2025-10-28,110.89966583251953,111.72408969679515,110.71094028866513,111.15792064335369,6839400
2025-10-29,109.49913787841797,110.78046943547379,109.27068782064158,110.43282310095206,7097100
2025-10-30,111.08838653564453,112.81669849136719,108.81378292634732,109.38987933346628,8311300
2025-10-31,111.86315155029297,112.33992151569616,109.78719324065575,110.83013985442342,8700600
2025-11-03,111.36650848388672,112.05186623632473,110.28382980839201,111.79361900352049,8542300
2025-11-04,110.72087860107422,111.03872777103038,109.89645471152099,110.22423879938508,7950100
2025-11-05,110.61161041259766,111.21751153951793,109.85671583874066,110.60167549530281,5746000
2025-11-06,109.7474594116211,110.95926171988367,108.44626557805479,110.42288983369588,10291800
2025-11-07,109.99578094482422,110.68114629483698,109.30048825504456,109.5190109798673,8782100
2025-11-10,111.4856948852539,112.03200167054673,110.28382753573126,110.40302381019195,9158700
2025-11-11,114.07815551757812,114.19735179244971,111.6644858928104,111.89294352511719,9713300
2025-11-12,115.8660659790039,116.30310384657444,113.6212519781136,113.80004260788579,15248700
2025-11-13,106.8868179321289,108.62505722513409,104.20496605416966,108.15821460251318,44045400
2025-11-14,105.08898162841797,107.99929107416766,104.59234184298711,106.79741612467787,16691400
2025-11-17,104.97972106933594,106.94641039088046,104.41355201275533,105.03931541904281,12296400
2025-11-18,105.56575012207031,106.36037679904399,104.29435350140973,104.39367994150103,11796200
2025-11-19,103.96656799316406,106.86694244126105,103.38053670003252,105.36709578691344,12790000
2025-11-20,102.00981140136719,105.08898420915303,101.81115851356509,104.6618736800688,12609900
2025-11-21,103.57919311523438,104.07583290391742,101.99988222472078,102.78457400021458,10785400
2025-11-24,101.25492095947266,103.6387858454032,101.20525395013175,103.39046595494197,15024800
2025-11-25,102.61570739746094,103.22160852632899,101.31451361814831,101.8012184734595,10574500
2025-11-26,102.73490905761719,103.54939802432393,102.18860224782283,102.62564769565832,10130200
2025-11-28,103.7679214477539,104.03610360647413,102.54618420039697,102.60578612976299,6525500
2025-12-01,106.05245971679688,106.11206164600925,103.76792118024125,104.21489396966332,12628900
2025-12-02,104.12550354003906,105.85380794296738,104.11556862204534,105.81407584911452,8548200
2025-12-03,105.02938079833984,105.13864215852587,103.76791906453988,104.19502958759753,10177800
2025-12-04,104.76119995117188,105.50615964638382,103.8076524506752,105.12870855081175,11471400
2025-12-05,104.59234619140625,105.45649460398495,103.85731382216203,104.47314990982345,10680100
2025-12-08,106.90667724609375,107.32386042430089,104.1254990007359,104.5923416105027,13727700
2025-12-09,106.30077362060547,107.02587102316372,105.83393859986201,106.866942658392,8549400
2025-12-10,108.09861755371094,108.93296875603028,105.86373851848477,106.40011039631365,11237900
2025-12-11,110.7109375,110.81026393916609,108.37673207805003,108.46612359986304,13281400
2025-12-12,110.8499984741211,112.57830280370004,110.40302569895952,110.97912966819308,13059100
2025-12-15,110.48999786376953,111.55000305175781,108.55000305175781,110.69999694824219,14318000
2025-12-16,111.62000274658203,112.8499984741211,110.86000061035156,111.22000122070312,15580200
2025-12-17,110.62999725341797,112.12999725341797,110.45999908447266,111.05999755859375,12142500
2025-12-18,111.87000274658203,112.80000305175781,110.41999816894531,110.52999877929688,12913900
2025-12-19,111.23999786376953,113.4800033569336,110.91999816894531,112.31999969482422,21138400
2025-12-22,112.37999725341797,112.80000305175781,111.1500015258789,111.41000366210938,8803300
2025-12-23,113.22000122070312,113.30999755859375,112.04000091552734,112.29000091552734,7634500
2025-12-24,114.4800033569336,114.52999877929688,112.80000305175781,112.94000244140625,4606700
2025-12-26,113.55999755859375,114.73999786376953,113.2699966430664,114.1500015258789,5428900
2025-12-29,114.19000244140625,114.48999786376953,113.30999755859375,113.31999969482422,7966000
2025-12-30,114.79000091552734,115.27999877929688,114.0999984741211,114.0999984741211,6883900
2025-12-31,113.7699966430664,114.88999938964844,113.55000305175781,114.7699966430664,6608000
2026-01-02,111.8499984741211,113.44000244140625,111.62000274658203,113.44000244140625,8906200
2026-01-05,114.06999969482422,116.02999877929688,111.37999725341797,111.41999816894531,12029000
2026-01-06,114.56999969482422,114.76000213623047,113.11000061035156,113.79000091552734,7388300
2026-01-07,112.91000366210938,114.97000122070312,112.51000213623047,114.45999908447266,8296300
2026-01-08,114.16999816894531,114.98999786376953,112.55000305175781,112.55000305175781,9778200
2026-01-09,115.87999725341797,115.9800033569336,113.9000015258789,114.30999755859375,8935200
2026-01-12,112.81999969482422,114.94000244140625,112.55000305175781,114.62999725341797,10833800
2026-01-13,112.9800033569336,113.22000122070312,111.61000061035156,112.83999633789062,8945700
2026-01-14,113.52999877929688,113.58999633789062,112.26000213623047,112.80999755859375,8950900
2026-01-15,113.41000366210938,114.11000061035156,112.16999816894531,113.70999908447266,7958500
2026-01-16,111.19999694824219,113.8499984741211,111.12000274658203,113.19999694824219,12049600
2026-01-20,110.33999633789062,111.08999633789062,108.80000305175781,109.66000366210938,9818200
2026-01-21,113.19000244140625,113.25,110.5,110.56999969482422,10041400
2026-01-22,113.20999908447266,114.29000091552734,112.16999816894531,113.16999816894531,12437700
2026-01-23,110.9800033569336,112.94999694824219,110.55000305175781,112.69000244140625,10819800
2026-01-26,111.30999755859375,112.41000366210938,111.12999725341797,111.68000030517578,8859800
2026-01-27,110.61000061035156,111.80000305175781,110.02999877929688,111.5,8956900
2026-01-28,109.55999755859375,111.43000030517578,109.0,110.27999877929688,9016600
2026-01-29,111.58000183105469,111.66999816894531,108.76000213623047,109.62999725341797,11079000
2026-01-30,112.80000305175781,112.94999694824219,110.98999786376953,111.36000061035156,17895200
2026-02-02,104.44999694824219,108.61000061035156,103.75,104.01000213623047,37778500
2026-02-03,104.22000122070312,104.98999786376953,102.33999633789062,104.77999877929688,24827100
2026-02-04,107.05000305175781,108.5999984741211,103.62999725341797,104.19999694824219,19070400
2026-02-05,104.97000122070312,108.33000183105469,104.80999755859375,107.05000305175781,11859500
2026-02-06,108.69999694824219,108.95999908447266,105.37000274658203,106.12999725341797,12105600
2026-02-09,107.12999725341797,108.91999816894531,106.7699966430664,108.69000244140625,10515400
2026-02-10,109.95999908447266,111.11000061035156,107.5999984741211,107.5999984741211,9815500
2026-02-11,108.12000274658203,109.87000274658203,107.80000305175781,108.93000030517578,9374900
2026-02-12,102.37999725341797,108.16000366210938,101.0199966430664,107.93000030517578,25319600
2026-02-13,105.44999694824219,105.5199966430664,101.19999694824219,101.4000015258789,12845300
2026-02-17,105.44000244140625,107.27999877929688,104.37000274658203,106.56999969482422,10467400
2026-02-18,107.0999984741211,107.7300033569336,105.80999755859375,105.95999908447266,8791600
2026-02-19,106.0,107.7699966430664,105.44999694824219,107.11000061035156,7492900
2026-02-20,105.58000183105469,106.19999694824219,104.6500015258789,105.61000061035156,9043600
2026-02-23,104.41000366210938,105.19000244140625,102.95999908447266,104.9800033569336,10626500
2026-02-24,106.05000305175781,107.2300033569336,103.9800033569336,104.44999694824219,13594800
2026-02-25,105.05000305175781,106.72000122070312,104.51000213623047,106.0,8556500
2026-02-26,105.55000305175781,106.7699966430664,105.31999969482422,105.47000122070312,9578500
2026-02-27,106.04000091552734,106.33999633789062,103.93000030517578,104.77999877929688,13954000
2026-03-02,104.33000183105469,104.61000061035156,102.86000061035156,104.61000061035156,14178600
2026-03-03,103.30000305175781,104.30999755859375,102.1500015258789,102.83999633789062,13608400
2026-03-04,103.04000091552734,103.83999633789062,102.63999938964844,103.16999816894531,9672300
2026-03-05,102.41000366210938,104.55000305175781,101.58999633789062,103.0999984741211,11751500
2026-03-06,101.54000091552734,101.80999755859375,99.94999694824219,101.38999938964844,10448600
2026-03-09,101.66000366210938,101.87000274658203,98.44999694824219,100.55000305175781,11715100
2026-03-10,101.31999969482422,102.23999786376953,100.23999786376953,101.75,7833100
2026-03-11,100.88999938964844,101.88999938964844,100.4000015258789,101.4000015258789,8152800
2026-03-12,99.43000030517578,100.87999725341797,99.37000274658203,100.0999984741211,10309400
2026-03-13,99.29000091552734,100.7699966430664,99.16000366210938,99.83000183105469,9547774
