Date,Close,High,Low,Open,Volume
2019-01-02,81.25021362304688,81.63474388710907,78.49306097063082,78.50123795014386,15670900
2019-01-03,80.09550476074219,81.56363265493655,79.74909383366125,81.35743477557982,16286400
2019-01-04,83.04826354980469,83.24621176073379,81.06051288505202,81.74509138481282,16935200
2019-01-07,83.1059799194336,83.69158103501539,82.23994646682658,82.83379725802467,15430700
2019-01-08,82.94927978515625,83.98026914625875,82.10799523526687,83.82355674972007,13578800
2019-01-09,82.80906677246094,83.70808647519328,82.42141376571958,83.14722801084275,14230300
2019-01-10,82.8008041381836,83.08123647280404,81.87703554950156,82.4956290695852,14376100
2019-01-11,82.40491485595703,82.6193560972094,81.61310954500021,82.38841550345501,15439900
2019-01-14,83.25446319580078,83.60087414540482,81.37393942062424,81.54714489542626,21258500
2019-01-15,83.86481475830078,84.51640091330412,81.32445498015983,81.56364531245175,26504900
2019-01-16,84.54113006591797,85.32467948605033,83.96377852399515,84.3349321877084,18533000
2019-01-17,84.88752746582031,85.3659079772838,84.06273608439729,84.21944846051849,14247600
2019-01-18,86.26490783691406,86.52059738569633,84.81327986825839,85.58857931050525,16428700
2019-01-22,84.904052734375,85.4401622618208,84.23596723248063,85.01952305960894,17083700
2019-01-23,84.68958282470703,85.53086730003967,84.10398167461742,85.31642606264964,12146700
2019-01-24,84.73908233642578,85.02775812125009,84.07925287006455,84.2359589860205,11296800
2019-01-25,85.27519226074219,86.03399892675903,84.73907652985604,85.37416950561123,14369400
2019-01-28,85.67933654785156,85.97626198361662,84.61535478513673,84.86279474582747,12283100
2019-01-29,85.91851043701172,86.69381629275145,85.55560653461606,85.67932019869504,9743300
2019-01-30,86.11646270751953,86.80103470452889,85.59684016089216,85.89376553249116,12526300
2019-01-31,85.36591339111328,85.61335333829615,84.73082675591081,85.29168518255396,17520600
2019-02-01,85.67933654785156,86.47938528907076,85.38241111208652,85.77831379065978,13000800
2019-02-04,85.98450469970703,85.98450469970703,84.96176511078696,85.60510140531183,9871500
2019-02-05,85.60509490966797,86.23193809715875,85.19269923496641,86.20718907084341,12763000
2019-02-06,85.56385040283203,86.28967079706038,85.34115951356733,85.53910766987578,8745000
2019-02-07,84.44217681884766,85.36594584113406,83.66687685543569,85.15974790431973,13177500
2019-02-08,83.60087585449219,84.4091680867592,82.52864427313833,84.19472680461676,12892600
2019-02-11,83.20497131347656,84.13698981484818,83.11424373736676,83.93079192235503,10978500
2019-02-12,84.62361145019531,84.88754449348689,84.03801020703776,84.08749568619865,12852300
2019-02-13,85.02775573730469,85.65459906153403,84.87104962574234,84.87104962574234,10754100
2019-02-14,84.47513580322266,85.03599422104065,83.59260923472395,84.51637789132394,11518500
2019-02-15,87.05673217773438,87.18044584989914,85.49787698187026,85.6958251499927,14716900
2019-02-19,86.75155639648438,86.90826877016092,85.62158995620474,86.52886549574396,12764900
2019-02-20,87.1722183227539,87.26294589394986,86.50413290825102,86.77631562183886,10030300
2019-02-21,86.99076080322266,87.41964961588903,86.57011537486888,86.97426144927792,8400100
2019-02-22,86.60310363769531,87.50212331212435,86.42164850896225,87.18045514488283,10647300
2019-02-25,87.5103759765625,88.4753805112352,87.172214737281,87.2217002131125,11230700
2019-02-26,86.84227752685547,86.99074021392045,85.72881052019723,86.1906916387735,15465400
2019-02-27,86.73506927490234,86.9165181025716,86.19895359011169,86.75156233463257,9968800
2019-02-28,86.07523345947266,86.77630491091257,85.92677075153698,86.61134914327701,15156900
2019-03-01,86.13299560546875,87.35369006363513,85.94329074983234,86.68560452218614,13813300
2019-03-04,85.93502807617188,87.36191384192789,85.17621511659797,86.537122345023,12466300
2019-03-05,85.86903381347656,86.23194404590018,85.16796237665197,85.88552687283261,10856600
2019-03-06,85.54737854003906,86.2484500823481,85.40716549010926,85.66284885088244,9070800
2019-03-07,84.92877197265625,85.34116767512216,84.26069294831235,85.15971255921171,12705700
2019-03-08,84.96176147460938,85.14321658430622,84.12047074649834,84.12047074649834,10582400
2019-03-11,86.06700897216797,86.23197108074149,85.49790700240715,85.76184008346375,9763200
2019-03-12,85.81129455566406,86.4298880807545,85.5721043041767,86.2649260318018,10219100
2019-03-13,86.09998321533203,86.58661346705391,85.73707294575365,85.93502743424715,13022200
2019-03-14,86.8835220336914,87.32066675638373,86.1577078755849,86.19070028631596,10926500
2019-03-15,87.88153076171875,88.08772862245233,86.79280630875178,86.94126902018634,24811700
2019-03-18,88.40940856933594,88.90428224254578,87.84030038418153,87.88154247889075,12935500
2019-03-19,88.08773803710938,89.40740322831589,87.88154015433774,89.24244114650257,12889300
2019-03-20,86.20722198486328,87.96403225714567,86.11650069103736,87.7825770841718,14920700
2019-03-21,84.8462905883789,85.35765721102648,84.35966040737372,85.35765721102648,19751000
2019-03-22,82.28121948242188,84.39268416247943,82.08326494917064,83.98028832386437,31115200
2019-03-25,81.59661865234375,82.94927613111078,80.90379056002001,82.14097773884298,21032300
2019-03-26,82.4131851196289,82.8090879042359,81.50591550853692,82.33070720819532,15987100
2019-03-27,82.13274383544922,82.85030845469156,81.72034806157288,82.38017752417895,12753200
2019-03-28,83.06474304199219,83.13897754187566,82.26469435883669,82.47914188969445,12454100
2019-03-29,83.49364471435547,84.12048171163268,82.96577237522048,83.74932806080645,14523400
2019-04-01,86.30618286132812,86.33917527675491,84.22771103071821,84.25245376912336,17499300
2019-04-02,86.71859741210938,86.96603743511504,86.05051815971974,86.27320914629588,10295400
2019-04-03,86.89176940917969,87.72481045327305,86.42988825649049,87.2711726835542,11499200
2019-04-04,87.73118591308594,87.87247817005266,86.80866154625524,86.89177687652136,11952100
2019-04-05,87.52342987060547,88.18831461678388,87.25747724029627,87.9306747895249,9933700
2019-04-08,87.80599975585938,87.80599975585938,87.1909855456649,87.3572035459952,8056300
2019-04-09,87.15773010253906,87.43198913572705,86.6424442187386,87.33226088395305,9092200
2019-04-10,87.54833984375,87.86416287184313,86.82528468113522,87.37380906860818,10882300
2019-04-11,88.28802490234375,88.70357616899341,87.73118138601826,87.85584803417498,11183800
2019-04-12,92.42692565917969,92.95883085202144,90.49045494793488,90.95587674727895,25834100
2019-04-15,91.37140655517578,92.25237313442778,90.6899027910583,92.1858834157801,15163800
2019-04-16,92.33549499511719,92.57651550323621,91.30492957552615,91.33817443948837,11583200
2019-04-17,94.99502563476562,95.29422306517507,92.26069743735167,92.83415389496197,17791900
2019-04-18,94.29690551757812,95.53524668552281,94.18886445621717,95.18618509576282,12501900
2019-04-22,94.41325378417969,94.68751916308027,93.63202165447599,93.77330757422128,7975900
2019-04-23,94.52960968017578,95.05320838588527,93.789928859891,93.91459552033659,9193100
2019-04-24,94.37171936035156,94.87037973987252,93.75669876282534,94.13069880307411,9245700
2019-04-25,94.42157745361328,94.87037366870494,93.49905295717103,93.92291710600377,9311800
2019-04-26,95.1363296508789,95.22775145761085,94.41326799967463,94.70415268436237,7889300
2019-04-29,96.50764465332031,97.37199219397515,95.11969837065533,95.24436503974394,14242200
2019-04-30,96.44949340820312,97.0063308255221,95.79292136088792,96.76531022530675,11389100
2019-05-01,95.70976257324219,97.23898805982569,95.66820491381627,96.17517792293133,10412900
2019-05-02,95.91754913330078,96.22505302122904,95.22773248929478,95.71807995426649,8613300
2019-05-03,96.50764465332031,96.9730601210536,96.13364464605446,96.40791004988738,8185400
2019-05-06,95.65162658691406,95.96744973669739,94.51301970929813,94.89532626988853,9387000
2019-05-07,94.08912658691406,94.77063047978115,93.3245137004407,94.77063047978115,15017700
2019-05-08,93.59046936035156,94.47143613498896,93.46580269544006,93.63202702892539,9575800
2019-05-09,93.51567840576172,93.69852202483337,91.90334338655238,92.36875889632694,12205900
2019-05-10,93.50735473632812,93.78161377365537,91.87008160969322,92.87571498871866,13189000
2019-05-13,90.96419525146484,91.79529801791335,90.5735822775152,91.48779405244638,13783700
2019-05-14,91.6872329711914,92.8507778081962,91.00572913450148,91.04728679828386,10503600
2019-05-15,91.33818054199219,92.16928317414714,90.2660573856151,90.7647176967461,10142000
2019-05-16,92.51004028320312,93.22478911845778,91.91164531965873,91.93658372714846,9672700
2019-05-17,92.06124114990234,92.87572456693353,91.28000894180617,91.42129487572875,9570100
2019-05-20,92.54328918457031,92.92559568553433,91.72881204711109,91.90334286228092,8518200
2019-05-21,92.8591079711914,93.01701317330799,92.43524381643549,92.61808742596982,7967900
2019-05-22,92.1028060913086,92.9089767697491,92.04462915270004,92.58484720595705,7918900
2019-05-23,90.29100036621094,91.2467697769034,89.34354375827179,91.12210309884603,14558000
2019-05-24,91.18026733398438,91.38804298819748,90.7480967631774,91.02235580772329,8537300
2019-05-28,90.19124603271484,91.2799946861321,90.12476264765861,90.75639602095296,11665500
2019-05-29,89.94194793701172,90.09154669781518,88.97786562498689,89.30199521659252,9966400
2019-05-30,88.97784423828125,90.73978407082109,88.54567366695399,90.29930069788857,10367800
2019-05-31,88.0636215209961,88.5872138215211,87.13278442369821,87.73117924761765,10952800
2019-06-03,88.47917175292969,88.81161402245847,87.51509614618602,87.93064739789477,11680700
2019-06-04,91.2052001953125,91.33817965876014,89.03602183909902,89.63441674299375,12858600
2019-06-05,91.52933502197266,91.73711069005735,90.2909938156148,91.30494009039768,8340500
2019-06-06,91.72879791259766,92.14434922015363,90.53200811777732,91.54595432274347,8726700
2019-06-07,90.72318267822266,91.43792523681452,90.55695831742489,91.17197260034911,10618900
2019-06-10,91.70386505126953,92.42692665281677,91.60413678954586,92.04462018765241,11380600
2019-06-11,91.98645782470703,92.72613880676502,91.72881798669907,92.10281170902101,9847700
2019-06-12,90.8145751953125,92.16927644493768,90.49875850084271,92.00305212615667,9670500
2019-06-13,91.03897094726562,91.5542567931808,90.63173248724098,90.97248122376514,8406900
2019-06-14,91.27167510986328,91.67060709463318,90.28266111866132,91.0638994875643,9077400
2019-06-17,90.77305603027344,91.72882559424336,90.6400765281367,91.17198185506034,8128600
2019-06-18,92.0113754272461,92.59315109815527,90.57357136536842,90.59850343082836,11057300
2019-06-19,91.34649658203125,92.74274296637192,91.17195944317857,92.10279670688244,13126500
2019-06-20,91.57920837402344,92.32719573000266,90.6151262002034,92.15266492422015,13638000
2019-06-21,90.95587158203125,92.8092268497371,90.6649805961567,91.57919853894582,27089500
2019-06-24,90.30760192871094,91.23011988278391,90.2078673446557,90.82288142764067,13039600
2019-06-25,89.55963897705078,90.57358540162122,89.48483642826862,90.32425202676218,18660100
2019-06-26,90.15801239013672,90.84782272569507,89.8920598130901,90.00841366924739,10324600
2019-06-27,90.45719146728516,91.04727981183045,90.12475554577239,90.45719146728516,10906600
2019-06-28,92.91728973388672,93.44088218227235,92.16929599275672,92.28564987017573,21634700
2019-07-01,94.47976684570312,95.17789015624236,93.98110643234493,94.10577312088728,12724500
2019-07-02,94.57949829101562,94.91193432822517,94.09745715992644,94.33847772547102,10174900
2019-07-03,94.42881774902344,95.30765613830333,93.96010734711432,94.86404792426757,6849400
2019-07-05,94.9896011352539,95.64244961816897,94.51251906037747,95.0063444421341,7929400
2019-07-08,94.47069549560547,94.98125791706693,94.16100810343477,94.54602123695123,6917200
2019-07-09,94.87242889404297,94.98960650602736,93.86804753826229,93.97685349633323,8947300
2019-07-10,94.59620666503906,95.2741700382347,94.36185147853189,94.88915703387293,9242300
2019-07-11,95.50016784667969,95.71778614626395,94.67992457130194,94.88917121705965,11595200
2019-07-12,96.50455474853516,96.54640024590663,95.35788084078322,95.52527560167073,10783400
2019-07-15,95.33277893066406,96.73054507747578,95.02309157709867,96.7054365001572,12946600
2019-07-16,96.35388946533203,96.67194204072646,94.51251530932657,94.98123209786085,16945000
2019-07-17,95.40809631347656,96.20323737795601,95.19048440529122,95.77637244379129,13120900
2019-07-18,95.97725677490234,96.31205270908445,95.03983582203402,95.35788844737131,9397200
2019-07-19,95.03144073486328,96.35388083666105,94.91426314464826,96.16137114662223,10402800
2019-07-22,95.6424560546875,95.79311389824532,94.3869761536059,94.50416015255176,9061100
2019-07-23,97.39176940917969,97.46709514432527,96.10280917139828,96.15302632816199,12752200
2019-07-24,97.78514099121094,97.82698648764239,96.6886842592159,96.73890779491457,10011000
2019-07-25,96.84770965576172,98.12829801219961,96.52128542316777,97.83535400675636,10138400
2019-07-26,97.2745590209961,97.5172858397649,96.69703636993587,96.89791131503098,12800400
2019-07-29,96.96490478515625,98.07809859276004,96.91468762820321,97.47546716651735,8500400
2019-07-30,96.74726104736328,97.15738900708055,96.05256714443173,96.41247157468779,7121100
2019-07-31,97.09044647216797,97.24110431694938,96.13628225045274,97.17414385577963,13648000
2019-08-01,94.52928924560547,97.76005873645474,94.24471041903048,96.52968714464136,15664500
2019-08-02,94.52088928222656,94.93938254808505,93.24030091041165,94.07728744212864,11025500
2019-08-05,91.7086181640625,92.88877229218583,90.6205330694396,92.72974280055767,15855300
2019-08-06,92.42842864990234,92.48701745530572,90.6791233702285,92.1103760470984,10203500
2019-08-07,90.41966247558594,90.62890912812989,88.6703635254549,90.39455389899283,17320900
2019-08-08,91.95136260986328,92.13550071205786,90.99719824912953,91.2734054024214,10903300
2019-08-09,91.85091400146484,92.445173761976,90.63728590243105,91.52448971591227,9980800
2019-08-12,90.126708984375,90.82140933051132,89.7333242971484,90.76282052937334,9393700
2019-08-13,91.51610565185547,92.34472692808394,89.58266877872347,90.35269486660195,12124700
2019-08-14,87.71620178222656,89.48224409051555,87.4232513518165,88.97168173300823,19491800
2019-08-15,88.05098724365234,89.03863168122449,87.33117826106411,87.73293463639048,13365600
2019-08-16,90.16020202636719,90.37782034111078,88.61177801703687,89.03027133770459,11830600
2019-08-19,90.9720687866211,91.85927247277452,90.74607884554771,91.75883178944186,8265400
2019-08-20,89.81702423095703,90.76282311502887,89.75843542814997,90.26899773219745,8374000
2019-08-21,90.06810760498047,90.7544362020493,89.93418671496728,90.57029817113093,8189300
2019-08-22,90.99717712402344,91.4575158869397,90.33595699496503,90.70423311385845,9343400
2019-08-23,88.73731231689453,91.04739701141236,87.97565786755501,90.394548516064,14762300
2019-08-26,89.4487533569336,89.5491876543556,88.72894442547356,89.23950672303708,8209500
2019-08-27,88.50296020507812,90.02627554287305,87.7496709972233,89.85050912532374,14331800
2019-08-28,89.39016723632812,89.73332840564802,87.91706910151166,87.95054933022348,10585500
2019-08-29,91.41567993164062,91.97645943615028,90.41129215321467,90.51173284676761,10002200
2019-08-30,91.95136260986328,92.53725076620788,91.62493829622815,91.93461929928088,10170300
2019-09-03,90.86328125,91.22318581471487,89.82541944842545,91.21482054476266,9868800
2019-09-04,91.959716796875,92.25266081940089,90.86326004727701,91.60817758414316,6929200
2019-09-05,94.05217742919922,95.18210795259282,93.07289834893776,93.11475022916359,13224700
2019-09-06,94.2530746459961,94.56276202992116,93.70903200318801,94.29492653609745,7836600
2019-09-09,96.5882568359375,97.14066468234698,95.0816783717278,95.1737474104129,13985100
2019-09-10,97.8186264038086,98.15341593580553,96.86446218907513,97.34154429644185,14333100
2019-09-11,98.08647155761719,98.09483682675341,96.57152131704937,97.83537299809498,9919200
2019-09-12,98.6890869140625,99.15779733739599,97.02347908627273,97.5507846982235,12283500
2019-09-13,100.63090515136719,100.7731913456398,99.39216213151431,99.6014087886333,16257200
2019-09-16,99.73532104492188,100.32958073320013,99.08246616747049,99.51770275243807,11993900
2019-09-17,99.24150085449219,99.27498108475874,98.12830714450813,99.11595158741788,10735400
2019-09-18,100.23750305175781,100.50533847104928,98.55515843193011,99.03224047209616,10665600
2019-09-19,99.91947937011719,100.72298591160818,99.67675243794245,100.18731488394752,9382600
2019-09-20,99.5177001953125,100.72295646230587,99.49259162099813,100.22076581891693,21862800
2019-09-23,99.50096893310547,99.70185032333788,98.49658752474845,98.58028491116133,9135100
2019-09-24,98.20365142822266,99.81903602097803,97.9609245179877,99.39217101430955,11696500
2019-09-25,98.76441955566406,99.06573524482556,98.02787364088098,98.15341652328074,9389400
2019-09-26,97.95254516601562,98.80627511226795,97.88558470244656,98.66398253075837,9899200
2019-09-27,98.5300521850586,99.30007823548645,98.16177608020169,98.73092715784406,10207800
2019-09-30,98.50495147705078,99.40889211961297,98.11156676739742,99.06573094644139,9755000
2019-10-01,96.71380615234375,99.60140742682418,96.59662853681535,99.09921673374512,11250300
2019-10-02,94.7887191772461,96.16974815100825,94.52088375817769,96.09441604699208,12548700
2019-10-03,94.65373992919922,95.2611987651925,93.24477040360472,94.72123034897828,12735200
2019-10-04,96.70390319824219,96.97388416814468,94.72122341021165,94.78028154622612,9453100
2019-10-07,96.49298095703125,97.44634985479335,96.23987098006936,96.34111625822493,6771600
2019-10-08,94.34156799316406,95.3877434814082,94.20658072219109,95.3877434814082,10806300
2019-10-09,95.02497100830078,95.47213290875608,94.5525058296827,95.05871944060996,7273700
2019-10-10,96.35799407958984,97.36198890598776,95.33712825739778,95.45524453852052,10994100
2019-10-11,97.98632049560547,99.54714832713866,97.75852664560308,97.89351392493847,15076500
2019-10-14,98.24785614013672,98.60221140277925,97.58134563123436,97.74164261231712,8779000
2019-10-15,101.2092514038086,102.58446650107221,99.44593891290353,100.27275314031374,23379000
2019-10-16,100.97298431396484,101.76605626858696,100.71987432597989,101.2092168697618,11087700
2019-10-17,101.53827667236328,102.56758139242119,101.14174061428959,101.87575457945934,10818500
2019-10-18,101.71543884277344,102.10353613617019,101.12485740431204,101.24297369200431,10417400
2019-10-21,104.23808288574219,104.42368960074607,102.92191982567662,102.9725456905459,12714600
2019-10-22,105.28425598144531,105.54579826907379,103.87529281598462,104.1537061002629,12549100
2019-10-23,105.56266784667969,105.58797755819829,104.76115717308254,104.78646688460114,8828300
2019-10-24,105.48674774169922,106.01827750894005,104.67680467007857,105.70610933511377,8020500
2019-10-25,106.3304214477539,106.85351241007535,105.25049753302318,105.46142037377072,9055700
2019-10-28,106.73539733886719,107.32597872488415,106.64259077294247,106.78601676142453,9522200
2019-10-29,106.66791534423828,107.5031681170663,106.25450831643424,106.35574717565264,9797300
2019-10-30,106.07733154296875,106.52448699296295,105.39393707399834,106.34731255637215,8513700
2019-10-31,105.3939208984375,106.07731526252246,104.49961013570537,105.87482470590626,11589100
2019-11-01,107.82376861572266,107.9840656122747,106.32199244543949,106.47385716212634,11682600
2019-11-04,108.68434143066406,109.19054858883796,108.4649734091162,108.90369657850172,9159900
2019-11-05,108.92056274414062,109.93298982945763,108.70119474528755,109.16522758088959,13747600
2019-11-06,109.08929443359375,109.54488209943105,108.4818356300051,108.57464219371192,11231100
2019-11-07,109.67987823486328,110.76823443906973,109.61238138033525,110.04265934502921,13528900
2019-11-08,110.00050354003906,110.01736810122044,109.04712801114718,109.57865778370967,9293400
2019-11-11,109.61239624023438,109.76426740193844,109.1314987878774,109.34242165923108,8679000
2019-11-12,108.97118377685547,110.20296600551012,108.84462234325349,109.3677197627987,9099000
2019-11-13,108.39747619628906,108.68434107940836,107.50316530006631,108.10219190673615,8023300
2019-11-14,108.49870300292969,108.7011806695489,107.6465665768832,107.75625056210673,8483400
2019-11-15,109.2833251953125,109.2833251953125,108.32994997532889,109.03021524878423,10163600
2019-11-18,110.20297241210938,110.22828212555933,108.82776411105928,109.30866154031821,8749300
2019-11-19,110.16924285888672,110.73451464594831,109.83175851859613,110.51515948004285,8824500
2019-11-20,109.36771392822266,110.20296012637515,108.78556483635373,109.93298558843655,11782800
2019-11-21,109.62080383300781,110.2873271656565,109.1652161979187,109.679868403066,7705500
2019-11-22,110.34639739990234,110.70919141220418,109.76426112218768,109.80643539507724,8167900
2019-11-25,110.9369888305664,111.42633139627773,110.41389139896638,110.73449825636227,10068500
2019-11-26,111.08885192871094,111.21541337072402,109.98361818649678,111.21541337072402,10490700
2019-11-27,111.41787719726562,111.7300388759912,111.07196065539183,111.61192260238896,6607900
2019-11-29,111.16478729248047,111.71319449114947,110.90324498753999,111.25759387233457,5712000
2019-12-02,110.92012786865234,111.99161972981555,110.81888900337152,111.62882567304055,8615600
2019-12-03,109.49427795410156,109.64614911304112,108.4902830449401,109.48584567393665,10361300
2019-12-04,111.65410614013672,111.76379013126531,109.67143926340866,110.00047836308654,10318200
2019-12-05,112.26158905029297,112.47251192551859,111.51913640991135,111.94098216036261,9587400
2019-12-06,113.93208312988281,114.55641941213584,113.60304399265567,113.6367988585663,10170600
2019-12-09,113.40058898925781,114.28646772793552,113.40058898925781,113.58620216778884,8498200
2019-12-10,113.47650909423828,113.70430940858324,112.10973295559035,112.42189469745169,7532900
2019-12-11,113.20649719238281,113.91520769806054,113.06307121022525,113.29930375421512,9011900
2019-12-12,116.44627380371094,116.82593230410049,113.23181209406148,113.46804462202421,13717400
2019-12-13,115.4254150390625,117.12967522245754,114.92764021713558,116.3872226923233,10592100
2019-12-16,115.8725814819336,117.13811866598365,115.8557169218841,116.75002780548589,11372000
2019-12-17,116.581298828125,116.9947123456667,115.77979438479584,116.20164018378088,11546800
2019-12-18,116.46318054199219,117.29000756303736,116.19320592955583,116.55598713114168,10381500
2019-12-19,115.88102722167969,116.61503467255342,115.67010435660471,116.22693093638304,9350400
2019-12-20,115.7882080078125,117.17186133673019,115.50134315860221,116.44628624512039,29992600
2019-12-23,115.75447082519531,116.35349745255768,115.48449624045791,116.09195514825531,9738400
2019-12-24,116.07505798339844,116.11724512582384,115.63633487484928,115.86413514497978,3324300
2019-12-26,117.30683898925781,117.35747128389214,116.243792528686,116.33659909161985,6770900
2019-12-27,117.3912124633789,117.92274212685187,116.99467650391625,117.52620616738922,7868200
2019-12-30,116.96092987060547,118.18427968956644,116.82593617195536,118.03240856015815,6963000
2019-12-31,117.610595703125,117.6780925712717,116.67409757737026,116.85971074634588,7201600
2020-01-02,119.03641510009766,119.0448602531696,117.4924583118809,117.9396137185891,10803700
2020-01-03,117.46556091308594,118.22126627874181,116.39568983161365,116.75231352543774,10386800
2020-01-06,117.37215423583984,117.40612579954139,115.90320153645402,115.95414592565099,10259000
2020-01-07,115.37678527832031,117.05801528788122,115.32584087747883,116.56553115248292,10531300
2020-01-08,116.27682495117188,116.82025342840481,115.13902360139618,115.22392660812692,9695300
2020-01-09,116.70137023925781,117.37215965524912,116.36171936833645,117.21932648060145,9469000
2020-01-10,115.53811645507812,116.54005754313661,115.31734011228968,116.50609892843893,10190900
2020-01-13,116.49760437011719,116.49760437011719,115.27488688875869,115.64001003272261,12355200
2020-01-14,117.85614776611328,119.5203915519284,116.91363772953002,117.1259146480726,24906000
2020-01-15,116.09003448486328,117.68636150160387,115.60603675713975,117.04953056914141,16293400
2020-01-16,116.5400390625,117.09195391923353,116.19190177435432,116.70985802177523,10783800
2020-01-17,117.34669494628906,117.42311153848834,116.59948889530159,116.78628069078088,14697700
2020-01-21,116.1919174194336,117.23632942449925,116.06455642191722,116.48911035544893,8474200
2020-01-22,116.05606079101562,116.6674195115106,115.8013387877746,116.53157209523481,7549100
2020-01-23,115.93716430664062,116.10699621853563,114.39179496797131,115.23241628897071,9345700
2020-01-24,113.05870819091797,115.84378097990654,112.35396005740238,115.79283658050618,15166400
2020-01-27,112.10771179199219,112.88040306840392,110.13778825767731,110.61328659505132,12860500
2020-01-28,114.14555358886719,114.60407904941296,112.48979599546664,112.79547531704495,13062800
2020-01-29,113.9757308959961,115.08805998759317,113.51721840679923,114.4682149511223,9326000
2020-01-30,115.38526916503906,115.58905972029851,112.66812654336977,112.66812654336977,9048900
2020-01-31,112.38790130615234,114.48519846646036,111.6321959336448,114.19650494355994,12785200
2020-02-03,113.24549102783203,113.98422354514378,112.64263180987047,112.64263180987047,10021100
2020-02-04,114.87577056884766,115.98811249596743,114.69746521433446,115.09654685433705,9157100
2020-02-05,116.82872772216797,116.94760228434427,115.487135973975,115.9626471790358,10150700
2020-02-06,116.84574890136719,117.42313610503477,116.42119491407298,117.38069107139293,8992300
2020-02-07,116.47212219238281,116.89667611724666,115.73340250915416,116.09851266548542,6379800
2020-02-10,116.95612335205078,117.04952573654332,116.11550189161784,116.28532087532484,5960700
2020-02-11,117.17687225341797,117.8731468438299,116.99006750751995,117.39763560931728,6578600
2020-02-12,117.17687225341797,118.27221557585965,117.00705329069878,117.68634209793188,7958000
2020-02-13,117.07500457763672,117.46558696668376,115.81831552292871,116.96461640160406,7447500
2020-02-14,116.71837615966797,117.3382212910538,116.27683642946798,117.0410283472665,6627600
2020-02-18,115.17296600341797,116.93062513237597,114.67199557823523,116.6164464782546,8996400
2020-02-19,116.74383544921875,117.50802728250584,115.76735371073332,116.25135137314341,7071200
2020-02-20,116.74383544921875,117.48255508515338,115.92868626487001,116.47211473565025,7422800
2020-02-21,115.31732940673828,116.25983959248781,114.56162397537926,115.94567384935695,9772800
2020-02-24,112.21807861328125,113.10114493521415,111.06329160376562,111.6067200225756,13618400
2020-02-25,107.2083511352539,112.27751918834528,106.63944399383337,111.23312023680249,20797200
2020-02-26,107.53099060058594,109.49242716847671,107.27625571828813,107.77723259262658,24825600
2020-02-27,103.05619049072266,106.66489774683174,102.99675321857264,104.36381695619987,23005500
2020-02-28,98.58992767333984,100.61080232534037,95.66050774557769,99.78716655159594,45931400
2020-03-02,103.18357849121094,103.23452936510583,97.18887940991796,99.03144180768386,27355400
2020-03-03,99.31163787841797,104.39779129322379,98.70027928520487,102.71656164006558,32547700
2020-03-04,101.76557922363281,102.05427927461011,97.39267229867507,100.47493808246475,25795900
2020-03-05,96.7728271484375,98.8616317780521,95.59256770095013,98.21630796850462,25025600
2020-03-06,91.77156829833984,93.67356786773655,89.17329414636761,90.22619243354663,38159400
2020-03-09,79.34062194824219,84.25695608475827,78.96701250423764,81.99832659607968,40352000
2020-03-10,85.50514221191406,85.99762622929683,80.30860726961116,84.06166172309162,31102700
2020-03-11,81.48037719726562,84.95323119030647,80.28313866362288,82.95782283727208,38127000
2020-03-12,74.76393127441406,82.32947707744621,73.29497218753863,76.07155135637832,49725200
2020-03-13,88.2308120727539,88.29873578678377,78.11793306339085,81.50587204214108,38543300
2020-03-16,75.02715301513672,79.79914037480974,71.79205491824487,72.34396971219661,38589700
2020-03-17,79.61235046386719,82.7370674788808,74.2969337337138,77.17540870525711,35239800
2020-03-18,71.23164367675781,77.09048804004838,68.23429456416153,74.44126971209522,41525600
2020-03-19,72.42890167236328,74.8148926405872,65.30488738064852,69.25323367204547,32175100
2020-03-20,70.90049743652344,75.96117887137775,70.03441037811635,73.27800173824095,30150800
2020-03-23,67.10498809814453,71.11277793277483,66.30682469668795,70.20423284995486,32536600
2020-03-24,75.08660125732422,76.5046096954031,70.39103626963247,72.08925182992189,34363200
2020-03-25,77.8886489868164,80.79259564732202,71.78356280041419,75.77436623597379,38111700
2020-03-26,83.31446838378906,83.6965643424893,79.42555269820126,79.88407173554899,29826300
2020-03-27,77.37919616699219,80.52938551834767,76.88671853658936,79.12836274606161,30041500
2020-03-30,79.3915786743164,79.89254916284263,75.82532853369332,76.97162275902372,21656900
2020-03-31,76.44518280029297,79.96048896963565,75.8592962793428,78.16038437709405,23379300
2020-04-01,71.63074493408203,73.49877977423301,70.68823462088258,72.25908298348854,28029600
2020-04-02,74.3054428100586,74.64508730531139,70.44199882314538,70.90901081389046,24018000
2020-04-03,72.10911560058594,75.05181969975959,71.01095823303676,73.78207872082517,21199400
2020-04-06,76.75054931640625,78.06318343183459,75.24058808081328,76.34732047404638,26820800
2020-04-07,77.76288604736328,81.07450111385458,77.53982209515776,81.03160193422035,22563800
2020-04-08,80.90290832519531,81.38334766431576,77.68566658180995,79.01545590844552,22903300
2020-04-09,88.1610107421875,89.559436222734,83.12495231050292,83.15068919887257,42055900
2020-04-13,84.24027252197266,88.46129275065516,83.47671422413971,88.46129275065516,26911900
2020-04-14,81.93243408203125,87.50898718709097,80.33668143909756,86.66821168507913,46151300
2020-04-15,77.8915786743164,78.9554115874987,77.32534090964934,78.20043444677191,30118600
2020-04-16,74.92314147949219,77.70283703944504,74.68292176444021,77.41114354130944,32449600
2020-04-17,81.65790557861328,82.10402699744672,78.03743425988111,78.9296836430447,30191900
2020-04-20,78.68087005615234,81.25466367216843,77.60845604947897,79.33289960494854,23679400
2020-04-21,76.39876556396484,78.39774001289967,75.78105413688836,76.02985493643277,23035000
2020-04-22,76.64756774902344,78.81813911195725,76.510302165189,77.80578006738374,16662400
2020-04-23,76.69046783447266,78.31195724479467,76.5789391371923,76.99074243907017,16638800
2020-04-24,77.82292175292969,78.15751432586133,75.91831384824543,77.76286684357001,15809200
2020-04-27,81.17745208740234,82.04395788223732,78.5350224339263,78.87819622127958,22870200
2020-04-28,81.75228118896484,84.3861302380775,81.5292171995995,83.91426536547714,20238900
2020-04-29,83.95714569091797,85.32125312353318,83.4509628917086,85.0038227764568,20462600
2020-04-30,82.15547943115234,83.08203999340076,81.11738364294752,82.0182073208966,19127600
2020-05-01,80.00206756591797,80.42245193272167,78.79238168662289,80.21655032078638,18547700
2020-05-04,79.0498046875,79.50450731682017,77.90017966586016,78.94685055528694,15725900
2020-05-05,78.9296646118164,80.82569163931475,78.84387280720694,80.34525229710562,18064100
2020-05-06,77.44544982910156,79.58170332047506,77.15375635056625,79.06694588773894,20978000
2020-05-07,78.25190734863281,79.71039437896681,77.71141302565076,78.36343605307472,16771900
2020-05-08,79.53022003173828,80.71416928295811,79.0240437629671,79.616018388577,20487800
2020-05-11,77.18807220458984,78.1661132628034,76.63899675245226,78.1661132628034,31907600
2020-05-12,74.66575622558594,77.89157958361466,74.55422751859014,77.34250410294969,27962900
2020-05-13,72.09195709228516,74.51990393911707,71.55146279713523,74.10809408650601,35451600
2020-05-14,75.08613586425781,75.59231867672635,70.69353230233875,70.96807002495869,35152500
2020-05-15,73.69628143310547,74.88022397278243,73.1815240917457,74.51131334480056,26099000
2020-05-18,77.59988403320312,78.20043987488441,75.39500083792953,76.08992964693935,30504400
2020-05-19,76.07276153564453,78.24332652715627,76.0041254654752,77.25671083682978,19597300
2020-05-20,78.35484313964844,79.26424794384042,77.53123013001326,77.82292354060527,20552400
2020-05-21,77.35964965820312,78.72376358037347,76.93068408634375,77.44544146347597,14621400
2020-05-22,76.7591323852539,77.52269089694208,76.11568375997749,77.22241618091267,13557900
2020-05-26,82.20697784423828,83.64830270654005,79.45301912520561,79.69323884467316,41233900
2020-05-27,86.96849822998047,88.0065943174326,84.7636150509879,87.56904752173084,39402000
2020-05-28,85.67302703857422,88.32403182714977,85.27837939426347,88.31545722621688,24713900
2020-05-29,83.48529052734375,85.08962437280837,83.03058799750252,84.64350298848194,26526400
2020-06-01,84.59202575683594,85.3727463898507,83.54534851259463,83.86278545329785,15176800
2020-06-02,84.8751449584961,86.15346078064486,84.01721364649087,86.03335092060385,21195000
2020-06-03,89.45649719238281,90.01415386781052,86.70253839951299,87.1486663580538,25941100
2020-06-04,91.3182144165039,91.46406117417104,88.18676369952125,89.07043193720611,26784700
2020-06-05,95.42768859863281,99.32269041894841,93.96920165666641,98.60203136530268,42231000
2020-06-08,97.33228302001953,97.96715676206004,96.03681174058812,97.29797153522897,24881800
2020-06-09,94.83570861816406,95.7708504151508,93.523075026543,94.93008156682265,17031100
2020-06-10,90.99219512939453,94.80999349047143,90.8120303348331,94.7670943056011,24913300
2020-06-11,83.39949035644531,87.14865202040652,82.82467802894766,85.81885605512515,36259200
2020-06-12,85.68158721923828,86.76257576699237,83.50244128957475,86.40224625107435,24856800
2020-06-15,86.86555480957031,87.01998272438499,82.24988620421608,82.72174454995742,22153600
2020-06-16,87.56045532226562,90.66616859231151,85.20114454530828,90.40021201746761,22193600
2020-06-17,85.34700012207031,87.97226754460738,85.11535502861368,87.9636863997212,15639800
2020-06-18,84.88372039794922,86.23924680521333,84.18879163100478,84.6520752938024,16591900
2020-06-19,83.91423797607422,86.30786650713287,82.9876773717086,86.24781159253978,40371200
2020-06-22,83.0048599243164,84.03437494858979,82.82469512234341,83.4338256086798,16216900
2020-06-23,84.0172119140625,85.76739253992413,83.94857583959819,84.90946124560939,15381400
2020-06-24,81.21178436279297,83.08206841359404,80.91150315526382,83.0048577342843,22919800
2020-06-25,84.0429458618164,84.25742867788234,80.86860280223901,80.94581347418462,25743600
2020-06-26,79.43585205078125,81.82090644667028,78.9296757503076,81.59784248681095,41896300
2020-06-29,79.78759765625,81.06591324832651,79.08409436884266,80.1307714283867,18499700
2020-06-30,80.69701385498047,81.21177785780017,79.41869808443624,79.6417620492917,19137000
2020-07-01,80.01068115234375,82.11261038416677,79.81335405783328,81.40910692475487,18755700
2020-07-02,80.27056121826172,82.26302739628788,79.63816561242994,82.07244223811178,27845600
2020-07-06,82.29766845703125,82.4709240627034,80.98090866980094,81.80388271066018,18625300
2020-07-07,79.97602844238281,81.51802620528396,79.69881543567338,81.27546565057314,25757200
2020-07-08,80.82498168945312,80.85962752561234,79.52554472730294,79.95002561767411,18762200
2020-07-09,79.07506561279297,81.53533624225098,78.64191998028707,81.01555619582162,25600800
2020-07-10,83.39786529541016,83.8916511001778,79.58618864562126,79.69880414169863,28954200
2020-07-13,84.59333801269531,85.99672554352746,83.36320608022254,85.52893410610169,32079200
2020-07-14,85.07846069335938,86.58580557920868,83.71838373001678,85.2170704622675,42731700
2020-07-15,86.39525604248047,87.74666869628322,85.45965961633405,87.40015076704975,22508400
2020-07-16,86.63778686523438,87.68599844956043,85.37300247565224,85.57224575529243,16886900
2020-07-17,85.03514099121094,86.69841838432451,85.01781146731444,86.62911350729223,16137700
2020-07-20,84.29014587402344,85.23440021566081,84.25549342901682,84.40276136333637,14458100
2020-07-21,86.11803436279297,86.67246035011358,84.5846948281101,84.64533496393331,17798100
2020-07-22,85.49429321289062,86.7417482299909,84.48939210069047,86.32593209405026,14271200
2020-07-23,85.74551391601562,86.06603746010212,84.87055787145928,85.32969119298274,12870200
2020-07-24,85.13911437988281,86.45588095719603,84.8445784879419,86.28261871845555,12744200
2020-07-27,83.94361877441406,84.57600765051872,83.31122328903206,84.47205693624254,11959100
2020-07-28,84.30747985839844,84.80126569832217,83.59712116571379,83.59712116571379,11754300
2020-07-29,86.3519287109375,86.37791639596287,84.03026744900617,84.09090758382501,12743500
2020-07-30,84.04757690429688,84.67130768209586,83.2072799162222,84.4980520701641,14834800
2020-07-31,83.7183837890625,83.9696090384275,82.5142395102535,83.57978062933418,14535000
2020-08-03,83.25060272216797,84.52405214536243,83.03402987085677,84.04758922876623,12962800
2020-08-04,82.7741470336914,83.1206583109568,82.32367179840006,83.08601247065343,13366200
2020-08-05,84.21216583251953,85.30369458310993,82.92139380931619,83.0513388097422,15260900
2020-08-06,84.23816680908203,84.98317787924064,83.63176552373355,84.53270929716437,10482100
2020-08-07,86.0920181274414,86.18731068934667,83.64907717799561,83.96960730524762,14743700
2020-08-10,87.18356323242188,88.3963724762334,86.655124966256,86.72442986230892,14989900
2020-08-11,89.9383773803711,91.9655027945484,89.66982914791345,89.97302983121712,31518600
2020-08-12,89.17601013183594,92.19936429424475,88.11046914467173,91.9654685996011,19240800
2020-08-13,88.68224334716797,89.53986988924518,88.04984778590091,88.36171318470684,13598600
2020-08-14,88.71691131591797,89.49656834007658,87.85927801449661,87.92858291730872,12134400
2020-08-17,86.3779067993164,88.36171471695758,86.22197409720947,87.92856905658033,14988000
2020-08-18,85.17377471923828,86.55118155541192,85.00051907372375,86.55118155541192,13246500
2020-08-19,85.37301635742188,87.14024491950096,85.191089355261,85.69353993138083,13533000
2020-08-20,84.35079956054688,84.92254847187408,83.85701370605918,84.25550697377915,13672600
2020-08-21,84.30747985839844,85.39034412220302,83.97829150154227,84.26416264413467,12228300
2020-08-24,86.68111419677734,86.81105922687577,84.39410546044857,85.286384532897,17898300
2020-08-25,87.0622787475586,88.34439282525686,86.4558774596949,87.72932016420866,13648900
2020-08-26,85.84080505371094,86.86302909148881,85.80615921654008,86.57715797451984,12052400
2020-08-27,88.66490936279297,88.92479938515963,85.76283495632833,85.76283495632833,22163900
2020-08-28,89.02876281738281,89.44458559068121,88.19712388006474,89.34929300949364,13756700
2020-08-31,86.7937240600586,88.51764182889116,86.6464495217797,88.46566646789735,14219400
2020-09-01,86.75041961669922,87.38281524203947,85.79750040570113,86.23931086698599,11595600
2020-09-02,88.05850982666016,88.30973509066769,86.24795761683964,86.58581068688612,14475700
2020-09-03,87.78131866455078,90.95194209545129,87.18357541878053,89.50523688684171,23281200
2020-09-04,89.67845153808594,91.14248560836765,87.81593096519748,90.13759137172204,26325500
2020-09-08,86.55982208251953,89.72178653879187,86.17865841815907,89.21067786212035,22108600
2020-09-09,87.38280487060547,88.09316346459498,86.24795878550074,87.32216474462872,13434000
2020-09-10,86.48184967041016,88.7255406433847,86.31725223203172,87.84192655210907,15922800
2020-09-11,87.55606842041016,87.80729371059084,86.2739542859154,86.60314923614874,13784300
2020-09-14,88.76888275146484,89.62650940557093,87.81596351253819,87.93724378244092,19017400
2020-09-15,86.00540924072266,89.0980692781706,85.8841289733152,88.99411853998072,23683000
2020-09-16,86.36922454833984,87.60802115057083,85.55491536601298,86.13532884717542,19270600
2020-09-17,85.38166809082031,86.05737424478585,84.64532181045473,85.50294834362037,18290100
2020-09-18,85.19975280761719,86.18732441621704,84.41143111726538,84.80125958039956,20121600
2020-09-21,82.56623077392578,83.20729116515068,81.27545844548227,82.47093819169719,28378800
2020-09-22,81.66529846191406,82.86944975200163,81.1455248731728,82.26304172407036,19257000
2020-09-23,80.33984375,82.60086430265376,80.27054547729868,82.1070785847913,19952700
2020-09-24,80.27056121826172,81.69127853103817,79.16170271698965,79.97601871673174,18366500
2020-09-25,80.97225189208984,81.18882472517694,79.58618708218806,79.74211978638192,13293100
2020-09-28,83.30256652832031,83.96960785676087,81.73457493257528,82.34964090300885,20894100
2020-09-29,82.60086822509766,83.18994653133481,81.71725407038073,83.18994653133481,12848200
2020-09-30,83.39786529541016,84.20351651469194,82.52291579123072,82.60087884022,16400600
2020-10-01,84.00425720214844,84.69728618404763,83.18994137390774,84.13420220165366,15778700
2020-10-02,84.80126190185547,85.40766321872647,82.3756434158141,82.51425320782957,15149600
2020-10-05,86.59361267089844,86.77722110399587,85.27337298079085,85.96409423136087,13871900
2020-10-06,85.70182800292969,88.18492879733404,85.25592448319738,87.49420726189854,19220400
2020-10-07,87.19693756103516,87.73901791500906,86.27014318541899,86.5236996967266,16358500
2020-10-08,88.98930358886719,89.11170925144434,87.34556564096815,87.87890745817214,15659000
2020-10-09,88.4822006225586,89.27784419001053,87.52918404592353,89.18166734843702,13689100
2020-10-12,89.56636047363281,90.05598310153202,88.17617241140756,88.3947548946637,16058000
2020-10-13,88.11497497558594,90.24834227732326,87.66032631765603,90.05598861298847,21697300
2020-10-14,87.62535858154297,89.12046216491903,87.52043657423961,88.33356378666613,15204100
2020-10-15,88.93682861328125,88.98928626685806,86.5936244748168,86.64608212839362,17171200
2020-10-16,88.75322723388672,89.47017746258223,88.06250583407156,88.66579558074972,13275000
2020-10-19,87.25813293457031,89.06799569030407,87.04828894071116,88.83192286486458,11725700
2020-10-20,87.75650024414062,88.98055684827187,87.53791775474458,87.704035910672,11257100
2020-10-21,86.88216400146484,88.29857416109823,86.84719000521852,87.74774872908611,10730500
2020-10-22,89.95105743408203,90.26581673076312,86.82969996750103,86.83844513424432,14837200
2020-10-23,90.76416778564453,91.32373828319679,89.99476001916182,90.49312770200075,15087600
2020-10-26,88.51716613769531,89.79368711999571,87.65158131714672,89.74997462295072,12410700
2020-10-27,86.84720611572266,88.23738770370748,86.69857160705929,87.87891584924827,10391700
2020-10-28,84.4078140258789,85.94663660295843,83.99687788280016,85.24716997593825,16389500
2020-10-29,84.9586410522461,85.66685285952744,83.2711839538826,84.04059859185658,14208800
2020-10-30,85.71929931640625,86.05154225807262,84.13676442209568,85.60563883729583,15194500
2020-11-02,87.65158081054688,88.20240629851085,85.5619326844728,86.89965649139127,15011600
2020-11-03,90.4144515991211,91.57730521206585,89.78493304951076,90.07345682590943,17482600
2020-11-04,87.65158081054688,89.24286111305118,86.49746549961638,88.30732829790757,18886500
2020-11-05,91.23634338378906,91.8920909500414,88.30733892198371,88.35979659268897,17837400
2020-11-06,90.02101135253906,91.89207692230383,89.52264354508972,91.83087409228753,12552800
2020-11-09,102.20919036865234,103.9578505745468,96.4823255261043,98.93919765140033,47792400
2020-11-10,101.87692260742188,102.6900497258984,100.27690387222002,102.60261806521872,20539300
2020-11-11,100.35558319091797,102.26162260814226,99.63863295162852,102.20041978298124,14443400
2020-11-12,99.1227798461914,99.63863126803108,97.97740317952068,98.38833928606145,22063000
2020-11-13,99.74356842041016,100.4255447559808,99.29765825076453,100.28564875350038,11847900
2020-11-16,102.55890655517578,103.70427666347871,101.18620879043588,102.98732636604656,19858600
2020-11-17,101.51846313476562,101.80699365362038,100.18073921903223,100.88894442839486,14553200
2020-11-18,100.76654052734375,103.70429009502176,100.72282135561755,102.5938871710232,12571200
2020-11-19,101.03758239746094,101.26491008712779,99.28892222902799,99.8310092826615,10202500
2020-11-20,100.17198944091797,101.1162674570195,99.75230809911442,100.04958377260206,12718900
2020-11-23,103.0572738647461,103.31956884803488,101.04631230649136,101.46599361860483,13209200
2020-11-24,107.82237243652344,107.97975209911976,104.66604068766974,104.98080001286239,20121600
2020-11-25,106.6944808959961,107.00049503911085,105.33052833205147,106.117426607638,11715600
2020-11-27,105.98628234863281,106.97427283492132,105.86387668380445,106.66825867285041,5983600
2020-11-30,103.0660171508789,105.54911779917222,102.96984031802126,104.91959913705254,14411800
2020-12-01,104.6922836303711,106.30105447270223,104.59610678634323,105.21688035286262,12668900
2020-12-02,106.7032241821289,106.93929032533943,104.28132656944011,104.65728870167013,10811300
2020-12-03,106.00375366210938,106.57206942294174,105.23434576275038,106.53709542697892,12904400
2020-12-04,106.96553039550781,107.79614790872414,106.39722122457023,107.08794273406686,13583700
2020-12-07,106.5633316040039,106.8168880892617,105.10320219256836,105.92507447784476,9724300
2020-12-08,106.66825866699219,106.95678916433253,105.58409134831115,105.82890267795443,9592100
2020-12-09,105.837646484375,107.80488893448897,105.30430466425099,107.69122176818193,13073900
2020-12-10,105.1556625366211,105.60157268900572,104.53488905851341,104.91085121236547,13668400
2020-12-11,104.53488159179688,104.93707254871889,103.49443353802761,103.99280131841007,9981600
2020-12-14,103.43323516845703,106.1611403278449,103.26711034430166,106.09119233129442,12112400
2020-12-15,105.19937896728516,105.70649193754446,103.71302072547199,104.29882018907769,12590200
2020-12-16,105.50540161132812,105.86388012039716,104.79719643174421,105.18190377404099,11169400
2020-12-17,104.63107299804688,106.18737938279433,104.5523864973076,106.02126121325293,11618000
2020-12-18,104.11521911621094,104.81467912133833,103.4070072726109,104.16767678217813,28954800
2020-12-21,108.02348327636719,109.29125921501776,105.87262542487964,107.69123357916372,28323600
2020-12-22,106.37972259521484,107.99723165611992,106.32726493321398,107.88357116491534,11788200
2020-12-23,109.35245513916016,110.62023099765113,106.97427642171263,107.35023859646512,14973200
2020-12-24,108.87156677246094,109.77213226011793,108.04095595514254,109.36993459697368,4164900
2020-12-28,109.5885009765625,110.73387762422207,109.10762355800667,110.00818224261475,8072600
2020-12-29,109.29998779296875,110.41038388297922,109.19506579862909,110.34043588675277,8389200
2020-12-30,109.60599517822266,110.0344149551226,109.20380423063796,109.71965566212454,7398000
2020-12-31,111.10110473632812,111.32843238753128,109.13386237969719,109.36992852742537,8580200
2021-01-04,110.05191802978516,111.79183283874832,109.09889487381272,111.47707350930867,16819900
2021-01-05,110.65074157714844,111.22315025197018,108.99515915036257,110.069524754473,13731200
2021-01-06,115.84642028808594,116.9207857072182,112.614515884352,114.37577562619373,24909100
2021-01-07,119.65076446533203,121.69382518428269,118.81417165469071,119.49225808401648,21940400
2021-01-08,119.78285217285156,120.07346060767277,118.10965331515045,119.73881814867303,12035100
2021-01-11,121.5705337524414,121.7026223989616,118.10086197265812,118.51475764815301,15937900
2021-01-12,123.4814682006836,124.74957270880964,122.25739771189728,122.79458049833134,18033500
2021-01-13,123.59597778320312,123.9834422910959,121.61456746671834,122.0460660024372,14816800
2021-01-14,124.31804656982422,125.70943811024483,123.28771513439074,123.71922697478715,18565600
2021-01-15,122.0900650024414,124.74074609458248,120.65463941838927,121.02450095887674,27881000
2021-01-19,121.56168365478516,123.90415351439788,121.36795817513188,123.16443043366591,19843800
2021-01-20,119.73878479003906,121.67616037847293,119.27205382583026,121.3679491696845,16028800
2021-01-21,118.73490142822266,119.90613656999406,118.28578664163402,119.49224093954487,13411700
2021-01-22,117.81903076171875,118.3562135428104,116.41883764679487,116.85034953235896,12933200
2021-01-25,116.348388671875,117.27304934162612,114.53429992325077,116.366004967314,14212800
2021-01-26,115.87285614013672,117.27304928772689,115.66150090685477,116.9031877074557,11307800
2021-01-27,112.59693145751953,114.34938344441355,112.14780995507773,114.12041190039189,17603900
2021-01-28,114.57832336425781,116.39241194538843,113.59202590747886,114.39338587246424,13761800
2021-01-29,113.31022644042969,115.99614033921522,112.88752942207365,115.52940930206678,14808100
2021-02-01,114.14680480957031,114.54309749197229,113.14289111789348,113.95306590088757,11080700
2021-02-02,117.66053771972656,118.34742549289892,115.55584037632975,116.18989269576538,12253600
2021-02-03,119.00788116455078,119.55386537027887,117.57245547069624,117.69574266028955,10600800
2021-02-04,121.74659729003906,122.10765733154554,119.29845702349398,119.29845702349398,12419500
2021-02-05,121.50884246826172,122.83859710239848,120.9804746229819,122.75052907620474,10051300
2021-02-08,123.4110107421875,123.55191422263114,121.68497669999176,121.70259299437109,10136400
2021-02-09,122.91787719726562,123.27012250463589,122.00201789842751,122.78577512902892,8614800
2021-02-10,122.98829650878906,124.05384701679485,122.44229895788237,123.28770628481601,10323200
2021-02-11,122.64488220214844,123.77208328414625,121.72022149529012,122.98832607186188,9201000
2021-02-12,124.38849639892578,124.70552248476173,122.40708672177476,122.45112073539254,8324600
2021-02-16,127.38262939453125,127.97266102782343,125.4012195899598,126.4139482191179,12130600
2021-02-17,127.77889251708984,128.0254668273567,126.03524261797004,126.76616412243685,10810100
2021-02-18,128.21043395996094,128.3865566069132,126.28185939818664,126.81024077634005,10587800
2021-02-19,130.350341796875,131.07244855889576,128.44818528078548,128.44818528078548,11969800
2021-02-22,131.57440185546875,132.2612894153277,129.26715140620274,129.33760313507204,11488400
2021-02-23,132.63119506835938,134.1282578526645,131.7329520228572,133.42375376672743,16234400
2021-02-24,134.96484375,135.40515710177942,132.19087500870853,132.19087500870853,15061400
2021-02-25,133.13311767578125,136.40904957327803,132.61355122726894,135.85426397456783,18127700
2021-02-26,129.601806640625,132.86012216024952,129.020589897654,132.3581720184434,19829200
2021-03-01,132.5343017578125,133.30925745672957,130.75543228406892,131.67129146229735,14845500
2021-03-02,132.102783203125,133.66149595051368,131.9530783029219,132.16443351118815,14221700
2021-03-03,134.65664672851562,136.4795372105624,132.81613994808865,133.17718672244283,14324100
2021-03-04,132.5871124267578,135.95111182088718,130.87869501192083,134.3923992858575,20093900
2021-03-05,132.89537048339844,135.16738884444462,130.3063259920366,134.92961588738382,18465100
2021-03-08,134.65664672851562,136.90224774789667,132.7544896224071,134.26916878794182,17133300
2021-03-09,133.70556640625,135.83668161390813,131.935511405467,133.41495795466503,16238800
2021-03-10,136.6116180419922,137.51866242665082,133.42374039598465,133.77599912230127,14342200
2021-03-11,135.89830017089844,137.50983498623822,135.05289274233925,135.71336267683088,11771500
2021-03-12,137.50985717773438,138.81319440031777,136.55879214340226,138.1351080623667,12849500
2021-03-15,136.82293701171875,138.18791079419634,135.58126384085173,137.6859606692276,12101100
2021-03-16,135.18499755859375,136.1448908574592,134.0225773219457,135.6957626483001,12805600
2021-03-17,136.57638549804688,138.15271474460525,134.7799130237469,136.79654216308492,13952400
2021-03-18,138.83078002929688,142.3885190672369,138.35524757115022,138.78675944852634,21898500
2021-03-19,136.62039184570312,137.32489571858508,133.1419199301348,136.94621934402736,54418800
2021-03-22,132.94821166992188,135.59009172413673,132.63118552592422,134.55976011546855,19944800
2021-03-23,131.61846923828125,133.9609259899851,131.17815589917424,132.3846101483925,17076300
2021-03-24,132.63998413085938,134.8943862458158,131.97071270213686,132.093999897883,13079800
2021-03-25,134.33958435058594,134.70944589313194,131.50396575377167,132.09398393621137,15608300
2021-03-26,136.57638549804688,136.89341163319352,134.33959969367083,135.8806963489371,16754400
2021-03-29,134.45407104492188,135.37873171882052,133.00984387026077,133.9609222687883,17570300
2021-03-30,136.03919982910156,137.2632703234083,135.51083190653023,136.02159697112316,13184300
2021-03-31,134.05780029296875,136.04802525732185,133.96093081738258,134.9824610258738,16736700
2021-04-01,135.36114501953125,135.43158333541928,133.4589879954035,133.767199298632,16561500
2021-04-05,136.07864379882812,137.24792391986435,135.17512390505198,136.7695771370989,13508000
2021-04-06,135.1219482421875,136.66326817490452,134.51960171546628,135.34340155638282,13071600
2021-04-07,137.23904418945312,137.50479087520506,135.21939100403904,135.6180177908859,16903500
2021-04-08,137.40736389160156,137.7528305608755,134.91823051600736,136.4152572550075,12335500
2021-04-09,138.4348907470703,139.10810393713942,137.2744775763551,138.01855744692156,12122400
2021-04-12,138.142578125,139.2941380907228,137.80597827023522,137.8148315371055,12273400
2021-04-13,136.49497985839844,137.47823324637642,135.0245264103522,137.07961993048036,16113600
2021-04-14,133.94381713867188,136.26464334923372,133.69577701269915,134.17412369997368,19939600
2021-04-15,134.79420471191406,134.82077802890367,132.26964498283633,133.9792581192111,17694100
2021-04-16,135.79513549804688,136.86696165801334,135.25478902780827,136.30004187911004,13773400
2021-04-19,135.21939086914062,136.3089509279928,134.8384976492119,135.9014708747213,11900200
2021-04-20,132.22535705566406,134.4221702879584,131.67614361026162,134.4133170207436,13716700
2021-04-21,133.35031127929688,133.41232469030226,130.02851182666313,130.91432501403213,12236700
2021-04-22,130.5422821044922,133.13772171252722,130.44484211545804,133.07570830294355,15256100
2021-04-23,133.04026794433594,133.87293439776255,129.93992218073004,130.37396193711655,14041900
2021-04-26,133.36805725097656,135.05111074398204,133.20861733414867,133.56293727139234,10799100
2021-04-27,133.979248046875,134.26271476203746,132.96942152787338,133.31488813920456,12821200
2021-04-28,134.84738159179688,135.4320217295772,134.1121547851533,135.02454158361004,8943700
2021-04-29,137.46932983398438,137.54904976479634,135.70655699290205,136.0077301869258,12976900
2021-04-30,136.24696350097656,136.84932367074694,135.53831004331042,136.50385696864527,11705100
2021-05-03,135.84829711914062,137.72621655983326,135.64456389139863,137.16816349980652,11801100
2021-05-04,137.72622680664062,137.86796015667355,134.7676140859934,135.41425391041884,12977700
2021-05-05,139.53330993652344,140.2065231551377,136.9733101294216,138.1868699828571,10506700
2021-05-06,142.3413543701172,142.45651443491965,139.21443421618167,140.02052763691984,13542400
2021-05-07,142.82852172851562,143.05882828894605,139.09038903494468,139.26754896730932,14257800
2021-05-10,142.8108367919922,145.03422355015152,142.7222500458116,143.05886346157013,14014300
2021-05-11,140.43682861328125,143.84721507863,139.99392198227167,142.68680186801498,15451700
2021-05-12,139.47128295898438,142.42104248032396,139.09924304409964,141.38464267819435,14381700
2021-05-13,143.05886840820312,143.90038846025746,139.6750546304088,140.1179613437469,15395000
2021-05-14,145.28221130371094,145.67197125619887,143.49287845483252,143.84719831176548,10584000
2021-05-17,145.86688232421875,146.02633575533164,144.4141489748432,144.71532226907541,9886800
2021-05-18,143.81178283691406,146.6020890959109,143.71434284126835,145.87571576174525,11098100
2021-05-19,142.71339416503906,142.7753940730786,140.52543403554427,142.6159541526002,13278900
2021-05-20,142.46531677246094,143.3777031474976,141.30490382070175,142.46531677246094,10426000
2021-05-21,144.0863494873047,144.58240261728733,142.56275000725284,142.91706980968786,10249000
2021-05-24,144.86585998535156,145.47707315136546,143.6080070786196,144.70642012453115,9440300
2021-05-25,143.36886596679688,146.77923853754592,143.11197258009204,145.1404922943869,12609100
2021-05-26,143.35116577148438,145.04307239258807,142.89053907791708,144.89248575586066,13058300
2021-05-27,145.5834197998047,145.93773970967172,144.00667322295152,145.2290863734995,15707500
2021-05-28,145.48594665527344,146.10601311450804,144.6178400959099,145.87569306076728,10291300
2021-06-01,147.0893096923828,147.85110971518804,146.5843895942314,146.92985626059428,9445400
2021-06-02,147.09815979003906,148.3205865137981,146.6286798052641,148.16113308544578,10498600
2021-06-03,147.19558715820312,148.15226709685487,145.8580140072821,146.52237394942046,13354400
2021-06-04,147.43475341796875,147.63848667247194,146.1857535429855,147.23102016346556,8510800
2021-06-07,146.74383544921875,148.0194087719092,146.28320874570534,147.93082203477414,7267200
2021-06-08,146.1591796875,146.83239286135543,144.52928662462668,145.7074198162014,10370700
2021-06-09,144.3343963623047,145.46823610936582,143.7497564412287,145.39736943562,12377400
2021-06-10,142.08444213867188,146.3717886089139,142.00472218885713,145.59226861133575,12119400
2021-06-11,141.98699951171875,142.79309281098625,140.89745300176443,142.11101282572625,13683800
2021-06-14,139.57757568359375,142.02241495666388,138.77148252425874,141.86296157122715,19917900
2021-06-15,137.46051025390625,139.0018303610328,136.5304170421904,138.8069503411741,24485500
2021-06-16,138.42604064941406,139.62188042953358,135.6268675296592,137.06188067237764,25321200
2021-06-17,134.4309844970703,139.48012972883305,133.9792247044791,139.16123648805262,29722400
2021-06-18,131.02951049804688,132.6062571964345,130.7106171480112,132.25193725925675,43595700
2021-06-21,133.2528839111328,133.93496391462293,132.00389747111728,132.05704410476417,18664800
2021-06-22,133.05801391601562,133.73122711851084,131.68500067846534,133.4034805420436,14251200
2021-06-23,133.86410522460938,134.67905186088106,132.9517185820205,133.04915858833772,12733300
2021-06-24,135.09539794921875,135.63574466860058,133.95270460046171,134.572771282595,13733200
2021-06-25,136.4595184326172,136.8581316467477,134.35127881079288,135.16622528665232,15484900
2021-06-28,136.70755004882812,136.84041661960097,134.74989696867732,136.14948341870925,14125800
2021-06-29,136.5392303466797,138.4614431468271,136.06975048618648,137.30103015140293,14528700
2021-06-30,137.7793731689453,138.25771984527788,136.15834697814103,136.19377355736304,12531000
2021-07-01,139.14356994628906,139.1967165874495,137.67311646413137,138.41719647325704,10479400
2021-07-02,139.00991821289062,139.2682920155313,138.19917966496442,138.93864314989762,11424000
2021-07-06,136.67572021484375,138.78719131721536,135.73134940271686,138.78719131721536,15083400
2021-07-07,136.8360595703125,137.4507950181096,135.01859326729755,135.4284078362779,12271800
2021-07-08,134.4751434326172,135.89169956178634,133.67330920518603,135.0720567651414,17834600
2021-07-09,138.77822875976562,139.1167681802103,135.9361996372438,136.3549319678279,13694500
2021-07-12,140.76499938964844,141.79846720476752,137.14787563105716,137.51315515793425,19940400
2021-07-13,138.67132568359375,140.22152727624055,136.75585818903411,139.0277008973585,22671700
2021-07-14,138.19915771484375,140.12354332702083,136.26586781907992,138.93862108232827,14622800
2021-07-15,138.5020751953125,139.45535008984723,136.9340513025068,137.11223212823683,11539300
2021-07-16,135.33934020996094,139.23264704705653,134.5464238300087,138.9475603907228,14002700
2021-07-19,130.9381866455078,133.4773077452115,129.81563514154035,132.34583836311384,22172900
2021-07-20,133.37933349609375,134.63551748539462,130.3680264473625,130.5373030345036,15385200
2021-07-21,136.1857147216797,136.8895339017644,134.849337832586,135.4640733766617,12356700
2021-07-22,134.46624755859375,136.70246044468354,133.61097388923127,136.20354853850046,9913300
2021-07-23,134.20787048339844,136.16788712366568,133.86041304987074,134.95623824879223,9666100
2021-07-26,135.10769653320312,135.3838925064186,133.78914182384207,133.80696398857532,8208000
2021-07-27,134.92947387695312,135.85603583549712,133.45946520848875,133.99400763596472,11218700
2021-07-28,135.1522216796875,136.10551020962097,134.42167618442062,135.67785989625256,9217300
2021-07-29,136.3104248046875,137.08551894849032,135.33932765531873,136.43515275419978,9063500
2021-07-30,135.22349548339844,136.90732949305198,134.70676155526058,135.93623240477226,9805200
2021-08-02,134.68003845214844,137.602247667399,134.59095483122,135.4462282826304,10203200
2021-08-03,136.21241760253906,136.59551931350722,133.21002906140902,135.37495272185765,10394800
2021-08-04,134.74240112304688,136.64004662611495,134.4483966435686,134.7513054063066,10155000
2021-08-05,136.4440460205078,136.92514921143965,135.42840034382775,135.66895193929366,9151500
2021-08-06,140.319580078125,140.6046803534031,138.19028667658566,138.2615617454052,13328800
2021-08-09,140.1680908203125,141.2550115596133,138.89407137256688,140.33736736739925,9516900
2021-08-10,141.8875732421875,142.529035187815,139.25936827863669,139.64247002681896,8667000
2021-08-11,143.58030700683594,143.88321577741334,141.72719646643313,142.54683916028566,9156500
2021-08-12,144.14158630371094,144.65832026413224,143.03685692117227,144.2217792381911,8844200
2021-08-13,142.52902221679688,144.47123004050718,142.1637562597644,144.14158121873933,8980900
2021-08-16,141.5935821533203,141.6826793853504,139.67811401363426,141.60250003312072,8755800
2021-08-17,139.8830108642578,141.53121437314815,138.3328224598618,140.38193629422256,9347200
2021-08-18,138.60899353027344,140.77391726797674,138.39516836342884,139.25935972055967,8065500
2021-08-19,137.4508056640625,138.59117943159833,136.31933618112404,136.45298201605056,9517700
2021-08-20,137.8427734375,138.00313208171133,136.45294414370656,137.51313827262751,6974100
2021-08-23,139.6067657470703,139.95422301887953,138.3060338451473,138.38621315533672,7934600
2021-08-24,140.47100830078125,141.25502031723238,139.75827133985538,139.8740950043748,7670900
2021-08-25,143.366455078125,144.1326447392862,140.58679658383008,141.2193404516435,11335000
2021-08-26,144.10594177246094,145.95905226861288,143.57138570064427,144.56030491747717,11027500
2021-08-27,145.26412963867188,145.36213112670234,143.66937938747856,144.10593394221874,8780200
2021-08-30,142.93887329101562,145.656175666473,142.43996143079957,145.40671973636498,7937600
2021-08-31,142.50228881835938,143.76739036917758,141.96774633461513,142.93884340192741,12340800
2021-09-01,142.2974395751953,143.2239884147962,141.62925100228188,142.74289862380428,8729900
2021-09-02,142.95668029785156,143.98123035970812,142.03902243057053,142.5646742794388,8813300
2021-09-03,142.09249877929688,143.33977838413554,141.78957636584053,142.89431944036056,7959700
2021-09-07,141.84303283691406,143.7763228849883,141.62030338076275,142.53794765256004,9285600
2021-09-08,141.2104949951172,142.17268801189235,140.80066675684424,141.55795245164745,7852700
2021-09-09,141.82521057128906,143.28631525881042,140.83629124292034,141.0055678045651,7904300
2021-09-10,140.19480895996094,143.1882929574604,140.07008102649536,143.0457428636925,8311600
2021-09-13,142.422119140625,142.59139569663432,140.82738227033113,141.23719684288633,10052800
2021-09-14,139.93646240234375,143.74067153971725,139.21480758042009,142.94775525831307,11685600
2021-09-15,140.9075469970703,141.37973229153775,139.40189390574668,139.6246233312247,11691500
2021-09-16,140.84518432617188,143.30412602511805,140.07009023115245,142.02120228555066,10880900
2021-09-17,140.47991943359375,141.66484180010647,139.87410182358408,140.2126549552527,25581600
2021-09-20,136.27479553222656,137.7002558855751,134.0742274324531,137.10334257835498,15819900
2021-09-21,136.29258728027344,137.69133460830878,135.93622563449807,136.7825947389586,8999900
2021-09-22,138.90298461914062,140.09681109813366,138.1813434429482,138.2704270581164,11236200
2021-09-23,143.59811401367188,144.0703129200399,140.4709976575255,140.76500214141842,12336100
2021-09-24,145.25526428222656,145.74527189955336,143.27743883522265,143.82980364330206,10102400
2021-09-27,148.76544189453125,149.13962571772402,146.6539711799699,147.00142855824362,13220900
2021-09-28,147.96365356445312,150.83241042767798,147.58946965981454,149.40693628153468,13387900
2021-09-29,147.84780883789062,148.69417804417688,147.03707036273843,148.07945617040667,7777100
2021-09-30,145.83433532714844,148.77436675517,145.03250115896438,148.71199598454749,13161200
2021-10-01,148.89910888671875,149.94148116976393,145.75416987366089,146.1105315861398,11285000
2021-10-04,148.73870849609375,151.84801618813538,147.65178780577892,148.7565306566486,14120000
2021-10-05,151.16766357421875,152.494163582366,149.3840487611648,149.86805106327247,12292900
2021-10-06,151.4903106689453,151.562015212397,148.783522277678,150.56713689590015,8692600
2021-10-07,152.44935607910156,153.7220811725819,151.95639580579157,153.44423456660147,10195400
2021-10-08,152.56588745117188,153.5697239437656,151.74130552136324,152.38663288838677,8190100
2021-10-11,149.35716247558594,153.5248886904892,149.1958374910712,153.08571711514685,12154700
2021-10-12,148.2099151611328,149.40197767816952,147.68110948345142,148.55946629949358,13032600
2021-10-13,144.30210876464844,148.25473502615282,143.9435996792094,147.0537145460626,22753500
2021-10-14,146.51593017578125,146.9999187854076,143.45959045151446,144.97431656549836,15176800
2021-10-15,149.33026123046875,149.83217937107787,147.11643297180504,148.20094541409827,14267400
2021-10-18,149.27651977539062,151.12286778294433,148.70289696065308,149.2137731555967,12672900
2021-10-19,151.08702087402344,151.158711758454,149.30340582732762,150.03835364083648,8053900
2021-10-20,153.12158203125,153.14846953208942,150.09214296795207,150.84502034394944,8185600
2021-10-21,151.92054748535156,153.5607532674933,151.18558605976273,153.04986344586516,8415200
2021-10-22,153.9640655517578,154.24191212744404,152.09978833357172,152.39556446530858,8817900
2021-10-25,153.21121215820312,155.0217146662663,152.7989143623337,154.79764304761355,10159200
2021-10-26,153.6234588623047,154.60042127563528,152.85265213482202,153.2649498302749,8015100
2021-10-27,150.42373657226562,152.99607396582704,149.98455134662956,152.65549445989438,9847000
2021-10-28,152.6913604736328,152.82579797090264,150.54027845984027,150.84501257114914,7212900
2021-10-29,152.2700958251953,154.37637433398152,151.82195262555953,153.42629926270777,8140100
2021-11-01,152.189453125,154.45705691597723,151.4813791187876,154.19712616768516,7435500
2021-11-02,152.78994750976562,153.88341803911553,151.4007008198953,152.18943724794977,7173800
2021-11-03,152.84371948242188,153.38149679568025,151.60683986767475,152.48521039107976,8402700
2021-11-04,150.83604431152344,152.54795475484534,149.222739603389,152.36870019574664,9574200
2021-11-05,150.62091064453125,152.4493286206465,150.04728797788303,151.38274576947794,7975600
2021-11-08,151.52618408203125,153.19327741544467,151.23937953150897,151.5172261410369,6413700
2021-11-09,150.37893676757812,150.99737659509412,149.3213253403011,149.99354016564533,7990300
2021-11-10,150.23550415039062,151.4275665619767,149.76047350890246,150.08313712163437,6999200
2021-11-11,150.2265625,151.1855818264509,149.59019314502248,150.14590000713164,5815300
2021-11-12,149.55433654785156,150.34307288925447,148.53257068569053,150.26239672616083,8113400
2021-11-15,149.28546142578125,150.38788987456178,148.78354322718997,149.86805579476737,6492500
2021-11-16,148.2099151611328,149.7425708762499,147.99480150820128,149.73359925972483,9706100
2021-11-17,147.41221618652344,148.3891650198127,146.444225293232,148.07547300495767,9909600
2021-11-18,146.13949584960938,147.752814056222,145.70031060340116,147.34051630710363,8122500
2021-11-19,144.23037719726562,145.29695998960133,142.91283535687944,144.57097033800943,12193600
2021-11-22,147.30470275878906,148.7656405631689,146.08575248060393,147.1344061228573,14549900
2021-11-23,150.82711791992188,151.07807709040435,148.2189204592836,148.33544210138226,12354400
2021-11-24,149.6439666748047,151.866752869594,149.17789396942763,150.98839612488786,9629800
2021-11-26,145.13563537597656,145.78096261221904,142.34819808563626,145.3238615183155,13619300
2021-11-29,144.50823974609375,147.69005892178674,143.24448642707395,146.37251693544695,12104400
2021-11-30,142.357177734375,143.97049607100806,141.87317539526217,142.65295390244486,18922600
2021-12-01,141.5146484375,146.33667328091235,141.4339859499043,144.30209947756356,12253400
2021-12-02,144.49032592773438,146.31874403162348,142.3302725804054,143.2534464103645,12969900
2021-12-03,141.87318420410156,145.0460460758557,140.88727725889993,144.75026988942125,12681800
2021-12-06,143.5492401123047,145.74513916422782,142.9218423369332,144.31107538373945,11186500
2021-12-07,145.7093048095703,146.44425263770714,144.44553754544535,145.09086492813694,9851600
2021-12-08,144.0421905517578,146.33668150280062,143.55818824650183,145.7899462624158,11705700
2021-12-09,143.81809997558594,144.23934193762955,142.19581034928893,143.09209661351704,11189600
2021-12-10,143.2444610595703,144.92946974527578,142.62602141922844,144.58889030335996,10405400
2021-12-13,141.5415496826172,143.2176009101665,140.967926921364,142.9576838661397,12069000
2021-12-14,142.6260528564453,144.2035119267438,140.9858471763436,141.1202846598583,12563600
2021-12-15,141.55946350097656,143.2713736536525,141.0306578547292,143.2713736536525,14014200
2021-12-16,143.77328491210938,145.0370518444173,142.24062936157205,143.75535535722923,19542800
2021-12-17,140.50181579589844,142.85009487301176,139.08568199899182,142.79631989073863,28082000
2021-12-20,137.9743194580078,138.65549214353135,136.09211269956296,138.48519555308945,15148000
2021-12-21,139.90133666992188,140.87828553412785,139.00505029698178,139.29186850092006,11291300
2021-12-22,140.44808959960938,140.7707532815702,139.1395189889462,139.59662017328804,7273000
2021-12-23,140.94998168945312,142.6170747908714,140.9051783144706,141.26368737179422,8055200
2021-12-27,141.75665283203125,141.79249826859342,140.12540510544284,141.25473466269463,6188100
2021-12-28,142.18687438964844,143.54026193439492,141.684956192292,141.79250618422688,6342300
2021-12-29,142.11517333984375,143.0742063790569,141.74769262334644,142.3751040617547,6398900
2021-12-30,142.04348754882812,143.6209606177899,141.944895482018,142.60815244749034,6948200
2021-12-31,141.92697143554688,142.76946924972364,141.57742025082302,142.01659187897172,5805900
2022-01-03,144.92950439453125,145.7720157769295,142.96663504112357,143.2803407435041,13120900
2022-01-04,150.42373657226562,151.09595132051288,147.19710031018116,147.26880485781015,20195800
2022-01-05,147.6736602783203,151.80325876112818,147.62857459183112,151.31636911841662,17539400
2022-01-06,149.24258422851562,150.91064493017925,147.75483879607614,150.49588954287339,14047500
2022-01-07,150.72129821777344,151.0549075930727,148.82780911001464,149.37782156449907,13913300
2022-01-10,150.86557006835938,152.65986243028658,149.25159297216194,152.44347310483272,12922500
2022-01-11,151.01885986328125,151.9475674649795,149.95489516649994,151.71312733679164,11854100
2022-01-12,151.87542724609375,152.9123294773183,150.7393282273638,151.8934642763877,12568000
2022-01-13,151.68603515625,153.11065751480047,151.3794745084937,151.78521816090287,13623400
2022-01-14,142.3629150390625,145.19412327301816,141.47026782608924,144.95067153162142,40158400
2022-01-18,136.39393615722656,140.46041256008874,135.7357153001426,140.46041256008874,32324800
2022-01-19,134.28402709960938,137.25950363908484,133.94140614023675,136.66441933776596,22380000
2022-01-20,133.13894653320312,135.7988373379188,132.8684461317594,134.33815443163346,14860800
2022-01-21,130.8126678466797,133.00369225221422,130.08232637816818,132.99468061665783,20705400
2022-01-24,130.69546508789062,131.17334324183742,125.84454917975961,128.28803728643487,28471400
2022-01-25,132.1200408935547,132.4085782655211,126.94451528921533,129.52325957873367,18915900
2022-01-26,133.37338256835938,135.7627869034802,131.60613883252398,134.094712438551,20709100
2022-01-27,131.02005004882812,135.5914671882387,129.95609917114837,134.72586860719565,17536800
2022-01-28,132.1922149658203,132.32745830068887,128.18884715503197,130.01020202786032,14117000
2022-01-31,133.9865264892578,134.1578301341488,130.44299963461228,131.317609923402,13985700
2022-02-01,136.2857208251953,136.57425824240727,133.71600152448022,134.06764790281895,14584900
2022-02-02,135.19476318359375,136.09642225377036,133.5086651249957,135.69969006157655,12441100
2022-02-03,134.07667541503906,136.73656641317066,133.7069919647916,135.24883473438163,12474900
2022-02-04,137.5570526123047,138.40461401344166,134.13977210493826,134.43732113458552,16654400
2022-02-07,138.01693725585938,138.5128386544454,136.01525335617333,138.19726628791096,12572300
2022-02-08,140.6137237548828,142.89492001274687,139.5768213679355,139.75715042328832,20411400
2022-02-09,141.1997833251953,141.94814807359296,140.4964905133302,141.19075793131088,9131100
2022-02-10,140.6137237548828,143.3908352336358,139.95551651164388,141.25390772334399,16455600
2022-02-11,138.78335571289062,142.63344360848723,137.92678238932976,140.30716166904648,16830000
2022-02-14,137.49395751953125,138.5669199514389,135.53735954385735,137.7103468296604,17026500
2022-02-15,139.50466918945312,140.60469417240373,138.7202303317611,139.31531476265337,9500000
2022-02-16,139.7571258544922,140.74895612190988,138.62104062308677,138.62104062308677,9076500
2022-02-17,136.53819274902344,138.61201085107288,135.85293697750177,137.9538037443335,11367500
2022-02-18,137.1783905029297,138.9817083818998,136.26771992701023,137.16937886649532,11733300
2022-02-22,136.9349365234375,138.17021860615597,135.61852219767408,135.7898395947227,11333500
2022-02-23,134.06764221191406,138.2242896144109,133.41844680896554,138.0619838845634,11799000
2022-02-24,130.3347930908203,130.73152519700787,126.0338764061564,128.88312175221003,25655100
2022-02-25,133.41844177246094,135.3660279077858,130.65936829319418,130.96592895573045,18367700
2022-02-28,127.855224609375,130.79462743678326,127.02570013829454,129.43312755895911,31315300
2022-03-01,123.03135681152344,126.66504115637358,120.4436001152447,126.26830903048626,36840400
2022-03-02,125.5830307006836,126.26828640373373,123.17560346805735,123.7887248194884,19405600
2022-03-03,124.69038391113281,127.11584817771083,123.58134748824018,126.08795774127407,16640800
2022-03-04,121.18294525146484,122.10264114074515,119.37962753190006,121.66984874035185,21016000
2022-03-07,116.50334167480469,119.64111050233956,116.26890157737108,119.17224406569403,27560100
2022-03-08,115.68283081054688,118.82961132660652,114.75411643582969,116.89105034254813,19207800
2022-03-09,120.3173599243164,121.94034861646897,119.41570106847857,119.83045643755949,17536200
2022-03-10,118.89273834228516,120.32637263388989,117.50418974551918,118.89273834228516,15604200
2022-03-11,116.21480560302734,120.89441711411023,115.79102485389355,119.46078288187726,20061800
2022-03-14,117.36892700195312,119.84848875808423,116.52136550945103,116.72875694406528,15786900
2022-03-15,119.45176696777344,120.41654859268573,118.23453571027436,118.83864552101353,15096600
2022-03-16,124.78958892822266,124.87074868720958,121.21000191793254,121.60673404374151,20354900
2022-03-17,126.36746978759766,126.40354384262326,122.55345708277892,123.40101851900994,17050500
2022-03-18,126.32242584228516,126.99867006251533,124.84370569771082,126.40357184673906,23656500
2022-03-21,125.91661834716797,126.91745994636177,125.08709408377953,126.54779037554951,12676100
2022-03-22,128.59457397460938,129.77574480424462,127.7830865558708,128.2790016487539,13548600
2022-03-23,126.03388977050781,127.66589030546905,125.51092591673601,127.1158777832456,12093200
2022-03-24,126.85440063476562,126.87243766617604,125.42977783426672,126.5027541924935,10017600
2022-03-25,127.96346282958984,129.09954838709564,126.9536090006958,127.21508409631068,8383500
2022-03-28,127.01667022705078,127.10684160996571,124.33874250148959,126.23223147693211,10818100
2022-03-29,127.29618072509766,129.47820709310784,126.44863302368573,129.25279239674674,11316500
2022-03-30,126.71912384033203,128.14374641939918,126.15108814232102,127.94538037938845,8771000
2022-03-31,122.91415405273438,126.54783850238907,122.86004295909729,126.0789719984332,17353900
2022-04-01,122.00347137451172,123.89696068911778,120.64197130123995,123.88793529427682,15721300
2022-04-04,122.54447174072266,123.47317936268936,119.82145784732646,120.93049450844931,17416400
2022-04-05,121.11835479736328,122.98953765348999,120.8186001854299,121.78145463294454,12110300
2022-04-06,119.43794250488281,120.40986162764926,118.95652216048553,119.51968999124358,12914700
2022-04-07,119.07460021972656,119.82852606437862,116.93091163138006,118.94743283991808,12994200
2022-04-08,121.2546157836914,121.62702558423577,119.43793122613627,119.60142618341868,13126900
2022-04-11,120.80951690673828,122.5353616041821,120.41893639971144,120.80951690673828,10466400
2022-04-12,119.48335266113281,122.2447213064515,118.72034837500725,120.02836364276821,12989900
2022-04-13,115.6319808959961,117.40324566002532,114.46021846359908,115.30497710415962,30838000
2022-04-14,114.56013488769531,116.54032140511848,113.560952800384,114.90530247142894,18835200
2022-04-18,116.68565368652344,117.39415954578025,114.03328900070606,114.15137100054837,11834400
2022-04-19,119.10183715820312,119.28351670517229,116.47672848285896,116.67656489636225,15015400
2022-04-20,119.51969146728516,121.27278559962657,119.30168430742621,120.37353551814344,13430200
2022-04-21,118.5931625366211,120.63693260936213,118.04816550001186,120.10101400562539,12174200
2022-04-22,115.1868896484375,118.5568458204477,115.0778930031577,118.33883866968395,14318800
2022-04-25,115.15055084228516,115.46847619280373,111.82602161290978,114.46021568083782,17149000
2022-04-26,111.74425506591797,114.82354151810583,111.60800927918046,113.21577193359262,17209500
2022-04-27,110.29092407226562,112.2347761045314,110.10925837826214,111.11751891921612,17215200
2022-04-28,112.03491973876953,112.31651052347915,110.03656974006654,111.55349949827023,13015600
2022-04-29,108.41972351074219,112.28017778825911,108.00188693819952,111.7715083834421,14874800
2022-05-02,109.40983581542969,109.64600677231947,107.38423620894734,108.89208094116131,18545000
2022-05-03,111.75336456298828,112.78887434643147,109.7095941593342,110.39085096055223,15720900
2022-05-04,115.45030212402344,115.72280757940801,111.48992923835024,111.54443448748812,17128500
2022-05-05,112.56177520751953,114.54196168209465,110.96309776261796,113.76987211959876,15055400
2022-05-06,112.38011932373047,112.89787419834097,110.07292886824266,112.4527883766834,14417900
2022-05-09,110.69058227539062,112.02584643303204,109.45523631526666,110.91766782791193,14312300
2022-05-10,107.99281311035156,112.4346063049608,106.78471621477684,111.82601864061022,16382400
2022-05-11,107.31156158447266,111.62618762272967,107.12989589174472,108.36524200658015,14630300
2022-05-12,107.22071838378906,107.47505310108782,104.79544627656004,106.27604162660707,16318800
2022-05-13,108.17448425292969,109.22816467730523,107.14805991961376,108.46516045008319,10443200
2022-05-16,107.4205551147461,108.5105630294059,106.48496371747785,107.67488983282664,10269000
2022-05-17,110.98126220703125,111.69885345380604,109.73683076438104,109.94575254209087,11160200
2022-05-18,109.08283233642578,110.79052043432934,108.57416282476208,110.18193270714565,12664900
2022-05-19,107.46597290039062,108.68315515891753,106.84829987295196,107.35697626208484,12765800
2022-05-20,106.58488464355469,108.70132391518301,104.47753073556694,108.51057285934253,13150100
2022-05-23,113.179443359375,114.96887870694266,109.40982162268544,109.41890698564558,24376700
2022-05-24,114.77812957763672,115.80455384598669,111.8260172056401,112.96144504102342,19324900
2022-05-25,115.57747650146484,116.14065124271758,113.69720814950577,114.70546869346519,12780400
2022-05-26,117.57583618164062,118.25709294518363,116.45857897028732,116.60390321275453,15990900
2022-05-27,119.23809051513672,119.23809051513672,117.30331709586166,118.22983006765288,11177800
2022-05-31,120.11009979248047,120.94577305460936,117.82108715020716,118.24799528459808,17015000
2022-06-01,118.00273132324219,120.69141630935886,116.87638207434395,120.69141630935886,10768000
2022-06-02,119.90119171142578,119.91027014536667,116.87640998457209,117.99366720829858,8374800
2022-06-03,118.22985076904297,119.69228259559758,118.0754342234074,119.18361306639687,8596000
2022-06-06,117.83924102783203,120.25543483803257,117.59399858965477,119.07458709272977,11323500
2022-06-07,118.1480941772461,118.37517976101705,116.83098670321134,117.02174469206874,6722200
2022-06-08,116.26781463623047,117.5849082018658,115.26863949022072,117.17615693807602,8422100
2022-06-09,113.82438659667969,116.35866971384864,113.78805206821498,115.69557669704741,13560100
2022-06-10,108.59232330322266,112.0894397260275,108.38340152773641,111.35367776027306,12945200
2022-06-13,105.3586196899414,107.13896973681463,104.5138610877417,106.14887997267715,16805600
2022-06-14,103.60551452636719,106.56671219347837,102.84251036495894,104.95894946473875,13357900
2022-06-15,104.831787109375,106.23062813874016,102.7970953882768,105.02253815883388,14083500
2022-06-16,103.03326416015625,103.78718990892105,101.61625243388144,103.42385161420655,16724900
2022-06-17,102.66993713378906,104.12328354205479,101.87968370591143,103.13319368364644,30919900
2022-06-21,105.21328735351562,106.30329531123714,104.49569612481002,105.24962187611989,11680500
2022-06-22,104.62287902832031,105.54938523698573,103.90528769303216,104.35037353336439,9842700
2022-06-23,103.47834777832031,104.62286095730512,101.26199739390226,104.46844443754962,11851500
2022-06-24,106.56671905517578,107.02089020814364,102.48826404195286,102.85160235034752,14841100
2022-06-27,105.7128677368164,107.63855578665463,105.04069641748,107.23888298213505,11280500
2022-06-28,105.2042007446289,108.35614950968552,105.00436433772249,106.88463254709411,11590900
2022-06-29,104.73187255859375,106.11254983957924,104.21411771196144,105.36770941231696,9338400
2022-06-30,102.28842163085938,103.62368585114335,100.76240636912074,102.79709107473845,15172600
2022-07-01,103.59645080566406,103.93253304968344,100.97134189214441,102.32477009261973,10573600
2022-07-05,103.202392578125,103.28486316209828,100.16002085455565,101.50708933260327,12514200
2022-07-06,102.533447265625,103.54146081602097,101.52543371522903,102.38683054498362,10656200
2022-07-07,105.12679290771484,105.29174108243753,103.91717529021616,104.00881161141696,10347400
2022-07-08,104.79689025878906,105.97901760800858,104.10960740399186,105.52999476713383,8807800
2022-07-11,103.42232513427734,104.67776433971417,102.83584432084477,104.05462760151671,7939500
2022-07-12,103.52312469482422,105.54831729750768,102.8724977765198,103.16573817619788,11250900
2022-07-13,102.55176544189453,103.07410011344058,101.149702594837,102.40514174884179,12979900
2022-07-14,98.9687271118164,99.17949692169755,97.19095329496648,98.95956138319485,26204800
2022-07-15,103.50479888916016,104.35702993966817,98.66632853456102,100.03173555608011,18863900
2022-07-18,102.44181060791016,106.15313416657214,101.98362199636645,105.17261081752476,13977900
2022-07-19,104.98016357421875,105.32839136408279,103.24821132815673,103.6697439762107,11862300
2022-07-20,104.96183776855469,105.14511039879575,103.9904802437522,104.55862959234112,11667500
2022-07-21,105.67660522460938,105.86904357360412,103.88967270437081,104.8701959062406,11595900
2022-07-22,105.1634521484375,106.528852254145,104.16459733908393,105.60330930062356,7645500
2022-07-25,105.58496856689453,106.72127419163009,105.17259468491791,106.15311788356115,9394000
2022-07-26,103.93550109863281,105.9148792208385,103.57811454735733,104.99850201420325,10675100
2022-07-27,105.60330200195312,106.06149058213165,103.82553506501444,104.47616200989958,9337400
2022-07-28,105.20926666259766,106.2814333262325,104.03630493659365,105.6124748776878,10384800
2022-07-29,105.71327209472656,106.7579415211145,105.19093738153259,105.92403493104177,12944500
2022-08-01,104.6594467163086,105.48418765403203,103.61477719232683,104.92519696243079,14740400
2022-08-02,103.02828979492188,104.8335540136538,102.88166608574011,104.39368987751172,14942900
2022-08-03,104.10961151123047,104.55863436981966,102.36849347877467,103.96298780721595,14394500
2022-08-04,102.96414184570312,103.84386311099726,101.73619277297375,103.4131647121609,18033900
2022-08-05,106.07982635498047,106.47386882961652,102.68006779074992,103.11992493042546,14174600
2022-08-08,104.78772735595703,106.9412122941212,104.63194491593815,106.52884536668232,10332500
2022-08-09,105.73159790039062,106.2905885468458,104.80606197024294,105.15428278631208,10233800
2022-08-10,108.48988342285156,109.38793604972761,107.67430836983057,108.09584099341652,12847300
2022-08-11,110.09355926513672,111.06491688650189,109.33296449036045,109.8736306887038,11684900
2022-08-12,111.9171371459961,112.02710491926354,109.45208740335796,110.57922736588773,9906700
2022-08-15,112.21953582763672,112.45779582486121,110.51507390788124,111.00991836762337,8456200
2022-08-16,113.29170227050781,113.85069288013405,111.67888355259205,112.06376026995359,9555000
2022-08-17,112.33866882324219,112.86101049821654,111.51393500074147,112.07292560842028,8149300
2022-08-18,111.46810913085938,112.22870379665225,110.46926145448748,112.01793398886056,9531800
2022-08-19,108.70982360839844,110.87247433761473,108.23331054548441,110.53341925157693,13464500
2022-08-22,106.91372680664062,107.36275667080531,105.84156715495577,106.98703866096179,8967600
2022-08-23,105.85987854003906,107.48186990727402,105.73158630653376,106.9320450506224,7607000
2022-08-24,106.11648559570312,106.67547626302469,104.87937074714999,105.64913125272534,9771300
2022-08-25,108.63650512695312,108.81061201719247,106.00650040264026,106.44636447521818,10758900
2022-08-26,105.08096313476562,109.95608915495758,105.01681701573952,109.47041039784526,11276200
2022-08-29,104.82437896728516,105.25507733547249,103.97214795977054,104.46699244717283,8117300
2022-08-30,104.84271240234375,105.91487198290172,103.88051360456951,105.3833715614378,10745400
2022-08-31,104.2195816040039,105.41086776426728,103.86218806538142,104.90686450118002,10738300
2022-09-01,104.9343490600586,105.04430984320028,102.5517698761506,103.81636782209952,9979800
2022-09-02,104.20124053955078,107.62848897994999,103.72472751765136,106.18061845683108,10666600
2022-09-06,104.22872924804688,105.15427207532213,102.69838117116177,104.76939537180655,9751900
2022-09-07,106.20811462402344,106.40055298934676,103.33069089059337,103.66974596651418,10647900
2022-09-08,108.68231964111328,108.85643352252292,105.04430153660029,105.63994803332598,11435000
2022-09-09,109.20466613769531,110.01108252523977,108.74647755073704,109.17717594110229,9299700
2022-09-12,110.49676513671875,111.38565214483589,109.77282630527701,110.53342106391365,8614600
2022-09-13,106.65713500976562,108.97556806065546,106.09814439377209,108.19664888815058,12904600
2022-09-14,106.40971374511719,107.98587651953609,105.27340108193268,106.94120716152,9345700
2022-09-15,108.01338195800781,109.39710648181243,106.07982552679664,106.40972187467932,10821400
2022-09-16,107.2894515991211,107.5826920435406,105.7224473188102,107.57352631332022,14844100
2022-09-19,108.27913665771484,108.80147139821824,105.85073560430655,106.29975848860512,8201300
2022-09-20,106.14395904541016,107.8484209765906,105.05346808099839,107.59183651235308,9619000
2022-09-21,103.08325958251953,106.84957007986944,103.0191134642042,106.79458969028559,12606300
2022-09-22,101.91029357910156,104.1004342270476,101.78200134803042,103.89883015210658,11684500
2022-09-23,100.01339721679688,101.11304695213371,98.19897445435083,100.84730374269262,18138600
2022-09-26,97.85990905761719,100.44409213947988,97.19095071405668,98.96872448369776,15753600
2022-09-27,96.99851989746094,99.12451460510876,95.8988701143821,98.73963788017144,12793600
2022-09-28,98.95956420898438,99.6376883182945,96.80607935398723,97.09015402674522,12762600
2022-09-29,97.28258514404297,98.30892290393507,95.66975967526758,98.00651681765187,12713900
2022-09-30,95.76140594482422,98.62050498371808,95.66976963406658,97.19095196856998,15973400
2022-10-03,98.7213363647461,99.2986515863699,95.72477847338317,96.78777957004161,12248100
2022-10-04,103.33985900878906,103.54146312163817,100.67320485707613,101.36048779193251,16013600
2022-10-05,102.06394958496094,102.58170991564333,100.62161320437114,101.47222147733665,10943500
2022-10-06,99.98363494873047,101.87901832146568,99.79872259458983,101.20407482633946,11521400
2022-10-07,97.98655700683594,99.58606936396589,97.33010191021481,99.41039768566269,11681100
2022-10-10,97.07122039794922,99.21623617356313,96.6366686024403,98.67998752012531,8931700
2022-10-11,94.26976013183594,96.65516770281602,94.16805621613065,96.49799148907313,12739700
2022-10-12,95.79529571533203,96.83082311306174,93.64103248679916,94.12181583551246,13181000
2022-10-13,101.1208724975586,101.61089661421993,94.08484907156712,94.2882569057936,22398700
2022-10-14,102.8036117553711,106.54814047081088,102.36905988958463,103.51553219973346,33387100
2022-10-17,107.12137603759766,108.18463984951308,105.69752814961733,106.7053196587397,22276300
2022-10-18,109.8766098022461,111.07856143857562,108.13840944034285,110.63476890334529,21539700
2022-10-19,107.72235870361328,109.86737488021511,106.9457111453157,109.09072732191753,17072000
2022-10-20,107.3709945678711,109.75640203483904,106.92720209501213,108.32331365103737,12207400
2022-10-21,113.01092529296875,113.15885378191355,107.55592559275252,107.67611793089235,20593300
2022-10-24,113.14961242675781,113.81530829943095,112.17881182407224,112.86299611367284,12624200
2022-10-25,113.44546508789062,113.97247309186447,111.7719848927018,112.65957694918643,11289100
2022-10-26,114.74913024902344,115.75691472354174,113.61189864224399,113.72285030391559,11667000
2022-10-27,115.20215606689453,116.68147610043991,114.84157202915391,115.75690019772975,10727600
2022-10-28,116.57054138183594,116.75545375646097,114.69365326896778,115.84012551034374,11859500
2022-10-31,116.3856201171875,117.81871568676551,116.11749224044269,116.21919616106848,13295200
2022-11-01,118.48439025878906,118.60458963455451,116.80166953761245,117.30094134613964,13386900
2022-11-02,117.39340209960938,120.52771380820484,117.0882903623946,118.02211398813333,16546100
2022-11-03,117.6060562133789,118.51213668025758,116.41335946366476,116.78318419482487,12474400
2022-11-04,120.8235855102539,120.96228037569111,118.77103975930365,119.7233519154161,14953200
2022-11-07,121.46153259277344,122.31214073569802,120.6386605984729,121.11944402113767,12011200
2022-11-08,121.5354995727539,122.09949143764496,120.32430739763755,121.34134653364065,9884100
2022-11-09,119.9544906616211,121.51701219031175,119.47370721007265,121.4153223778536,9494000
2022-11-10,124.89170837402344,125.04888457666067,122.53403711864898,122.6265003474511,16351600
2022-11-11,125.09516143798828,125.89953820945959,123.68980167774353,124.99345749268281,10704700
2022-11-14,123.80998229980469,125.49270337548481,123.80998229980469,124.63285442037643,11085600
2022-11-15,122.91312408447266,125.47420331271755,121.67419574742465,124.52187714341568,14038300
2022-11-16,123.07955169677734,123.48636739103947,122.07176725011621,122.96860709212768,7893400
2022-11-17,122.54330444335938,122.86691170662182,121.3783436898544,122.04403957983182,8820200
2022-11-18,123.74524688720703,124.51264665043922,122.30291060273589,124.42019751635594,9468500
2022-11-21,123.01482391357422,124.41092841645519,122.73744832741083,123.6527835293775,7800500
2022-11-22,124.85472869873047,125.06739132257165,123.60655964478981,123.89317592885227,9185700
2022-11-23,126.18612670898438,126.20462217893234,124.68831812512823,124.76228589701013,7316200
2022-11-25,126.42652893066406,126.79635369221492,125.79780990653522,126.18613013853671,3220500
2022-11-28,124.216796875,126.39879689824559,124.06886132239435,125.80706879573377,9906900
2022-11-29,126.26009368896484,126.33406146038281,124.27226097327996,124.50340496849493,7925300
2022-11-30,127.75791931152344,127.75791931152344,123.14429358044966,125.82555863956917,14761200
2022-12-01,125.96424102783203,128.2017132852391,125.21532260702676,127.75790664152255,8858500
2022-12-02,124.96569061279297,125.14136230312384,123.2829555874232,124.34622641019595,8931900
2022-12-05,121.46153259277344,124.42018678648702,120.74961930087785,124.11507504371373,10154500
2022-12-06,121.66495513916016,124.91946668119974,120.07468325543118,123.32919479747076,13966700
2022-12-07,121.58173370361328,123.04256535284911,120.49998156817279,121.40606202122476,11739400
2022-12-08,122.85765838623047,122.95010751771568,121.51701195455388,122.34913878537827,8907300
2022-12-09,122.19194793701172,123.67126083487126,122.04401241485338,122.22892476359735,7957800
2022-12-12,124.08732604980469,124.49412755681566,121.6741826139552,122.41383197790773,8841600
2022-12-13,123.96715545654297,126.75012422038921,123.04257942906987,126.5652118364767,10025400
2022-12-14,123.3476791381836,125.4742066148157,122.74669631440213,123.68976772033464,9966100
2022-12-15,120.2873306274414,122.11798696522752,119.31652310767757,121.25812403929658,12087800
2022-12-16,119.5384292602539,120.10242120546073,118.74329330648547,119.40898917977583,21133700
2022-12-19,120.2503433227539,121.42455870528141,119.35350354109474,119.87126380516413,9017200
2022-12-20,120.83283996582031,122.09026389293138,120.37979264596574,121.09172011776286,8549900
2022-12-21,122.19194793701172,122.9500927992343,121.83136391919324,122.21042929635058,8051700
2022-12-22,120.80510711669922,121.39683520987333,118.72481105520909,121.21192282598966,8648200
2022-12-23,121.3783187866211,121.52625431135543,119.86201492786446,120.73111850079353,5091900
2022-12-27,121.80363464355469,122.24742712715732,120.70338706078451,121.6464584328602,5411000
2022-12-28,122.46934509277344,123.34768948499952,121.12869858536953,121.90535315959073,8827700
2022-12-29,123.17201232910156,123.21824394936257,122.33064480724447,122.9038773963336,6585200
2022-12-30,123.98565673828125,124.19830528435155,122.4508570748442,122.7929457065109,9292500
2023-01-03,124.9286880493164,126.42651056419665,123.79146367024171,125.03964674799053,11054800
2023-01-04,126.09365844726562,127.29559576126609,125.34475426894271,125.73307443148393,11687600
2023-01-05,126.06573486328125,126.40104139781135,124.52890732496844,126.35446828232561,8381300
2023-01-06,128.47808837890625,128.88790910932084,125.264741960332,126.79224654780008,10029100
2023-01-09,127.94715881347656,129.35359010240182,127.49077925052215,129.09279772010817,8482300
2023-01-10,129.09278869628906,129.20455279171128,127.89126782202855,128.33833841583532,9048700
2023-01-11,130.05213928222656,130.16390338125925,128.62709017108637,129.37220311412872,8703700
2023-01-12,129.92173767089844,131.19775845530057,129.6702542464576,130.39674928407086,11001700
2023-01-13,133.2003173828125,133.64740232919425,125.55348492681719,126.29861229199771,20200000
2023-01-17,131.14186096191406,131.83109174548093,129.6795479096466,131.4864763536975,14292900
2023-01-18,127.20206451416016,131.0767008536097,127.05303621322567,129.39085905913623,13392600
2023-01-19,125.50687408447266,126.57798457919604,124.42644044025828,126.03778196920697,13303400
2023-01-20,125.8142318725586,126.1961114632751,124.38918287512118,125.88874600334113,13092500
2023-01-23,127.8540267944336,128.49669881225242,125.5720863433712,125.85149660144987,10487100
2023-01-24,128.95306396484375,130.66684634610152,125.73971844695612,127.06231229849965,6945000
2023-01-25,129.57711791992188,129.57711791992188,127.83539432652056,128.58052150745957,8967000
2023-01-26,130.37811279296875,130.45262692406783,128.86924072153477,129.85652808739243,7487600
2023-01-27,130.69483947753906,131.57034879574513,130.1639314683365,130.96494084585726,7489900
2023-01-30,129.58642578125,130.48056692319057,129.38151547536418,129.67955778530532,6729300
2023-01-31,130.35948181152344,130.46193695496808,128.76677262017796,130.2849676879168,9188700
2023-02-01,130.01487731933594,131.21639825284845,128.64571023442275,128.72954752224172,8841800
2023-02-02,129.4094696044922,130.82520980342218,128.5339462474186,130.3967570625986,11822100
2023-02-03,131.41197204589844,132.56691974902398,128.65502028144255,128.7015791773441,11501200
2023-02-06,132.18504333496094,132.4830998637456,130.42468782166446,130.6109660460961,8406200
2023-02-07,133.79638671875,134.4390587508407,131.49581412868693,131.68210658770164,10447900
2023-02-08,132.85565185546875,134.1596135948615,132.52034537789388,132.86496079213688,6958000
2023-02-09,130.78794860839844,133.5076507550767,130.27567278012776,133.30274042376843,6443100
2023-02-10,131.36541748046875,131.58895990324197,129.0834769866205,130.19185173817743,6582900
2023-02-13,132.79046630859375,132.93948036196724,131.08599282884768,131.60757754594903,7134600
2023-02-14,133.3772430419922,133.94540087297335,131.88700301189505,132.72526214056734,9249400
2023-02-15,133.93609619140625,134.01991926451325,131.6075827465352,131.8963161397603,6728300
2023-02-16,132.0919189453125,133.55421801414147,131.96150854736152,133.10714740730361,8165300
2023-02-17,132.4831085205078,133.03263429272963,130.4619605185169,131.30952862688065,7948800
2023-02-21,130.05213928222656,131.64483454191577,129.2324979903379,131.03942672266425,9996300
2023-02-22,129.05555725097656,129.86587557251653,128.0123875301783,129.39086383439337,11107500
2023-02-23,130.0894012451172,130.55510398353837,128.47807374957344,129.21387782294622,8068000
2023-02-24,131.26295471191406,131.66346641967468,129.40014393303474,129.56780429343544,9126900
2023-02-27,132.40859985351562,133.47971041732444,131.9987791887863,132.3620267394111,10014700
2023-02-28,133.51698303222656,133.89884848293326,132.16643369843086,133.13510336939993,11019800
2023-03-01,132.7718505859375,133.61943296174687,132.07329649398636,132.35272097319069,7139200
2023-03-02,131.3933563232422,132.6600539245371,129.9682930975506,132.4830988505567,11106800
2023-03-03,133.8057098388672,133.88022398003244,131.40268208173438,131.80317960186355,9513100
2023-03-06,133.02334594726562,134.15964763008301,132.87431765006573,133.6008128337644,9261300
2023-03-07,129.11141967773438,132.54830808204795,128.35698353281077,132.26888360300828,11747600
2023-03-08,128.34765625,129.0834602012546,127.50007399583426,128.53393447202873,10002500
2023-03-09,121.39938354492188,127.92854487759995,120.35621398362,127.37900485816044,25888100
2023-03-10,124.4823226928711,125.98188591521387,119.05223475683478,120.11404342198563,37599700
2023-03-13,122.24695587158203,124.69655656378184,120.53317338684307,122.20970590979127,42901100
2023-03-14,125.38579559326172,126.23337795327473,122.28421377734838,126.00052659363065,29648100
2023-03-15,119.4620361328125,122.00478278071076,118.03699429700627,121.99545963215323,34280600
2023-03-16,121.78126525878906,122.89894898088174,117.37571425698644,119.2292091534464,24558500
2023-03-17,117.18012237548828,119.66697332732642,116.84481583073934,119.57384130563608,38396000
2023-03-20,118.41889190673828,120.58906837597486,117.36640627475937,118.2791796638236,22875500
2023-03-21,121.59498596191406,122.69403758575736,121.25967942695654,121.63223592707845,17807800
2023-03-22,118.45614624023438,121.69744035547473,118.36300711579763,121.60429412497828,17250200
2023-03-23,118.13946533203125,120.64494829753855,117.37571313780303,119.12675995339434,16677600
2023-03-24,116.34186553955078,117.05904465481096,114.66533278093465,117.01247153693714,22311100
2023-03-27,119.67628479003906,120.50523502636071,117.62718864935403,118.09289134868345,18853900
2023-03-28,120.03954315185547,120.46798171508755,118.97773436405896,119.88120592525928,10820500
2023-03-29,120.28170776367188,121.28762742637217,119.00567964861354,121.17586331233446,14595300
2023-03-30,119.91844940185547,121.19447029615635,118.89390484759521,121.03613307812857,12134700
2023-03-31,121.3714370727539,121.3993780981695,120.01159312879946,120.76602923925783,13105200
2023-04-03,121.23173522949219,122.42393305324629,120.5331811509432,120.99888386997586,11775400
2023-04-04,119.61109924316406,121.63224758488681,118.67038475231604,121.54842449614331,11579900
2023-04-05,119.78943634033203,120.29633619977899,118.70991252623699,119.02907938933363,9614700
2023-04-06,119.65802001953125,120.23063682777145,119.08540321129104,119.21682275792045,8760200
2023-04-10,120.05229187011719,120.37145161510128,118.4846391329399,118.78502772426626,9477300
2023-04-11,120.64368438720703,121.03794306175566,119.72374031809814,120.43716589239715,10516300
2023-04-12,120.62489318847656,122.43660649875403,120.21185624297229,121.2632125961424,11821000
2023-04-13,121.08487701416016,121.13180131454057,119.05724877446286,120.58735911140903,12450200
2023-04-14,130.2279510498047,130.59404939182681,126.63267024294281,126.86734903458922,43931300
2023-04-17,131.2605438232422,131.47644430152636,129.223533624992,131.3731850599719,16050500
2023-04-18,132.7342987060547,133.0910149988568,130.50954868204158,131.6735604686848,13760100
2023-04-19,132.5653533935547,132.82819248721285,131.7956001023727,132.57473538845093,9158100
2023-04-20,132.1804656982422,132.76246445359604,131.26991094145336,131.3356278712024,10586200
2023-04-21,131.92703247070312,132.46210702857394,130.27489881805042,131.17607174364318,11842500
2023-04-24,132.10537719726562,132.45271153798373,131.45766146105908,131.85193442335057,7567500
2023-04-25,129.23292541503906,131.382591336604,129.195383107836,131.04465327714504,10629300
2023-04-26,126.94243621826172,129.36432284274647,125.78782068084463,129.18596468581714,14416100
2023-04-27,128.65089416503906,129.45818964143845,127.34608088240384,127.66524054609205,9041100
2023-04-28,129.76797485351562,129.84307377704,127.35547027763103,128.19092610681395,9887300
2023-05-01,132.54656982421875,134.58357988112385,132.19924981929773,133.54160554270499,20415800
2023-05-02,130.4062957763672,133.68241652644966,129.94632023565427,132.73430513882255,14113400
2023-05-03,127.6464614868164,130.17160712459395,127.4399430412518,129.95570668555973,12930900
2023-05-04,125.90045928955078,127.40240911532203,123.73202979228915,126.68899082609099,17089200
2023-05-05,128.35992431640625,129.43005909406895,127.58078896510642,128.07830688572503,11261400
2023-05-08,128.669677734375,129.51451554305504,128.11582497339316,129.063936333336,7484900
2023-05-09,128.05014038085938,128.55704027263934,126.92368503628191,127.59954678410291,7343600
2023-05-10,128.1158447265625,129.59901644103994,126.60451270236425,129.49575719751124,8133400
2023-05-11,127.71219635009766,128.42561469265442,126.6326653559909,126.72654259848927,7057300
2023-05-12,125.8817138671875,128.594600218313,124.9711589786134,128.43502035338292,9988600
2023-05-15,126.94243621826172,127.35547314511801,125.7502783800647,126.04127776298925,7639500
2023-05-16,126.08824157714844,127.60895572658036,125.75030350797932,127.15837640890761,6477200
2023-05-17,129.96510314941406,130.09652269089167,127.15835415850178,127.571376771963,12711500
2023-05-18,130.9507598876953,131.16666035573948,129.31739041430035,129.79614429500816,10999600
2023-05-19,130.65037536621094,131.88010431672404,129.66473585981385,131.2229922142496,13492200
2023-05-22,129.57083129882812,132.95959304778995,129.22351132973105,132.3588160161239,11402500
2023-05-23,128.21908569335938,130.50955271521028,128.09706247651502,129.11086212926887,9514900
2023-05-24,127.04571533203125,127.99382687805057,126.8016545296288,127.10203595384277,8578000
2023-05-25,127.35548400878906,127.91871883412094,126.33228792230425,126.55758471716831,8472500
2023-05-26,128.54763793945312,129.16719329422867,127.31792354730003,127.76850274911199,8579900
2023-05-30,129.03578186035156,129.27984262588612,127.68402984644071,128.41622646669984,7399900
2023-05-31,127.3930435180664,128.45378193252756,126.16331459906385,128.35052268966956,14219900
2023-06-01,129.1484375,129.75859664375824,127.14896956264377,128.15340169083998,12248100
2023-06-02,131.86131286621094,132.80940997236672,130.80056020658242,131.00707867701726,12922500
2023-06-05,130.5658721923828,131.52336554906023,129.66471377028452,131.52336554906023,8511900
2023-06-06,130.800537109375,131.5139696353172,129.7397989607111,130.18098180747361,9329500
2023-06-07,132.0678253173828,132.61228177610948,130.3218147165198,130.9976907119284,9281400
2023-06-08,132.10537719726562,132.25557505683798,130.9319832762121,132.04905658084004,7368100
2023-06-09,132.36819458007812,133.10978743780333,131.61723405269336,131.7486535773511,7249100
2023-06-12,132.35885620117188,132.65925197003423,131.1948440823182,132.4245731469825,7596600
2023-06-13,133.3163299560547,134.11422924141024,131.55154088595165,131.87070060009387,7701600
2023-06-14,132.81883239746094,134.80890424155854,132.07723929231676,134.2362873380095,9068700
2023-06-15,134.32073974609375,134.61173913427928,131.4482738420415,131.97395200439672,9343100
2023-06-16,134.48031616210938,135.14681016615265,133.76689786335405,134.28319401808403,13813500
2023-06-20,133.7950439453125,134.23624112848023,132.39635347913676,133.87014286198507,8428600
2023-06-21,133.59796142578125,135.19377448808535,133.00656623395628,134.14240366665675,9926500
2023-06-22,131.02586364746094,133.86078743903076,130.43446851356103,133.5885520215995,10075200
2023-06-23,130.34059143066406,130.65035479474497,129.18596159719687,130.04957773104178,9919500
2023-06-26,130.65975952148438,131.42949846967983,129.25168684496631,130.35936380847232,8429700
2023-06-27,130.66912841796875,131.26990546011544,130.04957306472713,130.48138827798314,8154000
2023-06-28,130.09652709960938,130.67854022329556,129.50514630474729,130.63160160182238,7558600
2023-06-29,134.6399383544922,134.76197593590115,131.27934994193248,131.4858684687816,15423200
2023-06-30,136.52674865722656,137.05242690700237,134.85583665315713,135.73823128256282,14212800
2023-07-03,137.62503051757812,138.44170812520798,137.05241369562958,137.23077186825142,8021600
2023-07-05,136.70822143554688,137.45489301705248,136.44357724802387,136.99177289990052,8934900
2023-07-06,135.3566436767578,135.52676589823656,133.683703055419,135.17706060606832,9709500
2023-07-07,136.42465209960938,137.84239481362727,135.15813873637265,136.01823944416276,8981500
2023-07-10,137.19021606445312,137.98416285943074,136.5758667234338,136.5758667234338,9100100
2023-07-11,139.33575439453125,139.71382777743057,137.71953575146452,138.31497789374046,11260900
2023-07-12,140.02574157714844,141.65142133661465,138.9388110688898,139.36413107551158,11323200
2023-07-13,140.7062530517578,141.17883402061253,139.64767629657175,140.5455772529904,11234900
2023-07-14,141.55691528320312,144.50581607701133,140.2714943998972,143.23930247167343,27028400
2023-07-17,144.9689178466797,145.3186230888213,142.10507881859363,142.10507881859363,17262400
2023-07-18,145.2335968017578,145.93300745368506,144.4396641807459,144.96895259475386,13491700
2023-07-19,145.79122924804688,146.69859105615757,143.8725516635689,144.37348633801724,12510000
2023-07-20,147.58702087402344,148.0028944061575,145.94244844316228,146.0558632530077,9935900
2023-07-21,146.4528350830078,147.57758006353117,146.2070981783156,147.25622847538915,10636400
2023-07-24,149.3355712890625,150.08224279981673,146.244888022318,146.4717320567115,14381400
2023-07-25,148.22030639648438,149.07094639687722,147.4074665290309,148.67398010189208,9944700
2023-07-26,149.10873413085938,149.57186864751083,147.7098985759883,148.1163256869326,8728600
2023-07-27,147.4641876220703,150.07282969774406,147.01996030317258,149.1182212156598,10778400
2023-07-28,148.3053436279297,148.9575075868142,147.86111642179168,148.6550488839012,9103800
2023-07-31,149.29776000976562,150.63988799679169,148.53216685913026,148.56052055855852,8892700
2023-08-01,148.56056213378906,149.3356019271236,147.58704638891248,148.79685264316743,6853900
2023-08-02,146.87814331054688,147.15224831888227,145.49821510852917,147.02937266535088,8299400
2023-08-03,147.7760467529297,148.3147814559777,145.88572323538418,146.5000726097769,6084000
2023-08-04,147.4641876220703,149.1465749235019,147.16172884238316,147.82333939541329,6209400
2023-08-07,148.16355895996094,149.05201336178683,148.0123440323078,148.0123440323078,7251800
2023-08-08,147.33184814453125,147.42635568552197,144.2222572787942,145.85739782243022,8623400
2023-08-09,145.35643005371094,146.99157038731175,145.05398577055246,146.8025409075846,6277800
2023-08-10,145.1390838623047,146.91599315304592,144.6948565396194,145.91412367533982,5995100
2023-08-11,145.98023986816406,146.04640811797896,144.26005285929924,144.6381118175921,5180700
2023-08-14,146.28273010253906,146.4244986369498,144.53417459399097,145.18633869633624,5044300
2023-08-15,142.55877685546875,144.86497429197647,141.99167392379331,144.4680080086143,10300300
2023-08-16,141.953857421875,142.68163606845835,141.47181565893183,142.34137723309698,6978200
2023-08-17,140.47940063476562,142.965166320838,140.2620030404894,142.6060146497314,9953900
2023-08-18,140.80076599121094,141.30170063233274,139.35466947294978,139.55314539081465,8517500
2023-08-21,141.2827911376953,141.86880129929557,139.90286289507884,141.44346692364243,8327000
2023-08-22,138.35279846191406,141.43402095095755,137.85186382705172,141.07485482708435,9673300
2023-08-23,139.2884979248047,139.4964346866197,137.4832497429022,138.32444321678096,7858000
2023-08-24,139.15618896484375,141.21664950203836,138.92935932840058,139.41138672786903,6534000
2023-08-25,138.9860382080078,140.46993465590708,137.851846992526,139.20342137231944,6695500
2023-08-28,139.4680938720703,140.46051679570425,139.06168115953045,139.47755472158863,5094100
2023-08-29,140.60226440429688,140.6873399271736,139.10890702722992,139.60985605030564,6337000
2023-08-30,140.03521728515625,140.97091851459905,139.1184089134596,140.46998376577866,6277300
2023-08-31,138.3055419921875,140.214773060549,137.95583670566558,140.129697529157,10933900
2023-09-01,138.7686767578125,139.95957555711323,137.71008562529693,138.07869818855855,7903500
2023-09-05,137.23748779296875,140.08243398545335,137.0579047469552,139.09001123044766,7854700
2023-09-06,137.0106658935547,137.5588470662576,136.20727256530975,136.76491458645503,8629200
2023-09-07,135.83865356445312,137.30365722283915,135.52674844322067,136.22617335950173,8373700
2023-09-08,135.942626953125,136.2167175365484,134.82732850072392,135.50784616814917,7107900
2023-09-11,136.53807067871094,137.09571264146294,135.8102921040884,136.8121612363611,6854200
2023-09-12,138.31500244140625,139.24127157738192,136.1505878255214,136.57590783749566,8363200
2023-09-13,138.3811492919922,139.60040172726968,137.82350726430812,139.2601428859323,8325900
2023-09-14,141.06539916992188,141.67974857337634,139.43027328806218,139.73271756572413,10034900
2023-09-15,140.6495361328125,141.5190833260664,140.17695519591197,140.75350451581164,19863400
2023-09-18,140.94253540039062,140.96144267622086,139.64766823552236,140.03518806890037,6512400
2023-09-19,140.762939453125,141.50962534881546,139.13727443114246,141.3016885997896,7943400
2023-09-20,140.16754150390625,142.01060470384317,140.01631210749372,141.44350167831072,7332000
2023-09-21,139.07110595703125,140.6873389723767,138.58907863344902,139.48697945440784,8052400
2023-09-22,137.7384490966797,139.42083624031702,137.22806798136276,139.212899454292,7071700
2023-09-25,138.41896057128906,138.4851288283916,135.81976528618725,137.37929111046418,7044700
2023-09-26,136.98231506347656,137.842415902858,136.32070458011657,136.67042431005655,7468400
2023-09-27,137.7856903076172,138.07868816714648,136.58533074636094,137.22804828967273,6717800
2023-09-28,139.4964599609375,140.70626620049762,138.00310222916187,138.25830001435864,8868100
2023-09-29,137.06736755371094,140.60226343703505,136.91613820521994,140.4510485105685,11917800
2023-10-02,135.8859100341797,137.63445063388755,134.80842620655724,136.88777919049235,9170600
2023-10-03,134.88406372070312,135.7157964019181,134.5438048531977,135.34718383062278,9431100
2023-10-04,135.4889678955078,135.6023827116083,134.14682526886182,135.33773852602286,8128700
2023-10-05,136.06024169921875,136.2506805403231,134.08932754409395,135.24140407917886,8576200
2023-10-06,138.1549530029297,138.89761799371698,135.33662377315048,136.06977263324086,10270600
2023-10-09,137.84072875976562,138.44056454289546,136.6315120071394,136.7838572495135,6964900
2023-10-10,138.67860412597656,139.74500633713924,138.3263184511728,138.4596169115128,11288800
2023-10-11,139.1546630859375,140.18297165390814,138.07875934328692,139.49743260859438,8698200
2023-10-12,138.8309783935547,139.9259437516331,138.1835327446977,139.29753036648677,10484400
2023-10-13,140.91612243652344,145.7815377855708,140.76377719571198,141.3921904177279,29427000
2023-10-16,140.77334594726562,142.36341169135252,139.69742736949507,142.29675518229436,12663500
2023-10-17,140.46864318847656,142.16344435077457,139.7640572165599,140.5067367699015,11482700
2023-10-18,138.92617797851562,140.4210240591986,138.41201636287022,139.5736235348768,9620300
2023-10-19,138.3358612060547,139.98306728182564,137.94549640821128,138.51676940742973,11143600
2023-10-20,136.10784912109375,138.19302945151148,135.31757443481777,137.6503194431313,13332900
2023-10-23,134.25115966796875,136.80287686389283,133.99407891127947,136.09830560780904,10133400
2023-10-24,134.4130401611328,134.94623400762785,133.64181230970658,134.43208694949126,8881400
2023-10-25,133.6798858642578,134.42255076684708,132.83248542266534,133.8417617659881,8242600
2023-10-26,134.0226593017578,134.88910655616087,132.75631666727085,133.07052329343162,9109400
2023-10-27,129.19532775878906,132.44211479437138,128.7192597897632,132.29928568659878,17434700
2023-10-30,130.84254455566406,131.432864304069,129.52859205404604,129.9094552211172,9855500
2023-10-31,132.40403747558594,132.57542952026586,130.89014463505566,131.11866251848113,9672500
2023-11-01,132.289794921875,133.80368786681566,131.84228978291355,132.5849547947125,9432000
2023-11-02,134.6510772705078,134.70820310845752,132.56589701468494,133.38473459166462,10186200
2023-11-03,136.1554718017578,136.88862071788571,135.06052102172305,135.38424383148785,9538700
2023-11-06,137.1837615966797,137.2884971416143,135.95549797622422,136.31731431844256,7625100
2023-11-07,137.1171112060547,137.35514522528302,135.98408147842036,136.64104316759799,6297900
2023-11-08,137.79312133789062,137.9073730073427,136.7457659397726,137.21231780410557,7618200
2023-11-09,137.3837127685547,138.6786184578708,136.821955951098,138.478678010919,7992500
2023-11-10,139.4212646484375,139.46887435315006,137.1837538113683,138.00259133572115,7983300
2023-11-13,138.80239868164062,139.2499038082915,138.21207895220493,138.72622605067411,6676300
2023-11-14,141.3350830078125,142.10631091334398,139.50698346510433,139.65931419733056,9927700
2023-11-15,142.57284545898438,142.9727408231984,141.3541125789678,141.3541125789678,8365300
2023-11-16,144.20098876953125,144.27716139002592,142.90608327800533,142.90608327800533,8126200
2023-11-17,145.50546264648438,145.54354170238418,144.2867149310066,144.9151283166954,7812400
2023-11-20,145.9529266357422,146.3909156050266,144.64850491489995,144.80085016755913,7019000
2023-11-21,145.64825439453125,146.27666768153603,145.26740578155804,145.86724162056868,7083500
2023-11-22,145.9910125732422,146.5146902715766,145.58158654420177,146.06718519558558,5174500
2023-11-24,146.19097900390625,147.04791026139762,145.94342883357928,146.23858871739657,3496900
2023-11-27,145.85772705078125,146.18144982811643,145.4007058046349,146.0862304096327,6259100
2023-11-28,146.19097900390625,146.50518567880863,145.4102349107552,145.88630298876882,6582700
2023-11-29,146.93362426757812,148.18092001621986,146.6289337951312,146.79079516045311,9126100
2023-11-30,148.609375,148.65698470132398,146.99074685407237,147.49537772553614,9869800
2023-12-01,149.33302307128906,150.3042059653773,148.3618547056448,148.3618547056448,8916000
2023-12-04,150.42799377441406,150.4851196181815,148.41898594074,148.5522844190122,9607500
2023-12-05,150.40890502929688,150.91353587974254,149.45676915623855,149.73288216691168,9135600
2023-12-06,148.828369140625,151.59908826281446,148.53320931845312,151.23727194998867,9366000
2023-12-07,149.28538513183594,149.7804998802808,148.676018721612,149.19018025650044,8130900
2023-12-08,150.93260192871094,151.1801520570624,149.46630436113077,149.73290127733767,7369400
2023-12-11,151.48484802246094,151.67527232256882,150.5803071721735,150.93260738223807,8093900
2023-12-12,152.83688354492188,152.96065135267247,151.27538099659157,151.60861989861942,10223000
2023-12-13,153.35104370117188,154.27461691513594,152.12279447855528,152.8368965803763,12379100
2023-12-14,156.1407928466797,156.95009975540808,153.96992385976625,154.08417553430607,13643000
2023-12-15,157.32142639160156,157.36903609704177,154.6173636525295,155.27433981365414,20309300
2023-12-18,158.2735595703125,159.13049066766075,157.70228670052236,157.97839974165464,8469600
2023-12-19,160.3873291015625,160.40637589223485,157.62614012029542,158.05459847553416,10345700
2023-12-20,158.57827758789062,161.30138753913405,158.48305816217345,159.94935595892852,10734700
2023-12-21,159.48281860351562,160.04457549266516,157.74992369040845,158.85440520457922,7601700
2023-12-22,159.38758850097656,160.17786326278454,159.22572709604407,159.48280792902858,6576300
2023-12-26,160.33018493652344,160.69200127572972,159.1780939518335,159.44470540544634,4683600
2023-12-27,161.29183959960938,161.35849609615912,159.5589595590751,159.80650969959626,6428600
2023-12-28,162.14877319335938,162.49154275455325,160.91099341524577,161.24424684612208,6320100
2023-12-29,161.95835876464844,162.5201155849496,161.51085362889827,161.8631393418932,6435100
2024-01-02,163.84356689453125,163.92925564889285,160.82529747610658,160.9966749848298,9977400
2024-01-03,163.12948608398438,163.80549460527723,162.215429000014,163.6341170742828,9852300
2024-01-04,164.21202087402344,166.0705572172805,163.3785446534517,163.47435122253862,11972500
2024-01-05,165.03590393066406,166.09929250412242,164.2694952494097,164.2694952494097,10066000
2024-01-08,164.79638671875,165.12210562696043,162.37262990631208,164.79638671875,11229900
2024-01-09,163.4935302734375,164.5760685884473,162.95704852121472,164.41320910066761,9923600
2024-01-10,163.83840942382812,163.89588752185023,161.8553273338794,162.8612379033593,9670200
2024-01-11,163.1486053466797,163.2060834314323,161.55831011772884,163.17734438905597,11919500
2024-01-12,161.95111083984375,168.9062374523719,161.80740099722848,166.50164478011072,19436500
2024-01-16,160.93563842773438,161.03143037908146,157.40058944095534,157.94664595592107,17206400
2024-01-17,160.07342529296875,161.97029014212657,159.49862972312755,160.31292710157683,11107500
2024-01-18,160.3895721435547,160.4949535258434,158.30112335387184,160.1021670447645,9382300
2024-01-19,163.15821838378906,163.40730963345084,160.06385894601613,160.51412353944812,13115700
2024-01-22,162.96664428710938,164.75811350107622,162.58344716282804,163.3019527343805,12837500
2024-01-23,161.89366149902344,162.62174179626794,161.36675455192406,162.5450994568688,8360800
2024-01-24,163.34022521972656,163.82880362211606,161.76909401934304,162.24809761236278,9967100
2024-01-25,165.67779541015625,165.72569870183003,163.73304163606534,165.0742460947376,8873500
2024-01-26,165.0454864501953,165.79273092936745,164.56648282928853,165.36163059415745,7443000
2024-01-29,165.47657775878906,165.58195913436128,164.10663449437962,165.00716359144607,6971200
2024-01-30,168.867919921875,169.3373340573228,165.5723730748429,165.5723730748429,10822100
2024-01-31,167.03814697265625,170.8126979280155,167.01898273434634,168.80087682836762,11521800
2024-02-01,166.43460083007812,167.4979894966774,164.23118116023815,166.34838368311816,9354800
2024-02-02,167.39260864257812,168.43684769185612,165.98433676563624,166.02266524309417,8607600
2024-02-05,167.17225646972656,167.73747720963516,165.65860333893167,166.55913244619202,7820200
2024-02-06,167.74708557128906,168.48474067387662,166.46334466815134,167.27765672761672,6764800
2024-02-07,168.06321716308594,168.48474272285162,166.6549598510057,168.3123084218738,7225500
2024-02-08,167.45965576171875,167.9482341545339,166.28131103902965,167.6512542715661,6060300
2024-02-09,167.6608428955078,167.74707465736927,166.37711669392303,167.65126808553677,6296700
2024-02-12,168.4080810546875,169.38525250217216,166.40584949363054,167.44049903484432,8539300
2024-02-13,166.9423370361328,168.82961247579382,165.37120574107814,167.9578369936701,8397600
2024-02-14,168.63800048828125,168.70506800664546,167.09560836422625,167.7183217937811,7056700
2024-02-15,172.31675720214844,172.64249077273533,168.7529691077419,168.7529691077419,8723400
2024-02-16,171.5120086669922,172.42211248161263,170.6785471739647,172.0676545350199,8152600
2024-02-20,172.18263244628906,172.8819882373571,170.91807052542617,171.66531498276106,9668000
2024-02-21,173.3035430908203,173.3897748716394,171.0234952838609,172.39343893045177,7024000
2024-02-22,175.38238525390625,175.71767900334314,173.62923032241065,174.1848762529964,9296500
2024-02-23,176.26376342773438,177.42294404200635,175.49735468570222,176.09131451721248,7105800
2024-02-26,175.66021728515625,176.71403115140492,174.81716619215732,176.03383954354783,7145400
2024-02-27,175.74642944335938,175.83264658868708,174.587248841427,175.6123090112838,5717100
2024-02-28,176.6373748779297,177.4229331924025,175.27700638757528,175.72725632977884,6131600
2024-02-29,178.24685668945312,178.60131475402636,176.1296684956063,177.86365957197035,9643000
2024-03-01,177.5091552734375,178.61087237153285,177.32714617677203,177.9019417506201,6311800
2024-03-04,178.84078979492188,179.71257991723328,176.53200338846983,176.95352892532506,7063600
2024-03-05,180.63226318359375,181.35076859433357,178.5342250453487,178.5342250453487,6617800
2024-03-06,181.5711212158203,182.08845334054516,179.75091320489955,181.3028803430116,7572900
2024-03-07,179.98081970214844,182.5003834799299,178.79290005235944,181.9351627034638,7618300
2024-03-08,180.3161163330078,182.46205772325536,180.02871124943442,180.5268790864263,6172200
2024-03-11,180.3831787109375,180.526888569288,178.40011130436957,179.41559665071196,5762600
2024-03-12,181.8680877685547,182.17465709667462,180.0191408441831,181.0154619245126,5708400
2024-03-13,183.3434295654297,183.67872332732483,181.86809023539396,182.36625809133085,7795500
2024-03-14,180.07662963867188,183.58293979272673,179.24316798262137,183.0081295773623,10310900
2024-03-15,182.3087921142578,182.92191620153875,178.6491972115897,178.6491972115897,17214200
2024-03-18,184.56967163085938,184.60798548712773,181.91598757985702,182.62491817407556,9013800
2024-03-19,185.65220642089844,185.78632684241802,184.301427396319,184.6175715223358,8478700
2024-03-20,188.08555603027344,188.30589359404527,185.47977526713157,186.0354211993634,9367000
2024-03-21,190.700927734375,191.05538575190852,188.08557194045494,188.26759566341468,11203800
2024-03-22,188.36338806152344,192.06129677346303,188.28674572441219,190.65302489235967,8108800
2024-03-25,186.63897705078125,188.6699477167768,186.19828728954033,188.34422876431154,8620000
2024-03-26,187.51075744628906,188.40171180202861,185.9108870716493,186.41862975146782,5961500
2024-03-27,191.14158630371094,191.21822862812726,188.13344450600687,188.24840068361698,8725800
2024-03-28,191.8888397216797,192.29120098027298,190.20273774125516,191.11285625024766,8628300
2024-04-01,190.58596801757812,192.5019825513943,190.231510006592,191.59187857143777,7309000
2024-04-02,190.5093231201172,191.39068803965642,189.7620786314202,190.059058541283,7014700
2024-04-03,189.9728240966797,191.17990786433577,189.39801394939818,190.6817400445604,9353400
2024-04-04,188.52745056152344,192.41073918574324,188.43109983510448,191.90003475549202,9243800
2024-04-05,190.2619171142578,190.90752429611052,188.0071073083903,189.01888546332046,6532300
2024-04-08,191.25440979003906,191.7362074873057,190.4257171626085,190.4257171626085,8001000
2024-04-09,189.97280883789062,191.63983930488484,187.8143647609555,190.85932945897187,7351500
2024-04-10,188.35401916503906,189.89577789222855,187.11097269920856,188.43110857172863,7681400
2024-04-11,188.31544494628906,189.4139578348504,186.20518333764534,188.86470139056973,10137700
2024-04-12,176.13560485839844,182.05208030042675,175.89470599723555,181.46430119435698,31532300
2024-04-15,176.23196411132812,180.63560219672368,175.5670809252794,177.78335331100874,14766600
2024-04-16,174.21804809570312,176.49213378652257,173.10990458385498,176.2415895769628,16451800
2024-04-17,173.52426147460938,175.77907118283395,172.67629281717151,174.76729307171811,9017100
2024-04-18,174.65167236328125,176.68485931658026,173.4182713843728,174.50713892954175,9557700
2024-04-19,179.03602600097656,179.11311539639945,174.8058428364993,175.7597928603478,13402300
2024-04-22,182.5146026611328,183.20839250417927,179.2094628944951,179.21910825831145,11529700
2024-04-23,185.14520263671875,185.2319226859966,183.58418293652645,184.17197666490588,9144400
2024-04-24,186.05099487304688,186.19552829650425,183.24692883158602,183.59382375118219,6964900
2024-04-25,186.3304443359375,186.87970079080816,184.22016798330733,185.2512221550963,9802300
2024-04-26,186.44610595703125,187.77585780134223,186.03175222993866,186.52319536447408,6413700
2024-04-29,186.24374389648438,187.18806340420463,185.42468181011515,186.43646006289447,5387800
2024-04-30,184.75979614257812,187.89148134264343,184.66343071664087,185.79083562426842,8153700
2024-05-01,184.87542724609375,187.3807813464834,183.8443730368157,185.27050491712367,7445300
2024-05-02,184.68270874023438,186.4557208515815,182.6206150512481,186.04138186282856,6501700
2024-05-03,183.57456970214844,185.52103668973848,181.59921072970675,185.0103322613228,8922800
2024-05-06,185.01031494140625,185.20303107881045,182.90968404809246,184.75014006909623,7911100
2024-05-07,184.7694091796875,185.90644464013317,184.67304376294203,184.72122647131476,7688800
2024-05-08,188.52745056152344,189.49104604551445,184.04673744228526,184.04673744228526,9227600
2024-05-09,190.31008911132812,190.3968091674479,187.99746606167452,188.06491009311256,7977300
2024-05-10,191.5338592529297,192.08310097798218,191.05206155927368,191.31222172747283,7529800
2024-05-13,191.49533081054688,192.57456777562447,190.83044755880903,191.56278955355822,7049200
2024-05-14,194.1741180419922,194.24157678253718,190.94608203655494,191.75549870329445,8596200
2024-05-15,194.75228881835938,195.31117597770637,192.4974788571771,194.65592338618552,8370000
2024-05-16,195.0991668701172,197.0359883811209,194.63664518305498,194.85826801387446,8497900
2024-05-17,197.33470153808594,197.58524575986786,195.42678670459753,196.39038213409867,9260500
2024-05-20,188.45999145507812,198.3850270872914,188.28653663611217,196.9492646377528,17373300
2024-05-21,192.25656127929688,192.62271753868023,189.44286443245517,189.82829671705844,14420800
2024-05-22,191.09063720703125,193.6248982886782,190.49321265220718,191.75552051007185,9425300
2024-05-23,189.75120544433594,191.08097180868498,188.93215817182306,190.60880476690767,8069400
2024-05-24,193.4032440185547,193.45141202711477,190.3679096110055,190.55099509409158,7356200
2024-05-28,192.2373046875,193.11418013241058,191.427887986029,192.58419966003052,6910200
2024-05-29,190.8978729248047,191.7458415269691,189.72228543663968,190.79187684953413,6120000
2024-05-30,192.073486328125,192.5745600882193,191.17733489750825,191.33151370112188,6829100
2024-05-31,195.25335693359375,195.89896414118172,191.12916945300466,192.04458221888913,14417900
2024-06-03,194.47283935546875,195.05098779926408,191.938578635432,194.94499171240668,6444300
2024-06-04,191.90965270996094,194.6269839409827,191.06168410010824,192.8732480563215,6848300
2024-06-05,190.07882690429688,192.54564352570372,189.7512079908949,192.48781544983936,8351600
2024-06-06,189.7415771484375,190.8111686497674,188.2190946247148,190.0788267225114,7640300
2024-06-07,192.67091369628906,193.60560249014668,189.83794062651856,190.24264896458575,6964500
2024-06-10,192.34329223632812,193.5285105467739,191.2158873015187,191.98676661770378,6070800
2024-06-11,187.284423828125,190.73409751678108,186.55209653404015,190.70519082775803,9235300
2024-06-12,184.55743408203125,189.55849678536873,184.34544190823777,188.8647068899173,12751300
2024-06-13,186.6099090576172,187.49641515796614,183.93111472954305,185.31869460949812,8587800
2024-06-14,186.7255096435547,187.76619440766876,184.45142398196433,184.48033066680375,6874000
2024-06-17,187.88182067871094,188.45998378065488,185.6270110470667,186.43642762714947,8725400
2024-06-18,189.8282928466797,190.75335089548557,187.0627787676238,187.5156697796133,9023000
2024-06-20,191.4375,192.1891032500522,188.97069808154154,189.24050362241672,8731100
2024-06-21,189.1537628173828,189.99208603434872,187.14948280263772,189.5488404243681,20972100
2024-06-24,191.63986206054688,191.97711163596483,189.92466338718907,190.6088079023479,9785900
2024-06-25,190.85935974121094,192.78655066041756,190.54137147514587,190.8786210640271,6862500
2024-06-26,190.24264526367188,190.73408836007184,189.13451636218556,190.26192128986204,7758600
2024-06-27,191.9193115234375,192.58419476248764,189.7319456494045,190.25229544661778,7913500
2024-06-28,194.89682006835938,195.22445371208025,192.04458562906325,192.7287301985706,15307600
2024-07-01,197.97068786621094,199.55098386081568,195.28226295405594,195.455703082382,10205800
2024-07-02,201.22764587402344,201.25655256216248,197.31545057733877,197.81650964061552,7802900
2024-07-03,201.0927276611328,202.72120625004737,200.09058020489354,201.92142029855032,5560900
2024-07-05,198.4281463623047,200.9279998596982,198.16654461770065,200.55981469829467,8093100
2024-07-08,198.7963409423828,200.4725939206449,197.6336221989916,198.67037469371868,8707000
2024-07-09,201.17994689941406,203.243768068706,199.06766124607273,199.2420772065153,9058900
2024-07-10,201.34466552734375,201.50938267827675,199.1936289696521,199.73623012208378,8328500
2024-07-11,201.00552368164062,201.6353401799566,198.99983630998767,199.80405397767697,10658100
2024-07-12,198.57351684570312,201.00553807410293,195.82174533245208,197.66271569214624,15443400
2024-07-15,203.52474975585938,205.03628561931905,200.29819522357994,200.75359574459293,10719700
2024-07-16,206.9838409423828,207.1001231684869,201.61594881913035,203.4763018043115,11557000
2024-07-17,210.13287353515625,210.80144087514543,206.6447173220578,207.15825155441482,11572500
2024-07-18,203.45693969726562,209.91004947455875,202.73993735630378,208.93143057917348,12415100
2024-07-19,203.26315307617188,205.75332275483197,202.42986850793523,204.63903879865143,8095900
2024-07-22,203.74761962890625,205.5789059089919,203.1953344509871,203.92203559046192,7663200
2024-07-23,203.79605102539062,204.9103200919362,202.84649909482658,204.46461837922644,5557300
2024-07-24,202.110107421875,205.4432455165605,201.6062719683225,203.04029133995283,7119000
2024-07-25,202.18763732910156,203.66042246963815,201.5869024414814,202.16825449198623,6403800
2024-07-26,205.646728515625,206.53814676283224,202.13917446481165,202.739924098082,8027800
2024-07-29,204.29991149902344,206.9741662638421,204.00922809779334,206.04398233686015,6533600
2024-07-30,208.5050811767578,209.086433183662,206.3443607207926,206.60596247075222,8850700
2024-07-31,206.1893310546875,209.667803483179,206.06336479793686,208.10781784368027,9071600
2024-08-01,201.49969482421875,207.18733757545388,199.96877601050053,206.57690389817884,10918600
2024-08-02,192.95367431640625,198.31188254529528,190.7735710295601,197.54643056321328,18041700
2024-08-05,188.84539794921875,190.07594935886874,184.96965851641983,188.02181219061254,13927000
2024-08-06,194.1164093017578,196.306211581429,187.9733657428374,189.32986865387653,10605800
2024-08-07,194.17454528808594,199.3583528433658,193.98076126779304,197.1879333756755,9204400
2024-08-08,197.7208251953125,198.54442565703408,195.52133914553448,196.180222471866,7761200
2024-08-09,199.4067840576172,200.0559685970376,196.59686427717244,197.14916420781512,5540200
2024-08-12,199.78466796875,200.70515306806914,197.33326411745605,199.99783480666875,6936000
2024-08-13,201.4803009033203,201.62563520668914,199.01919827795092,201.2768180938325,6387800
2024-08-14,203.70887756347656,204.2127130636325,200.68579063867503,201.28654032697355,6999800
2024-08-15,204.97816467285156,207.2454686093335,204.54214695964689,206.38311720863197,7001000
2024-08-16,207.32296752929688,207.4392349669863,205.0168981166508,205.11379750457255,7931200
2024-08-19,208.7570037841797,208.83452034386772,207.1776500829486,207.35205125366764,6090800
2024-08-20,207.85589599609375,209.28991535042542,207.04197953330453,208.3209805571364,5640000
2024-08-21,207.9334259033203,208.32099393160962,206.22809109539315,207.76869396728614,5202300
2024-08-22,209.9003448486328,210.06506198606058,207.68147593642723,207.91402560473358,5247100
2024-08-23,211.5281524658203,212.38081981547876,209.77438285463143,210.8402170417045,7214000
2024-08-26,212.36143493652344,212.85558635408168,211.27623270905207,212.20640182266425,5105200
2024-08-27,213.34007263183594,213.57262232321077,212.38083657255706,212.69088804295066,5185200
2024-08-28,214.41558837890625,215.30702145952048,212.38083404647628,212.43896777243532,6506400
2024-08-29,215.3070068359375,216.05307598143608,212.13858592341361,215.24885832915527,6416100
2024-08-30,217.81654357910156,218.47541213909741,215.0356906803254,215.58799060688506,8574100
2024-09-03,213.45635986328125,217.13831541326374,212.42929124236875,215.3942296490854,8956100
2024-09-04,212.5164794921875,215.1713662670712,210.46234236965944,214.173349783352,7389500
2024-09-05,210.86929321289062,213.9408148706308,209.31899156047683,213.3109983559998,8067900
2024-09-06,205.85989379882812,211.94480315075108,204.53244307121116,210.84021807182933,7777000
2024-09-09,210.0747528076172,211.373121898597,207.52644953811344,208.5050831538885,8935100
2024-09-10,199.17422485351562,211.84789315826586,194.37800079775118,211.8091422735633,28406900
2024-09-11,200.7923583984375,201.247758946142,195.5601162898296,198.8738715965842,13658700
2024-09-12,200.1819305419922,202.29420125599518,198.52504557050682,201.19930022849982,9054400
2024-09-13,197.97276306152344,201.39310168177548,196.71314487965583,200.43385091874683,10226700
2024-09-16,201.40280151367188,201.74193463013458,199.20331523165908,199.4358649216426,8634900
2024-09-17,202.74961853027344,203.40848713537753,201.20901565824545,201.27683341005437,7573300
2024-09-18,201.0830535888672,204.77469310004415,200.27883586779294,202.5170730652925,8259900
2024-09-19,203.94139099121094,205.32697543260485,200.89893633406905,203.2631395933968,11635200
2024-09-20,204.53245544433594,204.85220572136328,202.9918525698363,203.40848746171363,20885000
2024-09-23,204.87156677246094,205.22038387532777,203.4666143359702,204.4452331150936,7223500
2024-09-24,205.01690673828125,206.33465863167038,203.83480512282463,204.59057306913016,7323200
2024-09-25,203.660400390625,205.64671961358323,202.12948168948355,205.104103726589,8976500
2024-09-26,203.26315307617188,205.12350622705011,202.51706909670156,204.57122104675736,7807500
2024-09-27,203.9607696533203,205.84050547792145,202.82711774343403,204.10610395531677,7032500
2024-09-30,204.3095703125,204.40646969587647,198.88353010836047,199.9009144947329,8663800
2024-10-01,200.60824584960938,202.5945650610437,199.7846601759315,202.41046509140656,8540100
2024-10-02,200.85047912597656,202.4589143697624,199.30019238677582,200.64701110662753,5810900
2024-10-03,198.8544921875,200.07535954271492,197.99214077513295,199.76529329860566,7251300
2024-10-04,205.91258239746094,206.35127207243497,201.7108840626074,204.04082887563027,10211700
2024-10-07,205.6298370361328,207.96953982198877,204.4210047283782,205.727330230475,6718900
2024-10-08,205.45437622070312,206.01980404706708,203.14393319129448,205.28864968329236,6021800
2024-10-09,208.05726623535156,208.8566687451148,204.1187882767088,204.43073971013354,7024000
2024-10-10,207.49185180664062,209.41235175203676,206.15628129018555,209.41235175203676,7927100
2024-10-11,216.7043914794922,218.98560432950427,209.75356099050913,210.250740587431,18320700
2024-10-14,215.9147186279297,218.07893638198564,213.3800595051937,217.59150021891665,9048900
2024-10-15,216.8018798828125,219.78498714914952,216.24621033093248,218.03997203841485,9235800
2024-10-16,218.02049255371094,218.0594809098427,215.48581801928876,216.74341191631046,6382500
2024-10-17,218.7808837890625,220.1749591936757,217.69877472337978,218.63465886479744,6470200
2024-10-18,219.70701599121094,220.24319885452837,217.49406607182462,219.34631791742206,7000500
2024-10-21,217.3965606689453,220.0287133611628,217.29906747185922,219.56077874097096,5870000
2024-10-22,218.4884033203125,219.6192589043824,215.54429930452827,217.41605257710637,9586800
2024-10-23,217.7962646484375,219.15133680262315,216.9383721046514,218.03998276879733,6180500
2024-10-24,219.32681274414062,219.40480432984663,216.09024375189844,216.25597029325846,6002200
2024-10-25,216.72390747070312,219.9507331307945,215.3298469077358,219.34631692871068,6369700
2024-10-28,219.83375549316406,219.97023705233553,217.34782756683612,217.73778550402196,6843000
2024-10-29,217.299072265625,221.05233730563867,217.21133731153603,219.55104021485744,6580000
2024-10-30,218.77113342285156,220.6233851560508,216.01224256208235,216.94811179819678,7110900
2024-10-31,216.34368896484375,220.01896220946816,216.24621064657887,219.05383314379685,7829900
2024-11-01,217.33807373046875,220.46740607055116,217.1040989794246,217.94248990978247,6923500
2024-11-04,214.2574462890625,218.1374341203493,213.66277355389727,217.05532520473295,8229600
2024-11-05,215.9244842529297,216.38267545190774,214.47191908219375,214.50116406294794,5600700
2024-11-06,240.85198974609375,241.76837224676623,228.87081365048078,229.09503015318575,23987800
2024-11-07,230.44036865234375,238.42457688855603,229.30951297075987,238.3563286726829,16451100
2024-11-08,231.02528381347656,233.3259835376562,229.85543977372186,233.3259835376562,9502100
2024-11-11,233.2772216796875,236.01662575555932,232.99451521475842,233.96938766335575,9017100
2024-11-12,233.54046630859375,235.39273308366177,232.76056529147957,234.5055954907522,6861000
2024-11-13,235.1002655029297,237.95663490721512,234.27161789312277,234.53483764423635,11472600
2024-11-14,235.79238891601562,238.15157840188607,234.9930012618911,236.32857172538908,10172200
2024-11-15,239.14596557617188,240.22807462347745,235.3927154551627,235.3927154551627,11518800
2024-11-18,238.8730010986328,241.7001253228993,236.58204483473264,241.53439878737493,9051400
2024-11-19,236.9817352294922,238.98997005346044,235.48043823378097,236.16284595910426,6792700
2024-11-20,234.7297821044922,238.4635452900603,232.64355570287003,238.25881553494594,9015300
2024-11-21,238.60977172851562,239.3214393160151,236.02636572707272,237.118218093664,8783500
2024-11-22,242.30455017089844,242.88946471506705,236.9232500873834,237.48867789284088,7997300
2024-11-25,244.00082397460938,247.91981546916972,242.80173500159685,243.31841622067435,10295400
2024-11-26,243.68887329101562,244.6929907482795,242.09982639974197,244.19581114213256,6212100
2024-11-27,243.5133819580078,244.8782123088469,242.51902277247098,243.08445057669923,5472300
2024-11-29,243.4451446533203,245.4436361118954,243.18192493185245,243.58162619864203,5494800
2024-12-02,240.06234741210938,243.96183731931117,238.87300180038295,243.27942956062554,8899700
2024-12-03,238.66827392578125,242.7822218687173,238.4830457852067,241.9925775855291,6657700
2024-12-04,237.28396606445312,239.18497938393276,236.1433669979899,238.55130331898147,7346300
2024-12-05,239.3116912841797,240.96897151858755,238.47330035966178,239.22395633141434,6572500
2024-12-06,241.1444549560547,241.5149112550535,238.6877721646976,239.52616308454475,5519700
2024-12-09,237.68365478515625,241.64163463753476,237.63490818652937,240.92023852920124,7076500
2024-12-10,236.75753784179688,241.72939358177842,236.13362003181334,237.76165533481145,9108300
2024-12-11,237.41070556640625,238.13211659229927,236.09462170338674,237.8688968446205,7884400
2024-12-12,235.4609375,237.96636679243073,234.9832446528022,236.89400116622053,6113800
2024-12-13,233.910888671875,236.62103278438437,233.13098776801226,235.98737166739292,10392700
2024-12-16,233.55995178222656,234.6225592209729,231.55171684283482,234.56406925192243,9032000
2024-12-17,232.37060546875,233.01402487713747,230.68408023952856,232.65331194344375,8083600
2024-12-18,224.5813751220703,233.06277785005994,223.7624857846589,232.99452963425534,11322400
2024-12-19,227.10630798339844,230.42086858926697,226.43364356697018,226.43364356697018,11790800
2024-12-20,231.6296844482422,233.19922958190156,225.77069189865415,226.0924015705017,32348400
2024-12-23,232.39984130859375,232.62405780558854,228.97804438560536,230.13814497391746,8611500
2024-12-24,236.22132873535156,236.39681350244965,233.06275168130924,233.41369146476077,3729100
2024-12-26,237.03048706054688,237.1474669945077,234.73953085132644,235.36344862473942,4451800
2024-12-27,235.1099853515625,237.274203365589,234.00837473058,236.62104061366176,5730200
2024-12-30,233.30648803710938,234.78828348998326,231.15201332053348,232.77030520037115,5723800
2024-12-31,233.68667602539062,235.3732011590255,233.0237550398253,234.01812908048691,4871000
2025-01-02,233.96939086914062,237.16697135432236,233.43320803999086,234.8662717490942,9220900
2025-01-03,237.16696166992188,238.72676349550633,234.22284278993322,237.7616344424465,9491100
2025-01-06,236.01068115234375,240.7534289353331,235.7461019925236,238.80340800929375,9917800
2025-01-07,238.2840576171875,240.33206029657904,236.0596638477121,237.2747542889821,8753400
2025-01-08,238.244873046875,239.3423644677141,235.66771199379835,237.8725034781478,8675300
2025-01-10,235.05035400390625,238.91119107182027,233.9430689471917,238.2056566354401,10256800
2025-01-13,239.30316162109375,239.62651786311784,234.1978381518702,234.85437423024973,10005300
2025-01-14,242.49766540527344,242.74264223499935,237.32375595763784,237.7843135936985,12407400
2025-01-15,247.2796173095703,248.57308719225867,238.78380771723948,245.36878608055946,18448500
2025-01-16,249.16104125976562,251.87538875346692,247.26001864512284,248.89646209375883,15292300
2025-01-17,253.95281982421875,255.38347633640095,247.07386529814207,249.03368020966923,17678100
2025-01-21,257.7450256347656,258.940513781988,254.28595393160222,254.84450829070423,13712100
2025-01-22,257.558837890625,258.08799621971843,255.020881505667,257.6176299378133,9021900
2025-01-23,260.6064147949219,261.4981043150236,258.50939836499305,259.37172176031316,10749700
2025-01-24,259.5186462402344,261.7332463118807,257.7254290357368,258.3917588239568,7666300
2025-01-27,260.50836181640625,260.62594590776155,256.99049819617136,258.86212472863684,7522300
2025-01-28,261.7724304199219,261.9585852806135,259.5088172183071,260.5083417265411,7375400
2025-01-29,261.2236633300781,265.2412890633801,260.27315209491445,261.8410096864953,7684900
2025-01-30,262.8405456542969,264.28101058042995,261.2628793521523,263.2325025931336,8753500
2025-01-31,261.9292297363281,265.3785228398926,261.59606481689747,263.8204737000256,7193800
2025-02-03,261.4490661621094,262.7817556497826,256.44175417795225,256.56911700815533,8381400
2025-02-04,262.5563659667969,264.4181838673514,261.4686533068301,264.4181838673514,5626000
2025-02-05,264.9963684082031,265.20217050688734,262.9385567521792,263.50691982796997,5704400
2025-02-06,271.3363342285156,271.41474356153265,265.7410717364686,266.97576454409875,7264400
2025-02-07,270.2584533691406,272.9531987631217,269.19035787423627,271.69891846682657,6857900
2025-02-10,265.5940856933594,270.6307937168087,264.17320813200536,270.6013976936826,8627400
2025-02-11,269.4646911621094,270.6699878722711,264.2417985602018,264.8297489042904,7196400
2025-02-12,269.9154968261719,270.8954041954382,267.75968865202606,268.57299861058124,6683900
2025-02-13,270.7679748535156,271.4049085765656,268.3083981197057,269.96444374227315,8398700
2025-02-14,271.0325622558594,273.6195319367328,270.8953907812424,271.79688876986324,5688600
2025-02-18,274.3250732421875,274.34466062350725,270.47401464832495,271.19916641874227,7919800
2025-02-19,273.6391296386719,274.61903699637526,271.64991889871,272.7866150221738,7007200
2025-02-20,261.43927001953125,273.1393662156936,260.40057061690504,273.0805741668203,13846700
2025-02-21,258.93072509765625,263.79108739460094,257.5588607010997,262.92876408693655,12835600
2025-02-24,256.0889892578125,261.63526857722854,253.41383136407939,260.1555988746685,10372800
2025-02-25,252.22813415527344,257.715621040436,248.25952153447065,256.9611031816803,9608400
2025-02-26,253.59022521972656,255.66762396574103,251.7675820434319,251.99297149395173,5943600
2025-02-27,253.84500122070312,258.342802524059,252.67890901678138,254.95230137269613,8204400
2025-02-28,259.33245849609375,259.4892472511293,252.70830554612516,255.4912386631127,10467100
2025-03-03,255.3834228515625,260.96890614141057,252.63969451180324,258.69551414309797,9058300
2025-03-04,245.2218017578125,252.06156547552163,241.0081973785272,250.15073427928613,13465600
2025-03-05,246.47608947753906,247.96555280550595,242.85043534758472,246.20171662136084,7861400
2025-03-06,241.58633422851562,244.3496799351284,238.95039620520294,243.12479583514724,9983200
2025-03-07,237.4119415283203,241.7627323707991,234.6094060276731,240.30266509821263,20498700
2025-03-10,227.55409240722656,232.73779585541584,224.1048142516893,231.46392822638103,18887200
2025-03-11,224.53598022460938,228.63200091691712,222.13521009374537,227.09353912743353,18143000
2025-03-12,223.3208770751953,229.6118953635389,222.69373697492486,229.29831783730396,16054000
2025-03-13,220.6653289794922,224.88872708268002,219.72461138527686,224.69274861160986,16467900
2025-03-14,227.76966857910156,228.45560073894006,223.00731822336598,223.53646161747008,11962100
2025-03-17,229.22970581054688,230.9347498826832,225.82944126080733,226.53496075554793,9586000
2025-03-18,230.2488250732422,231.42471087138168,228.82796244414868,229.6118912936414,10344900
2025-03-19,234.30564880371094,237.46095169041473,230.1704385597004,231.003365794291,10120600
2025-03-20,234.2076416015625,236.90238671351167,231.45410444315897,231.80687167408394,8328500
2025-03-21,236.77499389648438,237.4315299605366,231.74806491303318,233.03174101977692,19326900
2025-03-24,243.07582092285156,243.69316735348227,239.49916498685462,240.54765810241156,9422700
2025-03-25,246.08413696289062,246.76027542501896,242.64465260375079,244.30069841338116,9287700
2025-03-26,245.9861297607422,249.55299175550442,244.7612456285821,247.52459140779072,12779300
2025-03-27,243.13458251953125,245.60395298055695,242.21346731053447,244.51625533302644,8022500
2025-03-28,237.9705047607422,244.49667631604888,236.2654605973164,241.97832221404934,11978400
2025-03-31,240.37127685546875,240.92002258119433,232.5908100746605,234.59962314020567,13603000
2025-04-01,238.76422119140625,240.7534318549276,236.04008003784892,237.74510920532492,8054700
2025-04-02,240.88082885742188,242.28208917285224,236.6084322682575,236.74561869740594,7758800
2025-04-03,224.0950164794922,230.41541595904243,222.73294584761328,229.56290134081743,17188500
2025-04-04,207.32411193847656,214.63980786720018,205.9930827481223,212.2834044818624,27170700
2025-04-07,211.42564392089844,218.92867162545016,199.318263676067,202.87751892186455,22914400
2025-04-08,213.8214569091797,224.63725299032382,210.25234800804796,220.37798698735673,19485700
2025-04-09,231.0458984375,234.14175911605213,208.03399049311142,209.51290511747,24022400
2025-04-10,223.9175262451172,227.11198713675623,217.0060708942117,226.76690105221883,18896400
2025-04-11,232.87974548339844,235.22629475740231,221.83718632835738,223.12876931722607,20284500
2025-04-14,231.42056274414062,236.4094323607213,230.34588838919925,233.76711210699779,13017800
2025-04-15,229.85292053222656,235.29531563163073,229.54728057723042,232.7811727531539,10912900
2025-04-16,226.3824005126953,230.29659590484752,224.72600824712578,228.73880396905287,9322300
2025-04-17,228.69937133789062,231.04590571903626,227.30918793654973,227.5556737150443,9557900
2025-04-21,225.7711181640625,228.55146991109476,223.15835989610855,227.38806426261334,8716200
2025-04-22,232.27833557128906,232.6727218450888,228.1176544095649,228.71908031334866,10701400
2025-04-23,237.4939727783203,243.32088491933087,236.6263380579327,236.84324673802962,14126800
2025-04-24,241.20111083984375,242.01944538917732,234.2403552074537,236.36999583866177,9055200
2025-04-25,240.12644958496094,242.167344017777,238.35174896231777,241.21097798902758,8588600
2025-04-28,239.8010711669922,243.37018021379762,237.45452188068074,241.12223125075698,7394300
2025-04-29,241.18138122558594,241.8025301539178,238.29257534449988,238.78554686367198,7216800
2025-04-30,241.18138122558594,241.7729530663112,235.07839141114778,237.8193268984978,12991700
2025-05-01,243.41949462890625,244.957563478491,238.76584193081504,239.42642201137784,8689600
2025-05-02,248.9604949951172,250.05489247406737,245.9533804761471,247.7280660793759,7165000
2025-05-05,249.00978088378906,251.57323889927602,247.067471820398,247.64917462464473,5450700
2025-05-06,245.74630737304688,249.09850775479987,245.49982160837982,246.48576466704802,6369900
2025-05-07,245.88433837890625,248.90132172618286,245.33221267408402,246.33787880460858,8724100
2025-05-08,249.906982421875,252.2831087481577,248.01397359895375,248.03369667206766,8320100
2025-05-09,249.52249145507812,251.91832606188873,248.7928881161782,250.92252890731987,5087600
2025-05-12,256.39447021484375,259.8945859876247,255.0634712092411,259.20441383845855,9603900
2025-05-13,259.31292724609375,259.96365336015776,256.72976091028096,257.3607489039017,8589000
2025-05-14,261.90594482421875,262.8918879441619,258.60302935469,259.30304054504273,8643100
2025-05-15,263.7298889160156,265.7313520440172,261.03828372684393,263.217209377267,9214600
2025-05-16,263.7989196777344,264.6862624037603,260.9889759714906,263.7397655019056,8932900
2025-05-19,261.1566162109375,264.5482629218792,258.2480719963219,261.817181246086,12145000
2025-05-20,261.9453430175781,262.9115780411088,258.6128506853088,258.8297593604445,8436300
2025-05-21,257.3705749511719,261.91575784118834,257.06493502136397,260.6340439477094,7464000
2025-05-22,257.00579833984375,258.6128603010642,255.2310827258566,255.79307750804895,6514100
2025-05-23,257.04522705078125,258.30723306371834,252.40144329619352,253.20005483078515,6671800
2025-05-27,261.56085205078125,261.5706910214846,258.30722178470336,258.35653699260183,7506600
2025-05-28,259.7861328125,262.9707397963694,259.20443000527837,262.49747628554394,5535400
2025-05-29,260.6537780761719,261.6791673467857,258.83964634422205,261.0777263969251,5081200
2025-05-30,260.28900146484375,261.6002926650584,259.03686444878326,259.7467447472313,10977700
2025-06-02,260.939697265625,261.3044913883967,258.21848475626587,259.3227361836595,6011200
2025-06-03,262.52703857421875,262.83267850504353,259.184707363763,260.02276495317653,6998400
2025-06-04,260.5058898925781,263.3651188956681,260.4664437433463,262.182005216077,5915700
2025-06-05,258.267822265625,261.0185820125706,256.6508610440278,261.0185820125706,8173800
2025-06-06,261.99462890625,262.9016795636139,260.54529157743144,260.6142847160679,7738100
2025-06-09,262.9904479980469,264.13414558351,259.6481165969787,262.26085974590114,8285000
2025-06-10,264.8243103027344,265.12008118347507,262.1129669044328,262.14254399250694,7538100
2025-06-11,264.3806457519531,265.8299833646017,262.05383439482847,264.9031944101953,7434100
2025-06-12,264.4693603515625,264.51867555838396,261.41296089523235,263.108754096244,6618000
2025-06-13,261.22564697265625,263.2665264050775,259.01711387885933,261.3537943064321,7098300
2025-06-16,266.5595397949219,267.91030700344754,263.0989002634007,263.2467856983216,8566000
2025-06-17,265.73138427734375,266.78635065847226,264.03556087289496,264.4003851091389,6739300
2025-06-18,270.10894775390625,273.81610322556173,265.92855887810333,266.20462172672063,9586400
2025-06-20,271.1343688964844,273.40202612817967,269.9610941294445,271.6963637187332,13969700
2025-06-23,274.3583679199219,274.63443077664516,268.2849549834157,271.1934990823813,8094600
2025-06-24,277.30633544921875,278.7359347339012,275.58093521389725,276.2710772548705,9267900
2025-06-25,280.06695556640625,280.2838642217353,276.96124125174225,277.5429439890813,6826900
2025-06-26,284.6910705566406,285.3417966142587,280.47123528578646,280.6980130310247,8942100
2025-06-27,283.0741271972656,284.6418033050154,281.03324771639046,281.7924131203027,17868600
2025-06-30,285.83477783203125,288.5362523931413,284.8587037568908,286.3178803397518,12689200
2025-07-01,286.3277587890625,287.03763907297025,282.56144866920187,286.8010223412002,9338300
2025-07-02,287.8954162597656,288.703896910252,285.62775892055635,287.93486241282807,8158700
2025-07-03,293.2451171875,293.6413883261785,288.4996894270786,289.43094323142554,6541600
2025-07-07,289.25262451171875,293.28475211178096,287.38020030669605,292.50209620860613,8825700
2025-07-08,280.1481628417969,287.0037716436535,277.7011499441943,286.5777506799395,15440900
2025-07-09,280.5246276855469,284.5270357878685,279.8509637155815,284.5072025788075,11273800
2025-07-10,285.5078430175781,285.6267213505897,280.3661434799506,280.3661434799506,8410900
2025-07-11,284.1901550292969,284.70533469446724,281.0100392381615,282.86263015148194,7384700
2025-07-14,286.0130920410156,286.60748367671823,282.6051055730771,284.39825755240173,9079900
2025-07-15,283.8830871582031,289.23285392385833,282.82306855064246,285.3196042033426,12526100
2025-07-16,283.1598815917969,288.0241878683028,280.3760366699049,285.7158562387447,9979800
2025-07-17,287.201904296875,287.5981754634707,280.8020357673763,280.8020357673763,8509500
2025-07-18,288.55914306640625,289.7777063567027,285.54745807447995,286.825430293332,12217000
2025-07-21,288.261962890625,291.4420791700386,287.8755780824213,288.29168247329045,7898100
2025-07-22,288.7176513671875,290.89718804274116,286.4885921354602,288.7870071326712,6717500
2025-07-23,293.9980773925781,294.2259174432094,289.82723790945846,290.11454735759395,7083500
2025-07-24,293.78997802734375,296.80169301766455,293.443259686642,294.6519062776982,7001200
2025-07-25,295.8407287597656,296.1181215809882,293.20548184137607,293.9386151952536,5918500
2025-07-28,295.50390625,296.64319715105114,294.05750293823644,294.8896814285751,5840400
2025-07-29,294.2754821777344,298.4859277853207,293.4433036150849,297.2079252413877,7635700
2025-07-30,296.8413391113281,297.8121988713861,294.6122799312847,294.65191611543503,8061700
2025-07-31,293.4828796386719,298.17878493737805,292.7497765059144,296.3559134765009,14749700
2025-08-01,286.6768493652344,289.0842262737886,281.5945890692511,287.6972620199026,12007100
2025-08-04,291.5213317871094,291.5807709484115,287.5585597880286,287.5585597880286,6649500
2025-08-05,288.658203125,293.03707931410463,284.56663635989554,291.9473110106125,7182300
2025-08-06,288.638427734375,290.5603746805144,287.45950057977757,289.5795679968632,6330200
2025-08-07,284.26947021484375,290.72877810831733,283.7444041002437,290.21362859909465,8057100
2025-08-08,286.072509765625,288.5195225943897,282.0601851240125,286.2904634268994,6634100
2025-08-11,286.86505126953125,288.6086805550258,286.0923119695598,286.70653676779995,5510100
2025-08-12,290.12445068359375,292.00676133420325,287.6378015823982,288.78700908878795,8570900
2025-08-13,287.8260498046875,291.808624970505,284.48741907286416,291.21423332900423,8420400
2025-08-14,291.4222412109375,291.46187739425125,286.9443199700671,287.8755435263192,6322400
2025-08-15,287.7864074707031,292.7497892060912,287.1226600740198,292.0959281808534,7340500
2025-08-18,288.8167419433594,289.1832935323159,285.7257844830691,287.30098279519575,5386900
2025-08-19,287.954833984375,289.7579025190641,286.83534604543564,288.12323486532705,6031500
2025-08-20,289.5201416015625,290.59999345153756,284.59639568977303,288.1034577259254,7374200
2025-08-21,288.7572937011719,290.04518252461884,286.77590767522184,289.2229206266122,6624000
2025-08-22,293.4828796386719,294.3943304858857,287.42976002403793,290.4711947382056,8552800
2025-08-25,292.1553649902344,294.58257497799383,291.4024588552954,293.4828900064588,5856300
2025-08-26,295.7912292480469,295.9596301346493,290.7684082615478,291.42226929827126,6714700
2025-08-27,296.4945983886719,298.2679473154416,294.2754557542009,294.48349281779485,6056500
2025-08-28,298.2679748535156,298.43637574745594,295.92003707552567,297.2277289724018,6410500
2025-08-29,298.61468505859375,300.1304440767961,296.9404115388967,299.228909855917,6796400
2025-09-02,296.91070556640625,297.6636116910732,291.75908984916356,297.4654912302876,7221900
2025-09-03,296.72247314453125,297.77260531660534,293.62159918539595,297.77260531660534,6316900
2025-09-04,300.99237060546875,301.5966788556673,295.50392262669186,297.2079158871201,6605800
2025-09-05,291.64019775390625,302.3099500253114,291.57084199080845,300.82391058861464,9837700
2025-09-08,290.1838684082031,293.7008161999689,288.7275485985168,292.1454512845812,8188500
2025-09-09,295.0779113769531,296.21720226202,289.58946377934626,289.8767732101451,7848200
2025-09-10,297.7428894042969,298.73358242665296,292.6507127572817,293.93863182647567,7787300
2025-09-11,302.7161560058594,302.88458712159553,297.99056119650595,298.43635491424595,7942500
2025-09-12,304.0535888671875,304.6876166586702,300.8734728380468,302.1613616302637,6846700
2025-09-15,306.0250549316406,307.0653006989229,304.31117542875756,304.31117542875756,7122000
2025-09-16,306.3123779296875,308.00645453212775,304.271552722793,307.11483685892506,10525600
2025-09-17,308.8485412597656,309.99774876224666,305.89626524993236,307.50121329837117,8657800
2025-09-18,310.3147888183594,310.5228258893637,306.7284546518725,308.8881884357977,8050700
2025-09-19,311.850341796875,312.8608377743073,306.2430157804659,310.6813313111796,23568600
2025-09-22,309.5321350097656,310.78041791156915,306.6789342248159,306.9166908790444,7520200
2025-09-23,309.8293151855469,313.3660964063979,307.68941470486936,308.9178945679837,8584400
2025-09-24,310.5030212402344,313.633584594132,308.76930844625,311.12713244988527,7310500
2025-09-25,310.5327453613281,312.7122519083539,308.8980776591185,311.1964927670822,7083200
2025-09-26,313.1184387207031,314.8521515347066,310.78041766649494,311.96923117025176,7258100
2025-09-29,312.75189208984375,315.0503072271631,310.74078640307744,314.1091367340854,6462400
2025-09-30,312.4942932128906,314.45587628391564,307.22379907069933,313.3066687483855,11823300
2025-10-01,307.8182067871094,311.66210037984325,304.54893205251216,311.0478755707353,9235200
2025-10-02,304.6876220703125,307.66961769475733,303.29077153660535,307.11483202977473,7600000
2025-10-03,307.14453125,308.7593655809934,305.34146284155645,305.63868886394835,6029900
2025-10-06,307.7916259765625,310.3500927332471,303.759824574425,308.78713549615594,7214500
2025-10-07,306.3083190917969,308.617908412618,303.3317554221121,307.96086849994276,8454200
2025-10-08,302.6647644042969,307.3934347220047,302.1869088878288,306.82598699255016,6489900
2025-10-09,304.15802001953125,306.65675861669814,302.0276454614978,303.68016451672463,7060300
2025-10-10,299.53887939453125,309.07584739868366,299.45922161840923,304.28744895257694,8597400
2025-10-13,306.5870666503906,308.0703661064548,304.0783936087615,304.2277139599526,10788700
2025-10-14,300.7235107421875,305.62143108333873,292.8888554642275,304.46663636257074,16178800
2025-10-15,304.3172912597656,310.71840983834574,304.0684138931284,305.014160038565,11354800
2025-10-16,297.19940185546875,307.29385195347595,295.73600173818085,303.97881882847634,10549400
2025-10-17,296.22381591796875,298.2048701782948,292.878918450451,297.8166372560658,10153500
2025-10-20,301.0022277832031,302.3262723870789,296.8211062511852,297.15957582421487,6894900
2025-10-21,295.75592041015625,302.6846581805869,295.66632819879106,300.3054062195614,7372700
2025-10-22,292.7892761230469,296.7215506882625,289.2353303984808,296.43284443493457,8054100
2025-10-23,293.2173767089844,295.0391457269973,291.1964936387067,293.05809154328034,5438800
2025-10-24,299.09088134765625,301.24118554737896,294.1232985857486,294.7504440610291,7228300
2025-10-27,302.7842102050781,303.1625086782835,299.6583261537955,300.80315600970596,5642200
2025-10-28,303.98876953125,306.58706515142967,301.7986668365627,303.4910147760203,6336000
2025-10-29,304.13812255859375,306.86580891607514,301.64934876365396,302.14710352264194,7520300
2025-10-30,308.05047607421875,311.20622431916547,303.72996829403695,304.41687231061707,7514600
2025-10-31,309.722900390625,311.46504195719143,305.8702836157328,307.1544993342095,7721300
2025-11-03,307.96087646484375,310.9175409580823,304.83496198556077,309.60346109874524,7770000
2025-11-04,307.861328125,310.8179927016808,303.7299695714597,305.332725363194,7085200
2025-11-05,310.2803955078125,311.6940323736288,304.2575751493287,308.2196835392686,6865200
2025-11-06,312.0126037597656,313.42621024981315,308.8667900648387,309.59349256305353,7206100
2025-11-07,312.7990417480469,313.0180550604519,306.2585672077333,310.4894827215045,7302300
2025-11-10,315.4670104980469,318.1250037695683,312.7990220295163,313.58548301728496,5794100
2025-11-11,314.20269775390625,317.617287984815,313.86422817579216,316.0742604403922,5030200
2025-11-12,318.97119140625,320.8029251766445,314.7900394999871,314.8398332015723,10578300
2025-11-13,308.0903015136719,319.1902267414606,307.7120030298724,317.7965194699941,8973300
2025-11-14,302.2466125488281,306.25854483769064,299.8773255538296,306.1291237470128,10327000
2025-11-17,299.02117919921875,304.2177399270206,296.3333218175865,302.6348834912671,8344000
2025-11-18,298.06549072265625,301.5896027135679,295.686208533325,298.15508292828906,8077300
2025-11-19,301.90814208984375,303.0828663383219,297.9261042618115,298.3939949218268,5546600
2025-11-20,297.0401306152344,308.52831879604355,296.8211173091691,304.9643777592117,7501600
2025-11-21,296.6817321777344,300.32530061703676,291.4951361556371,299.93706770739834,11766800
2025-11-24,296.6618347167969,298.4736693208262,293.18751624004057,296.9007472780177,10940200
2025-11-25,301.6393737792969,303.13263800592705,294.23278078476807,298.70260864804214,8877200
2025-11-26,306.258544921875,307.1445325435829,301.83848048809654,303.6303853642607,7910900
2025-11-28,311.6741027832031,312.31124344972676,306.85584041963983,307.71199439271356,4322400
2025-12-01,307.5328063964844,312.6298101472411,307.1545079277028,311.5447084439427,7727300
2025-12-02,306.4974670410156,309.0857977944923,305.7110060363412,307.3535906208714,7249000
2025-12-03,310.7283935546875,310.9573413023751,305.4223107621409,305.8205388774128,8535300
2025-12-04,314.6805725097656,317.0598245188333,311.594486851423,311.8533290542866,9627800
2025-12-05,313.6253356933594,317.0498909600222,313.26693645912985,314.22264749671507,6518900
2025-12-08,313.7945556640625,315.04890741449873,311.9429224901236,313.64523530818684,7417200
2025-12-09,299.16058349609375,317.36843122488773,298.6727631596137,313.53574377586375,18049200
2025-12-10,308.7174377441406,309.79260502170655,297.1197580970947,299.1506059920777,18874100
2025-12-11,315.9548034667969,316.57201448320507,307.85134172095206,307.85134172095206,9721900
2025-12-12,317.0896911621094,318.8318328758901,315.1783298378069,318.2444858866232,8982900
2025-12-15,318.58294677734375,321.43011981246894,316.9602917736724,318.15488497356307,10864100
2025-12-16,314.1330261230469,318.0852002489096,312.9881962174831,317.65713843404893,8331300
2025-12-17,313.5655822753906,317.93585302959536,313.247011955208,317.0000717018951,8718700
2025-12-18,311.594482421875,316.2733893580616,310.8179862048632,314.5810110073882,11444900
2025-12-19,315.7855529785156,317.12949684979,311.7836158143462,312.38092757719465,24494400
2025-12-22,321.63916015625,321.778546068669,316.0842305232393,316.0842305232393,8354600
2025-12-23,324.4664001464844,326.3080987754714,321.63915684610726,322.15681084289565,6668300
2025-12-24,327.6918640136719,328.5081586858931,324.0383309091034,324.7749981915486,4289300
2025-12-26,326.4375305175781,329.3742653747722,325.0736873353596,327.6321237138718,4158300
2025-12-29,322.29620361328125,326.29814090339255,322.077190306029,325.5316095182794,8635300
2025-12-30,321.96771240234375,323.48087598310644,321.0418654305578,323.35145488056963,7904300
2025-12-31,320.7730712890625,323.42113019633854,320.59388687095947,322.8835465614906,5048500
2026-01-02,324.0184326171875,324.2673099842148,319.2996970795839,321.0518034652283,8054000
2026-01-05,332.5400085449219,335.7355855973553,323.7297432174082,324.03834873814424,10752600
2026-01-06,334.6099853515625,335.8699951171875,330.6499938964844,332.6199951171875,7660800
2026-01-07,326.989990234375,332.1499938964844,324.6000061035156,331.1400146484375,9815200
2026-01-08,329.7900085449219,331.3999938964844,325.6499938964844,326.3900146484375,11737100
2026-01-09,329.19000244140625,331.8999938964844,328.1700134277344,329.3399963378906,6738100
2026-01-12,324.489990234375,326.0199890136719,321.2300109863281,321.8800048828125,12805100
2026-01-13,310.8999938964844,326.8599853515625,310.57000732421875,324.29998779296875,19371200
2026-01-14,307.8699951171875,311.760009765625,306.1199951171875,308.20001220703125,25951500
2026-01-15,309.260009765625,312.94000244140625,307.75,308.4700012207031,14751400
2026-01-16,312.4700012207031,317.2099914550781,310.0,310.3500061035156,14652500
2026-01-20,302.739990234375,311.1499938964844,301.8599853515625,306.2099914550781,12900600
2026-01-21,302.0400085449219,305.3999938964844,301.1499938964844,303.42999267578125,10270100
2026-01-22,303.6300048828125,308.20001220703125,302.8999938964844,304.8599853515625,10535800
2026-01-23,297.7200012207031,302.3699951171875,296.510009765625,302.0,11107900
2026-01-26,301.0400085449219,301.7799987792969,297.45001220703125,297.80999755859375,11752700
2026-01-27,300.30999755859375,301.9700012207031,298.1499938964844,301.3299865722656,11527400
2026-01-28,300.7699890136719,301.9200134277344,298.04998779296875,300.2699890136719,9556700
2026-01-29,306.4200134277344,306.8299865722656,302.2200012207031,302.3999938964844,11580000
2026-01-30,305.8900146484375,307.92999267578125,302.55999755859375,305.25,11953200
2026-02-02,308.1400146484375,309.29998779296875,301.3699951171875,304.4599914550781,9839400
2026-02-03,314.8500061035156,316.25,309.1000061035156,309.7300109863281,12688000
2026-02-04,317.2699890136719,319.30999755859375,314.4100036621094,314.4100036621094,9848800
2026-02-05,310.1600036621094,316.010009765625,305.5400085449219,315.0,9388000
2026-02-06,322.3999938964844,324.25,314.7099914550781,314.7099914550781,17797400
2026-02-09,322.1000061035156,326.3999938964844,320.1099853515625,321.3399963378906,11477500
2026-02-10,318.2799987792969,326.1300048828125,315.1199951171875,322.54998779296875,9902200
2026-02-11,310.82000732421875,325.2799987792969,308.7300109863281,323.239990234375,8703500
2026-02-12,302.6400146484375,313.6199951171875,300.0199890136719,312.2799987792969,13443400
2026-02-13,302.54998779296875,304.2900085449219,296.5199890136719,298.5199890136719,9114500
2026-02-17,307.1300048828125,308.239990234375,302.5,302.760009765625,8896800
2026-02-18,308.7799987792969,312.2799987792969,307.2200012207031,308.4599914550781,7209600
2026-02-19,308.04998779296875,309.17999267578125,305.1199951171875,307.1700134277344,6737700
2026-02-20,310.7900085449219,311.0,305.67999267578125,308.3999938964844,7792700
2026-02-23,297.6700134277344,311.0,295.1000061035156,308.79998779296875,12955400
2026-02-24,297.29998779296875,299.75,291.3800048828125,296.82000732421875,13554100
2026-02-25,303.29998779296875,303.6600036621094,297.010009765625,298.6400146484375,8095500
2026-02-26,306.1300048828125,309.010009765625,303.6400146484375,304.5799865722656,7007800
2026-02-27,300.29998779296875,302.95001220703125,294.45001220703125,300.0,18620800
2026-03-02,297.55999755859375,299.9800109863281,293.2099914550781,294.80999755859375,8508900
2026-03-03,300.260009765625,302.3900146484375,289.5,292.2900085449219,10278200
2026-03-04,299.3900146484375,301.0,295.82000732421875,299.989990234375,8055700
2026-03-05,293.54998779296875,301.239990234375,292.42999267578125,297.9800109863281,12732500
2026-03-06,289.4800109863281,289.989990234375,283.7099914550781,286.3399963378906,13496500
2026-03-09,289.9200134277344,291.1000061035156,280.45001220703125,285.5,12241100
2026-03-10,288.7300109863281,292.75,287.17999267578125,289.2900085449219,8344900
2026-03-11,287.5199890136719,290.4800109863281,284.8599853515625,288.80999755859375,10205000
2026-03-12,282.8900146484375,283.8800048828125,279.1000061035156,282.8299865722656,13760500
2026-03-13,283.44000244140625,287.19000244140625,282.95001220703125,284.6650085449219,9082914
