Date,Close,High,Low,Open,Volume
2019-01-02,37.58269119262695,37.81493101327408,37.28638700536503,37.59069809286525,11603700
2019-01-03,37.350440979003906,37.93504229062076,37.26234982638047,37.49458958240553,14714400
2019-01-04,38.09521484375,38.09521484375,37.35044793902624,37.438539108064916,13013700
2019-01-07,37.59870529174805,38.23936418544515,37.55866468368621,38.09521555250048,13135500
2019-01-08,38.02314376831055,38.09521808958292,37.67078211703605,37.83895451503732,15420700
2019-01-09,37.29439163208008,37.86297621632444,37.182276706161765,37.702813782099774,18032500
2019-01-10,37.69478988647461,37.710806734953955,37.110188664035114,37.3664521299017,15976600
2019-01-11,37.91102981567383,37.92704667135954,37.61472562274526,37.87098920391097,11088600
2019-01-14,37.75886535644531,37.95907142290599,37.630733596106566,37.83894656106873,11514300
2019-01-15,38.09521484375,38.11923859715964,37.486589669786696,37.55065403051322,11342900
2019-01-16,37.574676513671875,38.015132343975175,37.52662900847691,37.95907488464611,16907800
2019-01-17,37.68680191040039,37.75086628157991,37.542653256617704,37.57468391475596,12044600
2019-01-18,38.127235412597656,38.191299751247065,37.73483026435219,37.83893825142164,12760700
2019-01-22,38.215335845947266,38.27139330148775,37.80691374997837,38.19931899366396,11700400
2019-01-23,38.65580368041992,38.671820538955224,38.15929328543913,38.2954320006341,12058300
2019-01-24,38.19131088256836,38.527658686940185,37.94305729745585,38.527658686940185,10272000
2019-01-25,37.935054779052734,38.463598813891046,37.830949796136686,38.34347697477954,12066500
2019-01-28,37.77488708496094,37.878995116752435,37.59069783173154,37.81493075058267,9966900
2019-01-29,37.959068298339844,38.14325749773405,37.74284539777224,37.79890284737475,11998600
2019-01-30,38.32747268676758,38.35149645148706,37.790918520435476,37.8389691047784,12952500
2019-01-31,38.54368209838867,39.06421616422028,38.01513807721494,38.31944917235236,32181500
2019-02-01,39.00014114379883,39.06420549452339,38.75989448250315,38.823958833227714,19130100
2019-02-04,39.44060134887695,39.600766838431596,38.87201676311546,39.00014854377865,15105700
2019-02-05,39.448604583740234,39.61678001234499,39.32047281498092,39.50466509654338,12651900
2019-02-06,39.448604583740234,39.52868884852877,39.25640845805243,39.40856397879714,8689100
2019-02-07,39.57674026489258,39.608773973974714,39.240395484238086,39.3765341654832,10047800
2019-02-08,39.64080810546875,39.64080810546875,39.32848707584645,39.53670007729376,9813300
2019-02-11,39.7288932800293,39.945116203635024,39.6247852675742,39.69685957544277,9369300
2019-02-12,39.76893997192383,39.881054900239214,39.60877447937213,39.79296372659065,10983300
2019-02-13,39.8730583190918,39.993180178414974,39.68886902420682,39.72890964398121,12748800
2019-02-14,36.509578704833984,37.60670710276723,36.43750439811416,37.398494136077815,58905400
2019-02-15,36.22930145263672,37.046139748200254,36.19726773970007,36.757845496479426,35701600
2019-02-19,35.90095901489258,36.50958420959088,35.85290845153378,36.29336125683023,25511300
2019-02-20,36.1171760559082,36.229294028210276,35.87692936792281,35.96502053299468,27464000
2019-02-21,36.72580337524414,36.76584397979623,36.00506027369722,36.03709397929982,23121200
2019-02-22,36.261329650878906,36.797883614010075,36.19726528425443,36.645725015334186,24728400
2019-02-25,35.989036560058594,36.49355663496131,35.90895536622084,36.38944863905084,23774400
2019-02-26,35.78883743286133,36.14920898453729,35.76481368105037,36.11717527885446,20463200
2019-02-27,35.989036560058594,36.05310395905018,35.57260763131845,35.7167562241478,17827500
2019-02-28,36.309364318847656,36.525587189474116,36.125175144958774,36.133182041692436,22533900
2019-03-01,36.34141159057617,36.5496245873435,36.19726295631317,36.413485907707674,16291600
2019-03-04,36.55763626098633,36.57365006118846,36.277345879005054,36.46153513035705,15973800
2019-03-05,36.51759338378906,36.59767766104161,36.3574309390896,36.55763704986674,13062300
2019-03-06,36.3974723815918,36.669752820663774,36.389462426232186,36.573651685765746,14232100
2019-03-07,36.261329650878906,36.46153576079745,36.14120781786946,36.42950510493662,12084000
2019-03-08,35.90896224975586,36.23730009527385,35.72477302469965,36.157218886085,15579100
2019-03-11,36.9820671081543,37.030117666815315,36.11717538166989,36.1492090874439,22126900
2019-03-12,36.87797164916992,37.03813717767568,36.75784979396813,36.79789041236872,19348500
2019-03-13,37.01409912109375,37.11019717911843,36.76584249505262,36.94202481384969,16222500
2019-03-14,36.91715621948242,37.24836033686072,36.86060940053275,37.03024985738177,18504100
2019-03-15,36.59403991699219,37.078731044521895,36.46478956596522,36.93332401442013,47254500
2019-03-18,36.682891845703125,36.901002341710964,36.642501697902574,36.69904852113749,24006400
2019-03-19,36.8040771484375,36.90909095001049,36.62635674335746,36.79599726734928,14987000
2019-03-20,36.77983474731445,37.07872866868938,36.49710058555033,36.6748209624142,13376100
2019-03-21,36.763675689697266,36.96562952976312,36.707128861004506,36.77983236669106,20043000
2019-03-22,37.102962493896484,37.24836951604872,36.723288260324395,36.723288260324395,19055900
2019-03-25,37.18374252319336,37.321072746001036,36.98986854949826,37.04641538195694,11668200
2019-03-26,37.67650604248047,37.79767957314334,37.296831855869634,37.296831855869634,11434900
2019-03-27,37.652278900146484,37.894622920651095,37.426091558551704,37.68459225796614,11543600
2019-03-28,37.628047943115234,37.90270225826605,37.547264543154746,37.70882826150411,11121100
2019-03-29,37.85423278808594,37.89462294460033,37.54726205174801,37.70074587913127,16045600
2019-04-01,37.74113082885742,38.104645239226684,37.63611397972571,37.95924132402142,11522700
2019-04-02,37.61996078491211,37.910774805369904,37.61996078491211,37.76536779514101,8495000
2019-04-03,37.30491638183594,37.636120581125645,37.19182271596695,37.4987903571624,12854500
2019-04-04,37.54726028442383,37.5957303189025,37.24836944240022,37.43416661887821,7814900
2019-04-05,37.53917694091797,37.628037114516516,37.32106644614992,37.5553336162605,7677600
2019-04-08,37.60380554199219,37.61996221947495,37.377618220375815,37.59572874403638,9421300
2019-04-09,37.700748443603516,37.74114168443694,37.37762408793746,37.523031126537255,8641800
2019-04-10,37.67650604248047,37.96732005081464,37.61188241927892,37.838069722840665,8059900
2019-04-11,37.733062744140625,37.76537610498413,37.59573558291328,37.74114262513735,7352400
2019-04-12,37.757293701171875,37.910777520039076,37.61996347875702,37.70074378730371,10690000
2019-04-15,37.967323303222656,37.99963665837694,37.72497930270781,37.87038631933095,10261300
2019-04-16,37.92692947387695,38.04809992160396,37.7249756460944,38.00770977236163,10804600
2019-04-17,38.193511962890625,38.411622495458964,38.08849817732056,38.12888833189145,11849300
2019-04-18,38.35508346557617,38.43586687272353,38.18544293292456,38.233912977212974,12167000
2019-04-22,38.29044723510742,38.46008771199709,37.98347655199454,38.29044723510742,9834700
2019-04-23,38.94477844238281,39.35676600881765,38.41162041878622,38.84784146033919,25327800
2019-04-24,38.75897979736328,38.960933633165446,38.710509767405206,38.79936994820952,15997300
2019-04-25,38.64588928222656,38.686279436354376,38.34699844379526,38.56510897397093,11444400
2019-04-26,38.985164642333984,39.13865152004411,38.75897734664005,38.767057225241,10154300
2019-04-29,39.114418029785156,39.138654585915745,38.86399724181359,38.912464190932724,9731500
2019-04-30,39.63142013549805,39.72835710965649,39.09018227650744,39.20327592662077,17912900
2019-05-01,39.25175857543945,39.64758955968189,39.2194452131397,39.54257267299359,10551200
2019-05-02,39.090179443359375,39.39715010111207,38.993242476226655,39.203273085275995,8724600
2019-05-03,39.35676193237305,39.550635876379474,39.19519825798717,39.25982187879905,7076900
2019-05-06,39.154823303222656,39.267916994705836,38.98517968442591,39.04172961173948,8657800
2019-05-07,38.775150299072266,39.009417571706464,38.58935307367786,38.960947524466675,12487500
2019-05-08,38.653968811035156,38.96093955091993,38.6297353331608,38.81553252053091,9281400
2019-05-09,38.29044723510742,38.75897851626521,38.02386670150576,38.6135715127681,11450500
2019-05-10,38.92862319946289,39.01748338693161,38.29045137245982,38.298528170606424,9653800
2019-05-13,38.81553268432617,38.880159401025765,38.55703198067072,38.70243901167335,11911500
2019-05-14,39.33253479003906,39.841459407584885,39.057877402331805,39.20328443591633,16844200
2019-05-15,39.72836685180664,39.88993056940311,39.259832378934036,39.316379217857055,11422500
2019-05-16,40.05148696899414,40.116110595282066,39.75259306750299,39.801063098397215,17771300
2019-05-17,39.74452209472656,40.02725627911919,39.720285534941844,39.80106893160509,11257000
2019-05-20,39.4617805480957,39.69604775064944,39.38907703977113,39.61526744432044,13850500
2019-05-21,39.259822845458984,39.6071836753916,39.13865239786419,39.582950202186815,10587400
2019-05-22,40.108036041259766,40.156502993294225,39.356767469013484,39.40523442104794,16050400
2019-05-23,40.269596099853516,40.30998933475186,39.954548589701936,39.98686194499214,12199400
2019-05-24,40.07571792602539,40.30190522618018,40.0110912222264,40.24535840114149,6887600
2019-05-28,39.663734436035156,40.12418896203774,39.60718760523282,40.0676421312354,18614000
2019-05-29,39.26790237426758,39.60718332239419,39.106338697343595,39.37291922650379,12534600
2019-05-30,39.784908294677734,39.833378327854135,39.31637388535274,39.356767120452,9087200
2019-05-31,39.6879768371582,39.833383875366756,39.40523955994307,39.58295995810278,11368600
2019-06-03,40.37461853027344,40.37461853027344,39.59911638581581,39.712210063352764,14167200
2019-06-04,40.390769958496094,40.61695728416089,40.08379924397159,40.390769958496094,12010600
2019-06-05,41.020870208740234,41.31168428253496,40.1403511882269,40.39885190236186,15837600
2019-06-06,41.52170181274414,41.63479544578658,40.867370402408106,41.12587101552522,15190400
2019-06-07,41.594425201416016,42.15989363714643,41.562111838925176,41.578268520170596,15293600
2019-06-10,41.50554656982422,41.63479688083772,41.27127941812146,41.63479688083772,9737400
2019-06-11,41.465171813964844,41.675202491719354,41.34399825423271,41.56210881280757,9915600
2019-06-12,41.71558380126953,42.119491472593324,41.57825667217352,41.60249014635023,11088100
2019-06-13,41.626041412353516,42.090090510849976,41.341096967518425,41.89469994565941,10353600
2019-06-14,41.7725715637207,41.95167616594736,41.560898253416305,41.560898253416305,8694300
2019-06-17,41.414363861083984,41.910978521257455,41.202693616984604,41.723730930731406,12322400
2019-06-18,41.22711944580078,41.76443960518908,41.13756556829813,41.723734144222675,9221100
2019-06-19,41.61788558959961,41.71558239480384,41.08870853673026,41.1456967869527,9414100
2019-06-20,42.057518005371094,42.16335467356938,41.805139213706624,41.9272586851375,10656600
2019-06-21,41.96797180175781,42.24477329598836,41.853995263950125,41.95168899555275,21264400
2019-06-24,42.26918411254883,42.49714022993962,42.090079505717256,42.1226451090055,10780000
2019-06-25,42.13893508911133,42.41573657336154,42.04124136103114,42.33432565089932,11519900
2019-06-26,41.61788558959961,42.04122909527112,41.59346294111191,41.94353539569361,12405100
2019-06-27,41.58533477783203,41.84585345365516,41.49578090071266,41.75629957653579,12374900
2019-06-28,41.45506286621094,41.84584389632123,41.12941614862154,41.740007237931906,16339900
2019-07-01,42.00867462158203,42.0331003821668,41.34109513731241,41.57719115399076,14976400
2019-07-02,42.31803512573242,42.375023382185844,41.967962632874496,42.15521020488247,8569200
2019-07-03,42.415733337402344,42.60298403490953,42.334322421151086,42.334322421151086,7253700
2019-07-05,42.42387008666992,42.4320099348534,41.91097269355658,42.244762370364036,8916300
2019-07-08,42.33432388305664,42.60298550609262,42.24477000871131,42.49714882680928,9495100
2019-07-09,42.000518798828125,42.309885768352125,41.8702595125485,42.10635543943856,10584900
2019-07-10,42.18777847290039,42.3098979476523,42.057519149124396,42.17149566922498,7620900
2019-07-11,42.36689376831055,42.38317657489171,42.05752665452406,42.32618830467154,10376500
2019-07-12,42.432010650634766,42.57041291710408,42.26104588525531,42.537847312566946,7347400
2019-07-15,42.440162658691406,42.570421999002235,42.22848928966902,42.56227904331726,5876100
2019-07-16,42.44829559326172,42.71695718579922,42.179637106351365,42.30175347108256,7132500
2019-07-17,42.480865478515625,42.545993591807154,42.342463191126505,42.513431087975114,8264200
2019-07-18,42.358741760253906,42.47271827633776,42.065657515679916,42.36688471461826,11911800
2019-07-19,41.837703704833984,42.45643778866929,41.82142090203546,42.44829483445649,10355500
2019-07-22,41.69930648803711,41.94354233017349,41.62603542483347,41.94354233017349,12090700
2019-07-23,44.231224060058594,44.483599745869704,42.953050405276386,43.35197132004951,33417900
2019-07-24,43.78345489501953,44.630142031674865,43.65319557442849,44.06025633947888,15633400
2019-07-25,43.20542907714844,43.79973741763857,42.92048778568987,43.661338249109306,19135000
2019-07-26,44.1009635925293,44.21494322011634,43.30312483318379,43.425244309927685,11451900
2019-07-29,43.95442199707031,44.2067976793242,43.881150936435645,44.10096101271253,12283900
2019-07-30,43.73460388183594,44.206792692730204,43.612484426011044,43.92999128440365,8127100
2019-07-31,42.84721755981445,43.563642279632326,42.36688572654052,43.563642279632326,16865500
2019-08-01,42.358741760253906,43.311265555119355,42.34245895715233,42.96933290124066,19527200
2019-08-02,42.602989196777344,42.928636006865815,42.26105647471252,42.26105647471252,13102300
2019-08-05,42.049373626708984,42.87163491479858,41.84584326666805,42.651821753279144,19986500
2019-08-06,42.554141998291016,42.953059895576224,42.01682179588697,42.22849207323432,19903100
2019-08-07,43.294986724853516,43.46595151466737,42.14707539868883,42.55413619669939,17937000
2019-08-08,43.710182189941406,43.78345324912117,43.026320006139265,43.31940424285833,10799000
2019-08-09,43.49037170410156,43.88115278099786,43.213573358543165,43.79159891361026,9260900
2019-08-12,43.31126403808594,43.5066514572068,43.14029926994842,43.37639214258388,6588600
2019-08-13,43.55550003051758,43.64505389196663,43.042602618526566,43.06702837522988,8581200
2019-08-14,43.14029312133789,43.93813169789397,43.12401032112737,43.42523436095557,17088900
2019-08-15,43.85673141479492,43.962568096454696,43.3356940675892,43.49851901499788,12393200
2019-08-16,44.296348571777344,44.36147977936266,43.9218534450425,43.94627609507354,14288700
2019-08-19,44.52430725097656,44.59757831601735,44.21494329247308,44.32077685982186,10936200
2019-08-20,43.864871978759766,44.5161686272584,43.832306369927984,44.46732021401073,8176700
2019-08-21,44.04397964477539,44.296358472135495,43.84044923402203,44.16609913347845,10886500
2019-08-22,44.36148452758789,44.483600896440706,44.043974515065194,44.06025731870435,7467900
2019-08-23,43.75089645385742,44.54059229950674,43.46595202850507,44.304496288519,14160400
2019-08-26,44.402191162109375,44.402191162109375,43.74275157254751,43.96256476906813,9226900
2019-08-27,44.54873275756836,44.735980343695466,44.29635395593932,44.532449953692876,13537000
2019-08-28,44.866241455078125,44.89880706412544,44.30449556870789,44.49988611736437,10046400
2019-08-29,44.8173942565918,45.05349027014472,44.45103890894544,44.98835905028426,9262800
2019-08-30,44.80924987792969,44.955792002176814,44.622002298197735,44.90694359221871,8746700
2019-09-03,45.02092361450195,45.04534937419603,44.670851079951944,44.76040495236624,12991400
2019-09-04,45.403560638427734,45.525677011376644,45.020922504141,45.061627961790634,10718100
2019-09-05,44.87438201904297,45.40356230479181,44.801110950333545,45.38727950000889,13677000
2019-09-06,44.96392822265625,45.13489298527283,44.58129013959607,45.13489298527283,9093500
2019-09-09,44.385902404785156,44.84181154074888,44.25564309531365,44.80110298321716,10814900
2019-09-10,44.288204193115234,44.32076668794995,43.84043495083867,44.14980194396795,12038200
2019-09-11,44.58943557739258,44.613858228947784,43.93813898902788,44.19865762437376,9740400
2019-09-12,44.866241455078125,45.02906639468729,44.76040477848806,44.85809850000259,12357900
2019-09-13,44.49720764160156,44.93184892809393,44.34139472958874,44.67762489744117,11486100
2019-09-16,44.251182556152344,44.56281148354309,43.98055982240952,44.36599239036647,11172000
2019-09-17,44.480804443359375,44.858037641873004,44.251181651293145,44.36599148315961,11347400
2019-09-18,44.47259521484375,44.5218007617593,44.13636513175283,44.44799400555238,9700400
2019-09-19,44.710418701171875,44.77602297073483,44.3905904572618,44.47259657629872,7560300
2019-09-20,44.210182189941406,44.84983880723413,44.201982827711255,44.84983880723413,19211500
2019-09-23,44.3987922668457,44.579209492678146,44.18557446858898,44.21017567999046,6485300
2019-09-24,44.53001403808594,44.78423808409759,44.31679619148512,44.48901096700891,10093000
2019-09-25,44.423397064208984,44.677621073100525,44.2839860172362,44.64481736969516,10248400
2019-09-26,44.603816986083984,44.759633022460086,44.390599157797645,44.66942439683887,10031200
2019-09-27,44.5382194519043,44.808842241438015,44.28399538921044,44.743237949076565,7939900
2019-09-30,44.644813537597656,44.84163261280248,44.406994529155384,44.406994529155384,9808700
2019-10-01,44.8170280456543,44.923635372088356,44.29217826051957,44.71861695125432,14261500
2019-10-02,43.529518127441406,44.644815850265914,43.38190459547445,44.45619925460442,14343600
2019-10-03,44.15277862548828,44.26758847023814,43.31630287731034,43.873953376095635,13817500
2019-10-04,44.72683334350586,44.72683334350586,44.19378403230327,44.28399266604529,9295400
2019-10-07,44.1773796081543,44.57921719099205,44.095373470432456,44.554615975342216,5964900
2019-10-08,43.93955612182617,44.341390535765996,43.83294565088297,44.18557763849,13301900
2019-10-09,44.14458084106445,44.34139683100456,43.90675865224755,44.33319746822946,7135000
2019-10-10,44.00516128540039,44.185578527807316,43.759139763784916,43.91495266419693,8942900
2019-10-11,43.70993423461914,44.03796501586083,43.627928103475405,43.996961950288956,8981700
2019-10-14,43.70993423461914,44.0215631639654,43.64432995537083,43.865750263458956,7306300
2019-10-15,43.88214874267578,44.02156291884389,43.68533277769338,43.816544463792766,9564300
2019-10-16,43.865753173828125,43.931357457429094,43.5705260767898,43.84114883018587,10454800
2019-10-17,44.111778259277344,44.38240103443625,43.93956348160042,44.029768987764164,13190300
2019-10-18,44.923648834228516,45.42389443150398,44.653026064363914,45.1040660996941,18122400
2019-10-21,44.47259521484375,44.74322103038008,44.02155531728269,44.6530124252013,12778900
2019-10-22,44.16096878051758,44.628410552872204,44.070763298688625,44.47259767153166,9533400
2019-10-23,44.8088264465332,44.825228295925484,44.29217913984135,44.333185327488515,8556600
2019-10-24,44.78423309326172,44.95644784959359,44.685825107976854,44.75142938872228,11051400
2019-10-25,44.0789680480957,44.74322897185772,44.01336064056363,44.73502648174952,9782400
2019-10-28,43.93135452270508,44.24298345190946,43.76733913215891,44.070768699586004,8866100
2019-10-29,43.80014419555664,44.00516265802008,43.677131866745185,43.783742343159545,7999700
2019-10-30,44.23477554321289,44.32498415337975,43.59511903960496,43.89034608075723,8620900
2019-10-31,44.636619567871094,44.669423272422804,44.160975236871614,44.2511838602221,13982000
2019-11-01,44.20197677612305,44.89083885748686,44.16097058558569,44.80063024363766,9889500
2019-11-04,43.57872009277344,44.283984042878515,43.43930905201616,44.251180340935676,17515100
2019-11-05,42.98826599121094,43.37370166838632,42.742244483191136,43.37370166838632,19284000
2019-11-06,43.299903869628906,43.299903869628906,42.980075530140255,43.07848352805972,13288900
2019-11-07,42.881656646728516,43.46390825175396,42.61103081073094,43.365500278815325,11725500
2019-11-08,42.81605529785156,43.13588360135908,42.717647311003134,43.02107376198033,7141800
2019-11-11,42.51263427734375,42.947272475749735,42.46342871346738,42.914471894832715,8198300
2019-11-12,42.40602111816406,42.57003652576453,42.29941376230741,42.57003652576453,12656900
2019-11-13,42.98006057739258,43.01286427473129,42.61102680316399,42.791444010194134,12257900
2019-11-14,43.16048812866211,43.19328870552935,42.930865320590385,43.07847886566024,8660300
2019-11-15,43.19328308105469,43.20148557045353,42.95546407015098,43.16868186952436,8982400
2019-11-18,43.4885139465332,43.824744089710556,43.19328686894657,43.201489359064745,13782000
2019-11-19,43.529518127441406,43.7181347231029,43.357300254591145,43.58692304228042,12679500
2019-11-20,43.64432907104492,43.79194260677938,43.47211119379917,43.545917961666404,11970300
2019-11-21,43.43111038208008,43.74273932127807,43.28349683868805,43.554122711017925,7856100
2019-11-22,43.4885139465332,43.61972563342355,43.258894276558436,43.43110902903951,9113300
2019-11-25,43.64432907104492,43.78374011683118,43.27529523170877,43.69353149740087,10963500
2019-11-26,44.20197677612305,44.23477734888657,43.644326370812664,43.71813313411354,13219800
2019-11-27,44.242984771728516,44.365993972057616,43.95595704762701,44.22658291935127,9595200
2019-11-29,44.119056701660156,44.391700911006346,43.97034053230728,44.366915933347904,7222300
2019-12-02,44.40821838378906,44.40821838378906,43.66463765249652,44.052952384582696,13173800
2019-12-03,44.44953918457031,44.48258792597116,44.1190612256662,44.37518109226914,14498300
2019-12-04,44.854366302490234,44.87089066873854,44.383432895365516,44.449527208658154,13624000
2019-12-05,44.7717399597168,44.85436178263276,44.474310852320194,44.788264324299995,14068100
2019-12-06,44.96177291870117,45.02787038805048,44.755223054535804,44.87089362589709,7843500
2019-12-09,44.672607421875,45.03613407303228,44.63129807655956,44.862632931686825,13887200
2019-12-10,44.424739837646484,44.672599014593594,44.39169110693342,44.64781404240902,8993900
2019-12-11,44.5734748840332,44.73871545599985,44.33387621226665,44.5652111219989,8879100
2019-12-12,44.730438232421875,44.98656119947553,44.56519771018406,44.62303142021217,11233300
2019-12-13,44.96177291870117,45.06917973054339,44.48257887272194,44.56519755770776,13072200
2019-12-16,44.96177291870117,45.30051772156515,44.920463576208256,45.184847150203865,9538100
2019-12-17,44.96177291870117,45.09396785739978,44.854369258559764,44.945251703064656,9230000
2019-12-18,44.540409088134766,45.23441670335008,44.523884722093854,45.05265182860065,15132100
2019-12-19,44.87915802001953,44.89568238875096,44.54867694879304,44.647823161181634,13385900
2019-12-20,45.416194915771484,45.60622045349713,45.00309509853275,45.39140678358015,23832800
2019-12-23,45.36661148071289,45.63925881087105,45.308777771594634,45.440969556965044,9300800
2019-12-24,45.20137405395508,45.44097266623985,45.143540340879575,45.275732135295144,3359300
2019-12-26,45.45750045776367,45.45750045776367,45.26747493596239,45.37487861021884,6228500
2019-12-27,45.73014831542969,45.812770169551044,45.440979705258634,45.44924031482003,6895500
2019-12-30,45.66404724121094,45.76319029981591,45.49054610072699,45.58968915933196,6431700
2019-12-31,45.73014831542969,45.75493644751683,45.42445533443436,45.60622026179987,7982600
2020-01-02,45.43270492553711,45.79623151518511,45.24267629617741,45.70534907984799,11867700
2020-01-03,45.18484115600586,45.432703481483664,44.689122808451046,44.8791482800704,11354500
2020-01-06,45.168331146240234,45.366620439302615,45.044403095814964,45.15180992754465,14698300
2020-01-07,44.821327209472656,45.110495801756485,44.738708512163356,44.986567755792535,9973900
2020-01-08,44.9039306640625,45.14352921730911,44.738693325534015,44.83783635899115,10676000
2020-01-09,45.72187805175781,45.77145115376334,45.308778323480894,45.44097011046147,15398000
2020-01-10,45.87885665893555,46.209337715527894,45.81276233863763,45.83754731478673,13040100
2020-01-13,46.37458038330078,46.45719907540999,45.787976323201526,45.8788587755423,14302900
2020-01-14,46.26716995239258,46.50676855319709,46.12671755642493,46.46545921036548,16345300
2020-01-15,46.84550857543945,47.076843408599416,46.26716834083882,46.26716834083882,17735400
2020-01-16,46.94465637207031,47.052063191912794,46.77115522965626,46.96944134907202,10234100
2020-01-17,47.043792724609375,47.21729699398747,46.92812531282438,46.985959018716876,14264300
2020-01-21,47.233821868896484,47.29991933886764,46.7381034509162,46.96943829241356,11968900
2020-01-22,47.59735107421875,47.622136049307514,47.24208505667604,47.29991876635036,12869600
2020-01-23,47.77910614013672,47.795627352332204,47.29164843616591,47.407315831735225,12858900
2020-01-24,47.65518569946289,47.812162464208974,47.473420807451,47.79563809659872,8594300
2020-01-27,47.48994827270508,47.79564121418209,47.200779699916154,47.26687402296745,14359900
2020-01-28,47.10163116455078,47.71302016904978,47.068585580505605,47.46516095435594,15240200
2020-01-29,47.10163116455078,47.308181035412474,46.81246260602479,47.09337055646472,13163600
2020-01-30,48.630096435546875,48.72923947953612,47.72127521859379,47.861730753304045,20225600
2020-01-31,48.250057220458984,48.811873192674696,48.04350732337089,48.72099073368373,17685200
2020-02-03,48.398765563964844,48.72098284699125,48.34919246207586,48.53921795843244,12333600
2020-02-04,48.61358642578125,49.1175687050845,48.43182149837313,48.53922833290534,15417900
2020-02-05,48.6218376159668,48.811866267825984,48.36571779700164,48.66315011088454,11414900
2020-02-06,48.73750305175781,49.02667157549451,48.61357188347036,48.72923929296503,9347000
2020-02-07,48.902740478515625,49.010147281074666,48.62183256146157,48.64662068617552,8757800
2020-02-10,49.365413665771484,49.43977173711013,48.98536270190757,49.010147675120265,7984900
2020-02-11,49.23323440551758,49.40673556551611,49.01016013479032,49.34064123624582,7431200
2020-02-12,49.08450698852539,49.381939281406375,49.010148915305145,49.14234069528551,9179100
2020-02-13,49.24974822998047,49.43977371953201,48.91926719929041,49.059722740428924,8173200
2020-02-14,49.53065872192383,49.62980177557753,49.25801138475008,49.26627514438005,9965500
2020-02-18,49.18365478515625,49.514135842871404,49.11756046463379,49.414992786237235,10075700
2020-02-19,49.38194274902344,49.571968249107584,49.13408353811807,49.16712912165816,6265700
2020-02-20,49.34064483642578,49.456312284864566,48.836662538198276,49.30759609352853,7597200
2020-02-21,49.67937088012695,49.67937088012695,49.10103066890615,49.16712498212249,10842400
2020-02-24,48.456600189208984,49.40672768894393,48.390502718774805,48.836651189102966,14415500
2020-02-25,47.770851135253906,48.91100723935927,47.605610617721126,48.49790752137769,15915100
2020-02-26,47.58909225463867,48.30788812383445,47.489949192291405,47.90304896238966,15837800
2020-02-27,45.38312911987305,47.82867836252745,45.34181978401273,47.217292627713995,23754000
2020-02-28,44.19342041015625,44.523898377227745,42.61537921383305,44.47432841560286,40890600
2020-03-02,46.20107650756836,46.23412524539321,44.36691568210468,44.55694119704591,25698600
2020-03-03,46.31674575805664,47.49821131186103,45.96974032427652,46.895082894855136,27099200
2020-03-04,48.679683685302734,48.74578117259084,46.60592387301413,46.60592387301413,20526100
2020-03-05,46.87855911254883,48.06002144999312,46.424146884646206,47.75432852988659,17948500
2020-03-06,45.65578079223633,46.192811702144674,44.598246491531576,45.39139721706014,22353900
2020-03-09,42.84670639038086,44.26777053282619,42.532749699252044,43.003683160094795,27898300
2020-03-10,44.333866119384766,44.44953354791848,42.27662792773177,43.970339465178675,27457400
2020-03-11,43.13587951660156,43.499409350586085,42.25184621401404,43.25154695406889,22653900
2020-03-12,38.963565826416016,41.25213867468756,38.575251077463214,40.103721946687564,31913100
2020-03-13,40.3970947265625,41.30555023114484,38.84688595917048,41.26387542265289,33697200
2020-03-16,37.72172164916992,39.9053499742202,34.31293125980792,35.204720390312616,28682300
2020-03-17,39.32195281982422,39.588655083937084,37.81341555522063,38.238474474447976,32106700
2020-03-18,37.38002395629883,37.630060113337734,34.662993421131276,37.28834763530528,35408300
2020-03-19,34.86302185058594,37.22167062807981,34.20459923584998,36.97163764938087,41956900
2020-03-20,31.92095947265625,35.06304913901118,31.262536817036242,34.96303657718979,51513500
2020-03-23,31.30420684814453,32.41268745222888,30.229061640011505,32.30433867219788,44978500
2020-03-24,32.879425048828125,34.50464438191511,32.36268973787703,34.35462394013217,49096200
2020-03-25,34.67966079711914,36.21320033622987,33.26280309587418,33.862884752717136,42511700
2020-03-26,36.913291931152344,37.730067917767485,35.37975250053947,35.70479564855207,37821700
2020-03-27,35.67979049682617,36.696591488571016,35.33807808874104,36.38821765184569,23297900
2020-03-30,37.505035400390625,37.97176587438055,35.87148351043773,35.87148351043773,23446000
2020-03-31,36.87995910644531,37.93009891598959,36.721605624336654,37.56338408299706,25373900
2020-04-01,35.104713439941406,36.37988684892915,34.838011211248585,35.40475424205617,21936400
2020-04-02,36.629920959472656,36.82994604770276,34.88802018437333,35.188060996059946,17621900
2020-04-03,36.5299186706543,36.95497448697822,36.09652661869798,36.32155729063736,14207100
2020-04-06,38.89689254760742,39.18026409078827,37.246671153557195,37.83008352826384,22850000
2020-04-07,38.76354217529297,40.50544309950136,38.738539831959336,40.42209983549476,21279600
2020-04-08,39.85535430908203,40.08038492339528,38.613522582622664,38.87188859290187,18937100
2020-04-09,40.838829040527344,41.44724386716107,40.29708819988549,40.372098421215256,19165300
2020-04-13,39.11359405517578,40.53878496908697,38.75521226802731,40.29708503276042,19586000
2020-04-14,40.77214431762695,41.047182804635405,39.11358987915017,39.95536826973592,21801900
2020-04-15,39.68033218383789,40.338754749513,39.513642484011825,39.763675444080135,12893200
2020-04-16,39.25526809692383,39.8803520040681,38.97189659851144,39.50530420325447,17606800
2020-04-17,40.055389404296875,40.255414531529404,39.48031000998369,40.255414531529404,19844600
2020-04-20,38.780208587646484,40.00537418959202,38.59685278456307,39.83035144055451,18957900
2020-04-21,37.82175064086914,39.08858794660771,36.88828956547756,38.238473313309136,26863700
2020-04-22,38.07179641723633,38.46351687850862,37.92177595033812,38.38017040837476,15811600
2020-04-23,37.56337356567383,38.4218210735703,37.48003032039222,38.296806205647876,17668200
2020-04-24,37.86342239379883,38.13012465066929,37.60505319149358,37.92176331378038,15175000
2020-04-27,38.98857116699219,39.15526086735124,38.096784926314115,38.33848483286766,19175500
2020-04-28,38.955238342285156,40.00537811899847,38.813550974855964,39.92203485298728,17246700
2020-04-29,39.27193832397461,39.88868919271711,39.071913249324936,39.39695638013658,15780000
2020-04-30,38.246795654296875,39.17192023666585,38.08844222769006,39.17192023666585,20801100
2020-05-01,38.005096435546875,38.66351884746486,37.68005334542912,38.02176571957097,14290400
2020-05-04,37.62171936035156,37.905090882196816,37.17165814694886,37.77173976481913,22544200
2020-05-05,37.83842086791992,38.42183008033481,37.63005952653125,37.80508229025571,13370500
2020-05-06,37.29668426513672,38.03011715877866,37.27168191877303,37.83842508485879,11892900
2020-05-07,37.171653747558594,37.705061333280156,37.08831050131453,37.630051139924085,16466000
2020-05-08,38.4301643371582,38.521843831346914,37.405026971791095,37.571716672194064,13985100
2020-05-11,37.955108642578125,38.43017232084681,37.9384393511407,38.080123559345424,10874600
2020-05-12,37.35502243041992,38.21347017173892,37.33835314096281,38.00510882253785,13424400
2020-05-13,36.6215934753418,37.32168781008764,36.271547897639984,37.263346880470664,15854800
2020-05-14,36.421566009521484,36.7216068736971,36.0298456391431,36.1548637256636,18000800
2020-05-15,36.054840087890625,37.246667048805776,36.00483540770818,36.63825239830259,31579400
2020-05-18,37.480045318603516,37.83009090407158,36.77995096832509,37.355027221312184,26118500
2020-05-19,37.12165069580078,37.78007317969762,36.87995082003999,37.513367785496655,17839900
2020-05-20,38.246795654296875,38.480159268104984,37.52169929757827,37.671719671980846,22295900
2020-05-21,37.64672088623047,38.41349217905692,37.53003905846894,38.4051591253631,13193500
2020-05-22,37.5300407409668,37.763407586293205,37.21333381694199,37.688397382320694,13008400
2020-05-26,38.41349411010742,39.11358829121175,38.28014298891334,39.10525205775752,22223100
2020-05-27,38.946895599365234,39.2469363938103,38.480165121412774,39.171926195199035,18447600
2020-05-28,39.2469482421875,39.55532218320028,39.02191757841853,39.42197103200485,16230600
2020-05-29,38.90522384643555,39.3302795176189,38.455162656235814,38.90522384643555,51125000
2020-06-01,39.16358947753906,39.36361453556036,38.8302101417156,38.88855104858356,17010700
2020-06-02,39.08858871459961,39.40529566275048,38.80521716459921,39.30528310961556,15255100
2020-06-03,39.922027587890625,40.10538337561613,39.27193814980915,39.396956205416686,15508300
2020-06-04,39.93870544433594,40.23041326679196,39.48864730629485,39.95537473527704,13604700
2020-06-05,40.91382598876953,41.24720534860213,40.38875460980261,40.455431753505614,20504800
2020-06-08,41.54724884033203,41.64726457004876,41.23054190092069,41.28888282025129,19896700
2020-06-09,40.838829040527344,41.33056200716861,40.57212673787536,41.33056200716861,16713700
2020-06-10,40.52210998535156,41.0638507072963,40.480438355819246,40.97217121472028,15716600
2020-06-11,37.955108642578125,39.93870663349772,37.88843147682843,39.84703029960527,26070400
2020-06-12,38.350372314453125,38.89703462490399,37.85417217685507,38.86339317633544,21822700
2020-06-15,38.939083099365234,39.065236921772964,37.40002379040575,37.48412419986092,15622300
2020-06-16,39.33436965942383,40.108103841786466,38.846578207583875,39.998773930078,18803500
2020-06-17,39.1745719909668,39.578259751460436,39.056826920292494,39.34277281833696,12602800
2020-06-18,39.51939010620117,39.56144031441203,38.74565280057535,38.93908632492549,9380800
2020-06-19,38.70360565185547,40.19220623941439,38.70360565185547,40.175385513155334,30464600
2020-06-22,38.4681282043457,38.81294512859685,38.165361498520106,38.71202075450431,20876200
2020-06-23,38.3840217590332,38.93068418336267,38.33356278389409,38.68678844277101,14675300
2020-06-24,37.551422119140625,38.21582331941771,37.425268246256,38.15695236759855,17631800
2020-06-25,37.78689193725586,37.82894214324116,37.02997539662022,37.40002490903101,13829700
2020-06-26,36.64310836791992,37.85417162469615,36.59264619580318,37.77847997063357,21955100
2020-06-29,37.30752182006836,37.4841346541162,36.626296763879154,37.00475512842871,17603900
2020-06-30,37.5766487121582,37.70280257531264,37.03839821805449,37.21501105988989,23679800
2020-07-01,37.69438552856445,38.29150688950303,37.601873135811175,37.786897921317724,14316500
2020-07-02,37.744850158691406,38.20740894425689,37.67756724751239,38.0896670579194,15111900
2020-07-06,38.03919219970703,38.07283364408706,37.517762644715454,37.96350055396432,15146000
2020-07-07,38.022377014160156,38.26627270909326,37.677560179616016,37.84576421778454,13043600
2020-07-08,37.90463638305664,37.997148767470286,37.40002746035987,37.96350731709709,13851200
2020-07-09,36.929054260253906,37.88781307289974,36.86177457232309,37.88781307289974,16087100
2020-07-10,37.971927642822266,38.056028079043564,36.887014691147115,36.90383542003658,15627800
2020-07-13,38.05602264404297,38.4176602429538,37.81212692231696,38.291506398412615,16705300
2020-07-14,38.57745361328125,38.63632455382858,37.568232448115275,37.77007796443873,17080100
2020-07-15,39.02318572998047,39.68758664761071,38.85498170709976,38.93908211442767,23738000
2020-07-16,38.81293869018555,39.26708546536264,38.63632266893422,38.90544787208564,13306100
2020-07-17,39.37641143798828,39.452103088156626,38.79611092551426,39.08205680301412,13899800
2020-07-20,38.787696838378906,39.38482124959249,38.56062190029341,39.29230888131047,16633200
2020-07-21,39.69599151611328,40.360395523180976,39.468916607056315,39.96511662131614,25681500
2020-07-22,40.77250289916992,40.80614434842132,39.55302763372069,40.309944200751296,29831200
2020-07-23,40.60430908203125,40.84820483815943,40.39405478362268,40.764104402086396,15935000
2020-07-24,40.78091812133789,41.04163135328732,40.42768929244854,40.70522645859199,16196800
2020-07-27,40.77250289916992,40.797732381995885,40.52019844623478,40.52019844623478,17346500
2020-07-28,40.52021408081055,41.445331834601085,40.45293115634688,40.654776721511475,13872700
2020-07-29,40.3856315612793,40.78931928467674,40.217427541140815,40.48655269007245,13758100
2020-07-30,40.10810852050781,40.56225857177274,39.696011895202425,40.09128779176919,17276500
2020-07-31,39.72964859008789,40.175386619437674,39.30072807923476,39.89784944085911,14849200
2020-08-03,38.939083099365234,39.830562197424946,38.88021217110162,39.6455374467536,14137500
2020-08-04,39.26708221435547,39.41005677131932,38.8718064095794,38.930677342380626,11717200
2020-08-05,39.712825775146484,39.75487598562817,39.368008916036054,39.44370057819324,10498700
2020-08-06,39.931488037109375,39.97353824679338,39.19139215541443,39.24185433197045,10745000
2020-08-07,40.200618743896484,40.436105725237965,39.70441850181286,39.923084755328105,11669700
2020-08-10,40.13333511352539,40.604302613669724,40.08287293498472,40.41928104213822,11888000
2020-08-11,40.30995178222656,40.91548514973946,40.1165182249879,40.75568983985368,16531600
2020-08-12,40.7304573059082,40.9491203343634,40.4697408570121,40.62112418756783,9562200
2020-08-13,40.68840026855469,40.98275491291223,40.41927510564922,40.58747592629638,9882900
2020-08-14,40.74728012084961,40.949122433118525,40.394051262040435,40.65476772429898,10075800
2020-08-17,40.545433044433594,40.99958304194933,40.53702428517245,40.637945437434084,9102400
2020-08-18,40.7220458984375,40.78932880548762,40.335178807576085,40.537024320500855,9829000
2020-08-19,39.838985443115234,40.68841464535482,39.712834783055925,40.469748368090194,17371000
2020-08-20,39.82216262817383,40.032416925488846,39.60349957058564,39.75488292131053,11308700
2020-08-21,39.76329040527344,39.94831520760409,39.502577138235736,39.81375258997067,14734100
2020-08-24,40.343597412109375,40.35200617276119,39.67919303270157,39.889447339484335,9257700
2020-08-25,40.29313659667969,40.410878499174416,40.07447352179323,40.368828278030044,7827800
2020-08-26,40.50338363647461,40.52020436355671,39.92308298915772,40.16697551128399,10124200
2020-08-27,40.562252044677734,41.05845223382994,40.537022559742596,40.579072770709644,10931600
2020-08-28,41.907875061035156,41.92469257635671,40.81455048808525,40.999575238872154,16420300
2020-08-31,41.65556716918945,42.109717077579425,41.50418386639279,41.882642123384436,18510800
2020-09-01,41.310752868652344,41.50418638770441,41.0668603844194,41.4705481469922,12588400
2020-09-02,43.05166244506836,43.194637014537356,41.512602882869864,41.512602882869864,26332600
2020-09-03,42.45454406738281,43.85063236597403,42.13495666171232,43.22828149033888,22289400
2020-09-04,42.925514221191406,43.287151836470606,42.286339418649966,42.841410584948754,21019500
2020-09-08,41.89106369018555,42.92551435756397,41.512605346455466,42.83300196151598,17776700
2020-09-09,42.21064758300781,42.69002707890291,41.67239714608881,41.714447359930794,15252300
2020-09-10,42.05084991455078,42.62274173004669,42.00879970628128,42.34520458066254,15439500
2020-09-11,42.94232940673828,43.06007127405774,42.13495064412934,42.387258312071346,18272300
2020-09-14,42.993202209472656,43.4340715692297,42.87450723457566,43.21363850644893,10911700
2020-09-15,43.281455993652344,43.561239733947666,43.103413559388954,43.239065399903204,12838400
2020-09-16,43.06102752685547,43.62059183252266,43.018636928616125,43.19667938173857,15353900
2020-09-17,42.85755157470703,42.925379124702,42.34037782567999,42.57777101646678,13287100
2020-09-18,42.77275848388672,43.37471326891495,42.56927912464895,43.02710525728791,23816600
2020-09-21,41.61973190307617,42.40820945962298,41.21277626650296,42.17929630763882,17514800
2020-09-22,42.10297775268555,42.42515206935917,41.60276101134813,41.63667477819689,13034600
2020-09-23,40.87363052368164,42.323410073606595,40.839716757389944,42.16232453501319,17121200
2020-09-24,41.28907775878906,41.628205815084385,40.32255778534409,40.87364208964737,16788100
2020-09-25,41.30602264404297,41.33993317588182,40.6786309092006,40.86515338819058,12603400
2020-09-28,41.78080749511719,42.145372438672716,41.662112533809825,41.80624443982243,11215700
2020-09-29,41.47559356689453,42.0182042328492,41.467116740733786,41.87407231455323,12426600
2020-09-30,41.857120513916016,42.06907676983809,41.450164890649134,41.77233930522551,15755900
2020-10-01,41.69602584838867,42.10298138307976,41.1958090639193,41.916458883523184,17577300
2020-10-02,41.8486442565918,42.03516679928581,41.16190481374224,41.33994729493425,13610100
2020-10-05,41.86559295654297,42.009721631927256,41.64515667934967,41.90798355317393,10628700
2020-10-06,41.49254608154297,42.16232847450957,41.39928806681926,42.0097197461325,10077400
2020-10-07,42.01819610595703,42.18775846993957,41.50102248690385,41.56036996113669,10135600
2020-10-08,42.78123474121094,42.849062271456184,42.00123754855849,42.14536619903767,12143900
2020-10-09,43.07798385620117,43.434068757843605,42.899938171184665,42.959285654791735,11407800
2020-10-12,43.315372467041016,43.688414243200036,43.09493942526414,43.10341625086528,11386500
2020-10-13,42.57777404785156,43.2305997091518,42.30647029694703,43.2305997091518,14365300
2020-10-14,42.492977142333984,42.80667464010286,42.094501694289676,42.433629666365796,10582100
2020-10-15,42.382774353027344,42.50146933886062,41.79777301685504,41.88255745973295,9961700
2020-10-16,42.41668701171875,42.68799077406905,42.28103513054359,42.38277646707193,13569800
2020-10-19,42.06906509399414,42.79819492947478,41.93341325722064,42.41667312786341,9930400
2020-10-20,42.60321044921875,42.91690482456348,42.21321168698519,42.29799290166343,10970700
2020-10-21,42.382774353027344,42.75581619910277,42.19625181289173,42.35733740306607,12517400
2020-10-22,42.96776580810547,43.40863514028295,42.71341898720951,43.383198194256636,20189200
2020-10-23,42.832115173339844,43.391679488909794,42.7897245743503,43.239070745191135,13491300
2020-10-26,42.2216796875,42.82363459477466,41.71298603739093,42.679505913115385,14696400
2020-10-27,42.30646514892578,42.63711635296847,42.00972448397292,42.23016077613166,13892100
2020-10-28,40.66167449951172,41.670588028489476,40.50906578477886,41.5434130214805,19886200
2020-10-29,40.71255111694336,41.10254978545258,40.10211616853222,40.4666811255894,15369900
2020-10-30,40.7464599609375,40.79732737769027,40.16145879472168,40.534503766614634,15804000
2020-11-02,41.221256256103516,41.50104009694535,40.89908504047469,41.33147442681662,15156100
2020-11-03,41.84015655517578,42.35733024970479,41.543419140705986,41.72994164934143,15285100
2020-11-04,41.68754959106445,42.56928828041386,41.61124845340854,41.9079858804995,12930800
2020-11-05,41.916465759277344,42.569291380616306,41.8316845551328,42.18776949357462,12452400
2020-11-06,41.92494201660156,42.382768239515656,41.75537638950057,42.09450764370256,9294900
2020-11-09,44.570152282714844,45.15515026722713,44.14623985603185,44.51080480171483,33442000
2020-11-10,45.765594482421875,46.01994134319956,44.468423228518596,44.570161325990505,29706700
2020-11-11,45.42646408081055,46.03689586850125,45.214507835343966,45.723201530785495,17399900
2020-11-12,44.94319152832031,45.11275713630386,44.60406354654817,44.977105296756015,15024400
2020-11-13,45.316246032714844,45.35863663506736,44.84146287745791,45.14668038910911,12447900
2020-11-16,45.65536880493164,46.30819435507648,45.172108878779476,46.206456274358985,14908200
2020-11-17,45.51124572753906,45.570593218110716,44.960158190292944,45.49428883963349,14248400
2020-11-18,44.60406494140625,45.79949782549118,44.56167434663347,45.57058473268406,15278200
2020-11-19,45.044944763183594,45.12972597253107,44.04451096874346,44.50233726128979,17189500
2020-11-20,44.65493392944336,45.146673901820535,44.58710962226437,45.09580324578991,15645600
2020-11-23,44.66341781616211,45.078850222991754,44.25646223563298,44.8923309366214,13191900
2020-11-24,45.12124252319336,45.434936832775605,44.95167689518837,45.05341497831322,13827600
2020-11-25,44.8753776550293,45.17211511231838,44.75668267211367,44.99407263794493,10194800
2020-11-27,44.68037796020508,45.09581039732018,44.60407358115598,45.02798607938526,8499300
2020-11-30,44.09078598022461,44.594924957459256,43.64646308530486,44.50947899910262,43203600
2020-12-01,44.466766357421875,44.71456425763954,44.25314815231461,44.55221233564273,18968800
2020-12-02,44.52656555175781,44.543655394076914,44.12496240614421,44.347127096738426,14913100
2020-12-03,45.09906005859375,45.23577553594679,44.34712656292907,44.34712656292907,17318900
2020-12-04,46.01335144042969,46.03044128477744,45.08197611058169,45.09906595492944,18122400
2020-12-07,45.278507232666016,45.953538150022176,45.03070938146269,45.93644830584734,16210900
2020-12-08,45.440853118896484,45.69719424692995,45.10760932649753,45.23577826073713,12485800
2020-12-09,45.56903076171875,45.79973552284796,45.287053205475765,45.6032071925368,11508400
2020-12-10,45.32977294921875,45.72282958175169,45.26996012511828,45.628840329275555,12097300
2020-12-11,45.58610916137695,45.748461031716275,45.09906006946718,45.11614991158469,10638100
2020-12-14,45.51775360107422,46.00480269885426,45.44085094039557,45.84245408611229,22292000
2020-12-15,46.00481033325195,46.329510872173365,45.799735450892456,45.9620873501305,16193700
2020-12-16,45.33832550048828,45.97063351309488,45.2357864231292,45.799738310384626,15679600
2020-12-17,45.51775360107422,45.893720353528636,45.4152178066874,45.54338673478239,12677300
2020-12-18,45.91936111450195,46.004807074692636,44.96234941068316,45.35540930240187,35480100
2020-12-21,45.12469482421875,45.28704342911009,44.41548107008263,45.01361248426469,14926600
2020-12-22,45.081974029541016,45.440854225168366,44.765820072588006,45.12470026821535,9689500
2020-12-23,45.35540771484375,45.620292137895895,45.23577881138789,45.24432536284048,7040300
2020-12-24,45.663021087646484,45.75701360858991,45.30414410901315,45.30414410901315,3265500
2020-12-28,46.27824401855469,46.51749534554333,45.910820475219346,46.013356292563785,9020500
2020-12-29,46.252601623535156,46.56021227356761,46.158609118296994,46.52603258810751,8320600
2020-12-30,46.517494201660156,46.67984610631432,46.16716051308954,46.18425035881918,8142700
2020-12-31,46.859283447265625,46.936186121384495,46.372234264364366,46.526039612602105,8495000
2021-01-04,45.081974029541016,46.67984017697367,44.45820940763724,46.372229512022905,25611100
2021-01-05,44.58638381958008,44.962350617889754,44.45821161629827,44.71455602286188,20323800
2021-01-06,43.16796112060547,44.44967016839225,42.88598356550614,44.40694718537696,38724500
2021-01-07,42.6894416809082,42.94578275715921,42.31347498637696,42.80052400911997,53225700
2021-01-08,43.646453857421875,43.68917682756756,42.5869065962191,42.74925518659416,29674000
2021-01-11,42.894535064697266,43.45848698037958,42.6809168654304,43.25341207487917,19304400
2021-01-12,42.81761932373047,43.03978074900728,42.518551980235706,42.75780650694232,18538700
2021-01-13,42.8603515625,43.03124675864094,42.68091307335165,42.706546211928625,18864100
2021-01-14,42.0656852722168,42.877434885740385,42.05714198050896,42.860345042770454,34303600
2021-01-15,41.61281204223633,42.02295845740107,41.467550020033045,42.00586861599162,24366800
2021-01-19,41.450462341308594,41.90333501340263,41.21975761912896,41.64699389799427,29114500
2021-01-20,41.595733642578125,41.71535930579573,41.279579638423755,41.47610797936051,23115800
2021-01-21,41.826438903808594,41.94606455909835,41.40774585073979,41.681176851274856,19702500
2021-01-22,41.43337631225586,41.81788636072973,41.43337631225586,41.70680727361932,15400300
2021-01-25,41.68117141723633,41.73244094548556,41.21975870121015,41.3735607668494,16604200
2021-01-26,42.11695098876953,42.210943486819005,41.53590941860363,41.7922505208406,12922600
2021-01-27,41.46756362915039,42.14259791836807,41.21122244298881,41.77517435636629,21242400
2021-01-28,41.99732971191406,42.29639381893328,41.53591372432358,41.604269837547555,17498900
2021-01-29,41.14285659790039,41.97169279542751,41.10867691193628,41.89479013178538,18670300
2021-02-01,41.424827575683594,41.60426602344497,41.168486470373914,41.245389127922216,12183600
2021-02-02,41.83498001098633,42.168223821757024,41.55300573247054,41.69826451786106,13319800
2021-02-03,41.672630310058594,41.9460612892789,41.58718109183076,41.82643564331432,12274100
2021-02-04,41.87770080566406,41.928970335243015,41.57009340685326,41.83497782745875,20597400
2021-02-05,42.424564361572266,42.53564344868133,42.09986387262428,42.29639217237975,12742000
2021-02-08,42.655277252197266,42.86889543537426,42.28785697592323,42.68945694379874,17833200
2021-02-09,42.467288970947266,42.74071994282058,42.407476149572126,42.59545790551359,14592900
2021-02-10,42.381839752197266,43.2192257705022,42.3220269308261,43.07396373320486,22965400
2021-02-11,42.979976654052734,43.227774522205294,42.552740299122675,42.561286851571914,21928600
2021-02-12,43.31321716308594,43.44993265578216,43.05687602172483,43.21068135845239,13137100
2021-02-16,42.954341888427734,43.33885524520789,42.86034937237541,43.25340602172641,15093400
2021-02-17,42.834716796875,43.14232748633336,42.629641917384546,42.72363443466956,12794300
2021-02-18,43.38157653808594,43.44993265465504,42.74926534716078,42.860347703584345,12747100
2021-02-19,42.81761932373047,43.43284059304171,42.697993690154185,43.398660909290186,15968800
2021-02-22,43.2619514465332,43.475569610338546,42.44165522025927,42.595460558963474,14370900
2021-02-23,43.1850471496582,44.013883377489364,43.08250808801681,43.57810377395376,16222300
2021-02-24,43.330299377441406,43.49265123737466,42.83470702601531,43.05686844019517,14442000
2021-02-25,42.8688850402832,43.364480669665305,42.70653643387563,43.1252294055796,14211100
2021-02-26,41.86061096191406,42.90306523906513,41.84352112005204,42.89452194791114,23638400
2021-03-01,42.63818359375,43.09959631561825,42.21094729825973,42.24512372463772,13901200
2021-03-02,42.80908203125,43.20214196029072,42.46729489847928,42.58692055792677,11755100
2021-03-03,42.70654296875,43.20213867396721,42.475834960413145,42.48438151232627,15410700
2021-03-04,42.67235565185547,43.65500033471366,42.39892471149655,42.988512825033034,22036400
2021-03-05,43.39866638183594,43.53538187452773,42.6381862500157,42.76635519091487,21310800
2021-03-08,44.124961853027344,44.85126547449126,43.71481542117254,43.97970308446701,25084900
2021-03-09,43.458473205566406,44.330035573467086,43.42429352222426,44.19332009965251,23082700
2021-03-10,43.954063415527344,44.116415273646155,43.3388454433759,43.73190200383035,21331600
2021-03-11,43.47557067871094,43.945529998720616,43.41575785213996,43.92844015404968,17417700
2021-03-12,43.38939666748047,43.66510344913104,43.251543276655184,43.58756071137406,17598600
2021-03-15,43.9666748046875,44.04421757434967,43.48418938162103,43.510035875946606,13411900
2021-03-16,44.130367279052734,44.38884201937676,43.97528177752139,44.113135191473184,14214200
2021-03-17,44.14760971069336,44.4750095913628,44.07006694175893,44.15622411315922,17502700
2021-03-18,43.570335388183594,44.10451694969346,43.501410325416806,43.992513311861856,18007300
2021-03-19,43.777122497558594,44.009750775347435,43.22570549464154,43.47556586189825,67845700
2021-03-22,43.94083023071289,44.00975860084074,43.35495223136854,43.35495223136854,17911400
2021-03-23,44.276832580566406,44.5008464197023,43.794347302460416,43.932200708588475,16936700
2021-03-24,44.38883972167969,44.70762510868856,44.070054334670814,44.08728313467392,14997400
2021-03-25,44.81962966918945,44.85409384075015,44.08728081360392,44.54392287007245,17091900
2021-03-26,45.69845199584961,45.758762660224285,44.59562137581695,44.923024472911386,17126700
2021-03-29,46.39633560180664,46.47387835764698,45.414129552285544,45.431361640992826,17514100
2021-03-30,45.79323196411133,46.344645692534094,45.6036822624591,46.3101815128364,14871800
2021-03-31,45.41413116455078,45.81045935883391,45.23319915672826,45.68983802028556,15826500
2021-04-01,45.241817474365234,45.79323452025273,45.19873889068105,45.629531300893454,15834700
2021-04-05,45.50029373168945,45.85354336248067,45.05226924856898,45.103962232250296,16368700
2021-04-06,45.82769012451172,46.22402159403258,45.57783305331461,45.69845438837905,15614300
2021-04-07,45.90523147583008,46.09478116037824,45.76737805616362,45.90523147583008,10062700
2021-04-08,45.76738357543945,45.991397463590175,45.63814782767728,45.810462158026844,9695600
2021-04-09,45.8190803527832,45.905237518909885,45.50029489409222,45.81046266415941,10828200
2021-04-12,45.96554183959961,46.137859434722024,45.750145667367775,45.94831303810365,8565300
2021-04-13,45.74153137207031,45.913848967589985,45.50028871035363,45.69845279486159,11071700
2021-04-14,45.7329216003418,45.82769316511977,45.362439882814385,45.6467611505185,9787600
2021-04-15,45.94831848144531,46.232639753397834,45.767383177455365,45.776000865909005,13078100
2021-04-16,46.24987030029297,46.35325955149066,45.99139552895621,46.30156656923433,17974100
2021-04-19,46.52556610107422,46.83573706761753,45.92245625353826,46.52556610107422,19352900
2021-04-20,46.67204666137695,47.033913983530105,46.36187889669802,46.38772538874998,14419200
2021-04-21,47.0511474609375,47.16315440760671,46.73236199838617,46.73236199838617,13866500
2021-04-22,46.90467071533203,47.275152405826915,46.801281469773066,46.930520491735415,12558900
2021-04-23,46.93051528930664,47.03390452340451,46.672037274035226,46.87020462885917,9020500
2021-04-26,46.23263931274414,46.96498506343685,46.163714239197645,46.93052417000616,11684600
2021-04-27,46.16371154785156,46.267100795486265,45.93969767684397,46.14647945879829,9852400
2021-04-28,46.172332763671875,46.56866101033694,46.04309372004024,46.50835033309162,10868100
2021-04-29,46.74959182739258,46.835752283136785,46.034478121484916,46.12925297946089,15391000
2021-04-30,46.50835037231445,46.758210770647445,46.25848997398147,46.74097867903633,14912600
2021-05-03,46.93914031982422,47.21484719764844,46.663433442,46.758208297505554,10417900
2021-05-04,46.64619445800781,47.059754713628934,46.47387686316116,47.01667613658846,14151000
2021-05-05,46.52556610107422,46.73234784099784,46.27570579061608,46.64618741324456,9665900
2021-05-06,46.99082565307617,47.05113631314286,46.56864774592486,46.62895840599155,11572700
2021-05-07,46.96498489379883,47.1889987770573,46.66343153558754,46.90467422215657,10637500
2021-05-10,47.30961990356445,47.81795505270931,47.24069483058274,47.28377341203195,15545800
2021-05-11,46.80127716064453,47.50777629917028,46.568648914541974,47.413001463348735,12986700
2021-05-12,46.5600471496582,47.00807167632626,46.42219370196691,46.83575404504079,15836500
2021-05-13,46.96498489379883,47.19761317871258,46.37911026737192,46.49973161065643,15475800
2021-05-14,47.154541015625,47.47332650722423,47.1200768309425,47.30101215718284,11725300
2021-05-17,47.07699203491211,47.404395172846776,46.956370691116476,47.24930964891378,12119800
2021-05-18,46.818519592285156,47.00806930580914,46.611737787833064,46.8615981762628,13232500
2021-05-19,46.67204666137695,46.68066434985104,46.18956128075296,46.62896807906198,15126100
2021-05-20,47.085609436035156,47.214845180734144,46.62896726871379,46.62896726871379,10948400
2021-05-21,47.05975341796875,47.490545749882344,46.715121524448676,47.21483892039242,16033200
2021-05-24,47.214847564697266,47.326854511773234,46.947758373489144,47.0683797226393,10326100
2021-05-25,47.20623016357422,47.232076654839986,46.82713076268935,47.232076654839986,11916500
2021-05-26,47.41301727294922,47.43024936581586,47.033921089940115,47.369938684125444,16064300
2021-05-27,47.80934143066406,47.878266504769655,47.19761373204428,47.56809545458163,59109600
2021-05-28,47.637020111083984,47.998884117041115,47.55947735456676,47.68871309097221,17011600
2021-06-01,47.6284065246582,47.94719526594973,47.47332099826913,47.68010279568295,13304000
2021-06-02,47.81795883178711,47.8696551056228,47.61117702312972,47.81795883178711,11328500
2021-06-03,47.93857192993164,48.02473237148924,47.473315405574944,47.54224375882103,17364300
2021-06-04,48.45553207397461,48.66231059172886,48.05920055602262,48.162593101585024,18935100
2021-06-07,48.28321075439453,48.54168552513884,48.08504665393439,48.51583903406992,14010800
2021-06-08,47.94719314575195,48.46414268639954,47.86103269785401,48.46414268639954,10968300
2021-06-09,47.80072021484375,48.17981631116257,47.80072021484375,48.033348485318335,9838800
2021-06-10,48.17119598388672,48.352127965324335,48.041956976182995,48.17119598388672,12444400
2021-06-11,48.386592864990234,48.429671439309715,47.95580054842633,48.24012505496709,11825800
2021-06-14,48.22166061401367,48.36055275525881,47.91783508986803,48.34319082367193,9710800
2021-06-15,48.10013961791992,48.430009758357315,47.90916164533241,48.421327135175794,11154200
2021-06-16,47.45775604248047,48.143537494431015,47.43171479870644,48.126175561431616,15211700
2021-06-17,47.70081329345703,47.87442928834448,47.44039095685069,47.45774957603473,10658400
2021-06-18,46.676483154296875,47.41434700255286,46.63307998289059,47.3188580385892,31445600
2021-06-21,47.18865203857422,47.24941714535822,46.87614388285652,47.06712182500622,14404300
2021-06-22,47.36227035522461,47.61401010496863,47.101844671809914,47.17129240377386,13072800
2021-06-23,46.98031997680664,47.39699648323757,46.9716406650156,47.36227592462288,12339200
2021-06-24,47.21470642089844,47.24074767063886,46.87615692846941,47.1018554862718,11488400
2021-06-25,47.153926849365234,47.28413968107225,46.884821875847344,47.08448243418473,18880300
2021-06-28,47.10185241699219,47.19734140841927,46.876153873896904,47.09317310479458,10556900
2021-06-29,46.754615783691406,47.17129223967522,46.63308556462739,46.9889969110792,12300900
2021-06-30,46.97163391113281,47.03239901928447,46.65912574838141,46.70252892399688,14614200
2021-07-01,46.84142303466797,47.29282336516461,46.75461667980138,47.171293143771315,13214700
2021-07-02,47.03239440917969,47.266775508269255,46.87614034311998,46.87614034311998,10604600
2021-07-06,46.771976470947266,46.95427179468823,46.48550955239716,46.8674654437973,15278200
2021-07-07,47.153926849365234,47.20601264433801,46.633082145436916,46.633082145436916,14377700
2021-07-08,46.98899841308594,47.02371896860685,46.650448988742966,46.88482681217255,11943900
2021-07-09,47.27546310424805,47.32754890588062,47.03240265286332,47.0931677657095,10847000
2021-07-12,47.29282760620117,47.39699590367252,47.1105322577637,47.153935439089224,15107600
2021-07-13,47.76158905029297,48.00464951049102,47.52720790162324,47.700823935243456,15170800
2021-07-14,48.83800506591797,48.91613211958229,47.70950575522829,47.76159156148803,22002700
2021-07-15,48.9942512512207,49.02029580586464,48.53417162706169,48.82063854799469,15068200
2021-07-16,48.959529876708984,49.202590306310874,48.83799635045804,49.01161236222368,14860500
2021-07-19,48.37791442871094,48.91612105923283,47.88311097119972,48.681743262685266,19527000
2021-07-20,48.46473693847656,48.89877540658493,48.19563189612712,48.37792725798446,16257900
2021-07-21,49.089744567871094,49.96650402940022,48.98557627442963,49.766846753866446,20918200
2021-07-22,49.020294189453125,49.254675304819735,48.65570023951064,49.15050371257906,13402700
2021-07-23,49.48905563354492,49.76684324890882,49.00293475742085,49.12446497645187,12144000
2021-07-26,49.53246307373047,49.58454556205915,49.09842467659054,49.3848882967488,8681100
2021-07-27,49.70607376098633,49.94913750528103,49.41092753048208,49.575864234012414,12794400
2021-07-28,49.254676818847656,49.619267468547264,49.159187845416795,49.47169600884506,9858000
2021-07-29,49.523773193359375,49.69738918906088,49.35883981874027,49.54113512407449,9599100
2021-07-30,49.50642013549805,49.69739809614295,49.39357253279904,49.61059173845906,11727000
2021-08-02,49.37621307373047,49.68872127537598,49.228638284530994,49.65399740598194,9778000
2021-08-03,49.410926818847656,49.48037454806023,49.26335536144593,49.48037454806023,8825500
2021-08-04,48.69910430908203,49.4369715328257,48.62097726919035,49.26335552068307,11888400
2021-08-05,49.04633712768555,49.12446416884252,48.86404180213597,48.99425132976422,9806800
2021-08-06,49.16787338256836,49.25468305643087,48.9942573462938,49.133149513023355,10409300
2021-08-09,49.176544189453125,49.376201424187215,48.98556626429458,49.306753701784224,8859900
2021-08-10,49.306758880615234,49.62794635184013,49.185228665095,49.34148274546388,10906900
2021-08-11,49.24599838256836,49.63663362005628,49.22863644851886,49.384890543514025,8370700
2021-08-12,49.341487884521484,49.46301811269944,49.24599890196728,49.24599890196728,6169200
2021-08-13,49.68003845214844,49.74080356761798,49.280723890077034,49.315447759331185,7714200
2021-08-16,49.89704895019531,49.905731571717105,49.50641376796091,49.653988530782726,7972000
2021-08-17,49.72343444824219,49.966498186449485,49.48905333181905,49.87968852585761,10346400
2021-08-18,49.04633712768555,49.6800327675365,48.97688939712377,49.645308902255614,13873700
2021-08-19,49.358848571777344,49.46301686309103,48.56889879712719,48.66438777726901,9223700
2021-08-20,49.16787338256836,49.50642283200599,49.115790889701316,49.34148941884292,10543600
2021-08-23,48.9942512512207,49.263356239541096,48.94216876483292,49.19390850909065,8912800
2021-08-24,48.6209831237793,49.167872468873554,48.52549745148065,49.167872468873554,12067200
2021-08-25,48.67306900024414,48.75987536117345,48.37792273705392,48.66438968873137,11270700
2021-08-26,48.21298599243164,48.59493859013638,48.186941436793695,48.56889734594861,10331500
2021-08-27,48.3084716796875,48.430001892887226,48.13485567020934,48.317150990008926,8844100
2021-08-30,48.768550872802734,48.785912804747,48.29978864465748,48.34319181879317,10034700
2021-08-31,48.88140106201172,49.06369637759365,48.612296087974194,48.751188230053266,14185700
2021-09-01,49.211265563964844,49.30675452814447,48.855354259308776,48.9421639137674,9518900
2021-09-02,49.28071212768555,49.506410601066605,48.96820400188898,49.28071212768555,11653200
2021-09-03,49.24599838256836,49.28072225066736,48.82932189973136,49.01161724007561,13220400
2021-09-07,48.32583236694336,49.21127107284204,48.18694021571122,49.13314403080833,20035300
2021-09-08,48.976898193359375,49.028984000635305,48.27375800811294,48.27375800811294,12040100
2021-09-09,48.49077606201172,48.9768970056626,48.43869025599888,48.768560404512385,12545400
2021-09-10,48.273746490478516,48.72514677815166,48.195619453930284,48.62097518845411,10573700
2021-09-13,48.67306900024414,48.95953595192159,48.3866053600171,48.3866053600171,20274300
2021-09-14,48.708045959472656,48.9616889522922,48.58559853850928,48.90921005626134,13918900
2021-09-15,48.874229431152344,48.979183891000694,48.47189788492311,48.699303107110346,15746000
2021-09-16,48.41067886352539,48.97044382199586,47.94712689586639,48.734293762119826,17430400
2021-09-17,47.61476516723633,48.270736415881935,47.55354145094479,48.122051201014564,33370200
2021-09-20,47.282405853271484,47.579779600893644,46.99377692038434,47.32613659983078,27542500
2021-09-21,47.27364730834961,47.94711133390742,47.17743768520687,47.571020990590185,16418200
2021-09-22,47.3436393737793,47.719729877698555,47.28241564862433,47.6759957856369,12719700
2021-09-23,47.26491928100586,47.77220201531093,47.229933344448945,47.45733525918379,13836200
2021-09-24,47.13372039794922,47.43984231679592,47.10748261558379,47.22993004854554,9682200
2021-09-27,46.88882827758789,47.44858991044249,46.85384234142385,47.09873722168711,12429500
2021-09-28,46.040443420410156,46.75763851904331,45.85677223729646,46.75763851904331,19926100
2021-09-29,46.3203125,46.49523882174742,45.97046319294722,46.04043171978095,13941500
2021-09-30,45.89175033569336,46.64393124632054,45.856764401142705,46.503987508117945,17672000
2021-10-01,46.3727912902832,46.53022464584783,45.97920790137163,46.16287903738301,16277400
2021-10-04,46.346553802490234,46.818850535724344,45.83052298631262,46.40777751488062,18973400
2021-10-05,46.425270080566406,46.766374571355854,46.294074505751055,46.37279118335186,17173100
2021-10-06,46.976280212402344,47.02875910595836,45.92672569637486,46.15413089867576,21284500
2021-10-07,47.12497329711914,47.47482261197928,47.06374958360757,47.22118294304938,13774400
2021-10-08,47.33488082885742,47.5710308610861,47.14246487908899,47.229926371125366,13786800
2021-10-11,47.431087493896484,47.57102787423345,47.23866821976747,47.41359452929913,12378500
2021-10-12,47.431087493896484,47.95586642249148,47.42234267981873,47.597265652908554,19474400
2021-10-13,47.43983840942383,47.60601657812151,47.04625502414823,47.37861136154359,12143300
2021-10-14,47.763450622558594,47.93837694481397,47.50106280739657,47.57103133443347,13704000
2021-10-15,47.64975357055664,47.999606255874674,47.48357538007394,47.78969397739536,17867000
2021-10-18,47.17745590209961,47.57103935945949,47.10748736325933,47.536053421818025,15861800
2021-10-19,47.361122131347656,47.40485287753733,47.028762454710396,47.26491248786513,11068500
2021-10-20,47.780948638916016,47.89464792442435,47.32614148755536,47.387365206349834,12474800
2021-10-21,47.536048889160156,47.81592969071939,47.41360145553328,47.754705973905956,14388300
2021-10-22,47.62350845336914,47.69347697779281,47.29114878714132,47.57102955771992,12828600
2021-10-25,47.431087493896484,47.64099973262285,47.24741637028707,47.5622830601557,11855000
2021-10-26,47.64101028442383,47.737219942797395,47.431097999204894,47.50981468910667,12086700
2021-10-27,48.55936813354492,49.049161228226474,48.34071103820463,48.95295157244595,24019800
2021-10-28,49.0141716003418,49.075395315510136,48.64682597288951,48.76052858810596,15928000
2021-10-29,49.30279541015625,49.390260240377664,48.78676458939729,48.86548126837551,24463700
2021-11-01,49.12786865234375,49.32903609185559,48.891721953936454,49.32028794068964,11651100
2021-11-02,49.066646575927734,49.41649923250465,48.95294729851611,49.39026145101615,11498900
2021-11-03,49.232826232910156,49.26781216453717,48.78676394577096,48.97918323327744,10788300
2021-11-04,49.503963470458984,49.53020458984319,49.00542557591023,49.07539744567825,10820200
2021-11-05,49.71388244628906,49.99376329021294,49.49522532844586,49.71388244628906,12886700
2021-11-08,49.267822265625,49.75761206305353,49.092895908067916,49.635164613696396,12828000
2021-11-09,49.407752990722656,49.43399077145348,49.05790034424857,49.337781126851,10155800
2021-11-10,49.608924865722656,49.783847879918554,49.23283437960474,49.451491483792246,8813600
2021-11-11,49.62640380859375,49.748851218500796,49.477715284819695,49.70512047731138,7257700
2021-11-12,49.51271057128906,49.845070272746646,49.46023167007713,49.63515800434125,10162500
2021-11-15,49.521453857421875,49.5739327570133,49.2153352842441,49.44273717625585,10289200
2021-11-16,49.17160415649414,49.80133426451814,49.145363038679925,49.52145347507588,13756500
2021-11-17,48.90047073364258,49.02291816835757,48.67306883152079,49.01417335292466,13288700
2021-11-18,48.46315383911133,48.917960954260344,48.22700379837383,48.83049945907261,15380100
2021-11-19,48.21826171875,48.53312845759505,48.01709759925286,48.48939437107806,15813700
2021-11-22,48.51563262939453,48.996677524733705,48.17452812790752,48.19201775775215,16905600
2021-11-23,48.874229431152344,49.075393536045894,48.541869749116756,48.68181014106193,13835900
2021-11-24,48.48065185546875,48.83924936139959,48.13079916539073,48.725546736657854,12598900
2021-11-26,46.99378204345703,47.88590338357899,46.862589789477084,47.74596297746824,14754300
2021-11-29,47.737213134765625,47.86840537493024,47.16870341805929,47.2736578774794,22712500
2021-11-30,46.22999954223633,47.27006460943572,46.22118355088018,47.24361999768283,30485200
2021-12-01,46.09779739379883,47.17311995426854,46.080168769263025,46.697157178750835,18719600
2021-12-02,46.77647399902344,47.01445533433403,46.2828827077516,46.362209819521794,17074200
2021-12-03,47.19074249267578,47.252440989435755,46.6971511562801,47.00564700239586,21064400
2021-12-06,48.39826965332031,48.697949476901556,47.719582895141734,47.86942448809014,26624100
2021-12-07,48.66270065307617,48.84779615669097,48.345392154127296,48.49523377299366,23832700
2021-12-08,48.477603912353516,48.786096410505706,47.91350142298034,48.583372288531976,18026300
2021-12-09,48.35419845581055,48.59217978232553,48.11621712929556,48.25724272697309,13846400
2021-12-10,49.60580062866211,49.641057868954434,48.53929432718553,48.69794854618549,23153600
2021-12-13,50.91029357910156,51.06013518484563,50.205165511142006,50.22279413313048,31362800
2021-12-14,50.94554901123047,51.27167010062924,50.59298667094728,50.59298667094728,24806600
2021-12-15,51.17472457885742,51.3421914607419,50.813346198347425,51.06014020582269,24923800
2021-12-16,51.69475173950195,51.89747584737533,51.033693550313004,51.10420467542227,24696900
2021-12-17,50.883846282958984,51.932723949311494,50.85740503427507,51.553720389685395,51874400
2021-12-20,50.716373443603516,50.92791013270562,50.240410849651205,50.416693665446324,20879500
2021-12-21,50.919105529785156,51.09538837336237,50.70756544502938,50.7780799273865,15864900
2021-12-22,51.280487060546875,51.289299690236135,50.67231474251412,50.86622285651999,12447400
2021-12-23,51.315738677978516,51.65948835754145,51.068941363631325,51.58016124977189,11027300
2021-12-27,51.69475173950195,51.73000562089867,51.121833297278535,51.121833297278535,9860000
2021-12-28,51.897483825683594,51.95036633706632,51.38626380020829,51.47440692304007,8979900
2021-12-29,51.95917510986328,52.09138473226358,51.70356513264715,51.95917510986328,9996000
2021-12-30,51.80933380126953,52.20596939538539,51.791705179051505,52.056131150006,7703900
2021-12-31,52.1883430480957,52.31174004668497,51.73882493004683,51.78289480635499,10021300
2022-01-03,52.26766586303711,52.276481854961844,51.456769446381045,51.84458903317537,20187300
2022-01-04,53.140262603759766,53.360615323102955,52.523274317135694,52.64667130199737,26141600
2022-01-05,53.58097457885742,53.94235294817264,52.928728970614415,52.96398621696616,22507300
2022-01-06,53.29891586303711,53.871830905538815,53.272471250821376,53.29891586303711,17902300
2022-01-07,53.17552185058594,53.51927156775055,52.93754050124525,53.131448615203155,12307900
2022-01-10,53.2636604309082,53.60741014054897,53.043307708080455,53.369428796417125,20954300
2022-01-11,53.281288146972656,53.31654538898185,52.743626974437205,53.26365952596806,19369600
2022-01-12,53.36061477661133,53.492824389473824,53.05211895530091,53.351798785031114,15753800
2022-01-13,53.677921295166016,53.80131827432252,53.228399885592445,53.36061285601185,14318000
2022-01-14,54.10981369018555,54.162699553717246,53.20196155461002,53.713178119487026,19729600
2022-01-18,53.677921295166016,53.93352788242642,53.281285746223304,53.81894689453281,21976700
2022-01-19,53.766075134277344,53.92472939546216,53.378255474890224,53.46639523674118,18654700
2022-01-20,53.545719146728516,54.15389153647975,53.51927789222687,53.76607190041875,23002400
2022-01-21,53.281288146972656,54.03048604693197,53.237218275618986,53.836577940512704,26643200
2022-01-24,52.84939193725586,53.19314161893586,51.62423143595925,52.796509439960744,30185100
2022-01-25,52.72600555419922,52.928729679964555,51.730010186468554,52.32055730266855,19027100
2022-01-26,52.53208923339844,53.19314742020621,52.18833951422892,52.69955945927186,19190200
2022-01-27,52.57615661621094,53.704361386829,52.44394364864113,52.77888070078666,18893800
2022-01-28,53.62503433227539,53.66910420073751,51.950352432191636,52.346987972981516,19101500
2022-01-31,53.774879455566406,53.889463818118735,53.01686887876295,53.14907850110868,22045300
2022-02-01,53.37824249267578,53.88945903924692,53.02567680638732,53.686734946441504,20841700
2022-02-02,53.924713134765625,54.00404024143739,53.378239378979806,53.43112187521739,20225600
2022-02-03,54.3037223815918,54.45356061045612,53.404682921459276,53.71317537048319,19440500
2022-02-04,53.73081588745117,54.36543290860191,53.387066121766615,54.197966022383255,17403700
2022-02-07,54.29490661621094,54.40067833830112,53.64266447489917,54.10099851701001,17846400
2022-02-08,54.64747619628906,54.938343409309915,54.418310840046146,54.49763795611404,18771700
2022-02-09,53.801326751708984,54.92953172441274,53.67792975310902,54.79731873316076,23595600
2022-02-10,54.10100555419922,54.911902021808096,53.06094035456803,53.20196597338332,23561500
2022-02-11,53.140262603759766,54.6298457760861,53.01686561889808,54.44475029879357,22781400
2022-02-14,53.4840087890625,53.58096451716495,52.250032297002036,53.025674759506195,23641300
2022-02-15,53.68673324584961,54.45355972257396,53.43993929065452,53.73080311466081,13408700
2022-02-16,53.677921295166016,54.11862671347669,53.378241476222136,53.64266405474544,15484700
2022-02-17,54.75324249267578,54.89426809787182,53.24603070670893,53.369427690966006,21468700
2022-02-18,55.12343978881836,55.37023377067904,54.63866445488523,54.7532454537115,21975000
2022-02-22,54.89427185058594,55.21158032454796,54.40068387981467,55.02648483550874,21731400
2022-02-23,54.286094665527344,54.93834017730479,54.06574195189268,54.85901306590369,19248500
2022-02-24,53.334171295166016,53.431127030710556,52.19715380624873,52.85821197152618,27207400
2022-02-25,55.396671295166016,55.440744528089375,53.69554806364492,53.71317668435114,21487800
2022-02-28,54.85902404785156,54.94716380602344,54.1274512782232,54.33899140507846,25879100
2022-03-01,54.62103271484375,55.30853211781745,54.21558115909827,54.770870948900836,15871100
2022-03-02,55.0264778137207,55.42311335555959,54.453559435251705,54.850194977090595,17319100
2022-03-03,55.06174087524414,55.54651620549615,54.90308664173391,55.18513786523747,21262800
2022-03-04,55.14988327026367,55.167511892868724,53.94235120150324,54.171516570737,17163000
2022-03-07,53.83658218383789,54.70917713729046,53.51927370537661,54.65629127010828,29151400
2022-03-08,51.70356750488281,54.24203204676433,51.641869005802015,54.16270492475815,30242100
2022-03-09,51.967987060546875,52.743629611958035,51.70356445688638,52.72600099007189,23022700
2022-03-10,51.01607131958008,51.70357084652317,50.681134186982774,51.54491659225688,20887300
2022-03-11,51.05132293701172,51.87103542685956,50.99844042948353,51.08658018357457,19855600
2022-03-14,51.992759704589844,52.4368386155179,51.486510017176116,51.486510017176116,17799400
2022-03-15,52.95197296142578,53.19177600059405,52.383552448458126,52.472370271142765,18607200
2022-03-16,52.80986404418945,53.236179398327984,52.05493123982912,53.09407428028181,17347300
2022-03-17,53.369415283203125,53.41382250636425,52.60559884783765,52.80987478482196,15586200
2022-03-18,53.378299713134766,53.55593200827758,53.031918601036104,53.55593200827758,30197800
2022-03-21,53.804603576660156,54.266442672000686,53.511509863177174,53.73354932319036,17440100
2022-03-22,54.000003814697266,54.133228865212295,53.342768815226,54.115465299273374,17559500
2022-03-23,53.64474105834961,54.15987090298246,53.28947652628623,53.95559498286481,15529200
2022-03-24,54.15987777709961,54.19540491242588,53.698035182020384,53.8579039029345,13151300
2022-03-25,54.64834976196289,54.71940401406447,54.22203441351307,54.28420519007535,12259800
2022-03-28,54.9947395324707,55.01250309832616,54.3641481908442,54.64835846842386,11485200
2022-03-29,55.20790100097656,55.5365185114673,54.83487626821203,55.25230822325035,14720600
2022-03-30,55.25230407714844,55.25230407714844,54.67500345480166,55.074671813328806,13641000
2022-03-31,55.065792083740234,55.63421262122574,55.065792083740234,55.261187914021,16822900
2022-04-01,55.8384895324707,55.90954379494596,55.14572741360545,55.35888681297753,12644900
2022-04-04,55.54539489746094,55.76743436853676,54.81710570337651,55.59868220216493,11505800
2022-04-05,55.48323059082031,56.16711264810096,55.394412759193955,55.42105980270878,15721200
2022-04-06,56.04276657104492,56.184871710771624,55.33224087241141,55.74967620263212,19267400
2022-04-07,56.3447380065918,56.549013924458635,55.69638312256567,56.06941121592737,13960800
2022-04-08,56.69112777709961,56.87764014729229,56.096060144701205,56.380270438724516,12703500
2022-04-11,56.67335510253906,57.10855395110409,56.522366502323415,56.762169534628214,12720100
2022-04-12,57.339481353759766,57.56152086553995,56.74441708845483,57.179612634233706,18089900
2022-04-13,57.4904670715332,57.61480864241551,57.04638809663712,57.232900452960585,11883000
2022-04-14,57.74802780151367,58.236517391849794,57.57039891926827,57.694740492061555,16388400
2022-04-18,57.23289108276367,57.89012596069697,57.00196815631445,57.525978008369115,11679400
2022-04-19,57.79243087768555,57.95229956131274,57.23289387304367,57.286181175550524,11993800
2022-04-20,58.58290100097656,58.83158415736861,58.085534688192475,58.12106182140674,14827100
2022-04-21,58.804935455322266,59.506581029851894,58.369739968981136,58.60066292700402,15120400
2022-04-22,57.952308654785156,58.92039760813417,57.89013786673621,58.689481410299614,14902200
2022-04-25,58.56513977050781,59.68421395417181,57.53487325412265,59.50658506739877,25082000
2022-04-26,57.77467727661133,58.94704549791664,57.76579379981376,58.192105820593476,21982600
2022-04-27,58.22764205932617,58.86711696662631,57.73027569858537,57.73027569858537,16971000
2022-04-28,58.787174224853516,58.86710518421341,57.28618518876267,57.428293706878605,22010600
2022-04-29,57.383888244628906,58.64507096347383,57.27730684648837,58.5029692087275,20137100
2022-05-02,56.3447380065918,58.00559239137254,55.58092503076287,57.97894873758014,24970300
2022-05-03,56.02500915527344,56.78882220142839,55.66086111696338,56.593429742204535,21686300
2022-05-04,57.75690460205078,57.83684233309607,55.90065453750795,55.953945228853684,19780200
2022-05-05,57.295074462890625,57.75691364128697,56.85099546300239,57.454943173894705,20155200
2022-05-06,57.49934768676758,58.0055974815701,56.90428344616086,57.019741548095524,18984000
2022-05-09,57.383888244628906,58.05000673676488,56.87763846164987,57.25954666818547,20055300
2022-05-10,56.85098648071289,58.01447110823841,56.70887797066965,57.28618193453357,21322200
2022-05-11,57.11743927001953,57.90789935427444,56.80658532274645,57.13520622478247,19648400
2022-05-12,57.295074462890625,57.31283464139873,56.140466352738095,56.98422051819042,22574700
2022-05-13,58.36974334716797,58.44079761161151,56.948691938835246,57.561516335364836,16167000
2022-05-16,58.58290100097656,58.955925735564634,58.12106182140674,58.12106182140674,13223200
2022-05-17,58.42303466796875,58.707244969145265,57.739155960049914,58.707244969145265,21300600
2022-05-18,54.35527038574219,58.19210929427678,54.14211097457443,58.10329484932166,31437300
2022-05-19,53.28947830200195,54.14210914170108,52.98750445610179,54.14210914170108,31493900
2022-05-20,54.15987777709961,54.390800768666274,52.987509415765466,53.72468222754214,29133800
2022-05-23,55.829620361328125,56.04277641432976,54.70165913436017,54.75494984163777,19406900
2022-05-24,56.8598747253418,57.01086674194685,55.7319169963065,55.84737849013326,16154200
2022-05-25,56.9042854309082,57.25955000262398,56.48685006735026,56.84211463906605,15360500
2022-05-26,57.108558654785156,57.81908094612655,56.80658142948185,56.90427934565874,16159800
2022-05-27,57.4460563659668,57.57928141343068,56.96645026076127,57.073031653953855,17709000
2022-05-31,56.29145431518555,57.126321605497814,55.99836055242625,56.913165585358186,43159000
2022-06-01,56.0161247253418,56.55790164681516,55.1812574259893,56.32697866976722,15408300
2022-06-02,56.60230255126953,56.61118602757806,55.16348770215746,56.11381638395932,14586000
2022-06-03,55.927303314208984,56.513487385004474,55.785198187593515,56.46019669200363,13539900
2022-06-06,55.8384895324707,56.63783304504884,55.651977175553704,56.24704476559604,15112800
2022-06-07,56.175994873046875,56.28257288699675,55.261193194864646,55.40329834281581,17886300
2022-06-08,55.85625457763672,56.140464858958644,55.56316420729702,55.94507240808345,10211500
2022-06-09,54.88816452026367,56.264808762664295,54.87040095343898,55.83849332303369,13382200
2022-06-10,54.54178237915039,54.968097810510045,53.698031605644175,54.18651782565708,14967600
2022-06-13,54.47960662841797,55.323357325074184,53.88453906372434,53.95559332317283,23064200
2022-06-14,52.985660552978516,54.47065445999777,52.47575323272401,54.327522640497065,24620000
2022-06-15,53.3792839050293,54.24702267052308,52.753084190273476,53.67449526701347,19684700
2022-06-16,52.842533111572266,53.245092453686915,52.108982049288706,52.45786567494405,15053800
2022-06-17,53.164581298828125,53.79078434912989,52.89620953799368,53.406116907338756,34781900
2022-06-21,54.300697326660156,54.4617210822978,52.78886355567696,53.21826251239898,17705000
2022-06-22,54.70325469970703,54.97162647836832,53.9607559191274,54.21123579087363,15207100
2022-06-23,55.35629653930664,55.38313269467042,54.774821481186535,54.837441452057014,17190900
2022-06-24,56.39400100708008,56.41189291410555,55.56204609932325,55.56204609932325,18147100
2022-06-27,56.27769470214844,56.61763404644584,56.02721487610386,56.34031465865958,12142100
2022-06-28,55.71411895751953,57.03808928779256,55.562042875425455,56.429781546884094,13150100
2022-06-29,56.11668014526367,56.45661954507067,55.84830837174541,55.94671215162629,11795500
2022-06-30,56.27769470214844,56.45661032612242,55.60676367164474,55.7498954883176,15514200
2022-07-01,57.59272384643555,57.65534381017175,56.19718932599203,56.465561086651775,15143200
2022-07-05,56.60869598388672,57.41381472197654,55.83936105916361,57.41381472197654,15921200
2022-07-06,56.72499465942383,57.333302456043306,56.528187088071014,56.894962663071524,13450500
2022-07-07,56.27769470214844,56.87706153058154,56.089834832615004,56.59079448470415,14828400
2022-07-08,56.48345947265625,56.73393935633837,56.25087149674177,56.385055686200424,11311500
2022-07-11,56.304542541503906,56.76972189540576,55.99144269394131,56.34927401618347,12702100
2022-07-12,56.06300354003906,56.760774235204046,55.884091302207615,56.3582148750189,14731100
2022-07-13,55.8035774230957,56.35821284799557,55.44574613523846,55.75884936524656,13145300
2022-07-14,55.624664306640625,55.68728427298115,54.83743748510391,54.864277051058586,14433000
2022-07-15,55.91092300415039,56.33137423715181,55.52625558087928,56.13456669616699,21968400
2022-07-18,55.15053939819336,55.96460235350382,55.02529605600301,55.92881854144944,10780800
2022-07-19,55.93775939941406,56.04511082907373,55.4010159012435,55.54414772825778,10998200
2022-07-20,55.01634216308594,55.98248444396503,54.70324239383709,55.82146073048518,11010500
2022-07-21,54.89111328125,55.356292612238995,54.38120589031696,54.80165374882968,11959600
2022-07-22,55.09686279296875,55.347342648252045,54.85532718428896,54.90900290150627,11644700
2022-07-25,55.633609771728516,55.732013553141734,54.8463863454874,55.06108240263232,14941700
2022-07-26,56.54608154296875,57.07388089784636,55.937770306413796,56.13457788663234,20118000
2022-07-27,56.36716079711914,56.52818454597879,55.27578178127651,56.25086852157895,12142900
2022-07-28,57.30646514892578,57.47643656168924,56.2598141678413,56.28665032247453,10837000
2022-07-29,57.40486145019531,57.51221287980028,56.9217936671007,56.99335787430541,13734200
2022-08-01,57.71796798706055,58.18315074454075,57.279628208910275,57.33330051744081,12831500
2022-08-02,56.93074035644531,57.78953135494787,56.74288046537265,57.780583695830835,15241900
2022-08-03,57.18121337890625,57.34223709845205,56.635525676591776,56.8502216942984,11317000
2022-08-04,56.95758056640625,57.01125628733607,56.28664941117904,56.93074441220751,11795600
2022-08-05,56.698150634765625,56.92179433025023,56.06299994606505,56.92179433025023,10445400
2022-08-08,56.33137512207031,57.082818075551906,56.134567577993806,56.805498664583375,9165200
2022-08-09,56.40294647216797,56.63553785598889,56.22403081058242,56.519242164078435,7910900
2022-08-10,56.9396858215332,57.06492574408917,56.447666965017675,56.92179391652064,8857300
2022-08-11,56.555023193359375,57.24384623839059,56.42978326017774,56.97547105296453,8507800
2022-08-12,56.98442077636719,57.03809308537052,56.43872955128422,56.7428851482551,9489300
2022-08-15,57.700069427490234,57.8700408082737,56.86811466506807,56.93073462245196,9863300
2022-08-16,58.174198150634766,58.35311720566905,57.54799852067499,57.76269456165204,9569600
2022-08-17,58.04001235961914,58.344171350046814,57.93266774834467,57.99528771327621,8144000
2022-08-18,58.34416580200195,58.46045806151229,57.88793077227674,58.11157445791762,6532000
2022-08-19,58.2994384765625,58.56781364842295,58.111578586285844,58.33522228781484,8921100
2022-08-22,57.43169403076172,58.07578891821995,57.24383757196203,58.00422130293271,9087900
2022-08-23,57.494327545166016,57.58379049790235,56.966531614359916,57.09177155811272,8443800
2022-08-24,57.5748405456543,57.77164811373556,57.29752451339331,57.46748910168321,6844700
2022-08-25,57.85215759277344,57.8879414080582,57.16333791747035,57.5748415556477,7913900
2022-08-26,56.45661544799805,57.96844902457704,56.34031976998458,57.90582906238487,10089500
2022-08-29,56.11668014526367,56.38505191878193,55.83041646517322,56.0808963321193,9115900
2022-08-30,55.59782791137695,56.277703291202066,55.45469607285944,56.277703291202066,8456800
2022-08-31,55.20420837402344,55.937759414232445,55.1952641278154,55.80357524592022,14633600
2022-09-01,55.46363830566406,55.499422117127025,54.82849100859077,55.08791852289916,14939700
2022-09-02,54.70325469970703,56.15246503450386,54.479610982067236,55.81252562818232,11809800
2022-09-06,54.73008346557617,55.43679833692335,54.56011549162623,54.828487234058926,12181800
2022-09-07,55.74095916748047,55.901982910696724,54.85532857979107,54.85532857979107,13290700
2022-09-08,55.57098388671875,55.732007618697494,54.873216656498805,55.535203489359425,17193500
2022-09-09,55.74990463256836,56.25086777935852,55.338401018704424,55.61571703944513,11855900
2022-09-12,55.91092300415039,56.18824241076247,55.70517121699895,55.84830304338829,13026900
2022-09-13,54.094940185546875,55.66044611267915,53.924968786580536,55.64255420686522,18532800
2022-09-14,54.3812141418457,54.640641706430515,54.068110849664215,54.24702652912039,12881600
2022-09-15,53.642303466796875,54.4262603340248,53.489118626307075,54.4262603340248,11451900
2022-09-16,53.65132141113281,53.88560514140556,53.26384938854078,53.75945209915003,20493500
2022-09-19,54.05680847167969,54.15592625045644,53.37197285296317,53.51614822994368,12596200
2022-09-20,53.97571563720703,54.09285578086921,53.453077688883404,53.77747318268255,11984600
2022-09-21,53.52516555786133,54.69659102252977,53.516152662509214,54.19197544259629,14165300
2022-09-22,53.39900588989258,53.822522573379615,53.34494227066425,53.6603248408702,11657600
2022-09-23,52.80427932739258,53.25482779754921,52.26362253816943,53.12867477589128,14824000
2022-09-26,52.146484375,52.777252986039294,51.984286633949544,52.70516701080153,18670100
2022-09-27,50.8038444519043,52.59702536739286,50.74076794356522,52.33570987745034,23829300
2022-09-28,51.34450912475586,51.58780573898379,50.380335563229856,51.05615834583663,21480100
2022-09-29,50.97505569458008,51.62384661774612,50.46143069287769,51.44362653493197,14570700
2022-09-30,50.47945785522461,51.479676144615034,50.46143550148458,51.245388983407146,16124600
2022-10-03,51.047149658203125,51.227366319687924,50.515502257033006,50.78583068667269,16277600
2022-10-04,51.16428756713867,52.092419832848236,50.8759367964558,51.317475847608385,18861400
2022-10-05,50.67770004272461,51.04714969892313,50.01989616561293,50.91198376528922,14324900
2022-10-06,49.58736801147461,50.551541549842476,49.44319262547789,50.46143322262416,17192800
2022-10-07,49.11879348754883,49.64143137122532,48.88450979179142,49.551323050721415,11479800
2022-10-10,49.01066970825195,49.5242947696663,48.677264750603406,49.19989927037038,10239100
2022-10-11,49.091766357421875,49.75857967990049,48.87550499263754,49.07374400412111,14303900
2022-10-12,49.686492919921875,50.49748167470043,49.59638458601875,49.76759179539973,18377400
2022-10-13,50.34429168701172,50.533524681696726,48.89352487309742,49.091767325904335,16220700
2022-10-14,49.54231643676758,50.88495258192085,49.506271729031745,50.722754834522135,15997900
2022-10-17,50.18208694458008,50.6596706563511,50.073956275131465,50.128023328561774,13721400
2022-10-18,50.857913970947266,51.16428709162698,50.55154085026754,50.740773834667,11823100
2022-10-19,50.42538833618164,50.94802625693072,50.21813643439187,50.74077435514095,10182300
2022-10-20,49.632415771484375,50.389333819827755,49.52428167536818,50.25417135580001,16905100
2022-10-21,50.42538833618164,50.56055426393739,49.55132656557475,49.56033602329938,15034100
2022-10-24,51.876155853271484,52.02033124088394,50.97505882134054,51.03813533858271,17416700
2022-10-25,53.119667053222656,53.26384243088339,52.03835000206104,53.20076591799508,28829900
2022-10-26,53.51614761352539,53.86757487602926,53.038567327293165,53.17372980811122,15831400
2022-10-27,53.642303466796875,53.92164477508166,53.50714097884922,53.8585682598903,16026100
2022-10-28,54.750648498535156,54.88581441434344,53.588236059714426,53.678344378645264,12888900
2022-10-31,53.93065643310547,54.57944740144521,53.768458691020534,54.52538034161276,14016400
2022-11-01,53.741416931152344,54.327131273299145,53.49812036306422,54.09284416147571,10659500
2022-11-02,52.9935188293457,54.27307499235262,52.95747412231137,53.74142759453972,14549200
2022-11-03,52.96648025512695,53.1647226939577,52.35373402366124,52.36274691856023,9194000
2022-11-04,53.39900588989258,53.69636954529723,52.76824074948067,53.435050594319605,9725900
2022-11-07,53.60626220703125,53.858568267833896,53.38098795633966,53.39900687147219,8849700
2022-11-08,53.70537567138672,53.8765862880889,53.11065183487998,53.840541585897704,10081600
2022-11-09,52.95747375488281,53.74142722167196,52.939451401490686,53.69637305689786,10115200
2022-11-10,54.85877990722656,55.00295527287004,53.77746294619456,54.291087901137686,16804800
2022-11-11,55.25526809692383,55.37241167010294,54.25504987092958,55.30032225971202,18972100
2022-11-14,54.7236213684082,55.615708926696875,54.705599015598985,55.2552687453371,16361000
2022-11-15,54.633514404296875,55.372413700840966,54.06582230759169,55.0840629235268,13295800
2022-11-16,54.53439712524414,54.993955135642864,54.3271452038947,54.777693755718516,14199500
2022-11-17,54.705596923828125,54.732632170714375,54.18296246199392,54.23702608094203,11212600
2022-11-18,55.09307098388672,55.300322884985576,54.786697861085734,54.95790849399389,10415600
2022-11-21,55.940101623535156,56.057241754857515,55.14713532638276,55.33636486536085,15399400
2022-11-22,56.18339920043945,56.318565131720554,55.91307077528968,56.2915333204293,12319600
2022-11-23,56.435707092285156,56.57988247739396,56.138343426953824,56.3095540599915,8990400
2022-11-25,56.489776611328125,56.59791073950909,56.21043870705902,56.52582132072178,5165500
2022-11-28,56.49878692626953,56.859223691501676,56.372633886567655,56.48977403062653,12267500
2022-11-29,56.30054473876953,56.38164361287956,55.8499962020277,56.33658944668788,10969600
2022-11-30,57.72529602050781,57.788819885722425,56.03736826071156,56.27331355125282,30433900
2022-12-01,57.888641357421875,58.17903714519893,57.56194523072498,57.72529329407343,12001400
2022-12-02,58.39683151245117,58.551102758212224,57.53472097570963,57.72529255992887,13643500
2022-12-05,57.59825134277344,57.89772051440111,57.407676275238146,57.543800828936035,9185100
2022-12-06,57.571022033691406,57.970318862150236,57.38045043563118,57.643622715880674,10099500
2022-12-07,57.661766052246094,57.82511410602056,57.398593803188284,57.580092025358866,12307600
2022-12-08,57.90679168701172,57.94308856424108,57.48934471186084,57.71621663805096,9946200
2022-12-09,57.29878234863281,57.93402453658444,57.25340864844871,57.72530274630445,13914900
2022-12-12,58.05198669433594,58.08828703155093,57.18079591012973,57.44396816225235,11647900
2022-12-13,58.07013702392578,58.714448971429135,57.89771215257194,58.614624774706535,17521600
2022-12-14,58.07013702392578,58.66907874247067,57.68899040569319,58.251635248713164,12826700
2022-12-15,57.27155303955078,57.979392383985186,56.70891159812321,57.70714674857127,12212300
2022-12-16,56.94485092163086,57.29877055673934,56.56370776437271,56.94485092163086,33631500
2022-12-19,57.026527404785156,57.543795118640716,56.69075792391893,57.01745405094157,10919700
2022-12-20,56.981163024902344,57.30785920531972,56.94486268001343,57.008386552673315,10286500
2022-12-21,57.89771270751953,58.12458808702139,57.235247123217945,57.235247123217945,10411300
2022-12-22,57.48027801513672,57.70714996760224,56.85411267257673,57.552875239794226,9666700
2022-12-23,57.91586685180664,57.96124054610525,57.35322542656369,57.625471054146345,6463300
2022-12-27,58.26978302001953,58.342383695977,57.816039180657675,58.01568757774994,7320700
2022-12-28,57.688995361328125,58.66908378229775,57.6163981422513,58.49665889613217,7159400
2022-12-29,58.03384780883789,58.215346068409545,57.80697584982116,57.89772324871131,7169300
2022-12-30,57.72529602050781,58.00661500594651,57.325999197111955,58.00661500594651,7650200
2023-01-03,57.12636184692383,57.679929998972256,56.427595774812815,57.679929998972256,12180500
2023-01-04,57.099124908447266,57.471198191934086,56.72705508675133,57.307850127600176,13387900
2023-01-05,56.445735931396484,56.990227169564754,56.33683837612101,56.80872893624504,9814700
2023-01-06,57.53472900390625,57.779747668211,56.79058927063291,57.09005845022276,9990000
2023-01-09,56.81781768798828,57.825129805824034,56.7905941588981,57.443983089603556,9442600
2023-01-10,56.38221740722656,56.926708696946825,56.19164234021239,56.80873431485067,10134600
2023-01-11,56.273311614990234,56.77243262706121,55.728820371373956,56.60908456161815,10823000
2023-01-12,55.54731750488281,56.427581621733424,55.32952241031171,56.36405776400097,13907300
2023-01-13,55.746978759765625,55.774202287422696,54.98468882924496,55.084513046376095,13986400
2023-01-17,55.97385025024414,56.609092430626255,55.86495267874164,56.01922394988757,18327800
2023-01-18,54.2768440246582,55.89217112530466,54.158869646876624,55.81957044304182,19679400
2023-01-19,54.19517135620117,55.030058452554705,54.18609453979363,54.204244710817555,14894500
2023-01-20,54.52186584472656,54.53093919906565,53.90477389593765,54.1951696998629,14237700
2023-01-23,54.65798568725586,54.96653165463183,54.4946376185397,54.703359381501244,12613400
2023-01-24,54.94837951660156,56.12811283368431,54.267763741924114,54.52186265182147,10103300
2023-01-25,55.2932243347168,55.30229768828215,54.34943632154524,54.63075874714179,11265800
2023-01-26,55.18433380126953,55.44750262962342,54.96653520830331,55.18433380126953,11884800
2023-01-27,54.89393615722656,55.32045305065446,54.785035133474224,55.21155548869319,14087000
2023-01-30,55.030052185058594,55.511019546145064,54.86670412623852,54.93930480206555,15632000
2023-01-31,55.64714813232422,55.66529830260191,54.912081814137075,55.338602161185406,14344400
2023-02-01,55.65622329711914,55.88309522617286,55.01190438764547,55.483798415492124,12535400
2023-02-02,54.70335388183594,55.37489625924263,54.367584424027896,55.17524787048566,16947200
2023-02-03,54.29499053955078,54.83040495713006,53.75049584461342,54.76688109532265,15404400
2023-02-06,54.60353088378906,54.75780558624241,54.19516420589817,54.25868806520523,11330900
2023-02-07,54.512786865234375,54.66706157720467,54.03181948315639,54.149790393837954,14922700
2023-02-08,54.19517135620117,54.37666614285809,54.07719697544125,54.37666614285809,11012000
2023-02-09,54.10441207885742,54.73965411864445,54.08626191065887,54.585382881642644,12515300
2023-02-10,54.10441207885742,54.358510971846606,53.4328731644639,54.19516291985021,14420700
2023-02-13,54.99375534057617,55.13895323966306,54.204241980653144,54.35851669569039,16191800
2023-02-14,54.07720184326172,55.26601218890713,54.049978315170854,54.63984334848553,20505700
2023-02-15,54.07720184326172,54.38574785486022,53.75050565900548,54.358524326769356,13171400
2023-02-16,53.741424560546875,54.28591581466305,53.496402457657304,53.75049791467272,16538300
2023-02-17,54.558162689208984,54.65798689583068,53.88662369123017,53.995521252185185,16814700
2023-02-21,54.26776885986328,54.657988884422885,54.195171637182355,54.440193754588925,14278300
2023-02-22,54.431114196777344,54.775960507069705,54.22239243211884,54.313139821347406,12409600
2023-02-23,54.530941009521484,54.83041017772834,54.27684553809855,54.45834032523426,12222800
2023-02-24,54.3040657043457,54.3675895682716,53.895695534971416,54.158867806544954,9736200
2023-02-27,54.285911560058594,54.7215052215705,54.21331434736862,54.6126076716402,8849800
2023-02-28,54.00458908081055,54.17701395162057,53.66881961617681,54.17701395162057,16082200
2023-03-01,53.41472625732422,53.705122042649045,52.97005576378823,53.65974835027782,13275800
2023-03-02,54.19517135620117,54.24961840748178,53.36028079805648,53.396581140104324,11758300
2023-03-03,53.941062927246094,54.158861479398226,53.73234118990351,54.040887119407884,13101800
2023-03-06,54.775962829589844,54.79411300056333,53.74142731663908,53.777724196794914,16282700
2023-03-07,54.45833969116211,54.9665340898821,54.22239439355815,54.893936868231314,13961200
2023-03-08,54.48556900024414,54.74874129624943,54.204246532604905,54.48556900024414,10851600
2023-03-09,53.959224700927734,54.93931320372947,53.79587661712744,54.93931320372947,13900900
2023-03-10,53.73234939575195,54.57631328881956,53.532704442729724,54.17701992098402,13745800
2023-03-13,54.2768440246582,55.238778832103364,53.768649634191526,53.80494997532295,21956000
2023-03-14,54.47649383544922,54.86671388293369,53.8594018283478,54.44927030806843,19496900
2023-03-15,54.839481353759766,54.88485504587688,53.75957224949293,53.931993664254286,21089900
2023-03-16,55.1412467956543,55.1778255748094,54.59257906170525,54.949213437606566,15658300
2023-03-17,54.88520812988281,55.186974369004574,54.53771666780328,55.150399074321,27351200
2023-03-20,55.415584564208984,55.415584564208984,54.839484449504994,55.01322843020776,12904100
2023-03-21,55.15953826904297,55.55275143895416,54.7571821481698,55.38815041488229,13716500
2023-03-22,54.91264724731445,55.66249495017667,54.89435785354401,55.23270640577941,10494200
2023-03-23,54.793766021728516,55.2235580394873,54.610879067090366,54.94922411918502,15479000
2023-03-24,55.68992614746094,55.79965901260047,54.78462041711132,55.095533108627414,12975600
2023-03-27,56.10142135620117,56.22030065335658,55.73564400176516,55.909387983496416,12777400
2023-03-28,56.165435791015625,56.45806257549535,56.02827058314639,56.13800344711075,10925700
2023-03-29,56.56779098510742,56.650091498686265,56.32088944437089,56.43976873917246,9441000
2023-03-30,56.55864334106445,56.77811253538206,56.384899366473704,56.58607917056947,9870700
2023-03-31,56.72325134277344,56.92443117161821,56.576939691344045,56.75068717565359,14440900
2023-04-03,57.06159973144531,57.17133259766278,56.56779660094929,56.970152769309976,12300700
2023-04-04,56.887847900390625,57.37250804180954,56.76897209121615,57.05244893131106,11433400
2023-04-05,57.427371978759766,57.62855178911944,57.15303809357951,57.18047043559415,12789600
2023-04-06,57.463951110839844,57.64684153152375,57.0433055851081,57.482240501742695,9644200
2023-04-10,57.3267822265625,57.3267822265625,56.71410333096974,57.14389529485068,7952600
2023-04-11,57.226200103759766,57.34507592062407,57.06159906219164,57.29021123233127,9913000
2023-04-12,57.3267822265625,57.63769489415506,56.979294265634344,57.134748855258316,9593700
2023-04-13,57.747432708740234,57.75657566022065,57.13475030921144,57.390794810799456,9871400
2023-04-14,57.6559944152832,57.74744138555117,57.40909282807753,57.6559944152832,8946000
2023-04-17,58.030906677246094,58.09491779947086,57.73828340754871,57.902884432796554,9452400
2023-04-18,58.12235641479492,58.158931709001585,57.7840079087118,58.076631192433354,9035700
2023-04-19,58.232093811035156,58.369262512117416,58.0034816347947,58.27781554861425,9769500
2023-04-20,58.488136291503906,58.52471507562894,58.01262256291304,58.18637004333452,10706400
2023-04-21,58.5704345703125,58.771607398285916,58.34181893606777,58.524709350456845,12931100
2023-04-24,58.47899627685547,59.43002029345921,58.17722652518431,59.21055455437566,15532300
2023-04-25,58.387542724609375,58.6801660026034,58.18636640120388,58.6801660026034,12818900
2023-04-26,58.113216400146484,58.31439623807733,57.96690474210907,58.12236284096793,13179600
2023-04-27,58.232093811035156,58.30524789349271,57.710858328274526,58.0949251099529,13795800
2023-04-28,58.66188430786133,58.671030748148574,58.04920187737654,58.168081182696554,13687600
2023-05-01,58.79904556274414,59.15567994521722,58.57957288376926,58.66187688255706,9091500
2023-05-02,58.533851623535156,58.65272741933407,57.85715818496354,58.65272741933407,10948400
2023-05-03,58.20465087890625,58.689307488108035,58.14063976026995,58.54299237311725,11084600
2023-05-04,58.26866912841797,58.46070250782777,58.07663226066341,58.28695852003006,11938300
2023-05-05,58.542999267578125,58.71674674291931,58.186368341993756,58.19551129358525,9039000
2023-05-08,58.45155715942383,58.57957941475449,58.16808030500446,58.35097073619605,7240700
2023-05-09,57.96689987182617,58.2961019468376,57.86630996131215,58.19551203632358,9067700
2023-05-10,58.06748962402344,58.19551187765777,57.601122344591964,57.9028885869665,10134000
2023-05-11,58.396690368652344,58.460701494012206,57.61940693616948,58.140645867212896,9581500
2023-05-12,58.62530517578125,58.698462744265896,58.250381358159615,58.396693006784034,8740800
2023-05-15,58.469844818115234,58.75332515247603,58.259522049400346,58.725892809531175,8150000
2023-05-16,57.81144714355469,58.433272530160295,57.756578966497166,58.433272530160295,9129600
2023-05-17,57.747432708740234,57.994330770503126,57.36336246801351,57.9760448675423,11583000
2023-05-18,57.427371978759766,57.646841179910744,57.21704921717675,57.61940534955149,13595100
2023-05-19,57.454811096191406,57.70170916513781,57.25363127432194,57.64684447796963,14251400
2023-05-22,56.247737884521484,57.49138867205637,56.18372675472292,57.4182345901487,15055400
2023-05-23,56.14714431762695,56.394042364968776,55.93681807407065,56.24773073141515,13932700
2023-05-24,55.671627044677734,56.17457303454777,55.52531542056383,56.128851306076726,11090100
2023-05-25,55.24183654785156,55.53445980362863,55.00408146066183,55.2967047164389,14463600
2023-05-26,55.10467529296875,55.452166764139086,54.96751008554127,55.27842277272634,12570300
2023-05-30,54.66572952270508,55.04979970178906,54.427974450581964,54.949209809925534,15634200
2023-05-31,54.556007385253906,55.12296458259326,54.290816434370484,54.793762504026915,59432200
2023-06-01,54.866920471191406,55.02237507145425,54.65659769465322,54.812052294916064,13402700
2023-06-02,55.927677154541016,56.073988793408994,54.94007446426831,55.11381844531633,15259800
2023-06-05,55.5527458190918,56.183714021973884,55.36985542325312,55.78135794180411,12915600
2023-06-06,55.15039825439453,55.77222360325222,54.976650781765514,55.735644820767725,10943500
2023-06-07,55.06809616088867,55.1961184075733,54.70231532320863,54.87605930251712,16817900
2023-06-08,55.20526123046875,55.24184001182067,54.84862683314903,54.98579551904642,15585900
2023-06-09,55.29671096801758,55.47959790729628,55.02237358241,55.113820540394116,12581500
2023-06-12,55.05895233154297,55.461311969734645,54.88520834399778,55.40644379497812,14208900
2023-06-13,55.278419494628906,55.47959581792811,54.90349570187562,55.05895029207703,13397800
2023-06-14,55.653343200683594,55.85452301201402,55.41558460759406,55.534463904138825,14099700
2023-06-15,56.41811752319336,56.48261615194896,55.59806051623356,55.84684244782445,15271400
2023-06-16,56.82353973388672,57.284246247759306,56.64847252398337,56.7590411031375,26738000
2023-06-20,56.445762634277344,57.09075248069079,56.42733746615892,56.749830631909695,13971800
2023-06-21,56.6024055480957,56.86961618375339,56.187768960853084,56.491836963134986,13948700
2023-06-22,56.9893913269043,57.21974457158041,56.749825499002235,56.95253747908891,15193400
2023-06-23,56.390472412109375,57.09996079494495,56.37204373159153,57.072316016712485,25112100
2023-06-26,56.408905029296875,56.47340365815485,55.644130551535625,56.39968893093908,12856100
2023-06-27,56.289119720458984,56.53790164964015,56.187763729135746,56.40890439337842,9068500
2023-06-28,55.763916015625,56.24305120457889,55.65334743814694,56.0956252629709,11173200
2023-06-29,55.30320739746094,55.60727185264547,55.07285415281052,55.48749069616358,17142300
2023-06-30,55.48748779296875,55.60726894318349,55.16499115838477,55.2847758235109,19739200
2023-07-03,55.81919860839844,55.86526855325474,55.31241867024471,55.469060700649905,9694500
2023-07-05,56.23383712768555,56.298335759775775,55.43220876105572,55.5427773425087,14716600
2023-07-06,55.8007698059082,56.224618921521134,55.7454837632542,55.95740832106066,12603900
2023-07-07,55.063636779785156,55.74548391472466,55.035995515838785,55.57041671821184,14574000
2023-07-10,54.649009704589844,55.42299681347069,54.49236765706384,55.257142181931094,15480600
2023-07-11,54.84249496459961,54.87935232332803,54.215933925861165,54.78720892650697,15967700
2023-07-12,55.13734817504883,55.33084404081563,54.777997705792984,55.05442087330431,14241300
2023-07-13,55.60727310180664,55.70862909411554,55.266351276240805,55.39534853375697,11269800
2023-07-14,56.114051818847656,56.24304907350292,55.36770604059878,55.41377598655972,11634200
2023-07-17,56.0311279296875,56.29833503853301,55.73627603964903,55.98505446600316,10014300
2023-07-18,55.80998229980469,56.4365433892373,55.66255636787416,56.16933278920338,11152900
2023-07-19,56.795894622802734,56.93410797357232,55.9113390196297,55.994266327109145,12936000
2023-07-20,57.48695373535156,57.50538241625225,56.823535282572664,56.83275138047875,11563000
2023-07-21,57.533023834228516,57.75416449071756,57.34874405455106,57.55145251517856,12815100
2023-07-24,57.55145263671875,57.873949281658355,57.496170108663364,57.51459527474083,10251100
2023-07-25,57.35795974731445,57.48695700604704,57.17367644273432,57.40402969473156,13422700
2023-07-26,58.095096588134766,58.205665178502336,56.56555094755354,56.99861623928537,17145500
2023-07-27,57.533023834228516,58.297798276553635,57.47774130628988,58.095086301014646,11517100
2023-07-28,57.56988525390625,57.83709587414883,57.33031941449301,57.67124124881976,9721800
2023-07-31,57.063106536865234,57.54224171164913,56.87882323657734,57.54224171164913,15577900
2023-08-01,56.915679931640625,57.459313727908324,56.77746657931891,57.210531802676165,9281600
2023-08-02,57.09074401855469,57.671235145776095,56.72218095731343,56.72218095731343,11059400
2023-08-03,56.795894622802734,57.238172424389255,56.69453863422658,57.007819183047644,8037400
2023-08-04,55.93898391723633,57.02625156818321,55.85605660437049,56.83275567646684,9359300
2023-08-07,56.381256103515625,56.510256866658025,55.96662309560494,56.012693039271525,6982600
2023-08-08,56.13248062133789,56.528688509107546,55.856057412755106,56.38126256353594,7956100
2023-08-09,56.261474609375,56.786679696771735,55.97583533652833,56.123261264307914,7904100
2023-08-10,56.13248062133789,56.878826447932035,56.01269945706282,56.528688509107546,7870300
2023-08-11,56.36282730102539,56.3904720790946,55.92054951594329,56.05876286155518,8483900
2023-08-14,56.095619201660156,56.648465544225374,55.975834538636875,56.501039618547225,7176300
2023-08-15,55.71784591674805,56.11405379279049,55.625702506673235,55.92055438908924,7187400
2023-08-16,55.72705841064453,56.04033897457148,55.65334719761497,55.78234445660047,8372300
2023-08-17,55.846839904785156,56.22461907668471,55.69941397221243,55.81919864083761,12873500
2023-08-18,56.160118103027344,56.28911534927166,55.62569692297366,55.782338946921286,11083800
2023-08-21,55.68098449707031,56.1416909691527,55.57962851082635,56.07719234425408,8648500
2023-08-22,55.34006118774414,55.819196327476156,55.26634646705706,55.59805568032625,9411500
2023-08-23,55.5335578918457,55.690196403293,55.432201906833264,55.46905926773076,7749500
2023-08-24,55.386138916015625,56.0956273852563,55.36771023325345,55.533564863201235,8955100
2023-08-25,55.64412307739258,55.80997767643876,55.293985199971615,55.66255175672117,7629200
2023-08-28,55.8007698059082,55.95740832106066,55.62569909495959,55.79155370801013,6254300
2023-08-29,55.7454833984375,55.86526806594819,55.422990272345004,55.80076944072969,8189600
2023-08-30,55.71784591674805,55.96662785158249,55.551991293525084,55.87448444150768,9447900
2023-08-31,55.128143310546875,55.71784708777271,55.109714628144594,55.56120504480923,14663500
2023-09-01,54.649009704589844,55.404568130531636,54.473938974124785,55.284783448883736,11262300
2023-09-05,54.197509765625,54.658216243411616,54.05929641632442,54.59371761771441,12474600
2023-09-06,54.16065216064453,54.206725620145505,53.828942935741686,54.0132262290112,13923500
2023-09-07,53.74602508544922,54.51079609192413,53.71838030371052,54.31730019431249,17628600
2023-09-08,53.74602508544922,53.8197363019581,53.45116967467814,53.71838030371052,14312300
2023-09-11,54.2527961730957,54.35415216127606,53.65387634198167,53.81051837323627,14767400
2023-09-12,53.71837615966797,54.36336595019497,53.61702016923938,54.354153366934,12292700
2023-09-13,53.84737014770508,54.0685107965785,53.75523026103945,53.81051630198565,12641400
2023-09-14,54.29316329956055,54.413898320614834,54.042407583277736,54.08884658254355,12311600
2023-09-15,53.81022644042969,54.460333455532066,53.63377028977545,54.24672752280381,55727500
2023-09-18,54.144561767578125,54.190997218946634,53.52231892508486,53.84737062746226,13617400
2023-09-19,54.033119201660156,54.228150234730485,53.79164917165093,54.10741521972587,11998900
2023-09-20,54.27458572387695,54.636790769124396,53.94024832816849,54.14456503507954,14766600
2023-09-21,53.43873977661133,54.25601373353345,53.32729042928702,54.20957827688078,15941800
2023-09-22,53.49445724487305,53.83808739473166,53.40158633792629,53.726638055037945,14644100
2023-09-25,52.93722915649414,53.39230514140753,52.695762652506296,53.30871990102746,12358800
2023-09-26,52.50072479248047,52.84435494974627,52.379993319406836,52.68647015317586,11194700
2023-09-27,51.96206283569336,52.500720439975375,51.711307150962874,52.39856032292246,13766300
2023-09-28,51.83204650878906,52.30569381340575,51.729886383158494,52.22210857814421,12484800
2023-09-29,51.98992919921875,52.25925980281405,51.65558824893468,52.13852478347854,12271600
2023-10-02,51.52556610107422,52.017788295765484,51.15407892231032,51.92491738677403,11792500
2023-10-03,50.96833419799805,51.479131289425816,50.87545974504874,51.228375580659865,13604200
2023-10-04,51.1169319152832,51.339823526076394,50.81045152194472,50.97762200143875,12100500
2023-10-05,48.646522521972656,51.03334087795456,48.516501839981096,50.838309854967214,29878100
2023-10-06,49.352352142333984,49.49166204470679,47.87568205693371,48.33075800092665,30298900
2023-10-09,49.11088562011719,49.36164131850552,48.395768304594455,49.18518163660374,15704700
2023-10-10,50.17890930175781,50.4575290734498,49.742411842182335,50.271783739921,20909700
2023-10-11,49.8817253112793,50.41109728464346,49.24090753899585,50.35537615658286,21138900
2023-10-12,49.04588317871094,49.993181455415964,48.69296730084862,49.928167559168905,19330400
2023-10-13,49.120174407958984,49.61239661963409,48.887993584670994,48.98086803966511,14494600
2023-10-16,49.62168502807617,49.742420046202355,49.07373815233196,49.24090862579956,12816800
2023-10-17,50.216068267822266,50.24392883297162,49.41736566742413,49.510240122585664,16457200
2023-10-18,50.19749450683594,50.64328127325222,50.07675948380706,50.24392996406295,12809500
2023-10-19,50.476104736328125,50.856881108377266,50.021032350190254,50.29964860291926,16202200
2023-10-20,50.68043518066406,51.098361415315765,50.559700147809444,50.643285394739785,15686400
2023-10-23,50.22535705566406,50.977620650655766,50.19749294795454,50.503973333172034,21212700
2023-10-24,51.67416000366211,52.16638218237456,51.35839396342443,51.68344921993855,25290800
2023-10-25,52.11994934082031,52.212823794248315,51.599866572816076,51.785608394075794,16701000
2023-10-26,51.80418014526367,52.59359700896888,51.74845901938189,52.35212698748806,16228400
2023-10-27,51.302677154541016,52.13852600706877,51.17265291531387,51.59057911297688,13626500
2023-10-30,52.14780807495117,52.268539537770216,51.46983703457822,51.47912625036293,15014300
2023-10-31,52.46357345581055,52.67717935987123,52.14780743615612,52.53786946718926,16639400
2023-11-01,52.417144775390625,52.82578531815992,52.2499742884029,52.751485749366076,14110800
2023-11-02,53.020809173583984,53.07653384261382,52.34284164297851,52.47286232791683,13087200
2023-11-03,52.69575881958008,53.485172165796016,52.658609039269244,53.30871602351663,13958700
2023-11-06,52.909366607666016,53.197268558230796,52.69576067754441,52.732906916366915,12673200
2023-11-07,53.10439682006836,53.30871707300233,52.68647064033892,52.86292678609219,10449300
2023-11-08,53.020809173583984,53.373724991843666,52.86292438273178,53.23441509066807,13744000
2023-11-09,52.6214599609375,53.06724670222022,52.35212936428812,52.96508657640162,12021100
2023-11-10,52.67718505859375,52.87221609520917,52.064227841518075,52.81649142354843,11678900
2023-11-13,52.872215270996094,53.030096524043174,52.56573489583685,52.58430978610087,12798200
2023-11-14,53.03009033203125,53.16011454869724,52.760763311645846,52.95579432244834,12697100
2023-11-15,53.13225555419922,53.252990567028334,52.70504371532449,53.21584078726583,10201900
2023-11-16,53.076534271240234,53.42944654955195,52.760768229783764,53.16940517757532,16010400
2023-11-17,53.17869186401367,53.252991424735356,52.65860911015411,53.11368151978123,14475800
2023-11-20,53.308712005615234,53.47588246161622,52.90007153859158,52.98365676659208,13051000
2023-11-21,53.89380645751953,53.903095673537216,53.243703048196735,53.364434514043616,13891600
2023-11-22,54.256011962890625,54.367461306577795,53.98668490597531,54.10741638077254,11320600
2023-11-24,54.39532470703125,54.562495188479396,54.18171876802492,54.293164574724244,4816000
2023-11-27,54.29316329956055,54.506769233549996,54.11670714786445,54.36746286414726,16246500
2023-11-28,54.40460968017578,54.63679049265288,54.200289431500565,54.23743921176843,13739600
2023-11-29,54.079551696777344,54.488188630774914,53.95881668837888,54.40460694357352,11263600
2023-11-30,54.706756591796875,54.72547938783236,53.92041701334768,54.257420199969935,22727500
2023-12-01,54.89397430419922,54.940779503090745,54.51952914205927,54.54761154719263,15371200
2023-12-04,54.82844543457031,55.19353097949554,54.70674906259267,54.847168228029005,14942200
2023-12-05,54.91270446777344,55.07184645057234,54.688034483530366,54.80973087378737,11891500
2023-12-06,54.85652542114258,54.97822178775577,54.49143989231057,54.81908340688338,14868500
2023-12-07,54.98759460449219,55.1280102173348,54.65995103250973,54.92206303328915,11587900
2023-12-08,54.86589813232422,54.99695413251273,54.6412281527095,54.9875945200742,11178700
2023-12-11,55.26842498779297,55.315230188336265,54.7629202515064,55.07184100290638,14524800
2023-12-12,55.624149322509766,55.624149322509766,55.137370934552045,55.41820571868397,12899000
2023-12-13,56.1015739440918,56.185824739848144,55.47437278212608,55.65223755706068,16196800
2023-12-14,55.26842498779297,56.204543282690516,55.015672619649685,56.13901528772832,22478300
2023-12-15,54.85652542114258,55.39011251266745,54.10763157084518,55.07183575092267,65177400
2023-12-18,55.24970245361328,55.68967919701005,54.87525370548736,55.04375528504323,16717700
2023-12-19,55.07184600830078,55.418208809011034,54.893981230659335,55.230984418813414,14612200
2023-12-20,53.92977523803711,54.922058339619944,53.892329649409255,54.76291994446341,17701000
2023-12-21,54.28550338745117,54.36039099673319,53.798721428590014,54.15444382194361,11725100
2023-12-22,54.59442138671875,54.72547738315814,54.31358659849033,54.40719700423045,9029400
2023-12-26,54.819095611572266,54.95951123107281,54.351036404553746,54.351036404553746,6422500
2023-12-27,54.959503173828125,55.015671555998885,54.66930879346544,54.89397518013282,8560100
2023-12-28,54.9969482421875,55.109281434459575,54.79100108051554,54.90333784379541,8400100
2023-12-29,55.16545104980469,55.212256250047474,54.8846162773401,54.987589860478955,9244300
2024-01-02,55.99859619140625,56.054764574739494,54.92205872240379,55.04375510078853,16322600
2024-01-03,56.12965393066406,56.35432389999047,55.942429551393396,56.10157152362627,14830600
2024-01-04,55.94242858886719,56.41048774348659,55.84881818634649,56.21390375558835,12912900
2024-01-05,55.85818099975586,56.120296569651515,55.31523420620202,55.979877386814266,10412800
2024-01-08,56.270076751708984,56.335604753045864,55.624152779947956,55.867545560063434,11554600
2024-01-09,56.1671028137207,56.29815881559141,55.8113768293515,56.15774320116204,10493700
2024-01-10,56.35432815551758,56.55091216164298,56.148380965667194,56.37305095195928,12258000
2024-01-11,55.98923873901367,56.410489131731616,55.876901968014714,56.401129519652386,13754200
2024-01-12,56.532188415527344,56.59771641646835,56.04540642924543,56.24199400307668,13218000
2024-01-16,56.15774154663086,56.569632336233305,56.026681977613244,56.53218674508542,11826900
2024-01-17,56.15774154663086,56.363685155928025,55.99859956975639,56.03604516090427,8982100
2024-01-18,56.31687927246094,56.38240727067443,55.72712371753148,55.87690250930631,10397700
2024-01-19,56.007965087890625,56.42921550733695,55.83010030802743,56.41049271098249,14392600
2024-01-22,55.764564514160156,56.2326236445936,55.64286814036528,55.94242569816207,14314300
2024-01-23,56.02667999267578,56.16709916900148,55.66159441943855,55.727122416121745,14481600
2024-01-24,55.146732330322266,55.9892402809772,55.128009534640135,55.97987709763206,16370500
2024-01-25,55.38076400756836,55.39012362025819,54.91270481089486,55.240344820162996,14899700
2024-01-26,55.57734680175781,55.689683577636906,55.352680392016026,55.46501359688692,13025100
2024-01-29,55.914344787597656,55.970513170313794,55.39011726193728,55.54925922746241,14547100
2024-01-30,56.073486328125,56.18581952169801,55.65223238846642,56.02667755737906,22061500
2024-01-31,55.68967819213867,56.58835088621562,55.50245382145401,56.2607073447655,22837000
2024-02-01,57.08449172973633,57.11257413514023,55.56798113079305,55.764565110635964,15870900
2024-02-02,56.672603607177734,56.981520793985744,56.3824056441695,56.93471559247035,17544900
2024-02-05,56.20454406738281,56.52282443493193,56.05476528094841,56.52282443493193,12759600
2024-02-06,56.11092758178711,56.21390116241443,55.86753840385618,56.12965037562915,12775200
2024-02-07,56.15774154663086,56.363685155928025,56.11093277219194,56.232629157918524,10259900
2024-02-08,56.007965087890625,56.13902109136355,55.61479350646359,56.06412990594573,12874800
2024-02-09,55.75520706176758,55.77392985623084,55.25906193601094,55.670956272186864,15235300
2024-02-12,55.886260986328125,55.942425796634026,55.193531900823835,55.84881539878567,13516800
2024-02-13,55.55862045288086,56.78493672857822,55.03439648300129,55.69903962824601,24195700
2024-02-14,55.50245666503906,55.783291449950276,55.268427082445044,55.390119894268146,15872500
2024-02-15,55.605430603027344,55.78329180135634,55.35267822371263,55.62414982726572,13695800
2024-02-16,55.596065521240234,55.81137230270915,55.193534364708974,55.55861993202618,13947100
2024-02-20,56.822383880615234,56.95343987668884,55.708400771973494,55.79265156530768,18339300
2024-02-21,57.327884674072266,57.365326691068326,56.94407632455203,57.09385510555973,14373000
2024-02-22,57.24363327026367,57.33724366825771,56.635154970279046,57.09385449086853,12982800
2024-02-23,57.290443420410156,57.6836114111728,57.103219037234,57.187469831112864,13612900
2024-02-26,56.83174133300781,57.35596886838829,56.78493613204711,57.32788646201345,10336100
2024-02-27,56.48537826538086,56.89726903109275,56.279431097020954,56.67260263925277,9931100
2024-02-28,56.54154586791992,56.62579665644826,56.22326550803597,56.5134598910719,8076500
2024-02-29,56.185821533203125,56.7662138869514,56.07348833560848,56.49473871934038,18152700
2024-03-01,55.72711944580078,56.07348577667365,55.54925826014203,56.07348577667365,10927600
2024-03-04,55.98923873901367,56.12029473417108,55.43692878013028,55.44628839220951,10150200
2024-03-05,55.7177619934082,56.27007193670691,55.62414802021727,56.08284756133299,12310000
2024-03-06,55.745845794677734,56.16709975705727,55.58670739278326,55.71776338752178,12378800
2024-03-07,55.64286804199219,55.95178878161584,55.45564724695602,55.87689760679516,13686900
2024-03-08,55.7177619934082,55.970514364511814,55.20289763938587,55.511814823396094,13239000
2024-03-11,56.39177322387695,56.4385784290417,55.77393523108086,55.96115605173984,14114300
2024-03-12,56.635154724121094,56.8691842890968,56.363679571707415,56.466653151657965,12684600
2024-03-13,57.21554946899414,57.29980025879452,56.915991898816785,56.99088307686508,13909500
2024-03-14,57.088165283203125,57.37124637461052,56.99380611925778,57.163655494016496,13996600
2024-03-15,56.503135681152344,57.04099088356345,56.276668627708446,56.63523996250641,36849900
2024-03-18,56.73902893066406,56.993802978763476,56.427637227574394,56.5125619102742,15856700
2024-03-19,56.83338928222656,56.94662099501241,56.672977989077545,56.842827358041944,15030600
2024-03-20,57.324066162109375,57.38068381959665,56.767338461984224,56.78621101447998,15258800
2024-03-21,57.05985641479492,57.550531970552385,56.9183140738677,57.14478109943701,13067100
2024-03-22,57.07872772216797,57.361808798277984,57.022110067117495,57.10703474990761,11502800
2024-03-25,56.99380874633789,57.28632432779452,56.729596595883834,57.069295361059375,13144700
2024-03-26,57.125911712646484,57.286323014985776,56.97493488709185,57.08816660636496,13277400
2024-03-27,57.588279724121094,57.96572360783626,57.27689157969198,57.36181627354931,12551200
2024-03-28,57.729820251464844,57.805306866073394,57.55997086913119,57.692075144374805,13683500
2024-04-01,57.25801467895508,57.84304941468771,57.21083509696511,57.72981769799751,11668700
2024-04-02,56.75790023803711,57.30518982599349,56.720155135537745,57.04098130764014,13017300
2024-04-03,56.455955505371094,56.98437262526955,56.40877232003302,56.66354640265763,13672900
2024-04-04,55.95583724975586,56.7579045405985,55.83316745711943,56.70128688255753,14320700
2024-04-05,56.153995513916016,56.31441041722761,55.58783331303487,55.90865952008658,10157800
2024-04-08,55.92753219604492,56.116254129943016,55.738810262146835,56.050201993014404,10284500
2024-04-09,56.35215759277344,56.3710301467719,55.79542984831942,56.125690544363486,10779100
2024-04-10,55.597267150878906,56.04076314953363,55.38023818971657,55.97471101350907,11861900
2024-04-11,55.71993637084961,56.021890018007426,55.47460038237316,55.81429913531856,11109000
2024-04-12,54.99335479736328,55.682186723735526,54.851816061560584,55.6255726692429,12250900
2024-04-15,54.86125183105469,55.4934697178417,54.76689267162794,55.304747799417015,12425000
2024-04-16,54.785770416259766,55.08772407453125,54.663100617720865,54.96505427599235,11236800
2024-04-17,55.21038818359375,55.2575713655645,54.82350984860488,54.99335922489964,13805100
2024-04-18,55.587833404541016,55.653885541433496,55.238700166741964,55.31418678051702,11125900
2024-04-19,56.776771545410156,56.9560589899353,55.67275424828082,55.767113408873136,21207900
2024-04-22,57.135345458984375,57.21083567058231,56.352154311298484,56.748467123473446,15624500
2024-04-23,57.22026443481445,57.25800953684524,56.73902698242057,57.11646720401531,13689100
2024-04-24,58.078956604003906,58.17331937678336,56.465390984978285,56.91832149560451,19548300
2024-04-25,58.258235931396484,59.06029959029568,57.90909912025903,58.380902119510615,19048500
2024-04-26,58.258235931396484,58.437519775266445,57.890226568340424,58.0789484879553,10994300
2024-04-29,58.541324615478516,58.55075909287773,58.06008347796939,58.42808928925773,13409300
2024-04-30,58.28654479980469,59.28676848564434,58.0034637112301,58.63567802239431,19349200
2024-05-01,58.437522888183594,59.04143018346385,57.758125381207606,58.31485309396373,16729800
2024-05-02,58.494136810302734,58.88101512160076,58.239362761461905,58.673420652270195,10991300
2024-05-03,58.66398620605469,58.81496662914229,58.16387615307694,58.494140429223954,11628700
2024-05-06,58.83383560180664,58.86214623093058,58.40921576023304,58.78665601936195,9310700
2024-05-07,59.08860778808594,59.277329711436685,58.73947456960839,59.220712054560074,9807000
2024-05-08,59.305641174316406,59.41887649653613,58.95650792973449,59.305641174316406,10484400
2024-05-09,59.333946228027344,59.58872027971889,59.21127644027114,59.26789409605967,9113700
2024-05-10,59.6925163269043,59.78687909036308,59.24902393714782,59.371690130287185,8371700
2024-05-13,59.994476318359375,60.03221782590021,59.61703244637874,59.673650107047294,10137600
2024-05-14,59.54153823852539,60.164318065821675,59.25845715331277,59.99447229435114,10852200
2024-05-15,59.56985092163086,59.81518691072574,59.4471811272977,59.50379878612179,9838900
2024-05-16,59.7491340637207,60.136012395483135,59.513232554119924,59.67364745242557,10228000
2024-05-17,59.47549057006836,59.79631678394582,59.39056587817222,59.768009753170965,11539000
2024-05-20,59.04142761230469,59.456612959836356,58.93763037552896,59.38112635099935,11000900
2024-05-21,59.36225509643555,59.42830723045091,58.91875911127123,59.2773304099056,9796200
2024-05-22,59.44717788696289,59.466050438875556,59.12635170359008,59.17353128358613,7419400
2024-05-23,58.5885009765625,59.33395063507615,58.55075586989995,58.96594484404501,9834300
2024-05-24,58.503578186035156,58.899891020146185,58.47527115490483,58.711172679848524,8203100
2024-05-28,58.33372116088867,58.62624030935714,57.93740837867766,58.305414133465355,12347000
2024-05-29,58.220489501953125,58.39033886578214,57.626016728551576,58.00346055918742,11861800
2024-05-30,58.47526550292969,58.57906273980376,58.126128688067574,58.36203019021001,9433800
2024-05-31,59.38113021850586,59.47548938559056,58.21105710896948,58.49414180936657,19816600
2024-06-03,59.38113021850586,59.53210704558428,58.928199737270596,59.173535731433724,9369000
2024-06-04,60.334171295166016,60.36248192519761,59.39056521773386,59.635904813626276,11895600
2024-06-05,60.3152961730957,60.45683851851144,59.77744101983007,60.38135190730872,9632500
2024-06-06,60.53232955932617,60.730485965968306,60.23981038792248,60.31529700016031,8658500
2024-06-07,60.30586242675781,60.59838159769239,60.211503261718995,60.475708203913385,9523100
2024-06-10,60.00390625,60.381350093388924,59.79631177617897,60.334166913286865,15685300
2024-06-11,59.966163635253906,60.06052639980425,59.51323316412646,60.00390874107404,8396000
2024-06-12,59.333946228027344,60.09826478353076,59.15465878448261,60.09826478353076,9569600
2024-06-13,59.437747955322266,59.4849275389256,58.928199813434695,59.31507815829641,9668900
2024-06-14,59.480533599853516,59.61366291242766,59.04310767925228,59.318877613871116,8179200
2024-06-17,59.547096252441406,59.81335849613194,59.12868933735855,59.30936430870082,10532700
2024-06-18,59.556610107421875,59.737285086487354,59.37593150085466,59.46151514935973,10651700
2024-06-20,59.128692626953125,59.661213516459135,58.90997966184399,59.337897909884376,13306300
2024-06-21,59.68973922729492,60.003543519126225,59.12869167280697,59.12869167280697,28278100
2024-06-24,60.83085632324219,60.91643634818161,59.82287148643345,59.898947456382146,13212500
2024-06-25,60.70722961425781,60.92594256833585,60.393421705688276,60.80232094124771,10235300
2024-06-26,60.90693283081055,60.96398618127377,60.12716864196117,60.28882826577814,9402500
2024-06-27,60.7737922668457,61.116123209234374,60.498022349156244,60.90692519874858,8494100
2024-06-28,60.526554107666016,60.91643072138383,60.40293248166917,60.764286050543724,17358800
2024-07-01,60.17470932006836,61.144659727536535,60.022561018946256,60.88790516173479,10033400
2024-07-02,60.051090240478516,60.26980319269345,59.775320316054724,60.155689248275735,8878200
2024-07-03,60.22225570678711,60.54556765701321,59.84188315857771,60.089122775662794,9154200
2024-07-05,60.63115692138672,60.65968722302403,59.90845336577342,60.22226129127119,11735500
2024-07-08,59.87041091918945,60.46949642389191,59.7563006036514,60.46949642389191,11235100
2024-07-09,59.61366271972656,60.12716460442553,59.51857139033862,59.965508618965686,11657500
2024-07-10,59.74679946899414,59.775326144129124,59.233297551552866,59.64219682349663,11930400
2024-07-11,60.0035400390625,60.345874612116035,59.337893510904536,59.56611414127255,11431600
2024-07-12,60.574100494384766,60.963980740261825,60.27931157579417,60.345876230395014,9201500
2024-07-15,60.29833221435547,60.802322792247736,60.24127523992359,60.65968579742061,8207500
2024-07-16,61.11613082885742,61.15416881414347,60.279316917576004,60.31735490286205,9025100
2024-07-17,62.01000213623047,62.18116943365695,61.249264234893275,61.306317582367605,12508200
2024-07-18,61.99098587036133,62.580556465696226,61.544048641637524,61.6201246071657,11128200
2024-07-19,62.08607864379883,62.418901931971334,61.63914140467994,62.418901931971334,13775700
2024-07-22,61.59159469604492,62.08608124922671,61.163680058294865,62.048043263981654,11794200
2024-07-23,61.77227020263672,62.79927398754286,61.66766756222942,62.21920743801274,11810300
2024-07-24,62.5805549621582,62.73270688955901,61.64864979933952,61.89588579886101,13244600
2024-07-25,62.827796936035156,63.60755741056204,62.62810297664446,62.799270263979786,16328600
2024-07-26,63.759708404541016,63.8167617478193,62.770742676034004,62.82779601931229,13530100
2024-07-29,63.550514221191406,63.74069690195192,63.13210361751321,63.59805626387943,12140200
2024-07-30,64.35879516601562,64.5014357900567,63.1035707334605,63.21768468369406,13258000
2024-07-31,63.464908599853516,64.29221825764157,63.34129061857572,64.18761563694414,15576800
2024-08-01,64.62504577636719,64.76768638270974,63.426874840093305,63.71215605277843,16495900
2024-08-02,65.92781829833984,66.25113022960412,64.36829747164775,65.16707324653773,22514800
2024-08-05,64.7581787109375,66.13702830967809,64.40634008453712,65.60450383309416,25484300
2024-08-06,64.71063995361328,65.46186653424738,64.44437407433401,64.80573128299704,12969100
2024-08-07,65.10051727294922,65.78518645979938,64.50143536195706,64.71064064182833,13365300
2024-08-08,65.35726165771484,65.4808796424587,64.52044066867235,64.66308126953209,15240900
2024-08-09,65.30972290039062,65.41432554088294,64.90082364801253,65.32873826456945,12080400
2024-08-12,64.82473754882812,65.1765833986708,64.50142562329894,65.09099613573507,11012300
2024-08-13,65.10051727294922,65.24315789604358,64.6726026586696,64.73916731544651,9877600
2024-08-14,65.2146224975586,65.50940775884597,64.78670068552587,64.88179925820148,14328000
2024-08-15,65.28119659423828,65.53794391461756,65.13855596958156,65.25266992030764,11285100
2024-08-16,65.7851791381836,65.89929307495937,65.27167730519659,65.46185994482022,12651200
2024-08-19,65.59500122070312,66.01340450899625,65.47137596654566,65.94683985483576,9843900
2024-08-20,65.97535705566406,65.98486836346527,65.3952906148264,65.60449585644025,11957400
2024-08-21,66.15604400634766,66.68856123061511,65.92782337523347,66.07046399030598,8792400
2024-08-22,65.92781829833984,66.48886215141697,65.4143164766238,66.48886215141697,12509200
2024-08-23,66.36524200439453,66.42229534217235,65.55695494753247,65.99438079883427,11834700
2024-08-26,67.36372375488281,67.43979972221273,66.30820054194535,66.40329187360597,12912200
2024-08-27,67.99134063720703,68.01986731163885,67.56342601072258,67.82017333561252,16988400
2024-08-28,68.22906494140625,68.28611828386784,67.80115036293864,68.09593563899398,13272600
2024-08-29,68.51435089111328,68.67600687591039,67.73459038532353,68.37171027011446,17201700
2024-08-30,68.91373443603516,69.00882575897585,68.2575919742395,68.65697988359211,18624200
2024-09-03,69.42724609375,69.69350473759884,68.70453887830034,68.88521749591374,14755800
2024-09-04,68.99932098388672,69.92172213926176,68.38122369874175,69.70301280128838,18140800
2024-09-05,67.67753601074219,69.11343915223793,67.49686464552374,69.05638580059043,23866100
2024-09-06,67.64900970458984,68.15300032690762,67.41127773142078,67.5063690696876,17485700
2024-09-09,68.32415771484375,68.76158361134553,67.4968552115699,67.73458715021236,12939300
2024-09-10,68.03887939453125,68.86618184494948,68.01034546951463,68.43826728473333,10277600
2024-09-11,67.59195709228516,67.8677270547795,67.10698183031207,67.85821574434752,11418200
2024-09-12,67.7345962524414,67.87722963079166,67.19256764969847,67.5158796472977,12337800
2024-09-13,68.37129211425781,68.42873659534432,67.48086613371328,67.82554032497306,11073800
2024-09-16,69.03192901611328,69.1659710151846,68.57235853493765,68.71596974484186,10786500
2024-09-17,68.74469757080078,69.27128903833085,68.66810005760847,68.84044080992071,12974400
2024-09-18,68.69682312011719,69.30001210805048,68.23724534021015,68.83086511743569,10719700
2024-09-19,67.61490631103516,68.87873599419747,67.59575328135998,68.51490147777433,13635600
2024-09-20,68.59149932861328,68.7446943478156,67.38511411898706,67.41384366364292,48578500
2024-09-23,68.67768096923828,69.12767495238171,68.1510821632579,68.50534020589392,11613000
2024-09-24,68.2947006225586,68.76384763717796,67.59576105385754,68.1893808614565,13330600
2024-09-25,68.40959167480469,68.85959297596992,68.27554966655227,68.65852996359129,12329100
2024-09-26,68.3617172241211,68.56278021744387,67.82554193718613,67.84469496783072,10815200
2024-09-27,68.73512268066406,69.12767216175963,68.41916340983083,68.49576092483423,11175700
2024-09-30,68.8021469116211,69.12767540856343,68.63938266314992,68.93618891680222,18015300
2024-10-01,68.65853118896484,69.65427705714109,68.58193366724166,69.03193497643822,13294500
2024-10-02,67.98831176757812,68.39043774410301,67.4138450432939,68.35213898851863,11155500
2024-10-03,67.51915740966797,67.96915865632161,67.21277467009921,67.84469317937642,9374800
2024-10-04,67.18404388427734,67.2893636224276,66.75319572256436,66.98298092182863,12684800
2024-10-07,66.07342529296875,67.11703910794957,65.93938328562702,67.0691711366084,14512000
2024-10-08,66.23617553710938,66.48511377156174,65.92979282729877,66.10213355811348,13549700
2024-10-09,66.60958099365234,66.77234521462125,66.13085754039777,66.24575379888533,9037700
2024-10-10,66.30320739746094,66.93512594896883,66.05426912219347,66.8585284327725,8635200
2024-10-11,66.60958099365234,66.62872671769684,66.06383654913174,66.50426124955712,8786300
2024-10-14,67.3468246459961,67.47129744243809,66.51385035468898,66.60959360251557,7659300
2024-10-15,67.3468246459961,68.17980624204478,67.17449118275316,67.46172092623296,10358700
2024-10-16,67.5670394897461,67.69150497923503,66.99257270825197,67.10746168170593,7937300
2024-10-17,66.92554473876953,67.68192872248403,66.61916200021663,67.62447693699615,14674600
2024-10-18,67.44257354736328,67.54789330881646,66.64789073084981,66.89682901289746,15087500
2024-10-21,66.49469757080078,67.33725568620363,66.36065556239426,67.02129639292757,11981200
2024-10-22,66.49469757080078,66.78193462009568,65.75746652456489,66.06384930160003,18603300
2024-10-23,65.11598205566406,65.77661561523163,63.74683235287622,64.13938188192455,24655200
2024-10-24,64.43618774414062,65.14469649775012,64.10107544139105,64.7712927421491,17568800
2024-10-25,64.07234191894531,64.81914929866609,63.94787645723845,64.21596040844696,11138100
2024-10-28,63.8329963684082,64.53193596510633,63.76597536363509,64.11065690382298,10761400
2024-10-29,62.770233154296875,63.51704076655729,62.73193439152171,63.4691727916449,16525900
2024-10-30,63.114898681640625,63.708518396747024,62.54043199542746,62.722349246212055,14177800
2024-10-31,62.53086471557617,63.18192900403138,62.48299674575438,63.009588242242025,13383700
2024-11-01,62.243629455566406,62.865971445920096,62.128733189661816,62.684054184423,12163100
2024-11-04,62.33937072753906,62.63617694084964,61.89894601255741,62.310648488152935,10984500
2024-11-05,62.588314056396484,62.68405729703416,61.889374520733504,61.889374520733504,8780200
2024-11-06,60.989376068115234,62.10001446820037,60.49150317809492,61.678735440752895,22899300
2024-11-07,60.951080322265625,61.65001624499124,60.89363218321956,61.554272998951845,14856100
2024-11-08,61.20001220703125,61.50639496345322,61.027675102368136,61.19043934380518,14719300
2024-11-11,60.66384506225586,61.391506858265,60.5585253034358,61.26703772035306,13980900
2024-11-12,60.510650634765625,61.03724574997762,60.4340531222553,60.970224752716305,15021000
2024-11-13,60.31916427612305,60.56809890260047,59.83086788664514,60.367035898249014,13177600
2024-11-14,59.888309478759766,60.4244811168293,59.77341686073432,60.4244811168293,15910800
2024-11-15,59.1127815246582,59.96490880109325,58.77767287111786,59.830866800625344,26284300
2024-11-18,59.22766876220703,59.49575273877335,58.94043540840452,59.2180922474038,16062100
2024-11-19,59.92660903930664,59.95533128110561,59.00746077803432,59.265971911336635,16254800
2024-11-20,60.30958557128906,60.32873129638855,59.3808608520413,60.03192507653268,18904900
2024-11-21,61.04682159423828,61.09469686808056,60.271291830233544,60.46278196849085,17292300
2024-11-22,61.20001220703125,61.736187509325525,60.941504723851295,61.50639496345322,19562200
2024-11-25,61.64043426513672,61.9563935233273,61.12341566903366,61.582989783553266,36805300
2024-11-26,61.8032112121582,61.88937794207323,61.33405688903828,61.57341865623527,14473300
2024-11-27,61.68830871582031,62.329796434106306,61.51596796862132,62.19575444236716,13263400
2024-11-29,61.818546295166016,61.98254503700041,61.51948521996691,61.760658757937414,10648400
2024-12-02,61.403724670410156,61.92466837416371,61.11430904827652,61.78960971320668,16500100
2024-12-03,61.27830505371094,61.81854332096098,60.80559610985814,61.47124755487682,24874500
2024-12-04,60.0145378112793,61.1143053322849,59.715480417364745,61.046776005912434,28137700
2024-12-05,60.69948196411133,60.89242447930745,59.908420963872366,60.26536590501053,21040400
2024-12-06,60.32324981689453,61.12396001648866,60.30395519617354,60.612665447636694,15581100
2024-12-09,60.39077377319336,60.70912946663961,59.7154805084388,60.47759771867213,22348300
2024-12-10,60.68983459472656,60.81524777768933,59.60936169554958,60.487246616144425,14949400
2024-12-11,60.42936706542969,61.38443052977174,60.19783898200118,60.77666287064498,32819000
2024-12-12,61.587013244628906,61.66418803913349,60.98889478694756,61.30724679439633,17542100
2024-12-13,60.89242172241211,61.58701327364167,60.88277625312158,61.32654144193059,13429000
2024-12-16,60.3425407409668,61.60631072022684,60.14959822564942,60.99854308500244,24559700
2024-12-17,61.16254425048828,61.30724837393967,60.12065689729117,60.24607008167356,21902400
2024-12-18,60.631954193115234,61.39407512367494,60.57407401312043,60.59336863314286,20946100
2024-12-19,60.246070861816406,60.940658759536575,60.19783615337467,60.48724808409744,21300600
2024-12-20,60.3425407409668,60.83454433902972,60.082068897299195,60.26536594288328,42458100
2024-12-23,60.17854309082031,60.545129828519094,59.35853830580762,60.2943071300898,13010800
2024-12-24,60.62230682373047,60.62230682373047,59.82159667821365,60.00489372264743,5019100
2024-12-26,60.36183166503906,60.52583408104363,60.19783292910666,60.41006637089729,7943800
2024-12-27,60.246070861816406,60.72842530637847,60.01453910919477,60.246070861816406,8542800
2024-12-30,59.84089660644531,60.13995771384541,59.50324993685865,60.13995771384541,8972200
2024-12-31,60.062774658203125,60.22677708528704,59.619009446212985,59.83124658241367,9256700
2025-01-02,59.657596588134766,60.53548151145659,59.445359459395775,60.14959649194429,12991000
2025-01-03,59.57077407836914,59.88912977914982,59.44536089199441,59.715481884191696,10403200
2025-01-06,58.66394805908203,59.39712518541894,58.51924025569086,59.329595858522346,17924200
2025-01-07,58.69289016723633,59.5418350375256,58.4806530296459,58.95336201425937,17799600
2025-01-08,59.532188415527344,59.59007227734788,58.77971661222332,58.83760047404385,14412400
2025-01-10,58.91476821899414,59.4743011093484,58.58676706811423,59.40677178535008,22425000
2025-01-13,59.47430419921875,59.66724303205363,58.567475492576534,58.972655137688925,18016200
2025-01-14,59.85054016113281,59.87948025008506,59.13665396637459,59.483949754090894,16658300
2025-01-15,59.59006881713867,60.41006990491546,59.503244869485755,60.130307122542625,16187200
2025-01-16,60.05312728881836,60.10136199640937,59.15594774335071,59.252417158532744,12585500
2025-01-17,60.49689483642578,60.55477869582654,59.975951142036216,60.111013480638,17948900
2025-01-21,60.21712875366211,60.99854430023249,60.10136471419436,60.68019227167805,19817100
2025-01-22,59.599708557128906,60.09171210655331,59.48394453141165,59.927709696721166,18191900
2025-01-23,59.35853576660156,59.79265549538217,59.20418249415427,59.61900760386993,16528400
2025-01-24,59.734771728515625,59.821595674403035,59.27171191047352,59.541832897718976,19244600
2025-01-27,61.61595916748047,61.9150202646778,60.26536885513789,60.65125022434753,20742900
2025-01-28,60.15924835205078,61.779959618910745,60.082069872641995,61.26866139300868,14956000
2025-01-29,60.6126594543457,61.123953972641615,60.34253847103369,60.3521876204764,11325600
2025-01-30,61.78960418701172,62.021132247924754,60.998539552021,61.59665800279722,13201000
2025-01-31,61.239723205566406,61.67384296554483,61.15289925357072,61.45196035046087,12096800
2025-02-03,61.11431121826172,61.38443222983946,60.226780740417695,60.95031246129722,12067900
2025-02-04,60.45830154418945,61.384424832159674,60.14959500822344,61.36513021365277,15678000
2025-02-05,60.89242172241211,61.05642414092897,60.381127208352694,60.50654038956297,10686800
2025-02-06,61.123958587646484,61.49054901263052,60.689838831753896,61.374781291010805,13423400
2025-02-07,61.587013244628906,61.66418803913349,61.03712949352195,61.19148276260334,13184700
2025-02-10,62.27196502685547,62.36843444883542,61.413370978914585,61.837841587727986,16154300
2025-02-11,65.21431732177734,65.28184664742432,64.0663187857787,65.11784790801659,30589100
2025-02-12,66.28515625,66.39127483160243,64.51009517618796,64.51009517618796,26033800
2025-02-13,67.04727172851562,67.15339030135799,66.33338916951308,66.56491725564861,24393100
2025-02-14,66.43949890136719,67.55855730223203,66.33338034264584,66.91220416103415,20779100
2025-02-18,66.61314392089844,66.92185043478506,66.00537268158074,66.13078953294159,15569100
2025-02-19,67.59715270996094,67.65503288904115,66.72891322303359,66.76750246246867,16032300
2025-02-20,67.5682144165039,67.5971545068133,66.97009222957817,67.24985870281061,13398000
2025-02-21,68.83197784423828,69.07315506679002,67.65503182056263,67.83832886494825,21662300
2025-02-24,68.09879302978516,69.19856787140303,67.84797403235736,68.33997023818101,21418400
2025-02-25,68.967041015625,69.23715834494554,68.23386751036787,68.35927702465378,21555600
2025-02-26,68.3013916015625,68.76444774196628,68.0409160824588,68.75479859233234,14531200
2025-02-27,68.36892700195312,69.01528024209426,67.93480355159848,68.22421918516824,16789500
2025-02-28,68.69691467285156,69.04421043930928,68.069852463406,68.92844273044196,22167400
2025-03-03,69.76774597167969,69.80633521013272,67.2691535030397,67.7611497329903,21717600
2025-03-04,67.71292114257812,70.08610419178467,67.41385637383753,69.52657125429059,25411900
2025-03-05,67.60679626464844,68.243500262271,67.37526084720001,67.43314838163424,23933600
2025-03-06,67.97339630126953,68.04092563790137,66.99903813545667,67.92516526661575,21694000
2025-03-07,68.90914916992188,69.2853850092421,67.19196870119997,67.19196870119997,28393300
2025-03-10,68.92845153808594,70.63599050138228,68.80304202422975,69.42045516345974,25251200
2025-03-11,68.53292083740234,69.49762973315383,68.11809571782342,69.3432727769641,28076400
2025-03-12,67.47174072265625,68.2338616131692,67.27879453257063,67.88656583115964,18923300
2025-03-13,67.16304779052734,67.77081185214668,66.83504288097765,67.77081185214668,15746600
2025-03-14,67.21162414550781,67.30880545698645,66.45359212127332,66.57993449920846,14205100
2025-03-17,68.14457702636719,68.19316397412464,67.13387509083283,67.28936370389881,15634800
2025-03-18,67.4254150390625,68.21260065661761,67.34767444434968,68.13485264744655,12657600
2025-03-19,67.3282470703125,67.4254283937956,66.60909637918594,66.61881673587217,14780000
2025-03-20,67.74613189697266,67.84331321825046,67.14359584191499,67.35739919740189,16295300
2025-03-21,66.73543548583984,67.99881501263896,66.25924178119841,67.7461376243871,47479500
2025-03-24,67.00753021240234,67.13387258366245,66.40500166439286,66.86176196011515,12575400
2025-03-25,66.8714828491211,67.13388056334404,66.66739985720285,67.00753817706658,12513900
2025-03-26,68.04739379882812,68.36809882066044,66.95895117606531,66.97838447384639,14478200
2025-03-27,68.74710845947266,68.99006545175256,68.09598549963268,68.20288716939255,11663400
2025-03-28,68.38753509521484,69.31076867632218,67.57119576665593,68.81513434878494,17412900
2025-03-31,69.6023178100586,69.91330244569295,68.50414752292905,68.73739156049872,24016900
2025-04-01,69.84529113769531,69.88416515305653,69.18444770547514,69.66064141834458,15309100
2025-04-02,69.32048797607422,70.32146955693456,69.04837734218505,69.93273690232486,14606500
2025-04-03,71.11837768554688,71.86668202894447,70.28260496128169,70.43810100973089,24959600
2025-04-04,67.9599380493164,70.95317032039885,67.82388271103628,70.37978789668131,26517300
2025-04-07,66.44387817382812,67.42541904369152,64.18923767516404,64.36416699895948,34258400
2025-04-08,66.49246978759766,68.008526505031,65.85106716497752,67.01725779581007,22774400
2025-04-09,67.97936248779297,68.48471717649981,65.38458362736247,66.00655292541789,27918700
2025-04-10,68.76654815673828,69.20386777060864,67.03669558353181,68.21260651908835,22450200
2025-04-11,69.41766357421875,69.8258294914674,68.55273738147172,68.91231635492872,19988200
2025-04-14,70.408935546875,70.61302595134595,68.93176025106948,69.29133927982875,13930200
2025-04-15,69.83556365966797,70.58386798930708,69.69950832700631,70.57415504730234,14965500
2025-04-16,69.66062927246094,70.6227368879041,69.37879827107677,70.32147258945783,15276200
2025-04-17,70.94344329833984,71.36132963078514,69.69950465695639,69.87443399180464,20754500
2025-04-21,70.71991729736328,71.40020131717795,69.79668370231492,71.31273294536997,16037200
2025-04-22,71.8180923461914,72.28456564489771,70.86569762177199,70.94344564304284,15613500
2025-04-23,71.23499298095703,71.866675228242,70.34090561590055,71.22527262523387,16353900
2025-04-24,70.47696685791016,71.361333941526,70.26317091525561,70.96288088245699,16893900
2025-04-25,69.88416290283203,70.86570395487178,69.1261307493868,70.60331362770769,16316000
2025-04-28,69.76753234863281,70.22429269061813,69.30105165069102,70.04936335569735,15997500
2025-04-29,70.31175994873047,70.66161864990914,68.30007612418297,69.1844432339568,16244100
2025-04-30,70.5061264038086,71.4099267665119,69.67035370649332,71.28358437760598,21074700
2025-05-01,69.2816162109375,70.010487181493,69.22330890591992,69.97161317332831,18034200
2025-05-02,69.63148498535156,69.7966939832073,69.0969765635124,69.48570928717179,12629600
2025-05-05,69.68006896972656,69.77725770734105,69.00951264983667,69.6509153142261,11932700
2025-05-06,69.69950866699219,69.87443801190467,69.15528733369092,69.66063465540502,12705500
2025-05-07,70.3603515625,70.64218258376948,69.65091383110308,69.69950819887558,15018200
2025-05-08,69.16499328613281,70.42837258443403,69.12611927847414,70.16597488635264,14371100
2025-05-09,68.5333023071289,69.14555864779908,68.47499500400173,68.99006262018167,11228900
2025-05-12,67.57119750976562,68.34866285088164,66.76457851588808,68.17373351985349,21539000
2025-05-13,67.01725006103516,67.72668767945922,66.92978911032364,67.62949895939084,14389100
2025-05-14,67.21162414550781,67.38654605749409,66.6479621586894,66.9395060931253,16286800
2025-05-15,69.59260559082031,69.70922762323923,67.63922918094534,67.73641050073138,19817100
2025-05-16,69.97161102294922,70.22428836102497,69.41766939892922,69.83555570578352,18441200
2025-05-19,69.90359497070312,70.13683163678961,69.62176393422115,70.00077629703416,13282800
2025-05-20,69.67034912109375,70.09794838347878,69.41767177437148,69.77725079030475,12137800
2025-05-21,69.82584381103516,70.04936752458184,69.5634535002678,69.67035517877366,12094400
2025-05-22,69.13584899902344,69.96190138390422,68.96091964809317,69.81612568905236,11101800
2025-05-23,69.74809265136719,69.95218305712636,68.69852404103328,69.52457636233079,12822100
2025-05-27,69.7578125,70.18541919168487,69.54400915415756,69.71893849035054,10666100
2025-05-28,69.14556121826172,69.87443219228179,69.0483799046175,69.68006215053438,8710900
2025-05-29,69.47598266601562,69.64119906343514,68.47500099760362,68.99978901505891,10291100
2025-05-30,70.06879425048828,70.42837326395632,69.59260062737788,69.59260062737788,28019500
2025-06-02,69.97161102294922,70.01048502991924,69.34964174034637,70.00076467456206,10202700
2025-06-03,69.15528106689453,69.7578096557461,68.484717403086,69.68978199524805,20139800
2025-06-04,69.35935974121094,69.8258329800987,68.68879611904404,69.25245807928698,13565900
2025-06-05,68.91232299804688,69.44682391802918,68.83457498313567,69.36907590311796,13531400
2025-06-06,69.33992767333984,69.4662700610649,68.94148204106538,69.07753737056977,9524000
2025-06-09,69.74809265136719,69.8064073734952,69.08724931143733,69.33992666876738,12281300
2025-06-10,70.31175994873047,70.6421853507147,69.7383849417464,69.87444027948703,12265000
2025-06-11,70.03964233398438,70.32147333836998,69.73837803232969,70.23400496451144,12718500
2025-06-12,70.20484924316406,70.36034527457213,69.58287994644957,70.21456959874178,12806900
2025-06-13,69.50994873046875,70.35166375664856,69.22612136628878,70.24400201140398,17467200
2025-06-16,69.02058410644531,70.09720162487181,68.74653872618278,69.68612608730143,15045900
2025-06-17,68.13972473144531,68.96186085585245,68.10057432544833,68.88356004385851,15437000
2025-06-18,67.73843383789062,68.51163750002343,67.6209826282787,68.51163750002343,16227600
2025-06-20,67.37629699707031,68.0809893077183,67.31757512690822,67.62098141231331,40859400
2025-06-23,68.25716400146484,68.32567534066796,67.50353927023059,67.66992288441301,21822800
2025-06-24,68.71717071533203,68.85419339136055,68.20823041396552,68.45291483075584,15216100
2025-06-25,68.14950561523438,68.53121273347614,67.95376105563523,68.44312992180942,12540400
2025-06-26,67.99291229248047,68.43334129055276,67.67971651298595,68.2180177920547,14454100
2025-06-27,68.83462524414062,69.0597307368283,67.99291021240373,68.11035395913603,23470700
2025-06-30,69.24568939208984,69.28483979452102,68.59971895273907,68.63886935517024,15429000
2025-07-01,70.14613342285156,70.909547680422,69.39250863368437,69.48059144778411,21729300
2025-07-02,69.40229797363281,70.30273491847615,69.23590687979154,70.16571222979026,13050200
2025-07-03,69.83293151855469,69.88187138910547,68.95206611887157,69.52952522923222,9440500
2025-07-07,69.50016784667969,69.85251402456517,69.29463382077586,69.85251402456517,16984700
2025-07-08,68.74653625488281,69.17718324677251,68.39419007373237,69.17718324677251,17115500
2025-07-09,68.00270080566406,68.75632557264653,67.50354247226325,68.66824276113972,33704100
2025-07-10,68.2865219116211,68.36482271500559,67.68949882054723,67.81673202566533,14608400
2025-07-11,68.38440704345703,68.66824187773241,67.7775869701259,68.0907827411925,12916700
2025-07-14,67.99291229248047,68.58994291388822,67.79716026331114,68.31589754022755,13983200
2025-07-15,67.88524627685547,68.07120882608505,67.67971225952715,68.03205842271167,12639800
2025-07-16,67.79715728759766,68.02227024446775,67.32736737256381,67.87545809582865,13178300
2025-07-17,69.0890884399414,69.18696818053881,68.03205743294204,68.32567425320681,20464700
2025-07-18,68.36483001708984,69.19675560717563,68.34525854774108,68.94228916975973,14928000
2025-07-21,68.58014678955078,69.11845548355008,68.44312411601926,68.69759799565308,17811700
2025-07-22,68.17887878417969,68.76611997119164,67.22950192270821,67.97333727490751,22339900
2025-07-23,67.68949890136719,68.25716105864356,67.1414007441969,68.17886772234118,21030000
2025-07-24,67.63077545166016,68.0712119091771,67.5231137043011,67.78737707224651,12511400
2025-07-25,67.69927978515625,67.75800912038419,67.28821177443817,67.6601293840628,12574800
2025-07-28,66.64224243164062,67.43502499900819,66.612881497141,67.27842339210946,13668800
2025-07-29,67.90481567382812,67.94396607600741,66.70097254231199,66.88692761869395,16223400
2025-07-30,67.28821563720703,67.85588528488678,67.07289215241983,67.64056180009958,10448200
2025-07-31,66.44650268554688,67.19034543764681,66.29969053527797,66.70097658153456,17193400
2025-08-01,67.39588165283203,67.57205474544854,66.8184225009093,67.14140774856898,16107500
2025-08-04,67.49374389648438,67.61119509648745,66.85756296402445,67.2588489636535,10701500
2025-08-05,67.58184051513672,68.01248002127222,67.28821622111963,67.43502836812817,11993400
2025-08-06,68.03205871582031,68.31589354111827,67.17076477224693,67.65035161525518,10783000
2025-08-07,68.9324951171875,69.2163299405149,67.85588516237121,67.98311837261761,15790800
2025-08-08,68.84440612792969,69.36314338056019,68.5899397026876,68.86398506351819,9232700
2025-08-11,69.24568939208984,69.35335113198164,68.47248574521956,68.80526043229668,10909400
2025-08-12,69.20654296875,69.5490996757487,68.72696357895181,69.3142047148319,11061100
2025-08-13,68.96186065673828,69.26526696836825,68.73675515687617,69.1869736237768,10356500
2025-08-14,68.07120513916016,68.96185249934295,67.9146035341486,68.88355169683717,10722400
2025-08-15,68.43333435058594,68.893342238513,68.0907776682495,68.25716127578782,12381100
2025-08-18,67.6601333618164,68.5605777055523,67.58184002220209,68.49206636640483,14094900
2025-08-19,68.63887023925781,68.72696051265652,67.76779430867775,67.82652364666885,13862200
2025-08-20,69.1967544555664,70.18528165269629,68.91292708526277,69.23590486078876,17530800
2025-08-21,69.1576156616211,69.40230010854077,68.83463039956472,69.09888631668021,8840400
2025-08-22,68.63887023925781,69.50994616983786,68.43333622422861,69.45122429902263,12999600
2025-08-25,67.46438598632812,68.73674790826196,67.25885197749432,68.61929670299595,13634600
2025-08-26,67.26864624023438,67.61120294604456,67.12183408997969,67.57205254149822,17964200
2025-08-27,67.36651611328125,67.40566651643006,67.01416995211788,67.35672664570008,11562700
2025-08-28,66.90650939941406,67.43502865055274,66.82820859172477,67.41544971504241,16209900
2025-08-29,67.52310943603516,67.66992157926052,66.97501873298128,67.2099136818364,14601100
2025-09-02,67.59162139892578,67.86566675298677,66.80863573977665,67.49374912492912,24770100
2025-09-03,67.52310943603516,67.63077117658871,65.93755919729338,67.20013168155029,33581500
2025-09-04,66.7988510131836,67.98312278709975,66.6618283264281,67.64056607021101,16736000
2025-09-05,66.51500701904297,67.1218270248742,66.42692421846726,66.56394688636861,23978000
2025-09-08,65.99628448486328,66.43671347016809,65.73202858711564,66.4171420014067,21671700
2025-09-09,66.41714477539062,66.6618292145964,65.84947508431085,65.84947508431085,14120600
2025-09-10,66.37799072265625,66.64224661692424,65.78096012641724,66.3486297863127,16041900
2025-09-11,66.1822509765625,66.72055227204193,66.1431005695351,66.47586782850311,15128700
2025-09-12,65.58522033691406,66.28012326050269,65.5167089914103,66.16267203942054,18712400
2025-09-15,65.29920196533203,65.86136063784639,65.19071454393074,65.76273776142062,15986100
2025-09-16,65.32878875732422,65.5950788033392,65.15126456812864,65.43727617985725,18555900
2025-09-17,66.11778259277344,66.20654091946702,65.49645173259015,65.49645173259015,17372300
2025-09-18,65.54576110839844,66.11778431009039,65.43727368999332,65.88108790831691,17722900
2025-09-19,65.51617431640625,65.81205045887388,65.1414043904644,65.57534653512263,31192900
2025-09-22,65.29920196533203,65.67397190552722,65.17099297842284,65.24989428934073,13298700
2025-09-23,65.79232025146484,65.84163544918557,64.99346521459964,65.43727189631525,15072800
2025-09-24,65.53589630126953,65.86135855518165,65.05263895495459,65.49645317150102,14759300
2025-09-25,65.07237243652344,65.99943653751667,65.04277880053517,65.83177688913361,14395000
2025-09-26,64.7666244506836,65.41754892931603,64.59896482113618,65.16112345066303,17821600
2025-09-29,65.13153839111328,65.19071060850801,64.45102779330306,64.76662549347947,14818500
2025-09-30,65.40768432617188,65.7232820209826,65.0526359789545,65.16112339196218,13815000
2025-10-01,65.86135864257812,65.91067384151859,65.37810129562192,65.59507613185126,14877500
2025-10-02,65.19071197509766,65.73314906072945,64.95401557611417,65.61479709901629,14350700
2025-10-03,65.73314666748047,66.06846592679501,65.13153738511724,65.19070960159803,12249200
2025-10-06,65.19071197509766,65.5852109896987,64.93428648694055,65.57534644511189,14333300
2025-10-07,65.87122344970703,66.3347592335997,64.96388097135366,65.30906479198343,13328300
2025-10-08,65.21044158935547,65.95012442602238,65.15126184580093,65.75287115491213,12606700
2025-10-09,65.4570083618164,65.88109352690138,65.2104473943122,65.3781070463486,12705200
2025-10-10,66.11778259277344,66.47283094843326,65.46685809924954,65.60493162373471,17991700
2025-10-13,65.88108825683594,65.88108825683594,65.09209021415984,65.31892959687319,13690000
2025-10-14,66.5813217163086,66.64049393708356,65.83177431390544,65.95012627989851,14245600
2025-10-15,66.15723419189453,66.7884296055482,65.9994315762597,66.34461539240733,11193700
2025-10-16,66.66021728515625,67.17306829373106,66.23613965900412,66.25586122497546,15707200
2025-10-17,67.49852752685547,67.55769974654893,66.86733210198184,67.06457785058872,15541800
2025-10-20,67.49852752685547,67.69577327546236,66.98567654136878,67.48866298209222,17786800
2025-10-21,70.24028015136719,70.40793978078695,69.26390095860451,69.59922021744404,33651300
2025-10-22,69.8359146118164,70.6347771325596,69.5400460138439,70.37835166142955,18293000
2025-10-23,68.97789001464844,69.95426921650851,68.76091518658117,69.83591725816927,13989400
2025-10-24,68.75105285644531,69.08637965365122,68.69188063759134,68.94830612669669,15688200
2025-10-27,69.09623718261719,69.15541692634982,68.2973821244347,68.82009012667474,13800000
2025-10-28,69.19486999511719,69.92468831477971,68.98775217149043,69.08638257300535,12730500
2025-10-29,67.40975952148438,69.06664934000864,67.22237832362102,68.95816192440434,19789600
2025-10-30,68.03109741210938,68.33683056780497,67.44920968496311,67.50838190233834,14751700
2025-10-31,67.95220184326172,68.11986148960901,66.96595800671058,67.60701800535749,16742700
2025-11-03,67.03498840332031,67.94233084084759,66.72925525086805,67.85357251572634,15660400
2025-11-04,67.71549987792969,67.78453663985081,67.22237800008088,67.52811115652547,12743800
2025-11-05,67.56756591796875,67.88316363800342,67.24210365293334,67.71550399520694,12850100
2025-11-06,68.10999298095703,68.18889428915611,66.98567567467023,67.36045312639443,15906700
2025-11-07,69.57949829101562,69.89509598422639,68.45518103867461,68.84967251185617,25108300
2025-11-10,69.54991149902344,69.68799255754881,68.48477388245341,69.04693256391432,15318000
2025-11-11,70.62491607666016,70.76298960075499,69.68798751681052,70.0035852182334,16160200
2025-11-12,70.52629852294922,70.90106847025535,70.35863135295659,70.50656943262382,13612600
2025-11-13,70.09234619140625,70.68409096336345,70.02330942675196,70.43753001467769,14002800
2025-11-14,70.18111419677734,70.65450701907594,69.62881253817132,70.42767515302047,13172000
2025-11-17,69.70771026611328,70.54601596935099,69.64853804747902,70.22055371797686,14772300
2025-11-18,70.24028015136719,70.3586245841611,69.59922021744404,70.01344078110789,12838900
2025-11-19,70.13179779052734,70.46711707352274,69.83592163834295,70.2205561215168,12401500
2025-11-20,70.23041534423828,70.49670536591285,69.63867060915624,69.97398986674047,15396500
2025-11-21,71.94647979736328,72.18318371905687,70.50656480038654,70.69395352394994,26492500
2025-11-24,71.5914306640625,72.15359682866546,70.5854653433073,72.15359682866546,39818600
2025-11-25,71.61116027832031,71.92675798170063,71.14762450550862,71.79854900122959,17451200
2025-11-26,71.87744903564453,72.08455934108582,71.39419165628154,71.60130196172281,11795100
2025-11-28,72.11415100097656,72.22263842339345,71.75910262296553,71.9957990334918,7423000
2025-12-01,71.45864868164062,72.41209948647666,71.4387885961326,72.10421133140312,14388100
2025-12-02,70.18739318847656,71.30968127493234,69.94903426863456,71.30968127493234,19871300
2025-12-03,70.32643127441406,70.91240606452158,70.12780011891927,70.39595293656652,17001700
2025-12-04,69.9688949584961,70.8528165554436,69.88944703605885,70.34630479357043,17710000
2025-12-05,69.52196502685547,70.22711547713843,69.39285553391673,69.83977942102938,13978200
2025-12-08,69.770263671875,69.8993731757553,69.01545158025951,69.36305991939378,17775100
2025-12-09,69.6113510131836,70.14766425675974,69.35313201157877,69.88944525515491,13010600
2025-12-10,69.73052978515625,70.04834417829325,69.3034659840072,69.90930085487662,29789400
2025-12-11,68.63804626464844,70.20725821401018,68.32023185770241,70.06821488455212,23124200
2025-12-12,70.03841400146484,70.1377371610525,68.56852519800343,68.63804686333886,18444500
2025-12-15,70.48534393310547,70.83295225211576,69.83978129649032,69.94903070779256,18660100
2025-12-16,69.88944244384766,70.81309172997051,69.83978086545567,70.81309172997051,17370000
2025-12-17,70.18739318847656,70.43568594002258,69.82985102006683,70.08807760331685,13672700
2025-12-18,69.87950897216797,70.3165066169278,69.6908040660593,69.79011964606116,15524800
2025-12-19,69.58155822753906,70.2867087322392,69.55176430973803,69.58155822753906,36911100
2025-12-22,69.73052978515625,69.7404636160554,69.18429032238885,69.45244313832298,12828500
2025-12-23,69.39286041259766,69.78019649593845,69.21408932972548,69.72060108345215,9471000
2025-12-24,69.63121795654297,69.6808795364193,69.27367579785445,69.4226529601902,4515300
2025-12-26,69.39286041259766,69.68088091151913,69.2538170789519,69.4723083337571,5711400
2025-12-29,69.68087768554688,69.93909667762388,69.37298953761962,69.52196669599822,9686900
2025-12-30,69.59149169921875,69.76032895074673,69.32333886310334,69.5219700322782,8610900
2025-12-31,69.43258666992188,69.68087941428185,69.40278517567238,69.59149008611978,8127800
2026-01-02,68.64797973632812,69.39285795907664,68.50893640759851,69.37299029651919,12151300
2026-01-05,67.47603607177734,68.44933934945448,67.45616840969817,68.44933934945448,21186600
2026-01-06,67.37671661376953,67.78392035851859,67.12842386520353,67.54556144153736,21019900
2026-01-07,67.07876586914062,67.60514525240197,66.81060547336676,67.52568975903986,20223400
2026-01-08,68.89627075195312,68.98565249934397,66.98937679072635,67.07876611541012,19237000
2026-01-09,70.02848815917969,70.17746532214409,68.6479810984765,68.95586167858788,19638600
2026-01-12,70.0185546875,70.48534626445026,69.76032810885432,70.41582459834873,20582500
2026-01-13,70.75350189208984,70.75350189208984,69.79012478284864,69.93910195246318,18324800
2026-01-14,70.95214080810547,71.22029365219691,70.32643820973604,70.68398038672039,16739100
2026-01-15,69.99869537353516,71.11104204342422,69.88944595741485,71.1011082117878,15464100
2026-01-16,69.95896911621094,70.25691587601656,69.56169919250988,69.80999194766135,20027500
2026-01-20,71.26001739501953,71.28981131187702,69.31340319496735,69.52196819026295,22152200
2026-01-21,71.51824188232422,71.74666695642603,70.34629986394845,71.48844796633642,21660600
2026-01-22,71.37920379638672,71.54804105090786,70.95213995552565,71.33947604638877,13962800
2026-01-23,72.3823013305664,72.56107241755649,71.28981472220197,71.52817364575755,18307100
2026-01-26,72.06448364257812,72.79943562096643,72.0446235570537,72.36243796649697,14017400
2026-01-27,73.0477294921875,73.05765574645625,71.77646425750685,71.945309084889,13239200
2026-01-28,72.56106567382812,73.11724654682519,72.07441404008694,72.71004282868971,14633700
2026-01-29,72.92854309082031,73.58403197699185,72.64052260632465,72.68025035356126,20862100
2026-01-30,74.29911804199219,74.3885073697265,73.03779424068851,73.20663148749496,26420500
2026-02-02,74.8155746459961,75.18304307339208,73.89192529565193,74.49776022315152,19301500
2026-02-03,76.36491394042969,76.97074882770865,74.6169309421842,74.75597426936693,27007100
2026-02-04,76.82176971435547,77.5765817407765,76.5536168979823,76.74231422161792,28607300
2026-02-05,77.9738540649414,78.32146238491974,77.06013102447868,77.28856367891764,21633500
2026-02-06,78.49030303955078,78.65914029126262,77.72556470237203,77.96392362110011,18512400
2026-02-09,77.43754577636719,78.5697601349517,77.01048193393314,78.13276246065818,23415600
2026-02-10,76.28546142578125,76.9806856661471,75.49092917902598,76.10669034423498,28848200
2026-02-11,78.06324005126953,78.51017155318033,76.057037940434,76.35498469774771,22649700
2026-02-12,78.46051025390625,79.86088502338698,78.2519452498483,78.44065016759795,26043500
2026-02-13,78.14269256591797,78.85777687982574,77.59644549910142,77.91425990780563,16711900
2026-02-17,79.01667785644531,79.09613335049202,78.20227798569883,78.45057072162511,16260200
2026-02-18,78.94715881347656,79.29476713985075,78.38105165986912,78.95709264488532,16304900
2026-02-19,78.37112426757812,79.12592874323063,78.05330228545945,78.91736375043509,14924700
2026-02-20,79.29476928710938,79.29476928710938,78.35125986464499,78.78825753094516,17175100
2026-02-23,80.00984954833984,80.29787003398283,78.9570907629016,78.97695084795251,17157700
2026-02-24,80.16876220703125,80.5362306178216,79.30470073211256,79.98999112867887,16448500
2026-02-25,79.92047119140625,80.13897002270433,79.01668194872664,79.85094952483807,18086900
2026-02-26,79.95026397705078,80.33760005348906,79.47353857212269,80.19855672232113,12843200
2026-02-27,81.00302124023438,81.44001888827108,80.26807684995791,80.38726009322967,28483500
2026-03-02,79.67218017578125,80.844122278634,79.60265850770072,80.6951451106633,18137200
2026-03-03,78.79817962646484,79.53313158596052,78.02350749694136,79.3146327643425,20549300
2026-03-04,77.566650390625,78.92729733242406,77.21904207039694,78.74852625669348,21011800
2026-03-05,76.50395965576172,77.18925005919229,75.97758024681086,77.14952231057237,23165700
2026-03-06,76.5138931274414,76.66287028974227,75.82860272723335,76.27553421413596,15516000
2026-03-09,77.26870727539062,77.53686011292403,76.00737585485076,76.09676518555752,18554100
2026-03-10,77.34815216064453,77.87453913793452,76.57348001896666,76.95088983578943,17243900
2026-03-11,77.09986114501953,77.1793166426866,76.07689623875925,77.1793166426866,11546800
2026-03-12,77.08000183105469,77.62624891136876,76.37485133110869,76.89129691652921,16842200
2026-03-13,77.33999633789062,78.04499816894531,77.19000244140625,77.47000122070312,9399025
