Date,Close,High,Low,Open,Volume
2019-01-02,94.39715576171875,94.98526837292377,92.3620902674664,92.93153568940143,35329300
2019-01-03,90.9244613647461,93.52897190352745,90.73775388828604,93.44495175857993,42579100
2019-01-04,95.15331268310547,95.69475382331821,92.35276390262223,93.09024260280914,44060600
2019-01-07,95.27464294433594,96.40419647651117,94.26645105322747,94.88256792434031,35656100
2019-01-08,95.9654541015625,97.05766618568377,94.9479178896194,96.1894959624217,31514400
2019-01-09,97.33771514892578,97.9071605077314,96.37619475944942,96.9549772729364,32280800
2019-01-10,96.7122573852539,96.85228621143777,95.57336671146265,96.35752386479514,30067600
2019-01-11,95.9654541015625,96.56290381196195,94.88257205011203,96.3295247962696,28314200
2019-01-14,95.26533508300781,96.03081811445637,94.52785639919607,95.12530622266011,28437100
2019-01-15,98.02851104736328,98.06585253969645,95.10660159120468,95.69472119275044,31587600
2019-01-16,98.37393188476562,99.1954306763425,97.98185680087477,98.26191450203291,29853900
2019-01-17,99.06474304199219,99.54083118244559,97.79516042312282,98.01920231993404,28393000
2019-01-18,100.54901885986328,100.72638919898468,98.86869414340933,100.3156398335089,37427600
2019-01-22,98.65394592285156,99.97953659436122,97.88846328359782,99.65280750239195,32371300
2019-01-23,99.6155014038086,99.92356342373857,98.33658179274825,99.06473032771797,25874300
2019-01-24,99.13939666748047,99.88621231872824,98.33657233514577,99.75552064808416,23164800
2019-01-25,100.04491424560547,100.70770979225229,99.13940252962695,100.11026008479142,31225600
2019-01-28,98.09386444091797,99.4007882846903,97.70178942443488,99.19541362210524,29476700
2019-01-29,96.09614562988281,97.99118209478706,95.37733427426666,97.90716194574514,31490500
2019-01-30,99.30743408203125,99.30743408203125,97.3937304673391,97.66445097444586,49471900
2019-01-31,97.4870834350586,98.22456198471603,96.32018834803651,96.89897087517792,55636400
2019-02-01,95.94677734375,97.1790182302777,95.54536516211496,96.88029338270015,35535700
2019-02-04,98.7099838256836,98.76599963101216,95.93744005435147,96.03079735584504,31315100
2019-02-05,100.09160614013672,100.13827767592316,98.91537375700409,99.00872395074025,27325400
2019-02-06,98.9806900024414,99.88620156741139,98.51393205119183,99.88620156741139,20609800
2019-02-07,98.2712173461914,98.56994215443294,97.35637573689728,98.19654148575195,29760700
2019-02-08,98.6446533203125,98.74734067018643,97.32839920618072,97.44975374595752,21461100
2019-02-11,98.2525863647461,99.49416469986221,97.99120295149298,99.13942396287827,18914100
2019-02-12,99.78353118896484,100.01691020421121,98.46727724649973,99.08339414322573,25056600
2019-02-13,99.7088623046875,100.61437415152945,99.61551210981132,100.35299075701082,18394900
2019-02-14,99.79289245605469,100.15696323803397,98.63533425494526,99.24211414346804,21784700
2019-02-15,101.02511596679688,101.09979896595313,100.22229153127412,100.73572824776988,26606900
2019-02-19,100.97843170166016,101.4358597044565,100.61436100370382,100.6236981586203,18038500
2019-02-20,100.45343780517578,101.19406595920144,99.64718473383542,101.11906401010476,21607700
2019-02-21,102.57219696044922,102.63782187813824,100.19093870739408,100.21906265032085,29063200
2019-02-22,104.0346908569336,104.25031250377266,102.95656116500119,103.17218996441927,27763200
2019-02-25,104.6159439086914,105.16907433232286,104.30657339140473,104.77532483571842,23750600
2019-02-26,105.33781433105469,106.16281421347584,104.22218371922284,104.30656268988359,21536700
2019-02-27,105.15970611572266,105.33783396831883,103.9503264297076,104.70970869690497,21487100
2019-02-28,105.0284652709961,105.82534143088519,104.74721864828379,105.03784230419402,29083900
2019-03-01,105.49720764160156,105.9565820923151,104.69095451846677,105.83470928163845,23501200
2019-03-04,105.24407958984375,106.17220547605116,103.8753261877115,105.95657665775063,26608000
2019-03-05,104.71906280517578,105.36594204395344,104.27844248511364,105.23469222051725,19538300
2019-03-06,104.76594543457031,105.61907647716369,104.46594480309798,104.87844835358966,17687000
2019-03-07,103.49092102050781,104.57842757040022,103.00342277052086,104.43780073686891,25339000
2019-03-08,103.60342407226562,103.79092174886824,102.00029533380618,102.3377968737532,22818400
2019-03-11,105.77845001220703,105.89094577839636,104.04407114185575,104.05344102065204,26491600
2019-03-12,106.51907348632812,106.86594495371561,105.60969460222127,105.76906836575492,26132700
2019-03-13,107.34407806396484,107.81282949655858,106.66907485661719,106.99719942891696,35513800
2019-03-14,107.428466796875,108.0003442068541,107.18472116341992,107.38159593778612,30763400
2019-03-15,108.66595458984375,109.92220492720251,107.42844400904903,108.13157111945758,54681100
2019-03-18,110.22222137451172,110.25972235076316,108.79722003985614,108.90971581603061,31207600
2019-03-19,110.29722595214844,111.03785415743714,109.67847055814269,110.70972239557224,37588700
2019-03-20,110.17533874511719,111.32847047060031,109.4159636774695,110.05346594184644,28113300
2019-03-21,112.70658111572266,113.26908133204434,109.77219294707103,109.81907094533881,29854400
2019-03-22,109.73471069335938,112.11596162159397,109.72533366220217,112.03158979891641,33624500
2019-03-25,110.30660247802734,110.63472708580538,109.05034478350287,109.27534349275352,27067100
2019-03-26,110.54096221923828,111.29096019237413,109.5472043547793,111.20658837083518,26097700
2019-03-27,109.47221374511719,110.82222025013559,108.30033508522753,110.51284256730558,22733400
2019-03-28,109.6222152709961,110.23159359144769,108.87221008388957,110.10034375659099,18334800
2019-03-29,110.56908416748047,110.92533266185758,109.65032826266321,110.69095695836712,25399800
2019-04-01,111.58161926269531,111.66599826364472,110.71911810066379,111.51599432977078,22789100
2019-04-02,111.74095916748047,112.01283583328055,111.11282686593889,111.61907922785159,18142300
2019-04-03,112.47221374511719,112.90346418126737,111.7034617237053,112.36908786336618,22860700
2019-04-04,111.90033721923828,112.71596724794448,110.981581308078,112.59408730363754,20112800
2019-04-05,112.397216796875,112.71597148715192,111.90971845904927,111.9284653690283,15826200
2019-04-08,112.43470764160156,112.51907945777599,111.22532820838516,112.3222047341238,15116200
2019-04-09,111.82535552978516,112.06910830996647,111.1691062976588,111.215977155622,17612000
2019-04-10,112.67845916748047,112.82845588994503,112.06908094213055,112.27533269402547,16477200
2019-04-11,112.8097152709961,113.29721358690699,112.42533568420306,113.00659000353197,14209100
2019-04-12,113.39097595214844,113.41910704807393,112.8472296914439,113.10035233413569,19745100
2019-04-15,113.4847412109375,113.98161665739993,113.0347366230095,113.38161530854943,15792600
2019-04-16,113.22222900390625,114.04723618396625,112.59410373914596,114.03785915167104,14071800
2019-04-17,114.15971374511719,114.2347156863512,113.00658929710423,113.66283840145479,19300900
2019-04-18,115.65972900390625,115.80034870912955,113.71909839345446,114.5534753564819,27991000
2019-04-22,116.02535247802734,116.25035115495999,114.90972181924721,114.95659982187354,15648700
2019-04-23,117.60033416748047,117.73158396567455,116.09095433567097,116.34407690288026,24025500
2019-04-24,117.1972427368164,117.98474176111466,116.73786115339607,117.92849387440184,31257000
2019-04-25,121.07849884033203,123.15975650916229,120.77850533855845,121.93162994799371,38033900
2019-04-26,121.77222442626953,122.36285570150228,120.95660165963828,121.59409662547515,23654900
2019-04-29,121.65975952148438,122.0441248517792,121.26601000656512,121.78162517516637,16324200
2019-04-30,122.4378890991211,122.53163080957594,121.30350425288889,121.69725376918217,24166500
2019-05-01,119.88783264160156,122.48471175557002,119.71908188365788,122.37221601865913,26821700
2019-05-02,118.3222427368164,120.00037382280425,117.67536343285236,119.98162691152949,27350200
2019-05-03,120.84410095214844,121.34097627427842,119.29722710855995,119.40035298514299,24911100
2019-05-06,120.14100646972656,120.52538614173719,118.2285066003512,118.49100630192896,24239800
2019-05-07,117.67536163330078,119.23161989075442,116.45661214684846,118.5566166539109,36017700
2019-05-08,117.66597747802734,118.47223045170574,116.95347335307416,117.60035256866183,28419000
2019-05-09,117.65660858154297,117.92848526844728,115.84722778099854,116.5222309826121,27235800
2019-05-10,119.18473815917969,119.93474332169248,116.0816059256272,117.10348778073639,30915100
2019-05-13,115.64097595214844,117.70348652859145,115.35035235537485,116.35348012601632,33944900
2019-05-14,116.9347152709961,118.01283765718705,115.9690814789167,116.1284623743569,25266300
2019-05-15,118.58142852783203,119.23070227302496,116.39837119308541,116.92532101806226,24722700
2019-05-16,121.31964111328125,121.7430904466797,118.99544385063801,119.2683268801343,30112200
2019-05-17,120.51043701171875,122.75936224348773,120.36928242575861,120.73626137627788,25770500
2019-05-20,118.76966857910156,120.05879759549914,118.33682165879472,119.05195630327162,23706900
2019-05-21,119.40950012207031,120.0023106516555,119.10838898622544,119.90821476777693,15293300
2019-05-22,120.134033203125,120.67039475866528,119.05191270907783,119.14601576173365,15396500
2019-05-23,118.73198699951172,118.83549461566811,117.3769834273228,118.75080330287875,23603800
2019-05-24,118.78843688964844,119.8987853857915,118.53437732264875,119.41889429489711,14123400
2019-05-28,118.71315002441406,120.44453679489483,118.60964242628164,119.4847475510942,23128400
2019-05-29,117.56517791748047,117.98861292827476,116.71830071683708,117.97920118741905,22763100
2019-05-30,118.30853271484375,118.33676075482697,117.41460410073633,117.86627427762957,16829600
2019-05-31,116.37957000732422,117.26408714563891,116.04081906835502,116.89710815826496,26646800
2019-06-03,112.76622009277344,117.02883453965536,111.98521782574865,116.53952447599198,37983600
2019-06-04,115.89025115966797,116.00316333777204,113.52840665390539,114.12121712611693,29382600
2019-06-05,118.40264892578125,118.44028871191313,116.8782698931886,117.57458798899036,24926100
2019-06-06,120.27519989013672,120.41634731269959,118.18623813756345,118.97665939648182,21459000
2019-06-07,123.64387512207031,124.44370810074517,120.6892197913941,121.56433235049462,33885600
2019-06-10,124.77304077148438,126.16567696118179,124.2084511593342,124.58483466202748,26477100
2019-06-11,124.30253601074219,126.3162176072918,123.53093127767427,125.97746676123167,23913700
2019-06-12,123.72855377197266,124.18021682394676,122.99459592822366,123.64385528376351,17092500
2019-06-13,124.50955963134766,125.14941440710061,123.79441093126009,124.18961788536205,17200800
2019-06-14,124.63188934326172,125.89278990311317,123.86970339824869,124.45310214961953,17821700
2019-06-17,125.00826263427734,125.83630906996697,124.70714439722089,124.80124743582799,14517800
2019-06-18,127.18192291259766,127.25720248077154,125.68577918517921,126.26917789088992,25934500
2019-06-19,127.68067932128906,127.90650374168958,125.91164478487585,127.03140539640914,23744400
2019-06-20,128.86627197265625,129.53436923684384,127.70887900089768,129.33675855478214,33042600
2019-06-21,128.88510131835938,129.60023578679758,128.4052101516838,128.51812234193414,36727900
2019-06-24,129.6472625732422,130.23066125566555,128.91330476048086,128.91330476048086,20628800
2019-06-25,125.5540542602539,129.46850643881675,124.89537585475352,129.14857897873262,33327400
2019-06-26,126.02455139160156,127.72772518237387,125.7140428273571,126.41977282595803,23657700
2019-06-27,126.23155212402344,126.75850918972505,125.62932983561925,126.2221475607136,16557500
2019-06-28,126.05277252197266,126.65499477812611,125.29999111225307,126.62676673159635,30043000
2019-07-01,127.67121887207031,128.6310154209321,127.00313603486687,128.56515477244182,22613500
2019-07-02,128.51812744140625,128.52753200492972,127.35131544944545,128.08527343141864,15237800
2019-07-03,129.34617614746094,129.60964748209716,128.24522492145348,128.72513041948517,13629300
2019-07-05,128.96974182128906,129.2238085214949,127.70884159644157,127.91585678059347,18141100
2019-07-08,128.87567138671875,129.0074070354499,127.37951336985428,128.34871443368533,16779700
2019-07-09,128.4052276611328,128.88511889324678,127.78418181384632,127.97237360929608,19953100
2019-07-10,129.71316528320312,130.40007171969035,128.93215578062745,129.03566341007993,24204400
2019-07-11,130.23069763183594,131.0023026217617,129.73198293663532,130.04250584540205,22327900
2019-07-12,130.70120239257812,130.91763661718286,129.8637366224759,130.65416520803487,18936800
2019-07-15,130.70120239257812,131.30342480750426,130.28718614828477,131.2093360803028,16651500
2019-07-16,128.9886474609375,130.84236638098878,128.46170460494412,130.7576822130147,22726100
2019-07-17,128.22640991210938,129.7884143648862,128.17935838491684,129.57199456953273,20211000
2019-07-18,128.36753845214844,128.55573018568003,126.72083565705636,127.54889651432609,30381800
2019-07-19,128.55577087402344,132.36671570617833,128.39580713198706,131.94328058218633,48992400
2019-07-22,130.25889587402344,130.97404460017884,129.22383410643957,129.29911367540907,25074900
2019-07-23,131.06813049316406,131.72682311804994,129.88250961296632,131.51038897759457,18034600
2019-07-24,132.41371154785156,132.43253502667753,130.65409676747075,130.7011339273745,20738300
2019-07-25,131.91502380371094,132.3102307905793,131.09638178506293,132.14084816300124,18356900
2019-07-26,132.99713134765625,133.31705874810743,132.01852566447917,132.0843863136969,19037600
2019-07-29,132.70542907714844,133.1570921242279,131.14341035661647,133.1476875625775,16605900
2019-07-30,132.06556701660156,132.88420893649075,131.54802899214516,131.86795636795145,16846500
2019-07-31,128.22640991210938,132.1973175909083,127.10664961223387,132.04675844713628,38598800
2019-08-01,129.91075134277344,132.62075862086454,128.84744708416753,128.91332209684015,40557500
2019-08-02,128.81922912597656,130.15542374441895,127.27603360690789,129.9389895642122,30791600
2019-08-05,124.40606689453125,126.02452750847426,123.06046781931991,125.4317241855099,42749600
2019-08-06,126.73968505859375,127.67123935543441,125.34704871590777,125.90221946870741,32696700
2019-08-07,127.29481506347656,127.64297044817323,124.04846137143869,125.89276024822392,33414500
2019-08-08,130.6917724609375,130.78587552798916,127.90648535868692,128.53695006333118,27496500
2019-08-09,129.5814208984375,131.15284436136244,128.40520444192683,130.4282910038808,23466700
2019-08-12,127.77474975585938,129.72257125171518,127.25722596110316,128.97920871076764,20484300
2019-08-13,130.41888427734375,130.60707603564092,127.03137519555139,128.01939987425007,25154600
2019-08-14,126.49139404296875,129.26706965994273,126.19872331161433,128.7383722864092,32527300
2019-08-15,126.20816802978516,127.05787264469028,124.85810245681584,126.87849007912395,28074400
2019-08-16,128.52122497558594,128.83278185540715,127.19003132705593,127.34109182743995,24449100
2019-08-19,130.67373657226562,130.80591085793256,129.23869118079836,130.14503942959786,24355700
2019-08-20,129.5880889892578,130.95705531914442,129.5692172262811,130.48500193805964,21170800
2019-08-21,131.03256225585938,131.69344846909365,130.2867243031656,130.80598586816757,14970300
2019-08-22,130.0789794921875,131.41960886026482,128.67225576083516,130.90979773952802,18697000
2019-08-23,125.93435668945312,130.6171309419786,125.37733735066186,129.52196402081816,38508600
2019-08-26,127.8792724609375,127.98312479271269,126.41590393353353,127.44499136873404,20312600
2019-08-27,128.15306091308594,129.07828153400453,127.13342385075823,128.76672456446607,23102100
2019-08-28,127.98309326171875,128.17191170771994,126.08544410963215,127.3411076641299,17393300
2019-08-29,130.40003967285156,130.70216079397036,129.25767839769998,129.57867128444275,20168700
2019-08-30,130.15452575683594,131.40073887534862,128.65339984361205,131.37241683214987,23940100
2019-09-03,128.43626403808594,129.53143122409472,128.1152712302323,128.97441175059737,18869300
2019-09-04,129.93739318847656,129.99403727831717,128.85166197814678,129.6258362884301,17995900
2019-09-05,132.22215270996094,132.53370966497332,131.0042469398284,131.33469006342733,26101800
2019-09-06,131.32521057128906,132.3448328415527,130.47550613817484,132.2032226389941,20824500
2019-09-09,129.83355712890625,131.93891103156488,128.83280633407995,131.78785050247885,25773900
2019-09-10,128.4739990234375,129.23872289286365,126.99174507925481,129.15375677535414,28903400
2019-09-11,128.51182556152344,128.65345023891587,127.53939661499264,128.31357118147312,24726100
2019-09-12,129.83355712890625,130.68324739464651,129.21987913171608,130.14511406792434,27010000
2019-09-13,129.64468383789062,130.34331327906276,128.93660411394447,130.0789646679297,23363100
2019-09-16,128.71005249023438,129.05936731686623,128.07750280685522,128.23799919762993,16731400
2019-09-17,129.7108154296875,129.83355390726493,128.80446668358604,129.30485647450766,17814200
2019-09-18,130.7776336669922,130.91924387664923,128.89885658531944,129.68246669257223,23982100
2019-09-19,133.18507385253906,134.4124004366798,132.24096761494286,132.45810801593296,35772100
2019-09-20,131.64622497558594,133.73269246838157,130.52273583057755,133.12846482811528,39167300
2019-09-23,131.36297607421875,131.82559343915412,130.7021044142552,131.4479422006594,17139300
2019-09-24,129.70135498046875,132.82634517607883,129.22930173265038,132.51478830380807,29773200
2019-09-25,131.57069396972656,132.1371636818382,128.42681731994574,129.81465514928834,21382000
2019-09-26,131.74066162109375,132.3448894201914,130.7021527445434,131.64625958100396,17456600
2019-09-27,130.03182983398438,132.51483541006053,129.0121927275264,132.31656663689077,22477700
2019-09-30,131.25918579101562,131.43856841330046,130.07905212432956,130.33396502999375,17280900
2019-10-01,129.40867614746094,132.41092770026117,129.3425817820733,131.85390836022654,21466600
2019-10-02,127.1239242553711,128.74778845745865,126.11373787256218,128.63450029645,30521700
2019-10-03,128.66285705566406,129.1065883472474,125.77389292300633,127.40719344394148,24132900
2019-10-04,130.40003967285156,130.52277817904707,128.79506083320982,129.1066178371406,22897700
2019-10-07,129.45587158203125,130.45662211228984,129.36146958075318,129.4747577446553,15303700
2019-10-08,128.08694458007812,130.06012397653248,128.0397363674609,129.41813838389473,25550500
2019-10-09,130.51329040527344,130.9475713368054,129.3142710921859,129.77688847274337,19749900
2019-10-10,131.32521057128906,131.8633437469326,130.52271434100135,130.74930507101598,17654600
2019-10-11,131.87278747558594,133.14733699817143,131.70285522239948,132.2881966357152,25446000
2019-10-14,131.7500457763672,132.44867526487255,131.721723737964,131.88222009088872,13304300
2019-10-15,133.65721130371094,133.86490155358186,131.99557405732722,132.23160076564972,19695700
2019-10-16,132.5619659423828,133.1095493122958,131.7311478079054,132.9207165319738,20751600
2019-10-17,131.88223266601562,133.51553279532317,131.24968307149675,133.0718016101363,21460600
2019-10-18,129.72967529296875,132.1749076266404,128.92717902000976,131.9483168845772,32273500
2019-10-21,130.6926727294922,130.75876710785582,129.3520430553644,130.7115588955852,20078200
2019-10-22,128.7478485107422,132.1843969215193,128.64399617940302,131.20253212098046,27431000
2019-10-23,129.5692138671875,129.76746821478483,128.03031527485095,129.22933486538082,29844600
2019-10-24,132.11831665039062,132.5714839107556,130.91929690129066,131.59905499480186,37029300
2019-10-25,132.86415100097656,133.25123826117175,131.41966869432338,131.55184307513062,25959700
2019-10-28,136.1307373046875,137.52801108363448,135.48873730511255,136.3289916296993,35280100
2019-10-29,134.8467254638672,136.42338150059607,134.67677881244143,136.0268585218308,20589500
2019-10-30,136.52719116210938,136.8953919850048,134.80891105131968,135.4981189142628,18496600
2019-10-31,135.35653686523438,136.82934061944303,134.9977862109535,136.80101857847143,24605100
2019-11-01,135.68699645996094,136.34786817323254,134.97891653732933,136.19680766564963,33128400
2019-11-04,136.4706268310547,136.89547196631688,136.10242579303747,136.73497555548116,16912000
2019-11-05,136.38563537597656,136.91433272671864,135.8663739043826,136.8671245191333,18250200
2019-11-06,136.00799560546875,136.44229098363357,135.19606334657902,136.30066634891907,16575800
2019-11-07,136.19677734375,136.78213307883354,135.734174450412,135.80025440406615,17786700
2019-11-08,137.80178833007812,137.83011037203946,135.7247425467683,135.9324471250993,16732700
2019-11-11,137.94342041015625,138.23609116077284,136.64054864968358,137.21645427074083,14362600
2019-11-12,138.84976196289062,139.32181525400387,137.89620509505104,138.10390969561473,18641600
2019-11-13,139.07632446289062,139.2179490796646,138.10389593258063,138.5381912557304,16919200
2019-11-14,139.78440856933594,140.11485161257744,138.78365796649786,138.80254413049164,19729800
2019-11-15,141.587646484375,141.6065326471697,139.9826683889357,140.60576770194822,23485700
2019-11-18,141.93698120117188,142.13524992356358,140.65299566327678,141.68208279428393,21534000
2019-11-19,141.98419189453125,142.8716544090842,141.8048093344505,142.44680931758558,23935700
2019-11-20,141.73789978027344,142.89363040716188,140.63902044982487,142.3915523673597,25696800
2019-11-21,141.6052703857422,141.9084194690082,140.67690161439177,141.52948311492568,18576100
2019-11-22,141.70947265625,142.38207563417407,140.98004729526477,142.1641962701748,15901800
2019-11-25,143.26304626464844,143.37673437237504,142.02206070526566,142.09784795876988,22420900
2019-11-26,144.02093505859375,144.3903889638785,143.34834652958634,143.3862329369478,24620100
2019-11-27,144.29568481445312,144.46619535256096,143.53782647243418,144.30515280381059,15184400
2019-11-29,143.40516662597656,144.27669844297796,143.31042893621776,144.08723751840233,11977300
2019-12-02,141.67156982421875,143.83145614764797,140.50637141538132,143.8125057188623,27418400
2019-12-03,141.44422912597656,141.55790280575013,138.92435655473975,139.72011567798677,24066000
2019-12-04,141.95574951171875,142.2683520428285,141.33998352527908,142.23046564524972,17574700
2019-12-05,142.03155517578125,142.4010235261113,141.6052644434032,142.14524330470715,17869100
2019-12-06,143.75570678710938,143.86938047990867,142.35367824111742,143.03574930780448,16403500
2019-12-09,143.38619995117188,144.1914268580623,142.95990930544062,143.11148380990429,16687400
2019-12-10,143.1683349609375,143.8882922467692,142.81781707742448,143.3198950256261,16476100
2019-12-11,143.70831298828125,143.86935551011177,142.4104903709191,143.55673845422552,18856600
2019-12-12,145.1671905517578,145.35665148920563,143.0641408997182,143.6609421299317,24612100
2019-12-13,146.3892364501953,146.73027194419177,144.77879668324582,144.93983921444635,23845400
2019-12-16,147.3365478515625,147.68705131530712,146.66395934248806,146.93867553881213,24144200
2019-12-17,146.5408172607422,147.50708694421763,146.31345543670542,147.26077468777498,25425600
2019-12-18,146.23765563964844,147.289180496491,146.05766268456694,146.1713508143225,24129200
2019-12-19,147.507080078125,147.5639169177524,145.65032807228027,145.8871578740238,24958900
2019-12-20,149.11749267578125,150.1405989675378,148.0564855278811,149.06065584650722,53477500
2019-12-23,149.11749267578125,149.79008109544574,148.98486858916138,149.79008109544574,17718200
2019-12-24,149.08908081054688,149.40169784022848,148.84276859961727,149.1838040451843,8989200
2019-12-26,150.3111114501953,150.36794828022363,149.1080122131433,149.25958672984655,14520600
2019-12-27,150.58584594726562,151.14476073019574,149.8848246306629,151.05002304108064,18412800
2019-12-30,149.2880096435547,150.6426834381321,148.4733146604014,150.61426502226158,16348400
2019-12-31,149.39224243164062,149.4585617173354,148.20809337232998,148.51124246988692,18369400
2020-01-02,152.15838623046875,152.2625919076215,149.9890318942147,150.4153225898607,22622100
2020-01-03,150.2637481689453,151.5236842826628,149.7332517957889,149.9795640082844,21116200
2020-01-06,150.65213012695312,150.7184493912366,148.26488234672686,148.8048610818125,20813700
2020-01-07,149.27857971191406,151.2584736153163,149.03228189326714,150.92692052732374,21634100
2020-01-08,151.65634155273438,152.32894460830389,149.62907885185848,150.55744770797486,27746500
2020-01-09,153.55091857910156,153.67407466292312,152.54676284777327,153.3140888517151,21385000
2020-01-10,152.8404541015625,154.62141856495847,152.68887958234973,154.24249672186824,20725900
2020-01-13,154.6782684326172,154.70668685049705,152.7646797173632,153.23833928861814,21626500
2020-01-14,153.5888671875,154.98142757393325,153.20046284462947,154.7824841808954,23477400
2020-01-15,154.58352661132812,155.3034983915867,154.00567582656228,154.05303021846976,21417900
2020-01-16,157.416015625,157.48233490143087,155.38875329683958,155.6919023520506,23865400
2020-01-17,158.29702758789062,158.64753102974288,156.7149919685834,158.60016218369577,34371700
2020-01-21,157.72862243652344,159.32959395002115,157.66230316439436,157.89913292781256,29517200
2020-01-22,156.97076416015625,158.66647335945913,156.95181373171633,158.58120365895033,24138800
2020-01-23,157.9370574951172,158.0128447653816,156.56344755206595,157.43497947769117,19680800
2020-01-24,156.34555053710938,158.70438049049056,155.7866356921332,158.68543005957545,24918100
2020-01-27,153.73094177246094,154.77299856024104,151.76051631780365,152.66046656819069,32078100
2020-01-28,156.74343872070312,157.02762291226713,154.47934644660026,155.15193497322656,24899900
2020-01-29,159.1875,159.86010294143955,156.96130872089228,158.99803906528018,34754500
2020-01-30,163.6777801513672,164.88087936173753,161.7926100859004,164.88087936173753,51597500
2020-01-31,161.2621612548828,163.31784241229383,160.64640948856473,163.13786388648447,36142700
2020-02-03,165.19351196289062,165.30718563115278,161.4231714761802,161.45158989324574,30107000
2020-02-04,170.63108825683594,171.12369816863662,167.02180529379913,167.8080817735197,36433300
2020-02-05,170.42271423339844,174.4961895872338,169.01121791022703,174.33514706166798,39186300
2020-02-06,173.9562530517578,174.1362460371025,170.57431610803914,171.4363801668238,27751400
2020-02-07,174.20249938964844,175.85083973913436,172.86677606101028,173.21729393859556,33529100
2020-02-10,178.75914001464844,178.89176413177015,173.59625298069977,173.90887006854624,35844300
2020-02-11,174.72357177734375,180.65378531596264,173.83308933390472,180.60641646057744,53159900
2020-02-12,174.97930908203125,176.05925222698292,172.26997600540625,175.80347203464285,47062900
2020-02-13,174.03199768066406,176.4192313976913,173.2362386533794,173.4351820239361,35295800
2020-02-14,175.58563232421875,175.64246916757827,173.0278587334808,173.5962560769659,23149500
2020-02-18,177.36654663085938,177.81178775317247,175.72768867603537,175.83189435263932,27792200
2020-02-19,177.8984832763672,178.75339330512708,177.1290613515988,178.63940916647175,29997500
2020-02-20,175.18174743652344,177.86998445493268,172.02806552961567,177.5850096183367,36862400
2020-02-21,169.643798828125,174.3078432347574,168.3709275932466,173.99437234955488,48572600
2020-02-24,162.3295440673828,165.80620582569023,155.05325577394382,159.36584000819616,68311100
2020-02-25,159.65081787109375,166.0816754656081,159.25184432237913,165.4737357884397,68073300
2020-02-26,161.6455841064453,164.5807916536019,159.78377552086138,161.20863524213226,56206100
2020-02-27,150.25619506835938,158.66287293546242,150.06621667754132,155.13872812835803,93174900
2020-02-28,153.89434814453125,155.50920080368482,144.38578921735436,144.77525436429954,97012700
2020-03-02,164.1343536376953,164.25784613285873,154.17933661297113,157.02905638868572,71030800
2020-03-03,156.2691192626953,166.2336440588436,154.13182955336734,165.09375911275336,71677000
2020-03-04,162.006591796875,162.1490720051714,157.32354419371018,160.049786299332,49814400
2020-03-05,157.9409637451172,162.31052511256803,157.39001621509487,157.73198314771483,47817300
2020-03-06,153.47640991210938,154.9392596374927,148.18542341366964,154.46430635732068,72821100
2020-03-09,143.07493591308594,149.84777500974567,142.48599842448084,143.43590508064403,70419300
2020-03-10,152.8590087890625,152.9634991224944,144.93678912699198,150.23727109717373,65354400
2020-03-11,145.93417358398438,149.80028638541867,143.5783944896267,149.25884709378187,56371600
2020-03-12,132.09402465820312,145.7821838160187,131.6380734962404,138.0214477414232,93226400
2020-03-13,150.87368774414062,153.799402213402,133.68037012437767,140.11124274828052,92727400
2020-03-16,128.63633728027344,141.86854244359614,128.23737828715525,132.98691081630918,87905900
2020-03-17,139.22781372070312,140.111219878546,128.23738768544888,132.98692056268771,81059800
2020-03-18,133.36691284179688,138.68639687590408,128.25642396381357,131.08714225256688,81593200
2020-03-19,135.56118774414062,142.62848121921525,132.03702760813172,135.61817982543892,85922700
2020-03-20,130.4696807861328,139.73127038304972,129.0543146964059,138.6863672974225,84866200
2020-03-23,129.16827392578125,133.52835551035776,125.88160575331062,130.1466764014955,78975200
2020-03-24,140.9091339111328,142.10602543854912,134.19330215103852,136.5490663326342,82516700
2020-03-25,139.56024169921875,146.59905135729474,137.204477967515,141.4505605875255,75638200
2020-03-26,148.28993225097656,148.81238382335576,140.9376493369031,140.96614537772146,64568100
2020-03-27,142.20098876953125,147.13100542904672,141.72603555754588,144.14829983755556,57042300
2020-03-30,152.20355224609375,152.55502759461282,142.4955042449224,144.8037851504322,63420300
2020-03-31,149.80979919433594,156.52563234720105,148.71739774047174,151.4151294187409,77927200
2020-04-01,144.49029541015625,149.84776812499067,143.2649222575526,145.33571171552185,57969900
2020-04-02,147.48248291015625,147.69146350670735,142.8279467020778,144.25280649978632,49630700
2020-04-03,146.12417602539062,149.4963483237141,144.56632933331483,147.33056181264357,41243300
2020-04-06,156.9910888671875,158.1594700832369,149.68630381570637,152.28905346630089,67111700
2020-04-07,155.30023193359375,161.4841185494659,155.08174298427676,161.094653373126,62769000
2020-04-08,156.8580780029297,158.32092775680474,155.30972564119622,157.3710211779595,48318200
2020-04-09,156.86753845214844,158.98582561353126,155.1482102296076,158.0264253911556,51385100
2020-04-13,157.21900939941406,157.27601596103173,154.1698178490686,156.11712894664603,41905300
2020-04-14,164.99879455566406,165.04629279060418,159.58432914429642,160.5342358653934,52874300
2020-04-15,163.2699737548828,164.87531845127268,160.7622205618649,162.62402963993992,40940800
2020-04-16,168.17152404785156,168.39950693926536,164.23890976115135,165.56878821942016,50479600
2020-04-17,169.65330505371094,170.98316834305447,167.06004989785689,170.50821509765711,52765600
2020-04-20,166.2906494140625,169.79580713643446,166.22416348822875,167.7820097543469,36669600
2020-04-21,159.41334533691406,164.97029069532127,157.7889985432716,164.8088082997189,56203700
2020-04-22,164.82778930664062,165.2837403941168,162.2630445097546,162.80448370842808,34620200
2020-04-23,162.83302307128906,166.29068326802962,162.34857581784783,165.38827470051632,32790800
2020-04-24,165.8061981201172,165.81569196802081,162.15856029457086,163.44092549392695,34277600
2020-04-27,165.33123779296875,168.03846276162992,164.61880788104367,167.74399405047532,33194400
2020-04-28,161.30361938476562,166.87007201792395,160.9046603967209,166.7940777590931,34392700
2020-04-29,168.54188537597656,168.77936197566842,163.26991645835463,164.5427875540418,51286600
2020-04-30,170.23277282714844,171.36314953679909,167.40204064561368,170.98319268415977,53875900
2020-05-01,165.82516479492188,169.69127624962576,165.29320504334035,166.99354559150055,39370500
2020-05-04,169.8813018798828,170.03329042260975,165.09377873938547,165.74921664727339,30372900
2020-05-05,171.7051544189453,174.4503845945939,170.88823396039098,171.5721680417122,36839200
2020-05-06,173.39588928222656,174.97273721577514,172.5314855666917,172.9589405019641,32139300
2020-05-07,174.40284729003906,175.3052556080261,173.4339385566434,174.94428648306186,28316000
2020-05-08,175.42872619628906,175.73270323488325,174.17485714814552,175.71370104636537,30877800
2020-05-11,177.38555908203125,178.11697670899608,173.6904230840471,173.97538346108584,30892700
2020-05-12,173.367431640625,177.6705069643846,173.16795939072577,177.4425386787855,32038200
2020-05-13,170.7457733154297,174.8303760766597,167.69656564529353,173.40551565956292,44711500
2020-05-14,171.48663330078125,171.63862183186455,166.87958060148486,168.64640741566177,41873900
2020-05-15,173.9849090576172,177.6895392707551,168.13348049505922,170.0902859150462,46610400
2020-05-18,175.64723205566406,176.87260518633394,174.74482368880803,176.44515011723627,35264500
2020-05-19,174.43138122558594,177.25260543401274,174.2983948602983,175.7612448784623,26799100
2020-05-20,176.85086059570312,177.03184785529155,175.21246950388453,176.0411853401111,31261300
2020-05-21,174.72662353515625,177.8128975506415,174.59326682345701,176.6031523221469,29119500
2020-05-22,174.80284118652344,175.70777736396283,173.878864430985,174.49803205422208,20826900
2020-05-26,172.95492553710938,177.65100133015423,172.5072247999281,177.49858947605117,36073600
2020-05-27,173.18350219726562,173.3549691405075,168.22071368879833,171.64989267092176,39517100
2020-05-28,172.79293823242188,175.4124564029149,171.821345594234,172.1642649179447,33810200
2020-05-29,174.55517578125,175.52678301222977,171.84993125203522,174.05984460970063,42130400
2020-06-01,174.15512084960938,174.317052979787,172.85012898389996,173.87887257152337,22622400
2020-06-02,176.13644409179688,176.22217030792038,172.7453603292764,175.50775610396937,30794600
2020-06-03,176.56507873535156,177.11756076291744,174.86953695945328,176.05070693577963,27311000
2020-06-04,174.24082946777344,177.02227987283794,173.65025181324634,175.5553560250542,28761800
2020-06-05,178.31777954101562,178.82263107426536,173.3740310033493,173.95508846130764,39893600
2020-06-08,179.42269897460938,179.60368618388102,175.6886968023401,177.11752483159168,33211600
2020-06-09,180.79440307617188,181.651694207209,178.37491244759534,179.07980627930513,29783900
2020-06-10,187.50038146972656,189.1006768084004,181.947000106035,182.06131625973632,43872300
2020-06-11,177.43190002441406,186.4716109809636,177.2413924938844,183.96640861165238,52854700
2020-06-12,178.83212280273438,182.62327580090312,176.3935774041009,181.49925685081865,43373600
2020-06-15,179.97520446777344,181.7660071501727,175.27911483833037,175.8220765372761,32770200
2020-06-16,184.38552856445312,186.30015317328437,182.37564292571702,183.7377855376434,42556700
2020-06-17,185.0237579345703,187.00506839796026,184.49985127974222,185.7762678316549,25687800
2020-06-18,187.00506591796875,187.166998057351,184.7951377068354,184.7951377068354,23061600
2020-06-19,185.8905792236328,189.83414524257645,185.14758957765756,189.1673615262903,44441100
2020-06-22,191.0533905029297,191.23436320106813,185.96675100741712,186.50017788250193,32818900
2020-06-23,192.32984924316406,194.27304964959652,191.8726136482896,192.5013016901454,30917400
2020-06-24,188.4529266357422,193.60623760474027,187.23366096391769,192.0345322646708,36740600
2020-06-25,190.83432006835938,191.09151325340733,186.19539512120477,188.41484367523898,27803900
2020-06-26,187.01455688476562,190.40564005963446,185.6333592367713,190.25322823418622,54675800
2020-06-29,189.02447509765625,189.11020131374772,184.36649507102788,186.49068256690614,26701600
2020-06-30,193.8538818359375,194.7016526637686,188.35766642321764,188.49102314215313,34310300
2020-07-01,194.9874267578125,196.5591465629425,192.1964558697461,193.50144769462975,32061200
2020-07-02,196.47335815429688,198.1498588730305,195.27314794094008,195.92087628424048,29315800
2020-07-06,200.70272827148438,201.11233324014438,198.2165666631552,198.9214604627047,31897600
2020-07-07,198.36895751953125,204.4843397238577,198.1212992276616,200.46456904975432,33600700
2020-07-08,202.73167419433594,203.14126463883366,198.78810890651903,200.10263551405538,33600000
2020-07-09,204.15101623535156,206.11327165088568,201.43623636214315,206.06564112885147,33121700
2020-07-10,203.5318145751953,203.9223644420307,201.0647080140899,203.48418406110454,26177600
2020-07-13,197.24496459960938,205.56074012154218,196.70200294166628,204.30336440933152,38135600
2020-07-14,198.4642791748047,198.9405553287785,192.44414161187424,196.34961188837738,37591800
2020-07-15,198.16893005371094,201.30283456368667,195.30175350046605,199.61681329766185,32179400
2020-07-16,194.24447631835938,195.9400183634578,192.71086643096186,195.65424974730507,29940700
2020-07-17,193.2537841796875,195.31128577018185,191.8344762485348,194.76833860463782,31635300
2020-07-20,201.56004333496094,202.22682694154088,193.37760921523997,195.27319325053878,36884800
2020-07-21,198.84523010253906,203.78897731065484,198.1593914994022,203.5222639133005,37990400
2020-07-22,201.70294189453125,202.22684854667068,198.502365706218,199.27393071446238,49605700
2020-07-23,192.92990112304688,200.91229258668062,192.55840637545583,197.35927722794668,67457000
2020-07-24,191.74876403808594,193.23474316986903,188.13858299901412,190.91051343665205,39827000
2020-07-27,194.17774963378906,194.29205123361672,191.3296136481544,191.9106710052641,30160900
2020-07-28,192.43460083007812,194.98743376683993,192.16788737503714,193.949155350088,23251400
2020-07-29,194.37779235839844,194.93979464709193,192.42505751425415,192.8918133073751,19632600
2020-07-30,194.225341796875,194.75878311184644,190.10080453768742,191.4629468845952,25079600
2020-07-31,195.28271484375,195.36845558536268,189.56740183239614,194.7016574395373,51044000
2020-08-03,206.26560974121094,207.3134227858936,200.45505109147118,201.4838090258531,78983000
2020-08-04,203.1698760986328,204.57966398452538,200.3312742804671,204.0081267837803,49280100
2020-08-05,202.8364715576172,204.79872680046398,201.53147967053414,204.703465764779,28806400
2020-08-06,206.0846405029297,206.10368107875757,201.51238778544572,202.26489750478686,32656800
2020-08-07,202.39828491210938,205.46550412139865,200.92182611319922,204.65584348217192,27820400
2020-08-10,198.36895751953125,201.826725992013,196.55911450133638,201.62668367315615,36716500
2020-08-11,193.7300567626953,197.7974438909009,193.50143901907384,197.3307026496794,36446500
2020-08-12,199.26438903808594,200.30266740602258,195.03505511443325,195.54942688645932,28013100
2020-08-13,198.79762268066406,201.32189449596746,198.27371611259795,199.50251647540682,22588900
2020-08-14,198.98817443847656,199.64543786684007,197.66412729104678,198.8548176946633,17958900
2020-08-17,200.30264282226562,201.1694686714029,199.00717145991686,199.6549144084866,20184800
2020-08-18,201.45526123046875,202.2839769572169,199.28344347190688,200.5408047630147,21336200
2020-08-19,200.23304748535156,202.5247077340246,199.80336574182783,201.94224572660374,27627600
2020-08-20,204.8927459716797,205.29378324171398,199.47872097132446,200.08026959141188,26981500
2020-08-21,203.40318298339844,206.48736005046817,203.24085940828198,204.20525755571333,36249300
2020-08-24,204.04293823242188,205.79032438204533,202.83981177895026,205.0932698409318,25460100
2020-08-25,206.69741821289062,206.83109730111778,203.47956222275502,203.47956222275502,23043700
2020-08-26,211.16615295410156,212.06371888128913,207.5472593341942,208.04378795624189,39600800
2020-08-27,216.3509979248047,220.71467669554357,209.49513302411248,212.82758145339662,57602200
2020-08-28,218.57577514648438,220.22766956393025,216.3509621275337,217.87872078167098,26292900
2020-08-31,215.348388671875,218.37527645385566,214.1834647217213,216.75202630738926,28774200
2020-09-01,217.00982666015625,217.18169350856164,214.2980283025981,215.32927310280877,25725500
2020-09-02,221.1920928955078,222.3474735322865,217.08622920281584,217.67823447442825,34080800
2020-09-03,207.4899444580078,218.95774500180633,205.2555877927425,218.9195572217702,58400300
2020-09-04,204.57762145996094,208.5020748978359,195.92664012521107,205.38925379080658,59664100
2020-09-08,193.51087951660156,200.54815481211494,193.07163989272198,197.17751849448624,52924300
2020-09-09,201.7512969970703,205.14103500073327,197.3685162511446,198.22789445245752,45679000
2020-09-10,196.09854125976562,205.04554135717223,194.89542936094682,203.766024749938,35461500
2020-09-11,194.8190155029297,199.21135322657878,192.15497713349296,197.8459033435166,33620100
2020-09-14,196.13674926757812,199.75564294186492,194.81904483808273,195.01957077863054,30375800
2020-09-15,199.35455322265625,200.30940787534448,197.5880662872127,199.01080496489146,21823900
2020-09-16,195.79293823242188,201.140115239227,195.40144435046284,201.11147076688118,26328100
2020-09-17,193.74957275390625,195.1054646940721,190.93275427264976,191.01868769979,34011300
2020-09-18,191.3433837890625,194.45620569620186,187.39028485941148,193.64458772666708,55225300
2020-09-21,193.3962860107422,193.55862414931087,187.5143914784935,188.2878215402221,39839700
2020-09-22,198.0559844970703,198.70529334933173,192.9570632684131,195.8025265449776,33517100
2020-09-23,191.53433227539062,198.70530157646007,190.99961588664098,198.51431894911047,30803800
2020-09-24,194.01695251464844,196.28951164051597,190.2070765512696,190.82774092401178,31202500
2020-09-25,198.43792724609375,199.60283667261433,193.39628060658876,194.3606932585249,29437300
2020-09-28,199.9847869873047,202.97348710410114,198.66708273160546,201.35978019848167,32004900
2020-09-29,197.90322875976562,200.58638336825445,197.47354695261768,199.89888664884572,24221900
2020-09-30,200.83462524414062,202.41012994138174,197.21571715131006,198.35199677037934,33829100
2020-10-01,202.86849975585938,204.3294267405896,201.7799656384147,203.8519992404835,27158400
2020-10-02,196.88148498535156,201.4647902745246,196.2608207134227,198.60976959147385,33154800
2020-10-05,200.8823699951172,200.9110144753066,197.6358547310032,197.86502514244748,21331600
2020-10-06,196.61416625976562,200.6913859913485,195.57337796687514,199.39279737852067,28554300
2020-10-07,200.357177734375,200.62453590384288,197.3875788228527,197.71222594721692,25681100
2020-10-08,201.07333374023438,201.6557957748077,198.91536704931994,201.00648690794026,19925800
2020-10-09,206.06719970703125,206.1149453581554,201.69396323673163,201.69396323673163,26458000
2020-10-12,211.4048614501953,213.75381083072148,207.0220811131626,208.9126896677775,40461400
2020-10-13,212.7989044189453,215.04281863790064,210.478600080842,212.6652253529177,28950800
2020-10-14,210.88925170898438,214.09756472401912,209.23735682791846,212.93264059195755,23421700
2020-10-15,209.743408203125,210.41180364703087,206.25817945216272,207.29898225402468,22733100
2020-10-16,209.743408203125,212.25466641165193,209.41876106893184,210.21127772889514,26057900
2020-10-19,204.5489959716797,212.26422448710105,204.0715685727298,210.46909280467258,27625800
2020-10-20,204.95957946777344,207.5567857207398,203.4700082929691,206.05767124299427,22753500
2020-10-21,205.10281372070312,207.12710123202376,203.49865008216514,203.49865008216514,22724900
2020-10-22,205.18873596191406,206.30591426730527,202.14274698836158,204.27206899419642,22351500
2020-10-23,206.46824645996094,206.5159921132841,203.53684984099252,205.32242362984323,18879600
2020-10-26,200.59588623046875,206.57327167863946,198.70527791822374,204.19569269246188,37111600
2020-10-27,203.62277221679688,204.97866419195947,200.83459813928872,202.0377098600853,36700300
2020-10-28,193.52992248535156,199.41183029232755,192.97611964131525,198.29465216362,51195600
2020-10-29,195.47789001464844,197.9987062868801,194.18883011308253,194.85724017755612,31432600
2020-10-30,193.32945251464844,195.06728067422344,190.608110506775,194.31295179301887,36953700
2020-11-02,193.19580078125,196.01261992601422,191.08556496375604,195.06730829502152,30842200
2020-11-03,197.1106414794922,198.72434819434292,193.95007486989743,194.6853170414413,27512000
2020-11-04,206.62106323242188,208.46394087285225,202.830287893592,204.358061650324,42311800
2020-11-05,213.2095184326172,214.00204965218953,211.16612977646565,212.0159499519229,36080100
2020-11-06,213.62014770507812,214.23125428205773,208.18702078149855,212.22605308606802,25231900
2020-11-09,208.53076171875,217.8214958469359,208.04379096331203,214.30763679686595,44395000
2020-11-10,201.48390197753906,206.72605996738244,200.252145721527,204.81635040648283,44045100
2020-11-11,206.77377319335938,208.196497268359,202.6201497218183,202.8015744328405,29440800
2020-11-12,205.71388244628906,209.21819716662446,204.7781289947096,207.40397920969534,21593900
2020-11-13,206.735595703125,207.60451701831292,204.4916957931553,206.5923733192708,18621100
2020-11-16,207.42308044433594,207.91006566149406,204.8354323909098,205.16962279080076,24953300
2020-11-17,204.77813720703125,207.85275581409536,204.41528777312377,206.3440982697899,24154100
2020-11-18,202.07843017578125,205.9940073608106,201.93481820711207,204.53882413845477,28372800
2020-11-19,203.3612823486328,203.94526929630183,200.97746390164156,202.3656398944147,24792700
2020-11-20,201.4178466796875,204.194169355236,201.0444789459679,203.15065627997777,22843100
2020-11-23,201.14976501464844,203.2367909210462,199.28292656441394,201.9539393304308,25683500
2020-11-24,204.73985290527344,205.11322061050996,199.95307996220436,200.65194472163236,33979700
2020-11-25,204.7494354248047,206.10887728216528,203.39957646316228,205.93656045611112,21012900
2020-11-27,206.05142211914062,207.0470790626481,204.91216783189242,205.68763731230698,14512200
2020-11-30,204.94085693359375,205.60141917790943,201.84859180165287,204.9695763960393,33064800
2020-12-01,206.98965454101562,208.0523187829212,204.2516196677861,205.3621399555571,30904500
2020-12-02,206.1854705810547,206.28121189127353,203.72507667561828,205.71637614197203,23724500
2020-12-03,205.10366821289062,207.15240660691688,204.53881785971507,205.4578847635359,25120900
2020-12-04,205.21853637695312,206.19504217699352,204.08885033218635,205.08450731483558,24666000
2020-12-07,205.15155029296875,206.3482437733022,203.90700075988175,205.22814042867907,24620000
2020-12-08,206.7981719970703,207.69808770235701,203.8112301736273,204.84517494514358,23284100
2020-12-09,202.7677001953125,206.05141934797453,202.20286450676673,205.98441212448722,32440600
2020-12-10,201.5423126220703,203.9931382813653,201.38913236634608,202.73900597977865,26733300
2020-12-11,204.1654510498047,204.22290460061276,200.19243502451116,201.09235074888988,30979400
2020-12-14,205.06533813476562,206.9896300960847,203.80163774686156,204.01225691285737,28798400
2020-12-15,204.9983367919922,206.23331774795298,203.1889372562856,205.99397910773743,27000600
2020-12-16,209.9287567138672,210.72336294076212,205.56322121850565,205.59194069349553,35023300
2020-12-17,210.06277465820312,211.47008729036386,208.62674255257576,210.49358136827655,32515800
2020-12-18,209.26815795898438,210.32125396009562,206.80776400449466,209.26815795898438,63354900
2020-12-21,213.09754943847656,214.4474228830975,208.01399902795885,208.27248885115827,37181900
2020-12-22,214.39002990722656,216.00796180865703,212.38916194035403,213.19333644262701,22612200
2020-12-23,211.5945281982422,214.0262025743925,211.38390900722848,213.59539590479994,18699600
2020-12-24,213.250732421875,214.0740579439434,211.76682990316124,211.97744907913722,10550600
2020-12-28,215.36648559570312,216.3908473661043,213.50921543485993,214.87822542694408,17933500
2020-12-29,214.59104919433594,217.49183275361256,214.04536461399422,216.65893884295096,17403200
2020-12-30,212.22637939453125,216.00794208381058,212.02534309135797,215.62499144526328,20272300
2020-12-31,212.934814453125,213.49008188993298,210.311657515392,212.24551795281667,20942100
2021-01-04,208.4065399169922,213.4900908644091,205.64935379985505,213.04013300201316,37130100
2021-01-05,208.6075897216797,209.20115958747942,206.5014122383252,207.99488327910248,23823000
2021-01-06,203.19850158691406,207.2576901048468,202.90172401611616,203.12191147056765,35930700
2021-01-07,208.98097229003906,209.98619774889107,204.5963001731968,204.9122144012225,27694500
2021-01-08,210.2542266845703,211.17329358978736,207.77468161014076,209.35431096289832,22956200
2021-01-11,208.21510314941406,209.57454522836616,207.48750414372483,209.15330677414084,23031300
2021-01-12,205.76422119140625,207.84169356915027,204.22289427900293,207.26727495468438,23249300
2021-01-13,207.1140899658203,207.51617714350778,204.80686188159456,204.8930348974412,20087100
2021-01-14,203.93569946289062,208.1863566093762,203.66764131924498,206.70245392329073,29480800
2021-01-15,203.58145141601562,205.36213157006432,202.9878962340234,204.41435985792472,31746500
2021-01-19,207.20986938476562,207.72683453458131,203.562350037291,204.63458270836028,30480900
2021-01-20,214.77296447753906,216.161125965196,208.02361046256806,208.41612942216207,37777300
2021-01-21,215.37608337402344,216.64936685048048,212.93482602015692,215.11759352034807,30709400
2021-01-22,216.31422424316406,220.2585343134904,216.1706269260698,217.39603939217054,30172700
2021-01-25,219.74160766601562,219.98094632418085,214.6580569038777,219.34908876068727,33152100
2021-01-26,222.42214965820312,224.193246534582,220.26810225671912,221.97219192124763,49169600
2021-01-27,222.9678955078125,230.1863578583069,220.32560189282918,227.85041013975058,69870600
2021-01-28,228.74078369140625,232.29257655644818,225.0645446313183,225.5623732357288,49111200
2021-01-29,222.0679931640625,227.86956006122185,221.4840062376579,225.9261312717925,42503100
2021-02-01,229.43006896972656,232.15853595719565,222.51796623567458,225.0358140012582,33314200
2021-02-02,229.29600524902344,231.9766011706054,228.51098203808783,231.00967824023755,25916300
2021-02-03,232.6371612548828,234.63802880665224,229.0566498927126,229.35344208114293,27158100
2021-02-04,231.68942260742188,232.86697949222687,230.11936136908966,232.31171197270916,25296100
2021-02-05,231.87124633789062,232.9051909034117,230.16715657473637,231.89996580292708,18054800
2021-02-08,232.12979125976562,233.2881822461942,230.54057897933532,232.78078543262248,22211900
2021-02-09,233.3743438720703,234.32211561321034,231.0862668747444,231.55536129754788,23565000
2021-02-10,232.46484375,235.43263415280472,230.61714183329966,234.55186970118112,22186700
2021-02-11,234.0636444091797,234.69548737812784,231.82342341865782,234.34127083104315,15751100
2021-02-12,234.5423126220703,234.83909021572526,232.37868184084263,233.52750445837592,16561100
2021-02-16,233.30731201171875,235.63369127508065,232.56057659584255,234.58059537675686,26728500
2021-02-17,234.32444763183594,234.429999771811,231.1962886570467,231.56092598454555,21653500
2021-02-18,233.93101501464844,234.06535276526913,231.11951257604537,232.02150089094852,16925600
2021-02-19,231.22509765625,233.9982245505223,230.46703730839147,233.89267239987308,25262600
2021-02-22,225.02630615234375,228.30799807606732,223.0016349040027,227.81862797364326,36446900
2021-02-23,223.83648681640625,225.33339754887209,219.48007774451878,221.01537906288905,30228700
2021-02-24,225.06472778320312,225.68843572381107,219.73916858564397,220.70831859965355,26339700
2021-02-25,219.72955322265625,225.10307807896038,218.66444150450877,222.69458880716616,39542200
2021-02-26,222.9824676513672,225.8515415247869,220.2573072215553,222.166836123275,37819200
2021-03-01,227.3580322265625,227.86659759459576,223.72129349094783,226.36008213862527,25324000
2021-03-02,224.41221618652344,227.7035134807684,224.00920288060502,227.42523297605322,22812500
2021-03-03,218.3573455810547,224.13389755602432,218.0694748183949,222.7713248972642,34029500
2021-03-04,217.5609588623047,223.0880319063651,215.19084531714768,217.5705638296597,44727800
2021-03-05,222.23402404785156,223.83648692978852,217.30188796036578,220.23813818964663,41872800
2021-03-08,218.19424438476562,223.93240636504976,217.94476417404604,222.01328727476053,35267400
2021-03-09,224.3258514404297,225.8611527209292,222.30118001460858,223.46225362122254,33080500
2021-03-10,223.0208740234375,227.41565940953961,222.65623663523644,227.41565940953961,29746800
2021-03-11,227.54037475585938,229.4978699157633,224.83440963059357,225.4581321614422,29907600
2021-03-12,226.21615600585938,226.2833322000355,223.7980619246952,224.54651717619805,22653700
2021-03-15,225.31417846679688,225.67881578579735,222.4354997800782,225.458121186163,26034900
2021-03-16,228.096923828125,230.3518801512368,226.39849920018347,226.7247459571365,28092200
2021-03-17,227.45396423339844,228.902908364982,223.79804509330785,226.59995691364423,29562100
2021-03-18,221.38958740234375,224.71926031527957,221.01535975192502,223.15517351500054,34833000
2021-03-19,221.03457641601562,223.06883823635602,220.07501674352017,221.67747963958135,46430700
2021-03-22,226.44647216796875,227.3196602642825,220.83304272830307,220.95779015994103,30127000
2021-03-23,227.97213745117188,231.3018099368401,227.48276739933382,227.8857806140914,31638400
2021-03-24,225.93792724609375,228.37520237530592,225.80358947742405,228.2312742809165,25620100
2021-03-25,222.94403076171875,227.35800992333859,222.20518055488392,225.7843330698568,34061900
2021-03-26,226.9166259765625,227.1373352031275,222.18600467967124,222.18600467967124,25479900
2021-03-29,225.72679138183594,227.22370192103884,222.50267074289255,227.02218797535386,25227500
2021-03-30,222.47390747070312,224.3930267427671,221.7542377436791,224.08596063121217,24792000
2021-03-31,226.23536682128906,229.4307019873928,222.9920507477263,223.49102583020917,43623500
2021-04-01,232.54925537109375,233.0194301648767,228.42314650954665,228.82615975066759,30338000
2021-04-05,238.99752807617188,239.85153557551078,232.88512317429942,232.94269441038907,36910600
2021-04-06,237.83641052246094,239.31412566205827,236.8960463427172,237.59652065526092,22931900
2021-04-07,239.7939453125,240.78229055854658,237.19354691855074,237.78846920288845,22719800
2021-04-08,243.00848388671875,243.8624913984209,241.80903431175963,242.54789934961562,23625200
2021-04-09,245.50332641601562,245.63766417265026,242.2312247073296,242.64382830209405,24326800
2021-04-12,245.56089782714844,247.24973207374578,244.32305775852038,244.40942924919764,27148700
2021-04-13,248.03652954101562,248.70823291456193,246.44365723287845,246.85629007953642,23837500
2021-04-14,245.2538299560547,248.36279362985277,244.84122636397595,247.06741162139323,23070900
2021-04-15,249.0057373046875,249.41834093963365,247.30732721077396,247.4992215769771,25627500
2021-04-16,250.19552612304688,250.4450209552328,247.18252462323014,248.97689614166003,24878600
2021-04-19,248.27642822265625,250.9056412984342,247.39364983670757,249.66780128143571,23209300
2021-04-20,247.81585693359375,249.67740478959612,246.45326949789063,247.39364839202,19722900
2021-04-21,250.04202270507812,250.1379845198546,246.84670218540677,248.4683602197952,24030400
2021-04-22,246.7699737548828,251.19352978714605,245.3018339862112,249.6870140739472,25606200
2021-04-23,250.58901977539062,250.93447650853264,246.86592330580729,247.4512699735004,21462600
2021-04-26,250.97280883789062,251.82683096234217,249.6486411501395,251.07837562429333,19763300
2021-04-27,251.37583923339844,252.54650316167644,249.60064804856367,251.00159691898284,31014200
2021-04-28,244.2655029296875,246.1654415847011,242.72061130265914,245.72402306023824,46903100
2021-04-29,242.29835510253906,245.7431847076935,238.93030665326364,245.1290672361007,40589000
2021-04-30,241.98171997070312,242.84533234959014,239.5060692196905,239.64040697084403,30945100
2021-05-03,241.6746826171875,244.06399130382755,240.96460323871534,243.1523979660195,19626600
2021-05-04,237.76927185058594,241.0509786364311,235.821366992888,240.8206790565612,32756100
2021-05-05,236.50267028808594,239.41013488306382,235.87896236652082,238.9879262904949,21901300
2021-05-06,239.6307830810547,239.75553049788766,234.79460977972275,236.4834291811037,26491100
2021-05-07,242.25042724609375,244.0160134266029,241.01258714133363,241.95295146590863,27032900
2021-05-10,237.1839141845703,241.5499129115919,237.12634295627333,240.72469114199723,29299900
2021-05-11,236.27236938476562,236.62741641293383,232.76039218061487,234.66031619488902,33641600
2021-05-12,229.334716796875,234.497151508865,228.4423335043082,232.37651860575235,36684400
2021-05-13,233.2017822265625,235.66785757262463,231.65689059340738,232.02152794835033,29624300
2021-05-14,238.11473083496094,239.10307614273847,235.56231319136046,235.64867004930946,23901100
2021-05-17,235.26478576660156,236.61776814447018,233.67192816097048,236.57939220770857,24970200
2021-05-18,233.24974060058594,236.44507570607448,233.07701226535352,236.3107379527679,20168000
2021-05-19,233.8268280029297,233.93262388279754,229.47961380869796,230.16246611695865,25739800
2021-05-20,237.05836486816406,238.47217569165701,234.53851835238595,234.63470174976987,21800700
2021-05-21,235.7984161376953,238.83762919018815,235.38485985977684,238.10668534582032,21863100
2021-05-24,241.1940155029297,241.55949482361876,238.04900607225056,238.31830198996036,21411500
2021-05-25,242.09811401367188,243.08874153907666,241.2325219911625,242.1462057205954,17704300
2021-05-26,241.87684631347656,243.27141739520698,241.16512739410967,241.8191274749944,17771600
2021-05-27,239.7801971435547,241.86724777869244,239.72249297377158,241.56909978446225,24426200
2021-05-28,240.13604736328125,242.44431686460024,240.0206390246495,241.40559779033563,18270200
2021-06-01,237.94317626953125,241.68448117371312,237.52000751313417,241.62677701036466,23213300
2021-06-02,237.84703063964844,239.74172912294227,236.4428322679461,238.64530588633542,19406700
2021-06-03,236.3177947998047,236.92370320657687,233.7113775070017,235.84651966073733,25307700
2021-06-04,241.20359802246094,242.0307252885861,238.04897651340795,238.28942031547314,25281100
2021-06-07,244.1082305908203,244.3775265493689,240.26112869666477,240.4246287661029,23079200
2021-06-08,242.91563415527344,246.2241440745736,242.8579153004243,245.40662906612567,22455000
2021-06-09,243.89662170410156,245.76246833996902,243.53115702915264,244.10821346748003,17937600
2021-06-10,247.40708923339844,247.61868099093334,243.973558759814,244.56985479894277,24563600
2021-06-11,248.03225708007812,248.6092988045353,246.8011564650918,248.12841113345158,18999700
2021-06-14,249.955810546875,250.01351471996307,246.98389887756707,248.04185763593912,19150500
2021-06-15,248.48426818847656,250.05196672313224,247.83026798722594,249.84037496966238,18038900
2021-06-16,247.541748046875,250.6194116030859,244.69488651031241,249.4845237170654,27220000
2021-06-17,250.9272003173828,251.7447152916932,246.22413379282088,246.28183796973158,27565500
2021-06-18,249.5133819580078,252.27367262643241,248.85938173817627,249.70574877610207,37202200
2021-06-21,252.59104919433594,253.44701394017824,248.06109579519787,249.8884629766057,26696100
2021-06-22,255.36102294921875,255.63031891575838,252.36988587520372,252.67766108012302,24694100
2021-06-23,255.13015747070312,256.63052479177776,254.32226963251347,255.82263695358807,19518700
2021-06-24,256.49578857421875,257.611451146261,255.32242184767824,255.98604897545374,21446900
2021-06-25,254.88967895507812,257.03444843637993,254.63963733626937,256.05344819862387,25611100
2021-06-28,258.4483337402344,258.6214462995146,255.7457467220235,256.0150427090354,19590000
2021-06-29,261.0258483886719,261.2662922485271,257.7365928224437,258.5925577009788,19937800
2021-06-30,260.5449523925781,260.98736086236244,259.29465610147,260.34298777501124,21656500
2021-07-01,261.2181091308594,261.4489257502427,259.294559033211,259.30415682498847,16725300
2021-07-02,267.03692626953125,267.3735535200733,262.0837889720143,262.3915641354273,26458000
2021-07-06,267.0465087890625,268.6911361826912,263.81492881537,267.40236092120523,31565600
2021-07-07,269.2297668457031,269.960725504487,266.5560325451121,268.7200270839339,23260000
2021-07-08,266.81573486328125,268.0756582442465,264.36319007014714,266.31559288844903,24618600
2021-07-09,267.3158874511719,267.42166866870554,264.7960403125206,265.18074464609816,23916700
2021-07-12,266.7195129394531,269.07584463447415,266.0077793129093,268.4891758346326,18931700
2021-07-13,270.23968505859375,272.0382005108351,266.7869146059644,266.9119207635317,26120100
2021-07-14,271.7111511230469,272.8171868548692,269.82605039030216,271.557263551942,23113700
2021-07-15,270.2876281738281,271.71106574598565,269.1334864287227,271.2205511016593,22604200
2021-07-16,270.0184326171875,273.24038594694457,268.77773418312665,271.28798313803793,26186800
2021-07-19,266.42132568359375,269.65287588063586,263.95918381411985,268.267917410176,32935600
2021-07-20,268.6430969238281,270.2300203759046,265.70006671057956,267.40239850810826,26259700
2021-07-21,270.6435546875,270.75896302355244,266.69067242244347,268.23911651623393,24364300
2021-07-22,275.2024230957031,275.4717190297968,272.5863928711976,272.9903220968104,23384100
2021-07-23,278.597412109375,278.9051578411828,275.54857206249494,276.38531172128154,22768100
2021-07-26,278.00115966796875,278.616709994847,275.6833068492784,277.95308263976796,23176100
2021-07-27,275.587158203125,278.5109345714232,272.1343877026181,278.36667411756946,33604100
2021-07-28,275.2792663574219,279.0590354020908,272.980609812808,277.94337277992776,33566900
2021-07-29,275.54864501953125,277.5876041189694,275.1446864474467,275.29857402961915,18168300
2021-07-30,274.0193786621094,275.70248527997103,273.0576034519027,274.2694496090991,20944800
2021-08-02,273.9328308105469,275.8082749172966,272.8940971151015,275.4139435469008,16267400
2021-08-03,276.1448974609375,276.2507079980633,273.14416345994005,274.509897191702,17879000
2021-08-04,275.55828857421875,276.59699312691515,273.7693710071133,275.2793654804813,16191300
2021-08-05,278.4532165527344,278.5590271143416,275.16396096408687,275.9141446379062,13900200
2021-08-06,278.39544677734375,278.4339260044122,276.62578389584934,277.481777929583,16589300
2021-08-09,277.3086853027344,280.40560323278316,276.808572666281,278.67441927108996,16117600
2021-08-10,275.490966796875,278.193553507934,274.29837461151317,277.7607428078615,18616600
2021-08-11,275.9814147949219,277.6260422247308,274.93305396223553,276.23145639673766,13955900
2021-08-12,278.7321472167969,278.8860348144574,275.3947851546205,275.6737082598213,14561300
2021-08-13,281.65594482421875,281.7040218560263,278.24162438521927,278.41476627205253,18249000
2021-08-16,283.3389892578125,283.5505809829247,278.9340422580359,281.982882658373,22507600
2021-08-17,281.87713623046875,282.2137635084895,279.95358532870176,281.213538172332,20075300
2021-08-18,280.1522521972656,284.09344038644264,279.7089674078397,281.4145875343293,21813000
2021-08-19,285.97247314453125,286.6470164928712,278.13829528997536,278.1864643546096,29850500
2021-08-20,293.2862854003906,294.71244831740665,287.21551359465093,288.81512041303324,40817600
2021-08-23,293.5657653808594,294.2884777670295,290.8676509020545,292.21670814145693,22830200
2021-08-24,291.60968017578125,294.52943759174974,291.0122425287296,293.92235436740765,18175800
2021-08-25,291.0218200683594,293.5079376265004,289.48967340701506,293.2284806156416,20006100
2021-08-26,288.20806884765625,291.426544578333,288.0731778231543,290.03893440127865,17666100
2021-08-27,288.8152160644531,289.92336945539535,286.03034951661374,288.1117652440638,22605700
2021-08-30,292.5444030761719,293.1514863285869,290.10645389602473,290.16426854794526,16348100
2021-08-31,290.8966064453125,293.4212774277083,290.53042740378993,293.34420103292587,26285300
2021-09-01,290.8483581542969,294.08612491832895,290.5207320699009,291.8505275583118,18983800
2021-09-02,290.1932067871094,292.3227917790376,289.2584972718237,291.2050221180023,16285600
2021-09-03,290.18353271484375,291.5904047928127,289.3355453558773,290.03896669123856,14747900
2021-09-07,289.2583923339844,290.1352868730688,287.3504504950294,290.05821049267576,17180400
2021-09-08,289.287353515625,289.6727943038397,286.64705323874495,288.8730054034754,15046800
2021-09-09,286.43499755859375,291.1470962428215,286.1940934395369,289.87511543646343,19927000
2021-09-10,284.9510498046875,289.00789676784274,284.63306927340466,287.56247190206864,19633400
2021-09-13,286.18450927734375,287.67813278036044,283.3803812009098,286.7241322672505,23652900
2021-09-14,288.8826599121094,290.42445251988386,287.25414532984894,288.6610174835909,21853400
2021-09-15,293.7296142578125,294.21142254991946,290.83876450517084,292.2263747390184,28356300
2021-09-16,294.1150817871094,294.20180375871473,289.81735966426726,292.70820968009997,19550800
2021-09-17,288.95977783203125,293.4213285176071,288.6321516344779,293.10334789879875,41372500
2021-09-20,283.5923156738281,287.8515134151559,278.98623011838976,285.5484559338163,38278700
2021-09-21,284.07415771484375,286.7144871567123,283.3707364278861,284.93179059163447,22364100
2021-09-22,287.7166442871094,289.29698969688434,283.7947469001605,285.9339770236081,26626300
2021-09-23,288.6609802246094,289.9522229123692,286.70483974436394,287.9768206871402,18604600
2021-09-24,288.4585876464844,288.89219740081836,286.1266229188525,287.37934193715523,14999000
2021-09-27,283.4670715332031,285.6833776639269,282.28181268174734,285.36539716620223,23571700
2021-09-28,273.20452880859375,280.20039373530875,272.4625547192188,279.2560390156346,43186200
2021-09-29,273.66705322265625,276.33626002135594,272.71308241223153,274.7270371271494,26353700
2021-09-30,271.66278076171875,277.35772848518707,271.3736781629652,275.31486617919455,32343600
2021-10-01,278.58154296875,279.42953021502547,271.05570026891905,271.8554890446492,30086300
2021-10-04,272.8094787597656,277.28067385415983,270.0535494270314,276.9434021661116,31350700
2021-10-05,278.25396728515625,279.8342833790181,273.71531146174215,273.71531146174215,24993000
2021-10-06,282.4456481933594,282.9467476472076,275.12218554145016,275.382351437471,28002600
2021-10-07,284.122314453125,285.84719612226604,283.22615821775884,284.44029494052455,20430500
2021-10-08,284.122314453125,285.84719612226604,283.0719760578184,285.44246427651734,17685700
2021-10-11,283.52484130859375,287.1287569463705,282.09867856392,282.26250627801727,19298600
2021-10-12,282.2239685058594,284.690824072325,281.71325300359666,284.5944565534147,17974100
2021-10-13,285.5291748046875,286.4638838944547,282.81176948302556,284.1801177182295,23416300
2021-10-14,291.73486328125,292.23593321952023,286.99385768362157,288.3236530124895,27262900
2021-10-15,293.1417541503906,293.37304209699454,289.58600707147593,291.3397960809564,25384800
2021-10-18,296.10980224609375,296.9963131967299,291.6771592711637,292.5251467246416,22729300
2021-10-19,297.0155334472656,298.046580784232,296.04227134224186,297.1311627256362,17682100
2021-10-20,296.225341796875,298.4320317414315,294.9726227448066,297.95983967544254,16537100
2021-10-21,299.4534912109375,299.70401151928974,295.2135548265935,295.99411129385413,16918100
2021-10-22,297.9117736816406,299.77154704955325,296.60123954070536,299.10664910438226,17449300
2021-10-25,296.9192199707031,298.1430025992538,295.30996713441385,298.1044496970303,17554500
2021-10-26,298.8271789550781,301.0338695667533,297.37213764622436,299.6848119858874,28107300
2021-10-27,311.4119873046875,314.2353768644904,304.50284339356364,304.50284339356364,52588700
2021-10-28,312.549072265625,313.05014234656585,309.6678384302858,312.5297811116196,26297900
2021-10-29,319.55450439453125,319.9206833758431,312.115383713237,312.33702609856846,34766000
2021-11-01,317.3863830566406,319.429245467658,314.4955333639382,319.30397060914856,27073200
2021-11-02,321.009521484375,321.3178857761328,317.99339758395104,318.2921163018297,26487100
2021-11-03,321.84796142578125,322.7152105302098,318.6198397635644,321.7515938792344,21500100
2021-11-04,324.19915771484375,324.29552525226745,317.52130201351525,320.778330690629,23992200
2021-11-05,323.8329162597656,326.4635995471143,322.25260069833575,326.19378813871225,22570100
2021-11-08,324.7291259765625,325.36511641707693,322.2719155808302,325.0278447491498,20897000
2021-11-09,323.7269592285156,326.39616621738094,322.35861092573055,324.84472843590123,21307400
2021-11-10,318.7643127441406,322.45498024865833,317.91635496264894,322.39716561372114,25500900
2021-11-11,320.33502197265625,321.62626453740313,318.4848947841872,319.197961574822,16849800
2021-11-12,324.4689636230469,324.96041747042767,321.6455742090313,321.77084906481406,23831000
2021-11-15,323.84259033203125,325.5867337696935,321.87680452226203,325.25910770260543,16723000
2021-11-16,327.1574401855469,328.27523883002146,323.3029742696654,323.4667726030353,20886800
2021-11-17,327.3795471191406,330.3432697598769,326.2983266086432,327.2057858501784,19053400
2021-11-18,329.45501708984375,330.5941871717435,325.448698473781,326.47199828045603,22463500
2021-11-19,331.2312927246094,333.15241765352346,330.35282344689676,330.7775927153273,21963400
2021-11-22,328.0649108886719,337.56427133664994,327.79460580022015,332.6890870606931,31031100
2021-11-23,325.9893798828125,327.69812064888646,322.0120206003462,325.38118601428096,30427600
2021-11-24,326.2113037109375,326.4526485218159,322.3497867368839,324.63773083024483,21661300
2021-11-26,318.26629638671875,326.23067700890783,316.7603067714065,322.77463147147154,24217200
2021-11-29,324.9757080078125,327.29261293135295,323.1511265991085,323.34421428483876,28563500
2021-11-30,319.144775390625,326.08585570049416,317.60016244351027,323.7110306026671,42885600
2021-12-01,318.6524658203125,327.5339693788618,317.9863810414146,323.5276501773053,33337600
2021-12-02,318.0829162597656,321.94443467534484,316.4514223722996,318.8648713820366,30766000
2021-12-03,311.82720947265625,321.1817382170732,307.01960945389317,320.4962976310111,41779300
2021-12-06,314.8970642089844,316.11345150810536,308.17803278643976,312.73462408702454,30032600
2021-12-07,323.3249206542969,324.1744298816056,318.67178431375265,320.15847701837134,31021900
2021-12-08,323.3731689453125,323.8848188965732,319.34752350913357,323.70139443658877,24761000
2021-12-09,321.56787109375,324.8404918083329,320.6217887138413,322.83251569998305,22214200
2021-12-10,330.6810607910156,331.12512705634384,323.1993706024248,323.3827950413509,38095700
2021-12-13,327.6498107910156,331.88784112335867,327.3408822668036,328.8854954268182,28899400
2021-12-14,316.9726867675781,323.0545950116288,312.88912106633165,321.68374322246143,44438700
2021-12-15,323.064208984375,323.5855221073149,313.26561400702604,317.23330918334995,35381100
2021-12-16,313.65179443359375,325.10121065165634,311.83687625533753,324.0875444975225,35034800
2021-12-17,312.58984375,313.67109344538676,306.2666203467996,309.77095234774947,47750300
2021-12-20,308.83453369140625,311.62446489459614,306.5755493846343,308.9696714904224,28326500
2021-12-21,315.9590759277344,316.38384527957237,308.7283631846601,312.09755779178596,24740600
2021-12-22,321.66448974609375,322.0602694505174,314.4724000480661,316.9341062072316,24831500
2021-12-23,323.1028747558594,324.7440317285957,321.2107391407732,321.2300361252478,19617800
2021-12-27,330.5941467285156,330.6231069285186,323.8171653174358,323.8461255174388,19947000
2021-12-28,329.4357604980469,331.90712970709734,328.53796461701063,331.2699756899296,15661500
2021-12-29,330.1114807128906,332.3800986179056,327.9200507320242,329.4839605661863,15042000
2021-12-30,327.57257080078125,331.25066424671456,327.0898810628788,330.0729001077908,15994500
2021-12-31,324.6764221191406,327.6111544209489,324.2226926014007,326.7906054612649,18000800
2022-01-03,323.1607666015625,326.29824977245147,318.3628296202537,323.7400001560889,28865100
2022-01-04,317.6195983886719,323.5953013493961,314.8296367925855,323.23808609752126,32674300
2022-01-05,305.42681884765625,314.7813500273399,305.04067287927575,314.5785990885747,40054300
2022-01-06,303.0133056640625,307.66644167118665,300.7060346434731,302.30856806148427,39646100
2022-01-07,303.16778564453125,305.5426109592931,299.35452484498177,303.27396324795524,32720000
2022-01-10,303.3898010253906,303.82423357931884,294.1414784951119,298.77528825214137,44289500
2022-01-11,304.0753173828125,305.6488615924354,299.16153810178815,302.5307039255412,29386800
2022-01-12,307.2513122558594,312.21337685592107,306.1025083336208,308.602867078053,34372200
2022-01-13,294.2475891113281,309.7709042394419,293.47529748131853,309.37509520422486,45366000
2022-01-14,299.46075439453125,300.05928501415605,293.2340443836935,293.71673416868725,39846400
2022-01-18,292.172119140625,299.0745771307378,291.2936202020948,293.5429710843101,42333200
2022-01-19,292.8285827636719,303.0423154877073,292.2204183595071,295.68612760781065,45933900
2022-01-20,291.15850830078125,300.86056199781444,290.7144419109229,298.36989546394483,35380700
2022-01-21,285.7813415527344,293.5815962967534,285.3758691298615,292.21077366823675,57984400
2022-01-24,286.1095275878906,286.8238990150419,266.4930083993814,282.08391143196826,85731500
2022-01-25,278.5023193359375,284.77728601402885,275.2972818230597,281.4274180089752,72848600
2022-01-26,286.43768310546875,297.8195132718196,282.88509436140055,297.32716040257384,90428900
2022-01-27,289.4594421386719,296.6611663626569,287.6155633991125,292.18181992971034,53481300
2022-01-28,297.587890625,297.80027529096344,284.2560022424525,289.8358945088993,49743700
2022-01-31,300.2136535644531,301.56517863932356,295.76323984597894,298.2539348406317,46444500
2022-02-01,298.07061767578125,299.87587283189384,294.56628497930495,299.66348813934843,40950400
2022-02-02,302.6078186035156,304.21035194352163,298.1863939124947,298.9104284628024,36636000
2022-02-03,290.8205871582031,300.45508559766955,289.57523929937065,298.7753051603236,43730000
2022-02-04,295.34814453125,298.10911517984084,289.58482894873913,289.8165105525263,35096500
2022-02-07,290.53094482421875,297.18239363022644,289.5172787684884,295.57022651592763,28533300
2022-02-08,294.0160217285156,294.9814013715594,289.5656357153874,290.8206174669248,32421200
2022-02-09,300.4357604980469,301.1308349501558,296.74803301981893,299.14215544071413,31284700
2022-02-10,291.9114990234375,298.4181483420068,290.2896683057425,293.5140327543915,45386200
2022-02-11,284.82562255859375,293.75538439550695,284.0340041683453,292.69346087944797,39175600
2022-02-14,284.7868957519531,286.4859727609208,281.2632671712976,283.59946859758975,36359500
2022-02-15,290.0675964355469,290.3861587262389,286.7370251821731,289.62353008877903,27058300
2022-02-16,289.72900390625,291.0543038082839,284.09887060149885,288.635864710569,29982100
2022-02-17,281.24517822265625,287.11712691828404,280.53898325758263,286.69147920261867,32461600
2022-02-18,278.5364990234375,284.2730302677064,276.9693549958802,283.48945825392775,34264000
2022-02-22,278.3333435058594,282.02872584374245,275.2183925047165,275.702080365006,41736100
2022-02-23,271.1263732910156,282.18349983515145,270.9619359564501,280.71306989618563,37811200
2022-02-24,284.9791564941406,285.530567636646,262.66179572392394,263.6195175824751,56989700
2022-02-25,287.6104736328125,287.92004094921725,282.1351235020053,285.51128484773926,32546700
2022-02-28,289.0421142578125,289.38070156418183,283.4410022275104,284.7082616845869,34627500
2022-03-01,285.3275146484375,290.183730717444,282.6188445943482,286.7301918975132,31217800
2022-03-02,290.3964538574219,291.634693317186,284.1181963061909,285.72401365770156,31873000
2022-03-03,286.26580810546875,293.2405780996094,284.4567908872236,293.0084173965025,27314500
2022-03-04,280.4034729003906,286.0142690066233,277.80125973691753,284.6889691786735,32356500
2022-03-07,269.8106994628906,280.2390059870798,269.4430920558965,279.11684688434497,43157200
2022-03-08,266.8505554199219,274.69595707889357,261.1914024621827,268.736920057862,48159500
2022-03-09,279.0877685546875,280.15188726812494,271.61963020485905,274.1928519948258,35204500
2022-03-10,276.2728271484375,277.24988606847967,271.4262653649747,273.7866644734184,30628000
2022-03-11,270.9328918457031,280.0649198872489,270.31375729009164,278.56546999148014,27209300
2022-03-14,267.42132568359375,276.08900319722903,266.8215575071672,271.19408479495587,30660700
2022-03-15,277.7818908691406,278.4300454950149,269.63660504784883,271.2037487581612,34245100
2022-03-16,284.7856750488281,284.95979554587495,273.9607413197424,279.67790429313914,37826300
2022-03-17,285.58868408203125,285.96594529158506,279.9295297629921,283.7216558783688,30816600
2022-03-18,290.628662109375,291.1800733202025,283.17988724924487,285.7337436372442,43390600
2022-03-21,289.4000549316406,290.348093539092,285.27902590005374,289.1388741774251,28351200
2022-03-22,294.1402282714844,295.04956371485423,289.02280298221535,290.01919868863627,27599700
2022-03-23,289.71929931640625,293.33730401444876,288.0070551895243,290.7060412894904,25715400
2022-03-24,294.1789245605469,294.2756680245102,288.58749479820733,289.380749871962,24484500
2022-03-25,293.7726135253906,295.533244193088,289.52585001590114,295.2720634104139,22566500
2022-03-28,300.5635986328125,300.66031257135194,294.4013915103594,294.4013915103594,29578200
2022-03-29,305.1200256347656,305.51665328271804,298.96749977160823,303.66896183482845,30393400
2022-03-30,303.6205139160156,305.6423550476428,301.41489856711223,303.52379996649006,28163600
2022-03-31,298.2516174316406,304.85881038763455,297.8453361457931,303.6592443734039,33422100
2022-04-01,299.32537841796875,300.01220684451596,295.57195627521304,299.27699192361627,27110500
2022-04-04,304.69427490234375,304.8296921264754,299.605870116793,299.9734775453708,24289600
2022-04-05,300.7377014160156,304.5975202300645,299.76064270992003,303.04971351922677,23156700
2022-04-06,289.72900390625,296.98432119939486,287.03001760705087,295.23337365440614,40110400
2022-04-07,291.53802490234375,293.7436404303179,286.6818092677771,286.9816933883639,31411200
2022-04-08,287.28155517578125,291.2961583197062,286.61406359876185,290.63834994645777,24361900
2022-04-11,275.95361328125,283.06380135890896,275.7020861416009,282.27057568810704,34569300
2022-04-12,272.8579406738281,281.2547532210791,271.3391540006482,279.80368992052826,30966700
2022-04-13,278.2365417480469,279.1652139791266,272.12272138935975,273.50609081671024,21907200
2022-04-14,270.70074462890625,278.9041016621508,270.2074030686159,278.691277815096,28221600
2022-04-18,271.3682556152344,273.2449670762064,269.2593834034509,269.8107947085954,20778000
2022-04-19,275.99224853515625,276.8338901106772,269.3270459623916,270.26540148092727,22297700
2022-04-20,277.0177001953125,280.2487611166092,276.0600076685243,279.9585306840921,22906700
2022-04-21,271.6487121582031,283.7312227224096,270.9231805322284,279.1652091753969,29454600
2022-04-22,265.08990478515625,273.960751032886,264.46111662000084,272.4903213915854,29405800
2022-04-25,271.56170654296875,271.93896771296136,261.9363065596579,264.37411220746367,35678900
2022-04-26,261.40423583984375,269.2786578732366,261.1914120269434,268.4467290276918,46518400
2022-04-27,273.9801330566406,281.4772943518781,270.05259027534413,272.89667705103636,63477700
2022-04-28,280.1810302734375,281.4869933800965,272.27755777079875,275.8858797797823,33646600
2022-04-29,268.4660339355469,280.4228102800614,267.47932156887543,279.1942245202134,37073900
2022-05-02,275.1893310546875,275.64399875590436,267.2084825593842,268.64986271938767,35151100
2022-05-03,272.5871276855469,274.8604665193033,271.0103005471974,274.6959996581533,25978600
2022-05-04,280.5196228027344,281.3902550491014,267.7018944721031,273.37070203873003,33599300
2022-05-05,268.3016357421875,277.00801637510676,265.38982566126134,276.2244444799009,43260400
2022-05-06,265.7671203613281,270.13964762879215,262.41997938914824,265.8444974229105,37780300
2022-05-09,255.94822692871094,263.4744080237602,254.72935373016503,261.2494559206379,47726000
2022-05-10,260.7077331542969,264.8190795955056,256.42226618437826,262.8262881528178,39336400
2022-05-11,252.0497283935547,262.50705741382524,250.8405087610353,257.0123704889284,48975900
2022-05-12,247.01937866210938,251.4015891851371,241.86326466522425,249.28303414533278,51033800
2022-05-13,252.60113525390625,254.45850956693343,247.01938815483032,248.95413953333383,34925100
2022-05-16,252.96873474121094,257.14780467191986,247.43534479276178,251.47896796071555,32550900
2022-05-17,258.11517333984375,259.5758904699336,253.8974002308721,257.42831538498064,28828800
2022-05-18,246.36326599121094,255.59413551227334,245.09305474022761,255.01235236440064,31356000
2022-05-19,245.45181274414062,249.84424444235316,244.23008588747544,246.18872524247453,32692300
2022-05-20,244.889404296875,250.68779415388676,238.95528181890765,249.42725918111856,39199300
2022-05-23,252.73373413085938,253.5579245072491,245.73301319601697,247.73046089939714,33175400
2022-05-24,251.73501586914062,253.39307277606676,245.80089254690245,250.0575770395254,29043900
2022-05-25,254.54690551757812,256.54433819264386,249.3206224202264,250.29995683719147,28547900
2022-05-26,257.82427978515625,258.9975222921612,253.49003807090028,254.30452267342017,25002100
2022-05-27,264.9412841796875,265.03825294867517,259.43380135346615,260.32587260115366,26910800
2022-05-31,263.6129150390625,266.42483197869467,260.76220467116406,264.2528734472352,37827700
2022-06-01,264.146240234375,269.25617238114495,261.83851939689276,266.84180659959077,25292200
2022-06-02,266.24066162109375,266.30854273854516,253.6548987948604,256.4183467798957,44008200
2022-06-03,261.81915283203125,265.14500204030634,260.25806469793486,262.1003534639654,28059000
2022-06-06,260.5877685546875,265.8528464138508,259.10423751175404,263.7972378671169,22400300
2022-06-07,264.2238464355469,264.83471731044557,257.8630839124664,258.54183590473656,22860700
2022-06-08,262.1972961425781,264.70863088470054,261.42157544049917,263.4578015962176,17372300
2022-06-09,256.7480163574219,264.42745982638615,256.59287219967115,259.647196979162,26439700
2022-06-10,245.30638122558594,252.66584504493977,244.86034549346968,252.66584504493977,31422800
2022-06-13,234.90223693847656,241.4569362354191,234.19441215005645,237.66568457400948,46135800
2022-06-14,237.06451416015625,238.27654997365488,234.17501012811695,236.45364337563802,28651500
2022-06-15,244.1137237548828,247.54621774471534,238.93590988722116,240.76850759522998,33111700
2022-06-16,237.52996826171875,239.9055558620673,235.639195061252,238.5092880231499,33169200
2022-06-17,240.12855529785156,242.892003168209,236.61850393867869,237.26815342919429,43084800
2022-06-21,246.03359985351562,247.0129195467826,241.9320596633375,242.65928121254296,29928300
2022-06-22,245.442138671875,249.35944724213846,242.76595376071094,244.23979365415195,25939900
2022-06-23,250.99806213378906,251.49258222219643,245.9269231515667,247.8080051297893,25861400
2022-06-24,259.5696105957031,259.8411054436494,253.7712204115489,253.8584834422403,33923200
2022-06-27,256.844970703125,260.1513786610391,255.28385304721854,260.06411562547476,24615100
2022-06-28,248.6903839111328,258.8036043245108,248.53523976557486,255.9625992863611,27295500
2022-06-29,252.3555908203125,254.01364771630867,247.9922466002197,249.76666900838734,20069800
2022-06-30,249.0297393798828,251.64774884681984,245.21910548593416,249.24305888897192,31730900
2022-07-01,251.69618225097656,251.88041405463684,246.87714165785107,248.60309420009241,22837700
2022-07-05,254.86692810058594,254.99298457519546,247.00323818444357,248.3801092623351,22941000
2022-07-06,258.1248474121094,259.8507853109402,254.430564439945,255.73956910040374,23824400
2022-07-07,260.2483825683594,260.8883411729017,256.97103225603274,257.0680010610952,20859900
2022-07-08,259.5308532714844,259.95749231914675,255.29358006652834,256.74802329517996,19658800
2022-07-11,256.4765319824219,258.43517157163143,254.2172802316378,257.58189346441975,19455200
2022-07-12,245.96572875976562,257.8630779320997,244.38522912726302,257.80490257305115,35868500
2022-07-13,245.0445556640625,245.84934922574635,240.5745669583086,242.59139634264417,29497400
2022-07-14,246.36326599121094,247.39107006314066,238.47048883303972,242.95987452362783,25102800
2022-07-15,248.92306518554688,252.462203796879,247.03229230010422,247.95343654733435,29774100
2022-07-18,246.5281219482422,252.91797217764622,245.60697754900244,251.86108033846966,20975000
2022-07-19,251.64772033691406,251.83195214619707,245.97538686166658,249.75693264825895,25012600
2022-07-20,254.3045196533203,256.8255603020686,251.04658128193176,252.00650426801573,22788300
2022-07-21,256.7964782714844,256.8449774641106,249.2236799929457,251.89986485024778,22404700
2022-07-22,252.45249938964844,257.27155493092874,251.20169974499134,257.18429190390975,21881300
2022-07-25,250.968994140625,253.55791590032757,249.01035473546938,253.07310152958124,21056000
2022-07-26,244.24949645996094,251.98714517922437,241.9902743050441,251.96773366455324,39348000
2022-07-27,260.5780029296875,261.84821413779025,250.9883906372331,253.22823052881697,45994000
2022-07-28,268.0151062011719,269.40166831465785,259.7344677770861,261.5573746966984,33459300
2022-07-29,272.2135925292969,273.43533434326656,268.22843217911804,269.26594214524397,32152800
2022-08-01,269.5665283203125,272.7372040337669,267.4624206782317,269.3822964700081,21539600
2022-08-02,266.4733581542969,269.45012527255744,264.1074618325668,267.6175128829661,22754200
2022-08-03,273.8910217285156,274.8897381119249,268.20898212498906,268.3544501034442,23518900
2022-08-04,275.03515625,275.18059462702735,271.6608675400947,273.24133735808226,18098700
2022-08-05,274.3176574707031,275.03517323549517,270.2161174409248,270.67184411090017,16774600
2022-08-08,271.80633544921875,277.23626231037696,270.83670670939483,275.4230317107007,18739200
2022-08-09,273.7262268066406,274.4825361654894,269.1786648955096,271.1470399708498,23405200
2022-08-10,280.3778381347656,281.0080908709291,278.2252612395024,279.4179151918508,24687800
2022-08-11,278.3028259277344,282.3655726517332,277.80833539979704,282.01652051436565,20065900
2022-08-12,283.0443115234375,283.0443115234375,278.22525580031515,279.7184922528835,22619700
2022-08-15,284.5569763183594,285.2454045080501,281.29900803496633,282.16199190447594,18085700
2022-08-16,283.8200378417969,285.1096607169614,281.5996091944976,283.12190392197317,18102900
2022-08-17,283.07183837890625,285.0443616245307,281.2742116606303,281.536556451653,18253400
2022-08-18,281.9544372558594,283.645163191212,280.8952723028826,281.9738603210982,17186200
2022-08-19,278.0481872558594,281.06042243303864,277.4748955705993,280.7203261035374,20570000
2022-08-22,269.8860168457031,274.46265350884744,269.3710240123007,274.0934077691384,25061100
2022-08-23,268.61309814453125,270.96456356636963,267.60253558165664,268.61309814453125,17527400
2022-08-24,267.9815368652344,269.38076836522134,267.32076724046834,267.61229110085856,18137000
2022-08-25,270.9549255371094,271.1200957209209,266.7475042264658,269.4779423207206,16583400
2022-08-26,260.49957275390625,272.40273889149455,260.3927014141226,271.17840374249715,27549300
2022-08-29,257.72052001953125,259.82906392811554,256.3795873901303,258.3229611362696,20338500
2022-08-30,255.52452087402344,259.4889906204249,253.2799263703164,259.11977448485726,22767100
2022-08-31,254.0669403076172,259.54723825698477,253.93088992646184,257.87596548411756,24791800
2022-09-01,253.02723693847656,253.5033836351562,248.1785292927467,251.54055731974114,23263400
2022-09-02,248.8101043701172,257.24433815979296,247.2651260113318,254.29043181956823,22855400
2022-09-06,246.07969665527344,250.53000941495102,244.80678924426493,248.94618474623337,21328200
2022-09-07,250.7826690673828,251.501707885987,246.05055859753543,247.4886510615093,24126700
2022-09-08,251.20050048828125,253.05642612748184,247.5761123040182,250.21911682986428,20319900
2022-09-09,256.9722595214844,257.72047726789003,252.92034253890802,253.12438844541632,22084700
2022-09-12,259.1003112792969,259.8776786073918,257.65250725767163,258.254948403488,18747700
2022-09-13,244.85536193847656,253.02723665375865,244.46667832262642,251.51140761885284,33353300
2022-09-14,245.078857421875,247.03194264420256,242.78567587282814,246.35176481752862,23913000
2022-09-15,238.4325408935547,244.28208546979903,237.11104609083932,242.69824587426376,31530900
2022-09-16,237.81068420410156,238.3548265575082,235.20655530695487,237.34426376395263,39791800
2022-09-19,237.59689331054688,238.19933446520724,234.0308040411177,235.60493213001268,26826900
2022-09-20,235.5855255126953,236.61551142742724,232.85508723732582,235.21629451087335,26660300
2022-09-21,232.18458557128906,240.64798513191113,232.13599826014462,237.35396708033133,28625600
2022-09-22,234.15707397460938,236.9555366202575,230.8436333531247,231.13512752307682,31061200
2022-09-23,231.18377685546875,234.30289875171331,228.5407869425018,232.7579051026154,34176000
2022-09-26,230.72705078125,234.61379837015886,230.19262002242195,230.33838195306527,27694200
2022-09-27,229.71649169921875,234.95388322610455,227.86056625784224,233.18540604277874,27018700
2022-09-28,234.2445831298828,235.46890336480436,228.08407652025923,230.10518718115333,29029700
2022-09-29,230.775634765625,233.15626466417,227.77312585488747,232.12627894023532,27484200
2022-09-30,226.3058319091797,233.72951788157386,226.1406469454424,231.54322275431005,35694800
2022-10-03,233.9239044189453,234.76926725849918,228.01604641968547,228.7448115784085,28880400
2022-10-04,241.83343505859375,243.27152748723756,238.04384733649516,238.15073348619765,34888400
2022-10-05,242.14439392089844,243.48532670600565,237.18879918886907,239.0252869991492,20347100
2022-10-06,239.8026123046875,243.25210389130189,239.11272288342423,240.9103348181627,20239900
2022-10-07,227.60794067382812,234.4874855805171,226.56822859279998,234.07936404235068,37769600
2022-10-10,222.75924682617188,227.91890247197844,220.31059141185503,226.45166042593948,29743600
2022-10-11,219.02793884277344,222.5745899538486,217.76474295842993,221.17535850206903,30474000
2022-10-12,219.35830688476562,221.40856673598395,217.6189939430992,219.01821055578878,21903900
2022-10-13,227.60794067382812,229.4152788681851,212.92575128751184,213.6253670289897,42551800
2022-10-14,222.0887451171875,230.52299472511268,221.8749728230323,228.8711152108653,30198600
2022-10-17,230.80477905273438,232.1942989747583,228.4824480465505,229.14320282236488,28142300
2022-10-18,231.747314453125,237.02356694835538,228.7059298585046,236.3531154742312,26329600
2022-10-19,229.7845001220703,232.8258846804723,227.65650356694331,230.32864238101766,19985700
2022-10-20,229.46385192871094,234.47775981300623,228.22009390223283,229.09462099466492,21811000
2022-10-21,235.26483154296875,236.1199207742884,227.86058198177213,228.09379217943177,26299700
2022-10-24,240.24954223632812,240.82283384441442,234.46800920044245,236.85835023578238,24911200
2022-10-25,243.5630340576172,243.93226498550914,238.86978470276068,240.2592898081023,34775500
2022-10-26,224.7706298828125,231.55300056663893,223.54629485034351,224.62486794587923,82543200
2022-10-27,220.33001708984375,227.07352693116061,219.38747955716596,224.49854760384136,40424600
2022-10-28,229.1917724609375,229.9011145363862,219.64981530818488,219.83443818188346,40647700
2022-10-31,225.5576629638672,228.2686626281402,224.60539921895975,227.14150237504404,28357300
2022-11-01,221.7098388671875,229.0655171664583,220.89362527987413,227.95779449031355,30592300
2022-11-02,213.86830139160156,224.7511921525638,213.80998772072712,222.9632917416644,38407000
2022-11-03,208.1839141845703,214.16950892795055,207.9215545752939,213.85856200928737,36633900
2022-11-04,215.12176513671875,215.31609955402047,207.3871307832787,211.39049094816932,36789100
2022-11-07,221.41830444335938,221.9430237085704,215.01489088874334,215.70479515914553,33498000
2022-11-08,222.38998413085938,225.09127262477088,219.44577390313017,222.22479913107526,28192500
2022-11-09,218.15341186523438,222.15677181548412,217.97851534706965,220.93243688127146,27852900
2022-11-10,236.10047912597656,236.44057547213717,228.34642180511014,228.764240055821,46268000
2022-11-11,240.11355590820312,240.96864514419838,235.0802099419117,236.11021053379952,34620200
2022-11-14,234.71095275878906,237.00413423164647,232.437209173695,235.1384973289977,31123300
2022-11-15,235.11907958984375,240.00666349429483,233.23400463788948,238.70460661108956,31390100
2022-11-16,235.5478057861328,237.56487314144158,234.27131111867024,236.58069414702467,24093300
2022-11-17,235.4990692138672,237.02892387588912,231.5526591490044,231.69881697787037,23123500
2022-11-18,235.0509033203125,237.50645956612746,232.9169092504955,237.28233101195937,27613500
2022-11-21,235.85963439941406,238.41262379283273,235.02162809086872,235.2554806346632,26394700
2022-11-22,238.763427734375,239.0362656262226,234.55391821119068,237.36025293713024,19665700
2022-11-23,241.24819946289062,241.93029414801862,238.02285434078252,238.84136796293612,19508500
2022-11-25,241.16050720214844,242.3395534122588,240.4199345063279,240.98510292788336,9200800
2022-11-28,235.57708740234375,240.34202717644706,234.6416473127633,239.78661241111217,24778200
2022-11-29,234.18362426757812,236.58070207820637,232.11784747654085,235.22625156300845,17956300
2022-11-30,248.61485290527344,248.79999607817797,233.72563656132382,234.41748501766983,47594200
2022-12-01,248.17636108398438,249.56978200844247,244.50277384992842,247.37732526853793,26041500
2022-12-02,248.49795532226562,249.51135113758676,243.30426645593676,243.43094650855843,21528500
2022-12-05,243.80120849609375,247.32863821310553,241.7159389367775,245.56491592032455,23435300
2022-12-06,238.85110473632812,245.41873605992336,237.5453785123422,244.40534037511836,22463700
2022-12-07,238.1202850341797,239.8645144954358,236.0155378698541,238.56852717524598,20481500
2022-12-08,241.0727996826172,242.37854081110692,236.84379768747013,238.57827343420877,22611800
2022-12-09,239.14344787597656,241.95953631031935,237.91567738898425,238.44186049239534,20609700
2022-12-12,246.0521240234375,246.081355592582,240.84869655601585,241.12153444706453,30665100
2022-12-13,250.34934997558594,257.1703267708484,246.59780679077178,254.9973477435735,42196900
2022-12-14,250.64166259765625,255.87432140305884,247.80608156750714,250.55396789409684,35410900
2022-12-15,242.64161682128906,247.69888605332656,241.01432850057725,247.2311661145022,35560400
2022-12-16,238.43211364746094,243.45039767115878,237.28228413602537,242.19339565744826,86102000
2022-12-19,234.300537109375,238.93881059195638,232.60504677186884,238.5977558234553,29696400
2022-12-20,235.6160125732422,236.69762512272143,232.32245069187238,233.27738320943791,25150800
2022-12-21,238.17877197265625,239.3383404733785,233.96926235474098,235.50885613255662,23690600
2022-12-22,232.0983123779297,235.80113065873024,227.888788891913,235.08978964438273,28651700
2022-12-23,232.62452697753906,232.7609459126413,227.95703674860303,230.07153767696204,21207000
2022-12-27,230.89979553222656,232.81939944393886,229.7986903288203,232.59528581734625,16688600
2022-12-28,228.53196716308594,233.58923690976746,228.1811734561326,230.83161149343562,17457100
2022-12-29,234.84622192382812,235.73295246137508,229.62330203859167,229.62330203859167,19770700
2022-12-30,233.6866455078125,233.82306443342722,230.60745847988278,232.11782042896934,21938500
2023-01-03,233.45278930664062,239.46499095764855,231.32853465622566,236.86327747897744,25740000
2023-01-04,223.24082946777344,226.9144019342719,220.18113479471134,226.3394946084548,50623400
2023-01-05,216.6244659423828,221.7304593927792,216.0885291034545,221.3894046220388,39585600
2023-01-06,219.17745971679688,219.98623444144232,213.74018002094996,217.2968261609176,43613600
2023-01-09,221.31143188476562,225.3260735512424,220.6195983653601,220.6585688285959,27369800
2023-01-10,222.99722290039062,225.39430067277652,221.516092367223,221.93508808498302,27033900
2023-01-11,229.7402801513672,229.91566958602738,225.19945423017745,225.37484366483764,28669300
2023-01-12,232.41017150878906,233.76462207264603,227.58676927741644,229.2432893034318,27269500
2023-01-13,233.11175537109375,233.24817431543465,228.91198479686696,230.93879116175304,21333300
2023-01-17,234.20309448242188,234.74877019615067,231.0264589269251,231.8839578305264,29831300
2023-01-18,229.7792205810547,236.1812017430098,229.49664379486572,235.39191965313583,30028700
2023-01-19,225.9984588623047,229.49665708491057,224.78042720405,227.80115166394182,28623000
2023-01-20,234.07640075683594,234.5831059764567,228.5124268450574,228.85348158045636,35389800
2023-01-23,236.3760986328125,238.8998566722334,233.52102468067662,234.9339533057935,31934000
2023-01-24,235.84986877441406,237.71102447414427,234.2907973761476,236.2981109084017,40234400
2023-01-25,234.45643615722656,237.07764219216483,224.99476139964753,228.48320522416125,66526600
2023-01-26,241.65745544433594,241.95952488467353,235.8109041029407,237.4186997744048,33454500
2023-01-27,241.81338500976562,243.4406734697651,240.51739758193492,242.62215978962465,26498900
2023-01-30,236.50277709960938,239.31886569324453,236.0058106681411,238.25673078922537,25867400
2023-01-31,241.47230529785156,241.6087242304683,236.73659825337256,237.22381085108213,26541100
2023-02-01,246.28599548339844,248.65384183422793,239.1921804627177,241.65747529132665,31259900
2023-02-02,257.8329162597656,257.92061096012765,250.6708850258921,252.20073974099043,39940400
2023-02-03,251.74276733398438,257.44316094972766,250.52473578092378,252.90233575146593,29077300
2023-02-06,250.203125,251.69399423007144,248.26402854533762,250.85600290857124,22518000
2023-02-07,260.7171936035156,261.8962397215106,253.4284826965279,253.86698591365706,50841400
2023-02-08,259.9084777832031,269.681962608756,259.4017575821844,266.2130108288476,54686000
2023-02-09,256.8780212402344,266.9730839280978,256.0789852689524,266.79766475449935,42375100
2023-02-10,256.3713073730469,257.3359789229723,253.99370721574917,254.8414524853322,25818500
2023-02-13,264.3810729980469,267.5771867135627,260.3177065131593,260.7951951195851,44630900
2023-02-14,265.2093811035156,267.93776039967133,262.39327735042633,265.69659381619374,37047900
2023-02-15,263.08953857421875,264.46692310846817,260.02216525434795,262.112672647368,28922400
2023-02-16,256.0853576660156,260.56916800834415,255.84114122158655,257.91209190049267,29603600
2023-02-17,252.08995056152344,254.07298666457814,250.0776096810472,253.38919858755105,30000100
2023-02-21,246.82467651367188,249.5794451866865,245.76965967544004,248.592801202507,28397400
2023-02-22,245.69154357910156,248.4560759372167,244.54861223485597,248.21185945581914,22491100
2023-02-23,248.87615966796875,250.89826457493558,244.68539610201492,249.6478772639144,29219100
2023-02-24,243.45452880859375,245.19334897539824,242.36044373441328,244.17741496448653,24990900
2023-02-27,244.37277221679688,246.9712390360351,243.62058131527203,246.61956672286158,21190000
2023-02-28,243.64988708496094,245.6720066203372,242.9758472398355,243.30799296891402,22491000
2023-03-01,240.57276916503906,245.12495292682374,240.10386280126266,244.95888751265778,27565300
2023-03-02,245.30081176757812,245.58409633737872,239.9280489885474,240.8463053757084,24808200
2023-03-03,249.3840789794922,249.70644650216622,245.57430808569026,246.35580375528275,30760100
2023-03-06,250.92752075195312,254.10233469653934,250.05811076028263,250.49769740222126,24109800
2023-03-07,248.27047729492188,251.72859113392445,247.52806453283253,250.37073314257202,21473200
2023-03-08,247.83087158203125,248.65143534651415,245.00772977586786,248.1630024049233,17340200
2023-03-09,246.48280334472656,253.555302700135,245.75991723521878,249.90183388794475,26653400
2023-03-10,242.83908081054688,246.94191444562173,241.8719931478548,245.2714821705408,28333900
2023-03-13,248.04579162597656,251.94349199727765,240.04525738823747,241.67662167942007,33339700
2023-03-14,254.75682067871094,255.0303418891499,249.94086490517674,250.81027480388371,33620300
2023-03-15,259.2993469238281,260.3152960423223,253.21346022542158,253.9656662220132,46028000
2023-03-16,269.81036376953125,270.1620211712839,257.1892436798215,259.07458764401633,54768800
2023-03-17,272.96563720703125,276.7754083374073,269.9275985016487,271.8227207737094,69527400
2023-03-20,265.9321594238281,271.06070433302705,263.6072142951392,270.5722714845319,43466600
2023-03-21,267.4463195800781,268.6380970576698,263.2848617004978,268.5208779306245,34558700
2023-03-22,265.9908447265625,274.538422009309,265.8833739672702,267.07515164944215,34873300
2023-03-23,271.2366027832031,274.55794104511676,268.83352089762093,271.51012405626466,36610900
2023-03-24,274.0792541503906,274.1378637154936,268.9116255422268,270.82627422927686,28172000
2023-03-27,269.9862060546875,274.9486717802247,269.1460858667074,274.0108888501196,26840200
2023-03-28,268.8628234863281,269.75177506940884,265.756367139309,269.40986602798046,21878600
2023-03-29,274.0206604003906,274.63609068107115,271.9692360686493,272.5065003836282,25087000
2023-03-30,277.4787292480469,277.8792478188559,274.9682067021936,277.65458775561683,25053400
2023-03-31,281.63043212890625,282.57799326147335,276.45305469008514,277.1661775421266,32766000
2023-04-03,280.5851745605469,281.60109352855216,277.38105592793227,279.89157837797717,24883300
2023-04-04,280.53631591796875,283.73068619331156,279.0612688180202,280.58517709537364,25824300
2023-04-05,277.7620544433594,280.5070453166388,276.3749215198196,279.2371315346284,22064800
2023-04-06,284.8541259765625,285.3230025679542,275.5055113851009,276.6582060877172,29770300
2023-04-10,282.6952209472656,282.9003544272942,278.12346613985693,282.51936243851856,23103000
2023-04-11,276.2869567871094,279.364108081122,275.1245138457469,279.1394182021938,27276600
2023-04-12,276.9317321777344,280.3703195694183,275.4371283935577,278.20167586183015,27403400
2023-04-13,283.134765625,283.1933751851199,276.6190877618653,277.0293546827045,24222700
2023-04-14,279.52044677734375,281.80630960092736,277.12711319357106,280.36053721344047,20987900
2023-04-17,282.118896484375,284.8541392450977,279.53998567684334,283.22275986400075,23836200
2023-04-18,281.6988220214844,285.0104118167831,280.3702986730481,284.82480490610715,20161800
2023-04-19,281.7769775390625,282.363073223057,277.9574283365994,279.3738659883608,17150300
2023-04-20,279.4910888671875,282.34355041766946,278.48491818075087,278.6509985011603,23244400
2023-04-21,279.14923095703125,279.64741233312054,276.5116808961058,278.41658147472793,21676400
2023-04-24,275.25152587890625,278.3579824584961,272.27209646250395,275.56413015799205,26611000
2023-04-25,269.0484313964844,275.085455775241,268.9995702123378,273.0438095298006,45772200
2023-04-26,288.536865234375,292.63971378431694,285.95795485763057,289.8361135268747,64599200
2023-04-27,297.7779846191406,298.13945000191654,288.4196235003883,289.12296805921983,46462600
2023-04-28,300.15185546875,301.78320498757233,296.2932228599409,296.9770409817703,36469600
2023-05-01,298.4911804199219,301.46086148521374,298.09066177200543,299.868565093512,21294100
2023-05-02,298.3446044921875,302.02737803508757,296.8793057090036,300.640245214825,26404400
2023-05-03,297.35791015625,301.4705063650509,297.05508417719193,299.52655318111516,22360800
2023-05-04,298.3446044921875,300.640245214825,296.38109458301545,299.15539003512066,22519900
2023-05-05,303.46337890625,304.7528490194279,297.2309698374708,298.6474372845863,28197100
2023-05-08,301.5096435546875,303.02380353381574,299.00886932285215,302.95541576842186,21318600
2023-05-09,299.89776611328125,302.8674461510251,299.2237264038661,300.87463180094664,21340800
2023-05-10,305.08489990234375,305.75893956618546,300.55225892005785,301.4802633736504,30078000
2023-05-11,302.93585205078125,303.922496091225,299.17494240713177,302.92610366423224,31680200
2023-05-12,301.822265625,303.4633932219653,299.50709815578426,303.36570066728314,19774700
2023-05-15,302.3009338378906,302.73075724835036,300.4741992492285,301.94927639928727,16336500
2023-05-16,304.52825927734375,306.45268688146325,302.66244126022565,302.66244126022565,26730300
2023-05-17,307.4064025878906,307.82736596878567,304.21484884759707,305.73231876094286,24315000
2023-05-18,311.8315734863281,312.3406734306533,307.1323778382573,307.9253667304098,27276000
2023-05-19,311.65533447265625,312.0567286735725,309.7267003191957,310.0889260945517,27546700
2023-05-22,314.4356994628906,315.8160951844515,311.3322813908734,311.90988869959654,24115700
2023-05-23,308.6400146484375,315.94335728832465,308.6302150731237,313.30984092975706,30797200
2023-05-24,307.2596130371094,309.8539609209706,306.04563091509715,308.1211390989395,23384900
2023-05-25,319.076171875,320.03557419335544,313.2804700336066,316.4524252321356,43301700
2023-05-26,325.8997802734375,326.39905065575283,317.0789683726066,317.2160130284429,36630600
2023-05-30,324.2550354003906,328.6899104115325,323.57952206493354,328.1906400290104,29503100
2023-05-31,321.49432373046875,328.88577326121145,320.45655463188933,325.31242368593024,45950600
2023-06-01,325.59625244140625,326.5263156649062,317.9013162515011,319.08589950715634,26773900
2023-06-02,328.3570861816406,330.4129952384752,325.5669260242761,327.2312404695121,25873800
2023-06-05,328.8857116699219,331.4506903935802,327.6325911531441,328.18082951193753,21307100
2023-06-06,326.6732177734375,328.3277327209836,325.1949458046118,328.2885642949618,20396200
2023-06-07,316.5894470214844,327.4661371871072,315.72792109217784,324.6857770640945,40717100
2023-06-08,318.4299621582031,319.7809886890354,316.5600661501271,317.137673313342,23277700
2023-06-09,319.9278869628906,323.06067362544843,317.59785876983193,318.16566645574613,22529000
2023-06-12,324.8816223144531,325.1263726657708,318.33210052305157,321.6802685980965,24260300
2023-06-13,327.2703857421875,329.90390189326365,323.4522862648796,327.44659882342825,22951300
2023-06-14,330.25628662109375,331.9206007397858,325.8214120391003,327.319282795224,26003800
2023-06-15,340.7904052734375,342.4938582086499,330.1192956143464,330.393414820895,38899100
2023-06-16,335.1415100097656,344.08959644957883,334.76951460321436,343.9427522263679,46552000
2023-06-20,330.951416015625,334.8967905185413,328.8074005290605,332.18496735769014,26375400
2023-06-21,326.55572509765625,330.638174337756,325.09702248062774,329.30671681424553,25117800
2023-06-22,332.5765380859375,332.9779322220441,326.3403043071654,327.1039241601426,23556800
2023-06-23,327.9850158691406,330.86328217867896,326.44800648245837,327.33887140406574,23146900
2023-06-26,321.6998596191406,329.0521396707675,321.59215393137123,326.7123419071995,21520600
2023-06-27,327.5445251464844,329.0913343051698,322.38516833897705,324.89140968264053,24354100
2023-06-28,328.797607421875,330.8828850652817,326.80043631423547,327.63259343214776,20259500
2023-06-29,328.0144348144531,329.05217399593215,325.6354683820109,327.6815778955593,16997000
2023-06-30,333.38916015625,335.53317570907825,330.1192989180002,330.6577377615813,26832800
2023-07-03,330.8926696777344,333.7415673029559,329.5025044373006,332.067483294419,12508700
2023-07-05,331.04931640625,334.4758212956056,327.701148359632,328.05357452169636,18172400
2023-07-06,334.1037902832031,335.78767385230776,328.45496307477555,330.21715360852994,28161200
2023-07-07,330.1388244628906,334.6128676404688,329.92344297863576,332.1947331986414,21214800
2023-07-10,324.8619689941406,328.1905971184104,320.71101328852956,327.5738215556575,32791400
2023-07-11,325.48858642578125,325.8703814238738,320.1334477409768,324.10819090994494,26698200
2023-07-12,330.1192932128906,334.4758316380157,328.62142222429776,329.53188638120173,29995300
2023-07-13,335.464599609375,336.52190790090776,331.9010204242932,332.42968950843436,20567200
2023-07-14,337.99041748046875,344.0504382444472,337.07995339278386,340.29107663490123,28352700
2023-07-17,338.4701843261719,339.70370584522345,335.01431037964596,338.42121632729265,20363900
2023-07-18,351.9411926269531,359.0781209733801,334.98491162000175,338.56803033946636,64738600
2023-07-19,347.6238098144531,354.84884504828324,345.03926161088305,354.15376240808007,39732900
2023-07-20,339.58624267578125,350.4531652099648,338.1177404381011,346.1455646214541,33778400
2023-07-21,336.5513000488281,342.944177986763,332.69403214811535,341.8183323536975,69405400
2023-07-24,337.86309814453125,339.63511784694884,335.12190666745596,338.58757936663045,26678100
2023-07-25,343.6098937988281,344.5007885845888,337.8239924166346,339.82113359671973,41637700
2023-07-26,330.6772766113281,337.43240985586726,326.11512671611416,334.2702247265649,58383700
2023-07-27,323.77532958984375,334.1625196341891,322.1403841798644,333.33039238314757,39635300
2023-07-28,331.2646484375,332.87022482957593,326.1738598596252,326.66336048500244,28484900
2023-07-31,328.8661804199219,330.60880180685933,326.3599092198598,329.8451818704879,25446000
2023-08-01,329.2773742675781,331.4311896055557,326.69282573876103,328.1515284723082,18311900
2023-08-02,320.6229553222656,326.6242386250664,319.5068793964864,326.6242386250664,27761300
2023-08-03,319.8005676269531,322.9529530019484,319.10548507078215,319.1544231849884,18253700
2023-08-04,320.8970947265625,328.10256094885904,320.3684255770162,324.91100665492644,23741500
2023-08-07,323.1781311035156,324.15713248319014,320.64252111536877,321.4746782634423,17741500
2023-08-08,319.2033996582031,321.84671543145896,316.21745729083267,320.094294531756,22327600
2023-08-09,315.4636535644531,320.2411556284152,314.30840912670357,319.61461022525367,22373300
2023-08-10,316.1488952636719,321.3669891320305,314.43564292025485,319.1740058162668,20113700
2023-08-11,314.2692565917969,315.63985260966695,312.5070361030333,313.53500552400016,24355500
2023-08-14,317.23565673828125,317.2552260127922,313.3587892587537,314.6413087197182,18836100
2023-08-15,315.1013488769531,318.26353387975075,314.1615159801267,316.2174247167932,16966300
2023-08-16,314.336181640625,318.2801192612422,313.747531106502,314.728605350037,20698900
2023-08-17,310.8828125,315.77836341676965,310.22547958022847,314.47354784052,21257200
2023-08-18,310.4903259277344,312.3543606335649,305.65360810986385,308.53796821025577,24755000
2023-08-21,315.78814697265625,316.6612873829202,311.03975175794454,311.91289216820854,24040000
2023-08-22,316.3571472167969,319.9086306831472,315.37607311272194,319.3396208763862,16084600
2023-08-23,320.811279296875,322.96965461983046,317.3382680735776,317.69147037188395,21166400
2023-08-24,313.914306640625,326.6780913060097,313.9044863180203,326.55054687218063,23281400
2023-08-25,316.8673095703125,319.20224067535247,312.76639725943465,315.3858781640861,21684100
2023-08-28,317.57373046875,319.97734429438725,315.63119277463596,319.4966275172615,14808500
2023-08-29,322.1945495605469,322.7537689845137,315.7881368695037,315.7881368695037,19284600
2023-08-30,322.56744384765625,323.56812890602805,320.2717334619706,322.44971971608464,15222100
2023-08-31,321.556884765625,324.6472624633452,320.5954212849975,322.9696339885842,26411000
2023-09-01,322.4398193359375,325.7067829359754,320.5953952258838,325.0396597293619,14942000
2023-09-05,327.2372741699219,328.51268854222997,322.4398370951833,322.77339871686183,18553900
2023-09-06,326.5799560546875,328.13003998213503,323.9310439692956,327.0704931119819,17535800
2023-09-07,323.6661376953125,326.7761256123241,322.8027877562041,325.0200246507322,18381000
2023-09-08,327.94366455078125,329.7979091740935,323.2247000080773,323.84278154918144,19530100
2023-09-11,331.544189453125,332.01511580762883,329.08168383895804,330.85742559530763,16583300
2023-09-12,325.490966796875,330.41597829482106,325.2064768442106,329.46433515175244,17565500
2023-09-13,329.69976806640625,330.4748250083912,324.90233116375424,325.0396659724569,16544400
2023-09-14,332.289794921875,334.4088885367708,330.2001023910707,332.7312602833099,20267000
2023-09-15,323.9703063964844,331.0144115945299,323.4110869464427,330.54351516502703,37679800
2023-09-18,322.832275390625,324.14691123207,320.18336306203616,321.59611231194907,16834200
2023-09-19,322.4300231933594,323.15603844559445,318.36839165791633,319.9969783891352,16505900
2023-09-20,314.69915771484375,323.35223927183466,314.44409878418986,323.27376651009695,21436500
2023-09-21,313.4826354980469,319.19249448338184,309.0383706041025,313.2177562445035,35560400
2023-09-22,311.01031494140625,315.36628640951005,310.16657563325697,315.23874198409163,21447900
2023-09-25,311.5302734375,311.65781785899316,309.0383368775715,310.59824108043864,17836000
2023-09-26,306.23248291015625,309.9016904509528,304.15258067558153,309.1658848784398,26297600
2023-09-27,306.87017822265625,308.3515797645924,303.82884250383796,306.3894315511619,19410100
2023-09-28,307.7041320800781,309.50930504825243,303.59342871178666,305.1042614505791,19683600
2023-09-29,309.77423095703125,313.42382879488565,309.01881447387825,311.73637968835055,24147300
2023-10-02,315.70965576171875,315.7979787841784,309.21494955018176,310.294137124608,20570000
2023-10-03,307.4588317871094,315.3074247202829,305.320067458415,314.75799567015525,21033500
2023-10-04,312.9234313964844,313.9830083427308,308.0573115463436,308.086742575961,20720100
2023-10-05,313.3158874511719,313.9241786927475,308.94030426959654,313.0510081572693,16965600
2023-10-06,321.06634521484375,322.9598111936179,310.3137506624104,310.55901920701876,25673600
2023-10-09,323.57794189453125,324.048838410142,317.063593988466,318.6038878683053,19891200
2023-10-10,322.17498779296875,324.83369063109717,321.46861313435045,324.6963258646944,20557100
2023-10-11,326.128662109375,326.5210857572993,322.91074029238723,324.9415409038971,20063200
2023-10-12,324.8924865722656,327.3157406777027,322.49866349078104,324.31365647453015,19313100
2023-10-13,321.5274658203125,327.5119946274533,320.1833689854534,326.08945496838265,21072400
2023-10-16,326.34454345703125,329.77830323276595,324.34314366168616,324.78460909741796,22158000
2023-10-17,325.7755126953125,327.1490106557738,321.2135234259186,323.3522581029233,18338500
2023-10-18,323.8623962402344,329.23869374170175,322.0866542980727,326.1973576731345,23153600
2023-10-19,325.0494689941406,330.50423844384994,324.6472250314816,325.86374730098373,25052100
2023-10-20,320.4875183105469,325.6381577998448,319.29060660305254,325.441930986154,25027700
2023-10-23,323.0873107910156,326.4327768680091,318.25062294814967,319.3101697402162,24374700
2023-10-24,324.2743835449219,325.55958807197595,321.3998439502132,325.02979973609047,31153600
2023-10-25,334.2225646972656,339.64790388750646,331.2302703891526,338.4902135639039,55053800
2023-10-26,321.68438720703125,335.1643351813987,320.7523548760507,334.09496805111814,37828500
2023-10-27,323.5680236816406,330.3472488268226,322.1847057055033,324.176284790296,29856500
2023-10-30,330.9261169433594,333.02562998161824,325.54981985866505,327.09993377177346,22828100
2023-10-31,331.7109680175781,332.5841383863149,328.355711175483,332.4369832511366,20265300
2023-11-01,339.52032470703125,340.8447807446002,333.2218157421507,333.35918048886424,28158800
2023-11-02,341.72772216796875,342.2280495770279,338.24489130724083,340.66814542171755,24348100
2023-11-03,346.1229553222656,347.6828896003234,340.75647841286957,343.01296696867126,23637700
2023-11-06,349.78240966796875,350.77330426538856,346.66260066264067,346.7607140780306,23828300
2023-11-07,353.7066955566406,355.6001616596292,350.86158624054224,352.5980768718827,25833900
2023-11-08,356.3261413574219,356.9834442680157,353.7262709217689,354.8348894957631,26767800
2023-11-09,353.8636169433594,357.88602671202375,353.53984572631765,355.4431318616368,24847300
2023-11-10,362.6736755371094,363.0955302142946,354.23643229337705,354.6484666487655,28042100
2023-11-13,359.74029541015625,361.49642668428953,358.97505869997684,361.2511581241037,19986500
2023-11-14,363.2622985839844,364.9105258370756,360.3975789598127,363.98831378189556,27683900
2023-11-15,363.4097900390625,366.8111878331865,360.89311508068755,364.99251089097083,26860100
2023-11-16,369.7996826171875,369.97662716885657,363.9111011410668,364.6778908657379,27182300
2023-11-17,363.58673095703125,368.03017560302834,360.7849886688486,367.2830363259732,40157000
2023-11-20,371.0482482910156,372.454024769358,364.71730401002463,364.9335796221372,52465100
2023-11-21,366.7522277832031,369.848877892723,364.83523819118903,369.30820390562985,28423100
2023-11-22,371.4512634277344,373.35841268345206,368.62003030581224,371.5987172360064,23345300
2023-11-24,371.0383605957031,371.56922430315524,368.7871624674301,370.9400480571713,10176600
2023-11-27,372.1983642578125,374.1940157538783,369.8292031236525,370.39936783626126,22179200
2023-11-28,376.2191467285156,376.51405435302496,371.75602133936184,371.9428061684763,20453100
2023-11-29,372.434326171875,377.792014506202,371.0482003824139,377.2611808001932,28963400
2023-11-30,372.4933166503906,373.6533266294802,369.1115692531181,372.0804159794598,30554400
2023-12-01,368.1678161621094,371.7559987121957,365.02199502186244,370.37971321362784,33040500
2023-12-04,362.8887634277344,363.26230306598103,356.75441514637487,362.84943241289693,32063300
2023-12-05,366.2114562988281,366.7619704390207,359.42831207085,360.2442730291583,23065000
2023-12-06,362.55450439453125,367.8434010010659,361.7975548433351,367.2142547508921,21182100
2023-12-07,364.6681213378906,365.15965403682253,360.11652374565716,361.99418225567007,23118900
2023-12-08,367.89251708984375,368.1186028954876,361.99412562540374,362.94770011218566,20154400
2023-12-11,365.01214599609375,365.3070835963392,359.90022426700926,362.23992455873395,27708800
2023-12-12,368.0400390625,368.07937007976545,364.1864093914376,364.56981930802976,24838300
2023-12-13,368.0301513671875,371.24479409698984,364.49111028889564,369.6522031111794,30955500
2023-12-14,359.733154296875,367.43057402825946,357.9636483820258,366.9881825491579,43277500
2023-12-15,364.45184326171875,366.09354566450713,360.0771902707865,360.6375447439286,78502300
2023-12-18,366.3393249511719,366.6834038503824,362.43655401042764,363.1935335888459,21802900
2023-12-19,366.93902587890625,366.93902587890625,363.5769287808174,365.1989808015048,20603700
2023-12-20,364.3436279296875,369.66201438302113,364.2551556597629,368.649458403969,26316700
2023-12-21,367.2142333984375,368.06949543921024,363.77350472816454,366.25081857048275,17708000
2023-12-22,368.2366638183594,368.8265091217646,366.3983361233561,367.35191086364074,17107500
2023-12-26,368.31524658203125,370.5566342519059,367.17488724110945,368.6494851818368,12673100
2023-12-27,367.73529052734375,368.7085156973093,366.4966184922779,367.3617208659254,14905400
2023-12-28,368.92474365234375,370.08475350322914,367.82371531924764,369.0132159290277,14327000
2023-12-29,369.6719055175781,370.77293391810167,367.15526060187455,369.6325745030526,18730800
2024-01-02,364.5894775390625,369.5342955375811,360.55890320609336,367.528833625427,25258600
2024-01-03,364.3240051269531,366.9389624174864,362.2694022559853,362.76093490456435,23083500
2024-01-04,361.7090759277344,366.7816968551165,360.95212639041375,364.3928551976836,20901500
2024-01-05,361.5223083496094,365.7593179114421,360.29347657411785,362.72164936252017,21004600
2024-01-08,368.34478759765625,368.8461605661577,362.76098316710153,363.04605054064757,23134000
2024-01-09,369.4261474609375,369.62274253642516,364.9040407138779,365.71016152546855,20830000
2024-01-10,376.2878723144531,377.6641876554582,369.9471194966955,369.99626075854405,25514200
2024-01-11,378.1164245605469,384.0639578363486,373.9383968872458,379.4632192692285,27850800
2024-01-12,381.89141845703125,382.0978537915272,378.13610141587486,378.96187275463393,21661200
2024-01-16,383.660888671875,387.3572238467636,381.05577159415725,386.9934944812975,27202300
2024-01-17,382.8744812011719,383.50362745457204,378.29339285307435,381.4097233605343,22234100
2024-01-18,387.1999816894531,387.31794474262756,383.51348627386955,385.08639698467385,23392100
2024-01-19,391.918701171875,391.918701171875,386.83623978929575,389.05797722162475,29331100
2024-01-22,389.7952575683594,393.83564181909105,386.9246935015416,393.2457965997971,27016900
2024-01-23,392.1447448730469,392.61662702057765,387.25890909833606,389.0480951568549,20525900
2024-01-24,395.7427673339844,398.7607850247389,393.6685139379053,394.7400515217606,24867000
2024-01-25,398.0137023925781,400.1174768477645,395.7133328486228,397.4730283974927,21021200
2024-01-26,397.08966064453125,399.2917478783548,395.6150623186652,397.5222118868477,17803300
2024-01-29,402.7815246582031,403.037131241998,397.4827881758261,399.18350198201716,24510200
2024-01-30,401.6706848144531,406.05514806143475,399.56694047651416,405.27854800251134,33477600
2024-01-31,390.8471374511719,408.28673844568766,390.48340804499526,400.06829591373173,47871100
2024-02-01,396.9421691894531,401.09070661971754,394.9956887835189,395.02517954720986,30657700
2024-02-02,404.2561340332031,405.66191028214797,396.7258498594463,396.9716161967069,28256700
2024-02-05,398.78045654296875,404.197156266753,397.1485644483077,402.9584843152066,25352300
2024-02-06,398.6231994628906,401.0612125775962,396.08690380386986,399.0066093885159,18382600
2024-02-07,407.0382080078125,407.28397435246177,400.5008292402968,400.54016025565755,22340500
2024-02-08,407.0971984863281,408.52265531696276,405.5439683543155,407.0382169623767,21225300
2024-02-09,413.42816162109375,413.69360849220726,408.060632682177,408.21792675374667,22032800
2024-02-12,408.2277526855469,413.61493194410616,407.7263797250581,413.43798737008973,21202900
2024-02-13,399.4391174316406,403.1256124684785,396.55874317637694,398.08248245796057,27824900
2024-02-14,403.29986572265625,403.6445808998677,398.454256564083,401.9013482236895,20401200
2024-02-15,400.41412353515625,402.9452806494458,398.17844942358096,401.97025586986575,21825500
2024-02-16,397.9519348144531,402.11800189970467,397.3413119912312,401.7929735865366,22296500
2024-02-20,396.701171875,398.3754555316585,391.99343067715284,397.1443513475326,24307900
2024-02-21,396.1003723144531,396.20872511051635,391.2153593903598,394.12077725006736,18518900
2024-02-22,405.4272155761719,406.5893706886108,402.393788153555,403.98929433440406,27009900
2024-02-23,404.1369934082031,409.57353818458586,402.7877081506477,409.3864380168882,16295900
2024-02-26,401.37939453125,405.929551090099,401.2020926741633,405.2401206785282,16193500
2024-02-27,401.3202819824219,402.14758039730725,397.74515057992284,401.82255205730473,14835800
2024-02-28,401.556640625,403.1127430930959,399.1929265964819,402.00967855020446,13183100
2024-02-29,407.3871154785156,407.93864768524475,399.7838157071772,402.46269930682627,31947300
2024-03-01,409.21905517578125,409.5834572269849,404.6688986492537,405.05298754832427,17823400
2024-03-04,408.6477966308594,411.04105586312363,406.08709401097116,407.1901585103068,17596000
2024-03-05,396.5632629394531,407.9879154671031,394.58366790374333,407.7022908884421,26919200
2024-03-06,396.01171875,399.03531766594347,392.36766860816914,396.87842085481464,22344100
2024-03-07,402.9552307128906,403.58554049406575,396.1595108366956,399.9808634464233,18718500
2024-03-08,400.07928466796875,404.21580644025056,398.2178408535662,401.79297194630584,18002200
2024-03-11,398.4049987792969,399.5474670630361,395.19429952187465,397.65650787745375,16120800
2024-03-12,409.00238037109375,409.2880049750951,400.6407298572385,401.45816986092404,22457000
2024-03-13,408.8250732421875,411.85850065118984,405.2302551257752,411.7797232101297,17115900
2024-03-14,418.7920837402344,421.3527863664109,411.6713665638625,413.8873540190868,34157300
2024-03-15,410.1251220703125,416.2116937258995,406.54999083820695,412.95173236718284,45079900
2024-03-18,411.011474609375,414.3699300128756,407.5249795776433,407.98787589557446,20106000
2024-03-19,415.0396728515625,415.295752126201,409.2682411150174,411.5137738248201,19837900
2024-03-20,418.80194091796875,419.5208864985866,414.3010169757645,415.62075700500156,17860100
2024-03-21,422.87933349609375,424.3074262893576,420.7027498405441,423.3323713938263,21296200
2024-03-22,422.2588806152344,423.36194516542855,419.62925888508494,423.2043902779049,17648500
2024-03-25,416.4677734375,420.94901086959675,415.23666920718586,418.81180070101897,18060500
2024-03-26,415.27606201171875,419.5504521799467,414.9806090267337,419.1761916947957,16725600
2024-03-27,415.0593566894531,418.0337234540762,412.67595596490696,418.02386500319915,16705000
2024-03-28,414.360107421875,415.4927172172239,412.78428811448583,414.5964697982947,21871200
2024-04-01,418.15191650390625,421.42173632509054,415.8374347010724,417.5412936572551,16316000
2024-04-02,415.0692443847656,415.9950371448598,411.52365828826186,413.7593326884334,17912000
2024-04-03,414.09417724609375,416.86169679254687,412.75472038791173,413.38506009911544,16502300
2024-04-04,411.5631103515625,422.19001143699086,411.2577988795479,418.5656174149567,19370900
2024-04-05,419.0875244140625,420.06257930400153,411.9963827991793,413.6608379545396,16554800
2024-04-08,418.1716003417969,420.8209388461148,416.9010924581036,418.7428494922185,14272400
2024-04-09,419.8360900878906,421.2740114208572,415.246529885916,419.9936750369666,12496900
2024-04-10,416.8616943359375,417.62004361877445,413.3555123677214,415.8078620441207,16216600
2024-04-11,421.4610900878906,422.8793243997448,415.9752830660833,419.3830008173104,17966400
2024-04-12,415.5222473144531,418.7526632511182,413.42444113170603,417.6397403424306,19253800
2024-04-15,407.3871154785156,420.36786929358846,407.1802683588039,420.1511937797841,20273500
2024-04-16,408.31292724609375,412.0751888679084,407.4758004410801,408.3030988508173,16765600
2024-04-17,405.6143798828125,412.5479675035141,404.12719631602147,410.94260273654885,15855500
2024-04-18,398.15875244140625,405.66358827577534,397.8436126348303,404.4226257260466,21029900
2024-04-19,393.08660888671875,399.35048216055003,391.7570104509112,397.922389385747,30565800
2024-04-22,394.8988037109375,396.7602475945419,389.76757007965125,394.0321015888098,20286900
2024-04-23,401.4089050292969,402.0293863346637,396.9670716039761,398.1292267170022,15734500
2024-04-24,402.8763732910156,406.23482905911584,400.63084049682084,403.36881495690267,15065300
2024-04-25,393.0078430175781,393.8449998393028,382.16426819567243,388.0735680343126,40586500
2024-04-26,400.177734375,406.7567466964452,399.6262022077081,405.93930689514616,29694700
2024-04-29,396.1692810058594,400.1777629830485,393.1555407133354,399.12393070882416,19582100
2024-04-30,383.4446105957031,396.0806804506466,383.2870557136592,395.4207954000411,28781400
2024-05-01,388.9698181152344,395.6473257764034,384.4098035661703,386.6750231640028,23562500
2024-05-02,391.82598876953125,393.88439136644655,388.6842084752251,391.6487169798458,17709400
2024-05-03,400.5126037597656,400.9951869074052,395.7851463891385,396.19881055586524,17446700
2024-05-06,407.28863525390625,407.67272409935384,400.2270089943109,402.5808944329267,16996600
2024-05-07,403.15216064453125,408.4016059107325,402.9059397986261,408.3917474588945,20018200
2024-05-08,404.333984375,405.9984394987751,400.5618646353196,401.99981584395204,11792300
2024-05-09,406.08709716796875,406.48104448418644,402.91577167959764,404.3635513602943,14689700
2024-05-10,408.47052001953125,409.1008598045123,405.5749605018169,406.6977419727187,13402300
2024-05-13,407.4659118652344,412.02592626132173,404.6097563640546,411.6910695528216,15440200
2024-05-14,410.26300048828125,411.1789347782618,405.3287253515243,405.79162172220066,15109300
2024-05-15,417.4360046386719,418.15627711467357,411.7035137509103,412.32511422725236,22239500
2024-05-16,415.37384033203125,419.7447655066684,414.74239380752215,416.1730322472247,17530100
2024-05-17,414.60430908203125,417.2781788386251,412.4533979292135,416.903243294278,15352200
2024-05-20,419.6658630371094,421.07677928196154,414.3872272445279,414.6042935983872,16272100
2024-05-21,423.3165283203125,427.1940941013643,419.1824213563369,421.13598848639515,21453300
2024-05-22,424.7767639160156,426.6415653807663,421.43200286988593,424.35250743086516,18073700
2024-05-23,421.3037414550781,427.81570226312846,419.7448321943187,427.19410176133954,17211700
2024-05-24,424.42156982421875,425.30955759417924,418.7482761527639,421.49118910602255,11855300
2024-05-28,424.5794372558594,425.0727671383065,420.9090617260336,423.8986396092449,15718000
2024-05-29,423.44482421875,425.1912013264544,420.011237075474,420.011237075474,15517100
2024-05-30,409.13824462890625,418.63975349144664,408.7139580183881,418.63975349144664,28394500
2024-05-31,409.5921325683594,411.1905168022007,399.11380915942556,411.1905168022007,47995300
2024-06-03,408.0035400390625,410.8747236026411,403.4649291544174,409.9867358256656,17484700
2024-06-04,410.5195617675781,410.88462108617875,404.21479101509067,406.9281055414635,14348900
2024-06-05,418.3536071777344,418.42265047577604,410.7464388812518,412.23630472822083,16988000
2024-06-06,418.8567810058594,419.6362506295676,414.9693392305099,418.35360501475236,14861300
2024-06-07,418.1957702636719,420.59334639709124,417.3571033955117,420.51442686018504,13621700
2024-06-10,422.162109375,422.36929949498546,418.2352227759558,419.0344147777948,13982900
2024-06-11,426.907958984375,427.04610581067664,419.57708382911113,419.8040264249776,14551100
2024-06-12,435.1761779785156,437.48495834500466,427.47036718999846,429.51276024474697,22366200
2024-06-13,435.6891784667969,437.47506023111936,433.50866895377334,434.9689361541973,15960600
2024-06-14,436.666015625,437.22841891267086,430.89405002785384,432.43323683903066,13582000
2024-06-17,442.388671875,444.9243949145692,434.8407300488904,436.6857791496651,20790000
2024-06-18,440.3857116699219,444.1350368072149,438.95507309068336,443.7107502283828,17112500
2024-06-20,439.7543029785156,440.5732173975681,435.383377000911,440.3462747944722,19877400
2024-06-21,443.77978515625,444.5691008480433,440.5534188752036,441.41180797040636,34187100
2024-06-24,441.697998046875,446.71021649298933,440.45479708566984,443.7995580906483,15913700
2024-06-25,444.9342346191406,445.3979659147229,440.7902515475345,442.27024120018433,16413400
2024-06-26,446.12811279296875,447.5489053584295,442.2110720595261,443.0102641137892,16507000
2024-06-27,446.808837890625,450.0845552238019,445.7432285844284,446.1477626626638,14806300
2024-06-28,440.9875793457031,449.305113661538,440.45477465939115,447.02593208902044,28362300
2024-07-01,450.6371154785156,451.2685620568994,439.71478489170136,442.6747641221356,17662800
2024-07-02,453.153076171875,453.45893827703065,447.0653724350894,447.15419830732895,13979800
2024-07-03,454.6231689453125,454.86983386478704,451.77173813362833,452.07760022493966,9932800
2024-07-05,461.3226013183594,462.1020709028193,452.8471982115864,453.4786447544731,16000300
2024-07-08,460.0202331542969,461.4607780718062,458.26398000009,460.326095268591,12962300
2024-07-09,453.40960693359375,461.09566431646033,451.89014256478214,460.77007986409006,17207200
2024-07-10,460.0301208496094,460.2373109717691,452.73869064735504,455.0672233776237,18196100
2024-07-11,448.63421630859375,458.57973369334036,445.5262138972975,456.8037581244286,23111200
2024-07-12,447.49951171875,450.2720231711714,444.6382045032453,448.2691051092715,16324300
2024-07-15,447.9040222167969,451.1600172439033,445.40777441791397,447.2528232113756,14429400
2024-07-16,443.5232849121094,448.23951736513413,440.7014524487549,448.1605978328616,17175700
2024-07-17,437.60333251953125,438.9156068819966,433.3212327097638,436.68574615539535,21778000
2024-07-18,434.495361328125,438.71826397070777,428.6050012530057,438.4124018485707,20794800
2024-07-19,431.27886962890625,435.2551377032439,426.23705228293636,427.3223841326024,20940400
2024-07-22,437.03106689453125,438.6689256733767,433.05482935357276,435.89641421757136,15808800
2024-07-23,438.91558837890625,442.4083722657051,437.1889338456379,437.97824958808866,13107100
2024-07-24,423.17840576171875,435.5906035987281,421.88588376058476,434.5743451525585,26805800
2024-07-25,412.8184814453125,424.0663978828946,411.94036982301,423.0797380180107,29943800
2024-07-26,419.5967712402344,423.19810333197387,411.7034934246348,412.6211098546519,23583800
2024-07-29,421.0373229980469,426.38500194360023,419.0344049240428,425.8225986635412,15125800
2024-07-30,417.2781982421875,423.32639784774454,411.79234175836467,422.0141534919779,32687600
2024-07-31,412.7691345214844,416.1533704185598,406.7110288792971,414.89044707540063,42891400
2024-08-01,411.545654296875,421.7575892383458,407.57929274476925,415.1765852410534,30296400
2024-08-02,403.0406494140625,409.46381430513844,398.9460172931046,406.98728858808795,29437900
2024-08-05,389.87860107421875,395.6900415573509,380.43625987349014,383.9783949357412,40709200
2024-08-06,394.27911376953125,400.2582999432438,393.18393582915473,394.6639255499671,24946500
2024-08-07,393.1148376464844,404.6094177317887,392.16765271577526,403.18865539095805,20650900
2024-08-08,397.3180236816406,400.4457182788044,394.6047093244423,397.07135874007713,20203000
2024-08-09,400.6036071777344,402.60652539742165,396.8937867490897,398.6401637815713,19276700
2024-08-12,401.383056640625,403.30705522680034,398.84733381774834,401.6297215819056,16762900
2024-08-13,408.48699951171875,409.4144620555377,404.10622795467,404.1259503092639,19414300
2024-08-14,411.2989807128906,412.14752377963794,406.9478375879701,409.26646397851016,18267000
2024-08-15,416.1620788574219,416.2411406304339,412.8310473922666,414.9462891736181,20752100
2024-08-16,413.6317138671875,416.46852653153576,412.4752279591184,415.73709195319884,22775600
2024-08-19,416.65631103515625,416.87376862371895,411.64492262923585,414.11601787893187,15234000
2024-08-20,419.8885192871094,420.93626132598814,416.7650812391523,416.82438511571235,16387600
2024-08-21,419.23614501953125,421.46999458583696,416.8441115746798,419.17681098270833,16067300
2024-08-22,410.7454528808594,421.8555179747642,409.8163186254232,419.45359039351575,19361900
2024-08-23,411.97113037109375,414.41257372157986,407.32545916499066,412.15893602611095,18493800
2024-08-26,408.70928955078125,412.4554786638681,406.58415351672016,411.55599630876077,13152800
2024-08-27,409.05523681640625,409.5692137906275,405.5067475085558,408.0865565785304,13492900
2024-08-28,405.8526916503906,410.201813276276,402.60072184118246,410.0832055301203,14882700
2024-08-29,408.34356689453125,417.17031240351145,405.85271359636084,410.14253158113485,17045200
2024-08-30,412.317138671875,412.66306792136305,407.36505347568107,410.79493534811195,24308300
2024-09-03,404.7061462402344,415.0254436454868,402.3240065159735,413.0782191501631,20313600
2024-09-04,404.17236328125,406.4853049884444,399.6947395600007,401.2169427939581,15135800
2024-09-05,403.66827392578125,408.32380920500026,401.43439403542544,402.90715723849786,14195500
2024-09-06,397.0556335449219,405.9021372589665,396.16601504088436,404.3305241544344,19609500
2024-09-09,401.0291442871094,403.9252609488484,397.50041270369564,402.5315594789773,15295100
2024-09-10,409.4111328125,411.5164809342579,402.98628422521625,403.480503347315,19594300
2024-09-11,418.1488952636719,419.08789343392027,404.84449566929334,410.6960629554886,19266900
2024-09-12,422.0630798339844,422.42879711427406,414.89690341994134,418.415740735589,17395700
2024-09-13,425.611572265625,426.83722589839596,420.5408798146308,420.9065970976519,15874600
2024-09-16,426.3529052734375,428.517587221267,423.2689830915265,425.6214706998335,13834700
2024-09-17,430.1188659667969,436.741413807479,427.2721591954558,435.1401487897844,18874200
2024-09-18,425.8290100097656,430.9886580324637,425.43364080776206,429.9705680090547,18898000
2024-09-19,433.6178894042969,436.3953979041661,431.84857685341797,436.12853049068684,21706600
2024-09-20,430.2374572753906,434.1615578880838,429.1996092968504,432.1649237095232,55167100
2024-09-23,428.497802734375,431.41367697848,425.4138807437856,429.25888919848313,15128900
2024-09-24,424.20806884765625,428.3397336082677,421.17355609604647,427.9937741781775,17015800
2024-09-25,427.11395263671875,428.1122847230435,423.6149036474301,424.86031508228893,13396400
2024-09-26,426.3232421875,430.2671006249204,424.1684543301705,430.0595370663028,14492000
2024-09-27,423.0712585449219,426.85699330507344,422.52762966372916,426.5307918445686,14896100
2024-09-30,425.3249206542969,425.4435585697777,420.4519278512811,423.2590885562286,16807300
2024-10-01,415.8260803222656,423.52602256028683,413.96781162828705,423.49637062005274,19092900
2024-10-02,412.30718994140625,417.93140514988795,411.89203266645677,417.6941594936009,16582300
2024-10-03,411.7240295410156,414.699207817815,409.50004373541833,412.80142348929195,13686400
2024-10-04,411.24957275390625,414.8969119270876,410.172178794162,413.40436067339476,19169700
2024-10-07,404.8049621582031,412.287415913181,404.2711971193028,411.190264062665,20919800
2024-10-08,409.9151306152344,410.8541588179669,403.4507675602396,406.1491841006714,19229300
2024-10-09,412.63336181640625,415.51961434814075,409.5098937927917,411.0518548194861,14974300
2024-10-10,411.0321350097656,412.5246863355552,408.37323385448985,410.4292021904471,13848400
2024-10-11,411.506591796875,412.30722431233596,408.4720793339732,411.32868016338136,14144900
2024-10-14,414.2939758300781,419.137316675548,412.692680707405,412.9397902420181,16653100
2024-10-15,413.8985595703125,417.59533856944756,410.45881429415135,417.2987890411578,18900200
2024-10-16,411.3088684082031,411.5460839058675,405.7340930599272,410.36987028679,15508900
2024-10-17,411.9019470214844,417.61511832115826,410.78500708577025,417.4767225011017,14820000
2024-10-18,413.3252868652344,414.79805000770625,411.447260474788,412.31709084461266,17145300
2024-10-21,413.9381103515625,414.1160219717621,408.9662678666254,411.30886136013186,14206100
2024-10-22,422.5671691894531,425.60165114081286,413.20665945484586,413.65143848774744,25482200
2024-10-23,419.69085693359375,426.0959170295647,417.64478266305224,425.8784594235447,19654400
2024-10-24,419.8193359375,421.0548835944768,417.5162582126422,420.4123746810587,13581600
2024-10-25,423.19976806640625,427.5192377532194,421.63804913504384,421.8258547879259,16899100
2024-10-28,421.6578063964844,426.94595627618617,421.37115090072086,426.66919481416045,14882400
2024-10-29,426.9559020996094,428.1617979371543,420.8769829019358,423.0515590564399,17644100
2024-10-30,427.5291748046875,433.43015208412135,427.10415361686785,432.38241000195467,29749100
2024-10-31,401.65185546875,411.3484314804884,401.60241546152275,410.55766284750285,53971000
2024-11-01,405.6253356933594,410.6960279404989,402.78852319074196,404.28107436497436,24230400
2024-11-04,403.7373962402344,405.67475653100576,400.88082597000493,405.06189960347484,19672300
2024-11-05,406.7027282714844,410.1029577159873,403.36180269923256,403.64845819160416,17626000
2024-11-06,415.32196044921875,415.58885807174516,405.7736437068039,407.65170044035887,26681800
2024-11-07,420.51123046875,421.91482589939426,415.0254108601489,416.40921822256973,19901800
2024-11-08,417.6546936035156,421.56890050557604,416.90347090417674,420.4025506464113,16891400
2024-11-11,413.1770324707031,419.89839969038087,411.1902621762221,417.6348679260246,24503300
2024-11-12,418.13897705078125,419.5326784209289,412.37639607879026,413.41424403977334,19401200
2024-11-13,420.2839050292969,424.366129168666,413.3747019871383,416.7650676989441,21502200
2024-11-14,421.9543762207031,423.21957584577814,415.14402288993426,420.086213638624,30246900
2024-11-15,410.20184326171875,417.91164897279026,408.85758182070697,414.9661225121513,28247600
2024-11-18,410.9530334472656,413.5624943414024,407.33534638732004,410.07330906060787,24727000
2024-11-19,412.9595642089844,413.10782389174204,406.79168992363145,408.3336509537854,18133500
2024-11-20,410.6861572265625,412.46536399512735,405.8329222910528,412.05020669970736,19191700
2024-11-21,408.9133605957031,415.7571439963345,406.35809866813804,415.4798285140784,20780200
2024-11-22,413.0037536621094,413.3999142872652,407.1206761919346,407.4277029433142,24814600
2024-11-25,414.7765808105469,417.0446130867062,410.8743369468268,414.3705063731925,27691100
2024-11-26,423.8883972167969,424.92835279721186,414.8360050762814,415.56890369905886,23458900
2024-11-27,418.93634033203125,423.13572759358533,417.97563494679554,421.03601885024915,18332400
2024-11-29,419.4018249511719,420.808229889217,413.7960631011275,416.06412568619913,16271900
2024-12-02,426.84979248046875,428.8504232970242,417.27244986667705,417.52996787602956,20207200
2024-12-03,427.0676574707031,428.32547569363487,423.6407942127541,425.72067515411175,18302000
2024-12-04,433.2280578613281,435.4564952904926,428.483953715763,428.8801143248133,26009400
2024-12-05,438.37823486328125,440.39869339406243,431.99006528414975,433.72329450893346,21697800
2024-12-06,439.3191223144531,441.82487523918803,437.5363542028089,438.0612738202398,18821000
2024-12-09,441.7455749511719,444.03343474398827,436.27848652322723,438.3583673053642,19144400
2024-12-10,439.0813903808594,445.31111943385133,437.3679889585384,440.13125981361975,18469500
2024-12-11,444.68719482421875,446.0341772846715,439.7945337941877,439.7945337941877,19200200
2024-12-12,445.2517395019531,451.78849591772126,444.8060398866272,444.8060398866272,20834800
2024-12-13,442.9836730957031,447.1038102558032,441.30986642987745,444.14247395093605,20177800
2024-12-16,447.26226806640625,447.8466102847365,441.0127411892908,442.9836607244317,23598800
2024-12-17,450.1047058105469,450.9267684894764,445.26158450169066,446.6877867800923,22733500
2024-12-18,433.1983337402344,448.3120705924071,432.83185420697276,446.9948298056794,24444500
2024-12-19,432.841796875,438.93285336164837,432.1386095010433,437.38780577162396,22963700
2024-12-20,432.4158935546875,439.48745236080407,424.5222720446017,428.95931906801104,64263700
2024-12-23,431.0788879394531,433.45588208065465,428.68206611928935,432.554599216363,19152500
2024-12-24,435.1197204589844,435.3871522905164,430.02899474815183,430.484577930417,7164500
2024-12-26,433.9114074707031,436.7143034093448,432.44561022869516,434.8721127935591,8194200
2024-12-27,426.4040832519531,431.04913980352325,422.2641488688207,430.4350863105853,18117700
2024-12-30,420.7586975097656,423.45263204127576,417.8567839421245,421.9769208859116,13158700
2024-12-31,417.4606018066406,422.64049156656444,416.6286554798762,422.016524265212,13246500
2025-01-02,414.568603515625,421.9868450538027,410.8743686174563,421.45201157982797,16896500
2025-01-03,419.2929382324219,419.9664143701195,415.51945282325784,417.0446728600811,16662900
2025-01-06,423.7497863769531,430.15778356293015,421.4025036603563,423.8983428352595,20573600
2025-01-07,418.3222961425781,426.52294519780327,416.7673346717813,424.88876369017254,18139100
2025-01-08,420.49127197265625,422.87817962096636,417.50022470253026,419.40180766065134,15054600
2025-01-10,414.93505859375,420.63983782074297,411.042698272716,420.56061778951556,20201100
2025-01-13,413.1919250488281,414.48936844362913,408.3388895039501,411.2606004893305,17604800
2025-01-14,411.6865234375,415.71749643981025,406.78394867710017,413.805999460752,16935900
2025-01-15,422.2245178222656,424.04688082339095,414.2615595275802,415.11333355996726,19637800
2025-01-16,420.5110778808594,425.3740271428382,420.3229265289763,424.5916197701724,15300000
2025-01-17,424.91845703125,430.31623990051855,424.06671321451194,429.9299628963343,26197500
2025-01-21,424.3935546875,426.770548715405,421.52135231106814,426.07727516253885,26085700
2025-01-22,441.9239501953125,442.9836731089654,431.8216876151847,433.36673527212855,27803800
2025-01-23,442.4289855957031,442.46861072225846,437.26892363486763,437.7641319289048,18389300
2025-01-24,439.804443359375,442.3696190202124,437.16993127456703,440.8939077892008,15549500
2025-01-27,430.3954772949219,431.02935848885954,419.4414710475572,419.94659323490635,35647800
2025-01-28,442.9143371582031,444.08302154903276,427.24593852989443,430.43508134605355,23491700
2025-01-29,438.0909729003906,442.5973866839753,436.17947606614763,442.409205107017,23581400
2025-01-30,411.01300048828125,418.8075747745586,409.20055129765046,414.75677425796516,54586300
2025-01-31,411.08233642578125,416.6583870568431,410.933779971825,414.964783031506,34161900
2025-02-03,406.98199462890625,411.4289554040879,404.74364348455,407.6554706497357,25679100
2025-02-04,408.4181213378906,409.9532853263689,405.81332063447735,408.73506192939664,20532100
2025-02-05,409.3293151855469,409.8641184268012,406.4669964929513,408.39832109505767,16316700
2025-02-06,411.83502197265625,414.1922182257068,410.03245657619226,410.03245657619226,16309800
2025-02-07,405.8232116699219,414.63791357819275,404.1890302854019,412.48872643025265,22886800
2025-02-10,408.2695617675781,411.47850211303046,406.9820321839411,409.74527293691693,20817900
2025-02-11,407.49700927734375,408.53693461973535,405.37750324031913,405.71427148321067,18140600
2025-02-12,405.1200256347656,406.813629604169,400.4947666868975,403.30754628100544,19121700
2025-02-13,406.6056213378906,407.0612044905901,402.465657162982,403.0995382668374,23891700
2025-02-14,404.5158386230469,404.99124946496545,401.99028842093395,403.88198772560423,22758500
2025-02-18,405.71429443359375,406.66508596257455,402.60437161832556,404.08999660584703,21423100
2025-02-19,410.79510498046875,411.5082061808428,403.7433432351679,403.97114994678657,24114200
2025-02-20,412.968505859375,416.1243389128722,409.40578409861945,412.134891295379,23508700
2025-02-21,405.108642578125,414.8738801834256,404.79109677447474,414.16928284227896,27524800
2025-02-24,400.9306335449219,406.25983043716724,396.2861968407472,405.4063787741937,26443700
2025-02-25,394.876953125,398.8664306026397,393.6860882830661,398.05265327493277,29387400
2025-02-26,396.6930847167969,400.53367776380867,391.25470780563023,394.9861511086002,19619000
2025-02-27,389.5477600097656,402.657388820498,389.1905096396701,398.22134834414993,21127400
2025-02-28,393.973876953125,394.6090291195634,383.6330593862238,389.67678725566606,32845700
2025-03-03,385.5384521484375,395.7899873220531,383.2261675615013,395.7899873220531,23007700
2025-03-04,385.65753173828125,389.59737098453536,378.10536303990614,380.48712304915495,29342900
2025-03-05,397.9732666015625,398.61835249883035,385.85603973587394,386.3820118850688,23433100
2025-03-06,393.8746643066406,399.09468114787944,389.6966277473878,391.28447789138556,23304600
2025-03-07,390.3218688964844,391.80053909690844,382.61091150423107,389.3394000020522,22034100
2025-03-10,377.2717590332031,383.4643412864511,374.3540930979484,382.90859827837613,32840100
2025-03-11,377.5595703125,383.0673924681545,374.0464567305875,376.1205744700273,30380200
2025-03-12,380.3581237792969,382.2933209136247,376.0709676751301,380.0405779726452,24253600
2025-03-13,375.8923034667969,382.3925583494832,374.58235511618193,380.2489652043101,20473000
2025-03-14,385.6079406738281,387.2652662935844,376.6267095180303,376.8946473094157,19952800
2025-03-17,385.7468566894531,389.72637004614455,382.6406320765131,383.7620517263702,22474300
2025-03-18,380.60626220703125,384.4270185548343,378.20466469862436,384.1293098672553,19486900
2025-03-19,384.8735656738281,386.719419886704,381.0825806498319,382.60095534567967,19185500
2025-03-20,383.9010314941406,388.81343664918575,380.3680805381929,382.80938253905003,18470500
2025-03-21,388.2874450683594,388.76377892625936,379.8916973941909,380.3085198055768,39675900
2025-03-24,390.0935974121094,392.3959786933822,386.84845184017416,392.3959786933822,21004500
2025-03-25,392.1578063964844,393.34867131877104,389.65696280253144,390.9272368910712,15775000
2025-03-26,387.0072326660156,392.30665877239477,385.61787512073846,391.99901639757354,16108400
2025-03-27,387.6125793457031,389.259971232933,384.4567464670721,387.1660163642304,13766800
2025-03-28,375.9220886230469,386.1736243280803,374.0663006272135,385.13158343812927,21632000
2025-03-31,372.5379943847656,374.20522334023684,364.449889664545,369.7096411618319,35184700
2025-04-01,379.2863464355469,379.9413357760227,370.3944277527412,371.80362246362756,19689500
2025-04-02,379.2367248535156,382.1543604865691,373.7586433966847,375.0983928958324,16092600
2025-04-03,370.2752990722656,374.61212363444304,366.54388609690864,371.9425583652147,30198000
2025-04-04,357.10614013671875,371.74407816646067,356.74888974568233,361.363555677575,49209900
2025-04-07,355.14117431640625,368.1813588125757,342.17049555544185,348.2142236601539,50425000
2025-04-08,351.8662414550781,370.8112022714622,347.5889889390993,365.46216834014683,35868900
2025-04-09,387.52325439453125,390.24245792204835,350.41733953240174,350.85399906862426,50199700
2025-04-10,378.4527282714844,380.9833427250372,365.0056552003408,379.1573256201752,38024400
2025-04-11,385.498779296875,387.0865991344375,376.0114134245454,377.7481178718862,23839200
2025-04-14,384.8636474609375,391.651677567929,381.29099206627785,390.23254912743425,19251200
2025-04-15,382.7994384765625,388.9126416904877,381.24135923720473,385.5583162962043,17199900
2025-04-16,368.7867126464844,378.71073856569086,365.2041538267982,377.7779079921512,21967800
2025-04-17,364.9858093261719,371.4761304955969,364.10258680355696,370.9104537724408,21120200
2025-04-21,356.3916015625,361.71089501866106,352.9678309109542,360.0635031391147,20807300
2025-04-22,364.0331115722656,364.9758758256959,357.12596800122816,360.6192443688487,19485000
2025-04-23,371.5456237792969,377.50003937654276,370.18600677791767,373.20291916052497,20545500
2025-04-24,384.3575134277344,385.49880064204365,372.33953252384407,372.84566753938213,22232300
2025-04-25,388.8729553222656,389.1805976978566,381.67803664886475,384.05979677325973,18973200
2025-04-28,388.188232421875,389.75621531633243,383.7025832518253,388.982142444383,16579400
2025-04-29,391.0462951660156,392.0982394081848,387.41409832984397,388.3270916828822,14974000
2025-04-30,392.2570495605469,393.6464071015826,381.5192464831796,387.3347110069874,36461100
2025-05-01,422.16802978515625,433.669971462135,421.67182852064957,427.8346397458207,58938100
2025-05-02,431.9729919433594,436.1013902925972,426.7231738378541,428.4598783453456,30757400
2025-05-05,432.856201171875,436.1608880903925,428.8270192574835,429.581254830481,20136100
2025-05-06,430.0179443359375,434.4043769104007,427.8942186382879,428.91639204817295,15104200
2025-05-07,430.0576477050781,434.79139692835327,427.83464541633373,430.54391525930873,23295300
2025-05-08,434.8410339355469,440.29924790125443,432.3500938706748,434.60283673184324,23491300
2025-05-09,435.3967590332031,437.3914674607305,432.5684058555715,436.6570993033328,15324200
2025-05-12,445.8467712402344,445.9559209816134,436.43878433354007,442.551987565255,22821900
2025-05-13,445.72772216796875,447.24609694771215,441.9764112331301,444.37803887168343,23618800
2025-05-14,449.4988098144531,450.45150777480933,444.73528972695,444.73528972695,19902800
2025-05-15,450.5129089355469,453.5552331837817,447.8284909088357,448.1665235651595,21992300
2025-05-16,451.6463623046875,451.735838870633,446.13838030321216,449.4391826540583,23849800
2025-05-19,456.2197570800781,456.9355998797858,448.1963586877965,448.27591363294266,21336500
2025-05-20,455.5238342285156,455.69283539558984,451.69606398891386,452.9587181303489,15441800
2025-05-21,449.9561462402344,455.1360468945702,449.2005259832327,451.944595050179,19216900
2025-05-22,452.2329406738281,457.5918252828005,451.27849365115543,452.32244757902833,18025600
2025-05-23,447.5799560546875,451.06969358680703,446.3173019248347,447.3811293692874,16883500
2025-05-27,458.02923583984375,458.2877438900054,453.48562310372705,453.8435596609756,20974300
2025-05-28,454.7184753417969,459.84867709346275,454.2909661144885,458.55619745791415,17086300
2025-05-29,456.0308837890625,459.05333474747385,452.68035209769624,458.884303233251,13974800
2025-05-30,457.7011413574219,459.0135248792732,452.90900269221845,457.0648535034259,34770500
2025-06-02,459.3018798828125,459.44105553120437,454.2512329224997,454.49978904014216,16626500
2025-06-03,460.29608154296875,461.4593374660713,458.19825223653834,458.8047449110186,15743800
2025-06-04,461.19085693359375,463.0003525817652,460.3457601448262,461.32011095722316,14162700
2025-06-05,464.9788513183594,466.937474562979,461.34993839523827,462.27455978783877,20131700
2025-06-06,467.66326904296875,470.60616471423765,466.0725039656027,467.3749354769993,15285600
2025-06-09,470.0196228027344,470.69568816704816,465.9134708467471,466.98725027602023,16469900
2025-06-10,468.2001953125,470.06931180763127,464.26304461137784,468.4686249933991,15375900
2025-06-11,469.8903503417969,472.72389606625393,466.9474544926898,467.30536072753216,16399200
2025-06-12,476.1042785644531,477.6453447348738,470.78517145354215,472.276508194471,18950600
2025-06-13,472.2168273925781,476.4124557062983,470.0295518485209,473.6584649544854,16814500
2025-06-16,476.3727111816406,477.91374692205306,472.25660744971805,472.4653860858625,15626100
2025-06-17,475.279052734375,475.97499162724574,471.3419021646973,472.65428568792316,15414100
2025-06-18,477.4663391113281,478.2219594008936,471.71972301658775,475.2392860574369,17526500
2025-06-20,474.6427307128906,480.6677282539423,474.11579298541653,479.4448516392065,37576200
2025-06-23,483.1930847167969,484.932977511559,469.7810065395394,475.44806772339973,24864000
2025-06-24,487.279296875,489.0092679302753,483.9884166007436,486.1260232932434,22305600
2025-06-25,489.4268798828125,491.7036624656625,486.56353883181055,489.1982276680394,17495100
2025-06-26,494.57696533203125,495.1635541172166,489.9637493151316,490.13278082199906,21578900
2025-06-27,493.07568359375,496.4162632322767,490.1824867596744,494.6763704185467,34539200
2025-06-30,494.5372009277344,497.86785899517616,492.4691970236715,494.1693427257206,28369000
2025-07-01,489.2081298828125,495.17347659984546,488.14433277768,493.602615314542,19945400
2025-07-02,488.2536926269531,490.6497772469701,485.87751191483574,487.1600396387865,16319600
2025-07-03,495.95892333984375,497.2414813819725,490.59011735274714,490.95797554637323,13984800
2025-07-07,494.84539794921875,495.8694479262707,492.36978876052433,494.50736527479916,13981600
2025-07-08,493.751708984375,495.3226005030518,491.2561960700141,494.36812324816447,11846600
2025-07-09,500.6019592285156,503.8530622357068,496.85371365827956,497.41047691930333,18659500
2025-07-10,498.58367919921875,501.52657502305914,494.87521114411277,500.14458849842043,16492100
2025-07-11,500.4130554199219,502.1131707269345,494.9249170598048,495.59106078877636,16459500
2025-07-14,500.1147766113281,501.05930198422453,498.1362796464767,498.6234399223271,12058800
2025-07-15,502.89862060546875,505.36427783294863,499.88612172349406,500.11477392946824,14927200
2025-07-16,502.69976806640625,503.793421043838,498.99133023831314,502.2623068754336,15154400
2025-07-17,508.7446594238281,510.40499725185873,502.6997578215743,502.75940886082554,17503100
2025-07-18,507.10418701171875,511.6677041033988,504.499323712682,511.50859420333654,21209700
2025-07-21,507.1141052246094,509.132409924825,502.630143381304,503.7834473494323,14066800
2025-07-22,502.3517761230469,508.2475501614973,502.3517761230469,508.01886761548803,13868600
2025-07-23,502.94830322265625,503.8630030405687,497.80817995491657,503.8232255681408,16396600
2025-07-24,507.92938232421875,510.70324664183266,504.370041868975,505.83155299665924,16107000
2025-07-25,510.7430725097656,515.2965768746373,507.41238413754473,509.51018319793565,19125700
2025-07-28,509.5400085449219,512.0255695622142,507.1737496018482,511.1109000989904,14308000
2025-07-29,509.609619140625,514.6304403339567,508.6054427654301,512.5525452747698,16469200
2025-07-30,510.2757263183594,512.9700963143614,506.4976856980785,512.1945721471376,26380400
2025-07-31,530.418701171875,552.2419382207228,528.8279664536001,552.0231773044421,51617300
2025-08-01,521.0829467773438,532.7054326872741,517.8517174087783,531.9100652869249,28977600
2025-08-04,532.5464477539062,535.1413592423181,525.0798117410876,525.2190177406763,25349000
2025-08-05,524.7019653320312,534.196796907337,524.1949011418618,534.0774948252555,19171600
2025-08-06,521.908203125,528.6291703469228,521.0034855448089,527.8338028961505,21355700
2025-08-07,517.8319091796875,525.0400367197672,514.5608717763297,523.757448292983,16079100
2025-08-08,519.02490234375,521.6297655095517,516.4100872243725,519.5816656001966,15531000
2025-08-11,518.7564697265625,524.542862850504,516.7182612189127,519.2833770884752,20194400
2025-08-12,526.183349609375,527.9132904806338,519.6811434112465,520.7250669698358,18667000
2025-08-13,517.5734252929688,529.6234217995657,516.3703917601634,529.0368026236954,19619200
2025-08-14,519.46240234375,522.9123929469488,517.13595097363,519.5419572956574,20269100
2025-08-15,517.1657104492188,523.0614541020369,516.0820397908819,519.7507304052322,25213300
2025-08-18,514.1134033203125,519.8003983365775,511.0512359172718,518.5775217659684,23760600
2025-08-19,506.8258056640625,512.1846598699071,505.61285057663105,512.0256106523992,21481000
2025-08-20,502.7992248535156,508.0487290990465,501.526618683124,506.92525053820776,27723000
2025-08-21,502.15185546875,505.5278315490841,500.6381609615915,501.6041452591809,18443300
2025-08-22,505.1295166015625,508.6150227226763,500.32946944945456,502.1618461633245,24324200
2025-08-25,502.17181396484375,506.0855321115255,502.0323791323648,504.5319946732823,21638600
2025-08-26,499.96099853515625,502.88882606141556,496.4456179190968,502.2713680297872,30835700
2025-08-27,504.64154052734375,505.18928116929357,497.82986914621193,499.92117896114246,17277900
2025-08-28,507.529541015625,508.9735181763212,503.406670609209,504.99008260275673,18015600
2025-08-29,504.59173583984375,507.4896888132377,502.40083415821226,506.5535790393771,20961600
2025-09-02,503.0282287597656,503.90458943006223,494.75264396148896,498.3974910813857,18128000
2025-09-03,503.2572937011719,505.68719181229375,500.2398424947412,501.70375627159575,16345100
2025-09-04,505.866455078125,506.04570238922344,501.0664078062513,502.2116394820944,15509500
2025-09-05,492.9501647949219,509.8498918622262,490.3310509759443,506.9619070760115,31994800
2025-09-08,496.13690185546875,499.1244784694731,492.9800158612091,496.04724781279185,16771000
2025-09-09,496.34600830078125,500.17010260105087,495.6389570336189,499.3534910580183,14410500
2025-09-10,498.29791259765625,501.1460848531792,494.6630336933239,500.8971201283455,21611800
2025-09-11,498.9352722167969,501.08633106619584,495.8182290284252,500.17012751524385,18881600
2025-09-12,507.7884521484375,510.42747218178897,501.7635178992086,504.55191069082485,23624900
2025-09-15,513.225830078125,513.3353599697668,504.9004642300766,506.68306017742736,17143800
2025-09-16,506.9320068359375,515.0880630075219,506.4938265025834,514.7395367165727,19711900
2025-09-17,507.9079284667969,509.1726886784055,503.8348693472275,508.5054498653079,15816600
2025-09-18,506.3444519042969,510.9453149965379,505.55771489166153,509.37184097126715,18913700
2025-09-19,515.7852172851562,517.1495391803752,508.19677696926453,508.44574170609144,52474100
2025-09-22,512.3196411132812,515.5959951267806,510.41751650985566,513.4549348866175,20009300
2025-09-23,507.1212463378906,512.4590659268906,505.2091838485409,511.67229848312854,19799600
2025-09-24,508.0373840332031,510.35772177145367,504.82077941210207,508.26644250853604,13533700
2025-09-25,504.9303283691406,507.89799878212006,502.94857891661616,506.1950582100621,15786500
2025-09-26,509.3419494628906,511.8116903059077,504.52199636524745,507.9477531769938,16213100
2025-09-29,512.4689331054688,514.7096154882738,506.77264973451184,509.3817950243417,17617800
2025-09-30,515.8051147460938,516.0142062084105,507.54943619028296,511.11459757878936,19728200
2025-10-01,517.5578002929688,518.3544751787417,509.5709932440202,512.6680995330014,22632300
2025-10-02,513.6041870117188,519.4399047558908,508.56514411884206,515.4963429681408,21222900
2025-10-03,515.20751953125,518.3345307125708,512.8672756929882,514.9585548343116,15112300
2025-10-06,526.3811645507812,528.8309994124726,516.0541122577388,516.4623876768178,21388600
2025-10-07,521.8101196289062,527.6060256392368,519.2806599401652,526.1022689962125,14615200
2025-10-08,522.676513671875,524.7678538085896,520.923853084141,521.1130687043808,13363400
2025-10-09,520.2366943359375,522.158694647609,515.2574000210162,520.1769452354545,18343600
2025-10-10,508.84405517578125,521.4118200258811,507.5195762105422,517.4881335274953,24133800
2025-10-13,511.9212646484375,514.2714771071726,509.56108387533754,514.2714771071726,14284200
2025-10-14,511.4432067871094,513.146147202046,503.9045484424133,508.1170420708167,14684300
2025-10-15,511.3038330078125,515.0482722356254,507.88804423946306,512.8275263160849,14694700
2025-10-16,509.4913330078125,514.7096236704256,506.02576365101777,510.4573477017149,15559600
2025-10-17,511.4532165527344,513.3453119402852,505.20916197429216,506.9320087638593,19867800
2025-10-20,514.6498413085938,516.5519656323323,511.30377036778043,512.4788764440519,14665600
2025-10-21,515.5162963867188,516.5420602391357,510.91543308707116,515.3569857054445,15586200
2025-10-22,518.3843383789062,523.0549187669818,515.566101626736,518.9918584655633,18962700
2025-10-23,518.404296875,521.7802730707533,516.4623598997719,520.2964530626382,14023500
2025-10-24,521.441650390625,523.1744351060786,518.5536961256696,520.6250388201142,15532400
2025-10-27,529.3189697265625,532.3662956890146,526.819354031342,529.577902779321,18734700
2025-10-28,539.8251953125,551.4269140414981,538.5305910090683,547.722348424072,29986700
2025-10-29,539.3073120117188,544.0077970763692,534.5072653816836,542.6832878753321,36023000
2025-10-30,523.582763671875,532.7545848667123,519.9578228356851,528.2831883129468,41023100
2025-10-31,515.6656494140625,527.1279940743384,512.9668501497666,526.6898137654194,34006400
2025-11-03,514.888916015625,522.7860691817526,512.4590180581705,517.657371934483,22374700
2025-11-04,512.2001342773438,513.4150529816625,505.73698923396887,509.6407695643784,20958700
2025-11-05,505.0597839355469,512.6980347767452,504.4821687767013,511.17434154282535,23024300
2025-11-06,495.04144287109375,503.6058351018555,493.75677643867937,503.5659922381216,27406500
2025-11-07,494.7626037597656,497.31199999791255,491.2073803526309,494.89207027354036,24019800
2025-11-10,503.90460205078125,504.7510881917551,496.73440583349895,497.96929153220975,26101500
2025-11-11,506.573486328125,507.48968986721945,500.26971300797675,502.70954902224156,17980000
2025-11-12,509.0233154296875,509.5511194130969,497.05307240824305,507.2506574723947,26574900
2025-11-13,501.205810546875,511.3735209246628,499.2140928412288,508.1967287528611,25273100
2025-11-14,508.0672912597656,509.48142428367663,495.3800584752997,496.16679552350377,28505700
2025-11-17,505.388427734375,509.9992593431845,502.8191251226507,506.34447416817187,19092800
2025-11-18,491.74517822265625,500.89712400975867,484.76419755903834,493.31862192366924,33815100
2025-11-19,485.102783203125,493.13937183157236,480.8305400064438,488.070453670226,23245300
2025-11-20,477.3404846191406,492.4460215630244,474.41716428973194,491.5879641710541,26802500
2025-11-21,471.04486083984375,477.8293938228302,467.20362215472323,477.4103368698009,31769200
2025-11-24,472.92059326171875,475.8139832068258,466.9542001322548,473.9183160323131,34421000
2025-11-25,475.90374755859375,478.0588322743821,463.8313270788984,472.9904142849383,28019800
2025-11-26,484.3943786621094,487.1979770584782,480.10418316215106,485.2025316262965,25709100
2025-11-28,490.88958740234375,491.5081706450152,485.54177754838196,486.48962635446395,14386700
2025-12-01,485.6315612792969,488.7444513856018,483.5463243869077,487.32770213243884,23964000
2025-12-02,488.8841552734375,492.3761849539621,485.2125428025972,485.6116258193264,19562700
2025-12-03,476.64208984375,483.13724409881166,474.1178525596479,475.23529714339696,34615100
2025-12-04,479.7449951171875,480.2239129901724,475.40489514051177,478.6674679630734,22318200
2025-12-05,482.0597229003906,482.299166614698,477.78947078944657,481.4211657314621,22608700
2025-12-08,489.9018249511719,491.17890888246444,483.2769615726175,483.7858099301447,21965900
2025-12-09,490.8995361328125,490.99931449735556,487.3875630167038,487.9862027558801,14696100
2025-12-10,477.4701843261719,483.14722906115725,473.99809828560024,482.92772884397027,35756200
2025-12-11,482.3690185546875,484.92318635563356,474.7763326037194,475.5445986070271,24669200
2025-12-12,477.4402770996094,481.3513637649093,475.2552617920193,478.72734800157895,21248100
2025-12-15,473.73870849609375,479.6252664455081,471.44392797474177,479.0066832317436,23727700
2025-12-16,475.3051452636719,476.80172935648005,469.8076832860371,470.8353364785088,20705600
2025-12-17,475.0357360839844,478.9069051052783,473.9182915104317,475.8239455574328,24527200
2025-12-18,482.87786865234375,488.4850656489584,476.8017407441929,477.10104539067044,28573500
2025-12-19,484.8134460449219,486.73904362092316,481.39123391446003,486.2501387748106,70836100
2025-12-22,483.81573486328125,487.6170561484318,481.5908021440126,485.01298390813173,16963000
2025-12-23,485.7413330078125,486.71908182827985,483.63612214595605,483.8755963136496,14683600
2025-12-24,486.90863037109375,488.04604888584674,483.7258924615979,484.5739628623746,5855900
2025-12-26,486.599365234375,487.00843522519267,484.85335038112265,485.601642461088,8842200
2025-12-29,485.9907531738281,487.23790659993216,483.0773893732932,483.7558335295542,10893400
2025-12-30,486.3699035644531,488.56487537463653,484.39440153201394,484.82341501264875,13944500
2025-12-31,482.5186767578125,487.0284031238816,482.1993981667827,486.7290680267604,15601600
2026-01-02,471.8630065917969,483.5563186075122,469.0893385249197,483.2869444224563,25571600
2026-01-05,471.773193359375,474.9858617296903,468.4308161640092,472.98042932285466,25250300
2026-01-06,477.4203186035156,477.64977534720424,468.68025764779384,472.72102257015473,23037700
2026-01-07,482.3690185546875,488.5848422406915,476.86159994291296,478.6674756822987,25564200
2026-01-08,477.0212097167969,481.5608665012806,474.7763335277468,480.14408679814625,18162600
2026-01-09,478.1885681152344,478.72734693664125,471.1247042989064,472.9804540365218,18491000
2026-01-12,476.09332275390625,479.89464390147504,474.59673866594744,475.5845048686955,23519900
2026-01-13,469.5981750488281,474.6965236309785,464.888922501957,473.5990225282599,28545800
2026-01-14,458.3338928222656,467.13381499707015,456.1289340170423,465.39775666549855,28184300
2026-01-15,455.6200866699219,463.1927988881192,454.8618076165624,463.0630900555096,23225800
2026-01-16,458.8127746582031,462.13520850615447,455.4404972994736,456.78739866953146,34246700
2026-01-20,453.48492431640625,455.7597309230742,448.2568669541529,450.1924514863621,26130000
2026-01-21,443.0986328125,451.65911099901973,437.68100562513575,451.56931960591265,37980500
2026-01-22,450.1126403808594,451.8087507279656,443.6873036586902,446.600636936346,25349400
2026-01-23,464.888916015625,470.0271819611143,449.50401819491054,450.8409629929935,38000200
2026-01-26,469.20904541015625,473.1700058760031,460.94790240319116,464.25036221183507,29291200
2026-01-27,479.485595703125,481.7703893732875,472.0825097961169,472.62128861771004,29213900
2026-01-28,480.533203125,482.63838346935967,476.9114647448887,482.10959164059926,36875400
2026-01-29,432.5128173828125,441.49232224197124,420.06122635013605,438.98802836564175,128855300
2026-01-30,429.31011962890625,438.5989157576861,425.47886802078926,438.1699022937122,58566800
2026-02-02,422.4058837890625,429.7590957240154,421.28843915961005,429.2602343395754,42219900
2026-02-03,410.2735595703125,421.0888704228976,407.6296003977664,421.0489834358989,61424100
2026-02-04,413.2467956542969,418.84400576689177,408.3080557741746,410.0640575889883,45012400
2026-02-05,392.7735290527344,407.37018733348754,391.4265972483441,406.51216038211834,66289200
2026-02-06,400.22650146484375,400.87501513504304,392.0252195920243,398.2609865133262,53515300
2026-02-09,412.65814208984375,413.94521298339265,399.9571203178888,403.9280678877113,45480500
2026-02-10,412.328857421875,422.7151545880433,411.76017861216997,418.66440278178237,44857900
2026-02-11,403.4491271972656,415.51159110220135,400.096793508188,415.2322299614449,42491000
2026-02-12,400.9248962402344,405.2749831551046,397.1036315998776,404.07770370563327,40802400
2026-02-13,400.4060974121094,404.61648859375555,397.1435245648219,403.528974460687,34091600
2026-02-17,395.95623779296875,399.60790672873594,393.6315571718042,398.31087932693146,32078800
2026-02-18,398.69000244140625,401.6432531481791,395.41747315874426,397.2233488345012,23223400
2026-02-19,398.4599914550781,404.42999267578125,396.6700134277344,400.69000244140625,28234000
2026-02-20,397.2300109863281,400.1199951171875,395.1600036621094,396.1099853515625,34015200
2026-02-23,384.4700012207031,395.3599853515625,383.1000061035156,395.0,43238300
2026-02-24,389.0,389.3599853515625,381.7099914550781,384.1400146484375,33884700
2026-02-25,400.6000061035156,401.4700012207031,390.1600036621094,390.5299987792969,43625500
2026-02-26,401.7200012207031,407.489990234375,398.739990234375,404.7099914550781,34405900
2026-02-27,392.739990234375,396.82000732421875,389.8800048828125,390.8800048828125,51367200
2026-03-02,398.54998779296875,401.19000244140625,390.6300048828125,392.8599853515625,35474900
2026-03-03,403.92999267578125,406.70001220703125,392.6700134277344,393.1400146484375,38199200
2026-03-04,405.20001220703125,411.0299987792969,400.30999755859375,401.2699890136719,35808000
2026-03-05,410.67999267578125,411.6099853515625,404.3999938964844,404.4200134277344,39001300
2026-03-06,408.9599914550781,413.04998779296875,408.510009765625,409.20001220703125,31123900
2026-03-09,409.4100036621094,410.2099914550781,403.5,404.9200134277344,30131900
2026-03-10,405.760009765625,410.20001220703125,402.92999267578125,410.0299987792969,31706400
2026-03-11,404.8800048828125,409.010009765625,401.5899963378906,405.57000732421875,25512100
2026-03-12,401.8599853515625,406.1199951171875,401.7099914550781,404.6300048828125,27263900
2026-03-13,395.54998779296875,404.79998779296875,394.25,400.7200012207031,26350249
