Date,Close,High,Low,Open,Volume
2019-01-02,126.3294448852539,127.108793903441,123.17406751219607,123.55422856844386,8788000
2019-01-03,121.77694702148438,124.7707550698101,121.53933549663046,124.70423341431221,9428300
2019-01-04,127.02326202392578,127.91665657589527,123.67780368330445,123.97243071592916,11065800
2019-01-07,129.31373596191406,130.36869942230035,127.39388954255439,127.78356399688913,12928000
2019-01-08,130.0170440673828,131.33812307225082,129.21869729513423,131.12903017920303,9243000
2019-01-09,131.54722595214844,132.56416464352873,130.7963883695076,131.44267949768755,9987600
2019-01-10,131.7943572998047,131.93692858753386,129.59889578960787,130.02658064836297,12514900
2019-01-11,131.21458435058594,131.72781771304213,130.59681902778547,130.9199573657976,5860100
2019-01-14,130.3021697998047,131.2810980992841,129.87447057003004,130.19762335509273,8666700
2019-01-15,130.53030395507812,130.8914671572082,128.54393534779572,130.1691552551646,7594900
2019-01-16,130.53030395507812,131.98444121325295,130.27370173461193,131.5377439376341,7258000
2019-01-17,130.47329711914062,131.0720647108701,129.81750680481184,130.17867005089863,5864900
2019-01-18,131.63279724121094,131.72784477295792,129.86502046712476,131.45221563222202,10263500
2019-01-22,131.20509338378906,132.6022077856216,130.1881400495481,131.06252210678088,8102300
2019-01-23,130.21664428710938,132.0889671722013,129.39928498446918,131.88938769839967,5465800
2019-01-24,130.87242126464844,131.46168968085442,129.75093613773092,130.31167870118966,4924800
2019-01-25,131.7943572998047,132.96336644765955,130.87245141424432,132.1079967301494,9756300
2019-01-28,129.24722290039062,130.6918464088886,128.12572321377354,130.6918464088886,9857200
2019-01-29,128.3063201904297,129.912527556131,127.46044947444805,129.81748003658527,7457700
2019-01-30,130.7773895263672,131.06250303446336,128.79100690594797,129.35176397703418,8078100
2019-01-31,128.31581115722656,129.00011264917305,126.69060599051451,127.7265571789116,20095700
2019-02-01,133.20095825195312,133.39105328441048,128.55341895178213,128.67697782243644,13248300
2019-02-04,134.48399353027344,134.50300592920075,132.27901932546482,132.8587742239523,11882700
2019-02-05,135.4629364013672,135.8621098086204,134.7976473892785,134.95921654205625,8455700
2019-02-06,134.47451782226562,135.3583987452893,134.05633198685985,134.92121500988418,6146900
2019-02-07,133.21998596191406,134.06585674556186,132.3075935110351,132.98238164625775,10675300
2019-02-08,133.41957092285156,133.4385688252202,131.65179435412648,131.81336353755322,5950700
2019-02-11,133.81875610351562,135.23486857119187,133.48610425418374,134.25593993165924,7600100
2019-02-12,134.94976806640625,135.7196038184856,134.2464539893097,134.75967298995656,6090000
2019-02-13,136.37535095214844,137.5253474886197,135.7860825057004,135.80509490776998,6885600
2019-02-14,136.29922485351562,136.60388166660346,135.5756376833149,136.12784359253632,6314000
2019-02-15,137.96531677246094,137.96531677246094,136.92755756855843,137.6225688807333,6536000
2019-02-19,137.51785278320312,137.93676852634084,137.11798262680605,137.49880719646245,8406700
2019-02-20,137.79396057128906,137.89868951631118,136.64195670357316,137.43218155646233,5283100
2019-02-21,137.09896850585938,138.079605798942,136.31825907309798,137.43220097643402,8573400
2019-02-22,138.8793182373047,139.2696728748215,137.49881097495597,137.49881097495597,9680800
2019-02-25,139.06021118164062,140.14557718548338,138.82219219371436,139.8694815516004,9731200
2019-02-26,139.99322509765625,140.33597298109888,138.07004236100124,138.24140903896034,7332500
2019-02-27,140.16464233398438,140.4217069445287,138.9269405185255,139.47914639088495,9731200
2019-02-28,141.02146911621094,141.68793382785725,140.17412219764364,140.2026833107114,6250200
2019-03-01,142.30673217773438,142.7446787908825,141.26897332536188,142.29721665223806,7016800
2019-03-04,140.86911010742188,142.9922345966582,139.90750446787533,142.87799017513603,6979700
2019-03-05,140.8595428466797,142.1353203084226,140.74529845533456,140.9071495189124,9678600
2019-03-06,140.72633361816406,141.4023138856504,140.35502460574907,140.907230359922,8186400
2019-03-07,139.79330444335938,140.72633474632627,139.04115635607548,140.2026901021777,8761700
2019-03-08,140.2883758544922,140.41213583058186,137.57495399581433,138.4699075780456,5168100
2019-03-11,143.4492950439453,143.7349207611331,140.92629935176248,141.0119827086606,9361500
2019-03-12,144.45848083496094,145.80091142044523,143.63969493113996,143.763469454313,9465100
2019-03-13,145.1630096435547,146.6577612111393,144.75360946349906,145.00115848830825,8308900
2019-03-14,146.81005859375,147.27658088030245,145.00112071572744,145.24865514852934,9364900
2019-03-15,148.00973510742188,149.30455899389293,146.0103697807665,146.35311770740668,20162000
2019-03-18,147.53367614746094,148.9141831873953,147.01954706684936,148.4476608035106,9689400
2019-03-19,147.18141174316406,148.47623556452956,146.75298048828753,148.47623556452956,9236100
2019-03-20,146.38165283203125,147.4479730688944,145.3915004017331,146.94337406198426,6391400
2019-03-21,148.3334197998047,149.17123666606224,145.96274571195744,145.97227576803874,7027100
2019-03-22,145.73423767089844,148.21914135772275,145.5247798499556,147.5622213129721,8119800
2019-03-25,145.69615173339844,146.67678859957317,144.27755362748903,145.0582627203786,7568000
2019-03-26,147.85739135742188,148.14301703521014,146.4007163809798,146.4007163809798,15594400
2019-03-27,146.8291473388672,148.39055124311002,146.01036147886634,148.019242220989,12253800
2019-03-28,147.257568359375,147.64792294019497,146.24837029385947,147.50510284774833,16902200
2019-03-29,148.70474243164062,148.7999413085096,147.5051174573795,148.2667811099606,12164400
2019-04-01,149.72348022460938,150.17095714774018,149.04751433819692,149.98054483582942,6420100
2019-04-02,150.2185516357422,150.57081511049319,149.2379145080351,150.10430716339636,6215100
2019-04-03,150.86598205566406,151.48482569676256,150.28521506565994,150.9516654162725,8209300
2019-04-04,150.0852813720703,151.0849642195377,149.02847628089543,150.93262855129854,5100200
2019-04-05,150.0948028564453,151.0278479657693,149.69493260710482,150.4280353279938,4178300
2019-04-08,150.19000244140625,150.28521586093822,148.82854061277374,149.99959012987048,5604700
2019-04-09,149.9424285888672,150.41846650669993,148.97130716878158,149.05699050738562,6364100
2019-04-10,150.96119689941406,151.1706548213871,149.9710440635202,150.41852103068723,3918600
2019-04-11,150.294677734375,151.66566913201265,149.89480766465118,151.4847724160017,5771400
2019-04-12,151.9894256591797,151.9894256591797,150.29473138973762,151.1040018731633,6745100
2019-04-15,152.7511444091797,152.78922107417912,151.56104887436314,152.17037720708785,8142800
2019-04-16,152.55111694335938,153.37943285265527,151.903712306464,153.32229609570103,6021400
2019-04-17,152.7511444091797,153.3509572075379,152.6273698247481,153.16053029994055,4609100
2019-04-18,152.4844970703125,153.37945084307273,151.38008541339445,153.2175851373378,7859400
2019-04-22,152.71298217773438,152.78914999983496,151.44673390195138,151.570493901279,4602600
2019-04-23,153.91265869140625,154.12211664035289,152.20843397293413,153.28428484456632,6522900
2019-04-24,153.75079345703125,154.26490822191002,152.9510383941207,153.9983280434499,7376500
2019-04-25,153.3032989501953,153.85550483603905,150.95166980165752,152.82726089628125,8862500
2019-04-26,155.12171936035156,155.2169327613289,152.71296849638335,153.53175435120232,7525400
2019-04-29,156.2832489013672,156.61648126826708,155.28358085571733,155.38830978295516,10003600
2019-04-30,156.54983520507812,157.75897568077912,156.06428171996615,157.07347986207662,6432700
2019-05-01,154.98843383789062,157.79706944589626,154.95035719290385,157.60664263838515,5248100
2019-05-02,153.39840698242188,155.26448144055104,152.741472532736,154.3314514752464,6054900
2019-05-03,154.27439880371094,154.94086366960553,153.4556128087095,154.5219478776242,4317500
2019-05-06,154.50289916992188,154.85516265719198,150.61842716931596,150.62795722736814,10442400
2019-05-07,152.53211975097656,154.02687168716432,151.07542993949178,153.23664677372258,6413600
2019-05-08,153.0557098388672,153.95066347059043,151.87514507150863,152.11316403622118,5445900
2019-05-09,152.15130615234375,152.18939733850303,149.63782538447674,151.2468366027288,6813700
2019-05-10,153.00816345214844,153.66508378820282,149.73301919328716,151.24681677522264,5192500
2019-05-13,149.7900848388672,151.11346959751603,148.92369238882821,149.65679481020916,9730000
2019-05-14,152.53211975097656,153.77933712883848,150.37090291674576,150.52323858072867,9756700
2019-05-15,154.98843383789062,155.34071180976557,151.47528586871232,151.68474373495394,7547000
2019-05-16,157.21022033691406,157.9063153900342,155.29360913624618,155.85619454914575,9745500
2019-05-17,156.46641540527344,157.52484565986214,155.6177651687019,155.70358029883545,4582500
2019-05-20,155.87521362304688,157.0862137196625,154.78817840518033,155.76079345796674,4747400
2019-05-21,156.24708557128906,157.20062569694082,155.6082154330865,156.93363562574774,9095700
2019-05-22,156.60946655273438,157.93488700841337,155.85616155605703,155.99920133321032,5416400
2019-05-23,154.00625610351562,156.61896121191313,153.34832565729926,155.90380613788614,6138000
2019-05-24,155.0837860107422,155.81801607878097,154.20653072484436,155.18867602046203,4105600
2019-05-28,156.10406494140625,158.06835532976294,155.74171502709532,155.80845527191318,10202300
2019-05-29,155.1696319580078,155.90386217186406,153.97770640623514,155.71315699355492,6456000
2019-05-30,155.1982421875,155.903867375656,154.41634656537252,155.23639195435865,4750600
2019-05-31,153.8346405029297,154.59747556442858,153.10041048312348,153.4341553693632,5079000
2019-06-03,151.2314910888672,155.26496231558167,149.46743578753532,154.0348872319869,8034600
2019-06-04,154.78819274902344,154.8263279576279,151.27915701275185,152.84296246319087,6684800
2019-06-05,157.7060089111328,157.71553907492716,155.13145334942473,155.9038185629503,7769300
2019-06-06,159.16494750976562,159.62264278664517,157.27694176150086,158.17327198488155,13738500
2019-06-07,162.14956665039062,163.6370875181477,160.00410050269326,160.1948056947361,10528800
2019-06-10,162.8837432861328,164.02798861150993,162.5881336034441,163.85634381027558,7565900
2019-06-11,162.39749145507812,164.18060765740216,160.5953003674707,163.96129740120372,6082900
2019-06-12,163.61798095703125,163.64658600280598,161.81579032387012,162.46420531112884,6772000
2019-06-13,161.4820556640625,164.19963678979857,160.88132061895848,164.14242669976397,6901400
2019-06-14,161.7776641845703,162.71212968197696,160.99575408989327,161.88255420824964,4999900
2019-06-17,161.68228149414062,162.50232668622638,161.17690632865552,161.8443815896859,6410200
2019-06-18,161.41526794433594,162.74068810939093,159.76564763528012,162.72161323331227,6969300
2019-06-19,162.7598114013672,163.24611176202743,161.34857569896116,161.5202059851218,6323900
2019-06-20,165.66812133789062,165.85882651597868,163.77057062371418,164.49525612039778,11474100
2019-06-21,165.38204956054688,166.6883952546145,165.11505941212243,165.21994943828003,11728200
2019-06-24,165.77294921875,166.6120545977248,164.69544426920243,166.48810428086736,5554900
2019-06-25,163.32232666015625,166.81228647998694,162.6643817457774,166.68832162659226,9899900
2019-06-26,163.11264038085938,164.38085102899993,162.8837999660738,163.42731050106332,7129900
2019-06-27,163.27468872070312,164.3903290384329,162.40697817349275,164.12333893931137,5873400
2019-06-28,165.48687744140625,165.48687744140625,162.59765227390469,163.97075226437403,8442700
2019-07-01,165.85882568359375,167.38448165051398,164.71458007093548,167.18424630698178,6103200
2019-07-02,167.1365203857422,167.1746701405945,165.24851491686834,166.011349965362,5238100
2019-07-03,168.6527099609375,168.76714471918163,167.55614416439226,167.82313435050546,4066600
2019-07-05,168.45240783691406,168.80521303948467,166.40228776689563,167.6895728003925,5840400
2019-07-08,168.00425720214844,168.40474235693685,167.25095226467283,168.10914721053607,6720300
2019-07-09,169.4727020263672,169.62527195605625,167.15560623742536,167.2795565741621,4894300
2019-07-10,170.97930908203125,171.88516945820695,170.28322873611145,170.28322873611145,5110600
2019-07-11,172.3429412841797,172.53364650305954,171.122410423498,171.75173619081394,6986600
2019-07-12,171.9519500732422,172.92456540043003,170.60745455475788,172.92456540043003,7196700
2019-07-15,172.18072509765625,172.65749509852495,171.57999024060464,172.1711803857248,4490400
2019-07-16,170.97930908203125,172.4763743388691,170.42625396134488,171.99005947333487,6800200
2019-07-17,170.82675170898438,171.8375167245167,170.693256638989,171.21770675321062,3994200
2019-07-18,172.1426544189453,172.22846956655087,170.28325347146273,170.3309334034233,4736300
2019-07-19,170.9125518798828,173.3917476872803,170.81719203926917,173.3917476872803,5327100
2019-07-22,172.18072509765625,172.5716654404706,170.8171553292416,171.29392533011028,4862100
2019-07-23,172.49545288085938,172.8482727234693,170.74094203336213,172.4859227147944,7193000
2019-07-24,174.81256103515625,174.9079063440099,170.9221145070857,172.39056030230208,8169300
2019-07-25,173.15341186523438,175.4419177417923,172.87689152862689,175.32748299054694,6085800
2019-07-26,175.15582275390625,175.27978765078905,173.74458716196347,173.9352923149497,5056300
2019-07-29,174.69813537597656,175.5181806657803,174.240425528269,175.34653583542217,4621800
2019-07-30,173.0961456298828,174.86020076161697,172.8482304240167,174.05921596214898,5236600
2019-07-31,169.7301788330078,173.59202008159818,167.8803082638148,173.34409028374503,7981200
2019-08-01,170.8457794189453,173.9257098940851,169.892239310864,170.86485429506982,8417300
2019-08-02,169.17710876464844,169.98762379400912,166.5739479660269,169.73016385352628,8264600
2019-08-05,161.01483154296875,165.4392583899619,159.2221709459543,164.01847796468218,16858300
2019-08-06,164.46664428710938,164.91480943955983,162.22583307472888,163.8086990824535,10281300
2019-08-07,167.17471313476562,167.56565364839966,162.42607137531266,163.5321817526057,8292800
2019-08-08,171.54190063476562,171.5895805615421,168.36662411961808,169.21527443670436,7602800
2019-08-09,170.73143005371094,171.73265049231406,169.58718435953884,171.32262050989397,5373700
2019-08-12,168.14727783203125,170.34995339822504,167.44166738564095,169.19617788729923,7394400
2019-08-13,170.3118133544922,170.60740848443535,166.11624235231886,166.28787260201415,6667700
2019-08-14,165.44876098632812,169.01500670424656,165.1150306339,168.0519363045618,7293500
2019-08-15,168.3230743408203,169.03926145544978,165.69705492051233,166.40368354826032,6698000
2019-08-16,170.19467163085938,170.69123202203744,169.21110933368803,169.9750450345324,8312200
2019-08-19,171.63665771484375,172.28599379237107,170.0896834303317,172.28599379237107,5285000
2019-08-20,171.15916442871094,172.48649720486242,170.4429773645099,171.3405862454502,3793600
2019-08-21,172.7825469970703,173.49873417789988,172.11410854246918,172.5438179367938,3695900
2019-08-22,171.97084045410156,174.1098578071725,170.55756867716264,173.7469850191065,6659900
2019-08-23,167.32997131347656,172.36238405806125,166.38461354621302,171.45521652982356,7051900
2019-08-26,169.5835723876953,169.65996743576997,167.4445693250672,168.45677821304164,7754400
2019-08-27,170.33795166015625,171.1114314292101,168.9628700392318,170.28065902109515,4022100
2019-08-28,170.6148681640625,170.92044832857053,168.0938900903281,169.01061601298798,4401900
2019-08-29,173.00216674804688,173.2122494783749,171.22602202764213,172.26687719189877,4679200
2019-08-30,172.66790771484375,173.96657940860206,171.569745638465,173.78515761905237,4061200
2019-09-03,171.12098693847656,173.07856814058454,171.02550405719413,172.38148336667444,4644000
2019-09-04,173.5751495361328,173.9857565738391,171.9326922435733,172.7443624009696,4154800
2019-09-05,176.40164184570312,177.30880919964764,175.11251389142294,175.44672577400095,6386800
2019-09-06,177.36611938476562,178.29238915555516,176.22976690900137,176.41120329701258,7990900
2019-09-09,173.36500549316406,178.61704357735275,171.41696866225496,178.49289983268696,7290500
2019-09-10,168.3994903564453,171.59845112438296,165.97399486644355,171.3215318167483,15255200
2019-09-11,167.0912322998047,169.9082321706355,166.58512788037152,169.4021277512023,9113600
2019-09-12,169.9559783935547,171.32151611388647,168.71458443985253,168.87693301353644,7748800
2019-09-13,169.27798461914062,170.71035879869132,168.08433946951507,170.59575895613997,6103200
2019-09-16,168.17027282714844,169.21112786597857,167.59731734604873,168.2275654610858,4253600
2019-09-17,168.4949493408203,170.22334521623492,167.14851409159115,168.8578221353012,5924700
2019-09-18,167.3872528076172,169.19204382683364,165.0381671360604,169.10610486660067,9542500
2019-09-19,168.02703857421875,169.4116639655497,167.6928121204072,168.25620910632912,6964500
2019-09-20,166.2127227783203,169.62178083887324,166.10768140632067,169.40213960686842,12820400
2019-09-23,167.02439880371094,167.3490668200775,164.99996651801303,165.10500788458634,8803500
2019-09-24,166.61378479003906,169.21115818018149,165.58247348181789,168.170302954882,10039900
2019-09-25,167.377685546875,167.75010222680802,164.6179787209963,165.9644138603167,7797300
2019-09-26,167.7310333251953,168.49496923864444,166.73792683731736,167.7310333251953,10419000
2019-09-27,166.15538024902344,168.85779421651955,164.58931862721192,168.73365047664632,9212600
2019-09-30,164.25509643554688,167.5400098173053,164.25509643554688,166.31771849909686,16464000
2019-10-01,166.43231201171875,166.93843092362033,165.02859882283545,165.21957911874142,8146200
2019-10-02,162.1733856201172,165.1431749554731,160.98928453758876,164.85669724202216,10596200
2019-10-03,165.07635498046875,165.33418642829628,161.02751971227235,162.24981125408988,7242800
2019-10-04,168.046142578125,168.5618054667288,166.5755780957193,166.80474864988602,6027600
2019-10-07,167.01483154296875,167.76922347351234,165.96443250327783,166.78566098856712,5248300
2019-10-08,164.64663696289062,166.76655193171072,164.1309886651961,165.7447992520862,5336500
2019-10-09,166.9957733154297,168.0557310300379,165.81167181460302,166.26048365769,6277300
2019-10-10,166.9957733154297,167.96977748603524,165.76392308368307,166.0504008983358,4762400
2019-10-11,169.07745361328125,171.12097362076344,168.8769293785884,168.89601721084009,8754400
2019-10-14,169.3639373779297,170.3666022995161,169.12520832854554,169.38303978172257,7240900
2019-10-15,170.69129943847656,171.34063556959683,169.54540272005605,170.09925595764722,4400200
2019-10-16,169.85089111328125,170.22330774162702,168.32303437403272,169.89863982375854,6509000
2019-10-17,169.91778564453125,171.1114308571956,169.4976201983351,170.82495309198325,4887900
2019-10-18,167.788330078125,170.16606206476686,166.68062380123212,169.87958429372702,6311900
2019-10-21,168.47584533691406,168.76232308926217,166.73790556216605,168.06523839621065,4898200
2019-10-22,163.15699768066406,169.77456056776708,163.08060262905917,169.02018311082645,10094700
2019-10-23,163.59620666503906,164.40787647564164,162.50758849988804,163.28108265473657,7122300
2019-10-24,168.2180633544922,168.8960457857401,165.58248497142483,165.6015873777727,7872600
2019-10-25,169.83184814453125,171.07322751967004,165.67795694044517,167.04348008144368,10130100
2019-10-28,171.73211669921875,172.05678469279587,170.30930096289262,170.86313950682344,10086500
2019-10-29,169.62179565429688,171.8849427376653,169.37350807832084,171.69396238213022,7572800
2019-10-30,171.168701171875,171.33103515112168,168.4376406986552,169.77451733413517,5374800
2019-10-31,170.79629516601562,171.5984211974098,169.9846106482165,171.1687118642246,6830800
2019-11-01,172.77297973632812,173.14541103947923,171.46474921511842,172.00905843892565,7000200
2019-11-04,170.8822479248047,174.1767058398828,170.74856024210445,173.87114023836708,7154800
2019-11-05,168.41854858398438,171.46473328679642,167.28219608899298,170.99683372123292,7447500
2019-11-06,168.80052185058594,170.15650095423177,168.19892004928002,168.4185466708428,6992500
2019-11-07,170.3856964111328,172.50561161345186,168.8769415857886,169.35439970215117,7227200
2019-11-08,170.90133666992188,171.35969232099615,169.78408657431768,170.33793966434482,3894100
2019-11-11,171.4456024169922,172.2286404861926,170.16601854722958,170.45249624500684,3617300
2019-11-12,171.63665771484375,172.89713962981222,170.81542912976352,171.8276380570067,6118700
2019-11-13,171.32151794433594,172.72524591585525,169.87958516535411,171.31195945703791,6138300
2019-11-14,171.93370056152344,171.95283496258742,170.31718666049989,171.21631377197605,9811000
2019-11-15,171.95278930664062,172.8232072877765,171.29279130025256,172.20147807335547,7808800
2019-11-18,171.84759521484375,172.47889901009358,171.19715702102798,171.76151231420144,7173700
2019-11-19,174.8223876953125,175.02324782943847,172.36413521234718,172.54587554007108,8549900
2019-11-20,173.76065063476562,175.25281283505976,172.50761736644867,174.3823800197976,6040500
2019-11-21,172.06761169433594,173.90412011897786,171.52240532535504,173.2919506440972,5112200
2019-11-22,171.66587829589844,172.62239402068963,170.59458535461923,172.29718217712582,6865600
2019-11-25,173.1006317138672,173.464112317423,172.27802770258347,172.55541080853345,5457800
2019-11-26,174.61190795898438,174.9658140245422,173.33018068806894,173.56930956377414,7079000
2019-11-27,176.35275268554688,176.515358564155,174.3345044582951,175.04233116100212,11452700
2019-11-29,176.48670959472656,176.81193603073854,175.3867223588751,175.9319287277315,3139100
2019-12-02,173.8849639892578,176.3527759814121,172.04845579410645,176.22843887856223,6883200
2019-12-03,173.99017333984375,174.21974232697573,171.84758784102152,172.07714223288443,4543300
2019-12-04,172.74673461914062,174.71715455017042,172.62238291243287,174.71715455017042,10650400
2019-12-05,173.98062133789062,174.11453293764703,172.23977054105728,173.36845193967991,4638600
2019-12-06,174.24844360351562,175.31017649420457,173.4545339109041,174.79366449656087,14526700
2019-12-09,174.96583557128906,175.291047379433,173.41628493638072,173.9901855515871,10233100
2019-12-10,174.33445739746094,175.1857553528804,173.9901113371079,174.61185498246792,8625700
2019-12-11,174.09542846679688,175.11890733715902,173.31109313204144,175.10934743384362,7138800
2019-12-12,174.69801330566406,175.3580114226842,172.96672235827506,173.76063207909132,11192100
2019-12-13,177.08932495117188,177.45280560579684,174.12412029509585,174.56412396097198,8558100
2019-12-16,178.1414794921875,178.69626031931787,177.69191597012102,178.22756239762052,8249900
2019-12-17,177.4528045654297,178.6580091462074,176.09455396304693,178.3901859060346,10208700
2019-12-18,176.8597412109375,178.3327835133077,176.8597412109375,177.45279085000186,8968500
2019-12-19,178.42840576171875,178.46667455738825,176.4771204453793,176.4771204453793,5854200
2019-12-20,179.82489013671875,179.98749599870828,178.19881692155698,179.4422898255982,11259500
2019-12-23,178.94493103027344,180.2170984645198,178.8684080347621,179.96839508029072,5831700
2019-12-24,179.41363525390625,179.84406434802972,178.7823314650481,178.96407176141054,2420900
2019-12-26,180.9345245361328,180.95364434272327,179.53800510560356,179.7197454351182,5237000
2019-12-27,181.1544647216797,181.6327224578471,180.27447223856382,181.489250975104,5448600
2019-12-30,179.66233825683594,181.24058325849722,178.9832057159857,181.0779773476504,4833600
2019-12-31,179.72926330566406,179.824920697334,178.42840159340452,178.9257937586043,5273000
2020-01-02,182.8092498779297,182.82838427588055,180.51361836298068,180.78144155321576,8733000
2020-01-03,181.35536193847656,182.65622372638282,179.74840815564195,180.21710604964989,4899700
2020-01-06,180.96319580078125,180.98233020020768,179.0214702242037,179.82493985686952,10109500
2020-01-07,180.48495483398438,181.8336455117037,180.39887192143337,181.34581315003788,4392300
2020-01-08,183.5745086669922,184.12928957662982,180.59018407265302,181.25018230300248,5712000
2020-01-09,184.84661865234375,185.48748227993912,184.14836643052615,184.6074897795723,6748000
2020-01-10,185.34400939941406,186.10922470557708,184.71270567718446,185.08574613208958,6586400
2020-01-13,186.836181640625,187.0944449223552,185.83183740746867,185.98488339629168,11290500
2020-01-14,187.52490234375,188.3857606192974,186.65446957041073,188.18490049946283,6236500
2020-01-15,191.11183166503906,191.4466033886629,187.78316125704004,188.43358489969484,10831100
2020-01-16,192.21182250976562,192.73790905154112,191.09270091831823,192.25965121270357,9983700
2020-01-17,195.79872131347656,195.84655000786793,191.28396695397652,192.98656338837705,12518900
2020-01-21,198.276123046875,199.32829610200127,194.9378927629454,195.2535446794833,14861700
2020-01-22,198.85958862304688,200.99262893273968,198.2761135196531,198.4865481205669,8065000
2020-01-23,197.53964233398438,199.33788206978858,196.37269191853323,198.85962418133394,8520800
2020-01-24,196.08572387695312,198.94571115267578,195.33008287515173,198.40049018299482,7812900
2020-01-27,192.91964721679688,194.4883323269012,190.44227514207637,191.30313340428734,7198900
2020-01-28,194.02920532226562,194.97614647421491,193.00572657166,193.58920170161497,7215700
2020-01-29,195.95176696777344,196.96567106798398,193.70394969257583,195.41612062013527,7041700
2020-01-30,199.15614318847656,199.43352632355388,194.47878193189328,195.12920561153473,8571900
2020-01-31,190.3179168701172,195.11005494229875,189.63878434803857,192.72834035454272,16699600
2020-02-03,192.077880859375,193.46482545604357,191.15963412576448,191.2457170204276,10885900
2020-02-04,194.70834350585938,196.00920550814098,193.43617580842226,194.65095489617036,10205900
2020-02-05,193.9909210205078,196.65960764246842,191.2552858979788,196.56395024706282,8672400
2020-02-06,194.21092224121094,195.73179314731962,193.6752758370365,194.2204967382447,7001200
2020-02-07,193.9239959716797,194.9665945694457,192.3457363282406,193.19703470733037,5691100
2020-02-10,197.0326690673828,197.16658067801748,193.0822546607534,193.1874719687714,6239500
2020-02-11,195.07177734375,198.63957614410887,194.78481976890265,198.47697025725805,10231900
2020-02-12,198.41958618164062,199.09870404247314,196.08568592610638,196.08568592610638,7355800
2020-02-13,198.668701171875,199.69366246214886,197.37554333383952,197.92153941218902,9495300
2020-02-14,201.43698120117188,201.90635792125508,199.25296823856266,199.52117933106496,6548800
2020-02-18,202.3086700439453,202.5960432413281,200.54613587072936,201.1591918708222,7651500
2020-02-19,204.3298797607422,205.15367528518323,202.806820531172,203.57314432867238,5927500
2020-02-20,202.54811096191406,204.6938139069737,199.51156733391977,203.1994910734023,8531900
2020-02-21,200.019287109375,201.3699309033226,198.6878054262629,201.06339559558643,9231500
2020-02-24,190.42112731933594,195.1914846718528,185.84236185386996,189.5590222932424,13316800
2020-02-25,180.46852111816406,191.4748075627922,179.8171555314069,190.42111074138205,18539000
2020-02-26,179.32862854003906,185.36339233585912,179.15619878268024,182.00116553963875,14214700
2020-02-27,172.4317626953125,178.49527809390813,172.42218894672308,174.45293449484438,17536600
2020-02-28,174.10806274414062,174.65407327433994,165.69769399106607,166.47359138332163,22659000
2020-03-02,184.23304748535156,184.33841714935292,175.39162792016583,178.4760694121271,17434500
2020-03-03,177.9109344482422,185.8710887847601,176.73272040480444,185.06645551687132,15226400
2020-03-04,186.11056518554688,186.3021570645984,178.33241431424563,182.34602154799808,10789100
2020-03-05,179.08917236328125,183.84035300470237,177.8247360629039,183.18898735886597,10106900
2020-03-06,176.59861755371094,178.16000076024974,172.4030067670848,175.8131317684998,15183200
2020-03-09,163.9256134033203,172.01030070453592,161.22432539283395,164.00224724224302,20486400
2020-03-10,174.91273498535156,174.9223087338021,164.64403471216252,171.91450006601713,16119400
2020-03-11,165.6689910888672,171.20565823635238,163.0347630834702,170.17112330208172,14598200
2020-03-12,153.34080505371094,164.7589840551947,150.38089425507644,151.8273196090021,27467700
2020-03-13,168.42771911621094,168.8970958250125,155.38111337161234,161.617043047021,19948900
2020-03-16,145.61053466796875,158.35062167168863,141.75019457080302,144.77716542416883,23692000
2020-03-17,151.24298095703125,156.80838315800435,142.9667173037993,149.19307350128472,22298000
2020-03-18,142.22911071777344,144.33648961415003,133.91453855427102,142.20996322504388,22787500
2020-03-19,145.8404083251953,150.62991270369105,135.5142380544711,140.73479490374996,19362800
2020-03-20,140.6486053466797,151.5974067423314,139.5374366806161,148.30223958567453,18692100
2020-03-23,130.02549743652344,137.31512521617634,128.29168420960016,135.38016094829982,30344100
2020-03-24,148.02438354492188,148.71407316951309,137.53537454416931,138.74232407900206,24488300
2020-03-25,154.9691925048828,161.09975186733772,147.11440875411046,152.61276468785434,20619600
2020-03-26,161.77029418945312,162.39292387215943,154.9787663078819,155.25656572920485,17062900
2020-03-27,154.7584686279297,160.06524785269917,151.4920230180114,154.2986802838815,14950700
2020-03-30,158.59967041015625,158.8870290076512,153.9251090054543,154.260365574668,15714500
2020-03-31,154.3369903564453,161.10935682420936,153.78140607318426,159.4234418635805,20613100
2020-04-01,146.6641845703125,151.4153787264924,145.0453299624971,149.73905241224188,12595200
2020-04-02,150.76406860351562,151.68366018259044,144.92086546329895,146.10866820785134,14051100
2020-04-03,145.457275390625,151.0801496875171,144.259899118448,149.01107998125696,11994700
2020-04-06,162.3067626953125,163.54244866765725,151.58784718157273,153.28333619999006,16479100
2020-04-07,161.4925079345703,171.27268247675718,161.02314585181617,170.27645736351735,15379000
2020-04-08,167.57516479492188,168.59053728311568,160.86027097249797,163.8106071289212,11146500
2020-04-09,166.3778076171875,169.73046072603066,165.57317437900298,168.84919366281795,12231800
2020-04-13,161.87567138671875,165.06548300041672,159.15522183932117,165.0079966711081,14043700
2020-04-14,167.2686309814453,168.04452828137,163.6381934248822,165.80304394460842,9980500
2020-04-15,158.97323608398438,162.23009322138984,158.00574684306946,161.5978751342111,12118700
2020-04-16,155.58224487304688,160.92733304604496,153.0725494754121,160.07480192587394,20308200
2020-04-17,162.40248107910156,163.79144881144913,158.00572029735864,162.50785074259542,15375800
2020-04-20,157.30648803710938,160.38134176183223,156.32942501987048,160.28556044102552,10505200
2020-04-21,153.7718505859375,155.725976864821,152.44994249236393,155.1799662639416,10562100
2020-04-22,159.5767059326172,160.63997650634258,156.0612114164208,157.72796422876016,14502500
2020-04-23,159.37557983398438,163.23591985881532,159.2127384110294,160.81243139508007,11411300
2020-04-24,160.2760009765625,161.64579237906872,157.10533641566934,161.34884541021265,8391400
2020-04-27,164.529052734375,165.09422537182604,161.4541990415471,161.5499803613603,9903300
2020-04-28,164.04049682617188,167.64219823910645,163.2071278845089,167.63262449389828,8614400
2020-04-29,174.13677978515625,174.57742058382937,168.6863365176865,169.40476211679692,12862800
2020-04-30,171.19606018066406,174.17513274117817,170.18068750500993,174.1272347700531,11331600
2020-05-01,168.1787109375,172.0773609946581,166.93343652650276,167.10585171661654,10109600
2020-05-04,168.7342529296875,169.49100289423077,164.49075857526134,165.66897269609163,9386200
2020-05-05,170.9278564453125,173.47587660828205,170.75542666511592,171.55048624753465,13513000
2020-05-06,171.2535400390625,172.91070468061315,170.39143498346974,172.15396931994033,8540500
2020-05-07,175.0276641845703,177.19251508736593,174.06018947906605,174.09849908615956,9262200
2020-05-08,177.29786682128906,177.93008489736818,175.88975138657065,177.24039510826498,6470100
2020-05-11,175.83229064941406,176.8476632866404,173.7919570112541,176.12923759617934,8683100
2020-05-12,171.91448974609375,176.2442062606365,171.81869380169945,175.83230123943176,8219700
2020-05-13,169.91871643066406,173.7567359674979,167.9517284898602,171.2716218312098,13377100
2020-05-14,173.57443237304688,173.7183668940853,166.7811504938169,168.81529621805623,9695100
2020-05-15,176.05953979492188,176.68321205422,171.62661769403664,172.6916686002445,10785900
2020-05-18,183.63003540039062,185.02131444805923,179.87836807585245,180.3869044543735,11802200
2020-05-19,181.69186401367188,186.6237190365077,181.56712368090388,183.39978171070442,7446800
2020-05-20,186.00958251953125,187.09382752022873,184.61830362678415,185.18440788838305,9545600
2020-05-21,182.9008026123047,185.77931704883895,182.32510850952676,185.66418115645968,11338100
2020-05-22,183.1311492919922,183.6204916364897,181.56715124847116,183.26547942425933,5807600
2020-05-26,185.3955535888672,188.32204670891684,184.9541748556449,187.8710781966034,9662200
2020-05-27,185.01173400878906,186.44138687906596,180.88586018537865,186.44138687906596,7650300
2020-05-28,186.39341735839844,190.260220949793,184.90619647007972,185.70257265632907,8352200
2020-05-29,187.333740234375,188.77299757121932,185.45310420557666,186.62370134414735,10211900
2020-06-01,186.47975158691406,187.94779266399846,185.68336089789437,186.82517387804452,6011300
2020-06-02,188.40834045410156,189.52136940205108,187.0266513657338,188.00535024347423,8462100
2020-06-03,188.89773559570312,190.11631098664546,187.65039086829722,189.98198087873018,8879400
2020-06-04,185.7985076904297,188.50431823663615,185.2995610981945,188.04374539416617,7829800
2020-06-05,191.52674865722656,191.68027293498497,187.5639892527635,188.25483386179533,8561200
2020-06-08,191.51718139648438,191.86260374161088,189.147203153149,191.4979871992877,7628100
2020-06-09,191.01821899414062,193.50333293383738,190.2122384689765,190.32737436089096,6892300
2020-06-10,192.3615264892578,193.9926817913328,190.89348525330212,191.80501192438385,8405300
2020-06-11,181.23121643066406,188.40830606193094,181.1064761593545,187.2377093891275,11974600
2020-06-12,184.4744110107422,187.1034597674229,180.24300543230402,186.34545732112298,11706300
2020-06-15,183.99464416503906,184.68548882605592,178.6694039776172,179.42740636465626,6752700
2020-06-16,185.06930541992188,190.34658224510653,184.03303839552515,188.88813073215383,11057200
2020-06-17,185.7217254638672,187.45842661032003,185.24197311884134,185.81768178922422,5968900
2020-06-18,186.0575714111328,186.38379951552105,184.33045991601747,184.80062251884576,5803200
2020-06-19,184.41677856445312,189.11835982199705,183.62038800089383,188.91685741688138,11483300
2020-06-22,187.06507873535156,188.40837971737923,183.5436829250482,184.21534805694466,6674500
2020-06-23,189.95315551757812,192.04486883382046,187.8902261724121,188.30280618509312,9866800
2020-06-24,183.65879821777344,189.48298413595657,182.96795366221357,189.04162017266432,9453100
2020-06-25,186.12477111816406,186.37425178205382,182.2099890597431,183.3614067434841,9936600
2020-06-26,181.60552978515625,186.2687250388983,181.42322147822355,185.28043598215478,11836000
2020-06-29,183.63003540039062,183.69719312389716,179.71525401490055,182.21956215705663,8020400
2020-06-30,185.34756469726562,185.90407931094762,182.45946014230125,183.73560345009014,9040100
2020-07-01,185.9328155517578,187.43924492562394,184.85817499620663,185.9999879069195,6394100
2020-07-02,187.74630737304688,189.90519322955217,187.10344089712666,188.06294572224013,6299300
2020-07-06,189.75169372558594,191.11418899828524,187.75592167179323,190.68241469877015,7292200
2020-07-07,186.33583068847656,190.84550035555398,185.96162439918652,188.8401388216889,7660100
2020-07-08,187.1705780029297,187.6023521647159,185.29953223372448,187.18016777865685,8368000
2020-07-09,184.42637634277344,187.57355010139545,182.2578866855519,187.10338760029927,8548200
2020-07-10,184.75265502929688,185.01172542875568,181.7685944694498,183.88909191139473,7674200
2020-07-13,181.36563110351562,187.28577493234178,181.05858248959737,185.76975534310884,8564100
2020-07-14,185.50106811523438,185.63539820404264,179.600104703365,181.8261629074808,8003900
2020-07-15,188.5906982421875,189.7612954362671,186.62371019371713,187.32414469808168,7681100
2020-07-16,185.66416931152344,187.7846812531412,184.72385875502533,187.42006476269313,5064000
2020-07-17,187.18980407714844,187.65037696234145,185.2995782867062,186.94033807833083,6395000
2020-07-20,190.4329376220703,191.40203229499792,185.8273111993412,186.85398846429229,6985300
2020-07-21,188.5235137939453,192.06408912623925,187.75590696555142,191.90097505434895,7218700
2020-07-22,190.80712890625,190.9414589952848,188.30282074283738,188.52350275177704,6823400
2020-07-23,189.43502807617188,192.81248911511807,188.4755232638141,190.4041373068174,6106700
2020-07-24,187.2473602294922,189.48300822252415,186.17271951351796,187.74630683657236,7160300
2020-07-27,188.93609619140625,189.79964466652405,186.33583170687976,187.25696276910273,5604700
2020-07-28,188.77301025390625,191.29649833157987,188.74422627650614,189.68453703363855,6897300
2020-07-29,190.53854370117188,190.83598796958125,185.23248113514913,185.27085490102337,9471300
2020-07-30,186.2014923095703,188.6002542215062,184.34005072336714,187.29532715577784,10499400
2020-07-31,182.68968200683594,186.80596521062893,181.7685657291072,186.54689485213305,14180800
2020-08-03,182.96798706054688,185.5106691243927,182.50742881973156,184.03303805803904,11405200
2020-08-04,184.50314331054688,185.12683011961616,182.38264622599698,183.39012903997113,8204000
2020-08-05,188.1588897705078,190.15464679240444,185.28037548319284,185.72173947502122,8876800
2020-08-06,190.72076416015625,190.8646840169856,186.90192469563706,188.04373769608534,7480300
2020-08-07,188.40834045410156,189.96273335807547,187.39126783096407,189.58852711671585,5654000
2020-08-10,188.8209228515625,190.27937409022422,187.42005419305093,188.40834285953835,5525400
2020-08-11,189.7613067626953,194.6739676468889,188.38920700801643,189.80928494057216,11549600
2020-08-12,190.69195556640625,192.12160809591464,190.21220325108047,190.9414214996593,5432500
2020-08-13,189.86558532714844,192.13344084442883,189.33705688102054,189.43315829414087,7014800
2020-08-14,188.96226501464844,190.3364388304746,188.12623852763815,189.31781381247757,5014400
2020-08-17,191.64329528808594,192.63309266912825,189.02951054144563,189.5964706104112,6256200
2020-08-18,191.23973083496094,192.2871833755862,189.13525080432942,192.17185875555376,6519900
2020-08-19,193.14242553710938,194.9201841778697,191.1340176653203,191.15324087840858,9467600
2020-08-20,196.17904663085938,196.4577319189247,191.80671112219773,192.09498602293246,8849200
2020-08-21,196.15982055664062,197.13038018278607,195.40065761781128,196.51536934446338,9998300
2020-08-24,198.35079956054688,198.38923132325584,196.67873195391184,197.00545325749098,6159600
2020-08-25,199.97483825683594,200.07092500558602,197.51477994796255,199.10036526401473,5828300
2020-08-26,202.05044555664062,202.56936960285196,199.20602622834593,199.97479336083572,7035200
2020-08-27,202.79043579101562,203.89552873881482,200.8877480273109,202.96341540390722,8619600
2020-08-28,207.28770446777344,207.72013148328207,202.97300926237088,203.72255333272358,7349800
2020-08-31,203.7129669189453,207.5279615242799,203.2997484186381,207.12434730053138,9326900
2020-09-01,205.01983642578125,205.53874587985578,202.87689536852693,203.92434787783245,5642900
2020-09-02,208.02761840820312,208.86365956709437,205.42343751651453,205.76938204291406,9863800
2020-09-03,200.8012237548828,206.53811334348876,199.0042273925856,206.53811334348876,11310200
2020-09-04,196.6691436767578,202.28111992173328,192.33522526227523,200.34960476791235,13243600
2020-09-08,192.30641174316406,194.35325166922556,191.43195337398438,192.94064589814332,14186900
2020-09-09,196.0925750732422,198.23550171171723,194.06495840147807,196.37126037681642,7532600
2020-09-10,193.67095947265625,198.91778280414516,192.62352152677295,196.86133867955053,7243000
2020-09-11,192.8445281982422,194.50699164558358,191.14364764853497,193.70939688100725,7439000
2020-09-14,196.97666931152344,198.35084340612687,195.20851457575668,195.41032169787997,11730500
2020-09-15,197.37060546875,200.08050641164573,196.7748178840058,198.67750524332823,6328600
2020-09-16,197.12078857421875,199.63848706428433,196.94780897509872,198.66792737577427,6135000
2020-09-17,197.25527954101562,197.55317330924626,194.11295190697692,194.92976969852327,7474900
2020-09-18,194.69918823242188,197.68776032863482,193.8439384512171,197.44752146129622,9084100
2020-09-21,189.74066162109375,193.39229547445714,187.0980339810701,192.1046186162607,9656000
2020-09-22,192.72921752929688,192.87336964073492,189.1160304130314,190.35565645850835,7543100
2020-09-23,187.74185180664062,193.23851786770547,186.97309921704993,192.9598472534312,6310600
2020-09-24,187.88597106933594,189.95201895296424,185.58928865133916,187.5304076626412,9865300
2020-09-25,189.54843139648438,190.4036810200671,185.95445332478104,187.4055052004089,5496100
2020-09-28,192.49862670898438,193.84395864099665,192.0277532012709,192.79652058942864,5565300
2020-09-29,191.65292358398438,194.47813445613676,191.58564967606935,192.74841201777673,5513500
2020-09-30,192.16224670410156,194.63189438270325,191.1244131439019,193.0078921227121,9157600
2020-10-01,195.4102783203125,197.1880369384953,193.76703820299338,194.31478979643813,7234600
2020-10-02,193.59410095214844,194.9106052913816,191.6145203106291,192.19109947425878,6019700
2020-10-05,195.59286499023438,195.69857067579508,193.20009531447604,194.79528487365923,6090500
2020-10-06,192.62350463867188,197.09195599176397,191.91240703570952,196.14060487872783,5841100
2020-10-07,194.5646209716797,194.87211904324045,192.18145593078037,194.11297080715656,6713400
2020-10-08,195.05471801757812,196.32318615151303,194.33400148593748,196.03489660625368,3955600
2020-10-09,198.57179260253906,198.99461525932188,195.72735860609953,196.03487132485557,5562900
2020-10-12,198.3411407470703,199.84984739859755,197.69730254427606,198.86006474891252,6622700
2020-10-13,196.3424530029297,197.19770289070692,195.1028120817017,195.43915240309377,5621700
2020-10-14,194.30520629882812,196.9670572371688,193.27699150085937,196.71721407668522,5320000
2020-10-15,191.75863647460938,196.707550492848,189.8847765387236,193.1616230263948,8885500
2020-10-16,192.44090270996094,194.73758528579364,191.62409950442205,192.1814553368561,6385900
2020-10-19,189.27935791015625,193.21928032418722,188.82770776688395,193.0078689948677,7449600
2020-10-20,189.98086547851562,191.86434437377164,189.02952908779693,189.83672804447178,7427000
2020-10-21,190.68238830566406,192.5946949840094,190.1058238171448,190.1058238171448,6067200
2020-10-22,190.2595977783203,191.9700975126446,188.11665630891025,191.5568789945227,4908200
2020-10-23,190.2787628173828,192.0757592855798,188.36647106282456,191.9508303984123,5877200
2020-10-26,185.5316925048828,188.7508847549471,183.2734411284798,188.347285189104,12608700
2020-10-27,182.63917541503906,186.13705237797907,181.83197642274877,185.46438655107048,8690400
2020-10-28,173.8079833984375,177.4884440200936,172.33772293727387,176.79655501919137,17809500
2020-10-29,177.65179443359375,179.69863383197256,172.33771301256635,175.8548127874384,16820900
2020-10-30,174.61520385742188,177.02719651769576,172.23202402171674,175.52810851127757,10252900
2020-11-02,177.52688598632812,179.62176148539143,176.71006812263002,177.30585571171883,8057100
2020-11-03,180.986328125,182.1298673440595,177.93049713293868,179.53529081696658,6467900
2020-11-04,186.3965301513672,189.19291403511934,184.05179650298462,185.35869650390197,8102700
2020-11-05,189.92323303222656,193.14243962918178,189.58689276221045,190.61512212373327,7132100
2020-11-06,190.72079467773438,191.88354234965658,187.79948242929103,189.64452946147307,6180500
2020-11-09,204.37599182128906,209.15194143486025,203.99161551824358,206.30752160108514,17916900
2020-11-10,204.9813995361328,205.70211610549975,202.3291678395483,203.66489529492102,7943600
2020-11-11,204.3952178955078,205.91352924091095,203.40543497145015,203.88591268848847,5337200
2020-11-12,200.43008422851562,204.54916873086475,199.35219734868068,203.4809005963471,7302500
2020-11-13,202.566650390625,203.33657599774364,199.50621482584296,202.018088124438,6377500
2020-11-16,204.7031707763672,207.00331398386177,203.8658846381282,206.50287486117853,12083200
2020-11-17,202.78802490234375,204.1161315955463,201.62351033822574,202.64365558268216,7268800
2020-11-18,200.01629638671875,203.2114679746031,199.86230832136982,201.83523818896123,6977900
2020-11-19,199.7660675048828,200.88244421397363,197.8027564757568,199.44847264178568,5657200
2020-11-20,196.2147979736328,200.28575999654169,196.147422690872,199.3426088336573,9653500
2020-11-23,200.33387756347656,201.14229282360455,197.00395563231717,197.00395563231717,6101900
2020-11-24,201.7967529296875,205.781117400874,201.52728113237706,202.92277791465594,10110800
2020-11-25,202.9612274169922,203.98137254560828,201.01716867683,201.78709423893363,6772900
2020-11-27,203.06710815429688,204.05838243635503,200.95944245464182,204.02951151047836,3512900
2020-11-30,202.4415283203125,202.6243726012457,198.83251615404907,201.6619693569088,7725500
2020-12-01,203.25958251953125,205.63671994470783,203.10559446066816,204.15462526220202,8047900
2020-12-02,202.27792358398438,203.4520568140413,200.6418408702506,203.06710135849548,9728900
2020-12-03,200.22801208496094,203.17296387133334,199.80455227788087,201.89296570360833,9203300
2020-12-04,204.68394470214844,204.72244906117805,200.67072435226052,201.8544910881021,5720100
2020-12-07,204.6550750732422,206.43552721934122,203.8370410025534,204.00064781669116,10624500
2020-12-08,204.77056884765625,205.11703464775462,201.99884244686925,202.05658429936733,8646200
2020-12-09,201.70046997070312,205.47308885634436,201.09415123877775,205.21323587336096,6251100
2020-12-10,199.80455017089844,201.43101410134582,199.45808439467822,200.67070726889446,10492000
2020-12-11,198.486083984375,199.1116403250007,196.81149676923414,197.63916428681725,9227600
2020-12-14,199.4580841064453,203.35582041201286,199.1886123570089,200.0355319610142,11967700
2020-12-15,200.5263214111328,201.56571857788404,198.40903741298328,200.69954692970467,9796100
2020-12-16,200.43972778320312,201.26739516062705,199.35220741801254,200.64182424082645,7504400
2020-12-17,203.24029541015625,203.81774318909254,200.99790893571412,201.14226353789468,6517200
2020-12-18,203.36544799804688,204.0102564754482,201.97958483492957,203.08635749010972,13298200
2020-12-21,201.1519012451172,201.9122080485592,197.09055828970466,200.4397322270826,7576700
2020-12-22,198.10104370117188,200.56479320200938,197.87007636365922,200.5551744579815,7396200
2020-12-23,197.5814208984375,199.5350986250494,197.39856190287404,199.5350986250494,6523100
2020-12-24,200.8535919189453,200.96909031585432,198.8325535369235,198.87104321248594,3367900
2020-12-28,204.63580322265625,205.43459966470948,201.09415170469865,201.96032342161428,5816200
2020-12-29,206.3103790283203,207.14767983773712,205.51158257238214,206.54136109386772,6093400
2020-12-30,210.150390625,212.10406819985383,207.5422711529186,207.87911819069728,8875100
2020-12-31,210.50648498535156,211.55551581922097,208.07160563432546,210.18889011107294,5922200
2021-01-04,209.5729522705078,211.96934194508503,206.18530298614024,211.96934194508503,10318300
2021-01-05,206.4451141357422,210.24661868937804,205.60782801451398,208.17744290820403,6869700
2021-01-06,204.6261444091797,208.04267838436695,204.09683444712613,205.76178771445905,7206200
2021-01-07,205.7714385986328,207.1284307191817,204.22196876317327,204.22196876317327,10967900
2021-01-08,207.34982299804688,207.9946315555202,204.75133658707804,206.11794774121557,6513000
2021-01-11,204.88601684570312,206.78195232622463,204.49142800892085,205.91579531948506,7353100
2021-01-12,201.007568359375,204.78980655299966,199.66982826305326,204.35672797370745,9331600
2021-01-13,201.47915649414062,203.06711622087585,200.78622487535534,201.53689834818766,6688500
2021-01-14,194.2707061767578,203.2691817687262,194.14558906433314,202.65324432196235,12887500
2021-01-15,194.0108642578125,195.61807589505557,192.89447298286623,193.96274115913056,8755000
2021-01-19,194.07823181152344,196.49385854412816,192.5480142560301,195.4159716650547,9772000
2021-01-20,198.26466369628906,199.40030702692744,194.62678103654844,195.39670647823618,12675700
2021-01-21,197.4274139404297,199.38109148011594,197.05207723785716,198.3032044748019,6513500
2021-01-22,194.42471313476562,197.61026561568937,194.21298324010226,196.3206487555459,7316200
2021-01-25,193.42385864257812,194.05904850105784,188.39049225881027,192.8079209666588,19282400
2021-01-26,194.41506958007812,195.83943692184607,193.41417669069446,194.17446877458988,9605300
2021-01-27,187.63978576660156,192.19194958378128,186.6677636519091,190.20940099602853,13772400
2021-01-28,190.7676239013672,194.40550797479952,190.71950078910348,192.48070096514803,11041300
2021-01-29,185.9844512939453,195.41600725906906,185.56099146143336,190.38264174467824,21503000
2021-02-01,190.90234375,191.72039253434988,187.68791983863778,187.803403550269,12970700
2021-02-02,194.99253845214844,196.6671255258894,192.48066518409166,193.29871388516779,11305100
2021-02-03,193.7895050048828,195.85866596882954,193.42378709707364,195.435220904917,13458600
2021-02-04,201.3828582763672,201.79668458024642,195.4640848032191,195.5988206562387,14534800
2021-02-05,200.92091369628906,202.22978259348335,200.81504876029882,202.0854133070747,10284000
2021-02-08,199.1116180419922,202.73024916139738,198.16846692033238,202.10469289077903,8637100
2021-02-09,198.75555419921875,199.82382256018988,196.04156956346648,198.0241182170447,7619400
2021-02-10,198.6785430908203,200.15101899087128,198.19734143236943,200.15101899087128,8467600
2021-02-11,203.05462646484375,203.9510439722634,199.70990136537694,199.84484641083498,8411100
2021-02-12,202.3799285888672,203.50768691573248,200.1822287248246,201.8015841970809,6911000
2021-02-16,200.39425659179688,203.4305421207069,199.8641248066011,203.05462273612642,9652700
2021-02-17,200.01832580566406,200.76053085369983,197.65678033417475,197.8495568548851,8373200
2021-02-18,201.7919464111328,202.12930170955363,197.5604369974535,198.44722092768353,7328600
2021-02-19,197.3386688232422,201.96537830572558,196.40368736646914,201.7822354852169,15011500
2021-02-22,200.79908752441406,203.04495523373552,195.77717624676896,196.20129340132235,8337700
2021-02-23,204.45230102539062,206.18731948150133,199.09303323377776,199.9123372908934,10571700
2021-02-24,211.50799560546875,212.56828860949824,203.6618714993711,204.69324875855494,12039000
2021-02-25,206.03305053710938,212.49115958897212,204.90529244648653,211.37303517662772,11404300
2021-02-26,204.72216796875,207.44036569350575,203.13174314369135,206.3222411808584,11730000
2021-03-01,208.80909729003906,209.9368554767253,207.03551490603954,207.20902408517196,6982000
2021-03-02,207.9801483154297,210.06215554343575,207.06444871732833,209.1271885868238,6155200
2021-03-03,207.09336853027344,209.34888498452383,205.17520735147164,207.38252599268435,6484600
2021-03-04,203.8643035888672,209.1850214461382,201.13647213523512,208.17292621723612,10658900
2021-03-05,207.63314819335938,208.29823977097715,202.06182224425592,206.01379286856294,7582000
2021-03-08,212.31771850585938,217.9661587650869,208.01872894013627,209.14648731425984,14750400
2021-03-09,212.40443420410156,216.8769176055168,212.2405734090818,214.0430568622062,9228600
2021-03-10,215.11297607421875,216.09615551795108,211.47907884109844,212.75143043979992,7822900
2021-03-11,217.98541259765625,219.99032115208175,215.72989598939327,216.4239033623832,10053400
2021-03-12,216.26004028320312,218.3613297403212,215.35397429420416,217.14682420429125,8172400
2021-03-15,215.20936584472656,218.89144608032234,213.73460407317273,216.13469906598456,9306100
2021-03-16,216.58775329589844,217.4359877553839,214.27440530736618,215.6335042368851,8949300
2021-03-17,214.9684295654297,218.07218076421304,213.75390927413508,216.92514035928323,8675600
2021-03-18,212.69358825683594,214.4864378780177,211.65257737602983,213.43577861085674,9321800
2021-03-19,199.43038940429688,212.22131351025712,199.41112204374593,211.20921818079793,32209700
2021-03-22,200.49063110351562,204.62574389854743,198.7845288263925,199.09298301096155,11371600
2021-03-23,200.6352081298828,202.379874519419,200.0086807960932,201.50272448578954,8820700
2021-03-24,200.55813598632812,203.51729331060304,200.4231762328176,201.21357914842952,10101600
2021-03-25,200.46176147460938,201.28108022142268,198.35082362558708,200.1725892870336,8390800
2021-03-26,205.8209991455078,205.98485992940354,200.2014758525392,200.7316223344997,7399900
2021-03-29,206.765625,207.51746379180705,203.4980134177903,204.77999871866822,7792300
2021-03-30,204.2498779296875,206.41864734251863,203.7775775595104,205.31980476166723,5498000
2021-03-31,204.08596801757812,206.38004826221382,203.91247356608736,204.87637085100584,13180000
2021-04-01,209.03079223632812,209.8790266608804,204.6354224143884,206.06198645830227,6138400
2021-04-05,211.132080078125,212.54901043311733,209.46454169391563,210.7079775766593,10440500
2021-04-06,210.7561492919922,211.47907230311208,207.56565142284805,209.76333620002003,7828100
2021-04-07,211.3538055419922,213.05989349984267,210.7465454202338,211.2092120945739,5614300
2021-04-08,212.73216247558594,214.7756350536936,210.23567163108206,212.02852146124673,11042000
2021-04-09,214.48646545410156,214.56357901532442,211.58512470623452,213.021337206683,5724900
2021-04-12,213.47438049316406,213.89849774641263,211.3056111182501,212.28879068642553,6315200
2021-04-13,213.04061889648438,213.61894854276923,212.26949799353,213.02133682923585,4764000
2021-04-14,213.9659423828125,215.04551748050957,212.12490951263314,213.0213270417464,4972600
2021-04-15,218.11074829101562,219.41201593739927,215.77811785819344,215.80703360963219,8698100
2021-04-16,218.23602294921875,219.57583980267998,217.6094807883911,218.96857970886904,6829400
2021-04-19,217.63841247558594,219.36379725621632,216.95405347939865,217.59986304663673,6541600
2021-04-20,215.21900939941406,217.24319981415022,213.8117274377005,216.664855493395,5799100
2021-04-21,219.23846435546875,219.6432995052913,214.8238124246791,215.24792964103813,9490600
2021-04-22,219.35414123535156,222.5928224219515,218.69868334670113,219.09388481574717,7303000
2021-04-23,221.69642639160156,223.45072691240955,219.4891075742259,220.3566094465078,5345200
2021-04-26,222.02415466308594,224.53992781753797,221.23376633256606,222.4386382512134,5650000
2021-04-27,221.6096649169922,222.81453672219365,220.72288103331286,222.68922534792222,6642100
2021-04-28,225.0218505859375,227.74004838014133,222.34221692510383,222.61210702706495,10111400
2021-04-29,228.30874633789062,228.9256401060707,224.73268039359647,226.73758881715852,7411400
2021-04-30,225.1278533935547,227.4122853119605,223.90369969151482,226.82432207238932,10260200
2021-05-03,224.2122039794922,227.22920794063114,223.03624782183013,225.60021876938242,8174400
2021-05-04,223.65309143066406,224.00009505022032,221.9180733328827,223.23862264758876,5884500
2021-05-05,220.93495178222656,225.40743558046344,220.40480521723873,225.40743558046344,6523200
2021-05-06,222.96876525878906,223.21937330101528,220.4047945111438,221.33977621454895,6124100
2021-05-07,223.73988342285156,224.80017655804986,222.3807991232539,223.95194204989122,4528700
2021-05-10,217.81190490722656,223.62420527281407,217.03115033690997,223.23865218136885,9627400
2021-05-11,217.339599609375,218.24566559357848,214.02378992586793,215.66242740772103,7633300
2021-05-12,212.66465759277344,216.8768839206131,212.35620340918084,215.5563493783816,7721300
2021-05-13,215.97567749023438,217.095411445437,213.22457360203458,213.82305336509734,6650100
2021-05-14,219.0646209716797,219.61483289741747,217.11471586219122,217.98349246547832,4777200
2021-05-17,218.5819854736328,219.27700090671846,217.50085690184275,218.33099867713005,5534200
2021-05-18,217.7421417236328,221.22685119970404,217.60698594745003,220.46427273410774,6900000
2021-05-19,216.79615783691406,217.04714460883943,214.0933219428368,215.02966167824147,9311900
2021-05-20,218.5819854736328,219.7017341968566,217.42363132824744,217.61668789759966,7478600
2021-05-21,218.90052795410156,221.35237723248457,218.68816131629615,219.00671127300427,5603900
2021-05-24,221.36203002929688,222.12460857431074,219.73067489570298,220.03956243684382,4040100
2021-05-25,221.0724334716797,222.2018297582086,220.49324909071942,221.92188524001187,4689100
2021-05-26,219.1901092529297,221.39098636312005,218.52405162471695,220.13609667380464,4295600
2021-05-27,218.98741149902344,220.4932733802812,218.5144103781577,219.85617343689606,5969600
2021-05-28,219.412109375,221.46818289052666,219.26730592254862,219.69203914957419,5779700
2021-06-01,218.76541137695312,222.0956853273142,218.42755130736685,221.47789541979583,5091500
2021-06-02,221.6902313232422,225.02050481154868,220.84076479478514,221.26549805901368,9081100
2021-06-03,220.19398498535156,222.39486182385846,219.8657874126005,221.05309906065233,6382400
2021-06-04,222.15354919433594,222.6941133966115,220.79247628764722,221.39097070811215,5085700
2021-06-07,223.29261779785156,226.5360031564784,222.09564363268893,224.7695217483943,5421300
2021-06-08,223.99732971191406,224.7695708021896,222.17291768489085,224.09385064240246,4170600
2021-06-09,224.24827575683594,226.700139828948,224.06486686215763,224.43168465151422,4659000
2021-06-10,225.83132934570312,226.13056919038942,224.0744956936576,225.01083537305846,4452500
2021-06-11,226.8063201904297,227.2696588930151,225.59969824568617,226.2560935135762,5378300
2021-06-14,225.9568328857422,227.05727140916014,223.53394154564984,226.55531260202918,5805800
2021-06-15,224.89500427246094,226.65185276787753,224.54749658816266,226.30434508357922,7093800
2021-06-16,221.63230895996094,226.05335848972098,220.08782708868296,225.5127942535549,8905400
2021-06-17,224.0937957763672,225.24250209163327,221.2558336630435,221.2558336630435,6876700
2021-06-18,222.41421508789062,224.1227811698014,221.26550863091674,222.45282050954177,8840000
2021-06-21,226.1885528564453,226.85459586364672,222.40457309935084,223.41813857966997,7298400
2021-06-22,227.74261474609375,227.89706586934628,225.14597704160062,226.16918995692657,8858400
2021-06-23,226.53599548339844,227.73296960801795,225.82168480663051,227.27927863420967,6814700
2021-06-24,228.04190063476562,229.98214342576728,227.24070189330382,228.77552147704867,4611500
2021-06-25,229.08438110351562,230.20411486915154,228.11908372430838,228.19629455288816,7825200
2021-06-28,225.96649169921875,230.09796388412437,223.81388236546104,229.7408085170235,9301700
2021-06-29,227.76193237304688,228.31215899440738,226.02439400200095,226.42983189630357,11897700
2021-06-30,225.7058868408203,228.19634163121455,225.7058868408203,226.95111423601745,7797100
2021-07-01,226.9897003173828,228.05153345480664,225.92788190922982,226.07267064193724,5329600
2021-07-02,230.34890747070312,230.49369617906115,227.6364243194947,227.64607199029575,4383700
2021-07-06,231.28529357910156,232.26023877975365,228.97823307656597,231.18875793460197,8048700
2021-07-07,231.67138671875,232.67528958031906,230.03038400867953,231.92235875182473,4366100
2021-07-08,228.39901733398438,228.84306061678424,226.41050705597615,228.7465249855284,6388000
2021-07-09,230.1945037841797,231.1404912419593,229.18093842906583,230.47443358776243,5615900
2021-07-12,229.61534118652344,230.2331310769251,229.03617144948785,229.33541135634715,7010700
2021-07-13,233.93988037109375,234.06535904378887,229.98215430044735,229.98215430044735,8079200
2021-07-14,237.4535369873047,238.24507327694965,234.39354568420165,234.77965879194005,8693400
2021-07-15,239.92469787597656,240.1660222522893,236.79712865642594,236.79712865642594,10135100
2021-07-16,239.50962829589844,241.76843580338746,238.93045859160463,241.31474476725774,8674500
2021-07-19,232.0671844482422,235.96698001756613,230.60957574036806,235.5229513988558,11474600
2021-07-20,234.27772521972656,235.73533402647755,231.19842351055757,232.28921451493056,7072300
2021-07-21,235.2043914794922,238.33194594071776,233.89158629537565,234.84722138996307,11241400
2021-07-22,235.66773986816406,236.8357563676942,234.71209000491214,235.32023216600624,10293600
2021-07-23,240.37841796875,241.33405318785154,238.19683591616734,238.19683591616734,6766000
2021-07-26,241.565673828125,241.6718571310664,239.10416251758895,240.56177101517238,4879000
2021-07-27,242.2220916748047,243.90171460702393,239.60614372984136,240.5424834718562,7038300
2021-07-28,238.3705596923828,242.77231380063347,237.37630447623278,241.3726354144362,9036500
2021-07-29,239.3165283203125,241.69116639209147,238.52499211589904,239.49993718198382,7495300
2021-07-30,237.83966064453125,239.8378336253481,237.4631951925432,238.63121169855674,5804700
2021-08-02,231.4590301513672,239.2296778641083,230.09795716027878,237.69485839548727,9989500
2021-08-03,228.86236572265625,233.01314764614756,225.90855792316034,232.27952689682326,9839000
2021-08-04,228.4569549560547,229.30642145974852,226.89317773722806,228.77550489493987,8171800
2021-08-05,231.87413024902344,231.91273567002446,228.225291970382,228.39905318806572,5337500
2021-08-06,233.02281188964844,234.18118067943487,231.53626021235334,231.67140127392562,4509700
2021-08-09,231.67138671875,233.77572807806231,229.78905964751416,233.36065724690755,5226900
2021-08-10,229.80836486816406,232.96487684048233,227.38545890649098,232.16367821081835,7185700
2021-08-11,226.90280151367188,230.08828583777878,226.4394628919395,229.8180037476625,7375700
2021-08-12,224.0513153076172,226.29386549343496,223.30703360313208,226.08120936376775,9867000
2021-08-13,224.8826141357422,225.48192450668049,223.6743473184443,224.2543212904876,5445400
2021-08-16,227.50213623046875,227.6181251216422,222.51440741910463,224.45730984236235,7575900
2021-08-17,226.69981384277344,227.80175240397804,225.43355279210434,227.1541232692598,6850500
2021-08-18,223.89669799804688,226.52588799514675,223.74203629248757,226.11023650512513,4996500
2021-08-19,223.83868408203125,224.66995749108744,221.2578131866538,221.39313847991303,5761300
2021-08-20,223.6356658935547,224.40895952566376,222.6110580994836,224.12863339371646,5522200
2021-08-23,226.32290649414062,226.81587411771642,224.25435399126428,224.93098055774664,6342000
2021-08-24,226.4195098876953,228.30440291599737,226.13918376463957,227.1927887459278,5081800
2021-08-25,224.82461547851562,227.15415739848893,224.3316479360553,227.15415739848893,5277100
2021-08-26,222.82371520996094,224.8632699834292,222.4660582382741,224.37996330487604,5889100
2021-08-27,224.9213104248047,225.26929189450445,222.54343459029755,223.30706755822177,6369000
2021-08-30,223.50999450683594,225.86853337442292,222.24373341383196,224.92125644787282,6448000
2021-08-31,221.4511260986328,224.09963725854712,221.02581386144527,223.2006939157775,9405100
2021-09-01,222.43710327148438,223.07507174820637,221.13218384111903,221.45116807948,8177600
2021-09-02,216.6953887939453,222.85272629123048,214.5495205771067,222.73672265160525,19708800
2021-09-03,217.59434509277344,219.7112308184068,215.8931108026775,216.52140361879557,11532000
2021-09-07,218.71560668945312,220.38784365402776,218.31929167637182,219.16991614360015,9662600
2021-09-08,221.44146728515625,222.53374518157003,219.45990680247698,219.78856657840046,10652600
2021-09-09,219.89488220214844,222.32107646598968,219.51790357550618,221.65411087669577,5853000
2021-09-10,217.40101623535156,222.35973278588352,217.31402457203598,222.17608863533377,6715400
2021-09-13,217.13038635253906,219.6145752763688,215.95111675077754,218.00033256725123,6808100
2021-09-14,215.58380126953125,218.2709855391171,214.85884116623973,217.48803098745842,6575700
2021-09-15,216.33775329589844,217.33336396674108,213.969553299713,215.09082843850592,6535800
2021-09-16,216.8403778076172,217.68132671486052,215.3131269219303,216.3860683463974,5928500
2021-09-17,214.34654235839844,216.23143572239007,211.97834224726276,215.02316885452987,13787400
2021-09-20,212.70326232910156,213.13823536978242,209.0881232312046,209.7164307338313,8822600
2021-09-21,212.8192901611328,214.75251713965898,211.6690177490135,213.37992775482755,7033600
2021-09-22,215.31312561035156,216.61805954409343,213.71821946853314,214.0081916766097,6005900
2021-09-23,220.68753051757812,221.06450920061974,216.8694100612638,217.4880421244437,7952700
2021-09-24,223.85800170898438,224.2059831353053,220.98715862917442,221.28680643391039,6461200
2021-09-27,221.93446350097656,225.53992769368696,221.13217253327988,223.98367938272864,6881100
2021-09-28,218.02932739257812,221.22881555174874,216.52141277067847,221.22881555174874,6951400
2021-09-29,219.1119384765625,221.37382524898476,218.54164005823588,219.22794212473244,6432700
2021-09-30,215.31312561035156,221.15146380609923,215.19713672712095,219.98186990192553,7128500
2021-10-01,222.76571655273438,223.8289823758201,216.00908400466048,216.6857103919603,7925400
2021-10-04,217.22698974609375,222.64002980106395,213.43786760735364,222.3210456612804,10283400
2021-10-05,216.79205322265625,219.7885606769177,216.44407180699588,217.95198635840745,5814000
2021-10-06,218.94757080078125,219.05389885255448,213.86319020996177,214.62680821862534,5420900
2021-10-07,222.85275268554688,223.44238752986388,220.86153117012117,221.26750708351702,6561900
2021-10-08,222.5820770263672,224.95993778712236,222.49507060879785,223.28770069528312,3735200
2021-10-11,217.59434509277344,222.63040744344252,217.3623525648444,222.33074489719453,5620200
2021-10-12,216.5697479248047,218.66729735593418,215.47746999893485,218.02932893466414,5448200
2021-10-13,215.03282165527344,218.31930128804677,211.33069059431443,215.68045085793494,9076000
2021-10-14,217.66200256347656,218.11631205025594,215.61278683543355,216.63739469945506,5590500
2021-10-15,223.2780303955078,223.3746828840883,219.16024794901782,219.6338938159161,6355100
2021-10-18,222.94935607910156,224.98891077172175,220.523161958705,222.4950466393225,5580200
2021-10-19,225.72360229492188,225.83959120214098,222.97840857946642,224.20601192849406,4409700
2021-10-20,223.6937255859375,225.99427075645636,223.58739749613989,225.66562566048324,5401800
2021-10-21,222.55307006835938,223.12336842309315,218.74461098874113,222.99770396381803,5982200
2021-10-22,223.50999450683594,225.0469208996316,221.07413955284994,222.60137562348532,3788000
2021-10-25,226.071533203125,227.01881014870347,224.53460677945645,225.65588179629984,4938700
2021-10-26,224.08030700683594,229.04869888354105,223.60666117009126,227.66643416575693,7814500
2021-10-27,208.5758514404297,217.24637536578877,208.45986254489875,217.24637536578877,22958100
2021-10-28,202.8341827392578,212.64531907044025,202.03189172700016,211.93001973738652,23199400
2021-10-29,204.69973754882812,206.53629723201317,201.5775654383222,202.22520943909845,14329800
2021-11-01,205.36668395996094,208.0635287841038,204.39039501249363,206.36229455537944,13210300
2021-11-02,202.15753173828125,206.22698075980168,200.8816096830066,206.04332184858893,14688700
2021-11-03,201.15225219726562,203.13379784569509,199.82798182447078,202.68916394628792,11486700
2021-11-04,201.80955505371094,205.27003297707924,200.92993327374495,202.17687288476282,11368200
2021-11-05,209.43612670898438,210.36408207643765,204.30341183888552,204.87371021348534,14273600
2021-11-08,213.12857055664062,214.21117272639745,210.86668423861536,211.07934034329594,13500100
2021-11-09,206.265625,213.0512549400321,205.8113155393112,212.35529213852368,11535000
2021-11-10,208.72998046875,210.07593773697656,206.5706421410155,206.78367262450297,10063600
2021-11-11,203.7528533935547,209.91133777346346,203.5010967967699,209.61116246855826,13546900
2021-11-12,205.3699493408203,206.81274418231362,204.73085781838842,204.7986469686385,7660500
2021-11-15,205.5732879638672,209.54337080162725,205.09880827049886,206.85145614604306,9596900
2021-11-16,208.36203002929688,208.81713929500592,204.9535716152538,205.43772915108764,8719600
2021-11-17,198.5626983642578,200.7414074086287,193.14014249679119,199.4244982396852,38379600
2021-11-18,196.88748168945312,201.28362508661112,194.89275524502537,199.9570383255781,18292200
2021-11-19,194.4957275390625,197.05207823323795,193.51773482861446,195.63833200620107,18032600
2021-11-22,189.38307189941406,195.30915567306883,188.4341272241299,193.66302293319987,21185800
2021-11-23,192.20083618164062,192.6172045102716,188.2210612199042,190.7289933478375,14742700
2021-11-24,196.81004333496094,197.48786094734905,191.37779505337448,191.89100087241945,12026800
2021-11-26,191.38746643066406,192.87867990294242,186.44906847097073,187.1946752071099,10987600
2021-11-29,190.07057189941406,194.87342148408655,189.17004591340344,194.63134269963427,14633500
2021-11-30,187.6304168701172,191.39716193390913,186.45874912416767,189.08288948765107,16023000
2021-12-01,184.13478088378906,190.57406961657358,184.07668434880554,189.81878511115963,13204900
2021-12-02,192.0072021484375,193.12077342195363,185.77126507307628,185.91650643360094,13976300
2021-12-03,190.09962463378906,192.18149615700898,187.89185264606647,191.98783609501666,10660500
2021-12-06,196.25808715820312,197.74930060874402,191.47462322450653,192.47198654355623,10722100
2021-12-07,200.7994842529297,201.35143091550657,199.36638213698257,199.47289738193697,11897200
2021-12-08,202.3681640625,202.8426289724608,199.1920919363367,201.0803032955931,11749200
2021-12-09,204.692138671875,205.47647157819162,200.605847562751,201.9130789234898,10176800
2021-12-10,206.638427734375,207.46150144486577,204.17891398501214,205.18595514549614,8882700
2021-12-13,204.33383178710938,206.56095920238945,203.3267759309222,205.71851512022414,8844300
2021-12-14,203.32675170898438,206.60933851828707,201.84523114396444,204.05298785949657,9832300
2021-12-15,205.58299255371094,205.75729696847202,201.27399297764515,202.76519184682903,10892500
2021-12-16,207.57769775390625,209.41750526030378,204.90515346789624,208.4685458492429,8548400
2021-12-17,205.16656494140625,206.45442552643027,201.20614578658603,206.05741287290073,11578400
2021-12-20,202.12611389160156,203.12347733461053,200.30567664402005,202.4650153358891,9434400
2021-12-21,208.55569458007812,209.31097911671088,203.69474902290958,203.93682777888966,6993700
2021-12-22,211.05398559570312,212.00293034608296,207.07420956846977,207.07420956846977,6003400
2021-12-23,209.75637817382812,211.59618543027122,209.75637817382812,211.51871846181234,4798200
2021-12-27,210.73440551757812,211.20887042790167,208.07153917483558,210.7828094490125,4818400
2021-12-28,211.14108276367188,212.76784482574482,208.7493435989489,209.16571194508165,4279800
2021-12-29,211.25730895996094,212.00291574298802,210.44392780137662,210.8602962128009,3223100
2021-12-30,210.966796875,212.20623896672504,210.26960885149026,211.06363429088782,3812800
2021-12-31,209.84356689453125,211.0733164044265,208.66222131824668,209.9403895370681,4723300
2022-01-03,214.41400146484375,215.02404469446174,210.13405057644496,210.62790072435118,7694500
2022-01-04,215.41139221191406,219.60418375934185,214.781978506699,214.96596074706468,10629300
2022-01-05,213.02931213378906,218.13233661153672,212.95184515633895,215.5856632883819,9594600
2022-01-06,212.78721618652344,214.87878008282811,210.6569261922786,210.8990049365181,7877500
2022-01-07,210.08566284179688,213.22299449245133,208.8074797431475,210.42456428135995,10702100
2022-01-10,205.2537078857422,207.41304594778327,199.95702426908335,207.2000154905079,11978600
2022-01-11,207.58740234375,208.13933428480848,202.1261056003459,204.72118305717225,8803100
2022-01-12,208.87527465820312,210.6860193225902,207.0354669450298,207.68423634470156,6923300
2022-01-13,208.18772888183594,213.4940910436895,207.85850532177272,209.9791175753636,8867700
2022-01-14,207.86817932128906,211.334748795066,206.93860519526686,207.3840218211858,8838100
2022-01-18,208.87527465820312,210.03724992291845,207.53899497735605,209.03988646630037,9099300
2022-01-19,207.8778533935547,211.31537453719702,205.38929157118295,206.25109131477203,9399800
2022-01-20,207.55836486816406,212.64201956622657,207.1613520980488,207.91663675687843,8532700
2022-01-21,199.40512084960938,208.7687408406545,199.29862037323372,208.63317731807587,16200200
2022-01-24,195.4543914794922,196.29682081354338,189.45082657264126,195.77392243182473,16054000
2022-01-25,195.59962463378906,198.87253397209847,190.74837193599473,193.29503026891425,12125500
2022-01-26,199.3470458984375,204.17894407530875,197.2167554091993,197.80742827340472,10817600
2022-01-27,199.61813354492188,204.27574115763537,199.32765086196457,202.86199474088036,12009800
2022-01-28,220.77578735351562,220.89198040823337,209.25284646755787,213.64898941635457,26425300
2022-01-31,219.00379943847656,219.2071520874435,215.01434640917586,218.40344887298758,12380600
2022-02-01,224.99769592285156,227.17640488522306,219.24590189814035,219.71068900635782,12247200
2022-02-02,227.96070861816406,228.3770917387082,222.72212108085435,223.97125566717287,10590500
2022-02-03,224.20367431640625,226.09190060324892,223.2450518126475,225.65614698301383,9968000
2022-02-04,221.1534423828125,222.92546044659002,217.8224367181365,221.25995761425202,10848100
2022-02-07,219.9624481201172,222.63499231246865,218.84887695848454,220.77582920796567,5984500
2022-02-08,220.7176971435547,221.25995111484082,217.62877029785764,219.09092045438368,7542000
2022-02-09,223.55490112304688,225.76265835632296,222.82866480222407,222.83835740937047,7772800
2022-02-10,218.79759216308594,223.0263152929257,218.09926982609556,221.16412732740284,6794600
2022-02-11,217.9246826171875,222.20190295615848,216.8092997454677,220.40759974476552,7535200
2022-02-14,218.55511474609375,220.4173026707661,216.10129304332077,216.56683632465032,8280800
2022-02-15,220.96043395996094,222.38615920628374,218.13804939612547,220.4269912899203,9461700
2022-02-16,221.93035888671875,222.95844048390373,218.80731018620122,220.6500962793416,9561300
2022-02-17,217.84707641601562,221.92061300674825,217.42032228567507,221.52295440353524,8131200
2022-02-18,215.98489379882812,218.94306245479794,215.16048104574782,217.83738799970547,8121200
2022-02-22,214.65615844726562,217.58521690910678,213.29830295694947,214.36518835652976,9928800
2022-02-23,209.44784545898438,217.52703490487244,208.93380469034187,216.13039025069122,8669900
2022-02-24,210.75721740722656,211.30035374200125,195.38444642079978,197.24663448260804,13463400
2022-02-25,212.66786193847656,214.03539608929262,207.79900822048367,210.74746838316898,8463600
2022-02-28,209.6127471923828,212.06656917324227,206.8194723884954,209.4963650586996,8409400
2022-03-01,202.6780242919922,208.6719406357235,201.03890693604643,208.02211575957935,9317800
2022-03-02,202.20274353027344,204.20071535754502,199.98170105803976,200.67031494446496,8865700
2022-03-03,200.99041748046875,205.13185433352785,200.34059257836086,204.21046125738548,8610000
2022-03-04,194.25933837890625,200.15627368588346,190.93262146754324,198.8275285964222,10912300
2022-03-07,184.95809936523438,194.15265636479248,184.32767651459645,193.8228971752081,13412400
2022-03-08,185.93771362304688,190.50588957459445,181.04945723233024,184.28888793927104,11070900
2022-03-09,193.7453155517578,194.46303982951954,189.36142126949017,190.58347793765878,8457600
2022-03-10,192.0092315673828,193.91991711691878,190.3895161399901,190.97144158492142,7061600
2022-03-11,190.7871551513672,194.7927926089381,190.5446825411292,194.7055060210973,5432100
2022-03-14,194.2981414794922,198.27468315538715,192.1934811321342,192.44564730300908,7994700
2022-03-15,199.9332275390625,200.19510211848564,195.33594123069372,196.00516804513367,8277700
2022-03-16,205.49070739746094,207.23651335841691,200.76734512476384,203.6770167932387,9232300
2022-03-17,207.0231170654297,207.11040365554902,202.4355393037924,203.60909848034066,6668500
2022-03-18,212.5126953125,212.65817295904066,203.95825451142062,205.3258035863176,14620800
2022-03-21,210.50503540039062,211.4943278908298,208.09001743758262,209.82611498513043,6101500
2022-03-22,211.8919677734375,212.9588531880682,210.64080080542934,211.28093205420777,6259900
2022-03-23,208.21607971191406,210.74749443929315,207.75053642853234,208.81742186894272,6008000
2022-03-24,210.7668914794922,211.106359056988,207.5565564554839,208.51675332947056,5487000
2022-03-25,211.8531494140625,212.33809460592659,209.19565923423298,211.8434558379922,5051400
2022-03-28,214.1227264404297,214.32639515456816,210.96087398887758,211.92107089645054,4316800
2022-03-29,221.25140380859375,221.920630584239,217.04208282474409,218.07016432962084,8032500
2022-03-30,217.20693969726562,219.35040387038836,216.0236722929928,219.0400318564502,7084000
2022-03-31,215.09262084960938,219.11766051461314,213.80266470556356,217.16818593266063,10759500
2022-04-01,219.54441833496094,219.80629291874587,215.53876575821255,216.36317861858686,6559600
2022-04-04,220.88282775878906,222.337663245074,218.1865338414891,218.9624342613596,8521200
2022-04-05,219.28256225585938,222.09525387616188,218.52604877162258,220.00028662780332,4658000
2022-04-06,212.41567993164062,216.15945726943139,212.0374232876384,216.07217068989678,7430000
2022-04-07,209.6417999267578,212.09562140666176,207.24616950181561,211.736766701496,6995100
2022-04-08,210.44683837890625,212.80368001009572,206.66427131570669,208.34217775149986,5438600
2022-04-11,208.28396606445312,210.75718957596223,206.9843164636722,208.76891127065676,6942700
2022-04-12,205.03485107421875,210.45655035671544,204.35593066656006,209.98129867167688,7446600
2022-04-13,206.84854125976562,207.4110794989846,200.93220357087102,204.09404112301166,8052900
2022-04-14,206.38294982910156,209.4478067200924,206.13078367959653,207.81839812448803,8191600
2022-04-18,206.7515411376953,209.33145323272268,205.1512278483197,205.2967054930435,4744400
2022-04-19,209.2053680419922,209.9909769421137,206.04353048860023,206.68366174031178,5028800
2022-04-20,211.23245239257812,214.1712343191102,210.8445020996303,212.07626721873993,7178300
2022-04-21,209.9327850341797,217.17786788278752,208.86591441832672,212.90064744457734,8850300
2022-04-22,201.90206909179688,210.0394484036522,201.68869203432754,209.72909119237536,6201100
2022-04-25,203.62847900390625,204.19101719106453,199.14759025709535,200.13688257239798,6839400
2022-04-26,195.04495239257812,202.28032600791147,195.04495239257812,200.7478975018695,8155300
2022-04-27,207.66323852539062,215.12169822693795,206.63515704755636,210.82507596845588,15955800
2022-04-28,214.01602172851562,218.1574431296041,212.66787464866172,213.76384074996895,10799100
2022-04-29,206.71278381347656,214.53979308941058,205.956270345895,212.03747361996554,7965000
2022-05-02,205.1609344482422,205.75256823993098,200.72854259850342,205.39371349393028,8803700
2022-05-03,202.28038024902344,207.17833071664037,200.05933729683164,207.17833071664037,6616900
2022-05-04,208.06089782714844,208.33246596182468,199.14760246582566,203.0465661127538,7191100
2022-05-05,199.06033325195312,208.11910704766154,196.95567262485736,205.8786623413775,7749600
2022-05-06,196.7131805419922,199.5258568181442,194.1914595500707,197.61517152181327,8825300
2022-05-09,187.18885803222656,194.7055090671994,186.29656058851356,194.0265887077823,10314100
2022-05-10,187.7513885498047,191.7958298095631,185.2199739714692,190.7871502883989,11016500
2022-05-11,190.79681396484375,192.3486443073649,185.63699065540925,187.66407255517333,9427300
2022-05-12,188.48899841308594,190.51993780544996,184.5825872455656,189.03317214236796,9308600
2022-05-13,193.60032653808594,194.8733073168171,190.9474726725368,191.43334410427354,6684500
2022-05-16,192.22048950195312,194.2903069341812,190.34503254096728,191.74434489922726,5161300
2022-05-17,198.2355499267578,199.01294720572005,194.49433386228824,197.11805153223824,7265600
2022-05-18,194.33888244628906,199.65431769311502,193.5031828966705,197.08891683831732,8748200
2022-05-19,191.79286193847656,194.75668029328978,187.84758874351303,190.80169500876275,9012400
2022-05-20,193.406005859375,195.96169466455592,188.53757882381527,194.027920779053,6966600
2022-05-23,201.6949462890625,202.08365233086727,195.0968187728823,195.20371108092618,12187400
2022-05-24,196.9042510986328,198.8865999145672,193.40597103802082,198.14808071404627,7458500
2022-05-25,198.08006286621094,199.15869804394862,194.80529414238887,194.9218985418353,5457200
2022-05-26,202.65696716308594,203.81334348609278,198.88660029364215,199.31416950493397,9212300
2022-05-27,206.86463928222656,207.20474041049505,203.71618685718659,204.06601490441324,4897200
2022-05-31,206.17466735839844,208.29307436517425,203.20113677346527,204.43525427677918,9586400
2022-06-01,203.9979705810547,208.0598634282668,202.91935024573576,206.058075517932,5246100
2022-06-02,208.97329711914062,209.1676427182796,205.11547692437563,205.90258623884074,5337200
2022-06-03,206.64112854003906,208.15705996902292,205.30013337678238,206.93265438513674,4352500
2022-06-06,206.9229278564453,211.4318141528206,206.0969404909023,209.36199710742366,3965100
2022-06-07,208.4388427734375,208.89556310232078,204.76565596112212,205.15434717277546,4493300
2022-06-08,207.46710205078125,209.47861690220773,206.81603610937415,207.71974985819284,3646300
2022-06-09,200.28590393066406,207.67115495105895,200.19845063955012,206.58279296037483,5138600
2022-06-10,193.87242126464844,197.6719395744984,193.5517443273026,195.95195048423247,5162500
2022-06-13,186.82728576660156,190.35471726016303,185.68063625479766,187.53666876385654,7119200
2022-06-14,188.05169677734375,188.84851827302182,186.3317076320831,187.27429946446287,6441200
2022-06-15,190.61708068847656,193.2116323142229,186.79812358414895,190.4421592654139,6490000
2022-06-16,183.70799255371094,186.4482997369679,182.2309392394594,186.00130632019906,9887200
2022-06-17,184.640869140625,185.9041379175387,180.6567320166608,181.64789913124903,15089300
2022-06-21,188.8970947265625,191.17096946953382,188.255740877739,190.17980242420953,6241600
2022-06-22,188.34323120117188,190.8406029454351,185.63205998781797,185.84584462928748,5138500
2022-06-23,191.08352661132812,191.88036292054898,187.98366433358882,190.597655152814,4752800
2022-06-24,199.70285034179688,199.8291816461128,191.92890822006112,192.14269281461827,7754800
2022-06-27,197.80795288085938,201.2382036205886,196.88480022892068,199.93607188721748,6121200
2022-06-28,192.52169799804688,200.94670713525184,191.9192221467789,198.23555097692605,4354200
2022-06-29,193.86270141601562,194.97048768814523,191.74430908922824,191.74430908922824,4324600
2022-06-30,191.3264617919922,193.23108442805926,187.4006269426076,189.84940841061078,7045200
2022-07-01,193.55172729492188,194.1542179246227,189.20805054160047,191.2292625539313,4131800
2022-07-05,194.873291015625,194.9024569404993,188.6541431406756,190.685081996818,4110200
2022-07-06,195.4369354248047,196.78765751883094,193.0561681863927,194.34858807641533,4111200
2022-07-07,197.06944274902344,197.68163063006742,194.3874231321166,196.8167801314201,4650700
2022-07-08,197.8177032470703,198.3327257821792,194.79558232698355,196.60302465905505,3621800
2022-07-11,199.26556396484375,200.8980994790018,196.29203355177526,196.29203355177526,5353600
2022-07-12,199.03236389160156,202.23910321276716,197.03056130382174,197.50672060533927,6779500
2022-07-13,198.3813018798828,199.76118980985112,193.8627034449212,194.7664172008657,7597300
2022-07-14,200.0915985107422,200.25679303632717,192.38566904830185,194.34859399943,5605500
2022-07-15,204.10482788085938,205.7276512198513,201.32564319711324,203.4537620585196,7245700
2022-07-18,201.35484313964844,206.89377443747253,200.80094259605642,205.52361345580522,4648900
2022-07-19,207.62257385253906,208.05985515469416,202.02532573657405,202.3362905552915,4927100
2022-07-20,207.34078979492188,208.07932393122343,205.24183627877105,206.00950668992468,4460300
2022-07-21,210.08106994628906,210.77099900337376,206.7188334679044,207.12696364835264,4801300
2022-07-22,207.6614227294922,211.9079486301815,206.12606740503008,211.77189041065546,5071500
2022-07-25,208.21533203125,208.73035452439902,205.6402047378866,208.51656992411623,4357200
2022-07-26,206.4856414794922,209.0704661657774,205.76654643970573,207.80721233544466,6141000
2022-07-27,204.522705078125,210.72242878923078,195.51464531239438,204.81423087905307,17432200
2022-07-28,205.37786865234375,206.70915168573188,202.04478278189598,204.68792466648233,7477100
2022-07-29,206.1163787841797,208.10845461421584,203.90080624790727,206.00948647639376,6059700
2022-08-01,205.38755798339844,207.9432462820614,201.69493239257616,202.5597828880282,8028400
2022-08-02,200.43167114257812,202.9387694278545,198.16750856524382,201.92816340696783,9939400
2022-08-03,202.58895874023438,204.38668906379078,201.03417897301546,202.1128142016253,9520100
2022-08-04,207.43795776367188,208.80811880941462,202.65698448156726,204.58103126918522,6789700
2022-08-05,209.7701416015625,209.84788281529447,204.55188681112435,204.75595935062333,5553700
2022-08-08,207.2921905517578,210.50865699224047,206.05807298842774,209.1482081143813,4063400
2022-08-09,204.31861877441406,207.4184804206767,203.82303532562884,206.00945644354383,4596800
2022-08-10,206.10662841796875,208.76919387225533,205.33894339708402,208.75948178339453,5746400
2022-08-11,205.47879028320312,207.83457146535628,205.00178755867188,207.63013748230506,6639600
2022-08-12,205.72213745117188,207.5619837146036,204.5247809569083,207.34782045821422,6443700
2022-08-15,210.67709350585938,210.98860913998467,204.78763287638964,204.78763287638964,5290600
2022-08-16,211.37799072265625,211.83552003070025,206.5009410065135,208.85672230863204,6564400
2022-08-17,208.82749938964844,210.44343832483938,207.10446396747142,209.29475794597582,4902500
2022-08-18,209.53810119628906,210.26819910986498,206.79292591138116,208.19471628206776,4516400
2022-08-19,207.17263793945312,209.51867514336473,206.75404065031708,208.42840009909432,4178800
2022-08-22,203.07432556152344,205.64426992644897,202.67520175673454,204.3690344635262,5139500
2022-08-23,201.31234741210938,203.7460072820481,201.0495079870693,202.48050117890375,3525500
2022-08-24,201.185791015625,202.82121816143044,200.22205636610317,201.146858993671,4230800
2022-08-25,204.25222778320312,204.3398359800615,201.02032010730457,201.88670249085146,4495000
2022-08-26,197.50608825683594,204.68051238048227,197.32112774091948,204.2035245803611,5060200
2022-08-29,196.9609832763672,198.54773443318328,195.2963532129834,195.9096403185273,4476200
2022-08-30,196.03619384765625,198.98578871136706,194.89724269914356,198.50878598261937,3918200
2022-08-31,193.43702697753906,197.77866785251436,193.36887737155052,195.66625287508487,6559000
2022-09-01,194.81935119628906,195.1113785073722,191.4414299952,193.44676341867228,5608300
2022-09-02,192.51222229003906,197.10697324801328,191.62638139882029,197.0680412263508,4508100
2022-09-06,193.368896484375,194.7317402000408,191.18833168542724,192.6485277467331,4547800
2022-09-07,195.1016387939453,195.80253401087077,191.9865571930993,193.43702379415794,4098300
2022-09-08,195.38397216796875,195.77335183875655,191.73348205227458,192.16179374858822,4377600
2022-09-09,199.7548370361328,200.92299102446077,196.0070090380021,196.70790440177566,4885600
2022-09-12,201.14688110351562,201.69201859407806,199.5114537779458,201.02032602396272,3812300
2022-09-13,194.3715362548828,198.0707020670568,193.5927621596019,196.6883851035264,5217900
2022-09-14,194.11846923828125,195.54946257613213,192.80428683286473,194.69280946126014,4632800
2022-09-15,190.18563842773438,194.99455249660085,189.36793231220287,192.83346143849582,6099300
2022-09-16,188.1706085205078,188.67681399819753,183.22540924092527,185.17233738939638,9398200
2022-09-19,188.00511169433594,188.84229134906877,185.64933053889754,186.50596877931375,8133600
2022-09-20,186.9732666015625,187.90778386829305,185.24048674730986,186.02900518683668,5292500
2022-09-21,182.05726623535156,187.96618579612996,182.03779279361237,187.42104825850313,6705900
2022-09-22,180.85989379882812,182.24222593195555,179.75988943486914,181.40504618775066,6604700
2022-09-23,179.07843017578125,179.68197305602956,177.39432689076466,178.601427505142,10755800
2022-09-26,175.7978515625,179.60409918052554,175.1261590588624,178.1828352746088,9914600
2022-09-27,173.1500244140625,179.94481333783165,172.32258898618628,177.66689645349524,9799600
2022-09-28,174.42529296875,175.32089302582847,170.1907329814877,172.55624365070625,9751000
2022-09-29,175.2819061279297,177.40406513785166,173.98719736828394,174.0845496990977,9105200
2022-09-30,172.9358673095703,178.06602656031717,172.88720599446225,175.28191902837295,9472300
2022-10-03,176.82974243164062,178.49437252759222,173.422618185529,174.58104280582822,8842300
2022-10-04,180.7235870361328,181.26873935754935,178.21206296840307,180.13951754400946,7081400
2022-10-05,182.6899871826172,183.80947969546767,177.52089571683092,178.4748862781883,6119900
2022-10-06,180.6652069091797,183.05993523898488,180.33423266517173,181.69707652513628,5163000
2022-10-07,178.951904296875,179.71120509388362,177.10231362543414,178.5819831918102,5610300
2022-10-10,177.3456573486328,179.8766695896918,176.09962466641707,179.24392395636767,4743800
2022-10-11,174.3863525390625,176.82001270894665,173.46156464528312,175.5837091835583,6294500
2022-10-12,173.51025390625,175.79788572615314,173.49078046433496,174.3376895140892,4884300
2022-10-13,179.75987243652344,180.45102358384713,169.96682661186546,170.35620628467746,8426400
2022-10-14,177.7740020751953,182.1643344970031,177.23860872472557,181.83334542729617,6449400
2022-10-17,180.33421325683594,183.56612099675453,177.99790550437322,181.06431128621585,13952100
2022-10-18,182.20326232910156,185.14312788487047,180.81121588371514,184.4617060286015,5209200
2022-10-19,181.4634246826172,182.6607812229282,179.85720019792527,180.56783960049273,4927000
2022-10-20,182.251953125,185.91217285655688,181.48290815459794,181.51212574367318,5706700
2022-10-21,185.31832885742188,185.88293973530278,180.13950832694238,180.86960629515164,7582500
2022-10-24,185.6493377685547,188.0051190157332,184.08206003484256,186.3307596410637,7299200
2022-10-25,189.221923828125,190.04935925787723,185.65904227258721,185.80505592081383,11907200
2022-10-26,197.9344482421875,200.89377243602004,191.28568695881222,191.36356586573976,15450000
2022-10-27,198.86898803710938,200.84513396066345,196.24063775835563,197.92474146118496,7946700
2022-10-28,203.7849578857422,205.90711720984928,197.91497093252434,199.56012753123227,8455600
2022-10-31,201.6627960205078,204.05750902614554,200.72826409014212,203.37608722998363,8674100
2022-11-01,201.4389190673828,204.39825824932606,199.88138541983463,203.3663886800281,5919500
2022-11-02,195.6175994873047,201.50706000907098,195.25742253908166,200.2999592297348,6985600
2022-11-03,189.58209228515625,193.5733001695537,189.02721073884942,193.01841862324687,8236200
2022-11-04,191.75296020507812,196.10434605532313,190.15647962572737,191.77243364676934,9680100
2022-11-07,194.7901611328125,195.12113534281835,191.937903760066,193.05739632291997,7821300
2022-11-08,196.42555236816406,198.70345441985546,194.43969246886718,196.30874144875864,6943700
2022-11-09,189.20584106445312,196.42558534840688,188.6204660492679,195.81092743973292,7320200
2022-11-10,200.56228637695312,200.74764543892914,195.14748235982802,198.14268888735702,8048900
2022-11-11,200.00616455078125,201.40132235770182,197.22558508877893,200.98180437785823,9601000
2022-11-14,201.8208465576172,204.07457207944768,198.2597672965464,198.5426962839324,5796100
2022-11-15,204.87461853027344,208.5235020605873,202.45502097094388,204.87461853027344,7316100
2022-11-16,205.02093505859375,205.7526648660581,203.14770853793476,203.49893944100089,6125300
2022-11-17,205.8502197265625,206.13314868108873,202.26962391726028,202.89403271177196,5385600
2022-11-18,205.6648712158203,208.95277255234987,204.63069541780698,207.97713275994758,8028500
2022-11-21,201.29400634765625,205.42095844441423,200.87447350140678,205.17704849966597,10450900
2022-11-22,205.20632934570312,205.3526693668787,200.34764711060083,202.484285855177,5273100
2022-11-23,206.57223510742188,207.64544496913385,204.80632924258245,204.88438222226003,3807300
2022-11-25,208.58203125,208.7869221631866,206.240501629171,206.55271351839207,1993500
2022-11-28,206.1136474609375,209.2454575971337,205.5185066201623,207.0892872073177,10229400
2022-11-29,203.96728515625,205.03072912671828,202.29894918186102,204.25022907795002,8986900
2022-11-30,211.7138671875,211.7138671875,202.94285875895332,203.1477496968711,13918100
2022-12-01,211.7138671875,213.32366713524414,210.05528226529123,211.7138671875,11261500
2022-12-02,212.35777282714844,213.15778976099404,209.0210863344036,210.4747801797702,5132800
2022-12-05,208.47471618652344,211.62604362350922,207.86007320369623,210.3967278836894,9006300
2022-12-06,203.98675537109375,206.96245950803336,202.581831785976,206.8356215799911,5986000
2022-12-07,202.7477264404297,203.92825727675316,200.13301863871072,203.71361530651254,7923800
2022-12-08,204.0063018798828,205.17706674134743,202.6891821063083,204.40630291065088,4896500
2022-12-09,203.6160430908203,205.39171484536107,202.4647951606236,202.84529412415614,4928400
2022-12-12,209.36253356933594,209.5869414339533,204.36726273709664,204.88435062150822,5941700
2022-12-13,207.8502960205078,214.62123860072066,207.44052909178797,214.19195470765743,14585000
2022-12-14,208.1234893798828,211.01137485247793,206.47465573517266,207.66493748270017,7001700
2022-12-15,202.8452911376953,206.6600466435391,201.78184724079762,204.49412491775524,10831800
2022-12-16,201.8501434326172,203.3233543596145,200.29887952519115,202.43553334229077,12472900
2022-12-19,199.83055114746094,202.41599066477153,198.98173439754157,201.5964568049918,4893600
2022-12-20,200.35739135742188,201.49888814514162,198.59148568871657,198.91344861147064,5024900
2022-12-21,201.77206420898438,202.8940589087474,200.5720314260263,201.5379201852356,4086900
2022-12-22,200.06468200683594,201.6159456151427,197.2060647243743,200.73787580702816,5690300
2022-12-23,200.8159637451172,201.21597967968975,198.56223794299322,199.15737888145273,3246000
2022-12-27,201.26470947265625,201.8403482164441,199.61589086587983,200.9037275433789,2904900
2022-12-28,199.99642944335938,203.45018815601836,199.8110554795149,201.64524837731346,3139200
2022-12-29,202.99160766601562,203.4501595477566,200.4939722428792,200.9330071608853,3675500
2022-12-30,202.6989288330078,202.97210679863468,200.68911313428904,201.28425403520814,4159400
2023-01-03,202.33792114257812,207.15758374624798,201.13788845413148,204.18187961978373,4202800
2023-01-04,207.4307861328125,208.0064100631676,204.5136176637473,204.5136176637473,6606200
2023-01-05,205.9673614501953,208.94306643418173,205.33320140362926,208.59183543792292,5246000
2023-01-06,212.44558715820312,212.8260861218091,207.8991016741333,208.78693755157505,6829700
2023-01-09,213.27490234375,216.79696321354257,213.03099235245435,213.73345431835259,6294500
2023-01-10,215.70419311523438,216.97252779329102,212.8650778124399,213.65535853106422,10857000
2023-01-11,216.68963623046875,216.76767432489132,214.34809144652306,215.89935537537102,5408200
2023-01-12,218.17259216308594,218.35796612813408,215.2359213899339,216.68963021686812,4264400
2023-01-13,217.626220703125,218.30916561488422,214.77735415187038,216.50424084002643,4283200
2023-01-17,217.5677032470703,218.93359318706146,216.9530453305324,216.9628112575148,6101100
2023-01-18,214.11392211914062,219.5092091496978,214.0944051542964,218.62137333781314,6558000
2023-01-19,215.04078674316406,216.12374759144438,212.20167115617463,212.78706103143864,4853100
2023-01-20,218.84576416015625,218.9628361738971,215.04077484275805,215.75298773815163,5211000
2023-01-23,218.71893310546875,220.68972975894226,217.71402525700807,219.12871494062517,5501500
2023-01-24,218.43600463867188,224.39716469630486,211.35286471239044,216.61156288957272,5274900
2023-01-25,219.42137145996094,219.48967338752522,215.782239399988,216.22127430534928,4729600
2023-01-26,219.2360382080078,221.5482998988106,218.22136442277903,220.49460706972658,7043400
2023-01-27,225.80210876464844,227.16799871776422,221.7141750582094,222.44590500889655,11382600
2023-01-30,223.5190887451172,224.80692556639738,222.3775770549404,224.59228361500365,5677400
2023-01-31,224.60205078125,225.17767470540184,222.8849151606176,223.23614609328493,11294200
2023-02-01,225.27525329589844,226.99238909596338,222.25077845301982,223.78252539784992,5792700
2023-02-02,223.9678497314453,228.5923873220951,222.806836093131,228.26067339317117,7190000
2023-02-03,224.52398681640625,225.2361996857775,222.09463841047094,223.11906315451986,5243600
2023-02-06,223.850830078125,224.65084708715023,222.48492523071303,223.12885116361792,3402400
2023-02-07,225.68502807617188,226.47529401065563,222.39711150070136,222.46541343927817,4042600
2023-02-08,224.59228515625,226.21185084166882,224.38740912938417,224.72887413652134,4978600
2023-02-09,224.2012939453125,227.26101797001877,223.98623156450347,227.19259716680259,5238400
2023-02-10,222.09951782226562,224.74868680346995,221.08287164932966,223.82001661433577,4509700
2023-02-13,223.74180603027344,224.67047619974403,221.1903981403655,221.7867046561291,4946700
2023-02-14,224.24037170410156,226.22479858426027,222.07020779007485,223.53653395272852,4829400
2023-02-15,223.78091430664062,223.92755586784088,221.708511504594,222.48077002844929,4407300
2023-02-16,220.76028442382812,223.23348659174624,220.60387272622495,220.99490197023286,3865900
2023-02-17,218.54124450683594,219.72408748410362,216.76210988832116,219.14732120203186,4520200
2023-02-21,215.66725158691406,217.44640119333943,215.05140472920183,215.2175865743776,7276100
2023-02-22,215.08071899414062,216.77187760567813,214.52350790994723,215.46196318786852,4621800
2023-02-23,216.165771484375,217.10421171827878,214.0151482061818,216.5861110875064,5533800
2023-02-24,214.6212615966797,215.29577397391017,212.57818419045992,213.57527517604925,4414400
2023-02-27,215.40328979492188,216.4688164141304,214.41595410073353,215.77474889560432,4255300
2023-02-28,215.00250244140625,216.79142200484006,214.57237774861474,215.06115309656147,5385400
2023-03-01,213.4580078125,215.32513354747363,211.57132688364783,214.5333197321818,4792700
2023-03-02,214.1422576904297,214.67014343073134,212.2164815845415,212.99852514142972,5539300
2023-03-03,218.74652099609375,218.99090866738518,214.96338970145916,215.25665789025686,6055400
2023-03-06,221.65965270996094,222.31460998204355,218.66834952966892,218.90295218459877,5737600
2023-03-07,218.1599884033203,222.27548342241278,218.07201242002665,221.65962170687715,4386800
2023-03-08,217.20201110839844,217.9253891422468,216.21467527005115,216.97717860460025,4194900
2023-03-09,215.07090759277344,219.33302891355834,214.72877382383612,216.42970236459823,5066700
2023-03-10,211.28781127929688,214.20090823808007,210.6426242264737,214.11293225348786,6638900
2023-03-13,209.65530395507812,212.95943015940668,207.72952784481754,209.81171565005894,6810800
2023-03-14,213.7512664794922,214.93409462190812,211.19007318087776,213.10607935658797,7985600
2023-03-15,211.5126495361328,212.04053529056338,208.87326551270166,209.59665843252702,8372200
2023-03-16,212.56838989257812,212.69547625268603,204.07347219629517,210.33957556158717,13674600
2023-03-17,212.50978088378906,213.7512746526832,210.04634853975097,210.04634853975097,18801200
2023-03-20,213.252685546875,215.5988162460214,211.97209647859142,212.1285081751159,9817400
2023-03-21,216.9673614501953,217.51478742170804,213.77076668253616,216.3710549634606,8971400
2023-03-22,215.10025024414062,219.85114726000222,214.98294893291242,217.50503153799846,6700600
2023-03-23,217.59303283691406,220.19332159075842,215.3153376427188,215.49130454627365,6427700
2023-03-24,216.07781982421875,216.36131790610656,213.35045968622148,215.71613080550804,4791500
2023-03-27,216.83050537109375,219.04954950350364,216.41993589167572,217.5929936780471,7210900
2023-03-28,215.38375854492188,218.31641079502361,213.74146552841972,217.81786528235295,6418400
2023-03-29,218.287109375,218.53149708927646,215.96053356189037,217.29977346292793,4483000
2023-03-30,217.36817932128906,219.20597945337389,216.2440019565505,218.89315606227848,5383900
2023-03-31,220.39859008789062,220.77004921540268,218.27729191658602,218.5803451669439,9509000
2023-04-03,223.85911560058594,224.01552729618706,219.08866329843332,220.17374519777573,6421500
2023-04-04,222.5492401123047,224.88558615236082,221.73787108031962,223.8591547303921,5254700
2023-04-05,223.04774475097656,223.3410129485923,221.46411736658786,221.68894985438916,4813600
2023-04-06,220.9167022705078,221.64008028863637,219.63609824150768,221.08288411024654,4285200
2023-04-10,221.3468017578125,221.39568227692538,219.28418406390597,220.49633740696078,4952200
2023-04-11,223.3214569091797,223.99596928626082,221.12196780977956,221.90401136170317,4513300
2023-04-12,222.6958465576172,226.39098740816638,222.22662634764436,224.76824949155187,4373000
2023-04-13,227.4662628173828,227.61288944818233,223.66359139084378,224.30877839884002,7615500
2023-04-14,228.7664337158203,229.71465914915504,227.0263945511164,227.75955762330875,9781300
2023-04-17,228.23854064941406,228.79575172625073,225.75556835416535,228.7664263976004,4865000
2023-04-18,228.35586547851562,229.06947336294323,226.48873993086113,228.5024921272881,4796200
2023-04-19,227.34898376464844,228.80552482728066,226.64514603544387,228.7468741692204,3833900
2023-04-20,229.3334197998047,229.40184059821146,226.3030064041383,227.2414617195435,4925700
2023-04-21,228.79576110839844,230.28164245798686,228.1408038812833,229.72443135830082,6771500
2023-04-24,227.5347137451172,229.87105950817178,226.3127752724685,228.9717145822513,9124100
2023-04-25,224.43585205078125,229.74395988159557,224.27944036556167,227.7888585650689,6076500
2023-04-26,223.0281982421875,227.54449286230383,221.63030782574629,226.02928621250535,8400400
2023-04-27,223.86888122558594,224.47497280476367,221.52276550381924,223.536517566313,7128200
2023-04-28,227.50537109375,228.32652502119387,222.940211097456,223.51696243273682,11627900
2023-05-01,227.29031372070312,229.32362101883803,226.31276299561367,227.64223257838495,4571100
2023-05-02,221.8844757080078,227.15347390674873,221.1317723340744,226.74290436199195,5244000
2023-05-03,220.90692138671875,223.53653537507495,220.84827072643796,221.88447216804127,4093300
2023-05-04,220.53546142578125,220.98512643044896,218.46304363391778,219.79251328830068,5648700
2023-05-05,226.5767059326172,227.1241319522251,222.187497805866,223.213929050751,6237500
2023-05-08,227.01661682128906,228.20922998383162,226.0586212192642,226.0586212192642,2938400
2023-05-09,228.0234832763672,228.83485219131117,225.63827196867442,225.89242979460934,4352100
2023-05-10,226.07815551757812,229.53867844700505,223.76135020577874,229.040132957752,5245000
2023-05-11,226.2642364501953,226.76376882085154,223.5805352554251,226.00958314527634,3818000
2023-05-12,226.6266632080078,227.94892059432212,225.09871336854007,227.23392149156012,3432700
2023-05-15,228.02728271484375,228.0468760310234,225.81371623682094,226.44056784667916,2843200
2023-05-16,225.7353515625,228.31132706338198,224.91261164997067,227.78241215866967,4289700
2023-05-17,227.87057495117188,229.0851065311539,225.81372503183357,227.9489332736212,4990100
2023-05-18,228.8010711669922,229.33976034880777,226.3818121331109,227.62571127312066,6621900
2023-05-19,228.51702880859375,229.52586796329945,227.17517797949097,229.19285628890236,5399400
2023-05-22,226.52870178222656,229.06549057131232,226.43075015251685,228.51699731370678,3987800
2023-05-23,219.96636962890625,224.77550522251673,219.06527133147023,224.56002357037747,8537200
2023-05-24,217.68421936035156,218.51676341027434,215.50982461251002,217.97805931593143,6730800
2023-05-25,218.791015625,220.07410135356088,215.96038670658572,217.88011323402415,6827600
2023-05-26,220.3875274658203,221.56288735957108,218.75183671291413,219.22198664854318,5067300
2023-05-30,217.0867462158203,220.8380665451558,215.23557395910433,220.38750996229237,6916000
2023-05-31,216.48928833007812,216.9790166238068,211.6997462152244,215.44127755306587,20460600
2023-06-01,221.84690856933594,222.05260102077187,217.86051323718368,218.15435319124038,7003600
2023-06-02,224.08987426757812,225.53948083068565,222.74802347616787,224.10946758473418,5897100
2023-06-05,222.1113739013672,223.63932378227707,220.68136071173635,223.22795381013376,4858900
2023-06-06,223.53160095214844,224.54044011998428,221.51392261647675,222.03303345253508,6020100
2023-06-07,220.64218139648438,222.87534113681505,216.47949105533763,222.33663704477894,8517200
2023-06-08,218.4677734375,220.5148339180396,217.84092188069724,220.46585810439626,6248200
2023-06-09,218.9673309326172,220.5540459568086,218.18376260691326,219.04568925971984,6385000
2023-06-12,221.52369689941406,221.79794355113324,219.03588371729816,219.79985866784753,8621100
2023-06-13,218.81056213378906,222.48352377398461,218.05639143763204,220.98495662041037,6868700
2023-06-14,218.84976196289062,220.83805745510261,218.00742877811214,219.14360190089616,9160700
2023-06-15,221.52369689941406,222.4443884924663,216.82230224157982,217.45895799725204,12534000
2023-06-16,224.2073974609375,225.07911317323743,221.43553369264606,221.79792782558363,13628900
2023-06-20,221.81753540039062,224.85385681118038,221.53348461956807,222.33664619809085,12312300
2023-06-21,222.58148193359375,223.93313663938915,220.3581115707337,221.47469134433697,7032100
2023-06-22,223.69808959960938,224.2269895813395,220.8674606572911,221.70979392102532,6275500
2023-06-23,224.83424377441406,225.25540289792764,221.73915763087547,222.55210832369022,5424400
2023-06-26,221.65101623535156,225.372954046934,221.55306460399916,224.72650914877755,5165400
2023-06-27,222.6696319580078,223.91354586884322,221.86648541820432,222.80675526701424,4628500
2023-06-28,223.27691650390625,223.37485318942842,221.37676844999373,222.82635992547853,5324500
2023-06-29,229.50625610351562,229.87843941369763,223.90376368273536,224.08984786516623,7118900
2023-06-30,232.6013641357422,233.38493245517705,231.10279663703474,231.41622994293775,6879400
2023-07-03,233.08126831054688,233.50242743867744,230.5738620208123,232.13119429439146,3087400
2023-07-05,234.53086853027344,235.06957262326594,229.18304412247386,229.59441408112608,7601200
2023-07-06,233.97259521484375,234.6778051559119,231.8275828895383,233.37512609658663,6441800
2023-07-07,231.59251403808594,233.5416380857058,231.27909569229791,231.86676069514618,5729500
2023-07-10,233.26736450195312,234.1880560066582,231.6414631189769,232.14098055553552,4858900
2023-07-11,235.6082763671875,235.755188871731,233.22818917633631,233.90401658787826,3856500
2023-07-12,237.2341766357422,238.9384214611586,236.27429845981618,236.58773172836038,6116000
2023-07-13,238.3115692138672,239.25185407159253,238.15485258002616,238.78170417006945,5819600
2023-07-14,238.16465759277344,239.71220073071478,236.98931272525314,239.7023966002379,4941200
2023-07-17,238.9776153564453,240.32925526849488,238.0079479658982,238.1156887870701,4328100
2023-07-18,235.82374572753906,238.1842245344746,232.79721378361,238.10588116634375,7674000
2023-07-19,236.46041870117188,237.60638116909803,235.18712208836877,236.29391286689085,4835500
2023-07-20,234.69737243652344,236.64649634060933,234.15868329324556,236.2057438845998,4695000
2023-07-21,234.3349609375,235.41236903488075,233.8256393873455,234.81489998911863,5427400
2023-07-24,235.79437255859375,236.32327251366647,233.29675539529762,234.75613607327497,6010000
2023-07-25,233.78648376464844,235.8531376604539,233.6591496320325,235.08916275539983,4997500
2023-07-26,232.22914123535156,233.94319010376213,223.00264788893998,226.66582056517262,7551400
2023-07-27,229.62379455566406,233.75710236677267,228.174203055303,232.5425708719551,8160100
2023-07-28,230.90689086914062,231.03422500822032,228.90880600341484,229.7609284533877,6794800
2023-07-31,232.84620666503906,233.52203409093613,231.15175098025512,231.15175098025512,4799600
2023-08-01,234.8540802001953,235.7845608933651,232.13119230465244,232.26831561790567,4627300
2023-08-02,232.67971801757812,233.88444550531952,231.9255322168128,233.72774380068395,4868200
2023-08-03,233.8550567626953,234.13910755133122,230.41716941340002,231.15176187699217,5033800
2023-08-04,234.080322265625,236.94033354932407,232.95393828517638,233.11065491737594,5169700
2023-08-07,236.54855346679688,237.20478758254453,234.29581528704153,234.3056044725346,5649800
2023-08-08,234.3741912841797,236.40167386255047,232.51322949961846,235.48098215712548,5080600
2023-08-09,234.8345184326172,236.9991241811757,234.5700759006671,235.5593217259361,4055000
2023-08-10,235.6686248779297,239.38773918680585,235.59992680340255,236.12001375210033,4778000
2023-08-11,235.5508575439453,236.21814823135085,233.96115895311235,235.51161219688618,3607100
2023-08-14,238.3573760986328,238.77934219810277,235.7667489136574,236.21815276734324,4351100
2023-08-15,235.3448028564453,238.13168678735872,234.87378380542103,237.4840262338093,3770100
2023-08-16,234.8148651123047,236.56158987296513,231.60603043175905,232.1064871775098,3218600
2023-08-17,232.93075561523438,235.88447286483927,232.06722335642402,235.51157474666178,4177600
2023-08-18,233.71583557128906,234.57938294532667,230.89951398563244,231.17427633674893,4344800
2023-08-21,234.981689453125,236.0316708119602,233.3134704215584,234.90318379500468,3573600
2023-08-22,236.07093811035156,236.9148402699043,234.20646236504737,235.51159089473322,3848400
2023-08-23,237.76858520507812,238.00408721816802,236.2181320673988,236.80691704697162,4947700
2023-08-24,234.99148559570312,239.0049917159796,234.88354219272497,237.7194934454176,4570700
2023-08-25,238.03355407714844,238.85784111875554,235.7176893125678,236.8658066148259,3541500
2023-08-28,239.2699432373047,240.64375473559804,238.06295063713108,238.46527152157407,3741500
2023-08-29,240.75172424316406,241.23256580641817,238.84800312236786,238.9461389429255,3975600
2023-08-30,241.62509155273438,243.58768827730322,241.44846503476703,241.81154063731637,4573300
2023-08-31,241.0853729248047,243.38162245774234,240.85967849547424,240.99705966638294,5532600
2023-09-01,243.4699249267578,244.21570625386636,242.15498878155694,242.8418946056601,4112900
2023-09-05,240.75172424316406,244.03907957733364,240.61434307843774,243.705441744916,4459600
2023-09-06,241.55638122558594,242.0470303514227,239.64285262950708,240.8302151289152,4520300
2023-09-07,242.51806640625,242.77319857922814,240.52603201287795,240.9087377590572,4007900
2023-09-08,242.66525268554688,243.49936223908313,241.83115810543458,243.15590184093904,3309100
2023-09-11,242.59658813476562,243.71526769563792,241.66435766294288,242.70453155614035,2995800
2023-09-12,242.67507934570312,243.12646819116168,241.40919611831782,242.321811348924,3499600
2023-09-13,243.1951904296875,245.38348172456452,241.99800515348514,242.52789971460186,5657000
2023-09-14,236.9835662841797,240.94800527677552,234.2849956536145,240.41811072308084,12000000
2023-09-15,236.56158447265625,239.53491707481888,235.54102587234502,237.3760488716311,13077900
2023-09-18,240.08445739746094,240.64378966959862,236.26720742296158,236.43402634529824,4771600
2023-09-19,239.0050048828125,240.53582779234705,236.9442874943711,240.4180767911285,4709000
2023-09-20,237.33682250976562,239.9568873403503,237.15037342517678,239.07372480363176,5756600
2023-09-21,232.1850128173828,236.27702530970123,231.85137495817415,236.2672177162275,6881500
2023-09-22,230.6836395263672,233.3429499188865,230.48738283266582,232.3224061275838,5935500
2023-09-25,228.9958038330078,231.06634413379558,227.86731661994764,230.97803086809714,5921600
2023-09-26,225.3551483154297,228.31867337017206,225.30609537923186,227.5925072386746,6193200
2023-09-27,225.20794677734375,226.36587151688622,223.65749375653212,225.9537280516208,6006700
2023-09-28,227.3275604248047,228.19109271896872,225.37477148048276,226.35606974876896,4203900
2023-09-29,225.7084197998047,228.671944900474,225.35515180784793,228.4854958250768,6045200
2023-10-02,226.94485473632812,227.04297557911886,224.49160906521027,224.9528204492543,5175200
2023-10-03,224.53086853027344,227.41588801671884,223.52013244807307,226.15982735197616,5585700
2023-10-04,226.89581298828125,227.3668320188837,224.59957836899108,225.1883484138879,5430900
2023-10-05,229.11351013183594,229.81023847434076,225.91448324242614,226.10093230479035,6126200
2023-10-06,230.6443634033203,232.1653788788044,228.39719671354342,228.80934023411027,6401300
2023-10-09,230.05560302734375,230.77194667841653,227.36683997725106,228.44627422414882,5372200
2023-10-10,232.17518615722656,233.76488462808058,229.89856689056876,230.50696705133038,4644000
2023-10-11,231.27236938476562,234.04944528925967,230.49715033877163,233.10740733396122,4760900
2023-10-12,232.35179138183594,233.28402169634444,230.49713834458882,232.28310829260144,4472800
2023-10-13,233.22518920898438,234.18685744957074,231.8121171155532,231.96912845336232,4966800
2023-10-16,235.58030700683594,236.20833736505534,233.872842451634,234.53031056309615,6227300
2023-10-17,236.68914794921875,236.963910276487,233.83356629072654,235.1485173979948,4527600
2023-10-18,233.02891540527344,236.32607838993013,232.55789639987225,235.47235363512345,9528300
2023-10-19,229.43736267089844,233.4704994505972,229.044849323941,233.02891819191402,5927400
2023-10-20,229.01539611816406,231.36069839552647,228.289230004526,229.75136982411573,5748300
2023-10-23,227.1999969482422,230.07520878818727,226.95467237027592,227.033178032036,5071700
2023-10-24,230.26165771484375,232.10650345142355,228.53457796519822,228.53457796519822,6844100
2023-10-25,232.4205322265625,234.02003843799037,226.96450054025618,227.9065535933626,10365300
2023-10-26,226.95468139648438,231.20370505265873,226.05188871047446,230.1831613560376,6414500
2023-10-27,224.98226928710938,227.06261692724647,223.7654539838349,226.8467300996748,5540900
2023-10-30,228.72100830078125,229.0154007838442,225.72804550758482,227.84765341752956,5170300
2023-10-31,230.70326232910156,231.31166255219765,228.63272208372967,229.20187695870766,4828400
2023-11-01,234.1181640625,234.5695529220893,231.27238984007445,231.72379367308838,4996200
2023-11-02,238.70083618164062,238.70083618164062,234.72657466060141,235.4233031140225,6286700
2023-11-03,239.04429626464844,240.73213071077157,237.72934502865115,240.53585905200237,5029800
2023-11-06,238.9363555908203,240.20222395326468,238.07280819726108,239.43681239021916,5254100
2023-11-07,240.19239807128906,240.48679056698967,238.82839398218653,238.85783173441413,4219700
2023-11-08,239.85806274414062,240.6841046911439,238.76650195513517,239.44504177063902,5117500
2023-11-09,237.625732421875,240.41854905641935,236.96686465983606,240.27104694749312,4866600
2023-11-10,241.17578125,241.19545320122978,237.9502714922183,239.92687493969785,4094400
2023-11-13,240.60543823242188,241.59865428975718,240.05474358656056,240.9299579355838,4088500
2023-11-14,242.83770751953125,243.8112515245751,241.50029994207202,242.08049495592877,14092000
2023-11-15,243.98826599121094,244.11611116411723,241.26427849548966,242.7098592780539,13258900
2023-11-16,244.4406280517578,245.30599881265877,243.16222135313146,244.4602849971338,7051600
2023-11-17,245.41416931152344,246.08288057943662,244.5291266097607,245.30599609194786,7238200
2023-11-20,245.81739807128906,246.76144175855384,241.5199990872293,245.46337793723882,8604200
2023-11-21,248.03982543945312,249.13138616693575,245.87637593601352,245.87637593601352,7213700
2023-11-22,249.50506591796875,250.31143582713202,248.46267761804216,248.79702575098054,5701400
2023-11-24,250.07542419433594,250.4687731606673,249.28871125637195,249.9672509777996,1640900
2023-11-27,249.91810607910156,250.74414800238472,248.32502308344075,250.07545168505155,5478900
2023-11-28,248.73802185058594,249.92791225181642,247.43011475277197,249.63290802361155,5234900
2023-11-29,250.00660705566406,251.81605151131345,249.30841031371537,249.7017593228158,4955100
2023-11-30,252.41592407226562,252.50442535573137,248.96423896936525,250.02629938686633,6874700
2023-12-01,252.18972778320312,252.64207761481515,249.68207173731517,251.5406734487515,3939400
2023-12-04,250.21310424804688,253.1141092189964,250.1246029791485,251.65868499459341,5247500
2023-12-05,250.38031005859375,250.58682805084229,247.95134155774056,249.96728907940013,4199100
2023-12-06,250.0655975341797,252.56339514949877,249.3182284457674,251.55052224334267,3874000
2023-12-07,251.5701904296875,251.8848816234477,249.28872429083196,250.6556322774611,3589300
2023-12-08,251.4915313720703,251.78655063101408,249.65258649432582,250.76381920071609,3732300
2023-12-11,252.25852966308594,253.35010530258583,250.76379159153365,250.76379159153365,6479300
2023-12-12,255.24806213378906,255.40540773816522,252.1405539712225,253.02559673655853,5946600
2023-12-13,258.0212097167969,258.11955446612217,254.39250754410347,254.84485737827492,4859900
2023-12-14,254.43185424804688,258.87675486682394,252.14054460700987,258.8177540186998,8168700
2023-12-15,253.74346923828125,254.07781737885722,250.22294027347587,250.28194112118902,13374000
2023-12-18,254.07785034179688,255.27758441861963,253.66484435422313,254.4023850569271,6041100
2023-12-19,255.6709442138672,256.0151358917306,252.92731429202337,254.31386446210308,8731200
2023-12-20,252.83872985839844,256.48711886215693,252.8092294356733,256.1724276793535,7240900
2023-12-21,255.22840881347656,255.67091519712895,252.76993998005486,253.2321333211624,6246700
2023-12-22,254.1368408203125,256.87065704628435,253.93033783495753,255.68076649747752,5111500
2023-12-26,254.8546905517578,255.4250420578168,254.23515166772304,254.23515166772304,2085100
2023-12-27,254.62852478027344,255.4545667004373,254.01882931614813,254.9432159909851,4034700
2023-12-28,256.0740966796875,256.6346347521582,254.24501035133622,254.24501035133622,3020500
2023-12-29,256.0249328613281,257.1164785438654,255.35623658676815,256.241279304345,4074900
2024-01-02,254.5695037841797,255.76923767079677,253.38945685330268,255.297200892084,5471000
2024-01-03,253.69430541992188,254.55966116791936,252.59288626586414,254.25481345894906,4148300
2024-01-04,255.29725646972656,256.70352363413605,253.71401673935276,253.78286107822373,3843000
2024-01-05,255.37588500976562,257.1164699632661,254.45149842141547,256.44777371102214,3748400
2024-01-08,258.17852783203125,258.25718561675643,255.6315581518176,256.6051020421207,4659000
2024-01-09,258.9554138183594,259.24060459263717,256.80182283099236,257.64752166495515,7055800
2024-01-10,260.16497802734375,260.9615194507578,258.4932073795891,260.5681704779341,4355800
2024-01-11,259.643798828125,261.7679194163372,258.040872411284,261.0500357419334,5599000
2024-01-12,259.781494140625,261.13854370815443,259.32911427417645,260.7255377560471,4656100
2024-01-16,260.83367919921875,261.2467151353618,257.9917050571849,259.1422515746486,6196400
2024-01-17,262.2006530761719,262.66284647060667,259.99787435066605,260.0273747796466,5118700
2024-01-18,263.6855163574219,264.3148686986883,261.9940888000275,263.4298260256499,6694300
2024-01-19,266.3996887207031,266.6455356150579,262.61364054551825,263.724873309699,7226500
2024-01-22,266.6947326660156,267.82562241891253,265.86866066171024,267.7174341759597,5984300
2024-01-23,266.753662109375,267.3535139876631,265.42608318502874,267.038822833184,5883000
2024-01-24,267.13720703125,268.32709749730475,266.57666895652,268.04193673137235,5021700
2024-01-25,268.08123779296875,268.24842686379344,266.3013089129451,267.4322284866226,6894900
2024-01-26,263.4888610839844,266.3701793869311,261.1877378310415,261.52208599491115,8586500
2024-01-29,269.1138000488281,270.500379887004,262.27924560027503,262.5349359282031,6574500
2024-01-30,272.54583740234375,274.01110517261696,269.63501882902864,270.0283678237029,6549000
2024-01-31,268.720458984375,275.3386371878725,268.64177118396157,272.5163200627468,6139300
2024-02-01,272.4475402832031,272.58522896124384,268.81883740251067,268.8483678426136,7065000
2024-02-02,272.5753173828125,273.87339597742243,271.1002362554655,272.9981667701074,4848700
2024-02-05,271.0018615722656,273.38167206613804,270.55935528930934,272.79163367826396,4899100
2024-02-06,272.16229248046875,272.2802941607255,269.4776342122271,270.2348316676079,4400000
2024-02-07,274.74859619140625,274.89609828645507,272.4572869427844,274.7387527148699,4785900
2024-02-08,271.70428466796875,275.52694750015064,271.2116740981837,275.40872577405236,5833400
2024-02-09,272.34466552734375,273.08358136338717,270.0392517268757,270.93580654926257,4618300
2024-02-12,271.0047912597656,272.58115112653405,270.1870408610098,272.3446776032524,3676200
2024-02-13,271.7338562011719,273.8914930300068,268.72894357405136,269.7043029387208,5493800
2024-02-14,273.4580383300781,273.5368728761727,270.6501514402117,272.3841506554552,4218400
2024-02-15,276.82745361328125,276.96536894169213,273.4579840015479,273.54665029836144,4834800
2024-02-16,274.4432067871094,276.96537057769405,273.76340177429296,276.807731582462,6630700
2024-02-20,271.0835876464844,272.7486137599143,269.30033980821776,270.51217262091944,6157200
2024-02-21,272.6698303222656,272.8767183566813,269.4875550060919,270.57130434492547,4770100
2024-02-22,279.55645751953125,279.8618736228623,274.8569641941773,275.05399035337473,5100200
2024-02-23,279.40875244140625,281.7240283916237,279.31022430311833,280.51219543047165,5107700
2024-02-26,279.95062255859375,281.1329001290754,278.48265246294255,278.8570413624807,3856900
2024-02-27,278.985107421875,279.97032864655483,277.37919201499636,279.97032864655483,4145200
2024-02-28,281.40875244140625,281.90136306989547,277.91119893919273,277.930922606935,4358800
2024-02-29,278.46295166015625,281.438309044617,278.0097282321369,281.2806700348581,6633700
2024-03-01,278.97528076171875,280.6994181222888,277.940780305435,279.0146980343141,3955700
2024-03-04,276.38409423828125,278.8175917363102,274.0195694382826,278.63039730826455,5920300
2024-03-05,275.2511291503906,276.8373209972948,273.5762409286975,276.127960464957,6227900
2024-03-06,276.28558349609375,277.8323880497936,275.1821405244189,275.86194558135537,4535200
2024-03-07,274.14764404296875,277.0146411684114,272.0786736356164,276.72891861916827,5668500
2024-03-08,275.9013366699219,277.5072519399692,274.7091974417077,274.8766982649203,3928800
2024-03-11,276.4136962890625,276.6205843514818,273.88167023346307,275.32011503541986,4614000
2024-03-12,279.7239990234375,280.27572045597077,276.1476414780989,277.1525562159495,7988700
2024-03-13,280.9259338378906,281.8717375909231,279.6254348858715,280.4530169280948,5783800
2024-03-14,282.1772155761719,284.7683522169831,280.34468845710944,284.6895176814504,5484500
2024-03-15,278.8570251464844,281.40874452226245,278.4629426680962,279.3594675281388,9845000
2024-03-18,280.83721923828125,281.99980280766005,279.06383355826733,279.67466573545977,4095600
2024-03-19,283.1033630371094,283.8028617821618,281.0343921734388,282.42355789523805,6595200
2024-03-20,285.00482177734375,285.58609874719775,282.4826576076249,283.38907444982163,6105000
2024-03-21,286.0787048339844,286.65998179454783,283.6452070138259,285.68462232624603,5057600
2024-03-22,279.0738220214844,286.1969534660685,278.70929491591716,285.7142046037304,8744100
2024-03-25,277.0540466308594,279.3102116088779,275.9013546583214,278.82746283974365,8519200
2024-03-26,276.453125,279.9309552657014,274.29548777435775,279.9309552657014,8752400
2024-03-27,274.89642333984375,277.0934775592105,272.8865936305422,276.10825630566666,5190700
2024-03-28,274.9555358886719,275.66489639821765,273.0245106385733,274.3742589535196,5844400
2024-04-01,274.1673278808594,276.7387705993727,272.6993580557942,276.21657454985336,5084000
2024-04-02,274.32501220703125,275.20184350074396,272.8865975747057,273.891512443881,6912300
2024-04-03,272.8668518066406,276.33484963096123,272.47276934475815,276.33484963096123,4536600
2024-04-04,269.9505920410156,274.95550219701386,269.5170923346028,274.2461417743895,4018600
2024-04-05,273.04425048828125,273.85210911840716,270.9654178727937,272.0196118989753,4392100
2024-04-08,273.655029296875,273.871779147034,271.083586526054,272.167335776849,5542400
2024-04-09,272.6304016113281,273.89148349815343,269.2806556681886,273.52695647824856,7313900
2024-04-10,270.4235534667969,272.7289677026743,270.0688581638945,271.34966389487175,5276000
2024-04-11,271.6057434082031,272.3939383216868,268.1574695864365,269.9505791897299,8102300
2024-04-12,271.8816223144531,272.90626073730317,270.0097081277627,271.4776780317279,9038400
2024-04-15,267.2708435058594,273.80286579077136,266.34473304234297,273.7831721879662,10267500
2024-04-16,267.33978271484375,270.07869648999673,266.1772288970704,266.54175593598535,8237100
2024-04-17,268.65997314453125,269.9506105194267,267.48755750373846,269.26094364840793,5940900
2024-04-18,267.3594665527344,269.11315904881087,265.8717729510428,268.54174399424033,8231800
2024-04-19,265.7929992675781,267.98019174106867,264.32502916206295,267.45802565835356,7905400
2024-04-22,268.3052673339844,269.7141564541925,265.37915926365054,266.9456873786569,6463700
2024-04-23,270.0589599609375,270.8274613359711,268.6796563388848,269.96046189737683,6438000
2024-04-24,270.95550537109375,278.8175808421241,270.4333393728859,278.3939429706005,8807200
2024-04-25,271.0934753417969,272.1378074329022,266.49247900087516,268.93583845799714,8064600
2024-04-26,270.4629211425781,272.6796689093154,269.78311608878676,270.9456999903768,6840600
2024-04-29,267.8225402832031,270.4136769744962,267.0836243476587,268.2954573059155,4128600
2024-04-30,264.6402587890625,268.0589776421362,264.61070335497806,266.5318967701639,6376400
2024-05-01,263.3693542480469,266.90629496089207,262.7683536452683,264.18707466396404,6119900
2024-05-02,263.6549987792969,265.4875256226562,262.70919496116113,265.3693039037094,5061700
2024-05-03,264.5220642089844,265.46789832991874,262.5614833914534,265.0245367065702,3862000
2024-05-06,268.64031982421875,268.7486797412052,265.5861276135077,265.66493209253696,3958700
2024-05-07,272.374267578125,273.7732950297811,268.7979095088898,269.67477088302957,6377100
2024-05-08,273.093505859375,274.43339245089845,270.8570642397428,273.6944764453047,9029700
2024-05-09,274.4234924316406,274.66979770558066,272.3151048547645,272.7091872797562,8948800
2024-05-10,276.59100341796875,276.876725998399,275.1131715466326,275.4185877280501,8986400
2024-05-13,275.2609558105469,277.98014578156506,274.97523325396634,277.30034077216953,10528400
2024-05-14,273.6353454589844,275.85209331284284,270.2166264550378,275.3102336418598,18526100
2024-05-15,277.3397521972656,277.56636388448015,272.975229742783,273.05403420506093,21288400
2024-05-16,276.21453857421875,278.7216401229303,275.6420659986968,278.08991716298056,10341500
2024-05-17,276.4711608886719,277.270664496175,274.4970719571172,276.42179059205904,6177800
2024-05-20,274.9313659667969,276.6389335649095,274.5760143058645,275.602548954751,5460900
2024-05-21,272.3749694824219,274.82282081277805,271.31882453084495,274.3983988640096,6578200
2024-05-22,272.009765625,274.47737737910745,271.5557334964641,271.9604254388034,4202500
2024-05-23,270.6772766113281,273.8456816370257,269.49281093256707,271.6741712667016,6115900
2024-05-24,270.9338073730469,271.67409067210735,269.80859242202126,271.4470897386064,4339700
2024-05-28,267.46929931640625,270.9041945111603,266.72901602481903,270.67719357995094,6212100
2024-05-29,265.3768005371094,267.6272911749943,264.7845978663093,265.51500124177016,5469700
2024-05-30,267.7851867675781,268.12080843766523,264.83393306550886,265.21889491649733,4901900
2024-05-31,268.9301452636719,269.22627669715774,265.52485969514976,267.9233706831208,8910000
2024-06-03,266.8771057128906,269.591478179259,264.5871551664789,269.55198796371155,4838800
2024-06-04,268.890625,269.45321736553393,265.820901523039,266.13676293252604,4188500
2024-06-05,270.9437255859375,271.3681475077985,268.49584428856116,269.98629117952504,5368700
2024-06-06,273.4508361816406,273.55939662570955,270.5291625656523,271.2398358611346,4862400
2024-06-07,275.0597229003906,276.6981903750235,273.27314452064377,274.11213842752596,4515600
2024-06-10,271.47674560546875,274.951131630448,269.8382480128212,274.53658978156454,5213800
2024-06-11,271.11151123046875,271.299021962775,268.69324028894096,270.98319063293866,6244600
2024-06-12,266.81787109375,274.00355370409176,266.403299158331,273.18428991716115,7536600
2024-06-13,267.6766052246094,268.3379081831795,265.8308367956515,266.81788131357195,7361200
2024-06-14,267.1534729003906,268.0319268580065,265.7814665614855,266.60073037999655,8537300
2024-06-17,267.65692138671875,268.3083443734651,265.51502115928076,265.51502115928076,9258200
2024-06-18,270.07513427734375,270.3515055559987,267.7851836129398,267.7851836129398,6707500
2024-06-20,273.2336730957031,274.4378686231006,269.5618662516886,269.6506966444218,10164400
2024-06-21,271.65435791015625,273.9443081216676,271.0226350426203,273.5791065173378,14594700
2024-06-24,272.7203674316406,276.7574057092699,271.7037128606876,271.7530831561393,24149600
2024-06-25,269.9862976074219,274.32928765205526,269.9862976074219,273.2632927797817,18325800
2024-06-26,270.055419921875,270.90426385484994,268.22938131077234,269.37435670950583,12172000
2024-06-27,263.1361999511719,267.0843781058789,263.04736955735603,265.0313387192031,10529100
2024-06-28,259.069580078125,265.12016789189846,257.8653845415974,263.73831156855744,13957300
2024-07-01,259.82958984375,262.32681127482743,257.9147210648929,260.37248240315444,7955800
2024-07-02,264.7550048828125,264.7550048828125,259.0005175403535,259.8296314553923,8697800
2024-07-03,265.5050964355469,266.25525991166137,264.67598265141373,265.58407686577385,5017800
2024-07-05,266.8573303222656,267.0448711826576,264.7648008507418,265.51496429230957,7986400
2024-07-08,262.9486389160156,267.92335144370156,262.52421702625963,266.74876612296725,8561100
2024-07-09,262.0010986328125,264.08374810208585,260.500801813083,263.5408856673846,6431300
2024-07-10,259.5927429199219,260.06653519586337,255.16092208104328,255.76300485881166,9635500
2024-07-11,259.1485595703125,260.2145846556575,257.38177134324764,258.73401768773215,8803600
2024-07-12,262.29718017578125,263.9356775629029,260.24414099177443,260.9153239824876,6627800
2024-07-15,264.9721374511719,265.751881004632,261.8135826521019,262.22815464183657,6845200
2024-07-16,265.76177978515625,266.7093342426497,263.9061309693307,265.041226325586,7869900
2024-07-17,269.16705322265625,269.3743241380767,264.76481296614764,264.96223391944886,5324700
2024-07-18,265.6630554199219,270.07514610895043,265.08070270446586,268.76239000838206,5550800
2024-07-19,262.02081298828125,267.43970753756673,260.88571788774743,266.8178647104187,6839900
2024-07-22,264.2417297363281,264.92279299305784,261.58657706814165,263.7679675557954,5313600
2024-07-23,261.3595275878906,264.23183076348005,260.4415532889436,264.0640199408571,8109200
2024-07-24,250.87710571289062,253.86786448702082,249.85058603131748,252.75249935154562,13065900
2024-07-25,250.4526824951172,254.87463773764222,249.4261477577695,252.08129993237114,8573300
2024-07-26,256.0985412597656,257.8160190637147,252.278684107085,252.278684107085,7062200
2024-07-29,258.21087646484375,259.306481525253,255.2299824590675,256.9474605666599,6068100
2024-07-30,259.69146728515625,260.8759028549783,257.628547471335,259.8197879160517,5941800
2024-07-31,262.2281188964844,262.90915187172476,260.82650248837655,261.1127538203112,7642500
2024-08-01,262.4847106933594,263.5408554332261,260.757382989209,262.8795224298671,7269700
2024-08-02,263.1263427734375,264.48846917494626,259.4742957357257,260.4119700557737,7017900
2024-08-05,253.11767578125,259.51373452513144,251.21267220151626,258.0627780096206,9631300
2024-08-06,254.9141082763672,257.11519811285024,252.45636218370188,253.17690041221064,21586800
2024-08-07,253.1966552734375,258.6352803433375,252.98938435366935,256.29598959646995,12908600
2024-08-08,256.4637451171875,257.0757379762813,254.578516733113,254.78578763252847,8223700
2024-08-09,256.9088439941406,258.64950543959316,256.16707610935555,256.32532354668984,7228100
2024-08-12,257.0374450683594,258.7286675468242,256.39455536423316,257.64073518132057,26769400
2024-08-13,257.2747802734375,258.80775517589905,256.4242040630365,257.2747802734375,12005700
2024-08-14,258.2737121582031,258.62974626961955,255.90003068497225,258.00665639202714,8552300
2024-08-15,263.8715515136719,264.4551021467704,259.95502551276667,259.95502551276667,7397800
2024-08-16,264.4452209472656,265.4935838893964,262.4770730020113,263.92103947620024,5111100
2024-08-19,263.545166015625,265.36496613614923,262.31878619546114,264.48475067307976,6555900
2024-08-20,265.09796142578125,265.09796142578125,262.86275786448476,264.0693681697936,6803600
2024-08-21,265.2561950683594,266.31442759491796,264.45508820546564,265.612229148485,6639700
2024-08-22,264.9990234375,266.54189805803236,263.6440657422666,265.98804717797503,4425200
2024-08-23,264.5045166015625,266.2550777897824,262.39789116503783,265.75069619671456,3697400
2024-08-26,265.26611328125,267.40240870041964,264.73206206342,264.7815011893839,4612200
2024-08-27,267.7485656738281,267.97605204868364,264.94964116812605,265.5727009049103,6594100
2024-08-28,266.2353210449219,268.9947059178316,264.73201572388655,268.1836991521918,5455100
2024-08-29,271.30908203125,272.96073527660326,267.48156382376976,268.00574535792515,5565100
2024-08-30,273.3365173339844,273.9497072934235,271.2496914924987,271.9815594850406,6296100
2024-09-03,275.4827575683594,278.9937807482963,273.3365621756202,273.3365621756202,7278300
2024-09-04,277.4112854003906,278.5585566691658,275.6409544699037,275.6508241840625,6107500
2024-09-05,275.5617980957031,278.4101913838389,274.36508778458017,277.91567949861,6447400
2024-09-06,276.3035888671875,277.2036041949525,274.3848801785654,274.7211446665305,7187700
2024-09-09,282.47509765625,283.82018583647124,278.5585715179422,278.993744442489,10933900
2024-09-10,282.20806884765625,283.256431740462,280.45750745478927,282.79158931194524,5314400
2024-09-11,280.84320068359375,282.0399412594647,275.2453221366819,281.89156353762405,6281800
2024-09-12,282.23773193359375,282.86082178983133,278.38054494570946,280.8827740850073,4160800
2024-09-13,284.1960144042969,285.5707418853645,282.4157533329681,283.34543818316337,4987600
2024-09-16,287.2916564941406,287.7070296055238,284.5817106428442,284.88830561925977,4458900
2024-09-17,288.35980224609375,289.85323797476497,286.89603602674515,287.7070428583821,5135700
2024-09-18,285.3135986328125,288.81472117717624,284.9674342639328,288.6367041357905,5890000
2024-09-19,282.10919189453125,288.2807220866763,279.76520987870526,287.8949882447724,10382100
2024-09-20,281.644287109375,283.84982097432277,280.1409818500938,282.3662853246312,27810900
2024-09-23,285.4619140625,285.70916998637597,281.49591938509496,281.77284481253173,6505600
2024-09-24,269.7859191894531,277.91569628084494,269.71668027751355,277.1046894962697,13690200
2024-09-25,266.6705017089844,271.2397870017281,265.2858743752154,271.1804479861817,11671300
2024-09-26,268.7078857421875,270.2408605996803,267.03643306137957,267.5309449744562,9552500
2024-09-27,272.1496887207031,274.9288431472739,269.785907382367,270.1617412506054,6509600
2024-09-30,271.93212890625,272.6639969217782,270.20133710971203,271.98156802739135,5969900
2024-10-01,274.5530090332031,275.99697530964835,271.3485514423519,273.92991921879843,5781600
2024-10-02,273.9595947265625,274.5925844511293,272.34748109083097,273.53432173308806,4741600
2024-10-03,273.8211364746094,274.6420431959103,272.8123429844248,273.6332497057257,3036700
2024-10-04,274.8794250488281,275.3838369325352,272.0805004909171,274.3058044259312,4259300
2024-10-07,270.7848815917969,274.5728301220624,270.2409002979349,274.5530605083755,4339300
2024-10-08,271.9419860839844,273.06948774711844,271.0024315473182,271.6947301244493,4370900
2024-10-09,273.890380859375,274.44423182770663,271.4079513993001,271.98157197985284,4115800
2024-10-10,274.4244384765625,274.62225531211783,272.3277128231666,273.7420096312916,4063900
2024-10-11,274.7903747558594,275.7398291727192,272.34748471111936,273.0101439514207,4746300
2024-10-14,277.5992126464844,278.2816415315378,274.93873602101263,276.0167684176271,3996600
2024-10-15,276.2244567871094,279.5376924484856,275.76948412206804,277.9156789803071,5807000
2024-10-16,284.3641357421875,284.4432745550265,275.2948036447478,275.5618292271988,9442700
2024-10-17,287.20263671875,287.73668784103484,284.4531215703572,285.4026061529749,8815800
2024-10-18,287.4300842285156,287.84548749373874,284.9179553926671,286.73778569662414,5350900
2024-10-21,283.7015075683594,287.2520996950924,283.18719583106986,286.4213232532559,6313100
2024-10-22,281.6640625,283.38495404611996,280.4178830037849,281.9211881328293,5736500
2024-10-23,280.64544677734375,282.9201897979452,280.4179604022373,282.9004201846117,5249300
2024-10-24,280.111328125,280.5069316173495,278.6376922883882,279.2904516329402,4679900
2024-10-25,278.6377258300781,281.96083178497474,277.69814101285806,280.88279931094166,4464600
2024-10-28,281.0706787109375,281.51575149805836,278.4398717569286,278.9442835579841,4306200
2024-10-29,278.78607177734375,282.5641504549086,278.2618902988157,281.14982328830837,7534800
2024-10-30,286.97515869140625,292.53346779757067,285.1652281767325,289.13122340116183,9606800
2024-10-31,286.6685485839844,293.0873032558338,286.4410622489125,288.883952192088,7950200
2024-11-01,287.54876708984375,289.4576059436179,284.0377447078547,285.3234635620057,5470700
2024-11-04,288.6466064453125,289.9323253317725,287.56857410887204,288.3498811912445,4281600
2024-11-05,290.07080078125,291.5444365951179,288.37954833994513,288.5081262640619,3753700
2024-11-06,304.02593994140625,305.60838421333796,299.49622377289853,302.95780741285546,10320500
2024-11-07,302.4434814453125,304.25341199420274,301.0786538848571,304.12483406440464,6237300
2024-11-08,304.4907531738281,307.7347500379499,302.3346885287191,303.52152916448046,6240600
2024-11-11,307.5072937011719,309.0105990139976,305.905049789044,306.6863870435086,4674100
2024-11-12,307.0316467285156,307.7252614664828,305.30745300158225,306.22901681287175,4616400
2024-11-13,306.6650390625,308.12166942881066,305.03994167859054,306.6749275411851,4046400
2024-11-14,305.44622802734375,308.4585853451614,305.0300349463306,306.4866653698808,4415800
2024-11-15,306.82354736328125,307.89371044147214,303.8706423808781,304.7624499860359,5106300
2024-11-18,309.3206481933594,309.56837423494426,305.8921282450232,306.6650322851682,4585600
2024-11-19,309.0134582519531,309.39000665885465,305.70384209444103,307.18027956782373,4885500
2024-11-20,304.59405517578125,309.4494796858251,303.4346839614257,309.0233678993548,6349900
2024-11-21,307.0812072753906,308.09194891872653,303.8607686071072,304.5048502927646,5757100
2024-11-22,307.10101318359375,308.75580610269594,305.0993675401375,305.16873808500833,5919200
2024-11-25,310.3412780761719,310.8070042436528,307.04155026997876,309.0233586013876,14189300
2024-11-26,308.9837341308594,311.6393499507424,308.7062821831103,311.34209080672355,7071500
2024-11-27,311.8375549316406,313.49234796399094,306.67492242425953,307.94327855444243,5204300
2024-11-29,312.2140808105469,313.3734520256155,310.8466584214865,311.4312882684027,3853300
2024-12-02,313.7698059082031,314.5328214885692,310.8565451686143,314.01753195585525,5597500
2024-12-03,310.1629333496094,314.4337280328339,309.9250957783882,314.21572789921237,5009900
2024-12-04,307.0812072753906,310.0043867779849,305.9912066012031,309.578305227165,5981800
2024-12-05,306.2686462402344,308.2603732901632,306.02092019880024,307.16048418139343,5200100
2024-12-06,308.18109130859375,309.71698055509125,305.9911714926289,306.06054203666247,4302700
2024-12-09,305.4957275390625,310.16290770848843,304.8417574322579,308.9936178666401,5785300
2024-12-10,309.53863525390625,310.1331837766131,303.8508552559972,304.5642771952526,4539500
2024-12-11,310.93585205078125,312.67982296183976,308.3793021598012,310.1926738657285,4321800
2024-12-12,311.371826171875,312.67979668525186,310.57908469710617,311.9564559995197,3218500
2024-12-13,311.8771667480469,314.06708672221254,311.4808111306398,312.9572486574793,4682200
2024-12-16,313.0166931152344,314.67148593506386,311.2429664084784,311.87712927212823,6562500
2024-12-17,315.40478515625,315.93988187514907,312.27355459082924,312.94736216870484,8843900
2024-12-18,306.9622802734375,318.69458154734065,306.74428015517265,315.6029654992168,10479200
2024-12-19,312.0158996582031,313.98778921505397,308.3991056042829,308.9936238947946,8317100
2024-12-20,314.8201599121094,317.08933896124967,309.43955744920964,310.71783231409603,24387000
2024-12-23,314.3346252441406,315.0778033792705,310.4998309052697,312.7788984236697,7984600
2024-12-24,317.7333679199219,318.61528701279235,314.3940262113942,315.27594530426467,2684100
2024-12-26,317.9910583496094,318.5261550644452,316.55423521828936,316.86141308939995,2856000
2024-12-27,315.7615051269531,318.5756691509963,314.6715045655296,316.3659421146555,3489200
2024-12-30,312.4419860839844,314.22560146350486,310.38091875120523,311.81771162915373,3478500
2024-12-31,313.1653747558594,314.770634736431,312.32310013000483,313.24463378700017,3963800
2025-01-02,311.5402526855469,316.77222528673946,309.56836314198955,314.88951348615774,5369500
2025-01-03,312.04559326171875,313.0464160137732,309.1719776084834,311.322222429839,4271300
2025-01-06,310.192626953125,312.5212576287812,309.231448769556,312.1447092335696,6567300
2025-01-07,308.8350830078125,312.32305442754614,308.48826053732944,310.0439871757871,4958600
2025-01-08,309.75665283203125,311.1835572709654,307.3883773257462,308.1712000954382,5161600
2025-01-10,304.9111328125,309.0134908488646,303.2067763235751,308.36940914595635,6660100
2025-01-13,304.1283264160156,304.1283264160156,301.07632458529287,302.2257770711499,9568400
2025-01-14,306.278564453125,307.33883916631174,304.72283765788785,305.94166066613013,5107600
2025-01-15,313.40313720703125,314.30486353710495,310.2817954429253,310.8267805839625,5222000
2025-01-16,314.36431884765625,316.2767564612195,312.87796273017324,312.87796273017324,4606700
2025-01-17,316.7127990722656,317.6739773665077,313.8292641895394,314.61208698340585,5805800
2025-01-21,320.6863098144531,321.62765059801967,317.08932296862866,317.396500831055,5653000
2025-01-22,320.616943359375,322.77710714206955,319.447683723604,321.8159289099539,5026500
2025-01-23,325.224609375,325.5218987336218,320.626830313568,320.815104502031,5297100
2025-01-24,327.1965637207031,328.07845269289544,324.82828827763444,325.03636968275924,4327500
2025-01-27,331.4971008300781,332.4384416797574,325.0661119837602,326.9983872773065,6636500
2025-01-28,331.4376220703125,334.75712669159793,329.86208814295765,331.6258962729518,5999600
2025-01-29,332.8249206542969,334.04371351474384,331.45746796599275,331.45746796599275,5087300
2025-01-30,339.9296569824219,341.30702826782493,335.9165072659505,336.4218780598746,8081300
2025-01-31,338.6910095214844,348.05506536904755,338.60183178122105,343.31854497732616,8624100
2025-02-03,342.6744689941406,342.8528244775998,336.1543029699678,336.90739977567614,8004500
2025-02-04,342.01055908203125,342.8627523702409,339.42431378268606,341.4655738991025,5532600
2025-02-05,346.26153564453125,346.301180276247,342.1096449921182,342.8528230768223,4939100
2025-02-06,344.3193664550781,347.46051550765304,343.44736601146326,346.5984337818044,4294500
2025-02-07,344.8544616699219,347.55964096640815,344.0518317037109,344.83465447272994,4261200
2025-02-10,348.0352783203125,348.6991671718126,344.53738785197555,345.5282920100313,6067000
2025-02-11,348.11468505859375,349.5042791298253,343.67788914806516,345.71264864977434,5154800
2025-02-12,348.8789367675781,349.2164074329278,344.90865088222534,346.5662585673462,6760100
2025-02-13,352.9881896972656,353.43482867534993,348.12459564923915,350.49682566406943,4279200
2025-02-14,351.1817321777344,352.7896932169901,350.596118607319,351.79712168254787,5720300
2025-02-18,354.0800476074219,354.0899527247787,349.7821959826771,351.06262171904,5822000
2025-02-19,352.5911865234375,354.49690684959194,351.54896826896316,353.3752962027272,4152300
2025-02-20,347.8863525390625,353.4844699717451,346.46698265690856,352.5911617384743,5697000
2025-02-21,345.94091796875,350.6953435817881,344.8987300875696,347.8863494826955,6924100
2025-02-24,347.2610778808594,348.19409758782973,344.7796489348489,346.1692733773193,5055900
2025-02-25,349.4745178222656,349.97080360353914,343.4297606412601,348.7598650855966,6191900
2025-02-26,348.0253601074219,349.21642776785734,346.39752826001717,347.40003519752565,5960600
2025-02-27,353.0973815917969,357.63344069207915,349.06754365801817,349.28591060328654,7298100
2025-02-28,360.015625,361.29605080435203,351.0824808867056,352.0750524548494,15857300
2025-03-03,359.1322326660156,363.81717142634926,356.86917082446587,360.3034597833793,9099600
2025-03-04,349.61346435546875,357.5937172692121,347.79704157872015,357.43490219702966,8955800
2025-03-05,350.06011962890625,351.47948964577205,346.3479118029868,348.2238562418129,8244200
2025-03-06,341.6033935546875,346.27839659846916,337.86141009632325,343.3900100467039,8611100
2025-03-07,342.7547912597656,343.81685001477626,336.62070677393535,338.3378360507605,6358700
2025-03-10,338.943359375,342.4471358958823,335.1318880827478,337.4147906363076,8204300
2025-03-11,329.6727294921875,337.0872098989899,327.13171845399165,335.89614221230545,9776100
2025-03-12,330.36749267578125,333.662837308143,326.66519009566895,333.47424630087136,6295400
2025-03-13,326.109375,333.7025716918127,325.26571340391433,328.5312520376789,7915300
2025-03-14,329.335205078125,330.29800062574157,323.95548461728515,324.7793056180254,7810600
2025-03-17,332.06475830078125,333.6131673013663,327.31036298183636,327.57834636201903,6149400
2025-03-18,332.2831726074219,333.30552010988146,329.8315196250934,332.7993292084681,7778300
2025-03-19,337.3452453613281,338.49663184920973,332.015141655727,334.29804381683005,5614900
2025-03-20,336.97802734375,339.69766358563754,335.1516994018881,336.4817415891937,5432700
2025-03-21,333.1665954589844,336.90857958250007,333.0276208917873,334.86388445718694,17279700
2025-03-24,341.3155822753906,342.65555995835115,335.14178587400806,336.1343574479224,5675100
2025-03-25,342.05999755859375,342.96324129038476,338.13935816971735,342.00044568976176,3931200
2025-03-26,341.6232604980469,344.79950149712596,340.4520333673521,343.4198125365693,6187100
2025-03-27,347.2610778808594,348.2338089324125,340.7696815675302,341.44462297103365,7254800
2025-03-28,340.30316162109375,349.0080032008069,339.07235230257794,346.5960616066312,5687600
2025-03-31,347.8565979003906,349.24619193619026,332.0052299024805,336.8291431228227,9950800
2025-04-01,343.7771301269531,347.8466791580807,340.02521123181765,347.83674375043194,7473300
2025-04-02,343.75726318359375,345.61339727308604,340.501629980197,340.88874739233717,5682500
2025-04-03,336.8688659667969,342.1790994173941,328.541176293924,331.419627671556,8792900
2025-04-04,310.80389404296875,332.16402012770556,309.80138721423106,327.548569076171,13201700
2025-04-07,309.99993896484375,319.78667944095287,296.778879280273,299.8260810630953,12163400
2025-04-08,305.97998046875,323.85620142025994,301.6722241446554,319.84620440555227,9569300
2025-04-09,329.9605407714844,331.54866125033834,303.36957174968546,303.36957174968546,11361800
2025-04-10,322.1986083984375,327.707398198318,310.94285163126773,325.5832807256775,8709800
2025-04-11,330.92333984375,334.4767628604182,320.144027639236,322.019972067207,6804500
2025-04-14,332.69012451171875,337.0872092038152,330.66530036126704,333.9109984216604,5011800
2025-04-15,333.3154602050781,336.86888342808714,332.51147964770786,334.21870397872834,4386200
2025-04-16,328.86871337890625,334.7149742599511,326.4170604757067,332.51146424051313,5850600
2025-04-17,327.1614990234375,331.8365329043558,326.0002072551973,328.610675317875,5655900
2025-04-21,317.7221374511719,326.70489724705635,314.29775372186907,326.55601758292966,6362300
2025-04-22,328.9382019042969,330.08958852422495,319.99515293739404,321.45420402020414,5435500
2025-04-23,331.8861389160156,338.7150359152207,330.72484718434157,334.7348143715311,8906000
2025-04-24,333.2161560058594,334.26827932908634,328.7892957803454,330.8042146303982,8055200
2025-04-25,332.68023681640625,333.8713045630103,329.7025220135741,332.27327882511344,4452800
2025-04-28,335.0028076171875,336.81920008518114,332.53128405109055,334.27821953702613,5422900
2025-04-29,338.9830017089844,339.7274303206624,333.9605924321336,335.9854467373435,5519500
2025-04-30,342.9334411621094,343.9458531517072,330.76450530796507,331.95560318233197,9526700
2025-05-01,339.9061584472656,343.15185669279526,337.59344964337026,343.0128821283909,5849900
2025-05-02,345.0178527832031,347.4893460773067,343.5488360869076,344.6406707739598,6113700
2025-05-05,346.0501403808594,348.44221102662306,343.54884082856637,344.4223085902637,3865300
2025-05-06,345.11712646484375,347.05262273661964,343.1915353103797,343.8267653261146,3438500
2025-05-07,347.2511291503906,348.5414599239066,344.63072597288647,346.1096780367608,5454000
2025-05-08,348.66058349609375,352.69042140438404,348.34298363388575,349.38517160328274,4156400
2025-05-09,349.921142578125,351.17176198986505,348.065038839084,349.2163950490349,3086600
2025-05-12,353.2065734863281,359.2017138134001,348.5216348059256,356.4721421949445,7985400
2025-05-13,354.0815124511719,356.7957135338314,352.53050139384237,353.46507058705555,5406200
2025-05-14,354.3996276855469,356.3383686851556,353.15685277328083,354.60843571646035,6207600
2025-05-15,360.20587158203125,361.6276291533864,354.6183603822515,354.8271684149894,5826100
2025-05-16,363.0096130371094,364.0734357526713,358.80408172233535,360.8521725598763,5838100
2025-05-19,365.77349853515625,367.01627342168587,360.22576479180896,360.9217005235553,5081500
2025-05-20,364.71966552734375,366.1215193850763,362.58209856997917,365.6542347658321,5281400
2025-05-21,356.22900390625,363.87455791983723,356.01027429871647,361.6176895057481,6125500
2025-05-22,355.9009094238281,357.9191746673327,354.4990556821056,355.69213173413715,4936600
2025-05-23,351.49652099609375,353.9422935175656,350.1841434124028,351.7052986849405,5345900
2025-05-27,357.22320556640625,357.91917164775055,352.4310886053113,353.3557058501838,6316000
2025-05-28,357.6507263183594,358.8238984881941,355.9704923034339,357.26296600359996,3299000
2025-05-29,360.3052978515625,360.9416131728053,356.64657577796976,358.2671591242516,4590400
2025-05-30,363.0791931152344,364.9185061271794,359.2613920730208,359.2613920730208,8726900
2025-06-02,363.20843505859375,363.3476100725079,357.8794004131082,360.6731560117977,3845700
2025-06-03,363.74530029296875,364.759424071339,359.4105158276682,362.47269995679756,5221300
2025-06-04,365.8729553222656,367.5233641421073,364.19272111645273,364.590403043131,4202300
2025-06-05,364.6500549316406,368.8556164135767,363.8149137807032,367.86139642324355,6881900
2025-06-06,368.0801086425781,368.85559898474776,365.4255280436987,366.8771110066502,5008500
2025-06-09,364.5406799316406,367.6525931394453,359.95731031770026,367.6525931394453,4999900
2025-06-10,368.557373046875,369.29308615148983,364.5605891535765,364.8787468414267,4109300
2025-06-11,371.1522521972656,373.33954825373667,367.2449750220648,367.8613865449288,5562700
2025-06-12,369.2532653808594,372.0072739266105,367.4139524946883,370.07848489023866,4874000
2025-06-13,350.8105163574219,360.9117947171911,343.0058836609573,359.42046478823045,14181700
2025-06-16,353.42535400390625,358.13794732782026,352.28197667440344,354.42949562156616,7234700
2025-06-17,355.77166748046875,357.5215043223713,351.2778041760744,351.44680457851234,5559600
2025-06-18,338.41259765625,356.4079851502761,336.0861265714273,355.78162171567277,15008600
2025-06-20,336.6130676269531,338.0347949237182,332.98417074968575,336.99087607586944,19332100
2025-06-23,341.76312255859375,342.30993141821295,333.690061070854,335.5492476029829,7553300
2025-06-24,349.5975646972656,352.5106218590836,345.90901719070337,349.4881847257173,10172000
2025-06-25,343.2643737792969,349.25951858703286,343.2643737792969,348.42437750857823,6836300
2025-06-26,344.02996826171875,344.904886774484,340.0530879972866,341.79297311297563,8829500
2025-06-27,346.5950012207031,349.9753733140441,343.66207058124957,344.58668785023735,6601900
2025-06-30,352.9977722167969,353.5545329474738,347.04240457552913,347.33073684929604,7080100
2025-07-01,353.41534423828125,354.9364994508519,349.3887658347658,351.7748874939299,6653400
2025-07-02,352.1725769042969,354.30019172926967,347.9769676803324,352.5503853237964,5131400
2025-07-03,356.7857666015625,356.92497196219716,351.56611171910697,352.5404582199922,3702800
2025-07-07,354.57861328125,357.58114657143045,352.44101614142653,356.8454335264291,5138000
2025-07-08,352.50067138671875,356.20912272568273,351.20819758727356,354.6183647363144,6966800
2025-07-09,355.6921691894531,355.6921691894531,351.7053371426281,353.01771486982267,7297100
2025-07-10,353.8230285644531,355.5529617047032,351.4070811773065,354.7675193867284,6121300
2025-07-11,345.9189453125,351.7649635641954,342.3994284803042,350.4724897455271,7580200
2025-07-14,348.4740905761719,349.9355951083556,343.015832789593,345.382081112289,5598900
2025-07-15,345.01422119140625,348.1857854896148,344.7557446176338,346.10786928409664,4891700
2025-07-16,347.8775634765625,348.64313227631465,343.8012555074003,345.2826639034013,5544200
2025-07-17,347.7880859375,349.3390666663444,346.4657867250158,347.97699015945284,4747100
2025-07-18,347.032470703125,347.4798818290788,345.15341072472773,347.4798818290788,4927600
2025-07-21,348.91156005859375,351.60588769225996,346.3862328294221,347.04242165312115,5216300
2025-07-22,349.8262023925781,352.43108403908155,348.17582404493845,349.0706158942277,4614200
2025-07-23,353.2364196777344,353.72357775115313,349.17998523156797,350.95964746352973,4385600
2025-07-24,351.9240417480469,355.11547933584245,351.8146617746286,352.7691347853894,5887200
2025-07-25,354.9762878417969,355.5827474277071,350.96958278789594,351.9538507970478,3915400
2025-07-28,353.41534423828125,356.24887698280617,352.6796312315113,354.32008797586263,3921000
2025-07-29,349.2595520019531,356.2489173824306,348.78231547952714,354.23065199777454,7402300
2025-07-30,348.8817443847656,354.5587320980825,345.2230220609473,349.66718668152214,12129700
2025-07-31,343.4731750488281,350.78069791357024,343.09536660475925,346.9131676575012,8641700
2025-08-01,337.3885498046875,344.1691372200112,336.14577485354397,342.111094619033,8658700
2025-08-04,340.17236328125,342.3894847802844,338.0347963724263,339.7249824907629,7335300
2025-08-05,335.4796447753906,340.4805701238393,333.6105063349677,340.17236435347024,7295600
2025-08-06,337.7762756347656,339.4565097752272,333.49119008351096,336.34459648145895,5944100
2025-08-07,330.1705017089844,340.1723520439536,326.80011183390815,339.4565124616352,8797100
2025-08-08,334.8333740234375,335.42991202689075,330.8067955971987,331.751286289915,6073900
2025-08-11,333.9584655761719,335.9071281268536,332.57651566265065,334.783685102111,5715800
2025-08-12,335.3827209472656,337.2850261197865,333.46050732909305,333.84894997860204,5682800
2025-08-13,341.1692810058594,342.0955555803865,335.42254892774906,335.62175495109443,5693400
2025-08-14,344.0974426269531,344.6850608988738,340.29286279189733,341.55773293031257,6224000
2025-08-15,343.0815734863281,346.9558785686944,341.4780469796213,344.8543977666452,4946600
2025-08-18,341.3585205078125,344.3364894908787,339.5757572803942,342.45409285637004,3999600
2025-08-19,341.0697326660156,344.9440378209097,340.51199223443484,341.17927471045255,4457200
2025-08-20,342.5437316894531,346.039593838693,341.4680981636876,342.01586914906005,5834400
2025-08-21,342.3046875,343.13132863657773,338.35068820536213,341.50792422632094,6073600
2025-08-22,348.6291198730469,349.7844479666891,343.82854031012994,343.82854031012994,4973200
2025-08-25,347.4140319824219,349.3063676468326,346.0993451607829,348.20082587581777,8019800
2025-08-26,349.7644958496094,351.97554893901935,346.04954976671655,347.28454198788506,5876200
2025-08-27,348.9378662109375,352.00543842090394,348.4299121185624,349.29640058585716,5531100
2025-08-28,348.4498291015625,349.62509605771004,347.1949283640224,349.1868671034665,4987100
2025-08-29,350.36212158203125,351.20870166850244,347.5933278083949,349.0474346520695,3671900
2025-09-02,348.65899658203125,348.7585995956409,344.6850582193853,347.90205015208494,4940300
2025-09-03,349.45574951171875,349.47568835059127,345.8603148655181,347.9319176719724,4176400
2025-09-04,349.5752868652344,351.20869125607726,347.7427068329104,349.3163554918516,4324000
2025-09-05,341.83660888671875,351.19871489948525,338.8287923269697,349.9637226051439,5448300
2025-09-08,340.9202880859375,342.99192130469794,339.625540120141,340.9601353694522,4711600
2025-09-09,342.6034851074219,344.9241107011969,339.91438611386513,340.3127677727729,4646200
2025-09-10,336.7571716308594,341.2290645499819,335.0839503188202,341.2290645499819,6557900
2025-09-11,342.1054992675781,342.14534655170456,336.5081564334102,337.3647058719823,5157600
2025-09-12,338.0618896484375,341.8067443574847,337.80295827006614,339.8446834033817,3518300
2025-09-15,337.6833801269531,341.3286314243895,337.02606713399587,339.2370898085397,4367500
2025-09-16,338.6594543457031,339.16740843668805,332.1258978898668,334.88472202680003,5527700
2025-09-17,344.8045959472656,344.8045959472656,338.15149768935095,338.5698181836777,5763500
2025-09-18,336.8169250488281,343.8783444611386,336.8169250488281,343.34054286819156,7526600
2025-09-19,340.23309326171875,341.30875723821197,336.8866506561266,339.07779550115055,13674300
2025-09-22,342.97198486328125,343.4699695296953,337.2949779029044,337.6435732483086,5621800
2025-09-23,337.3348388671875,343.8683955239399,336.26914434314534,343.2010826702708,10142700
2025-09-24,337.31488037109375,338.5299641513985,336.5579643598641,337.76307872075415,5207400
2025-09-25,333.58001708984375,338.82879517404456,333.16172697127865,336.986245742455,5398700
2025-09-26,336.01019287109375,338.13161256415685,334.8748035560274,335.870772959751,9619200
2025-09-29,338.7889404296875,339.2670166635244,334.19750588460323,336.02014683051596,7217800
2025-09-30,340.0040283203125,344.21695930197603,337.1456010921614,338.4503185350138,8164400
2025-10-01,346.4280090332031,347.9518409378596,338.9383303898218,338.9383303898218,8381000
2025-10-02,344.55560302734375,345.78062585482786,342.17522173126287,344.8245038053001,5198000
2025-10-03,348.429931640625,351.7365573470426,344.6054127876714,344.7149548323991,5199700
2025-10-06,347.8721618652344,349.70474176137265,342.96204042656746,348.59923040877214,4735600
2025-10-07,350.9995422363281,353.0113894416703,348.649038694597,348.649038694597,5044600
2025-10-08,349.94378662109375,353.56912975217324,349.6848552507119,352.3540458932983,3927500
2025-10-09,345.6412353515625,351.4477236851982,344.1870981171116,350.053372578839,4434800
2025-10-10,342.2648620605469,348.9876551929239,341.8664803982835,346.22883102731305,6296200
2025-10-13,341.9162902832031,346.258732766631,339.35667196952477,342.334610813895,4030700
2025-10-14,346.9757995605469,348.59923442929517,338.84868619182816,339.62554105235273,5731000
2025-10-15,344.2966613769531,348.66895120043125,342.61347067376323,346.97582147163655,3778200
2025-10-16,334.048095703125,344.2966282664885,332.8230729219237,343.60940702088106,6241500
2025-10-17,340.5119934082031,342.06570324361587,335.64168844347057,336.4085739408942,6267100
2025-10-20,343.0218200683594,343.56959107313133,337.57386630815864,340.52192718186024,4665000
2025-10-21,345.8105163574219,348.2406840511567,341.61749382129113,341.73700528252846,4121800
2025-10-22,343.9679870605469,346.76668911620203,343.11146794187306,346.4180937374913,5074400
2025-10-23,344.5655517578125,345.75075772943865,343.07159771571963,344.8046050728569,7217200
2025-10-24,345.9798583984375,347.6729881581522,343.9281638460587,346.7965606090745,3576700
2025-10-27,346.4180908203125,348.11122059688944,343.6194191827997,347.59332744074374,5400300
2025-10-28,345.50177001953125,348.47973911832344,345.1033883485486,347.17499127440243,7445400
2025-10-29,339.9044189453125,349.5653338093142,337.6336100404692,344.605395498532,8361700
2025-10-30,343.6393127441406,348.31041155130293,340.41238169067435,340.84064122785446,6411800
2025-10-31,339.3665771484375,341.6174775430599,336.80695909004464,340.7011723929481,7301600
2025-11-03,335.54205322265625,339.83467850136,333.47045043910737,339.6255334575112,5538000
2025-11-04,338.9283752441406,338.94831408470225,332.9027725216237,335.1237952294841,5920200
2025-11-05,338.66943359375,340.73106709286975,335.00424320677166,338.75906718983583,4984600
2025-11-06,335.6018371582031,337.2850278589407,332.36493664056536,337.225272127104,8507900
2025-11-07,334.6656188964844,336.9264888333082,333.50035174712497,335.37277903778016,5318400
2025-11-10,333.5003662109375,337.31491571415205,332.9725036343658,335.2930990082746,5295800
2025-11-11,337.553955078125,337.72325285148054,331.85700901827914,334.14772643061497,4453300
2025-11-12,338.1826477050781,343.5515814566134,336.70568232861064,337.5539392647252,6389600
2025-11-13,335.3883972167969,340.7573310621838,334.90940445750977,338.3423280213681,4961700
2025-11-14,329.3408508300781,335.38837770243606,328.35289786675315,335.19879671610136,6422300
2025-11-17,325.07965087890625,332.6739759173699,324.2613310180461,330.47852149051675,6494800
2025-11-18,320.51904296875,324.33118917839323,317.3455943345509,323.83221811811876,9170400
2025-11-19,323.4530029296875,323.90208907652226,319.21174881651825,320.85834726361674,7066700
2025-11-20,323.1037292480469,327.7242064226939,322.4750512555066,323.4530151026438,6510300
2025-11-21,327.3050842285156,330.39868059498417,323.6226751809159,324.71042849279974,8930000
2025-11-24,328.6223449707031,330.0494254219168,325.3291479858861,328.5624708767812,9337100
2025-11-25,333.8415832519531,335.36843350968144,328.22316412466176,328.22316412466176,5854300
2025-11-26,333.1031188964844,335.01915077050296,332.3746101630006,333.841586342223,4309900
2025-11-28,333.75177001953125,334.3305630576491,331.3167887740865,332.74383871779224,4586200
2025-12-01,329.7101135253906,332.6140983109483,329.4606279939679,332.25485376399234,7082300
2025-12-02,328.9416809082031,332.1151295810464,326.53663671382,330.7679320657214,8201900
2025-12-03,328.93170166015625,331.66608389546013,328.67225740707886,328.93170166015625,6296700
2025-12-04,326.4268798828125,331.69601316055844,323.61267574060867,330.5982707162828,6277500
2025-12-05,330.558349609375,333.4224387208775,325.7283132347316,326.15742105214764,5266600
2025-12-08,326.16741943359375,330.6581592570448,324.0417977110623,329.2011721972187,6059400
2025-12-09,325.828125,327.5545759522349,324.4010749776002,325.9378840225944,4325400
2025-12-10,325.0596923828125,328.0834557386547,324.63055413261685,325.9678233516992,5467500
2025-12-11,344.91876220703125,346.60528693573457,329.38079508046536,331.91557675720895,12953600
2025-12-12,347.11419677734375,349.1200701989689,345.25803903865176,347.28386033910544,6942300
2025-12-15,346.1761779785156,347.7329653453619,343.12244688455576,347.11421561078276,7004600
2025-12-16,344.3998107910156,346.904655405941,343.0126869986315,345.28799394865695,7269300
2025-12-17,343.7012634277344,347.07431280569114,342.9727546862657,344.8389016551313,7263500
2025-12-18,345.2979736328125,346.81483473957803,343.56153357971857,344.4597058800123,6805000
2025-12-19,348.5312805175781,349.18992596210575,345.3378535964944,345.3378535964944,18623900
2025-12-22,351.3654479980469,352.71267599172904,348.8705926226271,349.27975255876925,5043500
2025-12-23,352.6528015136719,355.6466279609035,351.2756364751809,351.2756364751809,3703200
2025-12-24,354.4091796875,355.2574061270487,352.28355809570263,352.6527918079347,2023600
2025-12-26,354.26947021484375,355.9959211320052,352.982116288697,354.3692705227613,2017000
2025-12-29,353.8802490234375,355.8162592189493,353.0719183232759,354.75844298281737,3989900
2025-12-30,352.8923034667969,354.1397311728781,351.9342875158643,353.27152636221,3366500
2025-12-31,349.98828125,354.46906219163503,349.9683333708139,352.9222335935573,3503200
2026-01-02,345.7669982910156,349.32962853016494,342.7731719172512,349.1500062568855,5403800
2026-01-05,353.0719299316406,356.80425438171716,343.34199370889576,343.7910798703184,7592200
2026-01-06,356.8241882324219,357.8820044617432,351.2756323845481,352.95216786632784,6775400
2026-01-07,355.14764404296875,357.54269902318487,353.78046822093927,356.41501956274413,6333900
2026-01-08,351.50518798828125,355.6167049317765,348.7807948501946,354.2694768864638,6357600
2026-01-09,349.0502014160156,353.97007917190984,348.44147134622284,351.4352976810692,4902900
2026-01-12,342.4937438964844,345.7969298399835,336.62583942441455,342.0745948107181,13281300
2026-01-13,327.2052917480469,336.8254386707351,323.16360758569283,336.3065196930893,20383500
2026-01-14,328.4926452636719,329.22112357393314,323.27339662748295,327.98368499941245,9388400
2026-01-15,327.0755310058594,331.00742540917696,325.6983660025441,328.65226616102615,8587700
2026-01-16,327.6243896484375,328.57244685544373,324.7303635575226,326.1075285720045,8341600
2026-01-20,325.1495056152344,327.644360890433,320.89826248076747,321.5668970946223,8279900
2026-01-21,324.6106262207031,327.9936647784267,322.3353193026403,325.75825361952474,8974600
2026-01-22,325.6883850097656,327.7142368080782,323.33325615728353,325.7881853155845,6938700
2026-01-23,325.5087585449219,327.1254199321477,323.9519712494617,325.1894097523205,5667900
2026-01-26,327.8139953613281,331.3167819278407,324.3611241733934,327.32501347087873,7540200
2026-01-27,324.5906677246094,328.25309829578197,324.24138188731973,327.80404260907557,6365800
2026-01-28,326.30712890625,327.71423096530964,324.21144434052763,326.05764337353963,8106000
2026-01-29,331.1171875,332.6739747908746,322.844269146056,329.3209038427684,10214200
2026-01-30,321.1676940917969,332.3147207991864,320.9381868988181,331.53632717586584,11199100
2026-02-02,333.15301513671875,334.00127208429024,323.4430267202089,324.16154631106275,8502400
2026-02-03,328.25311279296875,335.0990119599509,328.19323869876354,330.96751673112385,9081200
2026-02-04,329.2710266113281,330.62821332543064,323.7524077058803,326.4368440875912,8472300
2026-02-05,328.45269775390625,336.89527963696725,328.1433381303329,332.3147289199413,8339000
2026-02-06,330.89764404296875,334.4403569413341,326.4268827108616,331.09724465448534,7798800
2026-02-09,324.9100036621094,332.1351258012084,322.9540455040185,330.07936733351744,8513400
2026-02-10,328.1700134277344,329.8800048828125,324.54998779296875,324.7099914550781,5801800
2026-02-11,329.239990234375,331.0400085449219,326.4200134277344,326.9200134277344,8264300
2026-02-12,324.17999267578125,332.239990234375,324.0,328.8900146484375,9392600
2026-02-13,314.0799865722656,326.4800109863281,312.82000732421875,323.8299865722656,11653900
2026-02-17,319.5,321.3800048828125,314.4100036621094,314.4100036621094,8591700
2026-02-18,320.29998779296875,322.2799987792969,316.7200012207031,319.5,7091900
2026-02-19,318.92999267578125,320.20001220703125,315.7300109863281,317.489990234375,5967600
2026-02-20,320.95001220703125,322.3500061035156,317.82000732421875,318.1099853515625,6831100
2026-02-23,306.5199890136719,320.5199890136719,304.7099914550781,319.0400085449219,13048000
2026-02-24,307.2200012207031,309.2699890136719,303.0799865722656,305.5,9120200
2026-02-25,312.989990234375,313.94000244140625,308.25,308.54998779296875,7624200
2026-02-26,316.70001220703125,319.4200134277344,313.94000244140625,314.4800109863281,8725500
2026-02-27,320.1400146484375,320.2300109863281,311.95001220703125,314.4599914550781,12412900
2026-03-02,320.510009765625,322.6000061035156,314.6000061035156,315.5,6674900
2026-03-03,320.8299865722656,322.0400085449219,314.3500061035156,315.80999755859375,5474300
2026-03-04,320.4700012207031,325.7699890136719,319.79998779296875,321.44000244140625,5257900
2026-03-05,319.79998779296875,322.79998779296875,314.7699890136719,319.3299865722656,8267200
2026-03-06,317.3599853515625,317.69000244140625,312.29998779296875,316.04998779296875,6439700
2026-03-09,315.9700012207031,316.3999938964844,310.1499938964844,313.4599914550781,8381500
2026-03-10,314.42999267578125,317.1300048828125,311.45001220703125,315.42999267578125,5271300
2026-03-11,308.9599914550781,315.0799865722656,308.3900146484375,313.25,6376700
2026-03-12,306.5,310.95001220703125,306.0199890136719,308.1400146484375,7514900
2026-03-13,307.1400146484375,310.3500061035156,306.42010498046875,307.5899963378906,4811656
