Date,Close,High,Low,Open,Volume
2019-01-02,50.0018424987793,50.130990821262124,48.25834288226625,48.32291430650257,16727200
2019-01-03,49.234130859375,50.403636759448716,49.04758205893029,50.22426438663929,13866100
2019-01-04,51.049373626708984,51.13546885424678,49.76506690050786,49.96596306344258,16043600
2019-01-07,51.31483459472656,51.73097972087563,50.75519379184087,51.1211148837312,10844200
2019-01-08,51.68793869018555,52.08255458843255,51.61619084268699,52.04668340168821,11439000
2019-01-09,51.96059036254883,52.08973869669479,51.40812583393099,52.08973869669479,13473500
2019-01-10,51.69511795043945,51.71664175846771,51.02785253151268,51.709465331121564,13151100
2019-01-11,51.45833969116211,51.58031157314164,50.99197049499434,51.55161134079182,9790100
2019-01-14,51.39376449584961,51.50138900221061,51.027848837835926,51.09242025724665,11012400
2019-01-15,51.42247009277344,51.91753958926643,51.17134986774452,51.62336627279658,10298300
2019-01-16,51.40094757080078,51.93188827044041,51.16417472098469,51.24309900425672,12595600
2019-01-17,51.75251388549805,51.90318601843782,50.870004896277855,51.07807750100716,10141700
2019-01-18,52.36954879760742,52.58479780320111,51.75250748718242,52.570444950023074,15759200
2019-01-22,51.580322265625,52.16866346573409,51.42965012006166,51.93906703335032,15035600
2019-01-23,51.15699005126953,51.87447936209234,50.891517035621845,51.66640680507264,13187200
2019-01-24,51.22875213623047,51.63772093818901,50.68345857561556,51.013503093511005,11272500
2019-01-25,51.45833969116211,51.85295556945052,51.32919138259272,51.70945988171103,8996200
2019-01-28,51.11394500732422,51.14264524115097,50.489732712124564,50.95609645828205,13678400
2019-01-29,51.30766677856445,51.79555977290132,51.28614297313937,51.44398603759318,10513200
2019-01-30,51.86731719970703,52.06821338614217,51.30767625920615,51.494219590032756,11524700
2019-01-31,52.577640533447266,52.72831270265691,51.673602044177834,51.86732731459851,19876700
2019-02-01,54.4718017578125,54.88077055559072,53.3238196477342,53.75431225476225,22968700
2019-02-04,53.682559967041016,54.35700179590735,53.38121571440246,54.35700179590735,15483800
2019-02-05,54.23503112792969,54.27090779415486,53.818891359375556,53.940863266124,12786700
2019-02-06,53.998260498046875,54.3641761963065,53.90498336107019,54.227856915665036,10866900
2019-02-07,53.58211135864258,53.94803250412968,53.02247047378584,53.775831098012226,14418900
2019-02-08,53.66916275024414,53.73445104283686,52.76234401012958,53.5095617664188,11959500
2019-02-11,53.75621795654297,53.84327455483562,53.24840163679279,53.59661696039784,10434800
2019-02-12,54.69932556152344,54.73559500222758,54.27856019890934,54.46718010883707,12599200
2019-02-13,55.31594467163086,55.526327289309975,54.779109512425606,54.829891141880395,13214600
2019-02-14,55.330448150634766,55.60612458161513,54.92419513838856,55.32319758597478,12772900
2019-02-15,56.37510299682617,56.41137795791501,55.67866691522006,55.816505125619244,14330300
2019-02-19,56.752349853515625,56.93371361236201,56.18649027669745,56.266290773372475,13551500
2019-02-20,56.970008850097656,57.173135466454674,56.585518392738265,56.80315721585518,12633100
2019-02-21,56.45492935180664,57.0643146616793,56.302584408034605,56.737856466638206,10266000
2019-02-22,56.89018630981445,57.274676618437205,56.309825563985356,57.10056894816678,9519300
2019-02-25,56.948211669921875,57.20211978697153,56.73057297828969,56.89743004651194,9274400
2019-02-26,57.064300537109375,57.40525978318513,56.868424561611086,57.078807203732175,10990600
2019-02-27,57.65192794799805,57.85505452660121,57.06431098349829,57.22390648469781,12398200
2019-02-28,57.33271789550781,57.85504647337194,57.10057247587747,57.63740772100076,14597900
2019-03-01,58.036415100097656,58.036415100097656,57.332722681443556,57.58663089054971,15419400
2019-03-04,58.26129913330078,58.43541234779397,57.318210794654405,58.210517496102774,18089900
2019-03-05,58.17424392700195,58.32658882777042,57.85504192456347,58.12346229341246,13745500
2019-03-06,57.51408767700195,57.586632090431856,56.48394261585912,57.20214171794783,18633600
2019-03-07,58.15248107910156,58.22502547915895,57.543095942097004,57.70995304353365,16541700
2019-03-08,57.318214416503906,57.54310374762217,56.76686693867004,57.23115780375634,16211300
2019-03-11,57.87680435180664,58.246787985665435,57.78249718563134,58.021898686056616,11060900
2019-03-12,58.036415100097656,58.45718043792149,57.95661458655231,58.116215613643,11320000
2019-03-13,58.55146789550781,58.58774285663885,58.181484324142815,58.46441130966252,10260200
2019-03-14,58.355621337890625,58.69658618661345,58.29032748813439,58.616785667347074,9976700
2019-03-15,58.145225524902344,58.43540866264095,58.10895055714139,58.166988291645715,25316400
2019-03-18,58.81990051269531,58.94322655066876,58.3556096940327,58.3556096940327,9840600
2019-03-19,58.66756057739258,59.48732291281537,58.500703455868916,59.182633075024626,13936500
2019-03-20,58.9940071105957,59.429279053309436,58.442659697940684,58.5804979348002,13133600
2019-03-21,59.33496856689453,59.40751296415943,58.61676962484138,58.62402019021996,10117000
2019-03-22,58.3846321105957,59.0810683809182,58.25404996398626,58.9287234656711,12497700
2019-03-25,57.978370666503906,58.35561042060366,57.738969153492505,58.03640840325513,11320400
2019-03-26,58.73284149169922,58.9577307910766,58.166987425663926,58.2758067925437,9472800
2019-03-27,58.28305435180664,58.986746615243995,57.90582017216923,58.74009456217004,7258700
2019-03-28,58.573238372802734,58.60951333871145,58.05090985850044,58.058165958638725,7412300
2019-03-29,58.61677169799805,59.110081365542555,58.384626297670216,59.00126199840512,10889200
2019-04-01,59.29145431518555,59.32772375332658,58.81990734108181,58.92872672507249,10816400
2019-04-02,59.03753662109375,59.45104582474248,58.84166617085315,59.305957012326,7646000
2019-04-03,58.68932342529297,59.320465870880064,58.4789407651694,59.320465870880064,8562900
2019-04-04,59.52360153198242,59.54536430247479,58.595014224298,58.84892797279943,9360600
2019-04-05,59.842796325683594,59.87181519709509,59.451049863804016,59.59614422086152,10059100
2019-04-08,60.21278762817383,60.357876468785754,59.915348309699546,59.973386059858115,9108200
2019-04-09,59.436546325683594,59.90809332508262,59.298708062915736,59.86456224828093,8561600
2019-04-10,59.1681022644043,59.54534192712979,59.05928845283144,59.429266481742914,10324300
2019-04-11,59.451026916503906,59.53808349713574,58.77635363725679,59.153593285213056,9115100
2019-04-12,58.703826904296875,60.07493663649813,58.45717482051957,60.07493663649813,16638700
2019-04-15,58.507957458496094,58.805391184303716,58.41364474914606,58.68206514030503,8536100
2019-04-16,58.906944274902344,59.015763632761825,58.53696620687557,58.62401726533719,7005700
2019-04-17,59.073814392089844,59.269684851616034,58.819906190932315,59.16087100453686,8311400
2019-04-18,58.85618209838867,59.36400409131197,58.81265655477226,59.168128075469575,9493900
2019-04-22,60.14023971557617,60.37238516794545,59.22616457540403,59.39302171372453,10770600
2019-04-23,60.488441467285156,60.56824196740263,59.980625134522086,60.35060876826827,10595100
2019-04-24,59.31321716308594,60.27081778085331,59.291454393215915,60.220036139562,11684000
2019-04-25,59.646915435791016,60.09669402708802,59.05204251279915,59.233406276330605,11135000
2019-04-26,58.39189147949219,58.493454771634184,57.71721787610075,58.23229043904496,18053500
2019-04-29,58.0146369934082,58.31207066407984,57.789747715477276,58.12345634991046,10023700
2019-04-30,58.23953628540039,58.42090006582816,57.98562809975817,58.30483012444172,13721500
2019-05-01,57.0715446472168,58.2250209980525,57.03527521737094,57.992875614865426,13909800
2019-05-02,56.070430755615234,56.94823084717471,56.03415578320037,56.78862982420322,15360400
2019-05-03,56.201011657714844,56.73784692185682,56.1792488886634,56.433157085569505,12180700
2019-05-06,55.9543571472168,56.338853049437496,55.649667293940524,55.80201222057866,13367100
2019-05-07,55.656925201416016,55.70770684527634,54.96773942355837,55.49732416791669,13498800
2019-05-08,55.74397659301758,56.070434763736706,55.439286728173684,55.52634334732227,11352900
2019-05-09,55.693180084228516,55.77298058011974,55.105563282468225,55.388490300707076,13221600
2019-05-10,56.17747497558594,56.34624467569661,55.15753429614309,55.89864416477848,11056000
2019-05-13,55.55377197265625,55.93533582322333,55.29695337990462,55.509747527677526,12176100
2019-05-14,55.62713623046875,56.353573009398666,55.590451066766526,55.86194255141523,10548400
2019-05-15,56.038055419921875,56.17013433460405,55.18687894792016,55.45103677728451,8918000
2019-05-16,56.03071975708008,56.46364169529142,55.92799232773416,56.06007125092534,8105200
2019-05-17,55.70054626464844,55.98671643983367,55.465734225289125,55.50976428178257,9279400
2019-05-20,55.693172454833984,56.030706154775565,55.52440280575136,55.80323913047712,7154300
2019-05-21,55.95000076293945,56.104091896532395,55.71519442628955,55.96467370975679,8489900
2019-05-22,55.443702697753906,55.92799396302353,55.31896304393302,55.781236489506135,7858300
2019-05-23,54.144927978515625,54.88603777992285,53.59460008205206,54.86401996155543,14657200
2019-05-24,54.372398376464844,54.4824650821344,53.88811270903409,54.40174987119174,7056400
2019-05-28,53.27908706665039,54.48247047851991,53.191032573748075,54.47513120455494,14912900
2019-05-29,52.948890686035156,53.147006290439236,52.552653879001426,52.750769483405506,13645200
2019-05-30,52.809471130371094,52.92687151563325,52.48661027400568,52.846156301541896,9362100
2019-05-31,51.9289436340332,52.50128941264628,51.82621619643673,52.237131545048086,13983300
2019-06-03,52.7434196472168,52.838813391684994,52.075691427061656,52.163740301063754,11831000
2019-06-04,53.99817657470703,54.04954589177195,52.95622365069269,53.161678526050395,10423000
2019-06-05,53.55058288574219,54.034868589064224,53.25707351494594,54.034868589064224,10617800
2019-06-06,54.526485443115234,54.753958110663156,53.99816977403264,54.08622425162133,11738900
2019-06-07,54.724613189697266,55.00344400487413,54.61454647905032,54.67324947115875,9095500
2019-06-10,54.966766357421875,55.2749487108375,54.62922690570813,55.17222125969896,7760400
2019-06-11,54.91539001464844,55.62714840529694,54.90071706560101,55.407020580232526,9415100
2019-06-12,54.321022033691406,54.746610210968456,54.1595916493295,54.65122207394728,7920800
2019-06-13,54.797996520996094,55.157542599255514,54.577863070014125,54.81266947188933,8986400
2019-06-14,54.55583190917969,54.89336564483406,54.46778303792811,54.79797750157009,8575900
2019-06-17,55.09883499145508,55.17221653446316,54.32837917390186,54.41643366657612,9355700
2019-06-18,55.5757942199707,55.9280066380093,55.28962407953842,55.34098780735379,10091500
2019-06-19,55.26759338378906,55.65649084989058,55.15752669004486,55.32629636688258,9757400
2019-06-20,56.21416473388672,56.47832259126008,55.825267221149616,55.94266760319041,16229700
2019-06-21,57.00663757324219,57.058001289392045,56.40494592767597,56.603061519046776,23108100
2019-06-24,56.46365737915039,57.058015497717534,56.360929921269964,56.8892457607845,10011800
2019-06-25,55.96467208862305,56.66175740408389,55.905974704829354,56.55902998466431,9740000
2019-06-26,56.20682144165039,56.59571892658045,56.111433288173636,56.26552442758602,11365500
2019-06-27,55.63448715209961,56.316894039965675,55.59046270714872,56.19948805579603,8147800
2019-06-28,56.22883605957031,56.30221759423148,55.722538179403934,55.90598081960663,14781300
2019-07-01,56.17747497558594,57.182742706344335,55.979359378106366,56.595723990909796,11437900
2019-07-02,55.56110382080078,55.96467424169687,55.33363675450981,55.869286090915914,10475400
2019-07-03,56.08941650390625,56.13344094066319,55.49505861656545,55.634476797261655,5246100
2019-07-05,55.86195373535156,56.02338416298877,55.46571693975807,55.90598377812333,6880800
2019-07-08,56.1187629699707,56.28018775636802,55.707847736873774,55.86927812149501,7876100
2019-07-09,56.08209228515625,56.331571624709596,55.56845505770765,56.09676523527225,7863000
2019-07-10,56.87455749511719,56.962606379177586,56.309551030679295,56.35358107093457,8077400
2019-07-11,56.918582916259766,56.94793441085982,56.53702468290931,56.80118253608469,6404000
2019-07-12,56.962608337402344,57.14605098313455,56.8672201769827,57.050662822714905,6139000
2019-07-15,56.55904006958008,57.04332576202078,56.419621861983664,56.96261054690975,7116400
2019-07-16,55.71520233154297,56.551700374435356,55.612474894572,56.44163366390205,10197400
2019-07-17,55.385013580322266,55.73722037292843,55.28961980872916,55.57578992705642,7419300
2019-07-18,54.91539001464844,55.230911602310385,54.431104320926316,55.05480822261375,11424500
2019-07-19,55.02547073364258,55.21625270917783,54.69527611287847,54.95943404878053,11243100
2019-07-22,55.084163665771484,55.252933382149685,54.665914610133065,55.2089033354016,8368800
2019-07-23,55.30430603027344,55.59780986542377,54.849366128627516,55.14287556200466,8551200
2019-07-24,55.29695129394531,55.80325478500319,54.92272673106666,55.31896351560431,8260200
2019-07-25,54.98142623901367,55.60513007216227,54.88603808512386,55.60513007216227,9083900
2019-07-26,54.89339065551758,55.09151190255075,54.739299462395564,54.937420709428736,7677300
2019-07-29,55.28227615356445,55.311627650326685,54.812663401819954,54.94474233813719,7091900
2019-07-30,55.28962326049805,55.44371444166151,54.9520893972505,55.07682907749334,6961200
2019-07-31,54.563194274902344,55.51709850417629,54.48981831839511,55.062158616668825,13104600
2019-08-01,53.16902160644531,54.49714471597357,53.02960338894535,54.10824716002723,17132800
2019-08-02,52.648033142089844,53.75602815969107,52.229784182869125,53.27907621715614,21376700
2019-08-05,51.56938552856445,52.038998161405715,51.07776067828129,51.9362707478607,19080900
2019-08-06,52.068355560302734,52.105046325686295,51.56939138150028,51.576730654221954,12282400
2019-08-07,51.73082733154297,52.009658144351846,50.92368079069589,51.26121459511466,15231100
2019-08-08,53.110313415527344,53.13233123578914,51.81888120476902,51.987645305865406,14304100
2019-08-09,51.98030471801758,53.014923913371256,51.70881318879939,52.926869429226734,13686600
2019-08-12,51.72773742675781,52.12147623797028,51.504872497139054,52.04718226026262,9542600
2019-08-13,52.36661148071289,52.463191355803744,51.200267793164635,51.46027963411493,12403300
2019-08-14,50.256778717041016,51.32654219063496,50.256778717041016,51.31168680492905,18114400
2019-08-15,49.959632873535156,50.189928252256884,49.42474816491322,50.115639968911104,12874400
2019-08-16,50.73967742919922,50.85853755697624,49.97449162258358,50.35336926129945,12649000
2019-08-19,51.594017028808594,51.742599318770665,51.155712026048846,51.23743086856928,10032800
2019-08-20,51.2819938659668,51.48257850581876,51.04426791091422,51.48257850581876,9743500
2019-08-21,51.794586181640625,51.98774026679002,51.53457433692016,51.97287920832992,10134200
2019-08-22,51.68314743041992,51.97287570469607,51.44542152158223,51.93573439671588,8972000
2019-08-23,50.137916564941406,51.65342106831348,49.79618599082295,51.12596698644597,15371900
2019-08-26,50.40536880493164,50.7099581382369,50.167642894867946,50.60595340682359,7343900
2019-08-27,49.915069580078125,50.84368745041544,49.75163192804536,50.61338636444488,9490900
2019-08-28,50.27907943725586,50.501949963301,49.89277694898824,50.16764417423328,9647400
2019-08-29,50.83626174926758,51.01455481031452,50.58367471726971,50.73968752199928,9004100
2019-08-30,50.87339782714844,51.31913321811427,50.561377952422646,50.96997203371058,9180800
2019-09-03,50.932823181152344,51.02197252319676,50.24193136684833,50.43508544069483,9849700
2019-09-04,51.47514343261719,51.71286936668886,51.326561181426555,51.631150545492346,6959200
2019-09-05,52.20317459106445,52.41118973462255,51.7797251103863,51.883729848248784,9901500
2019-09-06,52.693485260009766,52.70834065000181,52.091742778256396,52.26260526841291,10418500
2019-09-09,53.10950469970703,53.540384695408484,52.730632739055395,52.864353921589185,12840200
2019-09-10,53.540382385253906,54.11983892862038,53.20608227726023,53.592384750226984,13810800
2019-09-11,53.43638229370117,54.1124130970321,53.15408452617652,54.06784125685273,10525700
2019-09-12,53.47351837158203,53.607239532693654,52.522609188214936,52.73062429159126,9100700
2019-09-13,53.96383285522461,54.02326574998538,53.53295286995826,53.681535106860174,7337200
2019-09-16,54.773590087890625,55.85078437590962,54.67701021760195,55.746779644700865,19830200
2019-09-17,54.357574462890625,55.033610995109754,53.956410861546374,54.840456890499475,14452200
2019-09-18,54.09756088256836,54.20899615739285,53.7335442747863,53.97127021608958,7292200
2019-09-19,53.733543395996094,54.372432915518665,53.62953865261646,54.20899527082683,8050200
2019-09-20,53.54782485961914,53.859839119063224,53.38438719957683,53.85240858874295,19736600
2019-09-23,53.5849494934082,53.755817630575876,53.08721180575136,53.13178363812893,7495200
2019-09-24,52.8494987487793,53.39181406828829,52.61177280533934,53.347236557257716,13307100
2019-09-25,53.0055046081543,53.09465396026329,52.61177155504812,52.730637357860104,8035200
2019-09-26,52.72319793701172,53.00549566933347,52.507757956621774,52.90892147171004,8420200
2019-09-27,53.10208511352539,53.243231171230434,52.47062044737936,52.522622819761956,8224000
2019-09-30,52.45576858520508,53.07979709578338,52.43348266237498,52.9237899681388,9768900
2019-10-01,51.22254943847656,52.678626961963204,51.192838660132615,52.61919406961016,10279100
2019-10-02,49.88534927368164,50.95511312352772,49.78134453366651,50.71738719380267,14503700
2019-10-03,50.501953125,50.51680851601101,49.26131543183291,49.77391427312849,10788400
2019-10-04,51.2374153137207,51.31170360223161,50.38308582626257,50.59852583042736,10534800
2019-10-07,50.53166198730469,51.28198673110422,50.53166198730469,51.036830279986596,10993000
2019-10-08,49.55104064941406,50.45737247618019,49.506468811321604,50.17507472187309,9748700
2019-10-09,50.10078811645508,50.2939365332237,49.9224894224382,49.996783378861785,8580900
2019-10-10,50.70252227783203,50.78424108218259,50.05620237101371,50.09334934311203,7100100
2019-10-11,51.24484634399414,51.623718319454284,51.177982916197365,51.24484634399414,10101900
2019-10-14,51.39341735839844,51.53456906015082,50.95510686403539,50.962537392504615,6234600
2019-10-15,51.571720123291016,52.002600170699736,51.26713641242183,51.3042777261293,6645700
2019-10-16,50.68768310546875,51.65344234283238,50.67282204474227,51.415716381714596,9765800
2019-10-17,50.620811462402344,51.1705515956573,50.57623962311583,50.8733984433031,9757200
2019-10-18,50.22706604003906,50.62822949812252,50.22706604003906,50.42022007567147,13472700
2019-10-21,51.066551208496094,51.08883713003761,50.383089831332875,50.383089831332875,10199300
2019-10-22,51.32655715942383,51.82430057711707,50.99968756808497,51.096261772916215,9536000
2019-10-23,51.816871643066406,51.824302172230716,51.09626334562137,51.229984531413564,8641800
2019-10-24,51.32655715942383,52.03974057358638,51.2745547925404,51.97287714883174,9003600
2019-10-25,51.44541931152344,51.616287457956744,51.18540749550101,51.18540749550101,7607200
2019-10-28,50.99224853515625,51.75742852076002,50.94767670464169,51.60142144612709,11209600
2019-10-29,50.843692779541016,51.28199773972052,50.69511050401335,50.87340923464655,13894400
2019-10-30,50.30880355834961,50.79168599320805,49.97449771829356,50.79168599320805,12840600
2019-10-31,50.19735336303711,50.3087886099447,49.87790867807915,50.11563455982702,16169100
2019-11-01,51.7054328918457,51.71286342050918,50.74709873623478,50.80653162987717,14108700
2019-11-04,53.24322509765625,53.39180733596706,51.95802132630667,52.054595530334055,15858200
2019-11-05,54.29814529418945,54.320436885659106,53.37695788763683,53.518109627774194,14930400
2019-11-06,53.10950469970703,54.13470232174379,52.89406470185631,54.03069758731005,13996500
2019-11-07,54.23872375488281,54.25357914958997,53.488398795891186,53.510684721869254,13073800
2019-11-08,53.20866394042969,53.98307778042129,53.125965341628465,53.84022379522703,12106000
2019-11-11,52.8853645324707,53.088368159394825,52.607182450207006,52.787625657105906,8674000
2019-11-12,52.156063079833984,52.9379911641024,51.86284076525648,52.832726429668114,13918600
2019-11-13,51.72751235961914,51.990659882771524,51.57713824911364,51.8929152768965,11773700
2019-11-14,51.501953125,51.85532510802693,51.26136028875399,51.77262078279996,11279800
2019-11-15,52.02073287963867,52.103437203468424,51.629765942227884,51.659840763273756,11252800
2019-11-18,51.51699447631836,51.742552799690664,51.35159154018997,51.652328323104456,10095600
2019-11-19,50.99070739746094,51.54707741686537,50.96063256719754,51.42678383199914,12605500
2019-11-20,51.14858627319336,51.5320331162416,50.614771043476054,50.87791858824004,16930700
2019-11-21,52.38163375854492,52.441783417285514,51.065890088577184,51.141074293909334,14080900
2019-11-22,52.156063079833984,52.76506238915878,52.12598826087922,52.41169043667173,12143600
2019-11-25,51.81022262573242,52.20870402592767,51.65984849798844,52.156074515263896,10670000
2019-11-26,51.68240737915039,51.907965720986006,51.45685477350169,51.81774123701438,15457000
2019-11-27,51.65231704711914,51.94553936177922,51.43428464795975,51.69743214365659,8393900
2019-11-29,51.22377395629883,51.52451648631218,51.126035071923816,51.37414808939883,7980800
2019-12-02,51.44180679321289,51.78765865906748,51.40421756599008,51.501956440192664,11116900
2019-12-03,51.03581237792969,51.31400023175917,50.765144665065016,51.12603686094686,12245800
2019-12-04,51.6147346496582,51.69743897869534,51.23128782741201,51.313992156449146,11049700
2019-12-05,51.43429183959961,51.855327891584615,51.283917723757824,51.7951782452479,13109000
2019-12-06,52.26133346557617,52.53200115896109,51.69744339372201,51.69744339372201,13710800
2019-12-09,52.37411880493164,52.607191559876945,51.89292727623266,51.93804238790929,12397700
2019-12-10,51.92299270629883,52.742515875195046,51.6523250299832,52.37410932428226,14281800
2019-12-11,51.84780502319336,52.44928998253464,51.62976686883679,51.68239637256522,13748400
2019-12-12,52.8853645324707,52.9154393563182,51.80269955489118,51.84780892256937,17068500
2019-12-13,52.05080795288086,53.035733968116666,51.96810362865038,52.99062460442209,12274500
2019-12-16,52.62974166870117,52.817705031803676,52.40418333850352,52.40418333850352,15208700
2019-12-17,52.389156341552734,52.915451539593164,52.11096845905282,52.6147147042486,14450700
2019-12-18,52.53200149536133,52.84777856093706,52.08840498651177,52.35155254115821,13652300
2019-12-19,52.17110061645508,52.667326553420196,52.05832147294614,52.62221145430531,13273200
2019-12-20,52.584625244140625,52.80266340443721,52.171103606304705,52.5244755993307,35092000
2019-12-23,52.8477783203125,52.85529846075001,52.276368106977316,52.52448111573704,14172500
2019-12-24,52.644775390625,53.00566756606067,52.56207678944474,52.89288840272537,3979400
2019-12-26,52.727474212646484,53.00566202161665,52.63725548036443,52.77258931497344,8840200
2019-12-27,52.54703140258789,52.86280844029477,52.539511262779826,52.78010411096402,10516100
2019-12-30,52.238773345947266,52.960551874489596,52.17862370118894,52.6973986127184,12689400
2019-12-31,52.464324951171875,52.479365230179646,51.88540040545903,51.89291480877717,13151800
2020-01-02,53.3064079284668,53.39662666652827,52.810181924383535,52.810181924383535,12456400
2020-01-03,52.87786102294922,53.65978939552481,52.75004729740376,53.63722897085152,17386900
2020-01-06,53.28385543823242,53.65226201825612,52.80266969480123,52.870333751133806,20081900
2020-01-07,52.8477783203125,53.02070139707004,52.26133356228875,53.005666852381474,17387700
2020-01-08,52.05080795288086,52.84777063780842,52.00569285300066,52.71243681053906,15137700
2020-01-09,52.44929504394531,52.55455406155979,51.599697026674754,51.983143868662474,14811800
2020-01-10,51.98314666748047,52.59966626221044,51.968112122520175,52.57711157667673,11995600
2020-01-13,52.479373931884766,52.53200344476708,51.960593207625756,52.028257265823,9953900
2020-01-14,52.028255462646484,52.313963439408525,51.79518273312923,52.16358931053732,16261000
2020-01-15,51.9455451965332,52.32147187152164,51.79517682101216,52.028249523925524,11390300
2020-01-16,51.74254608154297,52.31395622002534,51.727511538823876,52.10343820484386,13340300
2020-01-17,51.54705810546875,51.93802501623516,51.344060247475376,51.689912061654766,18144100
2020-01-21,50.810245513916016,51.44179950921941,50.7576160143074,51.41172468998802,17982600
2020-01-22,50.51703643798828,50.9004775772779,50.37418244324112,50.795218550470544,17033100
2020-01-23,50.20125198364258,50.321551288175975,49.65992232180196,50.15614261253583,19605900
2020-01-24,49.862911224365234,50.13357887450514,49.65239321563099,50.02831987013801,18238600
2020-01-27,48.67499542236328,49.419334539415416,48.64492059313204,49.18625604692008,21231000
2020-01-28,48.607330322265625,49.02084630895659,48.59229003987714,48.95318224676948,19664700
2020-01-29,48.20132827758789,48.968216322610665,48.04343973114752,48.893032119951485,14202800
2020-01-30,48.712589263916016,48.78025332597767,47.69006803850184,47.95321561794218,18544700
2020-01-31,46.705142974853516,47.51714620730403,46.509662308574924,47.51714620730403,34282900
2020-02-03,45.660064697265625,46.17884260232135,45.38939696659529,46.14877064076413,27389300
2020-02-04,45.088645935058594,46.54724038918017,45.0284962908839,46.20138853945436,31922100
2020-02-05,47.16376495361328,47.314136212064646,45.56231635707866,45.675095517940484,32099200
2020-02-06,46.524688720703125,47.37428098901369,46.44950166061386,47.31413420903536,16055400
2020-02-07,46.2164306640625,46.35928178140729,45.908170876460346,46.17131842633053,15112500
2020-02-10,45.728336334228516,46.15541991555754,45.46903610793391,46.124913322047846,20934500
2020-02-11,46.16304016113281,46.43759365475316,45.88848666751246,46.20117485356675,14908700
2020-02-12,46.7274055480957,46.92569258777805,46.185926603896895,46.780790632212835,17862100
2020-02-13,46.46810531616211,46.84180090494094,46.18592659882132,46.56725029062684,16949400
2020-02-14,46.25456619262695,46.64351508838948,45.97238455861776,46.63588989443173,10855300
2020-02-18,45.667327880859375,46.056276781205106,45.339389260701466,45.873243031372645,18948500
2020-02-19,46.018150329589844,46.23169069891702,45.62920138413402,45.84274175346119,12804900
2020-02-20,45.652076721191406,46.170677218782274,45.545306543911366,45.93425546246995,14817200
2020-02-21,45.09534454345703,45.38514847984983,44.836044294026685,45.38514847984983,20315700
2020-02-24,42.98280334472656,44.08101443624916,42.98280334472656,43.94373768615026,32096600
2020-02-25,41.33549499511719,43.280245534182534,41.160086419597576,43.280245534182534,36414500
2020-02-26,40.42794418334961,41.808337256508246,40.36693389392346,41.60242207481478,29801000
2020-02-27,37.995094299316406,39.99322972867916,37.97984100177696,39.43649746020007,48141300
2020-02-28,39.23057556152344,39.23057556152344,36.61469512333113,37.194308693087876,62446700
2020-03-02,41.09143829345703,41.099063486556055,38.99415816972151,40.10762255537117,38127600
2020-03-03,39.123809814453125,41.29735658203149,38.879762886827805,41.14482652494845,50580700
2020-03-04,39.97797775268555,40.023737646816556,38.98653665399998,39.833075785174366,24079600
2020-03-05,38.21626281738281,38.66622491315132,37.40023030782674,38.45268165649012,40788200
2020-03-06,36.37065887451172,37.37735335967413,35.9969632220564,37.24770467881763,55640500
2020-03-09,31.924421310424805,33.991195110284146,31.11601400184481,31.81002303427713,72896300
2020-03-10,33.10652160644531,35.2800654072627,31.61173348696147,35.21142702885432,60445900
2020-03-11,32.01594543457031,33.15991681797965,31.840536838226573,32.328630829664746,51986100
2020-03-12,28.355224609375,31.00161146252802,28.217947873465324,30.429626032660483,65725300
2020-03-13,29.07210922241211,30.612656850505243,26.6926508734326,30.513511904094578,79891500
2020-03-16,26.303709030151367,28.889083144916185,25.358025012755288,26.23507065058819,48924700
2020-03-17,28.07305145263672,28.507760231876215,26.082541300714336,26.852813883970786,41204400
2020-03-18,25.25887680053711,27.99678061975582,23.817473923852187,26.349462630791848,54036400
2020-03-19,26.25794792175293,26.616393099417586,24.671640071828968,25.724094206518185,49412400
2020-03-20,24.969079971313477,26.829938789786354,24.069154250471893,26.57063852817979,76534600
2020-03-23,23.985260009765625,24.938569208013316,22.96331243287335,24.808917644231858,56952500
2020-03-24,27.028226852416992,27.584959188598695,25.419043041449303,26.25032603892123,61835600
2020-03-25,28.43912124633789,29.430562249695907,26.82993482331883,27.844254316908007,56607700
2020-03-26,29.60597801208496,30.17033848590833,28.00441930165225,28.59928346679533,46722000
2020-03-27,28.179821014404297,28.736553247585995,27.607835484650227,28.31709777428678,51558600
2020-03-30,28.59927749633789,29.094999469981996,27.34853622598108,27.630714949349642,45835000
2020-03-31,28.957721710205078,30.086439474162972,28.50013154042614,29.23990042387734,41491600
2020-04-01,28.622156143188477,29.514455118751766,27.71460677970079,28.11118377892126,36045900
2020-04-02,30.81095314025879,32.000681107124365,28.904334824878138,29.54495869521678,62000200
2020-04-03,29.903396606445312,32.1684597663035,29.377171075352347,31.611727648381546,48425700
2020-04-06,30.864341735839844,31.138895270009677,29.91865766361808,30.414379645787946,41301900
2020-04-07,31.451576232910156,33.03788111926339,31.390563051877653,32.717570646648554,48921800
2020-04-08,33.44208526611328,33.58699012511864,31.626986660604963,31.99305704094115,33355600
2020-04-09,32.892982482910156,35.623258604511086,31.832903084749365,34.66994937461558,60107300
2020-04-13,32.610801696777344,34.0827114184181,32.008312458997715,33.89967767075078,29651900
2020-04-14,32.359130859375,33.36582523957612,31.962553844558037,32.793839664040526,30769000
2020-04-15,30.871963500976562,31.314300347846757,30.033052603540312,31.268540460811288,33125000
2020-04-16,29.85764503479004,30.871964501498752,29.689861686157666,30.871964501498752,30934000
2020-04-17,32.96162033081055,33.03788390426137,30.406749890444075,30.414377993350463,40829100
2020-04-20,31.40581703186035,32.595547904515804,30.91772321003309,31.077878449832284,39260800
2020-04-21,31.238033294677734,32.130332165204834,30.223713879505233,30.810952660612944,44381600
2020-04-22,32.13033676147461,32.74045411832252,31.924421608050494,32.48877907215892,27074200
2020-04-23,33.13703155517578,34.05983425114498,32.648937663399316,32.892984609287545,35271000
2020-04-24,33.350563049316406,34.23523372055549,32.89297587460486,33.86153820670366,28653800
2020-04-27,33.51072311401367,33.80052991816998,32.20659685921338,33.243797708388605,28274400
2020-04-28,34.2962646484375,34.61657525468618,33.6403872250485,33.83867432759247,26545100
2020-04-29,36.19524383544922,36.302014002808896,35.20380282662082,35.28006640065806,29502500
2020-04-30,35.44023132324219,36.36303412780759,34.90637747531141,36.36303412780759,37076300
2020-05-01,32.90060043334961,35.37920388539425,32.793830288590605,34.79959328130184,35399300
2020-05-04,34.22761917114258,34.27337615728054,32.19897702306559,32.420142577693866,27465600
2020-05-05,34.18947982788086,35.9588213297127,34.059828274165746,35.28006278947441,29276200
2020-05-06,33.548858642578125,34.52504633229862,33.480220263815355,34.265746113558016,22659000
2020-05-07,33.73950958251953,34.525035178486796,33.53359451275506,34.28861352595695,22160300
2020-05-08,35.219051361083984,35.24955795028143,34.30387405003993,34.55554904701614,19977400
2020-05-11,34.88348388671875,35.23430089726253,34.7080724721787,35.16566253352413,22258000
2020-05-12,34.300411224365234,35.50543417349788,34.300411224365234,35.311075537648186,25439100
2020-05-13,32.59783935546875,34.10606170517103,32.34128446404407,34.00499732280211,30827900
2020-05-14,32.88548278808594,33.079841436911124,31.252871324225424,31.929238591747335,24856500
2020-05-15,32.65224838256836,33.437455907822624,32.535632023502586,32.94767431737169,22445600
2020-05-18,35.24888229370117,35.435467888895175,34.25376702780628,34.518094891019295,32026100
2020-05-19,34.16047668457031,36.25177774403914,34.15270364314349,35.41214691740977,21771600
2020-05-20,35.27220153808594,35.435465032850935,34.65025454702961,34.689125677906155,19352400
2020-05-21,34.64248275756836,35.598726846898195,34.51031734900488,35.32662298958622,19130700
2020-05-22,34.673583984375,34.7280041722765,33.77953592193768,34.2459955227156,15406400
2020-05-26,35.69202423095703,35.99522326627951,35.34995405674051,35.559861765581715,20356500
2020-05-27,35.948570251464844,36.648259476641435,35.30329823482457,36.275091296745174,20788300
2020-05-28,35.01565170288086,36.11960730438655,34.93013343065883,36.096285217663215,19698000
2020-05-29,35.34995651245117,35.520990128601994,34.494776568985046,34.84462277469037,25874700
2020-06-01,35.979679107666016,36.11184455668204,34.82907603908995,35.233342463023945,19031000
2020-06-02,36.78042984008789,36.889270203206685,36.34506542193526,36.43058369743645,22319000
2020-06-03,38.280887603759766,38.40527704256192,37.27799608522343,37.316867228784446,23418000
2020-06-04,38.17203903198242,38.210913135907774,37.44125154962319,38.001005430557434,18731400
2020-06-05,41.26622772216797,41.55387767795947,40.11562196764701,40.154496068051316,41328900
2020-06-08,42.5567626953125,43.03877121936314,41.561644592065875,42.54121365057835,33579400
2020-06-09,41.60829544067383,41.95814156423075,40.77644075003698,41.110737827471674,27276900
2020-06-10,39.37705993652344,41.59274714982247,39.3381858376733,41.59274714982247,31156800
2020-06-11,35.90192413330078,37.96989970898907,35.83972795205198,36.95145948361855,39183000
2020-06-12,36.671592712402344,37.79887360015518,35.69202631301257,37.34796302446083,30978100
2020-06-15,36.648258209228516,37.130266720882176,34.790190413602524,35.25664988092194,27929300
2020-06-16,37.47235107421875,38.6773741998732,36.72601451498891,38.53743572430787,26203400
2020-06-17,36.25178146362305,37.41793353203072,36.2284564055938,37.31686618904553,19279400
2020-06-18,36.477230072021484,36.79598110562731,35.58318205987055,35.84750994295815,21478700
2020-06-19,35.74644470214844,37.51899474774458,35.74644470214844,37.48789961578932,48899900
2020-06-22,36.088504791259766,36.104053835729886,35.295524283022765,35.520978013646975,17565400
2020-06-23,36.30619812011719,36.7104644870056,36.15071059967122,36.46168564056316,18916600
2020-06-24,34.59585189819336,35.730906102640866,34.401493179664186,35.69203495207077,27626900
2020-06-25,35.11671447753906,35.171137620243144,33.96611178862124,34.245988679432074,19353600
2020-06-26,33.91169357299805,34.93790692154101,33.81840225922434,34.89126274749285,31518600
2020-06-29,34.45589828491211,34.65803292438647,33.84950029784382,34.059407977754546,17052100
2020-06-30,34.766883850097656,34.961242542523195,33.554084541718105,33.76399228541908,22153600
2020-07-01,33.981666564941406,35.27998392388851,33.950568468345345,34.588067585853665,17290100
2020-07-02,34.269317626953125,35.13226751749462,34.15270125396445,34.68913004522174,18216600
2020-07-06,34.510318756103516,35.046750486737245,34.082730352238855,34.72799947828682,22692000
2020-07-07,33.616268157958984,34.20711705676885,33.5152008453562,34.12937479518343,17407600
2020-07-08,33.53852081298828,34.15269472403501,33.30529107728156,33.54629681806214,18291400
2020-07-09,32.15468978881836,33.507424090488385,32.10026961379009,33.351939570794535,25882000
2020-07-10,33.157588958740234,33.20423313963604,31.952562880516208,31.968111929374086,18951000
2020-07-13,33.16535186767578,33.65513637718794,32.83105483356016,33.41413064203947,20028300
2020-07-14,34.26154708862305,34.35483842249699,32.85438921000011,33.064296935475,21444100
2020-07-15,34.696903228759766,35.054522393834546,34.37037919036477,35.007875255298885,17332400
2020-07-16,34.424800872802734,34.83684320033884,34.04385960465953,34.448125925928046,14673700
2020-07-17,33.83395767211914,34.743554825340006,33.73289033320195,34.46368083135678,17958900
2020-07-20,33.040977478027344,33.82618528495967,33.02542842686218,33.592955448838666,18553900
2020-07-21,34.712459564208984,35.1322720364771,33.515209448145626,33.546307547033024,28821800
2020-07-22,33.90392303466797,34.32373842614823,33.71733742767309,34.32373842614823,21345400
2020-07-23,33.97389221191406,34.06718353242258,33.44523645290312,33.74066242780396,17934400
2020-07-24,33.76397705078125,34.533635464729116,33.577391485343526,34.1138231324289,16415300
2020-07-27,34.26154708862305,34.27709613854838,33.406370102476174,33.60850182014939,18547900
2020-07-28,33.85727310180664,34.40147786455083,33.787303875658424,34.1371500063995,19190500
2020-07-29,34.230445861816406,34.27709300733117,33.694017033946544,33.98166701709319,14143200
2020-07-30,32.55118179321289,33.56962205925459,32.52008666702386,33.53075092726036,29901100
2020-07-31,32.71445083618164,32.784417106220786,31.804850771861712,31.99920943044451,32116200
2020-08-03,32.84660720825195,33.040965830785986,32.24020925496247,32.69111971708928,23033600
2020-08-04,33.79508972167969,33.89615410446005,32.83884532968035,32.91658761884651,17724000
2020-08-05,34.09049987792969,34.448121983372964,33.841721088033474,34.32373258842485,17175100
2020-08-06,33.92724609375,34.12938075424874,33.62404706867959,33.740663447096374,14434900
2020-08-07,33.77176284790039,33.83395904843424,33.28198111424769,33.60850227001616,18757900
2020-08-10,34.60361862182617,34.67358786634423,33.8961531342228,34.1993551709198,24367800
2020-08-11,34.961246490478516,36.088524661300504,34.774660819781595,35.373286015932656,28987500
2020-08-12,34.95330810546875,35.62716291273368,34.58863381034148,35.24663281901161,22503200
2020-08-13,34.09710693359375,34.77889102841972,34.02575736496816,34.48556636815174,17338700
2020-08-14,34.24774169921875,34.311161869410256,33.621451263586685,33.77207681395283,13595700
2020-08-17,33.803794860839844,34.22396301910198,33.66902508335385,34.22396301910198,15554600
2020-08-18,33.63731002807617,34.23981530684968,33.526322452316684,33.76415340382768,13014000
2020-08-19,33.26469421386719,33.81963491540956,33.19334465189483,33.57387464101955,14473100
2020-08-20,32.7573356628418,33.20921541765731,32.741479861457144,33.050660427995666,15678500
2020-08-21,32.511566162109375,32.773182275327265,32.27373525639205,32.74147068144921,25517700
2020-08-24,33.4708251953125,33.70072671090676,32.57499224581332,32.72561779384878,18208900
2020-08-25,32.408512115478516,33.3519094712379,32.26581294917079,33.02687315335572,31285600
2020-08-26,31.71880340576172,32.37680555547631,31.710877017148785,32.21825056555358,26795000
2020-08-27,31.504756927490234,31.948707260110467,31.163864765408363,31.710876292751795,32034300
2020-08-28,32.257877349853516,32.44021446645179,31.520599473417445,31.58402265702581,33477100
2020-08-31,31.663301467895508,32.281665467108596,31.631592897415548,32.21824227778043,25259600
2020-09-01,31.258987426757812,31.51267412114426,30.95773334310493,31.51267412114426,22464100
2020-09-02,31.0687255859375,31.488896694119592,30.878462048505657,31.100437183570943,26413400
2020-09-03,31.005300521850586,31.73464900721348,30.822963400509863,31.07665009317382,28817200
2020-09-04,30.981517791748047,31.544384942133767,30.640625737473005,31.28276884384572,24632500
2020-09-08,30.268022537231445,30.664408371376243,29.610020600942804,30.323516312077004,38496400
2020-09-09,30.085693359375,30.79125984656049,30.061908146601695,30.402800295900146,25886100
2020-09-10,29.332555770874023,30.41865225940234,29.253279802788636,30.339376291316952,34381200
2020-09-11,29.253276824951172,29.578313099709117,28.928240550193227,29.435613952334016,26838600
2020-09-14,29.063011169433594,29.34048006209602,28.92824142847874,29.261204099673645,26129900
2020-09-15,28.75383186340332,29.63380899369012,28.706264469485244,29.173999925034796,23724200
2020-09-16,29.974699020385742,30.244241518945564,28.753829878427474,28.904455412493483,30890900
2020-09-17,29.966777801513672,30.10947698824061,29.308778684214904,29.610029834696338,24696200
2020-09-18,29.483179092407227,29.982626121327243,29.094722644279294,29.752721597391226,46853800
2020-09-21,28.880672454833984,29.10264755680722,28.286093696676573,28.880672454833984,35351800
2020-09-22,28.167186737060547,29.205719092113558,28.11962235499638,28.904464900905392,27303200
2020-09-23,27.26342010498047,28.373301768983616,27.231708509052552,28.26231420742015,31251400
2020-09-24,27.207929611206055,27.604315535639923,26.763976287133662,27.271352810724082,26796000
2020-09-25,27.461612701416016,27.69944361954643,26.859107507206687,26.954239269622015,23486000
2020-09-28,27.992773056030273,28.4605085341407,27.826288681378884,27.858000278853854,23396500
2020-09-29,27.17621612548828,27.834218165993484,26.946314603651505,27.747012784800322,20770500
2020-09-30,27.215852737426758,27.683585117013383,27.05729779943636,27.461610018337165,22223700
2020-10-01,26.264528274536133,27.033514796567566,26.113899710284496,26.787757495625048,36890200
2020-10-02,26.14560890197754,26.438933568487,25.535174362788112,25.566885954892882,32694300
2020-10-05,26.748123168945312,26.75604955669127,26.296240438626945,26.41515742410829,22965200
2020-10-06,26.470651626586914,27.287205665549546,26.407231451069574,27.049374715036457,26731800
2020-10-07,26.557861328125,26.74812793395301,26.327956728136805,26.668848921447545,23779300
2020-10-08,27.953136444091797,28.01655964901813,26.763978569386758,26.85911337677626,34413700
2020-10-09,27.5408992767334,28.500152624468754,27.469549679221718,28.28610383193371,29228600
2020-10-12,27.453691482543945,27.5329674621157,27.136581515887396,27.38234189125546,17912800
2020-10-13,27.1286563873291,27.643956326843096,27.033521578403672,27.532968740615004,20995100
2020-10-14,27.073158264160156,27.612243331777215,26.97802347045049,27.00180868097012,17743000
2020-10-15,27.310985565185547,27.3189119515142,26.375514720835394,26.716406792463875,23251600
2020-10-16,27.03351402282715,27.461611470788228,26.85910630357876,27.247562746807688,22627200
2020-10-19,26.49443244934082,27.247566273983274,26.4706502627702,27.033517522294296,23645800
2020-10-20,26.71640968322754,26.89874683035598,26.42308497038478,26.684698086113634,23040600
2020-10-21,26.288311004638672,26.652985282386293,26.27245520679953,26.56577990636312,28619300
2020-10-22,27.63602066040039,27.715296617039314,26.17732067928338,26.304164024415993,31831500
2020-10-23,27.081083297729492,27.810434892120337,26.84325237371362,27.723229514338186,27429100
2020-10-26,26.43893814086914,26.771903867185,26.121831237532188,26.645060501013337,30888700
2020-10-27,26.018762588500977,26.320016630749684,25.923630847226896,26.28037865723411,27100700
2020-10-28,25.02780532836914,25.669951571080787,24.98816734345261,25.447973412016292,42136400
2020-10-29,26.137685775756836,26.264529135811085,24.663129825011005,24.900960747089695,38622800
2020-10-30,25.86021614074707,26.272457853542218,25.37662484257999,25.69373478294072,47885700
2020-11-02,26.946313858032227,27.31891453438695,25.820576369337076,26.272456037393884,40130300
2020-11-03,26.486501693725586,27.34269655927787,26.26452659118268,27.34269655927787,36773000
2020-11-04,26.34380340576172,27.065225536659664,25.788862607182367,26.375514999779753,35410100
2020-11-05,26.296239852905273,26.890818718699226,26.272457666012553,26.454794821953893,30824100
2020-11-06,25.987056732177734,26.684696711832977,25.860213374438977,26.24074344765524,33985600
2020-11-09,29.27705955505371,30.1332514311151,28.587349012645358,28.8727442885431,76879400
2020-11-10,29.926570892333984,30.38935266100751,29.212099543603614,30.080830449509783,49055400
2020-11-11,29.618057250976562,30.137671801444167,29.382605939937488,30.11331583724944,34124500
2020-11-12,28.603185653686523,29.463799234934417,28.310901679030742,29.114682609334142,30933700
2020-11-13,29.29330062866211,29.43132189297787,28.724971034747597,28.741209377104823,29241500
2020-11-16,30.982051849365234,30.990169472986487,30.121438179579602,30.519269874266147,38596800
2020-11-17,31.396108627319336,31.428585305585568,30.34876207897858,30.697878627474335,26521100
2020-11-18,30.21074104309082,31.769587701441086,30.2026234212113,31.680278375032106,31068000
2020-11-19,30.365005493164062,30.446194105252594,29.683010621320523,29.926579554733138,26954400
2020-11-20,29.991531372070312,30.37312468229413,29.861627727739446,30.32440965423986,18351000
2020-11-23,31.956323623657227,32.01315626762756,30.267573353833757,30.446192004681535,29367600
2020-11-24,34.08350372314453,34.1646954434978,32.654563513548965,32.89001175970482,46979300
2020-11-25,33.13358688354492,33.86429385132133,33.003683216130376,33.83181716018076,28178200
2020-11-27,32.63020324707031,33.239127190129096,32.370395945803686,33.044273262752796,14971900
2020-11-30,30.957693099975586,32.3785155863998,30.827789453674118,32.31356221467545,45614300
2020-12-01,31.258094787597656,32.191779377254925,31.233738821707426,31.631567384601667,32472900
2020-12-02,32.427223205566406,32.816934092643365,31.128186915309893,31.16878121866538,29369500
2020-12-03,32.64643478393555,32.99555135293876,32.25672391328824,32.53276950047342,27038900
2020-12-04,33.83993148803711,33.90488176089922,33.00367698062436,33.1011039384911,28723600
2020-12-07,33.20664978027344,33.72626432303078,33.01991040039472,33.62883427340355,24899400
2020-12-08,34.29459762573242,34.578760891893516,32.83317769362589,32.906248690231216,32573800
2020-12-09,34.7492561340332,35.50432200752273,34.40826024130739,34.676185143142376,37824800
2020-12-10,35.73165512084961,36.10513082124945,34.716781896480306,35.074019253632564,38058700
2020-12-11,35.5611572265625,35.66670490928838,35.08213693991097,35.479968607325546,25478800
2020-12-14,34.27835464477539,36.09700549645228,34.24587796242301,35.99957854654203,30595000
2020-12-15,34.94411087036133,35.0902528426421,34.14845074191428,34.45696993037647,27138400
2020-12-16,35.47996139526367,35.81283962190623,34.879155204736136,35.52055569663049,34273000
2020-12-17,35.30135726928711,35.75602168414374,35.2364069798207,35.723544990836565,21204600
2020-12-18,34.69242858886719,35.54492154323948,34.44073889496212,35.130854598709234,46596800
2020-12-21,34.059146881103516,34.16469456627898,32.90624925886872,33.37715193338434,27869500
2020-12-22,33.482696533203125,34.01854943580857,33.47457581355089,33.75874215558454,21792900
2020-12-23,33.912994384765625,34.41637049357916,33.66130478178565,33.701899079776894,19085900
2020-12-24,33.77498245239258,33.977957113998656,33.596366856239555,33.81557986243183,8039000
2020-12-28,33.888648986816406,34.54628487180782,33.71003030341262,33.848051579026546,23877500
2020-12-29,33.50705337524414,34.197165900694664,33.450220724778674,34.132215627511485,20287700
2020-12-30,33.77498245239258,34.440739094688716,33.50705750958927,33.55577254334785,23807300
2020-12-31,33.466453552246094,33.83992607865756,33.26347894913378,33.66942815535841,22786500
2021-01-04,33.693782806396484,34.30270659205425,33.28783361595797,33.65318850678194,27764700
2021-01-05,35.31758117675781,36.37304850054193,33.96171230556786,33.96982992700189,44035100
2021-01-06,36.21879959106445,36.61662819866596,35.47997193694265,36.05641924020467,36484800
2021-01-07,36.502960205078125,36.99821884516174,36.15384356033549,36.53543689229775,29528100
2021-01-08,36.90890884399414,37.20119282945041,36.49484192936263,36.697816575135334,28628200
2021-01-11,38.029335021972656,38.27290401119866,36.332466624453076,36.567917989468896,38246200
2021-01-12,38.87370300292969,39.10915122594333,38.086160427221536,38.532704005257656,36915100
2021-01-13,39.3121337890625,39.54758515670574,38.71944810637789,39.401443142109784,29000300
2021-01-14,40.846614837646484,41.47177705717649,39.37707743092164,39.37707743092164,35474800
2021-01-15,38.8818244934082,39.84798583529969,38.394686559300574,39.70996145910914,42411300
2021-01-19,39.65312576293945,40.14026365969548,39.25529410610917,39.336485820333316,24932600
2021-01-20,40.21333312988281,40.38383417471811,39.77491027827702,39.8723372345064,22342400
2021-01-21,39.0604362487793,40.0996653089112,38.71131965567619,40.05095338243433,29044500
2021-01-22,38.50834655761719,38.678844501315766,37.86694599172594,38.16734757307301,23264800
2021-01-25,38.078041076660156,38.1998239939726,37.4772348209523,38.078041076660156,26395800
2021-01-26,37.24177932739258,38.85745853158558,37.225540987479214,38.37031762562468,23976800
2021-01-27,36.81959533691406,37.88318347535471,36.15383882190448,36.53543210385398,32410300
2021-01-28,37.39604568481445,37.82635089481332,37.095641012601135,37.29861563575486,24967200
2021-01-29,36.4055290222168,37.37980784588342,36.137601029421,36.98197621640854,38961100
2021-02-01,36.470489501953125,37.006345637558475,35.95899553148089,37.006345637558475,24412400
2021-02-02,37.04692840576172,38.15111083101029,36.762762080270065,37.193070379523846,31940400
2021-02-03,38.50022888183594,38.70320352527998,36.87643173428357,37.046932788608494,28459300
2021-02-04,39.239051818847656,39.279646120101354,38.3622000454638,38.87369691327105,25280300
2021-02-05,40.55433654785156,40.69235782614235,39.81550893009854,39.92917424096094,34980100
2021-02-08,42.29991912841797,42.51101451532527,41.17138048172521,41.34187845774046,36998700
2021-02-09,41.80449676513672,42.07697159658607,41.09440606841543,41.837521822158074,28977000
2021-02-10,42.209083557128906,42.456788821775646,41.606332924915954,41.80449902647934,25723800
2021-02-11,41.1522102355957,42.05220853613341,40.27698151910006,42.019180324248225,26972200
2021-02-12,41.713680267333984,41.87055956056355,40.79716779430935,40.81368190145097,19756700
2021-02-16,42.96872329711914,43.37330789077948,42.621933352809314,42.902666869729146,28060100
2021-02-17,43.63752746582031,43.984317411441154,42.77055732638396,43.22468424230359,25509700
2021-02-18,42.952205657958984,43.71183561201038,42.82009596378728,43.60449865094457,20627600
2021-02-19,43.24119567871094,43.398078109794554,42.869636170544005,43.02651860162762,22607200
2021-02-22,44.83476638793945,45.25586817351069,43.422843541657066,43.422843541657066,36435100
2021-02-23,45.45404052734375,45.62743393385808,44.37239324406903,45.39624272517231,33527900
2021-02-24,46.81641387939453,47.064119139654586,45.30540643724464,45.5696258014878,28728600
2021-02-25,46.0402717590332,47.27054586704972,45.70174046483971,47.047610163593966,29670900
2021-02-26,44.89256286621094,45.46228842418779,43.86045500001315,44.92559107386764,35291000
2021-03-01,46.5687141418457,47.56779392823271,46.345778436250114,46.62651193776934,36998300
2021-03-02,46.29623031616211,47.031090614872106,46.25494663135408,46.775129879216365,30302600
2021-03-03,46.66779708862305,47.85678440594215,46.13935828092567,46.58522655633049,35358900
2021-03-04,48.476036071777344,49.103559347966254,47.14668078511328,47.163194887091194,52137500
2021-03-05,50.309078216552734,50.408159713678224,48.80632905288277,49.40082433512372,51429800
2021-03-08,50.25952911376953,50.870538421404966,49.39255904394032,50.845768837900685,38154600
2021-03-09,49.48337936401367,50.68888058544172,49.10356442845303,50.04484629038297,35645900
2021-03-10,51.00265121459961,51.12650228938819,49.565955438948116,49.97054317597588,31579100
2021-03-11,50.62283706665039,51.64668649438741,50.58155022461366,51.010907553896345,24802600
2021-03-12,51.167781829833984,51.49805446522224,50.77970825476588,50.820991940471494,20422700
2021-03-15,49.86319351196289,51.07695334093394,49.43383627212454,50.77145030191665,31243600
2021-03-16,48.806312561035156,49.26043934829841,48.253101160383494,49.16135788465294,30624800
2021-03-17,49.02099609375,49.318243673862625,48.40173135176316,48.459529142369135,25575500
2021-03-18,46.90724563598633,48.69072813848611,46.66779582344509,48.5586184401433,38622800
2021-03-19,46.64302444458008,47.45219670951259,46.08155746079123,46.82467330422221,84439400
2021-03-22,46.16412353515625,46.94852619476133,46.1558680575733,46.65127860587995,29315100
2021-03-23,45.59440231323242,46.47788647625994,44.95862343100582,45.3632079880405,33493300
2021-03-24,46.51917266845703,47.29531676333736,46.30449558680714,46.30449558680714,29781800
2021-03-25,46.387054443359375,46.651273795175605,44.99990127145258,45.5861377614359,31495900
2021-03-26,47.65035629272461,47.7081540825647,46.667790715699795,47.3118250309141,34226500
2021-03-29,47.39439392089844,47.74118064800463,46.849441099914976,47.34485160999332,21144400
2021-03-30,46.808162689208984,47.361374236433456,46.64302792262857,46.94853102049487,20303400
2021-03-31,46.09806823730469,46.75861665590237,46.07329550615875,46.5274223470857,23686500
2021-04-01,47.386138916015625,47.435681230707345,46.354030983013914,46.50265477734563,23194500
2021-04-05,46.65127944946289,47.328342014272074,46.354031855206465,47.31182790906411,23264800
2021-04-06,46.51917266845703,47.509996994730955,46.453116243491706,46.93201587525919,18926300
2021-04-07,46.725589752197266,46.8742135442495,46.43660079528649,46.56045185550108,22385000
2021-04-08,46.23843765258789,46.30449407539709,45.676970657684116,46.18063985750164,21999300
2021-04-09,46.1310920715332,46.601733004151434,45.850358607362395,46.23843217100113,20020700
2021-04-12,45.82558822631836,46.89072427616574,45.668708968099764,46.86595154610994,20238800
2021-04-13,45.99898910522461,46.2219248137003,45.487064413397306,45.66045780340828,19370600
2021-04-14,47.32834243774414,47.89806489867089,46.444858274545595,46.576967967647896,28051100
2021-04-15,47.047603607177734,47.41090443454546,46.88246572210398,47.41090443454546,23250300
2021-04-16,46.78338623046875,47.62558664521147,46.601734234227195,47.361367277811006,22752000
2021-04-19,46.634765625,47.1797185011696,46.20540833623856,46.85770132203441,21123300
2021-04-20,45.65220260620117,46.62651282713184,45.23110077101835,46.62651282713184,21782100
2021-04-21,46.23843765258789,46.34577776478103,44.834770165328464,44.99990807260785,16625600
2021-04-22,45.63569259643555,46.23018787606153,45.42927097431475,46.23018787606153,21600100
2021-04-23,45.88338851928711,46.18889157555168,45.561371358664545,45.635683253403855,15337900
2021-04-26,45.97422409057617,46.47789335426122,45.77605794676383,45.80083068333037,16083800
2021-04-27,46.57697296142578,46.758624990071205,46.0815623466123,46.246697118387544,19278600
2021-04-28,47.98063278198242,48.26962173542716,46.89072708650034,46.98980856343234,24729800
2021-04-29,48.665958404541016,49.11182984508698,48.013668500494724,48.64944429751222,27318400
2021-04-30,47.262290954589844,48.62467162568634,47.19623453066718,48.16228925720234,30518400
2021-05-03,48.56687927246094,48.70724761415568,47.675139497774346,47.873302492262916,20509600
2021-05-04,48.87237548828125,49.128339398889025,48.31090850031446,48.71549621066307,23522200
2021-05-05,50.34210205078125,50.408155326534796,49.04577462296256,49.35127771652816,31526200
2021-05-06,50.82099914550781,50.89531105021066,49.565955393717374,50.25127664261516,26836800
2021-05-07,51.54759979248047,51.58062800287382,50.243013829634634,50.42466583705456,33610600
2021-05-10,51.67144775390625,52.86043168675484,51.63016092103886,52.216400560478675,31956600
2021-05-11,50.0283317565918,51.51456642842701,49.8631938708894,50.88704624244972,34563800
2021-05-12,50.29640579223633,51.67025778329194,50.05346769255167,50.27127217099485,34426500
2021-05-13,49.6765022277832,50.63987582132913,49.21575958568141,49.4251883498758,24268200
2021-05-14,50.90793991088867,51.00008907033833,50.204259197198326,50.204259197198326,20735400
2021-05-17,52.09749221801758,52.14775626604984,50.62311529432328,50.7152644512346,25282500
2021-05-18,50.62312316894531,52.18964949323015,50.597992738834535,51.938335605233945,25170800
2021-05-19,49.40842056274414,50.14561051199067,48.939299104927535,49.50894544812324,28889800
2021-05-20,49.2911491394043,49.55084193146211,48.78852143385326,49.38329829773543,20692500
2021-05-21,49.3581657409668,50.12048945066024,49.29952594724101,49.77702323651049,20792700
2021-05-24,49.93619155883789,50.09535625808482,49.16549209869212,49.49220363235021,18400300
2021-05-25,48.80527114868164,49.877548448212735,48.68799156802095,49.84403908355856,25616100
2021-05-26,49.37491989135742,49.525708843776,48.50369873870779,48.796897704172224,21698700
2021-05-27,49.05659103393555,50.011585612580255,48.60422417174729,49.61785854412428,33556000
2021-05-28,48.897422790527344,49.25764048980762,48.679618300455786,49.199000696494934,19246800
2021-06-01,50.64823913574219,50.84929210610334,49.8021485421211,49.8021485421211,28474200
2021-06-02,51.050357818603516,51.360314711162424,50.40531679833517,50.891193097613744,22978300
2021-06-03,51.251399993896484,51.44407404552721,50.55609506374186,50.72363868991649,20272800
2021-06-04,51.47758865356445,51.68701740870863,50.91631792805087,51.48596439769337,20427800
2021-06-07,51.14250183105469,51.7121483058651,51.11737140281074,51.377064211972005,15477900
2021-06-08,52.0472297668457,52.34042871562175,50.82416353399552,51.51946846341995,28953400
2021-06-09,52.48284149169922,53.127879173789324,52.09749019633038,52.49959297809761,29133000
2021-06-10,52.566612243652344,53.59700123164608,52.14775477557543,53.28704760004525,27488700
2021-06-11,52.08073806762695,52.935207719134596,52.055607641168464,52.78441876912566,17631700
2021-06-14,51.99696731567383,52.59174417037005,51.5781098356406,52.18964137301363,16997200
2021-06-15,53.890201568603516,53.948841356516546,52.23152323851596,52.340427071338205,30717100
2021-06-16,53.6975212097168,54.283925446055775,53.24515761431491,53.88181950138741,24803200
2021-06-17,51.92995834350586,53.99911238334205,51.326802473429886,53.49648462203165,28491800
2021-06-18,50.59797668457031,51.561346815492364,50.46394244045818,51.10060430108369,39590700
2021-06-21,52.432579040527344,52.52472819666576,51.01684192026409,51.04197234625495,33145400
2021-06-22,53.43783950805664,53.62213782683356,52.13100298474846,52.650385379194546,25140400
2021-06-23,53.83156967163086,54.20015993914675,53.26192319500615,53.655650282104496,20701600
2021-06-24,54.04936981201172,54.08287917947367,53.45459611552249,53.739419347690756,19568400
2021-06-25,54.166656494140625,54.39283673836042,53.91533943055558,54.124768186456976,18438300
2021-06-28,52.784420013427734,54.08287760633227,52.566615522518795,54.08287760633227,20570000
2021-06-29,52.45771026611328,53.42108375508067,52.43257983973937,52.95196222378394,19579300
2021-06-30,52.84306335449219,52.96871868621252,52.315302013505324,52.52473076200164,17875500
2021-07-01,52.99384689331055,53.965596117797894,52.58336835300662,53.89020483930159,22530300
2021-07-02,52.918453216552734,53.044111740531235,52.29016698791824,52.784418948935866,14555300
2021-07-06,51.41056823730469,52.57499156653837,51.01684436353309,52.56661582268327,22110800
2021-07-07,50.606361389160156,51.779163629566696,49.94456579356463,51.25140230182085,21671400
2021-07-08,50.38017272949219,50.85766995883112,49.68487103588392,49.80215060861577,18935900
2021-07-09,51.29329299926758,51.477591335999364,50.46395687523329,50.8493050378276,20086000
2021-07-12,51.24302291870117,51.519470391288046,50.39693220940881,50.614736694417175,21809400
2021-07-13,51.000083923339844,51.527842008623736,50.69012710999424,51.10060881639934,17147300
2021-07-14,49.869171142578125,51.71214471574381,49.726761131576964,51.243023182107216,21573600
2021-07-15,49.38330078125,50.011587042600176,49.23251182287562,49.56759591155154,15851100
2021-07-16,48.01782989501953,49.642996059531825,47.87541986008686,49.575980512395724,27049500
2021-07-19,46.36751937866211,47.07957897550419,45.73923319089905,46.61045747154807,37969100
2021-07-20,46.8785285949707,47.414665660361095,46.099453423191235,46.49318047867498,26756100
2021-07-21,48.38641357421875,48.83878040919876,47.607341619258364,47.632472044880956,20908700
2021-07-22,47.84190368652344,48.36966502606215,47.46493130113864,48.361286086593,13493800
2021-07-23,47.783267974853516,47.99269674066655,47.30577064445014,47.99269674066655,14088200
2021-07-26,48.98957061767578,49.13198382301085,47.749752856799276,47.88378712295812,18387600
2021-07-27,48.4450569152832,48.5958426657533,47.925671347329285,48.5958426657533,16861400
2021-07-28,48.771766662597656,49.11522967308233,48.26913576232781,48.58746834626915,16855300
2021-07-29,49.366546630859375,49.70163391878497,49.056592966687184,49.42518642690197,18607800
2021-07-30,48.227256774902344,49.324664677283494,48.01782800544537,49.324664677283494,28652800
2021-08-02,48.235626220703125,49.475443908371574,48.084837280724514,48.2104926002875,20873800
2021-08-03,48.7550163269043,48.93093571965144,47.69111783477794,48.22725495303359,18208200
2021-08-04,47.6157112121582,48.48693540500113,47.59058078978166,47.9089101253128,20868300
2021-08-05,47.91730499267578,48.3361625482138,47.60735129635391,47.858665190550816,15180200
2021-08-06,48.470184326171875,48.64610368713531,48.193736876976146,48.302640708080105,14888500
2021-08-09,47.91730499267578,48.18537357256975,47.60735129635391,47.858665190550816,17828200
2021-08-10,48.73826217651367,48.88905114212888,48.00107203302038,48.101596944887405,16340200
2021-08-11,48.88066101074219,49.006319518528315,48.35290294754909,48.746626760397,18278600
2021-08-12,48.770111083984375,49.144286646592114,48.36192221531874,48.81263339355108,19225500
2021-08-13,48.27688217163086,48.53199979894049,47.87719583431458,48.49798325023343,20063000
2021-08-16,47.5710563659668,47.69861680961614,47.00129373739258,47.639089467645604,16959500
2021-08-17,47.24790954589844,47.87719952551224,46.77168755927423,47.19688471890399,16243700
2021-08-18,46.25295639038086,47.460518268680396,46.184926517179555,47.128861688332215,21890500
2021-08-19,44.84129333496094,45.67467940215306,44.30554399033851,45.47058657639012,30923500
2021-08-20,44.84980010986328,45.18995590849732,44.31405075311828,44.45011372137131,16918300
2021-08-23,46.69515609741211,46.822716554254754,45.87877825681126,45.87877825681126,21632600
2021-08-24,47.07783126831055,47.494522679041154,46.78019130236314,47.018303923920456,17915600
2021-08-25,47.162879943847656,47.426503416482106,46.66114704044512,46.9757953528146,13270300
2021-08-26,46.52507781982422,47.23090674372518,46.45704795327799,46.941772511909896,11842600
2021-08-27,47.42649841308594,47.800670799675345,47.111853377908545,47.111853377908545,15822500
2021-08-30,46.907752990722656,47.9112185998104,46.873736437601735,47.82618046100515,14086100
2021-08-31,46.363502502441406,47.03531484867126,46.31247767123505,46.71216407235863,27104100
2021-09-01,45.7257080078125,46.56759666062443,45.58113927062427,46.33799302367372,21644100
2021-09-02,46.839725494384766,47.31594428614356,46.15090485688009,46.16791313429965,23293300
2021-09-03,46.661136627197266,47.04381472981445,46.43152976562695,46.873735212651596,13840000
2021-09-07,46.389015197753906,47.001300221342085,46.320985330687044,46.491061620352845,14354400
2021-09-08,45.96381378173828,46.924760301648696,45.929797229317366,46.59310702553725,18756700
2021-09-09,45.997833251953125,46.77169202663391,45.32602089701124,45.598146845646426,19110800
2021-09-10,45.9042854309082,46.967278340786585,45.87877463915014,46.933261789111214,15123700
2021-09-13,47.08633804321289,47.56256008540368,46.4485422293489,46.474056267821595,22052300
2021-09-14,46.41452407836914,47.42649216300896,46.269955355422354,47.358459059505314,19940300
2021-09-15,47.979248046875,48.07279194514954,47.03531303591558,47.0863346211584,23240900
2021-09-16,47.46901321411133,48.013265088893434,47.19688727672027,48.013265088893434,17907200
2021-09-17,46.907752990722656,48.25988015930718,46.856728161041275,47.060824235769736,30000400
2021-09-20,45.657676696777344,46.06586564210403,45.03688913967651,45.73421232677593,27555100
2021-09-21,45.61515808105469,46.35500034913515,45.28350476239784,46.23594564438628,19696800
2021-09-22,46.95027542114258,47.54555216738437,46.235943974451885,46.28696880778597,25690600
2021-09-23,48.54050827026367,48.67657122869762,47.009795932885744,47.128850616015846,23069400
2021-09-24,48.97420883178711,49.16979913536156,48.200350133298244,48.21735840891301,22328600
2021-09-27,50.42839050292969,50.85358773017867,50.02020155405035,50.04571234960613,32972200
2021-09-28,50.955631256103516,51.43185329135581,50.60696967936439,50.93862622269916,37619300
2021-09-29,50.92161560058594,51.18523577817869,50.21578671890854,50.887599047349106,23422800
2021-09-30,50.020198822021484,51.16822997529101,50.01169630529975,51.125710903687924,31289600
2021-10-01,51.814537048339844,51.86556188608426,50.5219370214595,50.5219370214595,24407300
2021-10-04,52.48634338378906,52.78398012606378,51.831539306787484,52.14618432633464,33946700
2021-10-05,52.40129470825195,53.319722089224605,51.89105943704275,53.16665085906249,29641600
2021-10-06,51.44035720825195,51.976103329210886,50.811063942938844,51.42334893146002,25284900
2021-10-07,51.584922790527344,51.94209011582523,51.14271732510939,51.54240372046731,19513600
2021-10-08,52.87752151489258,53.08161434446346,52.086654501312076,52.086654501312076,22186900
2021-10-11,52.350276947021484,53.62586846210878,52.299252118579076,53.60035442588909,22121500
2021-10-12,52.07815933227539,52.70744943022919,51.74650276043772,52.35878782352574,20198600
2021-10-13,51.933589935302734,52.205715905721426,51.20225017330347,51.686974760861595,14991700
2021-10-14,52.72444534301758,52.91153312263627,52.01861653372649,52.4778302233378,18594500
2021-10-15,53.2261848449707,53.63437376170321,53.09862438924304,53.34523954018471,16092600
2021-10-18,53.20066833496094,53.6938953398494,52.95405321051831,53.65137627384128,18282800
2021-10-19,54.00004577636719,54.09358968179101,53.294216849258184,53.464296382392654,18933200
2021-10-20,54.297672271728516,54.31468054622952,53.33672909239688,53.4812945596604,14305200
2021-10-21,53.31121826171875,54.11909350707386,53.02208406582313,53.974528031124485,16564600
2021-10-22,53.67689514160156,53.76193653041109,53.022091045756,53.379258390761436,14266800
2021-10-25,54.722877502441406,54.78240485000793,54.06807667920969,54.187131374342734,17939800
2021-10-26,55.989967346191406,56.07501198139345,54.73138719633611,54.84193613890611,25585100
2021-10-27,54.535789489746094,55.48823353514608,54.408232278592315,55.41170115485209,21764500
2021-10-28,54.68886184692383,54.82492806530813,54.11059663877653,54.27217040711209,16626400
2021-10-29,54.82492446899414,55.58177491712562,54.705869779714625,55.31815474629155,23966300
2021-11-01,55.81137466430664,56.19405598586998,55.29263363071603,55.335155940220915,19656400
2021-11-02,55.1225700378418,55.65831622557207,54.98651029454308,55.301152100418555,16300000
2021-11-03,54.36571502685547,54.8079172664444,54.13610814630127,54.459258931229094,17372800
2021-11-04,54.77390670776367,55.18209238864442,54.280676396037876,55.00351034225979,17720100
2021-11-05,55.29264450073242,55.55627119310086,54.90146383076046,55.31816178424791,18565100
2021-11-08,55.88792037963867,56.44917730359054,55.5987829131225,55.74335489037774,17696000
2021-11-09,56.43217086791992,56.4406766282516,55.53925418492352,55.930434816257005,18781300
2021-11-10,55.32041931152344,56.578680076059065,54.95845194958124,56.29427691399064,20177200
2021-11-11,55.423831939697266,55.87198355684731,55.173902494591914,55.32041739357596,13319300
2021-11-12,55.00155258178711,55.475557939293466,54.79471686905195,55.12220729548168,18158900
2021-11-15,55.475547790527344,55.82027172362546,54.48445004490138,54.94983195721512,18849200
2021-11-16,56.03573226928711,56.337375599367306,55.44969232755901,55.44969232755901,17028700
2021-11-17,55.423831939697266,56.22532754807397,55.31179732300341,55.48415928333046,15497000
2021-11-18,54.82056427001953,55.61343989122742,54.38965274868637,55.29456957356121,16948200
2021-11-19,52.286800384521484,53.458880202923034,52.06272784869478,53.33822550766297,32035500
2021-11-22,53.0107307434082,53.898410659928714,51.985162567390034,51.985162567390034,21994400
2021-11-23,54.40689468383789,54.622350464620844,53.364086206276724,53.59677884403363,21185900
2021-11-24,54.708526611328125,55.027400218088516,53.93288784183577,53.93288784183577,15869700
2021-11-26,52.78666305541992,52.933171399324486,51.31294639424221,52.157532608617636,24979600
2021-11-29,53.079689025878906,54.4155142781876,52.821142733108594,53.92427533564566,18946400
2021-11-30,51.57149887084961,52.73495884087392,51.41637043650043,52.105828318277595,34979800
2021-12-01,51.528404235839844,53.458886149944625,51.49393052261798,52.48502840838389,30630600
2021-12-02,52.81251525878906,53.07106480291855,50.9682144645503,51.485310265215254,29216000
2021-12-03,52.47640609741211,53.63124914031992,52.01102085155506,53.36408280564034,22014700
2021-12-06,53.07106399536133,53.57091964537796,52.93316915387374,53.191718694069,19210500
2021-12-07,53.665714263916016,54.32069824439825,53.51920265621739,53.726041606029106,19800400
2021-12-08,53.82085037231445,54.458597591132865,53.72604931037262,53.95874192943146,18214400
2021-12-09,53.958744049072266,54.09663561160602,53.2692862364035,53.47612193640704,16910300
2021-12-10,54.30347442626953,54.59649442440965,53.631253431310476,54.52755028298546,17942400
2021-12-13,53.11415100097656,54.05353817755074,52.87283833181673,53.83808243326853,17793700
2021-12-14,53.03658676147461,53.83808239260659,52.76080367200917,52.79527409249704,22551100
2021-12-15,52.803897857666016,53.002116761612804,51.717998990277906,52.73495043667897,19961900
2021-12-16,52.890079498291016,53.82084996752602,52.82975214798068,52.95040684860136,21187800
2021-12-17,51.735233306884766,52.8125120499906,51.44221335725623,52.52811217135945,44338100
2021-12-20,50.98544692993164,51.063011128973066,49.951258705243816,50.666573350580755,21819300
2021-12-21,52.14029312133789,52.29542152916922,51.468072212464755,51.49392585123866,19798900
2021-12-22,52.562599182128906,52.89008963584323,51.68353911078038,52.0024127789105,14058300
2021-12-23,52.588436126708984,53.29513067360648,52.57119927341958,52.71770759498909,13543300
2021-12-27,53.33823776245117,53.38994833841225,52.07135659595902,52.51088827264164,12593700
2021-12-28,53.165863037109375,53.700195697851896,52.915936849929736,53.355465161088595,12781000
2021-12-29,52.70048522949219,53.08830300434731,52.50226301833357,52.984885150225566,12733600
2021-12-30,52.39021682739258,53.08829129828054,52.372979974240664,52.76080095117485,11940300
2021-12-31,52.73495864868164,52.97627137212007,52.31266713595476,52.34714085181661,14072000
2022-01-03,54.76023483276367,54.81194210929258,52.75218564184614,52.77804256770447,24282400
2022-01-04,56.81999969482422,57.04407555153416,55.24286177580783,55.26871541789191,38584000
2022-01-05,57.52669143676758,58.26785982249231,57.294002094825345,57.311235663596165,34033300
2022-01-06,58.8797492980957,59.01764413934072,57.80247050782376,58.6039661907936,30668500
2022-01-07,59.36237716674805,59.62092674601272,58.586741579331914,59.05212030170602,23985400
2022-01-10,59.0090217590332,59.61229522790515,58.56087011771032,59.43993325828107,22760300
2022-01-11,61.49108123779297,61.534175025929386,59.10383397430509,59.370997050221895,32936100
2022-01-12,61.31009292602539,61.887512807255824,60.879181389252544,61.31009292602539,23045100
2022-01-13,60.87056350708008,61.68929940151273,60.59478037663261,61.29286156244377,21043200
2022-01-14,61.93922805786133,62.18053747185904,60.844709047700896,60.887802832424086,23012900
2022-01-18,62.98204803466797,63.671502726189175,62.059897371176035,62.75797213670836,32841200
2022-01-19,63.00787353515625,63.654240718261924,62.525254809163854,63.55943967205813,26431600
2022-01-20,63.14577102661133,64.09378162744224,62.275334493394524,62.482170181217654,26774600
2022-01-21,62.19778060913086,63.068223907978656,61.223922731339556,63.068223907978656,35995200
2022-01-24,62.73210525512695,62.982034747201794,60.16386948240406,61.086019951347765,41507000
2022-01-25,64.57640838623047,64.84357145657549,61.52555367012641,62.55973881194291,39278400
2022-01-26,63.921424865722656,65.49856289236041,63.33538482946765,65.00732393367528,35252400
2022-01-27,64.74015808105469,65.50718016666694,63.76629370311477,65.03317479906886,29174700
2022-01-28,64.87803649902344,65.17105974765566,63.73181029368157,64.61087346439032,30595700
2022-01-31,65.46408081054688,65.86051864100561,64.00759769143562,64.61087779662891,36085500
2022-02-01,69.6611557006836,70.24719561237839,65.7312382912999,65.886366696607,61033100
2022-02-02,69.48019409179688,69.64393604125455,68.21331283838533,68.99756859157027,30299300
2022-02-03,68.67005157470703,69.21299765551076,68.1012452827522,69.02339555819249,28529400
2022-02-04,70.1610107421875,71.1262482549425,69.69562555202887,69.69562555202887,32197500
2022-02-07,71.00559997558594,71.60025997922256,69.49740965057318,69.92832117200538,34949200
2022-02-08,69.169921875,71.1004037229087,68.87689861025618,70.90218152247714,34356300
2022-02-09,68.83880615234375,69.73632370051044,68.5861059395844,69.34420657786247,40106100
2022-02-10,68.17655181884766,69.43133714280357,67.78443472915173,68.5948158095265,28527700
2022-02-11,69.89315795898438,69.98900997397804,68.16783498525812,68.50767153002481,42002100
2022-02-14,68.82137298583984,69.57075124859035,67.13961475312604,69.34419796714313,34652800
2022-02-15,67.95870208740234,68.13298150630261,66.59064022741559,67.00890418469615,25075100
2022-02-16,68.27239227294922,69.47489688728025,68.00226750796968,68.65580031207847,21733800
2022-02-17,68.16783905029297,68.94336420106667,67.92384785789025,68.38568334316379,23738800
2022-02-18,67.40973663330078,68.115549995085,67.00018831046005,67.23546386310815,23394800
2022-02-22,66.62549591064453,69.52718340781884,65.62341086124464,69.42261575679343,35947800
2022-02-23,66.89562225341797,67.50559025978596,66.33794139781763,66.62549745875911,25385000
2022-02-24,66.0503921508789,68.86493668729462,64.50805083692212,68.83879643588521,46199900
2022-02-25,67.8279800415039,67.95868791640339,66.45120948372151,66.82590184612475,28310300
2022-02-28,68.3333969116211,68.7778011352189,66.39893850686862,66.66906995356705,32204600
2022-03-01,68.98692321777344,70.2765642473077,68.25496964690672,68.6383710491361,40002300
2022-03-02,70.17200469970703,71.58363815394617,69.5533276868221,70.23300083765116,44321400
2022-03-03,70.61640167236328,71.25250323865941,69.38775675826949,69.58817641838456,30196600
2022-03-04,73.27410888671875,73.43967268962821,70.28529133705506,70.62512792865182,42802200
2022-03-07,75.91438293457031,76.01023495699914,73.10854732837446,73.99734913407408,55207900
2022-03-08,76.48948669433594,79.73972645404861,74.44175168046408,77.59613941991175,72082300
2022-03-09,72.14131927490234,75.43512403127906,71.10437827823543,73.22182514277482,65466700
2022-03-10,74.38076782226562,74.6596082959503,72.2371804342993,73.20440978166087,44644200
2022-03-11,73.99735260009766,75.13886128937804,73.16954689279841,73.25668328597507,35303400
2022-03-14,71.34835052490234,72.71641222871038,70.14585258812869,72.37657571075088,37462600
2022-03-15,67.2877426147461,68.98692534821751,66.5470733885683,68.68194468427134,47957900
2022-03-16,67.03504180908203,68.50767126271141,66.44250510419683,67.80185127795944,37812300
2022-03-17,68.82137298583984,68.96950551172772,67.157039371668,68.12426857871525,34041900
2022-03-18,68.55125427246094,69.17864702580647,68.05456945074266,68.89109090584284,41461500
2022-03-21,71.62720489501953,71.90604533976979,69.48361772948678,69.81474532818312,33089300
2022-03-22,71.31350708007812,71.6272034049062,70.39856500606332,71.13051866527516,23132200
2022-03-23,72.43758392333984,73.430953395114,72.36787880018828,72.62057233676346,27716300
2022-03-24,72.65541076660156,73.76206326276971,72.10644565822196,72.72512252108498,19871600
2022-03-25,74.24132537841797,74.49402553218422,72.14131004937786,72.2545866777229,22398300
2022-03-28,72.15872955322266,72.59441806717392,71.47034090341016,72.4724258151139,21552400
2022-03-29,71.77534484863281,71.87990586149064,69.50104974584555,70.41599184875494,27036300
2022-03-30,73.00398254394531,73.20440223001934,72.07160918298655,72.37658988085519,22079000
2022-03-31,71.967041015625,73.54423829590488,71.93219177732628,72.21103222027998,27861500
2022-04-01,72.42886352539062,73.31766520026846,71.44420319411294,71.44420319411294,18671100
2022-04-04,72.4637222290039,72.89941077540797,71.49649312414049,72.81226774766345,20869400
2022-04-05,72.08902740478516,74.12804654275739,71.94088825141637,72.7599848186767,21753100
2022-04-06,72.89070892333984,73.80565105491462,72.27203186825189,72.69028922894867,24768200
2022-04-07,74.11063385009766,74.45047042776841,72.07160773599263,73.04755259765868,26122000
2022-04-08,75.6703872680664,75.9927992015627,74.21518904708358,74.21518904708358,24866500
2022-04-11,73.06497955322266,74.87744579081694,72.75999885172378,74.74673787643722,21800100
2022-04-12,74.58988952636719,75.65297081020378,74.39818547215657,74.6857415534725,22444200
2022-04-13,75.64424896240234,75.90566476904755,74.23262222114256,75.46997619002562,19306800
2022-04-14,76.5330581665039,77.08202338835737,75.13885602904101,75.52225746179319,24566400
2022-04-18,77.16045379638672,77.45671885360434,76.46334937645749,77.11688227711097,19032300
2022-04-19,76.47206115722656,77.25630192811637,76.04508156369315,76.68990544646928,20382600
2022-04-20,76.6463394165039,77.11688391272409,76.07123390873295,76.65505505016,20689400
2022-04-21,75.83594512939453,78.24966332956653,75.62681649463316,77.50898750364436,29010900
2022-04-22,74.18033599853516,76.78575852028287,74.06705935988185,75.5135486514004,23591600
2022-04-25,71.67949676513672,72.02804900602779,69.09150518522796,71.77534879758379,37698300
2022-04-26,71.70563507080078,73.82308206516569,71.609783040959,72.08904319016786,28941500
2022-04-27,73.75336456298828,74.48532485694258,71.69691387018001,72.66414307942799,32773000
2022-04-28,75.98408508300781,76.80318173422033,73.25667698740368,73.96249035395398,33683800
2022-04-29,74.28489685058594,76.80317610640166,73.80563679231805,76.80317610640166,34656500
2022-05-02,75.29570770263672,75.84467295013646,73.74465068866255,74.07577828233457,36335200
2022-05-03,76.84675598144531,77.36086532890735,75.0430054765566,75.16499775046557,33908100
2022-05-04,79.90528106689453,80.06212921799442,77.47414469696616,77.98825401841138,46188400
2022-05-05,78.69407653808594,80.21027772463677,77.02103383025133,80.20156209076076,41013400
2022-05-06,79.89656829833984,80.00984492784963,77.85754243060624,79.27789135610092,29619300
2022-05-09,73.59651947021484,78.04054197870813,73.21311136463922,77.93598096670068,45851600
2022-05-10,74.08448791503906,75.71396570085764,72.77742209217043,74.62474418180044,34483200
2022-05-11,75.62682342529297,77.50028562193484,75.18241921862906,75.31312712036316,33020600
2022-05-12,75.97014617919922,76.0405653098911,73.41726631766794,75.66203477818632,29491500
2022-05-13,78.22371673583984,78.30294077358533,76.01415456205821,76.90326237732286,25798400
2022-05-16,80.06353759765625,80.97025513031346,78.32054180112823,78.32934670972652,26101200
2022-05-17,81.08470153808594,81.3840013035753,80.21320353813832,80.75018885027225,23120700
2022-05-18,79.7994613647461,81.79774604612878,79.07761323606682,81.4368253398783,25451200
2022-05-19,80.23081970214844,81.2519744672548,78.34697170628054,78.34697170628054,24387400
2022-05-20,80.8646240234375,82.38754426228012,79.57938260980812,80.92624495709856,28795000
2022-05-23,82.6516342163086,83.42629830805079,81.47203161868902,81.56886546967901,27239300
2022-05-24,83.1006088256836,83.44392647608157,81.26957687944156,81.70972840212401,24293300
2022-05-25,84.7731704711914,84.97563637358432,83.16221458053363,83.25904843513128,29947800
2022-05-26,85.07247924804688,85.7679194065382,84.68514378858875,85.03726632298898,24314800
2022-05-27,85.90876007080078,86.20806656065338,83.89287226298718,84.46506379691472,25588800
2022-05-31,84.50907135009766,87.83661495991933,84.25378272445292,86.76264443692344,44888100
2022-06-01,86.12882995605469,86.89469587414902,85.05486609151802,85.40698186812523,25815400
2022-06-02,85.97918701171875,86.35771754665184,85.20452283807408,85.64467431049961,19089100
2022-06-03,87.22920227050781,87.73098132003368,86.18164649299152,86.18164649299152,21038200
2022-06-06,87.0091323852539,87.83661923164328,86.85948250934285,87.30843885325389,20682100
2022-06-07,90.99691009521484,91.0497261182411,87.58133066105489,87.7661934578247,37810200
2022-06-08,92.07087707519531,92.93357687220089,90.65359558526451,91.10254522855756,31613200
2022-06-09,90.0813980102539,92.0532746397636,89.93174812807116,91.04092495432015,26607000
2022-06-10,88.43523406982422,90.97930907295361,87.84543270174726,89.73808539858535,30950500
2022-06-13,84.37703704833984,86.06721711315835,82.67805207342519,85.84714137400452,33421000
2022-06-14,84.59711456298828,86.85949294032444,83.86646148178005,85.75031602735872,31264000
2022-06-15,83.53194427490234,85.01085346213405,82.1058511141573,84.50027615216848,29620800
2022-06-16,80.45088958740234,81.98261490697045,79.47375273280403,81.34880239679589,35696700
2022-06-17,75.81169128417969,80.41567187949506,75.40675273946476,80.07235427166766,64610200
2022-06-21,80.53011322021484,81.45442724667704,77.92441069449173,77.97723343613114,35951500
2022-06-22,77.34341430664062,79.01599118096844,77.05291273409448,77.06171764373539,29727200
2022-06-23,75.01061248779297,78.39097925972622,73.52289837445191,78.0476616514442,35757200
2022-06-24,76.49830627441406,77.81876032961277,75.53877283522448,76.54231737988137,26639000
2022-06-27,78.37335968017578,79.26246741673506,77.1761472971388,77.29938915572988,25478700
2022-06-28,80.54771423339844,82.07943937763484,79.53536456919662,80.21320155385978,33096900
2022-06-29,77.5722885131836,82.04422182655117,77.25537895416527,81.85056084375343,25400900
2022-06-30,75.3891372680664,77.11453008774984,74.53524240936771,75.82928870317477,39948100
2022-07-01,77.07052612304688,77.36102099286964,74.57046224731167,76.35747616502748,26327900
2022-07-05,74.65848541259766,76.32225732538895,73.07394425174681,76.00534774998319,34591100
2022-07-06,73.31163024902344,75.02822506980945,71.31334546273236,73.73417862963836,33375700
2022-07-07,75.65324401855469,76.37509222946174,75.08985062058719,75.16026975819882,23817400
2022-07-08,75.77648162841797,76.8504523314937,74.76413186488698,76.54234091759132,17673800
2022-07-11,75.3891372680664,75.81168560088871,74.26235066877746,74.97539384447607,15603800
2022-07-12,74.38560485839844,74.86977420371169,72.94190844932858,73.75178561223528,21013000
2022-07-13,74.68489837646484,75.97894477580986,73.32923775600463,73.3996568870699,19928600
2022-07-14,73.18840026855469,73.33805018586321,71.03166032844095,72.05280844698231,26343000
2022-07-15,74.42081451416016,74.72011430270564,72.9771181685413,74.64969516881058,17243700
2022-07-18,75.79408264160156,77.41384356179721,75.48597795237858,76.21663101266346,19395800
2022-07-19,77.70433044433594,77.92440615918655,75.92612162346123,76.07577149767697,18248900
2022-07-20,78.55823516845703,78.91916260995121,76.8064341385491,77.09693573055485,16584400
2022-07-21,77.24658203125,77.29059986417789,75.01061178531572,76.52473389800967,21375700
2022-07-22,76.65676879882812,77.88038914336506,76.26062851241382,77.07051218597809,15479500
2022-07-25,79.20966339111328,79.34170346232911,76.95608324380348,77.60751227063496,17536400
2022-07-26,78.90155029296875,80.35405149086034,78.3469618571971,80.2220047062923,15141200
2022-07-27,80.6093521118164,80.98788270178716,78.69909605562471,79.47376034190417,18047000
2022-07-28,81.55126190185547,82.08824721989112,80.11637056130515,81.14632336494272,20353100
2022-07-29,85.3277816772461,85.84715729420066,82.83652223614253,83.14462698485961,29825800
2022-08-01,83.17101287841797,83.93687202876539,82.07063436016941,83.44390460176682,20793200
2022-08-02,82.81008911132812,83.80482891737329,82.59001339808273,83.35587929800069,16722500
2022-08-03,80.12516021728516,83.1181911670486,79.92269432849123,83.1181911670486,23580800
2022-08-04,76.75360870361328,79.52655734657277,76.0845766478183,79.50014933529549,31821500
2022-08-05,77.86279296875,78.95437345858139,75.95253718581282,76.02296303344939,17408000
2022-08-08,78.30294799804688,78.87514628276591,77.66033057867195,78.0036482062676,14458500
2022-08-09,79.74663543701172,80.64454814424641,79.18324212572557,79.2712777875087,19083400
2022-08-10,80.50369262695312,80.80299908717926,78.5142130294864,79.82586239025791,18302000
2022-08-11,82.83251190185547,83.81914283177548,81.2770135433337,81.6325506001338,18797900
2022-08-12,83.55248260498047,83.57025674510774,81.87254493341638,82.2014241679652,15058200
2022-08-15,82.05921173095703,82.42364606187901,79.69485754580109,80.46815817147463,20755200
2022-08-16,81.29479217529297,82.56585688974262,81.14368823966068,81.8014399688045,14038200
2022-08-17,81.95255279541016,82.85029960812828,80.81481775191256,81.12591611826959,13678000
2022-08-18,83.89022827148438,84.71686463686021,82.74360319812865,82.79693917041412,17770400
2022-08-19,83.62358856201172,84.61910311397077,83.37470992402194,83.69469868184716,16128600
2022-08-22,83.5613784790039,83.98802568404358,81.6503361733771,83.03694976190862,16019900
2022-08-23,87.10791015625,87.47234446403324,84.8413240671614,84.93021511491769,23764700
2022-08-24,87.6234359741211,87.97008931064032,86.53903044698552,87.11678826832886,17050300
2022-08-25,88.07674407958984,88.76116704610679,87.19677847550165,87.92564017633468,15305700
2022-08-26,86.99234771728516,88.80561494939764,86.5923584090851,87.79231277081774,15531400
2022-08-29,88.99227142333984,90.27221954203007,87.2323334356696,87.26788849194344,23059200
2022-08-30,85.60574340820312,87.65900596045513,85.17020574378877,87.42790143627332,17086800
2022-08-31,84.96575927734375,86.07682950608672,83.188046911355,83.57914580193157,18340900
2022-09-01,83.43692779541016,84.50355244434617,82.03253347521157,83.92579460057493,16423000
2022-09-02,84.96575927734375,86.0323907657977,84.53911210710977,85.64129187522114,18206800
2022-09-06,84.39688873291016,85.85461227644696,84.00579663827162,85.47241064211032,19201500
2022-09-07,83.67693328857422,84.07691591936086,82.0414409174767,82.83252249849777,16274700
2022-09-08,84.36134338378906,84.81465515341245,83.30360235846553,84.13912933856543,18759200
2022-09-09,85.77462768554688,86.21905580826991,84.7257770446631,85.79240182662441,17158000
2022-09-12,86.7612533569336,88.16564776643446,86.1123853535908,86.79680841835021,16118900
2022-09-13,84.73466491699219,86.91235993922524,84.36134693285534,85.87239979137198,18229100
2022-09-14,86.81458282470703,87.60566429470894,85.46352439390303,85.49907945542873,22655700
2022-09-15,84.29022979736328,85.81017299044967,83.59692308979064,85.5257392955113,21092300
2022-09-16,82.85027313232422,84.74353411237047,81.77475810579182,84.50354595828209,37874700
2022-09-19,82.84139251708984,83.0991616207397,80.88591165128099,80.89480211180256,15342100
2022-09-20,82.16586303710938,82.60140064312019,81.45477541871963,82.4236321292398,14712500
2022-09-21,80.8414535522461,83.44580200223812,80.77035022343962,83.17025880185048,17332400
2022-09-22,80.50370788574219,82.36142091907878,80.45926236199624,81.95254108863355,16139400
2022-09-23,76.21941375732422,77.77491199726961,75.4194418776369,77.77491199726961,27738800
2022-09-26,74.6461410522461,76.63717689187334,74.56614047390991,75.46388706727087,22043400
2022-09-27,76.21051025390625,77.29491564061856,75.38387391661186,76.09496141717393,17307300
2022-09-28,78.98375701904297,79.37485589008853,76.37051780148242,76.54829309806412,19543300
2022-09-29,78.82376861572266,79.42819110703233,77.44603878391197,78.37934051274304,17896000
2022-09-30,77.60603332519531,79.14375754836675,77.60603332519531,78.37045020634162,21357600
2022-10-03,81.70365142822266,82.09475028392704,79.74817071256855,80.03260439450794,23881300
2022-10-04,84.68132019042969,84.76132076816286,82.40585067657857,82.87694333860861,22133700
2022-10-05,88.1034164428711,88.87671688666549,85.02797524246456,85.10796903398798,34857700
2022-10-06,90.71665954589844,90.8233247287974,87.4012297926442,87.52566911530907,29124700
2022-10-07,89.8011474609375,91.83662912366809,89.04562099119194,90.83222398449436,24507600
2022-10-10,87.85453796386719,90.68999123154317,87.74787956677064,90.21000810030611,16786100
2022-10-11,87.10791015625,88.67229901295991,85.99683987364477,86.41460338493391,17804100
2022-10-12,87.49011993408203,87.91677391291651,86.42349515914823,86.66348336000611,12635800
2022-10-13,90.54777526855469,91.06330666359777,86.57458733226623,86.70791710638052,22019100
2022-10-14,88.16566467285156,90.87667250673745,88.0323348623309,89.8811577219131,15222000
2022-10-17,89.43670654296875,90.63666096622109,89.33004136569343,89.83668909024149,14283200
2022-10-18,89.59668731689453,90.97441004502573,88.20118367119963,90.25443885665673,14065400
2022-10-19,92.25439453125,92.43216307547804,89.97892461424172,89.99669875609041,20921700
2022-10-20,92.37882995605469,93.32990586840869,91.91662769177587,92.72548334962255,17649000
2022-10-21,94.09431457519531,94.57429772013735,92.36104775854437,92.84102412205202,22814100
2022-10-24,94.75206756591797,95.71203386922193,93.43656421525803,93.91654736691001,17024200
2022-10-25,94.11209106445312,95.40093661030069,93.3921197197816,94.58319054210162,15719800
2022-10-26,95.2320327758789,95.84534559545865,94.21873746266304,94.449841925052,17383800
2022-10-27,95.59648895263672,97.40086599003698,95.48093330418551,96.36090584258483,18214000
2022-10-28,98.3963623046875,98.84968079028927,96.10311884299853,97.29418269832715,28169400
2022-10-31,98.49415588378906,100.36075937691886,97.27642719860482,97.3297564019166,26401800
2022-11-01,99.4719009399414,100.05854250761739,98.3519402252795,99.88077397957852,22213100
2022-11-02,97.42752838134766,99.64077841502196,97.16086880943935,99.1785761760068,20654200
2022-11-03,98.75191497802734,99.3918924785447,96.27200555423963,96.5120005076507,17103700
2022-11-04,99.82743072509766,100.88517169976201,98.48526283886116,100.44074363060007,17541500
2022-11-07,101.00961303710938,101.32071133545881,99.6674383425912,99.91632376270503,16008000
2022-11-08,101.32959747314453,101.91624576623528,100.08519755139807,100.86739527551904,14661000
2022-11-09,96.79644012451172,100.68962778241314,96.50311595524553,100.52963339748928,19522800
2022-11-10,98.21861267089844,98.39638120297772,95.61426366547151,97.9430694117451,20146700
2022-11-11,101.28514862060547,101.77402218208857,99.98741954454478,100.06742011889374,20518900
2022-11-14,101.5808334350586,102.71876511307737,100.79233888396615,100.91777995599891,20858300
2022-11-15,102.26180267333984,102.620208684843,101.13283296574012,101.96612403717387,19373800
2022-11-16,101.1686782836914,102.37829263921432,100.22786332049229,101.6435633625538,13591000
2022-11-17,101.30307006835938,101.42851114641824,99.23328544436197,99.71713253231448,12425900
2022-11-18,100.42498779296875,100.78339382167411,98.21183791444153,99.36769376810246,15415000
2022-11-21,99.43041229248047,99.63649114048584,96.30333359844383,98.5523178817746,20973000
2022-11-22,102.30661010742188,102.56645430532302,99.84257807866511,100.54146606942099,17719100
2022-11-23,101.79588317871094,102.10052385565105,100.44290368541344,100.64002734038708,11546700
2022-11-25,101.43748474121094,102.69190250083878,101.3030816176746,102.03781094550953,7136000
2022-11-28,98.39103698730469,99.86945757533206,98.22079942249584,99.15265235776141,23015500
2022-11-29,99.04513549804688,100.17411216963332,98.37312671382132,99.10785604446684,14453200
2022-11-30,99.7619400024414,100.26371120598625,98.36416392948296,99.94114644514556,23158100
2022-12-01,99.27809143066406,100.41602319396995,98.72256175857841,100.03073791927088,14398300
2022-12-02,98.43582916259766,100.09344915839156,97.84445825991112,98.12222648815431,15248400
2022-12-05,95.73883056640625,99.77984447881427,94.92346362923882,99.18847358801168,19287700
2022-12-06,93.07769012451172,95.90909029230929,92.42360543143707,94.88763753203462,21197000
2022-12-07,92.87162017822266,93.94683155450372,91.72472622058227,92.98809924591116,20061700
2022-12-08,93.56153106689453,95.6940430826709,92.92536364145676,95.22811321534745,21128800
2022-12-09,92.77305603027344,94.93244076080092,92.55801512757148,93.7138642521114,21298200
2022-12-12,95.05786895751953,95.19227206697964,92.81783991993794,93.03288762948458,20413200
2022-12-13,96.09725189208984,97.25310777013607,95.89116619952785,96.5900610464599,24305300
2022-12-14,95.38938903808594,97.0380538490608,94.75322165627234,96.76028561934876,17597300
2022-12-15,94.47547912597656,95.12956386158243,92.91641379173724,94.37691728866164,15365100
2022-12-16,93.81240844726562,94.6009030022636,92.40567055876556,92.90744168540768,54596600
2022-12-19,94.23355102539062,95.15644200394749,93.52570094571426,94.31419563498764,13611100
2022-12-20,95.59548950195312,96.33021881514462,94.1439481015387,94.23354790343488,14680000
2022-12-21,96.8230209350586,97.29790603650967,96.01661588370293,97.02910663140001,13565400
2022-12-22,94.86971282958984,96.93950442860914,93.27481315628575,96.67069819413084,13213000
2022-12-23,97.37855529785156,97.43231381423776,95.78365550880902,95.82845199378852,11539400
2022-12-27,98.73152923583984,98.98241141254955,97.51295280379841,97.90719329461656,11962100
2022-12-28,97.10974884033203,98.56129030396008,96.67966703808987,98.48065252954979,10702100
2022-12-29,97.84446716308594,98.31039703839156,96.76029391220057,96.76029391220057,10534000
2022-12-30,98.83008575439453,99.00928534640286,97.31582390862704,97.31582390862704,11799600
2023-01-03,95.43419647216797,98.5791922346614,94.52026082116703,98.36415136690715,15146200
2023-01-04,95.71196746826172,96.01661499446325,93.86618559336834,93.90202688092302,18058400
2023-01-05,97.85342407226562,98.51647072900995,95.25498911666647,95.28186837036847,15946600
2023-01-06,99.03616333007812,100.34433947581677,98.2655927894884,98.63296083522296,16348100
2023-01-09,97.19039154052734,100.03074702826883,96.59902052903382,100.03074702826883,17964600
2023-01-10,98.64192199707031,98.85696972096063,96.77822290887347,98.37312259624726,15104600
2023-01-11,99.78882598876953,99.86050172974747,97.74591356029543,99.44833716601045,16710400
2023-01-12,101.44644927978516,101.91237237206337,100.1203489100245,100.19203148915254,15357300
2023-01-13,101.38372802734375,101.68836873247986,100.49667833388789,101.34788673802886,12011400
2023-01-17,101.18659210205078,102.2170068279995,100.95362716772581,101.61668068572565,16542200
2023-01-18,99.10784912109375,102.25285192565653,98.91968749497822,101.48228136002545,16399700
2023-01-19,99.74402618408203,100.46979350275706,98.18496767743576,98.62401151401461,12928000
2023-01-20,101.56291198730469,101.6435565848428,99.10784215378403,99.7798508438227,16515600
2023-01-23,101.03427124023438,102.67396729411713,100.92674738587071,101.82275899748961,16584400
2023-01-24,101.97508239746094,102.16324402123625,93.96474299719505,97.80863374695853,13583000
2023-01-25,101.43748474121094,101.83173208064373,99.80674370450281,101.45540880356343,11914700
2023-01-26,105.51433563232422,105.53225285778068,102.4499705412548,102.79045934916611,21019700
2023-01-27,103.58790588378906,105.43368766818374,103.39078222991657,104.78855819588331,15179200
2023-01-30,101.7510757446289,103.4803784168817,101.38371454106566,103.12197240743572,18672100
2023-01-31,103.94632720947266,104.29577125241204,98.94657989907135,100.44291791227613,27861800
2023-02-01,102.8083724975586,105.17384265354163,101.55395484853094,103.78502872885397,19464900
2023-02-02,99.59169006347656,103.10405387212754,98.40895503256243,102.90693022763752,24562100
2023-02-03,100.2816162109375,102.2438837942393,99.95905148940773,100.26369898686406,20226600
2023-02-06,100.11139678955078,101.32996649202045,98.84801692871602,100.67588173646133,13855200
2023-02-07,102.96965789794922,103.31910189701256,100.37122272755974,100.7027495013493,16013300
2023-02-08,102.07364654541016,103.78503209527175,102.01092600272565,103.08614409506544,18459700
2023-02-09,102.45892333984375,104.15238468798854,102.30660301109602,102.70085029587922,17439300
2023-02-10,106.77771759033203,107.18988217108497,104.08072717044686,104.39432991275595,24918600
2023-02-13,106.36237335205078,106.70547529342372,104.64684986792822,106.29013918903681,14536200
2023-02-14,105.11634826660156,106.37138745429006,104.75518437411944,105.64906655795407,12079000
2023-02-15,104.80034637451172,104.81840147165308,103.05773673363002,104.48433050981902,13663400
2023-02-16,104.49335479736328,105.44140233060514,103.65365161727547,104.11412889543777,11360600
2023-02-17,100.47541046142578,103.10287106173169,100.20454270864766,103.10287106173169,20758300
2023-02-21,100.3760986328125,101.46861450444241,100.0510517913292,100.0510517913292,14469400
2023-02-22,99.07592010498047,100.19552208732574,98.09174856872733,99.75309988995711,13973800
2023-02-23,99.98784637451172,100.97201786928265,99.22940835384748,99.97882227090527,11289400
2023-02-24,99.99688720703125,100.186496730856,98.43485605081388,98.71476172861847,14351000
2023-02-27,99.81631469726562,100.45737747514102,99.28359628889436,100.0420413185723,11710500
2023-02-28,99.23844146728516,100.54765293559012,98.61543387368806,100.43930169233836,18107000
2023-03-01,100.12328338623047,100.99910363729015,98.63348654907125,98.69668971725964,13200000
2023-03-02,100.58377838134766,100.85464617905946,99.4732004337039,99.87951246321575,10339900
2023-03-03,101.85688018798828,102.36251251288881,99.27456704366926,99.3648632046861,13006700
2023-03-06,102.75977325439453,102.7868593437064,101.00813955547989,101.11648391272736,14347400
2023-03-07,100.77336883544922,102.18190040515506,100.37608787430014,101.85685359851092,11525300
2023-03-08,99.3016357421875,101.50472238193655,98.47998772054153,100.43026859260566,13509800
2023-03-09,98.53417205810547,101.33318738361368,98.44388279665048,100.1052341396644,12961200
2023-03-10,97.31525421142578,100.25873111075934,96.74642563874774,98.92242655940485,15795700
2023-03-13,96.19564819335938,97.38748435975222,93.64945243385516,95.1121563856928,20745600
2023-03-14,96.55680084228516,98.42581658675596,94.76904335736043,96.02408254917941,18263500
2023-03-15,91.75334930419922,94.08284254164843,90.48927898774079,92.83683421051843,25733800
2023-03-16,91.22064208984375,91.80753268933373,88.5028916110126,89.4870632726736,27465200
2023-03-17,90.14617156982422,91.74431975369019,89.51413984597443,90.83238236188195,43199500
2023-03-20,92.50276947021484,92.52986245204492,89.83919801321474,89.95657337995837,32042100
2023-03-21,96.64708709716797,96.86378267120082,94.01962656858565,94.05574364569581,31592300
2023-03-22,94.43498229980469,96.77351358741302,94.40789620848517,96.43041161631658,14952700
2023-03-23,93.36956024169922,96.0150695537672,92.49373987419499,95.13022508148534,14385900
2023-03-24,93.47789001464844,93.76681976090747,91.11227986984909,91.61790520364525,13401600
2023-03-27,95.52749633789062,96.1414729426991,93.82100385617555,94.57041090506546,14805900
2023-03-28,96.7193374633789,97.19787676020158,94.97672781033091,95.20245441363438,11047600
2023-03-29,98.38068389892578,98.5612693183104,97.0534103431238,97.56806673326851,14219100
2023-03-30,98.85921478271484,98.93144894431458,97.9833945170473,98.91339384822905,11578200
2023-03-31,99.0127182006836,99.47319550054613,98.46194475076574,99.03077329751721,14418000
2023-04-03,104.8545150756836,105.50460876927063,102.13677184086694,102.38055353164759,28087700
2023-04-04,103.852294921875,105.36917800528686,103.08482583133501,104.9719038589231,16365500
2023-04-05,105.63101959228516,105.64005058525393,103.21123012384699,104.15025362235141,16479500
2023-04-06,103.87937927246094,105.80256733563348,103.62655970570188,105.51363757653766,15778000
2023-04-10,103.41890716552734,104.89967321471445,103.08482929409466,103.63560278797117,13006600
2023-04-11,104.1502685546875,104.9177377399658,103.274448104137,103.79813555334063,11758500
2023-04-12,104.04190063476562,105.26984692016505,103.7710259771955,104.88160380687856,10919000
2023-04-13,104.52947235107422,104.63782360048795,103.04870638556616,103.47307350165003,12399700
2023-04-14,104.78229522705078,105.33306870711723,103.9425919614273,104.64685788318323,11530800
2023-04-17,103.56336975097656,105.1976351522163,103.31055704058713,104.27666669164942,13260400
2023-04-18,105.58586120605469,105.82964286746858,103.20218920913338,103.28344746672863,17436100
2023-04-19,105.25177764892578,105.54973835439749,104.52944991844184,104.80935553053395,10682600
2023-04-20,104.41210174560547,104.44821883038584,102.23610077446699,103.95161752544264,17038700
2023-04-21,104.7461929321289,105.53171723793763,104.06901300580803,105.17958422734121,14315300
2023-04-24,106.72351837158203,107.34652590231913,104.62877610047134,104.66489317791114,15831300
2023-04-25,105.2066421508789,106.30818897157894,104.40305607124597,106.13664145378188,12179800
2023-04-26,104.24052429199219,105.7212899977907,103.54528950725417,104.76421157269918,15566100
2023-04-27,105.48655700683594,105.64908043536957,103.72588538295011,104.3940410828268,16279200
2023-04-28,106.84992980957031,108.27652343785769,105.4865462362974,105.86576523461324,24381900
2023-05-01,103.5362777709961,105.9109260698891,103.33763725594945,104.72811397264663,17355000
2023-05-02,99.40999603271484,102.87716028742783,98.67864403269425,102.87716028742783,24324100
2023-05-03,97.45068359375,99.14814506861268,97.29719116600457,98.48902728423344,16212300
2023-05-04,95.74418640136719,98.1910616866473,95.62681106040665,97.42359269716702,17177200
2023-05-05,98.12786102294922,98.80504077599075,97.08951735722647,98.01048567899501,14968200
2023-05-08,98.51610565185547,100.19551189891699,98.45290248722965,99.77114484130287,11187800
2023-05-09,98.54319763183594,99.52736912687311,97.70349445808553,97.8208698026595,11370800
2023-05-10,97.27912902832031,99.32873031747927,96.3491365822751,99.0849417433219,14884800
2023-05-11,95.51847839355469,96.44847097597479,94.74197826114707,96.15051018103539,17165900
2023-05-12,95.50943756103516,96.6200154602089,94.60653116414335,95.98797684920716,12613300
2023-05-15,95.69158172607422,96.47481974766893,95.24532046441351,96.09231009481688,13715600
2023-05-16,93.36918640136719,95.45478461968935,92.91381579339476,95.29085092288312,14795200
2023-05-17,95.46389770507812,95.83730495343026,93.66973632786369,94.16153743748625,14064700
2023-05-18,96.3291015625,96.45661173348323,94.83548642794531,95.218003044086,12005600
2023-05-19,96.7753677368164,97.49485416233486,96.37463936098223,97.057695302479,13359600
2023-05-22,95.60050964355469,97.48574374363935,95.5185393182966,96.39285008009196,12882000
2023-05-23,96.90287017822266,98.56041897166943,96.31088697733361,96.52946293130343,14394400
2023-05-24,97.98663330078125,98.82452040799338,97.20340233382744,97.79537850029683,16340300
2023-05-25,96.22892761230469,96.93019534521436,95.36371922157713,96.48393406063548,14316500
2023-05-26,95.60050964355469,97.40377341838126,95.47300642506814,96.96662151168573,12370300
2023-05-30,94.7535171508789,94.82637811593308,93.45115693125291,94.07046123740521,11938000
2023-05-31,93.05953979492188,93.84277781394363,92.65881142749562,93.15972188677844,24926100
2023-06-01,94.13421630859375,96.15606299861865,92.22166107017172,92.66792233784253,13551900
2023-06-02,96.32000732421875,96.65697717744852,95.1997924040635,95.77356390275001,14112000
2023-06-05,95.8919448852539,97.62235461093765,95.70979247031637,97.62235461093765,10628000
2023-06-06,96.6751937866211,96.78447829948774,94.6988867636932,94.85371112252425,12209800
2023-06-07,98.8427505493164,99.17061796778881,97.20342040535897,97.25806265896951,16027100
2023-06-08,98.53309631347656,99.39829770627024,96.44749805415674,99.06132094832107,13517100
2023-06-09,97.80450439453125,98.91560985527953,97.59503779361249,98.77899727514738,12251600
2023-06-12,96.92108154296875,97.50395538340138,96.13784351706161,96.36552882811824,14112000
2023-06-13,96.93931579589844,98.66971887854558,96.79359383823258,97.79540797776654,13533800
2023-06-14,95.77355194091797,98.46023581415011,95.0722772964227,97.8591432617256,16627700
2023-06-15,96.43839263916016,97.47663713232299,96.02856184653436,96.08320409930994,16224100
2023-06-16,95.74622344970703,97.2398385179178,95.59139910751054,96.86643822506721,43128900
2023-06-20,93.55134582519531,95.41836128877108,93.00490244435375,95.3363979084269,17514100
2023-06-21,94.59869384765625,95.29085217804042,93.19615152281862,93.3509758639516,13285700
2023-06-22,94.07957458496094,94.61690859111411,93.4875913784975,93.66062749233436,12455300
2023-06-23,93.25989532470703,93.64240494080806,92.54951833811839,93.43293141861737,17933600
2023-06-26,94.981201171875,95.54586322080834,93.07774843887984,93.07774843887984,14283400
2023-06-27,95.21800231933594,95.27264457190962,94.05224765999647,94.76263168547666,13227500
2023-06-28,95.99214172363281,96.37465143116033,93.98850654192654,94.99943001782445,13084100
2023-06-29,97.17609405517578,97.20342213087075,95.7462304902795,96.22892921655806,11364400
2023-06-30,97.677001953125,98.25076645617926,97.27627356777657,97.74075356457547,13544700
2023-07-03,97.8682632446289,98.77900458167002,97.51307467905528,97.89558437299534,7397000
2023-07-05,97.36734008789062,98.28718365037709,96.62963502839895,98.02306788196694,12491200
2023-07-06,93.73348999023438,96.28356832966209,93.2872287127761,95.70979688166838,17961400
2023-07-07,93.95207214355469,94.71709147019521,92.49488056221276,92.82274797317426,21929200
2023-07-10,95.34550476074219,95.40014701286874,93.57866449233664,93.77902868133988,14877600
2023-07-11,96.5112533569336,96.6842964214779,95.45479014999596,95.8646278899581,12576500
2023-07-12,96.9848403930664,98.04130365047929,96.65697296479377,97.44932040785343,13238200
2023-07-13,95.2088851928711,96.74804003322294,94.09777982516648,96.51124537738329,26826800
2023-07-14,91.93022155761719,94.76262732578532,91.55681431979758,94.76262732578532,28181900
2023-07-17,92.33094024658203,92.59505602808159,91.27448406898773,91.72985466845512,18051300
2023-07-18,91.91200256347656,93.07775021724716,91.38377098648547,91.91200256347656,24617800
2023-07-19,92.54952239990234,93.25989941766778,91.80271490066126,92.03040019858115,15556500
2023-07-20,94.17974853515625,94.40743382961502,93.22346751906794,93.3874012090144,15740200
2023-07-21,94.61691284179688,95.06317413202042,94.04314832579516,94.86281688322951,17121500
2023-07-24,96.10140991210938,96.68429068201429,94.68065584075148,95.04495371629055,15090900
2023-07-25,96.24713897705078,96.62053928956773,95.20889447125593,95.68247688068332,14116100
2023-07-26,95.70979309082031,96.28356451608822,95.29996231426112,95.72801180663426,15159600
2023-07-27,96.01034545898438,97.44020901133432,95.39104110168859,96.53857707664349,17677900
2023-07-28,94.86280822753906,95.77354944194292,93.18704077986588,95.7280096018611,17566400
2023-07-31,97.66787719726562,98.23253920138153,95.80086204289498,95.80086204289498,24197000
2023-08-01,97.10323333740234,97.74074942490601,96.11052177439896,97.40377266528023,14177400
2023-08-02,95.8919448852539,96.8846494901479,95.23621008828708,96.77536498958953,13484100
2023-08-03,97.55860137939453,98.2507596994269,95.90105264726812,96.43838662848303,16280400
2023-08-04,97.83181762695312,99.48936632608006,97.74985425453002,98.32361870670339,14279600
2023-08-07,97.63145446777344,98.74255985042763,97.00304776078028,98.26897748078032,12410800
2023-08-08,98.1141586303711,98.1323703982051,95.48211000627701,96.57500368323467,14065600
2023-08-09,99.78080749511719,100.56404551318377,98.6423809512302,99.00667883495487,19919600
2023-08-10,100.29084014892578,101.66605458711776,99.6715357518441,100.3545917656075,15837200
2023-08-11,101.84819030761719,102.06676625058773,100.22707207947806,100.51850898624011,14047000
2023-08-14,101.93016052246094,101.98480972317476,100.89191603815559,101.71158456481886,12973400
2023-08-15,99.31326293945312,101.79241879908291,99.13880138450102,101.69141547835936,14909600
2023-08-16,97.6421127319336,100.3875562478894,97.58702256283826,99.42343625654726,13695100
2023-08-17,99.53363037109375,101.14049246239944,98.63378451760293,98.63378451760293,16709500
2023-08-18,101.03948974609375,101.18639920967433,98.81743069354596,98.83579174948248,16224000
2023-08-21,99.81828308105469,101.90261691393091,99.29490536627918,101.33332604657227,11092400
2023-08-22,99.2581787109375,100.74567662400123,99.12044625513023,100.24065995449585,10518800
2023-08-23,98.38587951660156,98.52361196496615,97.07284325220404,98.28487618815842,11435600
2023-08-24,97.65130615234375,98.9551583189725,97.39420933135926,97.71558035758987,10818500
2023-08-25,99.3958969116211,100.02027788375156,97.89922218675312,98.64296753393695,13579300
2023-08-28,100.23148345947266,101.03950312960173,99.57037327238355,99.57955029888598,10382100
2023-08-29,100.82831573486328,101.02113837819266,99.55200847280405,100.6905902791737,9665000
2023-08-30,101.81079864501953,102.04953444764166,100.98441787620243,101.40679229292525,11922100
2023-08-31,102.0954360961914,102.30661977806726,101.57205839909636,102.03116188796442,17479800
2023-09-01,104.23485565185547,104.51032055424984,103.02282269097448,103.02282269097448,14843500
2023-09-05,104.2440414428711,106.35592038257116,104.21649635323942,104.76741916196356,18304000
2023-09-06,105.14388275146484,105.21733398544653,103.96857894339838,104.19813068732897,13325500
2023-09-07,104.62966918945312,106.37426362943773,104.40011747380679,105.2724181964803,13248500
2023-09-08,106.15392303466797,106.55793639902672,104.96943503900508,105.16225768871332,14283200
2023-09-11,104.82250213623047,107.13638042133424,104.28075642725008,106.67727697540897,14383600
2023-09-12,107.88013458251953,108.04541211678057,105.84171399508786,105.90598820255808,20145800
2023-09-13,106.91602325439453,108.31169478504799,106.4201906433383,107.8066851480309,13472800
2023-09-14,108.82588958740234,108.9544450111906,107.73322803079112,107.93523468984829,15210700
2023-09-15,107.15475463867188,108.81671408070704,106.97111603989042,108.25660724745107,34568400
2023-09-18,108.01786804199219,108.568790826243,107.15475124326917,107.91686471425383,14045300
2023-09-19,107.73323059082031,109.11971813754403,107.07212042014655,108.91771847905021,12562900
2023-09-20,106.87930297851562,108.36679392940796,106.80584473257025,107.00785140623807,11879900
2023-09-21,105.37344360351562,107.76996457772702,105.22652711212672,107.41186438667143,14400600
2023-09-22,105.53871154785156,107.136389716789,105.41934015812191,106.24572783355963,13197300
2023-09-25,106.72319793701172,107.108843178541,105.43770679321766,105.67643555871874,11316000
2023-09-26,106.88847351074219,107.18229945205,105.93353745015108,106.05290183071384,11805400
2023-09-27,110.36846923828125,110.6439341170664,107.79749405952565,108.24741348986937,23976200
2023-09-28,109.69818878173828,110.82757944166681,108.52288497076476,110.16647630201668,16808100
2023-09-29,107.96277618408203,109.43190592099606,107.18230166809924,109.35844768280957,18813600
2023-10-02,106.17227172851562,108.15560218942927,105.18061350342218,107.91686641053484,14395000
2023-10-03,106.35591125488281,106.9160180472025,105.6213429027171,105.99781110967686,13297100
2023-10-04,102.38008117675781,104.75823395990354,101.46187417068825,104.72151184438064,19622200
2023-10-05,100.07537841796875,101.82915714089542,99.80909754878998,100.81913084752442,20128800
2023-10-06,98.40423583984375,99.41426207032143,96.51273178974755,97.08202261309748,25367500
2023-10-09,101.84751892089844,102.90345837365265,100.56202771777869,101.40678348320014,22369900
2023-10-10,101.41596221923828,102.33416923618155,101.11295922772334,101.9393399386814,13892000
2023-10-11,97.77986907958984,98.40425016840561,96.255648983735,98.21142752404009,57939000
2023-10-12,97.7614974975586,99.0194365666393,97.4125743645239,98.78988482347997,31183000
2023-10-13,100.88341522216797,101.18641823695604,99.0194489500997,99.19391053843536,30276500
2023-10-16,100.95684814453125,101.62714227910622,100.20391874965459,101.46186475313999,18452000
2023-10-17,102.27908325195312,102.65555150691559,100.7089500292233,100.75486318409907,19775400
2023-10-18,103.71148681640625,104.11550017306,102.56372796715269,102.67391533861209,23380300
2023-10-19,103.77574920654297,104.64805003579578,102.22398418282276,103.50029131732889,20972500
2023-10-20,101.99442291259766,104.05120438248014,101.72814207414103,103.68392022580332,22445300
2023-10-23,100.49774932861328,101.8842438046645,99.79073304924916,101.58123382549564,18185000
2023-10-24,99.52445983886719,100.83749617749112,99.27654702208699,100.72730881149785,16786100
2023-10-25,99.70809936523438,100.5436711363393,99.28572496640116,99.64382515248505,22047300
2023-10-26,98.79906463623047,99.47853580546867,97.78903841052767,98.66133219514306,18768300
2023-10-27,96.91674041748047,100.87420988701118,96.37499470749106,99.98354807939924,23092000
2023-10-30,97.2197494506836,97.71558204487091,96.6045524747961,97.09120103797167,19379900
2023-10-31,97.19220733642578,97.47685626359313,95.98935843552397,96.94429453442923,22185200
2023-11-01,96.99939727783203,98.404253016994,96.83411971996802,97.81660103466957,28984900
2023-11-02,100.18556213378906,100.25902037199923,96.87083444220953,97.21975056566305,25212700
2023-11-03,98.96435546875,99.88256252562148,97.82578067973125,99.53364636594132,30555600
2023-11-06,97.21056365966797,99.41425453908982,97.11873736855668,99.32243525334098,19097300
2023-11-07,95.68634796142578,96.28318389585746,94.84159922626633,95.9250837362711,20272500
2023-11-08,94.51103210449219,96.31990073427689,94.47430298955577,95.2456003924957,19184100
2023-11-09,94.5385971069336,95.4659881897161,94.44677780292908,95.1905232723387,18380500
2023-11-10,95.26398468017578,95.87000471637865,94.49269409449658,95.42926223501618,17825500
2023-11-13,96.26481628417969,96.54028117993457,95.31906421697832,95.53943893572755,15308400
2023-11-14,96.63546752929688,97.12656619050787,96.24629580563035,96.64473554255258,18260500
2023-11-15,96.05171203613281,97.43234912555207,95.90345209850294,96.32968881505442,20137600
2023-11-16,94.93976593017578,95.69031228293832,93.72591796322962,95.34747361287228,22469100
2023-11-17,97.25627899169922,97.69178366248674,95.20848660025788,95.49573135357647,22984900
2023-11-20,96.83003997802734,98.10874992269748,96.76517803306774,97.64544829600837,17458800
2023-11-21,96.79297637939453,97.01535918393739,95.64399030826422,96.56132556274767,14989000
2023-11-22,96.37602996826172,96.47795691665158,94.45796104676154,95.050986708617,18072000
2023-11-24,96.89491271972656,97.72885715457554,96.28335818045237,96.38527804581258,9480800
2023-11-27,96.32968139648438,96.73738912414508,95.60693192975668,96.45940529720872,18013500
2023-11-28,96.27409362792969,97.20996503120047,96.25555760125424,96.58913538718397,20629500
2023-11-29,94.82858276367188,96.90417934272844,94.17996325110575,96.61692749908704,26802100
2023-11-30,95.19923400878906,96.81152906003042,94.3374925398232,95.54207982140494,29254700
2023-12-01,95.43087005615234,96.57059520382568,94.71738863939048,94.9768364273039,17845300
2023-12-04,94.91197967529297,95.77372105769926,94.13362919952804,94.63399584764355,21523900
2023-12-05,93.06805419921875,94.82859512552298,92.92906226571489,94.76373316581096,22250300
2023-12-06,91.83566284179688,93.32749487001594,91.12217427034105,92.66033929597725,31154800
2023-12-07,91.19629669189453,93.43867502063763,90.89051590085985,92.53060772955693,29990700
2023-12-08,92.24336242675781,92.46574524193292,91.5020769502778,91.75225673367203,22074900
2023-12-11,92.30823516845703,92.53061800963323,91.34456676412944,92.47502406669494,22252300
2023-12-12,90.85346984863281,91.43722746909833,90.32530617218596,91.43722746909833,26084000
2023-12-13,91.65960693359375,91.7615338734837,90.49209173572827,90.84419848389713,19915400
2023-12-14,94.1243667602539,94.6432623562354,92.40088402283281,92.52133990920785,26165700
2023-12-15,93.49427032470703,93.58692923679969,92.9475707253432,93.2070185069714,55527000
2023-12-18,94.18923950195312,95.54207965321488,94.06877653235314,94.63400518677784,21610400
2023-12-19,95.43087005615234,95.61619495424908,94.31894894526003,94.5135347861951,18904700
2023-12-20,93.83712768554688,96.3111642543742,93.70740376891003,95.90345647670225,20988900
2023-12-21,94.26335906982422,94.52280686891027,93.41087864071275,94.02244022663474,19250900
2023-12-22,94.4301528930664,95.38455323369595,94.34675491361094,94.8007885857757,12927800
2023-12-26,94.64326477050781,95.46794117919617,94.62473581421679,95.1992253617304,16835100
2023-12-27,94.19850158691406,95.02317801715304,93.90198172312932,94.55060832102444,14558800
2023-12-28,92.8364028930664,94.15217810922852,92.78080187827442,93.94832421697907,16329300
2023-12-29,92.64179992675781,93.20702142906966,92.3082221772289,93.0031746438438,17746400
2024-01-02,94.84712219238281,95.53280671161437,93.44794911430716,93.51281106789092,23483000
2024-01-03,95.64399719238281,96.01463993957972,94.19849825467946,94.76371978411233,23490800
2024-01-04,94.81005859375,96.89491622150787,94.5598787889651,96.44088253979011,19395200
2024-01-05,95.09729766845703,95.81078619485143,94.63399600123766,95.59766431738466,15827400
2024-01-08,93.51280975341797,93.62400470203684,91.64107406958065,93.3367599215497,23370100
2024-01-09,92.35455322265625,93.85565317879808,91.9097875782292,93.85565317879808,19496600
2024-01-10,91.44648742675781,92.47501771703188,90.95538877939539,92.47501771703188,18206100
2024-01-11,91.42796325683594,92.19704583838055,91.32603630894818,91.77080908786057,15833400
2024-01-12,92.61399841308594,93.2626249745852,91.89124895922234,92.79005530497352,18041700
2024-01-16,90.51988220214844,92.66960165998618,90.37162227499017,92.49354476384137,20235700
2024-01-17,89.86200714111328,90.7700745778843,89.49136434124976,89.50989330000242,18384000
2024-01-18,89.69520568847656,89.96391443463283,88.78713130929957,89.88052352777518,20940300
2024-01-19,89.83419036865234,89.89905231923026,89.33383078957833,89.62107556079164,20088400
2024-01-22,89.71373748779297,89.97318529880226,88.74080112708549,89.60254253903643,19955900
2024-01-23,90.7237319946289,91.27042454528312,89.63033982389838,89.70446271472765,15863400
2024-01-24,92.28970336914062,92.33603636999382,90.5662203648676,91.10365206930186,17330600
2024-01-25,94.63398742675781,94.68032041705064,92.30821835803111,92.94756979365704,22089500
2024-01-26,95.44014739990234,95.51427736638895,93.7629975573232,94.48574705701095,20817200
2024-01-29,95.56060028076172,95.62546223203702,94.3838171449321,95.42161543475929,18317500
2024-01-30,97.15436553955078,97.18216251057571,94.60620617739582,94.89345803997362,19610900
2024-01-31,95.26408386230469,97.18215242767249,95.22701888164272,97.05242853006673,22415300
2024-02-01,94.8749008178711,96.37600054267672,94.16141946640617,95.96829287359884,19240700
2024-02-02,94.48575592041016,96.36675981256694,94.15217810935124,96.13510894763289,21973400
2024-02-05,94.09657287597656,94.8656482825361,93.1236365321995,94.00390688558063,17190900
2024-02-06,94.74520111083984,95.47721867190963,94.11511049304706,94.57841220997048,13347900
2024-02-07,94.7174072265625,95.18997697266788,93.75373877561701,94.74520419937633,13826800
2024-02-08,96.33895111083984,96.75591978918683,94.61546832000661,94.82858313092262,19636900
2024-02-09,94.30043029785156,97.1451026156817,94.23556833892084,96.45941803992503,20410500
2024-02-12,95.59766387939453,95.81078575588487,94.51353967972959,94.66179960588327,18173100
2024-02-13,94.77467346191406,96.41129951827733,94.08261644162928,96.10268402748544,18917400
2024-02-14,94.30706787109375,95.97175640036501,93.91427932227488,95.27034521956409,17651300
2024-02-15,97.00984191894531,97.206236186067,94.08261479987985,94.08261479987985,23196300
2024-02-16,97.00984191894531,97.8515295965745,96.81344051670038,97.27170094177424,20151400
2024-02-20,96.09333038330078,97.37457735705588,95.99981032090133,97.11271119316464,17650000
2024-02-21,98.05728149414062,98.17886399843321,96.31778119769062,96.3458365032586,20991300
2024-02-22,97.9731216430664,98.58101279679414,96.74798518813465,97.41199409159617,20470700
2024-02-23,97.11270904541016,97.34651276379967,96.21490362300919,97.15011849656726,15975900
2024-02-26,97.49614715576172,98.1414476791687,96.37389220082373,97.00048443174539,13360800
2024-02-27,97.29039764404297,98.33784082251076,97.12205868920213,97.89828871069729,16360000
2024-02-28,97.56163024902344,98.59971948828829,97.26236172910808,97.70191392854221,14810500
2024-02-29,97.74864959716797,98.26302060090273,97.46808943295859,97.89828739284457,17566100
2024-03-01,98.98313903808594,99.49751007386823,98.55294105139677,98.87091781945944,18460100
2024-03-04,97.59902954101562,98.99249777282462,97.29040690524208,98.81481179005613,18138000
2024-03-05,98.79609680175781,99.38527959230241,97.56161347743357,97.75800774094843,19952700
2024-03-06,99.85289764404297,100.60107246237834,99.27306893820072,99.71262110883846,20472800
2024-03-07,100.41402435302734,100.98450600131204,99.69390489890645,99.69390489890645,15195400
2024-03-08,101.35859680175781,101.37730509699738,99.85290011555438,100.28310528457597,16281500
2024-03-11,101.9571304321289,102.05065763497348,100.38596903499895,101.23701806204275,17577300
2024-03-12,101.30248260498047,102.20028809639089,101.03126941458714,101.99453966677363,14957200
2024-03-13,102.43408203125,103.20095792772906,102.04129350417799,102.06934880823698,17122200
2024-03-14,104.24840545654297,104.32322436055054,102.58372408555337,102.71465360000491,22121000
2024-03-15,104.06135559082031,105.02463290176952,103.66856705730116,103.66856705730116,38264400
2024-03-18,105.02462768554688,105.54834570422777,103.90236561464415,104.54766612703514,16770500
2024-03-19,105.76344299316406,106.13753035676315,104.80017284810442,104.94981064759327,14878800
2024-03-20,105.66992950439453,106.05337103807682,104.86564411995587,105.41742462096539,16119700
2024-03-21,106.13753509521484,106.53033076884768,105.27713911511113,105.6044628972024,14878000
2024-03-22,106.13753509521484,106.32458235292651,105.51094283590822,106.12818808367174,14701900
2024-03-25,107.22238159179688,108.27917178011899,106.45550571727931,106.45550571727931,14011700
2024-03-26,106.41810607910156,107.53101411166209,106.06272697989564,107.23174562414037,13152300
2024-03-27,107.52165222167969,107.60581813314494,106.06271934196444,106.12818409592286,12415700
2024-03-28,108.70938873291016,108.90578302512486,107.60583475632936,108.04538694443451,18482100
2024-04-01,109.4107894897461,109.64459321546535,107.90509292530425,108.86837026877126,13817000
2024-04-02,111.55242919921875,111.85169767395021,109.72876304618694,110.28053639782924,19919600
2024-04-03,111.57115173339844,111.99199562700767,111.0380794717688,111.73949071786697,16504300
2024-04-04,111.96392822265625,112.11355889539381,110.95389442496503,111.33733595626616,18467400
2024-04-05,113.50703430175781,114.2365007777687,111.88910939499458,112.20708616935414,21720600
2024-04-08,112.74016571044922,113.85306665532248,112.42218891539694,113.23582849511635,17513900
2024-04-09,113.32933044433594,113.7688825446509,112.54374629725498,113.16099149389879,14132300
2024-04-10,114.28325653076172,114.53576854634814,112.90849663804872,113.36674993561971,17409200
2024-04-11,113.89981842041016,114.74151321969667,112.54375259513657,114.74151321969667,17555900
2024-04-12,112.57181549072266,115.73283915516485,111.91716080634683,114.98466441162765,21556200
2024-04-15,111.92652130126953,113.80630527806375,111.71141873138694,113.24517062102173,15029500
2024-04-16,111.00065612792969,112.43153374932602,110.28053667636368,111.81428850512658,18082200
2024-04-17,110.94454193115234,111.61789780631214,109.5323725578226,110.86973016123065,14538600
2024-04-18,110.84166717529297,111.96392934008031,110.32730325966513,111.2905734682326,13821400
2024-04-19,112.11355590820312,113.09553437453711,111.2438057947746,111.44020719613997,21572400
2024-04-22,112.74951171875,113.69408081298488,110.75750645043175,111.5337365688141,16340700
2024-04-23,113.18905639648438,113.21711170141626,111.71141516566921,112.22578620649833,13929800
2024-04-24,113.207763671875,113.40415793975558,111.65530355178585,112.50635251439158,12101200
2024-04-25,113.46961975097656,113.87176242290235,111.66465480048967,113.18905244121511,16041000
2024-04-26,110.31795501708984,111.38409949286833,108.69068299644749,111.29057942457833,27289500
2024-04-29,111.88910675048828,112.27254827298813,110.13090535921924,110.13090535921924,17309900
2024-04-30,110.60786437988281,112.41282944344215,110.33665833461288,111.39344861535415,21083300
2024-05-01,108.51298522949219,110.79491190078234,108.16696027811112,110.61721878404707,27777700
2024-05-02,108.70938873291016,109.663312020952,108.3914190603123,108.72809702843011,25513600
2024-05-03,108.48493957519531,108.550404339534,106.73608496339875,108.48493957519531,28023300
2024-05-06,109.18634033203125,110.67332860848187,108.85901654178647,109.11152142708288,31401300
2024-05-07,108.6439208984375,109.96257742548623,108.41947130441021,109.68201008160915,30122000
2024-05-08,108.6252212524414,109.3733889546673,107.93316416572334,108.21372437838653,18957200
2024-05-09,110.76685333251953,110.85101924736342,108.66261983994201,108.67196685150911,17564000
2024-05-10,110.31795501708984,110.97260976536755,109.9625759035383,110.86038140234524,13648100
2024-05-13,110.27119445800781,111.32798474719945,109.53237381622613,110.74814892912275,15060600
2024-05-14,110.94058990478516,111.00658639970992,109.81864949106418,110.1109186552912,15079100
2024-05-15,111.79854583740234,112.04367155287824,109.44151800574726,110.88401788782767,18244300
2024-05-16,111.129150390625,112.47737059313218,110.81802099164379,111.76083212086341,15745200
2024-05-17,112.79791259765625,112.97704899759289,111.21398975785348,111.53454925284129,15104500
2024-05-20,111.88339233398438,113.03362303534111,111.77025960472169,112.88277699863156,11551300
2024-05-21,111.11029815673828,112.61879463371498,111.04430166065426,111.62884719245461,14495000
2024-05-22,108.87583923339844,110.74260135885532,108.38557338716231,110.74260135885532,17879300
2024-05-23,107.01849365234375,110.78973818192817,106.87707054386871,108.98896546637413,15979800
2024-05-24,106.93363189697266,108.49870175605712,106.57536627296577,108.27242191587384,12212900
2024-05-28,108.2912826538086,108.52698542692012,106.60364993516069,107.02791204953033,13978300
2024-05-29,107.13162231445312,107.99901399004243,106.35851750298369,107.98015373998733,13902000
2024-05-30,107.47103118896484,107.60302416250033,106.49993694377763,106.79220607188084,14683700
2024-05-31,110.55403900146484,110.77088154085848,107.47104246993993,107.59361252471561,29037400
2024-06-03,107.90472412109375,109.70549671808556,107.25418937386452,109.6489303556511,19589300
2024-06-04,106.22652435302734,106.62250328660997,104.57660493668855,106.53765374073275,19412200
2024-06-05,106.65078735351562,106.71678383854253,105.10457782453312,106.43393764952584,14863500
2024-06-06,107.45217895507812,107.51817544235101,105.69854978688132,106.30194829711273,13154100
2024-06-07,106.30195617675781,108.32900156907658,106.22652955911848,107.28248062683475,13289200
2024-06-10,106.61308288574219,107.68788698417038,106.25481005754746,106.59422263526984,15239700
2024-06-11,105.755126953125,106.22653253696856,104.94430877346781,106.05682623906173,12462400
2024-06-12,104.58604431152344,106.82050939392275,104.21834852738004,106.82050939392275,13606800
2024-06-13,103.74693298339844,104.5200377878108,103.44523372297111,104.50117753792784,14466900
2024-06-14,102.87013244628906,103.90722334621172,102.37986658540134,103.72808691322444,13313400
2024-06-17,102.16301727294922,103.20010810424178,101.99331097742294,102.9266920062784,21147900
2024-06-18,103.12467193603516,104.3880425064248,102.57784698382355,102.79468950114601,17762900
2024-06-20,105.34972381591797,106.17940229393247,103.32267825223995,103.62438474830252,17433200
2024-06-21,104.4257583618164,106.25480698546252,104.4257583618164,105.50056242916939,52212500
2024-06-24,107.5276107788086,107.98015608687746,105.25543253399788,105.25543253399788,16266700
2024-06-25,107.82930755615234,107.99901384102503,106.97134600677441,107.58417465731897,14188900
2024-06-26,107.86701202392578,108.25356080091233,106.66963800292179,107.8481517754422,15771800
2024-06-27,108.32899475097656,108.41384429567186,107.58417313309214,108.41384429567186,16812700
2024-06-28,108.53642272949219,109.8752128429621,108.12158351959741,109.23410096997847,24565900
2024-07-01,108.38556671142578,110.06376937301397,107.9801576375416,109.09267505938112,11972900
2024-07-02,107.65017700195312,109.30952663396077,106.99963500904165,109.27181332492898,13326700
2024-07-03,108.1969985961914,109.04552998360367,107.73501600060848,107.73501600060848,7732900
2024-07-05,106.8864974975586,108.07443431011123,106.24538565883014,108.0555812529771,12631000
2024-07-08,105.76455688476562,107.05621077163475,105.04801838457647,105.96254636644717,13350500
2024-07-09,104.59547424316406,106.10397068724357,104.29377495434815,104.7557504168616,11727000
2024-07-10,105.51942443847656,105.55713774845255,104.10520768322975,104.57661326831202,10004100
2024-07-11,106.77335357666016,106.83935006377472,104.58603218404903,105.05743771860382,13082700
2024-07-12,106.7922134399414,107.62189183721057,106.18881489269732,107.47103860386052,11684900
2024-07-15,108.62125396728516,109.51692872917715,107.08447463357756,107.73500932941312,13032500
2024-07-16,109.40380096435547,109.69607010372333,107.20704937386853,107.8104479027377,13614100
2024-07-17,110.91230010986328,111.42141898025865,109.8846394368438,110.06376865920433,13602800
2024-07-18,112.00597381591797,113.06191775991775,110.72375000413655,111.20457853874561,13033600
2024-07-19,109.43208312988281,112.08137999587144,109.24352378876705,111.80796391609914,16157700
2024-07-22,108.6778335571289,109.30952246798886,108.02729878208861,108.5929840098498,12065900
2024-07-23,106.92420196533203,108.58354419291433,106.69792213996212,108.24413164793674,11251700
2024-07-24,108.43270111083984,108.61183031943749,106.6036453680695,107.26361022727659,14925200
2024-07-25,110.71432495117188,111.28001026038942,108.0084540845273,108.58356952027084,17021700
2024-07-26,110.62003326416016,111.27999818780226,109.80921510478373,110.09205413216827,11252500
2024-07-29,109.46037292480469,110.67660016978985,108.7815477468522,110.61060367710436,8861800
2024-07-30,111.4119873046875,111.8173963703013,109.58293863991558,109.70550149488611,12483900
2024-07-31,111.80796813964844,112.91106262538618,111.77968495672046,112.79792270059619,15137700
2024-08-01,110.26177215576172,112.65651357971618,109.70551697424153,111.58170933654246,15051500
2024-08-02,110.19577026367188,112.07196972723526,108.81926677737482,109.33781581365184,20403800
2024-08-05,108.2064208984375,109.39436483390612,106.77335126931338,108.93238943408734,18025900
2024-08-06,107.6313247680664,109.01725112193552,107.1316288143779,107.9047336727534,13647800
2024-08-07,109.06439971923828,110.42205014672695,108.66842074224697,108.8475499786505,13660700
2024-08-08,111.14801025390625,111.35542986592748,109.11154183049844,109.4415243073147,13851000
2024-08-09,112.05310821533203,112.48680049848836,110.64832155977363,111.14801033834335,12151900
2024-08-12,112.19452667236328,113.297613989778,111.27056858187176,112.71307568127355,13228900
2024-08-13,111.11971282958984,111.73254146119021,110.78030027033665,111.51569175102604,11585100
2024-08-14,112.14737701416016,113.04305187138408,110.902866654917,111.34598902101715,12194500
2024-08-15,112.84117889404297,113.69653448576678,112.26143337014851,112.38498296093368,11579400
2024-08-16,112.30895233154297,112.6035817503446,111.82425274920314,112.13787975807344,10056000
2024-08-19,112.65109252929688,114.52338470918187,112.30894739738955,112.52754294038132,12417500
2024-08-20,108.89701843261719,112.76515270304182,108.83049060982322,112.76515270304182,15632000
2024-08-21,108.20321655273438,109.83790840208923,108.11768389249508,109.30568584685314,11752400
2024-08-22,109.0395736694336,109.30568494485567,108.003632203268,108.13668784097904,10609500
2024-08-23,110.55071258544922,110.93087467139486,109.32469366504361,109.32469366504361,10381400
2024-08-26,112.91720581054688,113.04076265265249,111.12094746151787,111.91928853385764,13671000
2024-08-27,111.84326934814453,113.48746743550814,111.57715803943582,113.05978233137827,9991600
2024-08-28,110.74078369140625,111.74821424939334,110.49368451296505,111.19697961873848,10742900
2024-08-29,112.27093505859375,112.89820357641275,110.57922142106521,111.38706130684149,10753900
2024-08-30,112.09036254882812,112.16638916304112,110.52219852124325,110.99739930226967,13284700
2024-09-03,109.74285888671875,110.33210315740958,108.38378449475681,110.09450278994062,15725100
2024-09-04,108.40280151367188,110.38914457940805,108.3267748982903,109.57179864340026,12620600
2024-09-05,107.55693817138672,109.56228595667498,107.4618994696787,109.3627025077917,17200800
2024-09-06,107.05323028564453,108.51684954650545,106.18836864344713,107.95610886005774,13467700
2024-09-09,109.30567932128906,110.38913645890199,107.0722372306304,107.27182067692878,21645300
2024-09-10,105.32350158691406,109.67634251318675,104.70573911686417,109.39121914209032,20913400
2024-09-11,104.27806091308594,105.44705077794343,102.42477351001189,105.28548425206695,19571900
2024-09-12,105.71316528320312,105.80820398592535,104.31607387512297,104.44912950913172,15919500
2024-09-13,105.63713836669922,106.89166817769235,105.42804885636892,105.94126658600094,10035400
2024-09-16,107.11976623535156,107.48091624233275,106.15035976872362,106.49250493364853,11729000
2024-09-17,108.51685333251953,108.69743195409768,106.55902838652386,106.74910580324607,12202600
2024-09-18,108.89701843261719,109.89493577452691,108.16520513089453,108.45032851486238,12569900
2024-09-19,110.24657440185547,111.74821051756615,109.47675150436558,110.39864212288401,12660600
2024-09-20,109.55278778076172,109.78088938243208,108.58338135212308,109.73336640267024,36206200
2024-09-23,111.53912353515625,111.94779648087645,109.41022614979411,109.60980959989168,16066300
2024-09-24,111.24449920654297,112.29944545855558,111.03540971501066,111.99531001560818,11984900
2024-09-25,109.07757568359375,111.24449716897605,108.38378665729466,110.71226740455454,13816000
2024-09-26,107.2052993774414,107.85157273134966,105.62762929987565,105.62762929987565,16887900
2024-09-27,110.07550811767578,110.33211334780798,107.63297640453946,108.11768322922077,15964000
2024-09-30,111.40608215332031,111.56764869297405,109.25817240213782,109.73337322534701,13247600
2024-10-01,113.98165130615234,114.61841856600526,110.18004533546569,110.2845900797386,23235900
2024-10-02,115.49279022216797,116.7283151060753,114.23826049817988,115.8824583282115,17129700
2024-10-03,116.5002212524414,117.06095467449765,114.93205727821751,115.85394792219712,16524300
2024-10-04,118.63861846923828,118.98076358206136,116.35765346741367,117.08945941645936,19752300
2024-10-07,119.15184783935547,120.0737312745052,118.66714100675922,119.03779704021854,15714400
2024-10-08,115.98700714111328,117.86879816755228,115.24569508518347,117.73574252935917,14818500
2024-10-09,116.0345230102539,116.50022499548732,114.80851137840331,114.90355008423046,11144900
2024-10-10,117.0324478149414,117.56467036957402,116.22460793709162,117.05145990674313,10243300
2024-10-11,117.47913360595703,117.87830050798883,116.84236632162225,116.99442679578227,8294800
2024-10-14,117.92583465576172,118.0969072372648,116.53824916178733,117.12749352508436,9808100
2024-10-15,114.38082885742188,115.90146993727976,113.83910024612912,114.82751876078389,15771300
2024-10-16,114.67546081542969,115.41677290507477,114.6184317886186,114.89404912340771,8426800
2024-10-17,114.38082885742188,115.54982599283711,113.77257242547873,114.77049698622316,11204900
2024-10-18,114.05769348144531,114.6564438551261,113.24034755807814,114.4663664431289,12898600
2024-10-21,114.12422943115234,115.4547931628898,113.7820842643916,114.97959234805421,10177800
2024-10-22,114.71347045898438,115.1791724646681,113.99117046218902,114.29529868478411,9201400
2024-10-23,114.3047866821289,114.76098259842075,113.47794200714534,114.0196705790611,8320300
2024-10-24,113.65853118896484,114.46637840182265,113.22134729490642,114.04819935055407,9905600
2024-10-25,113.56348419189453,114.45686400864444,113.40191766150024,114.23826845206078,10714600
2024-10-28,113.00273895263672,113.10728369693165,110.97837913218783,110.99739122259851,11844500
2024-10-29,111.46308135986328,113.2593395277621,111.26349792465092,112.69860615040182,14731000
2024-10-30,110.90235900878906,112.40398794458676,110.70277555373346,111.8242496709424,12303700
2024-10-31,110.98789978027344,112.78415825805881,110.89286106867944,111.339550989259,20512000
2024-11-01,109.24864959716797,114.00065710032426,109.1441048520195,113.98165226074637,20939300
2024-11-04,112.72713470458984,112.81266736837966,110.18005811867567,110.31311376300792,14965400
2024-11-05,113.05976104736328,113.2973614212652,112.15688252693124,113.17381183719186,10436700
2024-11-06,114.99858856201172,115.86345746059717,113.38290881318875,115.14115024596397,20807700
2024-11-07,115.14115142822266,115.47379052686777,113.67753214319558,115.28371311363871,12184400
2024-11-08,115.10314178466797,115.39776396912751,113.72506232401449,114.97959218334374,12836000
2024-11-11,114.494873046875,115.58783625244514,114.11471098611301,114.99858469571464,11969700
2024-11-12,114.38082885742188,115.2932135053366,113.89612202068984,115.12214093066581,11972800
2024-11-13,115.44527435302734,115.99650897753111,112.90770402258894,114.58991153069186,15127900
2024-11-14,115.52193450927734,116.78677294147488,115.30155003754354,116.57597262825108,13041800
2024-11-15,114.32416534423828,116.1735130813798,114.15168705178988,115.368619257001,19051700
2024-11-18,115.28238677978516,115.57943722206448,114.2858462575666,114.78412017396151,14239700
2024-11-19,113.67257690429688,114.74577593735343,113.26054585067939,114.74577593735343,11584400
2024-11-20,115.29196166992188,115.43569480004092,113.68216669584396,114.19001741977003,11360900
2024-11-21,116.83468627929688,117.42877982647896,115.24405225485982,116.0202082606529,14675400
2024-11-22,116.70053100585938,118.06118901634912,116.55679787842554,116.72927616923202,13323400
2024-11-25,114.95658874511719,116.78676817500383,114.61163215854484,116.35557609707371,26580300
2024-11-26,113.04016876220703,114.67870892573876,112.92518079420503,114.53497579337896,14827300
2024-11-27,112.74312591552734,113.76841153994036,112.52273413731335,113.15514968638817,11079100
2024-11-29,113.03057861328125,113.54801347601,112.06278337129395,112.53231206615565,9426500
2024-12-02,112.92517852783203,113.26055095622687,111.93822224831125,113.1168251373224,12687300
2024-12-03,112.75270080566406,113.75882540651519,112.3598380477176,113.75882540651519,11756600
2024-12-04,109.50436401367188,112.63771842391618,109.10191710372672,112.58980494439247,19520600
2024-12-05,109.98346710205078,110.78836821447494,109.29355395156449,109.91639261856298,15751200
2024-12-06,108.82404327392578,109.97389376415201,108.75696878383877,109.75350928696803,16171100
2024-12-09,108.18203735351562,110.13678892359597,108.03830422281237,109.84932266218948,17412600
2024-12-10,107.9616470336914,109.1210816320043,107.08009454233179,108.843199525051,20990900
2024-12-11,107.24298858642578,107.69334899003645,106.46683990564958,107.31964723184267,32392200
2024-12-12,107.14716339111328,107.68375926012621,106.15062298396755,106.9267716245856,14543300
2024-12-13,106.20811462402344,107.22382335938572,105.64277358511345,107.22382335938572,13106100
2024-12-16,103.93714904785156,105.7864965828746,103.64010597521002,105.594849995227,20256100
2024-12-17,103.49638366699219,103.64969364254581,102.3273649472922,102.75855702101799,17554000
2024-12-18,101.97283172607422,104.282124172268,101.86742791173344,103.07477604200072,17114500
2024-12-19,101.1008529663086,103.17058509492094,100.81338671845421,102.90228716256104,20565600
2024-12-20,101.44580841064453,101.7045221823783,100.45884486963133,101.04335420601272,40141200
2024-12-23,101.85784912109375,102.14530808243752,100.53551304297109,100.90921481011767,12285100
2024-12-24,101.95366668701172,102.7106543643523,101.28291450313701,102.06864734496621,7807000
2024-12-26,102.03990936279297,102.55734429172146,101.51289758540806,102.06865452930488,9652400
2024-12-27,102.03032684326172,103.47722042146302,101.34999049096143,101.85784854320562,11943900
2024-12-30,101.34041595458984,102.10698050854695,101.10086316074616,101.85785086656071,11080800
2024-12-31,103.07476806640625,103.39097948496116,101.35956931461604,101.73327105997346,12387800
2025-01-02,102.82563018798828,104.44500927670694,102.41359912502433,103.75509611913283,12685400
2025-01-03,103.35265350341797,103.95632388606363,102.96936758768403,103.48680247733922,14237900
2025-01-06,103.23767852783203,105.19243036456393,103.02687088212001,103.71678415515147,15623700
2025-01-07,104.20545959472656,105.4607138260942,103.75509919736149,104.38752204742411,12625900
2025-01-08,102.46151733398438,103.20892085233585,101.57996484108627,102.82563493481513,17858100
2025-01-10,102.08781433105469,105.4990436032309,101.35957182769468,104.15754656353744,19304500
2025-01-13,104.72289276123047,105.04868102853638,102.65315326103794,102.65315326103794,17073400
2025-01-14,105.13492584228516,105.17325516456734,103.32390740023322,104.24378920329367,11191200
2025-01-15,106.85012817382812,107.06093579807882,104.89537653610036,105.45114076174835,14521100
2025-01-16,106.66806030273438,107.0226010446746,105.93024096586161,106.54349549043836,10366600
2025-01-17,107.62627410888672,108.15329315598468,106.18895741015127,106.39018087070575,19298500
2025-01-21,106.8117904663086,107.49211945717147,106.48599489697446,107.36755464833304,20416300
2025-01-22,104.95286560058594,106.90761721474266,104.82830078347212,106.55307645908977,15718000
2025-01-23,105.54695892333984,106.49558590848726,105.0295240285583,105.70026890480983,13726800
2025-01-24,104.11922454833984,106.08355297195963,103.87967176663713,105.63319257266721,14235900
2025-01-27,105.56611633300781,105.83441427436773,103.86050172530209,104.45459524586377,15926700
2025-01-28,103.52513122558594,106.23687047443741,103.28557844340267,105.7960942324887,15862000
2025-01-29,104.1288070678711,104.23421088240727,102.97895657729426,103.2089252132954,12345500
2025-01-30,104.99120330810547,105.25950128058935,104.1575569131122,104.67499185029028,14346300
2025-01-31,102.3656997680664,105.9302464456706,101.66620240604519,105.9302464456706,20376500
2025-02-03,102.61482238769531,102.81605315042418,100.91879197060571,102.18363032029454,14623200
2025-02-04,105.3648910522461,105.67151831000011,102.07822670636534,102.25070499576263,14835700
2025-02-05,105.28824615478516,105.41281829207159,104.54084257335226,105.15409716891625,13364400
2025-02-06,103.8988265991211,106.40934223400258,103.47721138899298,106.14103699355813,13411400
2025-02-07,104.33961486816406,105.14451606134558,103.79343478765813,104.23421105345493,10051600
2025-02-10,106.33269500732422,106.39018533830516,105.28824102755367,105.4128131587738,12142200
2025-02-11,107.0034408569336,107.80834205069024,106.18896281497555,106.93636636666814,12713100
2025-02-12,103.78404998779297,106.56838696936224,103.61969881206466,106.39436590801415,18244100
2025-02-13,104.53813934326172,104.80884451030418,102.98161966858515,103.5906970744787,15460000
2025-02-14,104.64449310302734,106.5683948049332,104.5091441982451,104.91519091259184,15733500
2025-02-18,106.48136901855469,107.30313224435513,104.72182607146758,105.02152613152201,20060300
2025-02-19,106.63606262207031,108.40526816048438,106.40402962034253,107.0807814781061,10964700
2025-02-20,108.27959442138672,108.68564113023604,106.29768818025332,106.89709573328946,16325800
2025-02-21,107.01310729980469,108.13457064047064,106.88742091289475,107.62217733496244,14710000
2025-02-24,107.57383728027344,108.14424253493563,106.65539726760063,107.24513491816715,13153500
2025-02-25,106.08499908447266,108.40527013634808,105.27289831554684,107.60284662928936,14497000
2025-02-26,105.82395935058594,106.22034352047041,104.9151818886744,106.0946571368673,10446400
2025-02-27,106.49105072021484,107.59318173376316,105.64994763052286,106.35570181510977,15293200
2025-02-28,107.63184356689453,107.87353907079434,105.70794204515981,106.45236832770962,18821700
2025-03-03,104.1804428100586,108.43428559257353,102.97196516593289,107.98955932868854,18706900
2025-03-04,103.96774291992188,105.34057166567978,102.42089310949315,102.82693980173786,19394900
2025-03-05,101.9375,102.79793541996979,100.22629166970569,102.3242069127349,24822200
2025-03-06,104.04508209228516,104.51880320973387,100.89337068893364,101.92782713983019,17150200
2025-03-07,105.39856719970703,106.73273103988073,104.7024903766142,104.8088369834675,19625000
2025-03-10,108.08623504638672,108.83065397192892,105.45658671684892,105.64994017450721,22749100
2025-03-11,105.533935546875,108.37626985055815,105.17622352140803,108.20224878086637,19904700
2025-03-12,105.50492095947266,106.47170299571218,104.818506598858,105.4275840023043,14051500
2025-03-13,105.0602035522461,107.13878643392896,104.054749335619,104.73150119586734,17767800
2025-03-14,108.18290710449219,108.45360488391124,104.71215589446875,105.32123327412293,15890100
2025-03-17,109.98113250732422,110.69654918789806,108.01856604685427,108.0862404980442,19908800
2025-03-18,109.8651123046875,110.73521763068317,108.83065579932648,110.30016127970447,15998700
2025-03-19,111.5763168334961,111.9726936274922,110.04879946667063,110.40650409462492,17315000
2025-03-20,112.05004119873047,112.60110667282414,110.41617717204844,110.90923808338333,16230800
2025-03-21,111.66332244873047,112.1370435696074,110.55152165911359,111.66332244873047,41102800
2025-03-24,111.95336151123047,113.02649014968856,111.74066828545153,111.83734501281609,14207500
2025-03-25,112.71711730957031,113.73224142722952,112.10804726455186,112.5624360148191,12081800
2025-03-26,114.34131622314453,115.22109147846552,113.77091832210422,113.77091832210422,14110800
2025-03-27,113.97393798828125,115.11474112938355,113.3648679376782,114.17696133848227,12740800
2025-03-28,113.81925964355469,114.52500644455961,113.34553110483955,114.17696429920083,10233400
2025-03-31,114.97938537597656,115.92683499640438,113.87725446859893,113.87725446859893,21652300
2025-04-01,115.08573913574219,115.3177647685588,114.01261044201776,115.25976020434511,12425400
2025-04-02,114.72801971435547,114.89237088633742,113.75157519190171,114.45732193086486,12614600
2025-04-03,108.6953125,111.61499121543217,108.50195902913613,110.57087214642034,21204600
2025-04-04,100.87403869628906,107.14845970677571,100.38098514613496,106.22034979500326,30841300
2025-04-07,99.52054595947266,102.28554319510634,95.18935915737323,97.05524879714055,35068500
2025-04-08,97.42262268066406,102.09218169236553,95.72109160523044,101.95683279718244,27147800
2025-04-09,102.28553771972656,103.03962649344882,94.87031423421479,96.06912921517139,30063300
2025-04-10,96.61053466796875,100.33264424386992,94.55129146907367,100.26496979252488,33999300
2025-04-11,99.71389770507812,100.47765639175616,95.50839736153934,96.96824028802325,22884600
2025-04-14,99.95559692382812,101.59912348087778,99.30785471171718,101.54111891739375,18020000
2025-04-15,99.67523193359375,101.90850357557473,99.57855519985425,100.19729514694143,13164900
2025-04-16,100.72901916503906,102.08250806728972,100.25529067329,100.49698617382924,13607000
2025-04-17,103.36832427978516,104.94418357822961,100.99004156891245,101.21240466274064,17916500
2025-04-21,101.8504867553711,102.1211845472586,100.66134897301362,102.10185215182162,16926500
2025-04-22,104.70250701904297,105.32124698855917,102.61425408995412,102.61425408995412,13147000
2025-04-23,103.80339050292969,105.66928013899299,102.93328518995376,105.19555162772954,14235700
2025-04-24,105.02153778076172,105.26323330786315,103.40701342995517,104.38346542471429,9849600
2025-04-25,104.96353149414062,105.14722245203477,103.85173061250485,104.54781489930159,11245800
2025-04-28,105.02153778076172,105.6209453433196,104.10309772816119,105.13755428911678,13890900
2025-04-29,104.76050567626953,105.21489442924099,103.94840490211672,104.16109813763202,9483100
2025-04-30,102.1211929321289,103.85173381631265,100.6903595215387,103.85173381631265,20379300
2025-05-01,102.2662124633789,103.36834350077051,101.49279118546954,101.60880032037669,18610300
2025-05-02,102.68192291259766,105.37924577676985,101.07706850966261,104.14176590560021,16581900
2025-05-05,99.83958435058594,101.18341825720749,99.64623088072092,101.17374837092562,19624000
2025-05-06,101.23175048828125,102.45956785771031,100.04261266304417,100.43898947946923,16303400
2025-05-07,101.13507843017578,101.7924905685492,100.61301519888258,101.50245298139889,12332200
2025-05-08,102.54656982421875,103.82272181123383,101.84081569553878,101.84081569553878,19196500
2025-05-09,103.74537658691406,104.17076303758404,102.8462690099735,103.5810254131412,10992100
2025-05-12,105.533935546875,106.77141543092235,104.72183476299273,106.60705687135206,14244600
2025-05-13,105.82395935058594,106.8390834251025,105.39857290016582,105.68861045744525,13350800
2025-05-14,104.87651824951172,105.24389276693061,104.34478518065134,105.24389276693061,15494900
2025-05-15,105.94002532958984,106.00832307611483,103.39348336874961,103.9008369938073,15004300
2025-05-16,105.55950164794922,106.24247907048462,104.83748843681681,106.00831644617186,14042500
2025-05-19,103.8813247680664,104.95457824251392,103.14956002041183,104.95457824251392,16802700
2025-05-20,102.39826965332031,104.12523849609568,102.23240477623206,103.80326024488056,12429300
2025-05-21,101.1396484375,102.41779514644696,101.12013054233822,101.98849077963902,16716100
2025-05-22,100.46642303466797,100.95426620182172,99.41268000708081,100.55423123168556,13417400
2025-05-23,100.52495574951172,100.9542600926748,99.58829781852495,100.10541035339202,12061600
2025-05-27,101.00303649902344,101.33477369213719,100.39811579306146,100.97376710278596,13043600
2025-05-28,99.62732696533203,101.89091884442455,99.31510765248808,101.75432336029878,14292400
2025-05-29,100.19322967529297,100.3493356142531,99.27608216075384,99.79319471464648,13825300
2025-05-30,99.81271362304688,99.90052181887317,98.7297012111472,99.6761181336087,28645800
2025-06-02,100.54447174072266,101.32501627982484,99.73465036104437,101.22744914292399,17290500
2025-06-03,101.27623748779297,102.11532827288845,99.72489245250419,100.39811835875173,19194300
2025-06-04,99.81271362304688,102.36900702015761,99.81271362304688,101.39332069908734,15648500
2025-06-05,99.35413360595703,100.54447203374446,99.25656646877184,100.47617429332529,13924800
2025-06-06,101.73480987548828,101.95922100564745,100.18347219115182,100.26152888371986,15487800
2025-06-09,102.41779327392578,103.27639454794776,101.3055114747103,101.79335463029238,17087300
2025-06-10,104.61308288574219,105.03262827889746,103.35444670627638,103.5008011353111,17634800
2025-06-11,106.65226745605469,106.73032414687151,103.87156297979323,105.13995815193145,22648200
2025-06-12,107.06205749511719,107.51087228526457,105.58876914570386,106.27174655595084,17469400
2025-06-13,109.39395141601562,109.7939789310429,107.9889607519484,109.6183550980345,28540200
2025-06-16,109.74520111083984,110.40866810959282,108.42801861697882,109.1012445632726,22986100
2025-06-17,111.22824096679688,112.13562954612395,110.35988073370811,111.17945367302501,19451700
2025-06-18,110.43793487548828,112.43808732770862,110.19401330005441,111.82340763741772,17968900
2025-06-20,111.91121673583984,112.24295395193641,110.4281768205318,110.69160884881502,36273300
2025-06-23,109.02317810058594,114.10650250500248,108.45728574016194,113.86258094561266,26631100
2025-06-24,105.70584869384766,108.24263899356436,105.28631073684204,106.59372678752763,24828300
2025-06-25,105.7351303100586,106.58397265345178,105.08141481129995,105.4814497798522,17483200
2025-06-26,107.31573486328125,107.754798167935,105.91075164251828,106.29126870688073,18304800
2025-06-27,106.72057342529297,107.4230688089994,105.73513554238464,107.26696285922927,22002100
2025-06-30,105.17898559570312,106.19369279204032,105.10092890555543,105.9985585105668,19199000
2025-07-01,106.58396911621094,106.97424512421564,104.5447883263273,105.50095672984834,15536900
2025-07-02,108.34996032714844,108.65242068061183,106.18393567537696,107.32548679383102,11892200
2025-07-03,109.47200012207031,109.73543959222857,107.93042142205663,108.16458405027839,11223600
2025-07-07,108.40850067138672,109.32564813552597,107.5401404976829,108.82804605988709,15415900
2025-07-08,111.41361999511719,111.67705201847662,108.15482391107088,108.1938522559937,17913400
2025-07-09,111.03311157226562,111.49167791200713,110.51599154474258,111.15018917224378,10652100
2025-07-10,112.13562774658203,112.46735751844028,110.32085061705125,110.94528925905155,14901700
2025-07-11,112.62346649169922,112.94544474747092,111.72583690945281,112.0575666683239,11683900
2025-07-14,111.15017700195312,112.42833106496879,110.46719959720843,112.42833106496879,13220300
2025-07-15,110.16474151611328,111.28677478369188,109.86227370727693,110.89650622656659,10959300
2025-07-16,109.50127410888672,110.74039240497638,109.37443012882311,110.13546423362257,11158900
2025-07-17,108.94513702392578,109.50127792325922,108.38898868069654,108.77926469374889,13151400
2025-07-18,105.14971160888672,109.01343599324838,104.73016619282146,108.40850779402297,32366600
2025-07-21,105.42290496826172,106.1253928332359,104.82773574513018,104.9838416782704,17010400
2025-07-22,105.90099334716797,106.7791125179861,104.99360477797187,105.35461139372372,13970900
2025-07-23,107.25719451904297,107.32549226181739,106.20345153575562,106.28150822575371,12002700
2025-07-24,108.0962905883789,108.25239653207791,106.47664768961259,106.99376770309911,15647200
2025-07-25,107.71576690673828,108.2816667362299,107.0327820437291,108.03774516598995,10548900
2025-07-28,108.73048400878906,109.38419204538687,108.1450662717625,108.30117965334179,12353000
2025-07-29,110.13546752929688,110.2525525658064,108.70121491250794,109.17929911810425,15928000
2025-07-30,109.17930603027344,109.87204245804665,108.55486735048079,109.67690816207254,12996900
2025-07-31,108.92561340332031,109.76470418191144,107.67673618231827,107.67673618231827,17233700
2025-08-01,106.9742431640625,109.80373486538052,106.21320905654085,109.2768633808127,19652000
2025-08-04,104.75944519042969,107.24744089548165,104.48624676187502,106.56446343383507,19129500
2025-08-05,104.63259887695312,105.19849872911217,103.49104766903966,104.61308842586648,21314300
2025-08-06,103.92034912109375,106.39859319785086,103.78375363562566,105.67657998163877,15321800
2025-08-07,103.37395477294922,105.43265334725811,103.31541598024319,104.53502378758755,13468300
2025-08-08,104.20330047607422,104.89603686018451,103.37396116071662,103.91059160666616,14417700
2025-08-11,103.25687408447266,104.91553767505687,102.96416524194834,104.5057512506389,13570700
2025-08-12,103.5495834350586,104.67162415904068,103.20809472181944,103.75447666300208,14109400
2025-08-13,104.98384094238281,104.98384094238281,103.16906388848864,103.42274440244574,17958700
2025-08-14,104.76919555664062,104.97408879290984,103.85205546723027,104.93506789029318,13683500
2025-08-15,104.86766815185547,105.92136685755888,104.3358939200289,104.5722430318389,19271900
2025-08-18,105.09416961669922,105.59640209792867,104.06016289296167,104.48361233533863,13040000
2025-08-19,105.78350067138672,105.82289219016042,104.53285188126867,104.58208564486281,16113600
2025-08-20,106.8765869140625,107.66440223383027,106.03953783253654,106.23648790589664,18959700
2025-08-21,107.56593322753906,107.90074987365453,106.31527690078036,106.76826810543525,12194900
2025-08-22,109.58470153808594,109.7127258590581,107.93029522926028,107.93029522926028,13586700
2025-08-25,110.03768157958984,110.21493964871304,108.85596612754429,109.21048226579067,9744900
2025-08-26,109.79148864746094,110.10661326432938,108.67870648764875,109.67332161186246,18143900
2025-08-27,111.03230285644531,111.25880221241029,109.72256302402589,109.72256302402589,15262600
2025-08-28,111.62316131591797,111.9185939536985,110.36266275262726,111.150478111266,14189800
2025-08-29,112.54883575439453,113.0412184425248,111.84965323882919,111.98751979045258,14597900
2025-09-02,112.9427490234375,113.48436549941368,111.60346744407637,112.44051655288608,15206700
2025-09-03,110.2051010131836,112.68670654900797,109.76195206928233,112.23371536045128,14920100
2025-09-04,110.68763732910156,111.40651189533574,109.68317236956777,110.40205444896604,12864400
2025-09-05,107.56593322753906,110.07708061289752,107.35912587180405,109.89982253167047,16826700
2025-09-08,108.17648315429688,108.37344075214881,106.69933497964604,108.05831610874986,15440500
2025-09-09,108.96429443359375,110.79595870253287,108.84611987931373,108.84611987931373,14899500
2025-09-10,110.7861099243164,110.84519344539693,109.1513957182256,109.46652786575879,15837600
2025-09-11,110.43159484863281,111.05199436552122,109.18094605685853,109.70287053326427,11534500
2025-09-12,110.4512939453125,111.49514289416113,110.17555331457825,111.1406267392382,11105700
2025-09-15,110.63839721679688,110.74672201775333,109.62409000162666,110.47098889283298,12880500
2025-09-16,112.93289947509766,113.56314874735921,111.06184366106196,111.23910173845827,17208000
2025-09-17,113.53359985351562,113.73054992128681,112.31249290437461,112.78517607229085,13302000
2025-09-18,112.19432830810547,113.59269344754908,111.67240382036694,113.4154353655658,14628700
2025-09-19,111.10123443603516,112.24356593009016,110.92397635982539,112.16478289329383,38746500
2025-09-22,110.31341552734375,111.08153884152429,109.8604243501585,110.7368649449766,15611500
2025-09-23,112.2140121459961,113.00182745596544,110.76641334716011,111.00275493488547,25369100
2025-09-24,112.81472778320312,113.99645083356756,112.72610249883698,112.82457754140964,14756100
2025-09-25,113.82903289794922,114.13431529140912,112.66701689858705,112.89350874101174,15012600
2025-09-26,115.4342041015625,116.55683608287912,114.15400604622617,114.1933975647311,18568900
2025-09-29,112.47990417480469,114.72516806443159,111.93828020442817,114.29186888813037,19189300
2025-09-30,111.03230285644531,111.76102717505447,110.23464525787536,111.62316061513285,18076200
2025-10-01,110.28387451171875,111.29818166673253,109.59454174030076,110.8451904864916,16614000
2025-10-02,109.59454345703125,111.36711668837108,109.33850234656653,110.26418423682554,13062600
2025-10-03,111.53453063964844,112.01706357907244,110.19524910261698,110.19524910261698,12950100
2025-10-06,112.460205078125,113.02152105262063,111.45574768124577,111.5640724757242,12036800
2025-10-07,112.51929473876953,112.76548608446156,110.03768176682227,112.33218691183123,11945000
2025-10-08,112.28295135498047,113.2578745430427,111.68225135301425,112.63746751188236,12301000
2025-10-09,111.18986511230469,113.75025365409283,111.02244928401116,112.68670521709716,10976200
2025-10-10,109.04307556152344,110.90428155817044,109.02337604623959,110.54976541469829,13811600
2025-10-13,110.53006744384766,110.58915847736117,109.62408507038785,109.84073466255515,10296500
2025-10-14,110.57930755615234,111.2390985703282,109.02337642256091,109.07261769777679,11167200
2025-10-15,109.90966796875,111.83980727002569,109.27941870764626,111.08154121041032,12182900
2025-10-16,108.9544448852539,110.48083428335909,108.7082535315701,110.17555189583973,11782200
2025-10-17,110.53006744384766,111.18986597812913,109.48621851412935,109.92935994307969,13460100
2025-10-20,110.9830551147461,111.42620404282175,110.27403035351949,110.29372235529097,9523600
2025-10-21,110.99291229248047,111.63301133371802,110.28387997068897,111.17017037292834,9202300
2025-10-22,112.96244049072266,113.42528144049153,111.35727555995079,111.72163395713265,12938800
2025-10-23,114.21309661865234,115.06983772488677,113.60253935404117,114.85318813056784,15001100
2025-10-24,113.632080078125,114.69562852426475,113.42528024356957,114.57745397030573,9919400
2025-10-27,114.1737060546875,114.22293981815812,113.34649918884276,113.93735694263816,10975400
2025-10-28,113.2775650024414,114.41004673749381,113.23817348408193,113.73055619382959,9535200
2025-10-29,114.67593383789062,115.26679911940428,113.06091909825868,113.16924389899191,12570600
2025-10-30,112.9427490234375,114.74486404159735,112.78518294908257,114.65623875964566,16172900
2025-10-31,112.6177749633789,113.47452359060154,110.90428522209764,112.24356680542397,20213400
2025-11-03,112.02691650390625,113.23817376552417,111.90874194853409,112.75564081245807,12290300
2025-11-04,112.40113067626953,112.60793052436773,110.79596565731816,111.65270681184438,16860700
2025-11-05,111.94813537597656,113.4252835340798,111.93828561790328,112.3518852990128,12400900
2025-11-06,112.7556381225586,113.18893730208913,111.90873927883824,111.90873927883824,14219700
2025-11-07,115.4342041015625,115.71978697585025,113.14954862042434,113.45482349738259,17181100
2025-11-10,116.4189682006836,116.64546003805616,113.70101356006596,115.650852381483,13048000
2025-11-11,117.9552001953125,118.96950737055927,117.01967605641752,117.01967605641752,16077100
2025-11-12,116.32048797607422,117.46281189614037,115.9955136014661,117.285553829369,13790900
2025-11-13,116.98028564453125,117.93550930812972,116.47805317449375,116.82271957033755,17291900
2025-11-14,118.50015258789062,118.68889697657293,115.88756919075867,117.66571049271275,17064300
2025-11-17,116.90081024169922,118.70875924248826,116.33458466394876,118.18226972374043,16034900
2025-11-18,118.24187469482422,118.68889969210812,115.70876335906323,116.48359759303432,15808500
2025-11-19,116.572998046875,117.39750425129373,115.16240200147725,116.07630865802689,15919200
2025-11-20,116.24517822265625,118.22200739590019,115.96703338472082,117.1988284939755,14401000
2025-11-21,116.3047866821289,116.60279576188553,114.88425475654147,116.215378652987,15667600
2025-11-24,115.20213317871094,116.42398477931181,113.98027399923178,116.42398477931181,18034900
2025-11-25,113.75180053710938,115.13259636601772,113.4339196465451,114.41736246752856,14434600
2025-11-26,114.01007843017578,114.97365705250216,113.55312510411062,113.65246904450274,11650600
2025-11-28,115.1524658203125,117.95379366366068,114.05975068319684,114.1888871955968,7240800
2025-12-01,115.8577651977539,116.6326070178609,115.33127565327204,115.33127565327204,12658100
2025-12-02,114.61603546142578,115.82795872805552,113.93060928943486,115.66902207182511,14607700
2025-12-03,117.02001953125,117.19882800902268,115.11272657538204,115.18226278457817,16819100
2025-12-04,116.36438751220703,117.55643899441883,115.8875699508737,116.72200447264626,13686900
2025-12-05,115.76836395263672,117.99353029817301,115.63922743960852,115.97697258701088,12516900
2025-12-08,115.21207427978516,116.22531730103631,114.2782958010143,115.06306594695681,14904200
2025-12-09,117.467041015625,119.67234312511398,116.11604526528723,116.12598117519698,23790800
2025-12-10,118.74849700927734,119.07631381660484,117.58624568752907,117.94386264481753,19845200
2025-12-11,118.74849700927734,119.5630672833503,118.28160778287973,118.32134384245383,14781800
2025-12-12,118.03326416015625,119.12597928223312,117.52663886961135,118.64916172079668,14459500
2025-12-15,116.98028564453125,118.24187334305759,116.07630732931369,118.22200910243764,16358700
2025-12-16,113.9206771850586,116.0663713785457,113.85114097459555,115.99683516808265,17638700
2025-12-17,116.63260650634766,116.84121514123433,114.40743257646578,114.44716863723637,18502200
2025-12-18,115.76836395263672,116.2153813721701,114.86438562480342,116.2153813721701,13705600
2025-12-19,115.91736602783203,116.79153657881096,115.1921962227349,115.97696632618475,45412800
2025-12-22,117.3676986694336,117.67564365102822,116.56305674309674,116.56305674309674,11768600
2025-12-23,118.62928771972656,119.23524935952017,117.53657261774538,117.68558094503335,12567600
2025-12-24,118.43061828613281,119.2551244849581,118.33128192481281,118.53989055724838,6137400
2025-12-26,118.32134246826172,118.758431539622,117.74518097944652,118.10279793258158,8066100
2025-12-29,119.73194122314453,120.49684711566579,118.60942594811912,119.35446002118661,14782500
2025-12-30,120.18889617919922,120.99353814268906,119.83127921295453,120.29816845104502,11150500
2025-12-31,119.54319763183594,120.45711186085562,119.07631597585063,120.37763974026633,10559900
2026-01-02,121.83790588378906,121.86770603383496,118.81803355745646,119.29485111594778,14175100
2026-01-05,124.52996063232422,125.09618621633267,121.57962453395653,124.38095230413707,30112200
2026-01-06,120.24850463867188,124.96705385497772,120.19883266800142,124.52002885557945,23328600
2026-01-07,117.7054443359375,119.32465652650383,117.48689980134242,119.00677563405961,20353000
2026-01-08,122.09618377685547,122.81141009874412,117.87432415932456,118.19220505090117,20232700
2026-01-09,123.78492736816406,124.0332720571173,122.28492332480052,122.4140674135384,16137700
2026-01-12,123.2087631225586,123.67565233999679,121.74849517146582,123.6359162811852,15314900
2026-01-13,125.7021484375,126.29817417410949,123.98359985841621,124.17234424691262,21619700
2026-01-14,129.33790588378906,130.8478457773565,126.2882335266516,126.5067780569478,27593900
2026-01-15,128.27500915527344,129.337916588086,127.45050293323732,128.27500915527344,17400000
2026-01-16,129.02996826171875,129.29818477469024,128.0167176687486,128.0564613080259,16592400
2026-01-20,129.59620666503906,131.0664030646928,129.20878953412497,130.6392422928985,16477300
2026-01-21,132.725341796875,132.84454240214342,131.0366008719565,131.0366008719565,18879900
2026-01-22,132.75514221191406,133.29156009444506,130.9770008295119,132.1690523578367,16600100
2026-01-23,134.0763397216797,135.07964686690326,133.58957864608686,134.1955403288625,17758200
2026-01-26,133.9471893310547,136.03329080527234,133.28162737596318,136.02334731663586,16056100
2026-01-27,135.92401123046875,136.02334000719668,133.81805320765937,134.35447104370763,14517000
2026-01-28,136.66905212402344,137.09619771667622,135.7650738112262,136.77832439433692,15637300
2026-01-29,139.57965087890625,141.3975359167848,138.18892661057401,139.39092163787078,35760600
2026-01-30,140.4637451171875,141.2683946138898,136.9173909644709,137.82136923864124,29657700
2026-02-02,137.48361206054688,139.39091258721533,137.14586692556136,138.9041515460256,27735600
2026-02-03,142.7783203125,144.04984387155233,137.39420942637852,137.7220262255062,37577800
2026-02-04,146.61276245117188,146.86110713253416,143.16573706124296,143.16573706124296,29426200
2026-02-05,145.11277770996094,145.75846787035985,142.84787524629766,145.60946711265478,18431700
2026-02-06,148.0631103515625,148.57967156189628,145.12270249015177,145.64919203150373,17216000
2026-02-09,150.20880126953125,150.54654639275728,147.64588238117187,148.27170066061862,21297300
2026-02-10,150.58628845214844,150.77503284913647,148.82801889209236,150.34788724143306,15800300
2026-02-11,154.52999877929688,155.89092284145423,152.55318473124476,152.95053017548196,23091500
2026-02-12,149.92999267578125,155.25,149.8800048828125,153.88999938964844,30652500
2026-02-13,148.4499969482422,151.66000366210938,147.97999572753906,150.5500030517578,20166000
2026-02-17,146.19000244140625,149.1300048828125,145.14999389648438,148.1999969482422,19766600
2026-02-18,150.67999267578125,150.97999572753906,147.61000061035156,148.14999389648438,19849700
2026-02-19,150.97000122070312,153.3800048828125,150.83999633789062,152.1999969482422,20305000
2026-02-20,147.27999877929688,150.80999755859375,146.4600067138672,150.49000549316406,25908600
2026-02-23,150.75999450683594,151.27000427246094,148.1300048828125,148.14999389648438,16073100
2026-02-24,149.25999450683594,150.72000122070312,148.02999877929688,150.4199981689453,14185500
2026-02-25,149.05999755859375,150.17999267578125,147.3300018310547,149.91000366210938,15225700
2026-02-26,148.5399932861328,150.9600067138672,146.77000427246094,147.80999755859375,15632100
2026-02-27,152.5,153.64999389648438,149.25,151.0,30275100
2026-03-02,154.22000122070312,159.61000061035156,153.02999877929688,159.35000610351562,31493100
2026-03-03,151.8300018310547,156.0500030517578,150.3000030517578,155.42999267578125,25198900
2026-03-04,149.82000732421875,151.16000366210938,147.86000061035156,150.72000122070312,16764800
2026-03-05,150.75999450683594,152.3300018310547,149.47000122070312,151.0,22969300
2026-03-06,151.2100067138672,153.8000030517578,149.9600067138672,153.14999389648438,21136400
2026-03-09,150.44000244140625,153.88999938964844,149.47000122070312,152.02000427246094,25532700
2026-03-10,148.1300048828125,150.39999389648438,147.6999969482422,149.25,19617600
2026-03-11,151.5800018310547,151.80999755859375,147.66000366210938,147.99000549316406,15297400
2026-03-12,153.52999877929688,155.0,151.6300048828125,152.27000427246094,26054000
2026-03-13,156.1199951171875,156.88999938964844,153.0,154.3000030517578,17491781
